*************************Generated by extractMotion.sh**********************
*      Thu May  8 17:05:42 MDT 2025 - Case: pitch/mesh_3x
* Note: Data was extracted from log.overInterDyMFoam using extractMotion.sh
*       Can be visualized with plotMotion.py                            
****************************************************************************
Time X(x3) Orientation(x9) dX(x3) dX_angular(x3)
0.01 17.0729 0 -0.286 1 0 0.000103184 0 1 0 -0.000103184 0 1  -0 -0 -0 0 0.0206368 0
0.02 17.0729 0 -0.286 1 0 0.00030484 0 1 0 -0.00030484 0 1  0 0 0 0 0.0364659 0
0.03 17.0729 0 -0.286 1 0 0.000531417 0 1 0 -0.000531417 0 1  0 0 0 0 0.0292895 0
0.04 17.0729 0 -0.286 1 0 0.000918947 0 1 0 -0.000918947 0 1  0 0 0 0 0.0417262 0
0.05 17.0729 0 -0.286 0.999999 0 0.00143007 0 1 0 -0.00143007 0 0.999999  0 0 0 0 0.0567811 0
0.06 17.0729 0 -0.286 0.999998 0 0.00199446 0 1 0 -0.00199446 0 0.999998  0 0 0 0 0.0616705 0
0.07 17.0729 0 -0.286 0.999996 0 0.00267688 0 1 0 -0.00267688 0 0.999996  0 0 0 0 0.0726065 0
0.08 17.0729 0 -0.286 0.999994 0 0.00345718 0 1 0 -0.00345718 0 0.999994  0 0 0 0 0.0830719 0
0.09 17.0729 0 -0.286 0.999991 0 0.00431722 0 1 0 -0.00431722 0 0.999991  0 0 0 0 0.0906695 0
0.1 17.0729 0 -0.286 0.999986 0 0.00528254 0 1 0 -0.00528254 0 0.999986  0 0 0 0 0.101081 0
0.11 17.0729 0 -0.286 0.99998 0 0.00633328 0 1 0 -0.00633328 0 0.99998  0 0 0 0 0.109757 0
0.12 17.0729 0 -0.286 0.999972 0 0.0074784 0 1 0 -0.0074784 0 0.999972  0 0 0 0 0.119044 0
0.13 17.0729 0 -0.286 0.999962 0 0.00871403 0 1 0 -0.00871403 0 0.999962  0 0 0 0 0.128152 0
0.14 17.0729 0 -0.286 0.99995 0 0.0100338 0 1 0 -0.0100338 0 0.99995  0 0 0 0 0.136255 0
0.15 17.0729 0 -0.286 0.999934 0 0.0114471 0 1 0 -0.0114471 0 0.999934  0 0 0 0 0.145571 0
0.16 17.0729 0 -0.286 0.999916 0 0.0129485 0 1 0 -0.0129485 0 0.999916  0 0 0 0 0.154601 0
0.17 17.0729 0 -0.286 0.999895 0 0.014523 0 1 0 -0.014523 0 0.999895  0 0 0 0 0.161574 0
0.18 17.0729 0 -0.286 0.999869 0 0.0161915 0 1 0 -0.0161915 0 0.999869  0 0 0 0 0.170959 0
0.19 17.0729 0 -0.286 0.999839 0 0.0179316 0 1 0 -0.0179316 0 0.999839  0 0 0 0 0.178147 0
0.2 17.0729 0 -0.286 0.999805 0 0.0197598 0 1 0 -0.0197598 0 0.999805  0 0 0 0 0.186832 0
0.21 17.0729 0 -0.286 0.999765 0 0.021659 0 1 0 -0.021659 0 0.999765  0 0 0 0 0.193888 0
0.22 17.0729 0 -0.286 0.99972 0 0.0236422 0 1 0 -0.0236422 0 0.99972  0 0 0 0 0.202243 0
0.23 17.0729 0 -0.286 0.99967 0 0.0256949 0 1 0 -0.0256949 0 0.99967  0 0 0 0 0.209083 0
0.24 17.0729 0 -0.286 0.999613 0 0.027815 0 1 0 -0.027815 0 0.999613  0 0 0 0 0.21553 0
0.25 17.0729 0 -0.286 0.99955 0 0.0300072 0 1 0 -0.0300072 0 0.99955  0 0 0 0 0.222764 0
0.26 17.0729 0 -0.286 0.999479 0 0.0322614 0 1 0 -0.0322614 0 0.999479  0 0 0 0 0.228793 0
0.27 17.0729 0 -0.286 0.999402 0 0.034568 0 1 0 -0.034568 0 0.999402  0 0 0 0 0.233808 0
0.28 17.0729 0 -0.286 0.999317 0 0.0369656 0 1 0 -0.0369656 0 0.999317  0 0 0 0 0.243523 0
0.29 17.0729 0 -0.286 0.999223 0 0.0394127 0 1 0 -0.0394127 0 0.999223  0 0 0 0 0.248491 0
0.3 17.0729 0 -0.286 0.999121 0 0.0419168 0 1 0 -0.0419168 0 0.999121  0 0 0 0 0.253448 0
0.31 17.0729 0 -0.286 0.99901 0 0.0444917 0 1 0 -0.0444917 0 0.99901  0 0 0 0 0.260396 0
0.32 17.0729 0 -0.286 0.998889 0 0.0471305 0 1 0 -0.0471305 0 0.998889  0 0 0 0 0.267109 0
0.33 17.0729 0 -0.286 0.998758 0 0.0498146 0 1 0 -0.0498146 0 0.998758  0 0 0 0 0.271731 0
0.34 17.0729 0 -0.286 0.998618 0 0.0525607 0 1 0 -0.0525607 0 0.998618  0 0 0 0 0.277813 0
0.35 17.0729 0 -0.286 0.998467 0 0.0553549 0 1 0 -0.0553549 0 0.998467  0 0 0 0 0.282599 0
0.36 17.0729 0 -0.286 0.998305 0 0.0581978 0 1 0 -0.0581978 0 0.998305  0 0 0 0 0.287293 0
0.37 17.0729 0 -0.286 0.998132 0 0.0610893 0 1 0 -0.0610893 0 0.998132  0 0 0 0 0.292102 0
0.38 17.0729 0 -0.286 0.997949 0 0.0640213 0 1 0 -0.0640213 0 0.997949  0 0 0 0 0.296108 0
0.39 17.0729 0 -0.286 0.997754 0 0.0669897 0 1 0 -0.0669897 0 0.997754  0 0 0 0 0.299536 0
0.4 17.0729 0 -0.286 0.997547 0 0.0700006 0 1 0 -0.0700006 0 0.997547  0 0 0 0 0.303768 0
0.41 17.0729 0 -0.286 0.997328 0 0.0730494 0 1 0 -0.0730494 0 0.997328  0 0 0 0 0.307672 0
0.42 17.0729 0 -0.286 0.997098 0 0.0761347 0 1 0 -0.0761347 0 0.997098  0 0 0 0 0.311649 0
0.43 17.0729 0 -0.286 0.996854 0 0.0792558 0 1 0 -0.0792558 0 0.996854  0 0 0 0 0.315553 0
0.44 17.0729 0 -0.286 0.996599 0 0.0824087 0 1 0 -0.0824087 0 0.996599  0 0 0 0 0.318676 0
0.45 17.0729 0 -0.286 0.99633 0 0.0855954 0 1 0 -0.0855954 0 0.99633  0 0 0 0 0.32206 0
0.46 17.0729 0 -0.286 0.99605 0 0.0887891 0 1 0 -0.0887891 0 0.99605  0 0 0 0 0.322142 0
0.47 17.0729 0 -0.286 0.995759 0 0.0920019 0 1 0 -0.0920019 0 0.995759  0 0 0 0 0.323296 0
0.48 17.0729 0 -0.286 0.995454 0 0.095248 0 1 0 -0.095248 0 0.995454  0 0 0 0 0.32706 0
0.49 17.0729 0 -0.286 0.995137 0 0.0985023 0 1 0 -0.0985023 0 0.995137  0 0 0 0 0.328072 0
0.5 17.0729 0 -0.286 0.994808 0 0.101772 0 1 0 -0.101772 0 0.994808  0 0 0 0 0.32905 0
0.51 17.0729 0 -0.286 0.994465 0 0.105068 0 1 0 -0.105068 0 0.994465  0 0 0 0 0.332081 0
0.52 17.0729 0 -0.286 0.994111 0 0.108364 0 1 0 -0.108364 0 0.994111  0 0 0 0 0.332501 0
0.53 17.0729 0 -0.286 0.993745 0 0.111675 0 1 0 -0.111675 0 0.993745  0 0 0 0 0.333695 0
0.54 17.0729 0 -0.286 0.993367 0 0.114989 0 1 0 -0.114989 0 0.993367  0 0 0 0 0.333954 0
0.55 17.0729 0 -0.286 0.992976 0 0.118315 0 1 0 -0.118315 0 0.992976  0 0 0 0 0.335137 0
0.56 17.0729 0 -0.286 0.992573 0 0.121648 0 1 0 -0.121648 0 0.992573  0 0 0 0 0.336195 0
0.57 17.0729 0 -0.286 0.992159 0 0.12498 0 1 0 -0.12498 0 0.992159  0 0 0 0 0.336096 0
0.58 17.0729 0 -0.286 0.991732 0 0.128323 0 1 0 -0.128323 0 0.991732  0 0 0 0 0.337314 0
0.59 17.0729 0 -0.286 0.991294 0 0.131666 0 1 0 -0.131666 0 0.991294  0 0 0 0 0.3375 0
0.6 17.0729 0 -0.286 0.990845 0 0.135007 0 1 0 -0.135007 0 0.990845  0 0 0 0 0.337162 0
0.61 17.0729 0 -0.286 0.990383 0 0.138354 0 1 0 -0.138354 0 0.990383  0 0 0 0 0.337911 0
0.62 17.0729 0 -0.286 0.989911 0 0.141691 0 1 0 -0.141691 0 0.989911  0 0 0 0 0.337016 0
0.63 17.0729 0 -0.286 0.989428 0 0.145026 0 1 0 -0.145026 0 0.989428  0 0 0 0 0.336842 0
0.64 17.0729 0 -0.286 0.988933 0 0.148362 0 1 0 -0.148362 0 0.988933  0 0 0 0 0.337233 0
0.65 17.0729 0 -0.286 0.98843 0 0.15168 0 1 0 -0.15168 0 0.98843  0 0 0 0 0.335398 0
0.66 17.0729 0 -0.286 0.987915 0 0.154998 0 1 0 -0.154998 0 0.987915  0 0 0 0 0.335303 0
0.67 17.0729 0 -0.286 0.987388 0 0.158319 0 1 0 -0.158319 0 0.987388  0 0 0 0 0.336256 0
0.68 17.0729 0 -0.286 0.986852 0 0.161626 0 1 0 -0.161626 0 0.986852  0 0 0 0 0.334943 0
0.69 17.0729 0 -0.286 0.986306 0 0.164923 0 1 0 -0.164923 0 0.986306  0 0 0 0 0.333619 0
0.7 17.0729 0 -0.286 0.985751 0 0.168211 0 1 0 -0.168211 0 0.985751  0 0 0 0 0.332995 0
0.71 17.0729 0 -0.286 0.985187 0 0.171482 0 1 0 -0.171482 0 0.985187  0 0 0 0 0.331342 0
0.72 17.0729 0 -0.286 0.984615 0 0.174737 0 1 0 -0.174737 0 0.984615  0 0 0 0 0.329685 0
0.73 17.0729 0 -0.286 0.984034 0 0.177983 0 1 0 -0.177983 0 0.984034  0 0 0 0 0.329194 0
0.74 17.0729 0 -0.286 0.983444 0 0.181213 0 1 0 -0.181213 0 0.983444  0 0 0 0 0.327779 0
0.75 17.0729 0 -0.286 0.982846 0 0.184426 0 1 0 -0.184426 0 0.982846  0 0 0 0 0.326094 0
0.76 17.0729 0 -0.286 0.982241 0 0.187625 0 1 0 -0.187625 0 0.982241  0 0 0 0 0.324936 0
0.77 17.0729 0 -0.286 0.981628 0 0.190802 0 1 0 -0.190802 0 0.981628  0 0 0 0 0.322736 0
0.78 17.0729 0 -0.286 0.981011 0 0.193954 0 1 0 -0.193954 0 0.981011  0 0 0 0 0.320039 0
0.79 17.0729 0 -0.286 0.980385 0 0.197094 0 1 0 -0.197094 0 0.980385  0 0 0 0 0.319142 0
0.8 17.0729 0 -0.286 0.979755 0 0.200198 0 1 0 -0.200198 0 0.979755  0 0 0 0 0.315622 0
0.81 17.0729 0 -0.286 0.979118 0 0.203292 0 1 0 -0.203292 0 0.979118  0 0 0 0 0.314823 0
0.82 17.0729 0 -0.286 0.978476 0 0.206359 0 1 0 -0.206359 0 0.978476  0 0 0 0 0.312456 0
0.83 17.0729 0 -0.286 0.977831 0 0.209397 0 1 0 -0.209397 0 0.977831  0 0 0 0 0.309394 0
0.84 17.0729 0 -0.286 0.977179 0 0.212418 0 1 0 -0.212418 0 0.977179  0 0 0 0 0.307811 0
0.85 17.0729 0 -0.286 0.976525 0 0.215404 0 1 0 -0.215404 0 0.976525  0 0 0 0 0.304526 0
0.86 17.0729 0 -0.286 0.975867 0 0.218366 0 1 0 -0.218366 0 0.975867  0 0 0 0 0.302075 0
0.87 17.0729 0 -0.286 0.975206 0 0.221301 0 1 0 -0.221301 0 0.975206  0 0 0 0 0.299476 0
0.88 17.0729 0 -0.286 0.974541 0 0.224208 0 1 0 -0.224208 0 0.974541  0 0 0 0 0.296866 0
0.89 17.0729 0 -0.286 0.973875 0 0.227087 0 1 0 -0.227087 0 0.973875  0 0 0 0 0.294105 0
0.9 17.0729 0 -0.286 0.973205 0 0.229938 0 1 0 -0.229938 0 0.973205  0 0 0 0 0.291568 0
0.91 17.0729 0 -0.286 0.972532 0 0.232769 0 1 0 -0.232769 0 0.972532  0 0 0 0 0.289827 0
0.92 17.0729 0 -0.286 0.971859 0 0.235562 0 1 0 -0.235562 0 0.971859  0 0 0 0 0.285897 0
0.93 17.0729 0 -0.286 0.971186 0 0.238323 0 1 0 -0.238323 0 0.971186  0 0 0 0 0.282541 0
0.94 17.0729 0 -0.286 0.970511 0 0.241056 0 1 0 -0.241056 0 0.970511  0 0 0 0 0.279867 0
0.95 17.0729 0 -0.286 0.969837 0 0.243754 0 1 0 -0.243754 0 0.969837  0 0 0 0 0.276451 0
0.96 17.0729 0 -0.286 0.969162 0 0.246423 0 1 0 -0.246423 0 0.969162  0 0 0 0 0.273722 0
0.97 17.0729 0 -0.286 0.968489 0 0.249057 0 1 0 -0.249057 0 0.968489  0 0 0 0 0.270269 0
0.98 17.0729 0 -0.286 0.967816 0 0.251658 0 1 0 -0.251658 0 0.967816  0 0 0 0 0.266982 0
0.99 17.0729 0 -0.286 0.967145 0 0.254225 0 1 0 -0.254225 0 0.967145  0 0 0 0 0.26366 0
1 17.0729 0 -0.286 0.966476 0 0.256756 0 1 0 -0.256756 0 0.966476  0 0 0 0 0.260129 0
1.01 17.0729 0 -0.286 0.965809 0 0.259253 0 1 0 -0.259253 0 0.965809  0 0 0 0 0.256702 0
1.02 17.0729 0 -0.286 0.965146 0 0.261712 0 1 0 -0.261712 0 0.965146  0 0 0 0 0.252808 0
1.03 17.0729 0 -0.286 0.964486 0 0.264135 0 1 0 -0.264135 0 0.964486  0 0 0 0 0.249355 0
1.04 17.0729 0 -0.286 0.96383 0 0.266518 0 1 0 -0.266518 0 0.96383  0 0 0 0 0.245259 0
1.05 17.0729 0 -0.286 0.963177 0 0.268868 0 1 0 -0.268868 0 0.963177  0 0 0 0 0.242047 0
1.06 17.0729 0 -0.286 0.96253 0 0.271177 0 1 0 -0.271177 0 0.96253  0 0 0 0 0.237929 0
1.07 17.0729 0 -0.286 0.961887 0 0.273447 0 1 0 -0.273447 0 0.961887  0 0 0 0 0.234045 0
1.08 17.0729 0 -0.286 0.961249 0 0.275681 0 1 0 -0.275681 0 0.961249  0 0 0 0 0.230342 0
1.09 17.0729 0 -0.286 0.960618 0 0.277874 0 1 0 -0.277874 0 0.960618  0 0 0 0 0.22625 0
1.1 17.0729 0 -0.286 0.959992 0 0.280027 0 1 0 -0.280027 0 0.959992  0 0 0 0 0.222225 0
1.11 17.0729 0 -0.286 0.959373 0 0.282141 0 1 0 -0.282141 0 0.959373  0 0 0 0 0.21831 0
1.12 17.0729 0 -0.286 0.958761 0 0.284213 0 1 0 -0.284213 0 0.958761  0 0 0 0 0.213923 0
1.13 17.0729 0 -0.286 0.958157 0 0.286244 0 1 0 -0.286244 0 0.958157  0 0 0 0 0.209733 0
1.14 17.0729 0 -0.286 0.957559 0 0.288236 0 1 0 -0.288236 0 0.957559  0 0 0 0 0.20597 0
1.15 17.0729 0 -0.286 0.956971 0 0.290185 0 1 0 -0.290185 0 0.956971  0 0 0 0 0.20148 0
1.16 17.0729 0 -0.286 0.95639 0 0.292093 0 1 0 -0.292093 0 0.95639  0 0 0 0 0.197272 0
1.17 17.0729 0 -0.286 0.955818 0 0.293959 0 1 0 -0.293959 0 0.955818  0 0 0 0 0.193115 0
1.18 17.0729 0 -0.286 0.955256 0 0.29578 0 1 0 -0.29578 0 0.955256  0 0 0 0 0.188245 0
1.19 17.0729 0 -0.286 0.954704 0 0.297559 0 1 0 -0.297559 0 0.954704  0 0 0 0 0.184015 0
1.2 17.0729 0 -0.286 0.954161 0 0.299294 0 1 0 -0.299294 0 0.954161  0 0 0 0 0.179584 0
1.21 17.0729 0 -0.286 0.953629 0 0.300984 0 1 0 -0.300984 0 0.953629  0 0 0 0 0.174894 0
1.22 17.0729 0 -0.286 0.953108 0 0.30263 0 1 0 -0.30263 0 0.953108  0 0 0 0 0.170417 0
1.23 17.0729 0 -0.286 0.952598 0 0.30423 0 1 0 -0.30423 0 0.952598  0 0 0 0 0.165599 0
1.24 17.0729 0 -0.286 0.952102 0 0.305781 0 1 0 -0.305781 0 0.952102  0 0 0 0 0.160367 0
1.25 17.0729 0 -0.286 0.951614 0 0.307295 0 1 0 -0.307295 0 0.951614  0 0 0 0 0.156617 0
1.26 17.0729 0 -0.286 0.95114 0 0.30876 0 1 0 -0.30876 0 0.95114  0 0 0 0 0.151773 0
1.27 17.0729 0 -0.286 0.950677 0 0.310183 0 1 0 -0.310183 0 0.950677  0 0 0 0 0.147338 0
1.28 17.0729 0 -0.286 0.950226 0 0.311562 0 1 0 -0.311562 0 0.950226  0 0 0 0 0.14282 0
1.29 17.0729 0 -0.286 0.949787 0 0.312896 0 1 0 -0.312896 0 0.949787  0 0 0 0 0.138146 0
1.3 17.0729 0 -0.286 0.949362 0 0.314184 0 1 0 -0.314184 0 0.949362  0 0 0 0 0.133244 0
1.31 17.0729 0 -0.286 0.948949 0 0.315429 0 1 0 -0.315429 0 0.948949  0 0 0 0 0.128785 0
1.32 17.0729 0 -0.286 0.948549 0 0.316629 0 1 0 -0.316629 0 0.948549  0 0 0 0 0.124275 0
1.33 17.0729 0 -0.286 0.948164 0 0.317781 0 1 0 -0.317781 0 0.948164  0 0 0 0 0.118846 0
1.34 17.0729 0 -0.286 0.947793 0 0.318885 0 1 0 -0.318885 0 0.947793  0 0 0 0 0.113862 0
1.35 17.0729 0 -0.286 0.947435 0 0.319949 0 1 0 -0.319949 0 0.947435  0 0 0 0 0.109994 0
1.36 17.0729 0 -0.286 0.947092 0 0.320961 0 1 0 -0.320961 0 0.947092  0 0 0 0 0.104527 0
1.37 17.0729 0 -0.286 0.946763 0 0.32193 0 1 0 -0.32193 0 0.946763  0 0 0 0 0.0998268 0
1.38 17.0729 0 -0.286 0.946448 0 0.322857 0 1 0 -0.322857 0 0.946448  0 0 0 0 0.0955753 0
1.39 17.0729 0 -0.286 0.946148 0 0.323734 0 1 0 -0.323734 0 0.946148  0 0 0 0 0.0902665 0
1.4 17.0729 0 -0.286 0.945862 0 0.324569 0 1 0 -0.324569 0 0.945862  0 0 0 0 0.0858494 0
1.41 17.0729 0 -0.286 0.945593 0 0.325351 0 1 0 -0.325351 0 0.945593  0 0 0 0 0.0801966 0
1.42 17.0729 0 -0.286 0.945338 0 0.326092 0 1 0 -0.326092 0 0.945338  0 0 0 0 0.0758355 0
1.43 17.0729 0 -0.286 0.945098 0 0.326786 0 1 0 -0.326786 0 0.945098  0 0 0 0 0.0710583 0
1.44 17.0729 0 -0.286 0.944874 0 0.327435 0 1 0 -0.327435 0 0.944874  0 0 0 0 0.0662648 0
1.45 17.0729 0 -0.286 0.944664 0 0.328039 0 1 0 -0.328039 0 0.944664  0 0 0 0 0.061554 0
1.46 17.0729 0 -0.286 0.944469 0 0.328601 0 1 0 -0.328601 0 0.944469  0 0 0 0 0.0571363 0
1.47 17.0729 0 -0.286 0.944289 0 0.329117 0 1 0 -0.329117 0 0.944289  0 0 0 0 0.0523311 0
1.48 17.0729 0 -0.286 0.944124 0 0.329591 0 1 0 -0.329591 0 0.944124  0 0 0 0 0.0478583 0
1.49 17.0729 0 -0.286 0.943973 0 0.330021 0 1 0 -0.330021 0 0.943973  0 0 0 0 0.043314 0
1.5 17.0729 0 -0.286 0.943838 0 0.330408 0 1 0 -0.330408 0 0.943838  0 0 0 0 0.0387177 0
1.51 17.0729 0 -0.286 0.943718 0 0.330752 0 1 0 -0.330752 0 0.943718  0 0 0 0 0.0341399 0
1.52 17.0729 0 -0.286 0.943612 0 0.331054 0 1 0 -0.331054 0 0.943612  0 0 0 0 0.029659 0
1.53 17.0729 0 -0.286 0.943521 0 0.331313 0 1 0 -0.331313 0 0.943521  0 0 0 0 0.0252218 0
1.54 17.0729 0 -0.286 0.943445 0 0.33153 0 1 0 -0.33153 0 0.943445  0 0 0 0 0.0207297 0
1.55 17.0729 0 -0.286 0.943383 0 0.331705 0 1 0 -0.331705 0 0.943383  0 0 0 0 0.0163055 0
1.56 17.0729 0 -0.286 0.943336 0 0.331839 0 1 0 -0.331839 0 0.943336  0 0 0 0 0.0119819 0
1.57 17.0729 0 -0.286 0.943304 0 0.331931 0 1 0 -0.331931 0 0.943304  0 0 0 0 0.00758273 0
1.58 17.0729 0 -0.286 0.943286 0 0.331982 0 1 0 -0.331982 0 0.943286  0 0 0 0 0.00323002 0
1.59 17.0729 0 -0.286 0.943282 0 0.331994 0 1 0 -0.331994 0 0.943282  0 0 0 0 -0.000975994 0
1.6 17.0729 0 -0.286 0.943292 0 0.331965 0 1 0 -0.331965 0 0.943292  0 0 0 0 -0.00520252 0
1.61 17.0729 0 -0.286 0.943316 0 0.331896 0 1 0 -0.331896 0 0.943316  0 0 0 0 -0.00937033 0
1.62 17.0729 0 -0.286 0.943354 0 0.331789 0 1 0 -0.331789 0 0.943354  0 0 0 0 -0.0134871 0
1.63 17.0729 0 -0.286 0.943405 0 0.331643 0 1 0 -0.331643 0 0.943405  0 0 0 0 -0.0174795 0
1.64 17.0729 0 -0.286 0.94347 0 0.331459 0 1 0 -0.331459 0 0.94347  0 0 0 0 -0.0215719 0
1.65 17.0729 0 -0.286 0.943548 0 0.331237 0 1 0 -0.331237 0 0.943548  0 0 0 0 -0.0255603 0
1.66 17.0729 0 -0.286 0.943639 0 0.330977 0 1 0 -0.330977 0 0.943639  0 0 0 -0 -0.0295181 0
1.67 17.0729 0 -0.286 0.943743 0 0.330681 0 1 0 -0.330681 0 0.943743  0 0 0 0 -0.0334423 0
1.68 17.0729 0 -0.286 0.94386 0 0.330347 0 1 0 -0.330347 0 0.94386  0 0 0 0 -0.0373131 0
1.69 17.0729 0 -0.286 0.943989 0 0.329977 0 1 0 -0.329977 0 0.943989  0 0 0 0 -0.0411402 0
1.7 17.0729 0 -0.286 0.944131 0 0.329572 0 1 0 -0.329572 0 0.944131  0 0 0 -0 -0.0448482 0
1.71 17.0729 0 -0.286 0.944284 0 0.329131 0 1 0 -0.329131 0 0.944284  0 0 0 0 -0.0485185 0
1.72 17.0729 0 -0.286 0.944449 0 0.328657 0 1 0 -0.328657 0 0.944449  0 0 0 -0 -0.0520299 0
1.73 17.0729 0 -0.286 0.944626 0 0.328148 0 1 0 -0.328148 0 0.944626  0 0 0 0 -0.0556738 0
1.74 17.0729 0 -0.286 0.944815 0 0.327605 0 1 0 -0.327605 0 0.944815  0 0 0 0 -0.0593246 0
1.75 17.0729 0 -0.286 0.945014 0 0.327031 0 1 0 -0.327031 0 0.945014  0 0 0 0 -0.062528 0
1.76 17.0729 0 -0.286 0.945225 0 0.32642 0 1 0 -0.32642 0 0.945225  0 0 0 0 -0.0664415 0
1.77 17.0729 0 -0.286 0.945447 0 0.325777 0 1 0 -0.325777 0 0.945447  0 0 0 0 -0.0698671 0
1.78 17.0729 0 -0.286 0.945679 0 0.325101 0 1 0 -0.325101 0 0.945679  0 0 0 0 -0.0731954 0
1.79 17.0729 0 -0.286 0.945923 0 0.324392 0 1 0 -0.324392 0 0.945923  0 0 0 0 -0.0766912 0
1.8 17.0729 0 -0.286 0.946176 0 0.323652 0 1 0 -0.323652 0 0.946176  0 0 0 -0 -0.0799688 0
1.81 17.0729 0 -0.286 0.946438 0 0.322887 0 1 0 -0.322887 0 0.946438  0 0 0 -0 -0.0823772 0
1.82 17.0729 0 -0.286 0.946711 0 0.322085 0 1 0 -0.322085 0 0.946711  0 0 0 -0 -0.0862473 0
1.83 17.0729 0 -0.286 0.946992 0 0.321257 0 1 0 -0.321257 0 0.946992  0 0 0 -0 -0.0891221 0
1.84 17.0729 0 -0.286 0.947282 0 0.320401 0 1 0 -0.320401 0 0.947282  0 0 0 -0 -0.0919176 0
1.85 17.0729 0 -0.286 0.947582 0 0.319514 0 1 0 -0.319514 0 0.947582  0 0 0 0 -0.0951648 0
1.86 17.0729 0 -0.286 0.947889 0 0.318602 0 1 0 -0.318602 0 0.947889  0 0 0 -0 -0.0976886 0
1.87 17.0729 0 -0.286 0.948204 0 0.317662 0 1 0 -0.317662 0 0.948204  0 0 0 -0 -0.100459 0
1.88 17.0729 0 -0.286 0.948527 0 0.316697 0 1 0 -0.316697 0 0.948527  0 0 0 0 -0.103231 0
1.89 17.0729 0 -0.286 0.948856 0 0.315708 0 1 0 -0.315708 0 0.948856  0 0 0 0 -0.105569 0
1.9 17.0729 0 -0.286 0.949194 0 0.314691 0 1 0 -0.314691 0 0.949194  0 0 0 0 -0.108505 0
1.91 17.0729 0 -0.286 0.949538 0 0.313652 0 1 0 -0.313652 0 0.949538  0 0 0 0 -0.110809 0
1.92 17.0729 0 -0.286 0.949889 0 0.312589 0 1 0 -0.312589 0 0.949889  0 0 0 0 -0.113182 0
1.93 17.0729 0 -0.286 0.950245 0 0.311502 0 1 0 -0.311502 0 0.950245  0 0 0 0 -0.115546 0
1.94 17.0729 0 -0.286 0.950607 0 0.310398 0 1 0 -0.310398 0 0.950607  0 0 0 -0 -0.11731 0
1.95 17.0729 0 -0.286 0.950974 0 0.30927 0 1 0 -0.30927 0 0.950974  0 0 0 -0 -0.119671 0
1.96 17.0729 0 -0.286 0.951345 0 0.308127 0 1 0 -0.308127 0 0.951345  0 0 0 0 -0.121187 0
1.97 17.0729 0 -0.286 0.951722 0 0.30696 0 1 0 -0.30696 0 0.951722  0 0 0 -0 -0.123629 0
1.98 17.0729 0 -0.286 0.952104 0 0.305774 0 1 0 -0.305774 0 0.952104  0 0 0 0 -0.125638 0
1.99 17.0729 0 -0.286 0.95249 0 0.30457 0 1 0 -0.30457 0 0.95249  0 0 0 -0 -0.127516 0
2 17.0729 0 -0.286 0.952881 0 0.303345 0 1 0 -0.303345 0 0.952881  0 0 0 0 -0.129539 0
2.01 17.0729 0 -0.286 0.953276 0 0.302102 0 1 0 -0.302102 0 0.953276  0 0 0 -0 -0.131511 0
2.02 17.0729 0 -0.286 0.953674 0 0.300843 0 1 0 -0.300843 0 0.953674  0 0 0 -0 -0.132952 0
2.03 17.0729 0 -0.286 0.954078 0 0.299559 0 1 0 -0.299559 0 0.954078  0 0 0 0 -0.135613 0
2.04 17.0729 0 -0.286 0.954483 0 0.298265 0 1 0 -0.298265 0 0.954483  0 0 0 0 -0.136453 0
2.05 17.0729 0 -0.286 0.954891 0 0.296956 0 1 0 -0.296956 0 0.954891  0 0 0 0 -0.13788 0
2.06 17.0729 0 -0.286 0.955303 0 0.29563 0 1 0 -0.29563 0 0.955303  0 0 0 0 -0.139601 0
2.07 17.0729 0 -0.286 0.955714 0 0.294297 0 1 0 -0.294297 0 0.955714  0 0 0 0 -0.140201 0
2.08 17.0729 0 -0.286 0.956128 0 0.292949 0 1 0 -0.292949 0 0.956128  0 0 0 0 -0.141498 0
2.09 17.0729 0 -0.286 0.956542 0 0.291595 0 1 0 -0.291595 0 0.956542  0 0 0 0 -0.142153 0
2.1 17.0729 0 -0.286 0.956957 0 0.29023 0 1 0 -0.29023 0 0.956957  0 0 0 -0 -0.143064 0
2.11 17.0729 0 -0.286 0.957375 0 0.288849 0 1 0 -0.288849 0 0.957375  0 0 0 0 -0.144956 0
2.12 17.0729 0 -0.286 0.957792 0 0.287463 0 1 0 -0.287463 0 0.957792  0 0 0 0 -0.145268 0
2.13 17.0729 0 -0.286 0.958209 0 0.286068 0 1 0 -0.286068 0 0.958209  0 0 0 0 -0.146041 0
2.14 17.0729 0 -0.286 0.958629 0 0.284659 0 1 0 -0.284659 0 0.958629  0 0 0 -0 -0.147507 0
2.15 17.0729 0 -0.286 0.959048 0 0.283243 0 1 0 -0.283243 0 0.959048  0 0 0 -0 -0.148188 0
2.16 17.0729 0 -0.286 0.959468 0 0.281819 0 1 0 -0.281819 0 0.959468  0 0 0 0 -0.148956 0
2.17 17.0729 0 -0.286 0.959888 0 0.280384 0 1 0 -0.280384 0 0.959888  0 0 0 0 -0.149937 0
2.18 17.0729 0 -0.286 0.960307 0 0.278945 0 1 0 -0.278945 0 0.960307  0 0 0 0 -0.150277 0
2.19 17.0729 0 -0.286 0.960726 0 0.277497 0 1 0 -0.277497 0 0.960726  0 0 0 0 -0.151066 0
2.2 17.0729 0 -0.286 0.961144 0 0.276046 0 1 0 -0.276046 0 0.961144  0 0 0 -0 -0.151314 0
2.21 17.0729 0 -0.286 0.961562 0 0.274588 0 1 0 -0.274588 0 0.961562  0 0 0 0 -0.151883 0
2.22 17.0729 0 -0.286 0.961978 0 0.273128 0 1 0 -0.273128 0 0.961978  0 0 0 0 -0.152027 0
2.23 17.0729 0 -0.286 0.962392 0 0.271663 0 1 0 -0.271663 0 0.962392  0 0 0 0 -0.152429 0
2.24 17.0729 0 -0.286 0.962805 0 0.270197 0 1 0 -0.270197 0 0.962805  0 0 0 -0 -0.152459 0
2.25 17.0729 0 -0.286 0.963216 0 0.268727 0 1 0 -0.268727 0 0.963216  0 0 0 -0 -0.152665 0
2.26 17.0729 0 -0.286 0.963626 0 0.267256 0 1 0 -0.267256 0 0.963626  0 0 0 0 -0.152857 0
2.27 17.0729 0 -0.286 0.964032 0 0.265784 0 1 0 -0.265784 0 0.964032  0 0 0 0 -0.152708 0
2.28 17.0729 0 -0.286 0.964438 0 0.264309 0 1 0 -0.264309 0 0.964438  0 0 0 0 -0.15304 0
2.29 17.0729 0 -0.286 0.964842 0 0.262832 0 1 0 -0.262832 0 0.964842  0 0 0 0 -0.15324 0
2.3 17.0729 0 -0.286 0.965243 0 0.261354 0 1 0 -0.261354 0 0.965243  0 0 0 0 -0.153288 0
2.31 17.0729 0 -0.286 0.96564 0 0.259882 0 1 0 -0.259882 0 0.96564  0 0 0 -0 -0.152331 0
2.32 17.0729 0 -0.286 0.966036 0 0.258407 0 1 0 -0.258407 0 0.966036  0 0 0 -0 -0.152643 0
2.33 17.0729 0 -0.286 0.966428 0 0.256936 0 1 0 -0.256936 0 0.966428  0 0 0 0 -0.152162 0
2.34 17.0729 0 -0.286 0.966818 0 0.255468 0 1 0 -0.255468 0 0.966818  0 0 0 0 -0.151655 0
2.35 17.0729 0 -0.286 0.967203 0 0.254003 0 1 0 -0.254003 0 0.967203  0 0 0 0 -0.151325 0
2.36 17.0729 0 -0.286 0.967586 0 0.252542 0 1 0 -0.252542 0 0.967586  0 0 0 0 -0.15077 0
2.37 17.0729 0 -0.286 0.967967 0 0.251077 0 1 0 -0.251077 0 0.967967  0 0 0 0 -0.151396 0
2.38 17.0729 0 -0.286 0.968343 0 0.249623 0 1 0 -0.249623 0 0.968343  0 0 0 -0 -0.150034 0
2.39 17.0729 0 -0.286 0.968716 0 0.248171 0 1 0 -0.248171 0 0.968716  0 0 0 0 -0.149672 0
2.4 17.0729 0 -0.286 0.969087 0 0.246721 0 1 0 -0.246721 0 0.969087  0 0 0 0 -0.149497 0
2.41 17.0729 0 -0.286 0.969453 0 0.245278 0 1 0 -0.245278 0 0.969453  0 0 0 0 -0.148676 0
2.42 17.0729 0 -0.286 0.969816 0 0.243838 0 1 0 -0.243838 0 0.969816  0 0 0 0 -0.148185 0
2.43 17.0729 0 -0.286 0.970175 0 0.242407 0 1 0 -0.242407 0 0.970175  0 0 0 -0 -0.147312 0
2.44 17.0729 0 -0.286 0.970529 0 0.240986 0 1 0 -0.240986 0 0.970529  0 0 0 0 -0.145928 0
2.45 17.0729 0 -0.286 0.970879 0 0.239571 0 1 0 -0.239571 0 0.970879  0 0 0 0 -0.145281 0
2.46 17.0729 0 -0.286 0.971224 0 0.23817 0 1 0 -0.23817 0 0.971224  0 0 0 0 -0.143773 0
2.47 17.0729 0 -0.286 0.971565 0 0.236775 0 1 0 -0.236775 0 0.971565  0 0 0 0 -0.143133 0
2.48 17.0729 0 -0.286 0.971899 0 0.235397 0 1 0 -0.235397 0 0.971899  0 0 0 0 -0.141153 0
2.49 17.0729 0 -0.286 0.972231 0 0.234024 0 1 0 -0.234024 0 0.972231  0 0 0 0 -0.140604 0
2.5 17.0729 0 -0.286 0.972556 0 0.232667 0 1 0 -0.232667 0 0.972556  0 0 0 0 -0.138989 0
2.51 17.0729 0 -0.286 0.972878 0 0.23132 0 1 0 -0.23132 0 0.972878  0 0 0 0 -0.137892 0
2.52 17.0729 0 -0.286 0.973195 0 0.229982 0 1 0 -0.229982 0 0.973195  0 0 0 0 -0.136955 0
2.53 17.0729 0 -0.286 0.973507 0 0.228658 0 1 0 -0.228658 0 0.973507  0 0 0 0 -0.135355 0
2.54 17.0729 0 -0.286 0.973815 0 0.227341 0 1 0 -0.227341 0 0.973815  0 0 0 0 -0.134762 0
2.55 17.0729 0 -0.286 0.974118 0 0.22604 0 1 0 -0.22604 0 0.974118  0 0 0 0 -0.132998 0
2.56 17.0729 0 -0.286 0.974416 0 0.224754 0 1 0 -0.224754 0 0.974416  0 0 0 0 -0.131285 0
2.57 17.0729 0 -0.286 0.974709 0 0.223476 0 1 0 -0.223476 0 0.974709  0 0 0 0 -0.130473 0
2.58 17.0729 0 -0.286 0.974998 0 0.222214 0 1 0 -0.222214 0 0.974998  0 0 0 -0 -0.128851 0
2.59 17.0729 0 -0.286 0.975281 0 0.220968 0 1 0 -0.220968 0 0.975281  0 0 0 0 -0.127013 0
2.6 17.0729 0 -0.286 0.97556 0 0.219733 0 1 0 -0.219733 0 0.97556  0 0 0 0 -0.125782 0
2.61 17.0729 0 -0.286 0.975834 0 0.218513 0 1 0 -0.218513 0 0.975834  0 0 0 0 -0.124431 0
2.62 17.0729 0 -0.286 0.976103 0 0.217309 0 1 0 -0.217309 0 0.976103  0 0 0 0 -0.122542 0
2.63 17.0729 0 -0.286 0.976367 0 0.216118 0 1 0 -0.216118 0 0.976367  0 0 0 0 -0.121177 0
2.64 17.0729 0 -0.286 0.976626 0 0.214946 0 1 0 -0.214946 0 0.976626  0 0 0 0 -0.119226 0
2.65 17.0729 0 -0.286 0.976879 0 0.213792 0 1 0 -0.213792 0 0.976879  0 0 0 0 -0.117262 0
2.66 17.0729 0 -0.286 0.977128 0 0.212651 0 1 0 -0.212651 0 0.977128  0 0 0 0 -0.115916 0
2.67 17.0729 0 -0.286 0.977372 0 0.211529 0 1 0 -0.211529 0 0.977372  0 0 0 0 -0.113998 0
2.68 17.0729 0 -0.286 0.977611 0 0.21042 0 1 0 -0.21042 0 0.977611  0 0 0 0 -0.112566 0
2.69 17.0729 0 -0.286 0.977844 0 0.209333 0 1 0 -0.209333 0 0.977844  0 0 0 0 -0.110285 0
2.7 17.0729 0 -0.286 0.978073 0 0.208262 0 1 0 -0.208262 0 0.978073  0 0 0 0 -0.108591 0
2.71 17.0729 0 -0.286 0.978297 0 0.20721 0 1 0 -0.20721 0 0.978297  0 0 0 0 -0.106669 0
2.72 17.0729 0 -0.286 0.978515 0 0.206175 0 1 0 -0.206175 0 0.978515  0 0 0 0 -0.104828 0
2.73 17.0729 0 -0.286 0.978729 0 0.205158 0 1 0 -0.205158 0 0.978729  0 0 0 0 -0.103004 0
2.74 17.0729 0 -0.286 0.978937 0 0.204161 0 1 0 -0.204161 0 0.978937  0 0 0 0 -0.100869 0
2.75 17.0729 0 -0.286 0.979141 0 0.20318 0 1 0 -0.20318 0 0.979141  0 0 0 0 -0.0992245 0
2.76 17.0729 0 -0.286 0.97934 0 0.20222 0 1 0 -0.20222 0 0.97934  0 0 0 0 -0.0971587 0
2.77 17.0729 0 -0.286 0.979534 0 0.201277 0 1 0 -0.201277 0 0.979534  0 0 0 0 -0.0952952 0
2.78 17.0729 0 -0.286 0.979724 0 0.200351 0 1 0 -0.200351 0 0.979724  0 0 0 0 -0.0935784 0
2.79 17.0729 0 -0.286 0.979908 0 0.199448 0 1 0 -0.199448 0 0.979908  0 0 0 0 -0.0912458 0
2.8 17.0729 0 -0.286 0.980088 0 0.198562 0 1 0 -0.198562 0 0.980088  0 0 0 0 -0.089341 0
2.81 17.0729 0 -0.286 0.980264 0 0.197695 0 1 0 -0.197695 0 0.980264  0 0 0 0 -0.0875217 0
2.82 17.0729 0 -0.286 0.980433 0 0.196852 0 1 0 -0.196852 0 0.980433  0 0 0 0 -0.0848874 0
2.83 17.0729 0 -0.286 0.980599 0 0.196024 0 1 0 -0.196024 0 0.980599  0 0 0 0 -0.0833951 0
2.84 17.0729 0 -0.286 0.98076 0 0.195219 0 1 0 -0.195219 0 0.98076  0 0 0 -0 -0.0811647 0
2.85 17.0729 0 -0.286 0.980916 0 0.194434 0 1 0 -0.194434 0 0.980916  0 0 0 0 -0.0789339 0
2.86 17.0729 0 -0.286 0.981067 0 0.193669 0 1 0 -0.193669 0 0.981067  0 0 0 0 -0.076997 0
2.87 17.0729 0 -0.286 0.981212 0 0.192934 0 1 0 -0.192934 0 0.981212  0 0 0 0 -0.0735996 0
2.88 17.0729 0 -0.286 0.981354 0 0.192207 0 1 0 -0.192207 0 0.981354  0 0 0 0 -0.0730137 0
2.89 17.0729 0 -0.286 0.98149 0 0.191512 0 1 0 -0.191512 0 0.98149  0 0 0 0 -0.0699097 0
2.9 17.0729 0 -0.286 0.981622 0 0.190838 0 1 0 -0.190838 0 0.981622  0 0 0 -0 -0.0674599 0
2.91 17.0729 0 -0.286 0.981749 0 0.190181 0 1 0 -0.190181 0 0.981749  0 0 0 0 -0.0658282 0
2.92 17.0729 0 -0.286 0.981872 0 0.189548 0 1 0 -0.189548 0 0.981872  0 0 0 0 -0.0634254 0
2.93 17.0729 0 -0.286 0.981989 0 0.188938 0 1 0 -0.188938 0 0.981989  0 0 0 0 -0.0609714 0
2.94 17.0729 0 -0.286 0.982102 0 0.188348 0 1 0 -0.188348 0 0.982102  0 0 0 0 -0.0588531 0
2.95 17.0729 0 -0.286 0.98221 0 0.187786 0 1 0 -0.187786 0 0.98221  0 0 0 0 -0.0560839 0
2.96 17.0729 0 -0.286 0.982314 0 0.187242 0 1 0 -0.187242 0 0.982314  0 0 0 0 -0.0542002 0
2.97 17.0729 0 -0.286 0.982413 0 0.186723 0 1 0 -0.186723 0 0.982413  0 0 0 0 -0.0517201 0
2.98 17.0729 0 -0.286 0.982507 0 0.186226 0 1 0 -0.186226 0 0.982507  0 0 0 0 -0.0494222 0
2.99 17.0729 0 -0.286 0.982597 0 0.185751 0 1 0 -0.185751 0 0.982597  0 0 0 0 -0.0471994 0
3 17.0729 0 -0.286 0.982682 0 0.185299 0 1 0 -0.185299 0 0.982682  0 0 0 0 -0.0448697 0
3.01 17.0729 0 -0.286 0.982763 0 0.184869 0 1 0 -0.184869 0 0.982763  0 0 0 0 -0.0425942 0
3.02 17.0729 0 -0.286 0.98284 0 0.184462 0 1 0 -0.184462 0 0.98284  0 0 0 0 -0.0402499 0
3.03 17.0729 0 -0.286 0.982912 0 0.184078 0 1 0 -0.184078 0 0.982912  0 0 0 0 -0.0379776 0
3.04 17.0729 0 -0.286 0.982979 0 0.183716 0 1 0 -0.183716 0 0.982979  0 0 0 0 -0.0356493 0
3.05 17.0729 0 -0.286 0.983043 0 0.183377 0 1 0 -0.183377 0 0.983043  0 0 0 0 -0.0333534 0
3.06 17.0729 0 -0.286 0.983102 0 0.18306 0 1 0 -0.18306 0 0.983102  0 0 0 0 -0.0311124 0
3.07 17.0729 0 -0.286 0.983156 0 0.182767 0 1 0 -0.182767 0 0.983156  0 0 0 0 -0.0286722 0
3.08 17.0729 0 -0.286 0.983207 0 0.182494 0 1 0 -0.182494 0 0.983207  0 0 0 0 -0.0265545 0
3.09 17.0729 0 -0.286 0.983253 0 0.182246 0 1 0 -0.182246 0 0.983253  0 0 0 0 -0.0240572 0
3.1 17.0729 0 -0.286 0.983295 0 0.18202 0 1 0 -0.18202 0 0.983295  0 0 0 0 -0.0218902 0
3.11 17.0729 0 -0.286 0.983333 0 0.181816 0 1 0 -0.181816 0 0.983333  0 0 0 0 -0.0196144 0
3.12 17.0729 0 -0.286 0.983366 0 0.181634 0 1 0 -0.181634 0 0.983366  0 0 0 0 -0.0173433 0
3.13 17.0729 0 -0.286 0.983396 0 0.181474 0 1 0 -0.181474 0 0.983396  0 0 0 0 -0.0151218 0
3.14 17.0729 0 -0.286 0.983421 0 0.181337 0 1 0 -0.181337 0 0.983421  0 0 0 0 -0.0128946 0
3.15 17.0729 0 -0.286 0.983442 0 0.181221 0 1 0 -0.181221 0 0.983442  0 0 0 0 -0.0106805 0
3.16 17.0729 0 -0.286 0.98346 0 0.181126 0 1 0 -0.181126 0 0.98346  0 0 0 0 -0.00848369 0
3.17 17.0729 0 -0.286 0.983473 0 0.181054 0 1 0 -0.181054 0 0.983473  0 0 0 -0 -0.00630675 0
3.18 17.0729 0 -0.286 0.983483 0 0.181002 0 1 0 -0.181002 0 0.983483  0 0 0 0 -0.00412301 0
3.19 17.0729 0 -0.286 0.983488 0 0.180972 0 1 0 -0.180972 0 0.983488  0 0 0 0 -0.00197817 0
3.2 17.0729 0 -0.286 0.98349 0 0.180963 0 1 0 -0.180963 0 0.98349  0 0 0 0 0.000153254 0
3.21 17.0729 0 -0.286 0.983488 0 0.180975 0 1 0 -0.180975 0 0.983488  0 0 0 0 0.00226888 0
3.22 17.0729 0 -0.286 0.983482 0 0.181007 0 1 0 -0.181007 0 0.983482  0 0 0 0 0.00436096 0
3.23 17.0729 0 -0.286 0.983472 0 0.18106 0 1 0 -0.18106 0 0.983472  0 0 0 0 0.00642249 0
3.24 17.0729 0 -0.286 0.983459 0 0.181133 0 1 0 -0.181133 0 0.983459  0 0 0 0 0.00846908 0
3.25 17.0729 0 -0.286 0.983441 0 0.181226 0 1 0 -0.181226 0 0.983441  0 0 0 0 0.0104832 0
3.26 17.0729 0 -0.286 0.983421 0 0.181339 0 1 0 -0.181339 0 0.983421  0 0 0 0 0.0124775 0
3.27 17.0729 0 -0.286 0.983396 0 0.181471 0 1 0 -0.181471 0 0.983396  0 0 0 0 0.0144354 0
3.28 17.0729 0 -0.286 0.983368 0 0.181622 0 1 0 -0.181622 0 0.983368  0 0 0 0 0.01637 0
3.29 17.0729 0 -0.286 0.983337 0 0.181792 0 1 0 -0.181792 0 0.983337  0 0 0 0 0.0182688 0
3.3 17.0729 0 -0.286 0.983302 0 0.181981 0 1 0 -0.181981 0 0.983302  0 0 0 0 0.0201304 0
3.31 17.0729 0 -0.286 0.983264 0 0.182187 0 1 0 -0.182187 0 0.983264  0 0 0 0 0.0219641 0
3.32 17.0729 0 -0.286 0.983222 0 0.182412 0 1 0 -0.182412 0 0.983222  0 0 0 0 0.0237732 0
3.33 17.0729 0 -0.286 0.983177 0 0.182655 0 1 0 -0.182655 0 0.983177  0 0 0 0 0.0256402 0
3.34 17.0729 0 -0.286 0.983129 0 0.182915 0 1 0 -0.182915 0 0.983129  0 0 0 0 0.0274201 0
3.35 17.0729 0 -0.286 0.983077 0 0.183193 0 1 0 -0.183193 0 0.983077  0 0 0 0 0.0291647 0
3.36 17.0729 0 -0.286 0.983022 0 0.183489 0 1 0 -0.183489 0 0.983022  0 0 0 0 0.031057 0
3.37 17.0729 0 -0.286 0.982963 0 0.183801 0 1 0 -0.183801 0 0.982963  0 0 0 0 0.0326241 0
3.38 17.0729 0 -0.286 0.982902 0 0.184131 0 1 0 -0.184131 0 0.982902  0 0 0 0 0.03439 0
3.39 17.0729 0 -0.286 0.982837 0 0.184477 0 1 0 -0.184477 0 0.982837  0 0 0 0 0.0360352 0
3.4 17.0729 0 -0.286 0.982769 0 0.184838 0 1 0 -0.184838 0 0.982769  0 0 0 0 0.0375948 0
3.41 17.0729 0 -0.286 0.982698 0 0.185215 0 1 0 -0.185215 0 0.982698  0 0 0 0 0.0391795 0
3.42 17.0729 0 -0.286 0.982624 0 0.185608 0 1 0 -0.185608 0 0.982624  0 0 0 0 0.040729 0
3.43 17.0729 0 -0.286 0.982547 0 0.186016 0 1 0 -0.186016 0 0.982547  0 0 0 0 0.0423375 0
3.44 17.0729 0 -0.286 0.982466 0 0.18644 0 1 0 -0.18644 0 0.982466  0 0 0 0 0.0439734 0
3.45 17.0729 0 -0.286 0.982383 0 0.186877 0 1 0 -0.186877 0 0.982383  0 0 0 0 0.0452573 0
3.46 17.0729 0 -0.286 0.982297 0 0.18733 0 1 0 -0.18733 0 0.982297  0 0 0 0 0.0468739 0
3.47 17.0729 0 -0.286 0.982208 0 0.187797 0 1 0 -0.187797 0 0.982208  0 0 0 0 0.0482854 0
3.48 17.0729 0 -0.286 0.982116 0 0.188277 0 1 0 -0.188277 0 0.982116  0 0 0 0 0.0496038 0
3.49 17.0729 0 -0.286 0.982021 0 0.188771 0 1 0 -0.188771 0 0.982021  0 0 0 0 0.0509905 0
3.5 17.0729 0 -0.286 0.981924 0 0.189278 0 1 0 -0.189278 0 0.981924  0 0 0 0 0.0522625 0
3.51 17.0729 0 -0.286 0.981823 0 0.189798 0 1 0 -0.189798 0 0.981823  0 0 0 0 0.0535981 0
3.52 17.0729 0 -0.286 0.98172 0 0.19033 0 1 0 -0.19033 0 0.98172  0 0 0 0 0.0548181 0
3.53 17.0729 0 -0.286 0.981615 0 0.190874 0 1 0 -0.190874 0 0.981615  0 0 0 0 0.0560315 0
3.54 17.0729 0 -0.286 0.981506 0 0.19143 0 1 0 -0.19143 0 0.981506  0 0 0 0 0.0572689 0
3.55 17.0729 0 -0.286 0.981395 0 0.192 0 1 0 -0.192 0 0.981395  0 0 0 0 0.0587083 0
3.56 17.0729 0 -0.286 0.981282 0 0.192574 0 1 0 -0.192574 0 0.981282  0 0 0 0 0.0590468 0
3.57 17.0729 0 -0.286 0.981166 0 0.193168 0 1 0 -0.193168 0 0.981166  0 0 0 0 0.061114 0
3.58 17.0729 0 -0.286 0.981048 0 0.193766 0 1 0 -0.193766 0 0.981048  0 0 0 0 0.0615811 0
3.59 17.0729 0 -0.286 0.980927 0 0.194376 0 1 0 -0.194376 0 0.980927  0 0 0 0 0.06257 0
3.6 17.0729 0 -0.286 0.980805 0 0.194993 0 1 0 -0.194993 0 0.980805  0 0 0 0 0.0633323 0
3.61 17.0729 0 -0.286 0.98068 0 0.19562 0 1 0 -0.19562 0 0.98068  0 0 0 0 0.0643306 0
3.62 17.0729 0 -0.286 0.980553 0 0.196255 0 1 0 -0.196255 0 0.980553  0 0 0 0 0.0652119 0
3.63 17.0729 0 -0.286 0.980424 0 0.196898 0 1 0 -0.196898 0 0.980424  0 0 0 0 0.0659809 0
3.64 17.0729 0 -0.286 0.980293 0 0.197548 0 1 0 -0.197548 0 0.980293  0 0 0 0 0.0667778 0
3.65 17.0729 0 -0.286 0.980161 0 0.198204 0 1 0 -0.198204 0 0.980161  0 0 0 0 0.0672052 0
3.66 17.0729 0 -0.286 0.980027 0 0.198866 0 1 0 -0.198866 0 0.980027  0 0 0 0 0.0678907 0
3.67 17.0729 0 -0.286 0.979891 0 0.199536 0 1 0 -0.199536 0 0.979891  0 0 0 0 0.0686569 0
3.68 17.0729 0 -0.286 0.979753 0 0.20021 0 1 0 -0.20021 0 0.979753  0 0 0 0 0.0691669 0
3.69 17.0729 0 -0.286 0.979614 0 0.200891 0 1 0 -0.200891 0 0.979614  0 0 0 0 0.0698176 0
3.7 17.0729 0 -0.286 0.979473 0 0.201578 0 1 0 -0.201578 0 0.979473  0 0 0 0 0.0704076 0
3.71 17.0729 0 -0.286 0.97933 0 0.202269 0 1 0 -0.202269 0 0.97933  0 0 0 0 0.0708604 0
3.72 17.0729 0 -0.286 0.979186 0 0.202966 0 1 0 -0.202966 0 0.979186  0 0 0 0 0.0714506 0
3.73 17.0729 0 -0.286 0.97904 0 0.203668 0 1 0 -0.203668 0 0.97904  0 0 0 0 0.071952 0
3.74 17.0729 0 -0.286 0.978893 0 0.204373 0 1 0 -0.204373 0 0.978893  0 0 0 0 0.0722163 0
3.75 17.0729 0 -0.286 0.978745 0 0.205083 0 1 0 -0.205083 0 0.978745  0 0 0 0 0.0728 0
3.76 17.0729 0 -0.286 0.978595 0 0.205797 0 1 0 -0.205797 0 0.978595  0 0 0 0 0.0732097 0
3.77 17.0729 0 -0.286 0.978444 0 0.206512 0 1 0 -0.206512 0 0.978444  0 0 0 0 0.0732233 0
3.78 17.0729 0 -0.286 0.978292 0 0.207233 0 1 0 -0.207233 0 0.978292  0 0 0 0 0.073772 0
3.79 17.0729 0 -0.286 0.978138 0 0.207955 0 1 0 -0.207955 0 0.978138  0 0 0 0 0.0740202 0
3.8 17.0729 0 -0.286 0.977984 0 0.208679 0 1 0 -0.208679 0 0.977984  0 0 0 0 0.0741998 0
3.81 17.0729 0 -0.286 0.977829 0 0.209404 0 1 0 -0.209404 0 0.977829  0 0 0 0 0.0742177 0
3.82 17.0729 0 -0.286 0.977673 0 0.210132 0 1 0 -0.210132 0 0.977673  0 0 0 0 0.0745501 0
3.83 17.0729 0 -0.286 0.977516 0 0.21086 0 1 0 -0.21086 0 0.977516  0 0 0 0 0.0745846 0
3.84 17.0729 0 -0.286 0.977359 0 0.211589 0 1 0 -0.211589 0 0.977359  0 0 0 0 0.074635 0
3.85 17.0729 0 -0.286 0.977202 0 0.212313 0 1 0 -0.212313 0 0.977202  0 0 0 0 0.0739901 0
3.86 17.0729 0 -0.286 0.977043 0 0.213041 0 1 0 -0.213041 0 0.977043  0 0 0 0 0.0744447 0
3.87 17.0729 0 -0.286 0.976885 0 0.213767 0 1 0 -0.213767 0 0.976885  0 0 0 0 0.0743313 0
3.88 17.0729 0 -0.286 0.976726 0 0.214489 0 1 0 -0.214489 0 0.976726  0 0 0 0 0.0738084 0
3.89 17.0729 0 -0.286 0.976567 0 0.215213 0 1 0 -0.215213 0 0.976567  0 0 0 0 0.0740303 0
3.9 17.0729 0 -0.286 0.976408 0 0.215934 0 1 0 -0.215934 0 0.976408  0 0 0 0 0.0738861 0
3.91 17.0729 0 -0.286 0.976249 0 0.216652 0 1 0 -0.216652 0 0.976249  0 0 0 0 0.0733996 0
3.92 17.0729 0 -0.286 0.976089 0 0.21737 0 1 0 -0.21737 0 0.976089  0 0 0 0 0.0734942 0
3.93 17.0729 0 -0.286 0.97593 0 0.218084 0 1 0 -0.218084 0 0.97593  0 0 0 0 0.0730526 0
3.94 17.0729 0 -0.286 0.97577 0 0.218798 0 1 0 -0.218798 0 0.97577  0 0 0 0 0.0730022 0
3.95 17.0729 0 -0.286 0.975611 0 0.219507 0 1 0 -0.219507 0 0.975611  0 0 0 0 0.0725875 0
3.96 17.0729 0 -0.286 0.975452 0 0.220214 0 1 0 -0.220214 0 0.975452  0 0 0 0 0.0722962 0
3.97 17.0729 0 -0.286 0.975292 0 0.220918 0 1 0 -0.220918 0 0.975292  0 0 0 0 0.0720083 0
3.98 17.0729 0 -0.286 0.975132 0 0.221623 0 1 0 -0.221623 0 0.975132  0 0 0 0 0.0721441 0
3.99 17.0729 0 -0.286 0.974974 0 0.222319 0 1 0 -0.222319 0 0.974974  0 0 0 0 0.071172 0
4 17.0729 0 -0.286 0.974816 0 0.223012 0 1 0 -0.223012 0 0.974816  0 0 0 0 0.0707227 0
4.01 17.0729 0 -0.286 0.974658 0 0.2237 0 1 0 -0.2237 0 0.974658  0 0 0 0 0.0702165 0
4.02 17.0729 0 -0.286 0.974501 0 0.224383 0 1 0 -0.224383 0 0.974501  0 0 0 0 0.0698535 0
4.03 17.0729 0 -0.286 0.974344 0 0.225065 0 1 0 -0.225065 0 0.974344  0 0 0 0 0.0697862 0
4.04 17.0729 0 -0.286 0.974188 0 0.22574 0 1 0 -0.22574 0 0.974188  0 0 0 0 0.0690733 0
4.05 17.0729 0 -0.286 0.974032 0 0.22641 0 1 0 -0.22641 0 0.974032  0 0 0 0 0.0684407 0
4.06 17.0729 0 -0.286 0.973877 0 0.227078 0 1 0 -0.227078 0 0.973877  0 0 0 0 0.0683713 0
4.07 17.0729 0 -0.286 0.973722 0 0.227739 0 1 0 -0.227739 0 0.973722  0 0 0 0 0.067644 0
4.08 17.0729 0 -0.286 0.973569 0 0.228395 0 1 0 -0.228395 0 0.973569  0 0 0 0 0.0670717 0
4.09 17.0729 0 -0.286 0.973415 0 0.22905 0 1 0 -0.22905 0 0.973415  0 0 0 0 0.0670147 0
4.1 17.0729 0 -0.286 0.973263 0 0.229695 0 1 0 -0.229695 0 0.973263  0 0 0 0 0.0659986 0
4.11 17.0729 0 -0.286 0.973111 0 0.230337 0 1 0 -0.230337 0 0.973111  0 0 0 0 0.0656762 0
4.12 17.0729 0 -0.286 0.972961 0 0.23097 0 1 0 -0.23097 0 0.972961  0 0 0 0 0.0646983 0
4.13 17.0729 0 -0.286 0.972812 0 0.231598 0 1 0 -0.231598 0 0.972812  0 0 0 0 0.0641504 0
4.14 17.0729 0 -0.286 0.972663 0 0.232222 0 1 0 -0.232222 0 0.972663  0 0 0 0 0.0640035 0
4.15 17.0729 0 -0.286 0.972516 0 0.232836 0 1 0 -0.232836 0 0.972516  0 0 0 0 0.0628266 0
4.16 17.0729 0 -0.286 0.97237 0 0.233447 0 1 0 -0.233447 0 0.97237  0 0 0 0 0.0623993 0
4.17 17.0729 0 -0.286 0.972225 0 0.234048 0 1 0 -0.234048 0 0.972225  0 0 0 0 0.0614762 0
4.18 17.0729 0 -0.286 0.972082 0 0.234641 0 1 0 -0.234641 0 0.972082  0 0 0 0 0.0606113 0
4.19 17.0729 0 -0.286 0.971941 0 0.235225 0 1 0 -0.235225 0 0.971941  0 0 0 0 0.0595897 0
4.2 17.0729 0 -0.286 0.971801 0 0.235802 0 1 0 -0.235802 0 0.971801  0 0 0 0 0.0589864 0
4.21 17.0729 0 -0.286 0.971663 0 0.236371 0 1 0 -0.236371 0 0.971663  0 0 0 0 0.0580725 0
4.22 17.0729 0 -0.286 0.971526 0 0.236932 0 1 0 -0.236932 0 0.971526  0 0 0 0 0.0574377 0
4.23 17.0729 0 -0.286 0.971391 0 0.237485 0 1 0 -0.237485 0 0.971391  0 0 0 0 0.0564791 0
4.24 17.0729 0 -0.286 0.971258 0 0.238027 0 1 0 -0.238027 0 0.971258  0 0 0 0 0.0553349 0
4.25 17.0729 0 -0.286 0.971127 0 0.238562 0 1 0 -0.238562 0 0.971127  0 0 0 0 0.0545496 0
4.26 17.0729 0 -0.286 0.970998 0 0.239086 0 1 0 -0.239086 0 0.970998  0 0 0 0 0.0535026 0
4.27 17.0729 0 -0.286 0.970871 0 0.239603 0 1 0 -0.239603 0 0.970871  0 0 0 0 0.0528166 0
4.28 17.0729 0 -0.286 0.970746 0 0.240109 0 1 0 -0.240109 0 0.970746  0 0 0 0 0.051607 0
4.29 17.0729 0 -0.286 0.970623 0 0.240607 0 1 0 -0.240607 0 0.970623  0 0 0 0 0.0507861 0
4.3 17.0729 0 -0.286 0.970502 0 0.241095 0 1 0 -0.241095 0 0.970502  0 0 0 0 0.0497998 0
4.31 17.0729 0 -0.286 0.970383 0 0.241571 0 1 0 -0.241571 0 0.970383  0 0 0 0 0.0485172 0
4.32 17.0729 0 -0.286 0.970267 0 0.242039 0 1 0 -0.242039 0 0.970267  0 0 0 0 0.0476605 0
4.33 17.0729 0 -0.286 0.970152 0 0.242496 0 1 0 -0.242496 0 0.970152  0 0 0 0 0.0465979 0
4.34 17.0729 0 -0.286 0.970041 0 0.242943 0 1 0 -0.242943 0 0.970041  0 0 0 0 0.0455009 0
4.35 17.0729 0 -0.286 0.969931 0 0.243379 0 1 0 -0.243379 0 0.969931  0 0 0 0 0.0444545 0
4.36 17.0729 0 -0.286 0.969824 0 0.243805 0 1 0 -0.243805 0 0.969824  0 0 0 0 0.0433415 0
4.37 17.0729 0 -0.286 0.969719 0 0.244225 0 1 0 -0.244225 0 0.969719  0 0 0 0 0.0428648 0
4.38 17.0729 0 -0.286 0.969617 0 0.244628 0 1 0 -0.244628 0 0.969617  0 0 0 0 0.041118 0
4.39 17.0729 0 -0.286 0.969517 0 0.245026 0 1 0 -0.245026 0 0.969517  0 0 0 0 0.0403799 0
4.4 17.0729 0 -0.286 0.96942 0 0.245406 0 1 0 -0.245406 0 0.96942  0 0 0 0 0.0385813 0
4.41 17.0729 0 -0.286 0.969326 0 0.245778 0 1 0 -0.245778 0 0.969326  0 0 0 0 0.0377644 0
4.42 17.0729 0 -0.286 0.969235 0 0.246138 0 1 0 -0.246138 0 0.969235  0 0 0 0 0.0365255 0
4.43 17.0729 0 -0.286 0.969147 0 0.246485 0 1 0 -0.246485 0 0.969147  0 0 0 0 0.0351458 0
4.44 17.0729 0 -0.286 0.969061 0 0.24682 0 1 0 -0.24682 0 0.969061  0 0 0 0 0.0339935 0
4.45 17.0729 0 -0.286 0.968979 0 0.247143 0 1 0 -0.247143 0 0.968979  0 0 0 0 0.0326827 0
4.46 17.0729 0 -0.286 0.9689 0 0.247454 0 1 0 -0.247454 0 0.9689  0 0 0 0 0.0315213 0
4.47 17.0729 0 -0.286 0.968823 0 0.247754 0 1 0 -0.247754 0 0.968823  0 0 0 0 0.0303279 0
4.48 17.0729 0 -0.286 0.968749 0 0.248042 0 1 0 -0.248042 0 0.968749  0 0 0 0 0.0290834 0
4.49 17.0729 0 -0.286 0.968679 0 0.248317 0 1 0 -0.248317 0 0.968679  0 0 0 0 0.0278234 0
4.5 17.0729 0 -0.286 0.968611 0 0.248582 0 1 0 -0.248582 0 0.968611  0 0 0 0 0.0266976 0
4.51 17.0729 0 -0.286 0.968546 0 0.248835 0 1 0 -0.248835 0 0.968546  0 0 0 0 0.0255149 0
4.52 17.0729 0 -0.286 0.968484 0 0.249076 0 1 0 -0.249076 0 0.968484  0 0 0 0 0.0242707 0
4.53 17.0729 0 -0.286 0.968425 0 0.249306 0 1 0 -0.249306 0 0.968425  0 0 0 0 0.0231256 0
4.54 17.0729 0 -0.286 0.968369 0 0.249524 0 1 0 -0.249524 0 0.968369  0 0 0 0 0.0219561 0
4.55 17.0729 0 -0.286 0.968315 0 0.24973 0 1 0 -0.24973 0 0.968315  0 0 0 0 0.0207096 0
4.56 17.0729 0 -0.286 0.968265 0 0.249926 0 1 0 -0.249926 0 0.968265  0 0 0 0 0.0195686 0
4.57 17.0729 0 -0.286 0.968218 0 0.250108 0 1 0 -0.250108 0 0.968218  0 0 0 0 0.01827 0
4.58 17.0729 0 -0.286 0.968173 0 0.25028 0 1 0 -0.25028 0 0.968173  0 0 0 0 0.0171452 0
4.59 17.0729 0 -0.286 0.968132 0 0.25044 0 1 0 -0.25044 0 0.968132  0 0 0 0 0.0159107 0
4.6 17.0729 0 -0.286 0.968094 0 0.250588 0 1 0 -0.250588 0 0.968094  0 0 0 0 0.0146292 0
4.61 17.0729 0 -0.286 0.968058 0 0.250725 0 1 0 -0.250725 0 0.968058  0 0 0 0 0.0135472 0
4.62 17.0729 0 -0.286 0.968026 0 0.250849 0 1 0 -0.250849 0 0.968026  0 0 0 0 0.0122858 0
4.63 17.0729 0 -0.286 0.967997 0 0.250963 0 1 0 -0.250963 0 0.967997  0 0 0 0 0.0111139 0
4.64 17.0729 0 -0.286 0.96797 0 0.251064 0 1 0 -0.251064 0 0.96797  0 0 0 0 0.00990472 0
4.65 17.0729 0 -0.286 0.967947 0 0.251154 0 1 0 -0.251154 0 0.967947  0 0 0 0 0.0086805 0
4.66 17.0729 0 -0.286 0.967927 0 0.251233 0 1 0 -0.251233 0 0.967927  0 0 0 0 0.00746154 0
4.67 17.0729 0 -0.286 0.967909 0 0.251299 0 1 0 -0.251299 0 0.967909  0 0 0 0 0.00627523 0
4.68 17.0729 0 -0.286 0.967896 0 0.251353 0 1 0 -0.251353 0 0.967896  0 0 0 0 0.0048955 0
4.69 17.0729 0 -0.286 0.967884 0 0.251396 0 1 0 -0.251396 0 0.967884  0 0 0 0 0.00384996 0
4.7 17.0729 0 -0.286 0.967876 0 0.251427 0 1 0 -0.251427 0 0.967876  0 0 0 0 0.00261351 0
4.71 17.0729 0 -0.286 0.967871 0 0.251446 0 1 0 -0.251446 0 0.967871  0 0 0 0 0.00139144 0
4.72 17.0729 0 -0.286 0.967869 0 0.251454 0 1 0 -0.251454 0 0.967869  0 0 0 0 0.000241552 0
4.73 17.0729 0 -0.286 0.96787 0 0.251451 0 1 0 -0.251451 0 0.96787  0 0 0 -0 -0.000916542 0
4.74 17.0729 0 -0.286 0.967874 0 0.251437 0 1 0 -0.251437 0 0.967874  0 0 0 -0 -0.00210644 0
4.75 17.0729 0 -0.286 0.96788 0 0.251411 0 1 0 -0.251411 0 0.96788  0 0 0 -0 -0.00323493 0
4.76 17.0729 0 -0.286 0.96789 0 0.251374 0 1 0 -0.251374 0 0.96789  0 0 0 -0 -0.00438876 0
4.77 17.0729 0 -0.286 0.967902 0 0.251326 0 1 0 -0.251326 0 0.967902  0 0 0 -0 -0.00552493 0
4.78 17.0729 0 -0.286 0.967918 0 0.251267 0 1 0 -0.251267 0 0.967918  0 0 0 -0 -0.00664935 0
4.79 17.0729 0 -0.286 0.967936 0 0.251198 0 1 0 -0.251198 0 0.967936  0 0 0 -0 -0.00777425 0
4.8 17.0729 0 -0.286 0.967956 0 0.251121 0 1 0 -0.251121 0 0.967956  0 0 0 0 -0.00837302 0
4.81 17.0729 0 -0.286 0.967979 0 0.251029 0 1 0 -0.251029 0 0.967979  0 0 0 0 -0.0100016 0
4.82 17.0729 0 -0.286 0.968005 0 0.25093 0 1 0 -0.25093 0 0.968005  0 0 0 -0 -0.0109002 0
4.83 17.0729 0 -0.286 0.968034 0 0.25082 0 1 0 -0.25082 0 0.968034  0 0 0 -0 -0.0118884 0
4.84 17.0729 0 -0.286 0.968065 0 0.250698 0 1 0 -0.250698 0 0.968065  0 0 0 0 -0.0130558 0
4.85 17.0729 0 -0.286 0.968099 0 0.250567 0 1 0 -0.250567 0 0.968099  0 0 0 0 -0.014065 0
4.86 17.0729 0 -0.286 0.968136 0 0.250427 0 1 0 -0.250427 0 0.968136  0 0 0 0 -0.0150526 0
4.87 17.0729 0 -0.286 0.968174 0 0.250277 0 1 0 -0.250277 0 0.968174  0 0 0 0 -0.0159386 0
4.88 17.0729 0 -0.286 0.968215 0 0.250118 0 1 0 -0.250118 0 0.968215  0 0 0 0 -0.0169309 0
4.89 17.0729 0 -0.286 0.968259 0 0.249948 0 1 0 -0.249948 0 0.968259  0 0 0 0 -0.0179848 0
4.9 17.0729 0 -0.286 0.968305 0 0.24977 0 1 0 -0.24977 0 0.968305  0 0 0 0 -0.0188698 0
4.91 17.0729 0 -0.286 0.968353 0 0.249583 0 1 0 -0.249583 0 0.968353  0 0 0 -0 -0.0197771 0
4.92 17.0729 0 -0.286 0.968404 0 0.249387 0 1 0 -0.249387 0 0.968404  0 0 0 0 -0.020718 0
4.93 17.0729 0 -0.286 0.968457 0 0.249182 0 1 0 -0.249182 0 0.968457  0 0 0 0 -0.0216144 0
4.94 17.0729 0 -0.286 0.968511 0 0.248969 0 1 0 -0.248969 0 0.968511  0 0 0 0 -0.0224827 0
4.95 17.0729 0 -0.286 0.968569 0 0.248747 0 1 0 -0.248747 0 0.968569  0 0 0 0 -0.023408 0
4.96 17.0729 0 -0.286 0.968628 0 0.248517 0 1 0 -0.248517 0 0.968628  0 0 0 0 -0.0241766 0
4.97 17.0729 0 -0.286 0.968689 0 0.248277 0 1 0 -0.248277 0 0.968689  0 0 0 -0 -0.0251364 0
4.98 17.0729 0 -0.286 0.968752 0 0.248031 0 1 0 -0.248031 0 0.968752  0 0 0 0 -0.0258847 0
4.99 17.0729 0 -0.286 0.968817 0 0.247776 0 1 0 -0.247776 0 0.968817  0 0 0 0 -0.0266925 0
5 17.0729 0 -0.286 0.968884 0 0.247514 0 1 0 -0.247514 0 0.968884  0 0 0 0 -0.0273994 0
5.01 17.0729 0 -0.286 0.968953 0 0.247244 0 1 0 -0.247244 0 0.968953  0 0 0 -0 -0.028331 0
5.02 17.0729 0 -0.286 0.969024 0 0.246966 0 1 0 -0.246966 0 0.969024  0 0 0 -0 -0.0291507 0
5.03 17.0729 0 -0.286 0.969097 0 0.246681 0 1 0 -0.246681 0 0.969097  0 0 0 0 -0.0298378 0
5.04 17.0729 0 -0.286 0.969171 0 0.246388 0 1 0 -0.246388 0 0.969171  0 0 0 0 -0.0305382 0
5.05 17.0729 0 -0.286 0.969247 0 0.246088 0 1 0 -0.246088 0 0.969247  0 0 0 0 -0.0313384 0
5.06 17.0729 0 -0.286 0.969325 0 0.245781 0 1 0 -0.245781 0 0.969325  0 0 0 0 -0.032046 0
5.07 17.0729 0 -0.286 0.969405 0 0.245467 0 1 0 -0.245467 0 0.969405  0 0 0 0 -0.0328213 0
5.08 17.0729 0 -0.286 0.969486 0 0.245148 0 1 0 -0.245148 0 0.969486  0 0 0 0 -0.0331489 0
5.09 17.0729 0 -0.286 0.969569 0 0.24482 0 1 0 -0.24482 0 0.969569  0 0 0 0 -0.0341608 0
5.1 17.0729 0 -0.286 0.969652 0 0.244488 0 1 0 -0.244488 0 0.969652  0 0 0 0 -0.0346703 0
5.11 17.0729 0 -0.286 0.969737 0 0.244151 0 1 0 -0.244151 0 0.969737  0 0 0 0 -0.0350302 0
5.12 17.0729 0 -0.286 0.969824 0 0.243804 0 1 0 -0.243804 0 0.969824  0 0 0 -0 -0.0360289 0
5.13 17.0729 0 -0.286 0.969912 0 0.243456 0 1 0 -0.243456 0 0.969912  0 0 0 -0 -0.0362834 0
5.14 17.0729 0 -0.286 0.970001 0 0.243102 0 1 0 -0.243102 0 0.970001  0 0 0 0 -0.0367137 0
5.15 17.0729 0 -0.286 0.970091 0 0.242742 0 1 0 -0.242742 0 0.970091  0 0 0 0 -0.0372817 0
5.16 17.0729 0 -0.286 0.970181 0 0.24238 0 1 0 -0.24238 0 0.970181  0 0 0 -0 -0.0375119 0
5.17 17.0729 0 -0.286 0.970273 0 0.242013 0 1 0 -0.242013 0 0.970273  0 0 0 0 -0.0380249 0
5.18 17.0729 0 -0.286 0.970365 0 0.241645 0 1 0 -0.241645 0 0.970365  0 0 0 0 -0.0381824 0
5.19 17.0729 0 -0.286 0.970458 0 0.241271 0 1 0 -0.241271 0 0.970458  0 0 0 0 -0.0386621 0
5.2 17.0729 0 -0.286 0.970551 0 0.240894 0 1 0 -0.240894 0 0.970551  0 0 0 0 -0.0390731 0
5.21 17.0729 0 -0.286 0.970646 0 0.240515 0 1 0 -0.240515 0 0.970646  0 0 0 0 -0.0393277 0
5.22 17.0729 0 -0.286 0.970741 0 0.240131 0 1 0 -0.240131 0 0.970741  0 0 0 -0 -0.039747 0
5.23 17.0729 0 -0.286 0.970836 0 0.239745 0 1 0 -0.239745 0 0.970836  0 0 0 0 -0.0399079 0
5.24 17.0729 0 -0.286 0.970932 0 0.239357 0 1 0 -0.239357 0 0.970932  0 0 0 0 -0.0400879 0
5.25 17.0729 0 -0.286 0.971028 0 0.238966 0 1 0 -0.238966 0 0.971028  0 0 0 0 -0.0403128 0
5.26 17.0729 0 -0.286 0.971124 0 0.238574 0 1 0 -0.238574 0 0.971124  0 0 0 0 -0.0405304 0
5.27 17.0729 0 -0.286 0.971221 0 0.238179 0 1 0 -0.238179 0 0.971221  0 0 0 -0 -0.0407872 0
5.28 17.0729 0 -0.286 0.971318 0 0.237784 0 1 0 -0.237784 0 0.971318  0 0 0 0 -0.0407504 0
5.29 17.0729 0 -0.286 0.971415 0 0.237386 0 1 0 -0.237386 0 0.971415  0 0 0 0 -0.0410807 0
5.3 17.0729 0 -0.286 0.971513 0 0.236988 0 1 0 -0.236988 0 0.971513  0 0 0 0 -0.0410381 0
5.31 17.0729 0 -0.286 0.971609 0 0.236591 0 1 0 -0.236591 0 0.971609  0 0 0 0 -0.0407953 0
5.32 17.0729 0 -0.286 0.971706 0 0.236192 0 1 0 -0.236192 0 0.971706  0 0 0 0 -0.0411125 0
5.33 17.0729 0 -0.286 0.971803 0 0.235794 0 1 0 -0.235794 0 0.971803  0 0 0 0 -0.0409392 0
5.34 17.0729 0 -0.286 0.971899 0 0.235397 0 1 0 -0.235397 0 0.971899  0 0 0 0 -0.0409096 0
5.35 17.0729 0 -0.286 0.971996 0 0.234998 0 1 0 -0.234998 0 0.971996  0 0 0 0 -0.0410584 0
5.36 17.0729 0 -0.286 0.972092 0 0.2346 0 1 0 -0.2346 0 0.972092  0 0 0 0 -0.0409454 0
5.37 17.0729 0 -0.286 0.972188 0 0.234202 0 1 0 -0.234202 0 0.972188  0 0 0 0 -0.040835 0
5.38 17.0729 0 -0.286 0.972283 0 0.233807 0 1 0 -0.233807 0 0.972283  0 0 0 0 -0.0406163 0
5.39 17.0729 0 -0.286 0.972378 0 0.233412 0 1 0 -0.233412 0 0.972378  0 0 0 0 -0.04059 0
5.4 17.0729 0 -0.286 0.972473 0 0.233017 0 1 0 -0.233017 0 0.972473  0 0 0 0 -0.0405255 0
5.41 17.0729 0 -0.286 0.972567 0 0.232625 0 1 0 -0.232625 0 0.972567  0 0 0 0 -0.0402976 0
5.42 17.0729 0 -0.286 0.97266 0 0.232232 0 1 0 -0.232232 0 0.97266  0 0 0 0 -0.0403202 0
5.43 17.0729 0 -0.286 0.972754 0 0.231841 0 1 0 -0.231841 0 0.972754  0 0 0 0 -0.0401092 0
5.44 17.0729 0 -0.286 0.972846 0 0.231453 0 1 0 -0.231453 0 0.972846  0 0 0 0 -0.0398957 0
5.45 17.0729 0 -0.286 0.972938 0 0.231065 0 1 0 -0.231065 0 0.972938  0 0 0 0 -0.0398054 0
5.46 17.0729 0 -0.286 0.97303 0 0.230679 0 1 0 -0.230679 0 0.97303  0 0 0 0 -0.0395338 0
5.47 17.0729 0 -0.286 0.973121 0 0.230295 0 1 0 -0.230295 0 0.973121  0 0 0 0 -0.0393918 0
5.48 17.0729 0 -0.286 0.973211 0 0.229912 0 1 0 -0.229912 0 0.973211  0 0 0 0 -0.0392594 0
5.49 17.0729 0 -0.286 0.973301 0 0.229533 0 1 0 -0.229533 0 0.973301  0 0 0 0 -0.0388249 0
5.5 17.0729 0 -0.286 0.97339 0 0.229155 0 1 0 -0.229155 0 0.97339  0 0 0 0 -0.0386933 0
5.51 17.0729 0 -0.286 0.973478 0 0.228781 0 1 0 -0.228781 0 0.973478  0 0 0 -0 -0.0383458 0
5.52 17.0729 0 -0.286 0.973566 0 0.228407 0 1 0 -0.228407 0 0.973566  0 0 0 0 -0.0382934 0
5.53 17.0729 0 -0.286 0.973652 0 0.228039 0 1 0 -0.228039 0 0.973652  0 0 0 -0 -0.0377319 0
5.54 17.0729 0 -0.286 0.973738 0 0.227673 0 1 0 -0.227673 0 0.973738  0 0 0 0 -0.03733 0
5.55 17.0729 0 -0.286 0.973823 0 0.227309 0 1 0 -0.227309 0 0.973823  0 0 0 0 -0.0373377 0
5.56 17.0729 0 -0.286 0.973907 0 0.226948 0 1 0 -0.226948 0 0.973907  0 0 0 0 -0.0368782 0
5.57 17.0729 0 -0.286 0.973989 0 0.226596 0 1 0 -0.226596 0 0.973989  0 0 0 0 -0.0359497 0
5.58 17.0729 0 -0.286 0.974071 0 0.226243 0 1 0 -0.226243 0 0.974071  0 0 0 0 -0.0359023 0
5.59 17.0729 0 -0.286 0.974151 0 0.225897 0 1 0 -0.225897 0 0.974151  0 0 0 0 -0.0353754 0
5.6 17.0729 0 -0.286 0.97423 0 0.225555 0 1 0 -0.225555 0 0.97423  0 0 0 -0 -0.0348275 0
5.61 17.0729 0 -0.286 0.974309 0 0.225217 0 1 0 -0.225217 0 0.974309  0 0 0 0 -0.034476 0
5.62 17.0729 0 -0.286 0.974386 0 0.224884 0 1 0 -0.224884 0 0.974386  0 0 0 -0 -0.0339783 0
5.63 17.0729 0 -0.286 0.974461 0 0.224556 0 1 0 -0.224556 0 0.974461  0 0 0 0 -0.0334627 0
5.64 17.0729 0 -0.286 0.974536 0 0.224232 0 1 0 -0.224232 0 0.974536  0 0 0 0 -0.0329686 0
5.65 17.0729 0 -0.286 0.974609 0 0.223913 0 1 0 -0.223913 0 0.974609  0 0 0 0 -0.0324626 0
5.66 17.0729 0 -0.286 0.974681 0 0.223599 0 1 0 -0.223599 0 0.974681  0 0 0 0 -0.0319667 0
5.67 17.0729 0 -0.286 0.974752 0 0.22329 0 1 0 -0.22329 0 0.974752  0 0 0 0 -0.031454 0
5.68 17.0729 0 -0.286 0.974822 0 0.222986 0 1 0 -0.222986 0 0.974822  0 0 0 0 -0.0309657 0
5.69 17.0729 0 -0.286 0.97489 0 0.222687 0 1 0 -0.222687 0 0.97489  0 0 0 0 -0.0303865 0
5.7 17.0729 0 -0.286 0.974957 0 0.222394 0 1 0 -0.222394 0 0.974957  0 0 0 0 -0.0297951 0
5.71 17.0729 0 -0.286 0.975023 0 0.222106 0 1 0 -0.222106 0 0.975023  0 0 0 0 -0.0292491 0
5.72 17.0729 0 -0.286 0.975087 0 0.221824 0 1 0 -0.221824 0 0.975087  0 0 0 0 -0.0286049 0
5.73 17.0729 0 -0.286 0.97515 0 0.221548 0 1 0 -0.221548 0 0.97515  0 0 0 0 -0.0280795 0
5.74 17.0729 0 -0.286 0.975211 0 0.221279 0 1 0 -0.221279 0 0.975211  0 0 0 0 -0.0272099 0
5.75 17.0729 0 -0.286 0.97527 0 0.221015 0 1 0 -0.221015 0 0.97527  0 0 0 0 -0.0267611 0
5.76 17.0729 0 -0.286 0.975329 0 0.220757 0 1 0 -0.220757 0 0.975329  0 0 0 -0 -0.0261463 0
5.77 17.0729 0 -0.286 0.975386 0 0.220505 0 1 0 -0.220505 0 0.975386  0 0 0 0 -0.0255344 0
5.78 17.0729 0 -0.286 0.975441 0 0.22026 0 1 0 -0.22026 0 0.975441  0 0 0 0 -0.0248524 0
5.79 17.0729 0 -0.286 0.975495 0 0.22002 0 1 0 -0.22002 0 0.975495  0 0 0 0 -0.0242662 0
5.8 17.0729 0 -0.286 0.975548 0 0.219787 0 1 0 -0.219787 0 0.975548  0 0 0 0 -0.0235496 0
5.81 17.0729 0 -0.286 0.975599 0 0.21956 0 1 0 -0.21956 0 0.975599  0 0 0 0 -0.0229035 0
5.82 17.0729 0 -0.286 0.975649 0 0.21934 0 1 0 -0.21934 0 0.975649  0 0 0 0 -0.0222594 0
5.83 17.0729 0 -0.286 0.975697 0 0.219126 0 1 0 -0.219126 0 0.975697  0 0 0 0 -0.0215581 0
5.84 17.0729 0 -0.286 0.975743 0 0.218919 0 1 0 -0.218919 0 0.975743  0 0 0 0 -0.0208941 0
5.85 17.0729 0 -0.286 0.975788 0 0.218719 0 1 0 -0.218719 0 0.975788  0 0 0 0 -0.0201944 0
5.86 17.0729 0 -0.286 0.975831 0 0.218526 0 1 0 -0.218526 0 0.975831  0 0 0 0 -0.0194158 0
5.87 17.0729 0 -0.286 0.975873 0 0.218339 0 1 0 -0.218339 0 0.975873  0 0 0 0 -0.0188163 0
5.88 17.0729 0 -0.286 0.975913 0 0.218159 0 1 0 -0.218159 0 0.975913  0 0 0 0 -0.0180657 0
5.89 17.0729 0 -0.286 0.975952 0 0.217986 0 1 0 -0.217986 0 0.975952  0 0 0 0 -0.0173396 0
5.9 17.0729 0 -0.286 0.975989 0 0.217821 0 1 0 -0.217821 0 0.975989  0 0 0 -0 -0.0166261 0
5.91 17.0729 0 -0.286 0.976024 0 0.217661 0 1 0 -0.217661 0 0.976024  0 0 0 0 -0.0159513 0
5.92 17.0729 0 -0.286 0.976058 0 0.21751 0 1 0 -0.21751 0 0.976058  0 0 0 0 -0.0151714 0
5.93 17.0729 0 -0.286 0.97609 0 0.217365 0 1 0 -0.217365 0 0.97609  0 0 0 0 -0.0144662 0
5.94 17.0729 0 -0.286 0.976121 0 0.217228 0 1 0 -0.217228 0 0.976121  0 0 0 0 -0.0137018 0
5.95 17.0729 0 -0.286 0.97615 0 0.217098 0 1 0 -0.217098 0 0.97615  0 0 0 0 -0.0129569 0
5.96 17.0729 0 -0.286 0.976177 0 0.216975 0 1 0 -0.216975 0 0.976177  0 0 0 0 -0.0122232 0
5.97 17.0729 0 -0.286 0.976203 0 0.216859 0 1 0 -0.216859 0 0.976203  0 0 0 0 -0.0114591 0
5.98 17.0729 0 -0.286 0.976227 0 0.216752 0 1 0 -0.216752 0 0.976227  0 0 0 0 -0.0105777 0
5.99 17.0729 0 -0.286 0.976249 0 0.216651 0 1 0 -0.216651 0 0.976249  0 0 0 0 -0.00996749 0
6 17.0729 0 -0.286 0.97627 0 0.216558 0 1 0 -0.216558 0 0.97627  0 0 0 0 -0.00916347 0
6.01 17.0729 0 -0.286 0.976289 0 0.216473 0 1 0 -0.216473 0 0.976289  0 0 0 0 -0.00838009 0
6.02 17.0729 0 -0.286 0.976306 0 0.216394 0 1 0 -0.216394 0 0.976306  0 0 0 0 -0.0076659 0
6.03 17.0729 0 -0.286 0.976322 0 0.216323 0 1 0 -0.216323 0 0.976322  0 0 0 0 -0.00691198 0
6.04 17.0729 0 -0.286 0.976336 0 0.216259 0 1 0 -0.216259 0 0.976336  0 0 0 0 -0.00615341 0
6.05 17.0729 0 -0.286 0.976349 0 0.216203 0 1 0 -0.216203 0 0.976349  0 0 0 0 -0.00541476 0
6.06 17.0729 0 -0.286 0.976359 0 0.216153 0 1 0 -0.216153 0 0.976359  0 0 0 0 -0.0046724 0
6.07 17.0729 0 -0.286 0.976369 0 0.216111 0 1 0 -0.216111 0 0.976369  0 0 0 0 -0.00392211 0
6.08 17.0729 0 -0.286 0.976376 0 0.216077 0 1 0 -0.216077 0 0.976376  0 0 0 0 -0.00318877 0
6.09 17.0729 0 -0.286 0.976382 0 0.216049 0 1 0 -0.216049 0 0.976382  0 0 0 0 -0.00244589 0
6.1 17.0729 0 -0.286 0.976387 0 0.216029 0 1 0 -0.216029 0 0.976387  0 0 0 -0 -0.00170548 0
6.11 17.0729 0 -0.286 0.97639 0 0.216016 0 1 0 -0.216016 0 0.97639  0 0 0 -0 -0.000973049 0
6.12 17.0729 0 -0.286 0.976391 0 0.21601 0 1 0 -0.21601 0 0.976391  0 0 0 -0 -0.000240233 0
6.13 17.0729 0 -0.286 0.976391 0 0.216011 0 1 0 -0.216011 0 0.976391  0 0 0 0 0.000487644 0
6.14 17.0729 0 -0.286 0.976389 0 0.216019 0 1 0 -0.216019 0 0.976389  0 0 0 0 0.00121383 0
6.15 17.0729 0 -0.286 0.976386 0 0.216035 0 1 0 -0.216035 0 0.976386  0 0 0 0 0.00193477 0
6.16 17.0729 0 -0.286 0.976381 0 0.216057 0 1 0 -0.216057 0 0.976381  0 0 0 0 0.00264819 0
6.17 17.0729 0 -0.286 0.976374 0 0.216086 0 1 0 -0.216086 0 0.976374  0 0 0 0 0.00335637 0
6.18 17.0729 0 -0.286 0.976366 0 0.216123 0 1 0 -0.216123 0 0.976366  0 0 0 0 0.00405712 0
6.19 17.0729 0 -0.286 0.976357 0 0.216166 0 1 0 -0.216166 0 0.976357  0 0 0 0 0.00475428 0
6.2 17.0729 0 -0.286 0.976346 0 0.216215 0 1 0 -0.216215 0 0.976346  0 0 0 0 0.00543133 0
6.21 17.0729 0 -0.286 0.976333 0 0.216272 0 1 0 -0.216272 0 0.976333  0 0 0 0 0.00611037 0
6.22 17.0729 0 -0.286 0.976319 0 0.216334 0 1 0 -0.216334 0 0.976319  0 0 0 0 0.00678708 0
6.23 17.0729 0 -0.286 0.976304 0 0.216404 0 1 0 -0.216404 0 0.976304  0 0 0 0 0.00744338 0
6.24 17.0729 0 -0.286 0.976287 0 0.21648 0 1 0 -0.21648 0 0.976287  0 0 0 0 0.00809864 0
6.25 17.0729 0 -0.286 0.976269 0 0.216562 0 1 0 -0.216562 0 0.976269  0 0 0 0 0.00875783 0
6.26 17.0729 0 -0.286 0.976249 0 0.21665 0 1 0 -0.21665 0 0.976249  0 0 0 0 0.00937314 0
6.27 17.0729 0 -0.286 0.976228 0 0.216745 0 1 0 -0.216745 0 0.976228  0 0 0 0 0.0100034 0
6.28 17.0729 0 -0.286 0.976206 0 0.216846 0 1 0 -0.216846 0 0.976206  0 0 0 0 0.0106283 0
6.29 17.0729 0 -0.286 0.976182 0 0.216952 0 1 0 -0.216952 0 0.976182  0 0 0 0 0.0112277 0
6.3 17.0729 0 -0.286 0.976157 0 0.217065 0 1 0 -0.217065 0 0.976157  0 0 0 0 0.0118946 0
6.31 17.0729 0 -0.286 0.976131 0 0.217183 0 1 0 -0.217183 0 0.976131  0 0 0 0 0.0124103 0
6.32 17.0729 0 -0.286 0.976103 0 0.217308 0 1 0 -0.217308 0 0.976103  0 0 0 0 0.0130151 0
6.33 17.0729 0 -0.286 0.976074 0 0.217437 0 1 0 -0.217437 0 0.976074  0 0 0 0 0.0135839 0
6.34 17.0729 0 -0.286 0.976044 0 0.217572 0 1 0 -0.217572 0 0.976044  0 0 0 0 0.0140963 0
6.35 17.0729 0 -0.286 0.976013 0 0.217713 0 1 0 -0.217713 0 0.976013  0 0 0 0 0.014671 0
6.36 17.0729 0 -0.286 0.97598 0 0.217859 0 1 0 -0.217859 0 0.97598  0 0 0 0 0.0152126 0
6.37 17.0729 0 -0.286 0.975947 0 0.218009 0 1 0 -0.218009 0 0.975947  0 0 0 0 0.0156951 0
6.38 17.0729 0 -0.286 0.975912 0 0.218165 0 1 0 -0.218165 0 0.975912  0 0 0 0 0.0162397 0
6.39 17.0729 0 -0.286 0.975876 0 0.218326 0 1 0 -0.218326 0 0.975876  0 0 0 0 0.0167121 0
6.4 17.0729 0 -0.286 0.975839 0 0.218491 0 1 0 -0.218491 0 0.975839  0 0 0 0 0.0171642 0
6.41 17.0729 0 -0.286 0.975801 0 0.218661 0 1 0 -0.218661 0 0.975801  0 0 0 0 0.0176616 0
6.42 17.0729 0 -0.286 0.975762 0 0.218835 0 1 0 -0.218835 0 0.975762  0 0 0 0 0.0181133 0
6.43 17.0729 0 -0.286 0.975722 0 0.219014 0 1 0 -0.219014 0 0.975722  0 0 0 0 0.0185468 0
6.44 17.0729 0 -0.286 0.975681 0 0.219197 0 1 0 -0.219197 0 0.975681  0 0 0 0 0.0189989 0
6.45 17.0729 0 -0.286 0.975638 0 0.219385 0 1 0 -0.219385 0 0.975638  0 0 0 0 0.01942 0
6.46 17.0729 0 -0.286 0.975595 0 0.219576 0 1 0 -0.219576 0 0.975595  0 0 0 0 0.0198255 0
6.47 17.0729 0 -0.286 0.975551 0 0.219771 0 1 0 -0.219771 0 0.975551  0 0 0 0 0.0202226 0
6.48 17.0729 0 -0.286 0.975507 0 0.21997 0 1 0 -0.21997 0 0.975507  0 0 0 0 0.020604 0
6.49 17.0729 0 -0.286 0.975461 0 0.220173 0 1 0 -0.220173 0 0.975461  0 0 0 0 0.0209723 0
6.5 17.0729 0 -0.286 0.975414 0 0.220379 0 1 0 -0.220379 0 0.975414  0 0 0 0 0.0213116 0
6.51 17.0729 0 -0.286 0.975367 0 0.220589 0 1 0 -0.220589 0 0.975367  0 0 0 0 0.0216776 0
6.52 17.0729 0 -0.286 0.975319 0 0.220802 0 1 0 -0.220802 0 0.975319  0 0 0 0 0.0219974 0
6.53 17.0729 0 -0.286 0.97527 0 0.221018 0 1 0 -0.221018 0 0.97527  0 0 0 0 0.0223114 0
6.54 17.0729 0 -0.286 0.97522 0 0.221239 0 1 0 -0.221239 0 0.97522  0 0 0 0 0.0228419 0
6.55 17.0729 0 -0.286 0.975169 0 0.22146 0 1 0 -0.22146 0 0.975169  0 0 0 0 0.022896 0
6.56 17.0729 0 -0.286 0.975118 0 0.221686 0 1 0 -0.221686 0 0.975118  0 0 0 0 0.0232125 0
6.57 17.0729 0 -0.286 0.975067 0 0.221912 0 1 0 -0.221912 0 0.975067  0 0 0 0 0.0233496 0
6.58 17.0729 0 -0.286 0.975014 0 0.222142 0 1 0 -0.222142 0 0.975014  0 0 0 0 0.0236295 0
6.59 17.0729 0 -0.286 0.974962 0 0.222373 0 1 0 -0.222373 0 0.974962  0 0 0 0 0.0238157 0
6.6 17.0729 0 -0.286 0.974909 0 0.222606 0 1 0 -0.222606 0 0.974909  0 0 0 0 0.0239809 0
6.61 17.0729 0 -0.286 0.974855 0 0.22284 0 1 0 -0.22284 0 0.974855  0 0 0 0 0.0241452 0
6.62 17.0729 0 -0.286 0.974801 0 0.223077 0 1 0 -0.223077 0 0.974801  0 0 0 0 0.0243383 0
6.63 17.0729 0 -0.286 0.974746 0 0.223314 0 1 0 -0.223314 0 0.974746  0 0 0 0 0.0244833 0
6.64 17.0729 0 -0.286 0.974692 0 0.223554 0 1 0 -0.223554 0 0.974692  0 0 0 0 0.0246078 0
6.65 17.0729 0 -0.286 0.974636 0 0.223794 0 1 0 -0.223794 0 0.974636  0 0 0 0 0.024733 0
6.66 17.0729 0 -0.286 0.974581 0 0.224036 0 1 0 -0.224036 0 0.974581  0 0 0 0 0.0248602 0
6.67 17.0729 0 -0.286 0.974525 0 0.224278 0 1 0 -0.224278 0 0.974525  0 0 0 0 0.0249362 0
6.68 17.0729 0 -0.286 0.974469 0 0.224522 0 1 0 -0.224522 0 0.974469  0 0 0 0 0.0250363 0
6.69 17.0729 0 -0.286 0.974413 0 0.224766 0 1 0 -0.224766 0 0.974413  0 0 0 0 0.0250978 0
6.7 17.0729 0 -0.286 0.974356 0 0.22501 0 1 0 -0.22501 0 0.974356  0 0 0 0 0.0250973 0
6.71 17.0729 0 -0.286 0.9743 0 0.225255 0 1 0 -0.225255 0 0.9743  0 0 0 0 0.0251738 0
6.72 17.0729 0 -0.286 0.974243 0 0.225501 0 1 0 -0.225501 0 0.974243  0 0 0 0 0.0252067 0
6.73 17.0729 0 -0.286 0.974186 0 0.225746 0 1 0 -0.225746 0 0.974186  0 0 0 0 0.025223 0
6.74 17.0729 0 -0.286 0.974129 0 0.225991 0 1 0 -0.225991 0 0.974129  0 0 0 0 0.025178 0
6.75 17.0729 0 -0.286 0.974072 0 0.226237 0 1 0 -0.226237 0 0.974072  0 0 0 0 0.0251714 0
6.76 17.0729 0 -0.286 0.974015 0 0.226482 0 1 0 -0.226482 0 0.974015  0 0 0 0 0.0251494 0
6.77 17.0729 0 -0.286 0.973959 0 0.226726 0 1 0 -0.226726 0 0.973959  0 0 0 0 0.0250658 0
6.78 17.0729 0 -0.286 0.973902 0 0.22697 0 1 0 -0.22697 0 0.973902  0 0 0 0 0.0250427 0
6.79 17.0729 0 -0.286 0.973845 0 0.227214 0 1 0 -0.227214 0 0.973845  0 0 0 0 0.025018 0
6.8 17.0729 0 -0.286 0.973788 0 0.227458 0 1 0 -0.227458 0 0.973788  0 0 0 0 0.0250064 0
6.81 17.0729 0 -0.286 0.973731 0 0.2277 0 1 0 -0.2277 0 0.973731  0 0 0 0 0.0247907 0
6.82 17.0729 0 -0.286 0.973675 0 0.227941 0 1 0 -0.227941 0 0.973675  0 0 0 0 0.0247127 0
6.83 17.0729 0 -0.286 0.973619 0 0.228179 0 1 0 -0.228179 0 0.973619  0 0 0 0 0.0243947 0
6.84 17.0729 0 -0.286 0.973563 0 0.228417 0 1 0 -0.228417 0 0.973563  0 0 0 0 0.0242555 0
6.85 17.0729 0 -0.286 0.973508 0 0.228653 0 1 0 -0.228653 0 0.973508  0 0 0 0 0.0242117 0
6.86 17.0729 0 -0.286 0.973453 0 0.228886 0 1 0 -0.228886 0 0.973453  0 0 0 0 0.0237816 0
6.87 17.0729 0 -0.286 0.973399 0 0.229118 0 1 0 -0.229118 0 0.973399  0 0 0 0 0.0237302 0
6.88 17.0729 0 -0.286 0.973345 0 0.229347 0 1 0 -0.229347 0 0.973345  0 0 0 0 0.0234665 0
6.89 17.0729 0 -0.286 0.973291 0 0.229576 0 1 0 -0.229576 0 0.973291  0 0 0 0 0.0234661 0
6.9 17.0729 0 -0.286 0.973238 0 0.229801 0 1 0 -0.229801 0 0.973238  0 0 0 0 0.0230446 0
6.91 17.0729 0 -0.286 0.973185 0 0.230025 0 1 0 -0.230025 0 0.973185  0 0 0 0 0.022839 0
6.92 17.0729 0 -0.286 0.973132 0 0.230247 0 1 0 -0.230247 0 0.973132  0 0 0 0 0.0226917 0
6.93 17.0729 0 -0.286 0.973081 0 0.230464 0 1 0 -0.230464 0 0.973081  0 0 0 0 0.0221401 0
6.94 17.0729 0 -0.286 0.97303 0 0.230679 0 1 0 -0.230679 0 0.97303  0 0 0 0 0.0219192 0
6.95 17.0729 0 -0.286 0.972979 0 0.230892 0 1 0 -0.230892 0 0.972979  0 0 0 0 0.0217637 0
6.96 17.0729 0 -0.286 0.97293 0 0.231101 0 1 0 -0.231101 0 0.97293  0 0 0 0 0.0213297 0
6.97 17.0729 0 -0.286 0.97288 0 0.23131 0 1 0 -0.23131 0 0.97288  0 0 0 0 0.0213933 0
6.98 17.0729 0 -0.286 0.972832 0 0.231514 0 1 0 -0.231514 0 0.972832  0 0 0 0 0.020863 0
6.99 17.0729 0 -0.286 0.972783 0 0.231716 0 1 0 -0.231716 0 0.972783  0 0 0 0 0.0205856 0
7 17.0729 0 -0.286 0.972736 0 0.231915 0 1 0 -0.231915 0 0.972736  0 0 0 0 0.0203386 0
7.01 17.0729 0 -0.286 0.972689 0 0.232111 0 1 0 -0.232111 0 0.972689  0 0 0 0 0.0200061 0
7.02 17.0729 0 -0.286 0.972643 0 0.232304 0 1 0 -0.232304 0 0.972643  0 0 0 0 0.01967 0
7.03 17.0729 0 -0.286 0.972598 0 0.232494 0 1 0 -0.232494 0 0.972598  0 0 0 0 0.0193637 0
7.04 17.0729 0 -0.286 0.972553 0 0.23268 0 1 0 -0.23268 0 0.972553  0 0 0 0 0.0190534 0
7.05 17.0729 0 -0.286 0.972509 0 0.232865 0 1 0 -0.232865 0 0.972509  0 0 0 0 0.0188181 0
7.06 17.0729 0 -0.286 0.972466 0 0.233045 0 1 0 -0.233045 0 0.972466  0 0 0 0 0.0183187 0
7.07 17.0729 0 -0.286 0.972424 0 0.233221 0 1 0 -0.233221 0 0.972424  0 0 0 0 0.017939 0
7.08 17.0729 0 -0.286 0.972382 0 0.233394 0 1 0 -0.233394 0 0.972382  0 0 0 0 0.0175692 0
7.09 17.0729 0 -0.286 0.972342 0 0.233562 0 1 0 -0.233562 0 0.972342  0 0 0 0 0.0171606 0
7.1 17.0729 0 -0.286 0.972302 0 0.233727 0 1 0 -0.233727 0 0.972302  0 0 0 0 0.0167535 0
7.11 17.0729 0 -0.286 0.972263 0 0.233888 0 1 0 -0.233888 0 0.972263  0 0 0 0 0.0163544 0
7.12 17.0729 0 -0.286 0.972226 0 0.234045 0 1 0 -0.234045 0 0.972226  0 0 0 0 0.0159269 0
7.13 17.0729 0 -0.286 0.972189 0 0.234198 0 1 0 -0.234198 0 0.972189  0 0 0 0 0.0154743 0
7.14 17.0729 0 -0.286 0.972153 0 0.234346 0 1 0 -0.234346 0 0.972153  0 0 0 0 0.0150593 0
7.15 17.0729 0 -0.286 0.972118 0 0.23449 0 1 0 -0.23449 0 0.972118  0 0 0 0 0.014615 0
7.16 17.0729 0 -0.286 0.972085 0 0.23463 0 1 0 -0.23463 0 0.972085  0 0 0 0 0.0141193 0
7.17 17.0729 0 -0.286 0.972052 0 0.234764 0 1 0 -0.234764 0 0.972052  0 0 0 0 0.0135563 0
7.18 17.0729 0 -0.286 0.972021 0 0.234895 0 1 0 -0.234895 0 0.972021  0 0 0 0 0.0132376 0
7.19 17.0729 0 -0.286 0.97199 0 0.23502 0 1 0 -0.23502 0 0.97199  0 0 0 0 0.0126545 0
7.2 17.0729 0 -0.286 0.971961 0 0.235141 0 1 0 -0.235141 0 0.971961  0 0 0 0 0.0121856 0
7.21 17.0729 0 -0.286 0.971933 0 0.235257 0 1 0 -0.235257 0 0.971933  0 0 0 0 0.0117275 0
7.22 17.0729 0 -0.286 0.971906 0 0.235369 0 1 0 -0.235369 0 0.971906  0 0 0 0 0.0112035 0
7.23 17.0729 0 -0.286 0.97188 0 0.235476 0 1 0 -0.235476 0 0.97188  0 0 0 0 0.0107654 0
7.24 17.0729 0 -0.286 0.971856 0 0.235578 0 1 0 -0.235578 0 0.971856  0 0 0 0 0.0102369 0
7.25 17.0729 0 -0.286 0.971832 0 0.235675 0 1 0 -0.235675 0 0.971832  0 0 0 0 0.00974027 0
7.26 17.0729 0 -0.286 0.97181 0 0.235767 0 1 0 -0.235767 0 0.97181  0 0 0 0 0.00925683 0
7.27 17.0729 0 -0.286 0.971788 0 0.235855 0 1 0 -0.235855 0 0.971788  0 0 0 0 0.0087563 0
7.28 17.0729 0 -0.286 0.971768 0 0.235937 0 1 0 -0.235937 0 0.971768  0 0 0 0 0.00826083 0
7.29 17.0729 0 -0.286 0.971749 0 0.236016 0 1 0 -0.236016 0 0.971749  0 0 0 0 0.00779517 0
7.3 17.0729 0 -0.286 0.971731 0 0.236092 0 1 0 -0.236092 0 0.971731  0 0 0 0 0.00769521 0
7.31 17.0729 0 -0.286 0.971714 0 0.236161 0 1 0 -0.236161 0 0.971714  0 0 0 0 0.00688059 0
7.32 17.0729 0 -0.286 0.971698 0 0.236227 0 1 0 -0.236227 0 0.971698  0 0 0 0 0.00650848 0
7.33 17.0729 0 -0.286 0.971683 0 0.236288 0 1 0 -0.236288 0 0.971683  0 0 0 0 0.006091 0
7.34 17.0729 0 -0.286 0.971669 0 0.236344 0 1 0 -0.236344 0 0.971669  0 0 0 0 0.00547237 0
7.35 17.0729 0 -0.286 0.971657 0 0.236395 0 1 0 -0.236395 0 0.971657  0 0 0 0 0.00500612 0
7.36 17.0729 0 -0.286 0.971646 0 0.236441 0 1 0 -0.236441 0 0.971646  0 0 0 0 0.00451455 0
7.37 17.0729 0 -0.286 0.971636 0 0.236483 0 1 0 -0.236483 0 0.971636  0 0 0 0 0.00397379 0
7.38 17.0729 0 -0.286 0.971627 0 0.236519 0 1 0 -0.236519 0 0.971627  0 0 0 0 0.0034811 0
7.39 17.0729 0 -0.286 0.971619 0 0.23655 0 1 0 -0.23655 0 0.971619  0 0 0 0 0.00295865 0
7.4 17.0729 0 -0.286 0.971613 0 0.236576 0 1 0 -0.236576 0 0.971613  0 0 0 0 0.00243394 0
7.41 17.0729 0 -0.286 0.971608 0 0.236598 0 1 0 -0.236598 0 0.971608  0 0 0 0 0.00191685 0
7.42 17.0729 0 -0.286 0.971604 0 0.236614 0 1 0 -0.236614 0 0.971604  0 0 0 0 0.00138985 0
7.43 17.0729 0 -0.286 0.971601 0 0.236625 0 1 0 -0.236625 0 0.971601  0 0 0 0 0.000871287 0
7.44 17.0729 0 -0.286 0.9716 0 0.23663 0 1 0 -0.23663 0 0.9716  0 0 0 0 0.000344923 0
7.45 17.0729 0 -0.286 0.9716 0 0.236631 0 1 0 -0.236631 0 0.9716  0 0 0 0 -0.000176927 0
7.46 17.0729 0 -0.286 0.971601 0 0.236627 0 1 0 -0.236627 0 0.971601  0 0 0 0 -0.000695038 0
7.47 17.0729 0 -0.286 0.971603 0 0.236618 0 1 0 -0.236618 0 0.971603  0 0 0 0 -0.00120972 0
7.48 17.0729 0 -0.286 0.971606 0 0.236604 0 1 0 -0.236604 0 0.971606  0 0 0 -0 -0.00173728 0
7.49 17.0729 0 -0.286 0.971611 0 0.236584 0 1 0 -0.236584 0 0.971611  0 0 0 0 -0.00225283 0
7.5 17.0729 0 -0.286 0.971617 0 0.23656 0 1 0 -0.23656 0 0.971617  0 0 0 0 -0.00276753 0
7.51 17.0729 0 -0.286 0.971624 0 0.23653 0 1 0 -0.23653 0 0.971624  0 0 0 0 -0.00328973 0
7.52 17.0729 0 -0.286 0.971632 0 0.236496 0 1 0 -0.236496 0 0.971632  0 0 0 0 -0.00380028 0
7.53 17.0729 0 -0.286 0.971642 0 0.236457 0 1 0 -0.236457 0 0.971642  0 0 0 0 -0.00431222 0
7.54 17.0729 0 -0.286 0.971653 0 0.236412 0 1 0 -0.236412 0 0.971653  0 0 0 0 -0.00481249 0
7.55 17.0729 0 -0.286 0.971665 0 0.236363 0 1 0 -0.236363 0 0.971665  0 0 0 0 -0.00532945 0
7.56 17.0729 0 -0.286 0.971678 0 0.236309 0 1 0 -0.236309 0 0.971678  0 0 0 0 -0.00583128 0
7.57 17.0729 0 -0.286 0.971692 0 0.23625 0 1 0 -0.23625 0 0.971692  0 0 0 0 -0.00631524 0
7.58 17.0729 0 -0.286 0.971708 0 0.236186 0 1 0 -0.236186 0 0.971708  0 0 0 -0 -0.00682499 0
7.59 17.0729 0 -0.286 0.971725 0 0.236117 0 1 0 -0.236117 0 0.971725  0 0 0 0 -0.00730448 0
7.6 17.0729 0 -0.286 0.971742 0 0.236044 0 1 0 -0.236044 0 0.971742  0 0 0 0 -0.00778178 0
7.61 17.0729 0 -0.286 0.971761 0 0.235966 0 1 0 -0.235966 0 0.971761  0 0 0 0 -0.00828113 0
7.62 17.0729 0 -0.286 0.971781 0 0.235883 0 1 0 -0.235883 0 0.971781  0 0 0 0 -0.00884189 0
7.63 17.0729 0 -0.286 0.971803 0 0.235795 0 1 0 -0.235795 0 0.971803  0 0 0 -0 -0.00934435 0
7.64 17.0729 0 -0.286 0.971825 0 0.235703 0 1 0 -0.235703 0 0.971825  0 0 0 -0 -0.0096709 0
7.65 17.0729 0 -0.286 0.971849 0 0.235606 0 1 0 -0.235606 0 0.971849  0 0 0 0 -0.0102724 0
7.66 17.0729 0 -0.286 0.971873 0 0.235504 0 1 0 -0.235504 0 0.971873  0 0 0 -0 -0.0107282 0
7.67 17.0729 0 -0.286 0.971899 0 0.235398 0 1 0 -0.235398 0 0.971899  0 0 0 -0 -0.0111634 0
7.68 17.0729 0 -0.286 0.971926 0 0.235287 0 1 0 -0.235287 0 0.971926  0 0 0 0 -0.011652 0
7.69 17.0729 0 -0.286 0.971954 0 0.235171 0 1 0 -0.235171 0 0.971954  0 0 0 0 -0.0121233 0
7.7 17.0729 0 -0.286 0.971983 0 0.235051 0 1 0 -0.235051 0 0.971983  0 0 0 -0 -0.0125436 0
7.71 17.0729 0 -0.286 0.972013 0 0.234927 0 1 0 -0.234927 0 0.972013  0 0 0 0 -0.0129707 0
7.72 17.0729 0 -0.286 0.972044 0 0.234799 0 1 0 -0.234799 0 0.972044  0 0 0 -0 -0.0134364 0
7.73 17.0729 0 -0.286 0.972076 0 0.234667 0 1 0 -0.234667 0 0.972076  0 0 0 0 -0.0138138 0
7.74 17.0729 0 -0.286 0.972109 0 0.23453 0 1 0 -0.23453 0 0.972109  0 0 0 -0 -0.0142228 0
7.75 17.0729 0 -0.286 0.972143 0 0.23439 0 1 0 -0.23439 0 0.972143  0 0 0 -0 -0.0145991 0
7.76 17.0729 0 -0.286 0.972177 0 0.234248 0 1 0 -0.234248 0 0.972177  0 0 0 0 -0.014847 0
7.77 17.0729 0 -0.286 0.972213 0 0.2341 0 1 0 -0.2341 0 0.972213  0 0 0 0 -0.0154078 0
7.78 17.0729 0 -0.286 0.972249 0 0.233949 0 1 0 -0.233949 0 0.972249  0 0 0 0 -0.0157352 0
7.79 17.0729 0 -0.286 0.972286 0 0.233795 0 1 0 -0.233795 0 0.972286  0 0 0 0 -0.0160004 0
7.8 17.0729 0 -0.286 0.972324 0 0.233636 0 1 0 -0.233636 0 0.972324  0 0 0 0 -0.0164895 0
7.81 17.0729 0 -0.286 0.972363 0 0.233475 0 1 0 -0.233475 0 0.972363  0 0 0 0 -0.0168152 0
7.82 17.0729 0 -0.286 0.972403 0 0.23331 0 1 0 -0.23331 0 0.972403  0 0 0 0 -0.0171482 0
7.83 17.0729 0 -0.286 0.972443 0 0.233141 0 1 0 -0.233141 0 0.972443  0 0 0 0 -0.0174942 0
7.84 17.0729 0 -0.286 0.972484 0 0.232969 0 1 0 -0.232969 0 0.972484  0 0 0 0 -0.0178519 0
7.85 17.0729 0 -0.286 0.972526 0 0.232795 0 1 0 -0.232795 0 0.972526  0 0 0 0 -0.0180924 0
7.86 17.0729 0 -0.286 0.972568 0 0.232619 0 1 0 -0.232619 0 0.972568  0 0 0 0 -0.0181206 0
7.87 17.0729 0 -0.286 0.972611 0 0.232439 0 1 0 -0.232439 0 0.972611  0 0 0 0 -0.0186428 0
7.88 17.0729 0 -0.286 0.972654 0 0.232258 0 1 0 -0.232258 0 0.972654  0 0 0 0 -0.018802 0
7.89 17.0729 0 -0.286 0.972698 0 0.232075 0 1 0 -0.232075 0 0.972698  0 0 0 0 -0.0190005 0
7.9 17.0729 0 -0.286 0.972742 0 0.231888 0 1 0 -0.231888 0 0.972742  0 0 0 0 -0.0192596 0
7.91 17.0729 0 -0.286 0.972787 0 0.2317 0 1 0 -0.2317 0 0.972787  0 0 0 0 -0.019505 0
7.92 17.0729 0 -0.286 0.972833 0 0.231509 0 1 0 -0.231509 0 0.972833  0 0 0 0 -0.0197235 0
7.93 17.0729 0 -0.286 0.972879 0 0.231317 0 1 0 -0.231317 0 0.972879  0 0 0 0 -0.0198905 0
7.94 17.0729 0 -0.286 0.972925 0 0.231122 0 1 0 -0.231122 0 0.972925  0 0 0 0 -0.0201282 0
7.95 17.0729 0 -0.286 0.972972 0 0.230925 0 1 0 -0.230925 0 0.972972  0 0 0 0 -0.0202973 0
7.96 17.0729 0 -0.286 0.973019 0 0.230726 0 1 0 -0.230726 0 0.973019  0 0 0 0 -0.020501 0
7.97 17.0729 0 -0.286 0.973066 0 0.230526 0 1 0 -0.230526 0 0.973066  0 0 0 0 -0.0207198 0
7.98 17.0729 0 -0.286 0.973114 0 0.230324 0 1 0 -0.230324 0 0.973114  0 0 0 0 -0.0208889 0
7.99 17.0729 0 -0.286 0.973162 0 0.230119 0 1 0 -0.230119 0 0.973162  0 0 0 0 -0.0211405 0
8 17.0729 0 -0.286 0.973211 0 0.229914 0 1 0 -0.229914 0 0.973211  0 0 0 0 -0.0211248 0
8.01 17.0729 0 -0.286 0.97326 0 0.229708 0 1 0 -0.229708 0 0.97326  0 0 0 0 -0.0212897 0
8.02 17.0729 0 -0.286 0.973309 0 0.229499 0 1 0 -0.229499 0 0.973309  0 0 0 0 -0.0214856 0
8.03 17.0729 0 -0.286 0.973358 0 0.22929 0 1 0 -0.22929 0 0.973358  0 0 0 0 -0.0215788 0
8.04 17.0729 0 -0.286 0.973408 0 0.229079 0 1 0 -0.229079 0 0.973408  0 0 0 0 -0.0217029 0
8.05 17.0729 0 -0.286 0.973457 0 0.228868 0 1 0 -0.228868 0 0.973457  0 0 0 -0 -0.0218407 0
8.06 17.0729 0 -0.286 0.973507 0 0.228655 0 1 0 -0.228655 0 0.973507  0 0 0 0 -0.0219423 0
8.07 17.0729 0 -0.286 0.973557 0 0.228442 0 1 0 -0.228442 0 0.973557  0 0 0 0 -0.0219152 0
8.08 17.0729 0 -0.286 0.973608 0 0.228228 0 1 0 -0.228228 0 0.973608  0 0 0 0 -0.0220376 0
8.09 17.0729 0 -0.286 0.973658 0 0.228013 0 1 0 -0.228013 0 0.973658  0 0 0 0 -0.0221638 0
8.1 17.0729 0 -0.286 0.973708 0 0.2278 0 1 0 -0.2278 0 0.973708  0 0 0 0 -0.0218414 0
8.11 17.0729 0 -0.286 0.973759 0 0.227583 0 1 0 -0.227583 0 0.973759  0 0 0 0 -0.0223373 0
8.12 17.0729 0 -0.286 0.973809 0 0.227367 0 1 0 -0.227367 0 0.973809  0 0 0 0 -0.0222578 0
8.13 17.0729 0 -0.286 0.97386 0 0.22715 0 1 0 -0.22715 0 0.97386  0 0 0 0 -0.0222711 0
8.14 17.0729 0 -0.286 0.973911 0 0.226932 0 1 0 -0.226932 0 0.973911  0 0 0 0 -0.022404 0
8.15 17.0729 0 -0.286 0.973961 0 0.226716 0 1 0 -0.226716 0 0.973961  0 0 0 0 -0.0221281 0
8.16 17.0729 0 -0.286 0.974011 0 0.2265 0 1 0 -0.2265 0 0.974011  0 0 0 0 -0.022198 0
8.17 17.0729 0 -0.286 0.974061 0 0.226284 0 1 0 -0.226284 0 0.974061  0 0 0 0 -0.0220737 0
8.18 17.0729 0 -0.286 0.974111 0 0.22607 0 1 0 -0.22607 0 0.974111  0 0 0 0 -0.0220113 0
8.19 17.0729 0 -0.286 0.974161 0 0.225855 0 1 0 -0.225855 0 0.974161  0 0 0 0 -0.0220021 0
8.2 17.0729 0 -0.286 0.97421 0 0.225642 0 1 0 -0.225642 0 0.97421  0 0 0 0 -0.0218686 0
8.21 17.0729 0 -0.286 0.974259 0 0.22543 0 1 0 -0.22543 0 0.974259  0 0 0 0 -0.0216554 0
8.22 17.0729 0 -0.286 0.974308 0 0.225219 0 1 0 -0.225219 0 0.974308  0 0 0 0 -0.021597 0
8.23 17.0729 0 -0.286 0.974357 0 0.225009 0 1 0 -0.225009 0 0.974357  0 0 0 -0 -0.0214361 0
8.24 17.0729 0 -0.286 0.974405 0 0.224802 0 1 0 -0.224802 0 0.974405  0 0 0 0 -0.0212556 0
8.25 17.0729 0 -0.286 0.974452 0 0.224595 0 1 0 -0.224595 0 0.974452  0 0 0 0 -0.021129 0
8.26 17.0729 0 -0.286 0.974499 0 0.22439 0 1 0 -0.22439 0 0.974499  0 0 0 0 -0.0209189 0
8.27 17.0729 0 -0.286 0.974546 0 0.224187 0 1 0 -0.224187 0 0.974546  0 0 0 0 -0.0207966 0
8.28 17.0729 0 -0.286 0.974592 0 0.223986 0 1 0 -0.223986 0 0.974592  0 0 0 0 -0.0205343 0
8.29 17.0729 0 -0.286 0.974638 0 0.223786 0 1 0 -0.223786 0 0.974638  0 0 0 0 -0.0203753 0
8.3 17.0729 0 -0.286 0.974684 0 0.223588 0 1 0 -0.223588 0 0.974684  0 0 0 0 -0.0202343 0
8.31 17.0729 0 -0.286 0.974729 0 0.223393 0 1 0 -0.223393 0 0.974729  0 0 0 0 -0.01997 0
8.32 17.0729 0 -0.286 0.974773 0 0.223199 0 1 0 -0.223199 0 0.974773  0 0 0 0 -0.019781 0
8.33 17.0729 0 -0.286 0.974817 0 0.223007 0 1 0 -0.223007 0 0.974817  0 0 0 0 -0.0195416 0
8.34 17.0729 0 -0.286 0.97486 0 0.222818 0 1 0 -0.222818 0 0.97486  0 0 0 0 -0.0193074 0
8.35 17.0729 0 -0.286 0.974903 0 0.222631 0 1 0 -0.222631 0 0.974903  0 0 0 0 -0.0190292 0
8.36 17.0729 0 -0.286 0.974945 0 0.222448 0 1 0 -0.222448 0 0.974945  0 0 0 0 -0.0187101 0
8.37 17.0729 0 -0.286 0.974986 0 0.222266 0 1 0 -0.222266 0 0.974986  0 0 0 0 -0.0184802 0
8.38 17.0729 0 -0.286 0.975027 0 0.222088 0 1 0 -0.222088 0 0.975027  0 0 0 -0 -0.0181682 0
8.39 17.0729 0 -0.286 0.975067 0 0.221912 0 1 0 -0.221912 0 0.975067  0 0 0 0 -0.0178508 0
8.4 17.0729 0 -0.286 0.975106 0 0.221739 0 1 0 -0.221739 0 0.975106  0 0 0 0 -0.0175759 0
8.41 17.0729 0 -0.286 0.975145 0 0.22157 0 1 0 -0.22157 0 0.975145  0 0 0 0 -0.0172299 0
8.42 17.0729 0 -0.286 0.975182 0 0.221405 0 1 0 -0.221405 0 0.975182  0 0 0 0 -0.0167287 0
8.43 17.0729 0 -0.286 0.975219 0 0.221241 0 1 0 -0.221241 0 0.975219  0 0 0 0 -0.0165682 0
8.44 17.0729 0 -0.286 0.975255 0 0.221083 0 1 0 -0.221083 0 0.975255  0 0 0 0 -0.0161077 0
8.45 17.0729 0 -0.286 0.97529 0 0.220927 0 1 0 -0.220927 0 0.97529  0 0 0 -0 -0.015738 0
8.46 17.0729 0 -0.286 0.975325 0 0.220775 0 1 0 -0.220775 0 0.975325  0 0 0 0 -0.0154467 0
8.47 17.0729 0 -0.286 0.975359 0 0.220625 0 1 0 -0.220625 0 0.975359  0 0 0 0 -0.015201 0
8.48 17.0729 0 -0.286 0.975391 0 0.220481 0 1 0 -0.220481 0 0.975391  0 0 0 0 -0.0146314 0
8.49 17.0729 0 -0.286 0.975423 0 0.220339 0 1 0 -0.220339 0 0.975423  0 0 0 0 -0.0143089 0
8.5 17.0729 0 -0.286 0.975454 0 0.220201 0 1 0 -0.220201 0 0.975454  0 0 0 0 -0.0139285 0
8.51 17.0729 0 -0.286 0.975484 0 0.220068 0 1 0 -0.220068 0 0.975484  0 0 0 0 -0.0134198 0
8.52 17.0729 0 -0.286 0.975514 0 0.219939 0 1 0 -0.219939 0 0.975514  0 0 0 0 -0.0130169 0
8.53 17.0729 0 -0.286 0.975542 0 0.219815 0 1 0 -0.219815 0 0.975542  0 0 0 0 -0.0125653 0
8.54 17.0729 0 -0.286 0.975569 0 0.219694 0 1 0 -0.219694 0 0.975569  0 0 0 0 -0.0121248 0
8.55 17.0729 0 -0.286 0.975595 0 0.219578 0 1 0 -0.219578 0 0.975595  0 0 0 0 -0.0116698 0
8.56 17.0729 0 -0.286 0.97562 0 0.219467 0 1 0 -0.219467 0 0.97562  0 0 0 0 -0.0112086 0
8.57 17.0729 0 -0.286 0.975644 0 0.21936 0 1 0 -0.21936 0 0.975644  0 0 0 0 -0.0107426 0
8.58 17.0729 0 -0.286 0.975667 0 0.219257 0 1 0 -0.219257 0 0.975667  0 0 0 0 -0.0102704 0
8.59 17.0729 0 -0.286 0.975689 0 0.219159 0 1 0 -0.219159 0 0.975689  0 0 0 0 -0.00978992 0
8.6 17.0729 0 -0.286 0.97571 0 0.219066 0 1 0 -0.219066 0 0.97571  0 0 0 0 -0.00931 0
8.61 17.0729 0 -0.286 0.97573 0 0.218978 0 1 0 -0.218978 0 0.97573  0 0 0 0 -0.0088161 0
8.62 17.0729 0 -0.286 0.975749 0 0.218894 0 1 0 -0.218894 0 0.975749  0 0 0 0 -0.00832576 0
8.63 17.0729 0 -0.286 0.975766 0 0.218815 0 1 0 -0.218815 0 0.975766  0 0 0 0 -0.00783607 0
8.64 17.0729 0 -0.286 0.975783 0 0.218741 0 1 0 -0.218741 0 0.975783  0 0 0 0 -0.00732722 0
8.65 17.0729 0 -0.286 0.975798 0 0.218672 0 1 0 -0.218672 0 0.975798  0 0 0 0 -0.00682665 0
8.66 17.0729 0 -0.286 0.975813 0 0.218609 0 1 0 -0.218609 0 0.975813  0 0 0 0 -0.00623531 0
8.67 17.0729 0 -0.286 0.975826 0 0.21855 0 1 0 -0.21855 0 0.975826  0 0 0 0 -0.00580669 0
8.68 17.0729 0 -0.286 0.975838 0 0.218496 0 1 0 -0.218496 0 0.975838  0 0 0 0 -0.00526217 0
8.69 17.0729 0 -0.286 0.975849 0 0.218447 0 1 0 -0.218447 0 0.975849  0 0 0 0 -0.00473045 0
8.7 17.0729 0 -0.286 0.975859 0 0.218403 0 1 0 -0.218403 0 0.975859  0 0 0 0 -0.00423265 0
8.71 17.0729 0 -0.286 0.975867 0 0.218365 0 1 0 -0.218365 0 0.975867  0 0 0 0 -0.00370132 0
8.72 17.0729 0 -0.286 0.975875 0 0.218331 0 1 0 -0.218331 0 0.975875  0 0 0 0 -0.00317162 0
8.73 17.0729 0 -0.286 0.975881 0 0.218303 0 1 0 -0.218303 0 0.975881  0 0 0 0 -0.00265917 0
8.74 17.0729 0 -0.286 0.975886 0 0.218279 0 1 0 -0.218279 0 0.975886  0 0 0 0 -0.00213883 0
8.75 17.0729 0 -0.286 0.97589 0 0.218261 0 1 0 -0.218261 0 0.97589  0 0 0 0 -0.00162222 0
8.76 17.0729 0 -0.286 0.975893 0 0.218247 0 1 0 -0.218247 0 0.975893  0 0 0 0 -0.00111262 0
8.77 17.0729 0 -0.286 0.975895 0 0.218239 0 1 0 -0.218239 0 0.975895  0 0 0 0 -0.000620417 0
8.78 17.0729 0 -0.286 0.975896 0 0.218235 0 1 0 -0.218235 0 0.975896  0 0 0 0 -0.000126654 0
8.79 17.0729 0 -0.286 0.975896 0 0.218237 0 1 0 -0.218237 0 0.975896  0 0 0 0 0.00039659 0
8.8 17.0729 0 -0.286 0.975894 0 0.218243 0 1 0 -0.218243 0 0.975894  0 0 0 0 0.000912818 0
8.81 17.0729 0 -0.286 0.975892 0 0.218255 0 1 0 -0.218255 0 0.975892  0 0 0 0 0.00142738 0
8.82 17.0729 0 -0.286 0.975888 0 0.218271 0 1 0 -0.218271 0 0.975888  0 0 0 0 0.00195956 0
8.83 17.0729 0 -0.286 0.975883 0 0.218293 0 1 0 -0.218293 0 0.975883  0 0 0 0 0.00249288 0
8.84 17.0729 0 -0.286 0.975877 0 0.21832 0 1 0 -0.21832 0 0.975877  0 0 0 0 0.00302084 0
8.85 17.0729 0 -0.286 0.97587 0 0.218352 0 1 0 -0.218352 0 0.97587  0 0 0 0 0.00356152 0
8.86 17.0729 0 -0.286 0.975862 0 0.218389 0 1 0 -0.218389 0 0.975862  0 0 0 0 0.00409612 0
8.87 17.0729 0 -0.286 0.975852 0 0.218432 0 1 0 -0.218432 0 0.975852  0 0 0 0 0.00462893 0
8.88 17.0729 0 -0.286 0.975842 0 0.21848 0 1 0 -0.21848 0 0.975842  0 0 0 0 0.00516789 0
8.89 17.0729 0 -0.286 0.97583 0 0.218533 0 1 0 -0.218533 0 0.97583  0 0 0 0 0.00570195 0
8.9 17.0729 0 -0.286 0.975817 0 0.218591 0 1 0 -0.218591 0 0.975817  0 0 0 0 0.00623359 0
8.91 17.0729 0 -0.286 0.975802 0 0.218654 0 1 0 -0.218654 0 0.975802  0 0 0 0 0.00676447 0
8.92 17.0729 0 -0.286 0.975787 0 0.218723 0 1 0 -0.218723 0 0.975787  0 0 0 0 0.00729073 0
8.93 17.0729 0 -0.286 0.97577 0 0.218797 0 1 0 -0.218797 0 0.97577  0 0 0 0 0.00781783 0
8.94 17.0729 0 -0.286 0.975753 0 0.218875 0 1 0 -0.218875 0 0.975753  0 0 0 0 0.00832122 0
8.95 17.0729 0 -0.286 0.975734 0 0.218959 0 1 0 -0.218959 0 0.975734  0 0 0 0 0.00885158 0
8.96 17.0729 0 -0.286 0.975714 0 0.219048 0 1 0 -0.219048 0 0.975714  0 0 0 0 0.00935892 0
8.97 17.0729 0 -0.286 0.975693 0 0.219142 0 1 0 -0.219142 0 0.975693  0 0 0 0 0.00986372 0
8.98 17.0729 0 -0.286 0.975671 0 0.21924 0 1 0 -0.21924 0 0.975671  0 0 0 0 0.0103715 0
8.99 17.0729 0 -0.286 0.975648 0 0.219344 0 1 0 -0.219344 0 0.975648  0 0 0 0 0.0108717 0
9 17.0729 0 -0.286 0.975623 0 0.219452 0 1 0 -0.219452 0 0.975623  0 0 0 0 0.0113655 0
9.01 17.0729 0 -0.286 0.975598 0 0.219566 0 1 0 -0.219566 0 0.975598  0 0 0 0 0.0118541 0
9.02 17.0729 0 -0.286 0.975571 0 0.219684 0 1 0 -0.219684 0 0.975571  0 0 0 0 0.0123357 0
9.03 17.0729 0 -0.286 0.975544 0 0.219806 0 1 0 -0.219806 0 0.975544  0 0 0 0 0.0128217 0
9.04 17.0729 0 -0.286 0.975515 0 0.219934 0 1 0 -0.219934 0 0.975515  0 0 0 0 0.0132805 0
9.05 17.0729 0 -0.286 0.975485 0 0.220065 0 1 0 -0.220065 0 0.975485  0 0 0 0 0.0137592 0
9.06 17.0729 0 -0.286 0.975454 0 0.220202 0 1 0 -0.220202 0 0.975454  0 0 0 0 0.0142088 0
9.07 17.0729 0 -0.286 0.975423 0 0.220342 0 1 0 -0.220342 0 0.975423  0 0 0 0 0.0146519 0
9.08 17.0729 0 -0.286 0.97539 0 0.220488 0 1 0 -0.220488 0 0.97539  0 0 0 0 0.0151033 0
9.09 17.0729 0 -0.286 0.975356 0 0.220637 0 1 0 -0.220637 0 0.975356  0 0 0 0 0.0155523 0
9.1 17.0729 0 -0.286 0.975321 0 0.220791 0 1 0 -0.220791 0 0.975321  0 0 0 0 0.0159804 0
9.11 17.0729 0 -0.286 0.975285 0 0.220949 0 1 0 -0.220949 0 0.975285  0 0 0 0 0.0164102 0
9.12 17.0729 0 -0.286 0.975248 0 0.221112 0 1 0 -0.221112 0 0.975248  0 0 0 0 0.0170165 0
9.13 17.0729 0 -0.286 0.975211 0 0.221279 0 1 0 -0.221279 0 0.975211  0 0 0 0 0.0172729 0
9.14 17.0729 0 -0.286 0.975172 0 0.221449 0 1 0 -0.221449 0 0.975172  0 0 0 0 0.0176973 0
9.15 17.0729 0 -0.286 0.975132 0 0.221624 0 1 0 -0.221624 0 0.975132  0 0 0 0 0.0181336 0
9.16 17.0729 0 -0.286 0.975092 0 0.221803 0 1 0 -0.221803 0 0.975092  0 0 0 0 0.0185035 0
9.17 17.0729 0 -0.286 0.97505 0 0.221984 0 1 0 -0.221984 0 0.97505  0 0 0 0 0.018739 0
9.18 17.0729 0 -0.286 0.975008 0 0.222169 0 1 0 -0.222169 0 0.975008  0 0 0 0 0.0192117 0
9.19 17.0729 0 -0.286 0.974965 0 0.222358 0 1 0 -0.222358 0 0.974965  0 0 0 0 0.0195195 0
9.2 17.0729 0 -0.286 0.974921 0 0.222549 0 1 0 -0.222549 0 0.974921  0 0 0 0 0.0198227 0
9.21 17.0729 0 -0.286 0.974877 0 0.222745 0 1 0 -0.222745 0 0.974877  0 0 0 0 0.0201778 0
9.22 17.0729 0 -0.286 0.974832 0 0.222943 0 1 0 -0.222943 0 0.974832  0 0 0 0 0.020475 0
9.23 17.0729 0 -0.286 0.974785 0 0.223144 0 1 0 -0.223144 0 0.974785  0 0 0 0 0.0208155 0
9.24 17.0729 0 -0.286 0.974739 0 0.223348 0 1 0 -0.223348 0 0.974739  0 0 0 0 0.0211202 0
9.25 17.0729 0 -0.286 0.974691 0 0.223555 0 1 0 -0.223555 0 0.974691  0 0 0 0 0.0213974 0
9.26 17.0729 0 -0.286 0.974643 0 0.223765 0 1 0 -0.223765 0 0.974643  0 0 0 0 0.0216981 0
9.27 17.0729 0 -0.286 0.974594 0 0.223978 0 1 0 -0.223978 0 0.974594  0 0 0 0 0.0219954 0
9.28 17.0729 0 -0.286 0.974545 0 0.224194 0 1 0 -0.224194 0 0.974545  0 0 0 0 0.0222516 0
9.29 17.0729 0 -0.286 0.974494 0 0.224412 0 1 0 -0.224412 0 0.974494  0 0 0 0 0.0225033 0
9.3 17.0729 0 -0.286 0.974444 0 0.224632 0 1 0 -0.224632 0 0.974444  0 0 0 0 0.0227597 0
9.31 17.0729 0 -0.286 0.974392 0 0.224856 0 1 0 -0.224856 0 0.974392  0 0 0 0 0.0230304 0
9.32 17.0729 0 -0.286 0.97434 0 0.22508 0 1 0 -0.22508 0 0.97434  0 0 0 0 0.0231858 0
9.33 17.0729 0 -0.286 0.974288 0 0.225308 0 1 0 -0.225308 0 0.974288  0 0 0 0 0.02346 0
9.34 17.0729 0 -0.286 0.974235 0 0.225537 0 1 0 -0.225537 0 0.974235  0 0 0 0 0.023678 0
9.35 17.0729 0 -0.286 0.974181 0 0.225769 0 1 0 -0.225769 0 0.974181  0 0 0 0 0.0238661 0
9.36 17.0729 0 -0.286 0.974127 0 0.226002 0 1 0 -0.226002 0 0.974127  0 0 0 0 0.0240773 0
9.37 17.0729 0 -0.286 0.974072 0 0.226238 0 1 0 -0.226238 0 0.974072  0 0 0 0 0.024247 0
9.38 17.0729 0 -0.286 0.974017 0 0.226475 0 1 0 -0.226475 0 0.974017  0 0 0 0 0.0244199 0
9.39 17.0729 0 -0.286 0.973962 0 0.226713 0 1 0 -0.226713 0 0.973962  0 0 0 0 0.0245601 0
9.4 17.0729 0 -0.286 0.973906 0 0.226953 0 1 0 -0.226953 0 0.973906  0 0 0 0 0.02474 0
9.41 17.0729 0 -0.286 0.973849 0 0.227195 0 1 0 -0.227195 0 0.973849  0 0 0 0 0.0248923 0
9.42 17.0729 0 -0.286 0.973792 0 0.227439 0 1 0 -0.227439 0 0.973792  0 0 0 0 0.0251423 0
9.43 17.0729 0 -0.286 0.973735 0 0.227683 0 1 0 -0.227683 0 0.973735  0 0 0 0 0.0251519 0
9.44 17.0729 0 -0.286 0.973678 0 0.227929 0 1 0 -0.227929 0 0.973678  0 0 0 0 0.0252923 0
9.45 17.0729 0 -0.286 0.97362 0 0.228175 0 1 0 -0.228175 0 0.97362  0 0 0 0 0.0253779 0
9.46 17.0729 0 -0.286 0.973562 0 0.228421 0 1 0 -0.228421 0 0.973562  0 0 0 0 0.0252402 0
9.47 17.0729 0 -0.286 0.973504 0 0.228668 0 1 0 -0.228668 0 0.973504  0 0 0 0 0.0253078 0
9.48 17.0729 0 -0.286 0.973447 0 0.228914 0 1 0 -0.228914 0 0.973447  0 0 0 0 0.0253325 0
9.49 17.0729 0 -0.286 0.973389 0 0.229161 0 1 0 -0.229161 0 0.973389  0 0 0 0 0.0253295 0
9.5 17.0729 0 -0.286 0.97333 0 0.22941 0 1 0 -0.22941 0 0.97333  0 0 0 0 0.025649 0
9.51 17.0729 0 -0.286 0.973272 0 0.229657 0 1 0 -0.229657 0 0.973272  0 0 0 0 0.0254515 0
9.52 17.0729 0 -0.286 0.973213 0 0.229906 0 1 0 -0.229906 0 0.973213  0 0 0 0 0.0255381 0
9.53 17.0729 0 -0.286 0.973154 0 0.230155 0 1 0 -0.230155 0 0.973154  0 0 0 0 0.0256193 0
9.54 17.0729 0 -0.286 0.973095 0 0.230402 0 1 0 -0.230402 0 0.973095  0 0 0 0 0.0253963 0
9.55 17.0729 0 -0.286 0.973037 0 0.23065 0 1 0 -0.23065 0 0.973037  0 0 0 0 0.0253967 0
9.56 17.0729 0 -0.286 0.972978 0 0.230897 0 1 0 -0.230897 0 0.972978  0 0 0 0 0.0254278 0
9.57 17.0729 0 -0.286 0.97292 0 0.231144 0 1 0 -0.231144 0 0.97292  0 0 0 0 0.025306 0
9.58 17.0729 0 -0.286 0.972861 0 0.231392 0 1 0 -0.231392 0 0.972861  0 0 0 0 0.0255291 0
9.59 17.0729 0 -0.286 0.972802 0 0.231638 0 1 0 -0.231638 0 0.972802  0 0 0 0 0.0253021 0
9.6 17.0729 0 -0.286 0.972743 0 0.231884 0 1 0 -0.231884 0 0.972743  0 0 0 0 0.0252719 0
9.61 17.0729 0 -0.286 0.972685 0 0.23213 0 1 0 -0.23213 0 0.972685  0 0 0 0 0.0252154 0
9.62 17.0729 0 -0.286 0.972626 0 0.232375 0 1 0 -0.232375 0 0.972626  0 0 0 0 0.0251127 0
9.63 17.0729 0 -0.286 0.972568 0 0.232618 0 1 0 -0.232618 0 0.972568  0 0 0 0 0.0250119 0
9.64 17.0729 0 -0.286 0.97251 0 0.232861 0 1 0 -0.232861 0 0.97251  0 0 0 0 0.024921 0
9.65 17.0729 0 -0.286 0.972452 0 0.233104 0 1 0 -0.233104 0 0.972452  0 0 0 0 0.0249197 0
9.66 17.0729 0 -0.286 0.972394 0 0.233344 0 1 0 -0.233344 0 0.972394  0 0 0 0 0.02467 0
9.67 17.0729 0 -0.286 0.972337 0 0.233584 0 1 0 -0.233584 0 0.972337  0 0 0 0 0.0245564 0
9.68 17.0729 0 -0.286 0.972279 0 0.233822 0 1 0 -0.233822 0 0.972279  0 0 0 0 0.0244229 0
9.69 17.0729 0 -0.286 0.972223 0 0.234058 0 1 0 -0.234058 0 0.972223  0 0 0 0 0.0242343 0
9.7 17.0729 0 -0.286 0.972166 0 0.234293 0 1 0 -0.234293 0 0.972166  0 0 0 0 0.0240007 0
9.71 17.0729 0 -0.286 0.97211 0 0.234525 0 1 0 -0.234525 0 0.97211  0 0 0 0 0.0238347 0
9.72 17.0729 0 -0.286 0.972054 0 0.234756 0 1 0 -0.234756 0 0.972054  0 0 0 0 0.0235676 0
9.73 17.0729 0 -0.286 0.971999 0 0.234983 0 1 0 -0.234983 0 0.971999  0 0 0 0 0.0232774 0
9.74 17.0729 0 -0.286 0.971945 0 0.235209 0 1 0 -0.235209 0 0.971945  0 0 0 0 0.0230787 0
9.75 17.0729 0 -0.286 0.971891 0 0.235431 0 1 0 -0.235431 0 0.971891  0 0 0 0 0.0227985 0
9.76 17.0729 0 -0.286 0.971838 0 0.235652 0 1 0 -0.235652 0 0.971838  0 0 0 0 0.0225638 0
9.77 17.0729 0 -0.286 0.971785 0 0.23587 0 1 0 -0.23587 0 0.971785  0 0 0 0 0.0222859 0
9.78 17.0729 0 -0.286 0.971732 0 0.236085 0 1 0 -0.236085 0 0.971732  0 0 0 0 0.0220155 0
9.79 17.0729 0 -0.286 0.971681 0 0.236298 0 1 0 -0.236298 0 0.971681  0 0 0 0 0.021854 0
9.8 17.0729 0 -0.286 0.971629 0 0.236509 0 1 0 -0.236509 0 0.971629  0 0 0 0 0.0214918 0
9.81 17.0729 0 -0.286 0.971579 0 0.236716 0 1 0 -0.236716 0 0.971579  0 0 0 0 0.0211818 0
9.82 17.0729 0 -0.286 0.971529 0 0.23692 0 1 0 -0.23692 0 0.971529  0 0 0 0 0.020905 0
9.83 17.0729 0 -0.286 0.97148 0 0.237122 0 1 0 -0.237122 0 0.97148  0 0 0 0 0.0205463 0
9.84 17.0729 0 -0.286 0.971432 0 0.237319 0 1 0 -0.237319 0 0.971432  0 0 0 0 0.020198 0
9.85 17.0729 0 -0.286 0.971385 0 0.237512 0 1 0 -0.237512 0 0.971385  0 0 0 0 0.0196274 0
9.86 17.0729 0 -0.286 0.971338 0 0.237703 0 1 0 -0.237703 0 0.971338  0 0 0 0 0.0194069 0
9.87 17.0729 0 -0.286 0.971293 0 0.237888 0 1 0 -0.237888 0 0.971293  0 0 0 0 0.0189251 0
9.88 17.0729 0 -0.286 0.971248 0 0.23807 0 1 0 -0.23807 0 0.971248  0 0 0 0 0.0185188 0
9.89 17.0729 0 -0.286 0.971204 0 0.238248 0 1 0 -0.238248 0 0.971204  0 0 0 0 0.0181239 0
9.9 17.0729 0 -0.286 0.971162 0 0.238422 0 1 0 -0.238422 0 0.971162  0 0 0 0 0.0177129 0
9.91 17.0729 0 -0.286 0.97112 0 0.238592 0 1 0 -0.238592 0 0.97112  0 0 0 0 0.0172769 0
9.92 17.0729 0 -0.286 0.971079 0 0.238757 0 1 0 -0.238757 0 0.971079  0 0 0 0 0.0168029 0
9.93 17.0729 0 -0.286 0.97104 0 0.238919 0 1 0 -0.238919 0 0.97104  0 0 0 0 0.0164117 0
9.94 17.0729 0 -0.286 0.971001 0 0.239077 0 1 0 -0.239077 0 0.971001  0 0 0 0 0.0160704 0
9.95 17.0729 0 -0.286 0.970963 0 0.23923 0 1 0 -0.23923 0 0.970963  0 0 0 0 0.015533 0
9.96 17.0729 0 -0.286 0.970926 0 0.239379 0 1 0 -0.239379 0 0.970926  0 0 0 0 0.0151117 0
9.97 17.0729 0 -0.286 0.970891 0 0.239523 0 1 0 -0.239523 0 0.970891  0 0 0 0 0.0146329 0
9.98 17.0729 0 -0.286 0.970856 0 0.239663 0 1 0 -0.239663 0 0.970856  0 0 0 0 0.0141723 0
9.99 17.0729 0 -0.286 0.970823 0 0.239798 0 1 0 -0.239798 0 0.970823  0 0 0 0 0.0136898 0
10 17.0729 0 -0.286 0.97079 0 0.239929 0 1 0 -0.239929 0 0.97079  0 0 0 0 0.0132807 0
10.01 17.0729 0 -0.286 0.970759 0 0.240055 0 1 0 -0.240055 0 0.970759  0 0 0 0 0.0127211 0
10.02 17.0729 0 -0.286 0.970729 0 0.240176 0 1 0 -0.240176 0 0.970729  0 0 0 0 0.0121671 0
10.03 17.0729 0 -0.286 0.970701 0 0.240292 0 1 0 -0.240292 0 0.970701  0 0 0 0 0.011687 0
10.04 17.0729 0 -0.286 0.970673 0 0.240403 0 1 0 -0.240403 0 0.970673  0 0 0 0 0.0111658 0
10.05 17.0729 0 -0.286 0.970647 0 0.240508 0 1 0 -0.240508 0 0.970647  0 0 0 0 0.01064 0
10.06 17.0729 0 -0.286 0.970622 0 0.240609 0 1 0 -0.240609 0 0.970622  0 0 0 0 0.0100716 0
10.07 17.0729 0 -0.286 0.970598 0 0.240704 0 1 0 -0.240704 0 0.970598  0 0 0 0 0.00958205 0
10.08 17.0729 0 -0.286 0.970576 0 0.240794 0 1 0 -0.240794 0 0.970576  0 0 0 0 0.00900895 0
10.09 17.0729 0 -0.286 0.970555 0 0.240879 0 1 0 -0.240879 0 0.970555  0 0 0 0 0.00845369 0
10.1 17.0729 0 -0.286 0.970535 0 0.240959 0 1 0 -0.240959 0 0.970535  0 0 0 0 0.00791381 0
10.11 17.0729 0 -0.286 0.970517 0 0.241033 0 1 0 -0.241033 0 0.970517  0 0 0 0 0.00733638 0
10.12 17.0729 0 -0.286 0.9705 0 0.241101 0 1 0 -0.241101 0 0.9705  0 0 0 0 0.00670857 0
10.13 17.0729 0 -0.286 0.970485 0 0.241163 0 1 0 -0.241163 0 0.970485  0 0 0 0 0.00616673 0
10.14 17.0729 0 -0.286 0.97047 0 0.24122 0 1 0 -0.24122 0 0.97047  0 0 0 0 0.00557157 0
10.15 17.0729 0 -0.286 0.970458 0 0.241272 0 1 0 -0.241272 0 0.970458  0 0 0 0 0.00505629 0
10.16 17.0729 0 -0.286 0.970446 0 0.241318 0 1 0 -0.241318 0 0.970446  0 0 0 0 0.00441588 0
10.17 17.0729 0 -0.286 0.970436 0 0.241358 0 1 0 -0.241358 0 0.970436  0 0 0 0 0.00382457 0
10.18 17.0729 0 -0.286 0.970428 0 0.241392 0 1 0 -0.241392 0 0.970428  0 0 0 0 0.00325675 0
10.19 17.0729 0 -0.286 0.970421 0 0.241421 0 1 0 -0.241421 0 0.970421  0 0 0 0 0.00263455 0
10.2 17.0729 0 -0.286 0.970415 0 0.241443 0 1 0 -0.241443 0 0.970415  0 0 0 0 0.00203669 0
10.21 17.0729 0 -0.286 0.970411 0 0.24146 0 1 0 -0.24146 0 0.970411  0 0 0 0 0.00142739 0
10.22 17.0729 0 -0.286 0.970408 0 0.241471 0 1 0 -0.241471 0 0.970408  0 0 0 0 0.000814299 0
10.23 17.0729 0 -0.286 0.970407 0 0.241476 0 1 0 -0.241476 0 0.970407  0 0 0 0 0.000200111 0
10.24 17.0729 0 -0.286 0.970407 0 0.241475 0 1 0 -0.241475 0 0.970407  0 0 0 0 -0.000414824 0
10.25 17.0729 0 -0.286 0.970409 0 0.241468 0 1 0 -0.241468 0 0.970409  0 0 0 0 -0.00103296 0
10.26 17.0729 0 -0.286 0.970412 0 0.241455 0 1 0 -0.241455 0 0.970412  0 0 0 0 -0.00165056 0
10.27 17.0729 0 -0.286 0.970417 0 0.241436 0 1 0 -0.241436 0 0.970417  0 0 0 0 -0.00226757 0
10.28 17.0729 0 -0.286 0.970423 0 0.241411 0 1 0 -0.241411 0 0.970423  0 0 0 0 -0.0028867 0
10.29 17.0729 0 -0.286 0.970431 0 0.24138 0 1 0 -0.24138 0 0.970431  0 0 0 0 -0.00350717 0
10.3 17.0729 0 -0.286 0.97044 0 0.241343 0 1 0 -0.241343 0 0.97044  0 0 0 0 -0.00412223 0
10.31 17.0729 0 -0.286 0.970451 0 0.2413 0 1 0 -0.2413 0 0.970451  0 0 0 0 -0.00474099 0
10.32 17.0729 0 -0.286 0.970463 0 0.241251 0 1 0 -0.241251 0 0.970463  0 0 0 0 -0.00532658 0
10.33 17.0729 0 -0.286 0.970476 0 0.241196 0 1 0 -0.241196 0 0.970476  0 0 0 0 -0.00597197 0
10.34 17.0729 0 -0.286 0.970492 0 0.241135 0 1 0 -0.241135 0 0.970492  0 0 0 0 -0.00657861 0
10.35 17.0729 0 -0.286 0.970508 0 0.241067 0 1 0 -0.241067 0 0.970508  0 0 0 0 -0.00729603 0
10.36 17.0729 0 -0.286 0.970526 0 0.240995 0 1 0 -0.240995 0 0.970526  0 0 0 0 -0.00779951 0
10.37 17.0729 0 -0.286 0.970546 0 0.240915 0 1 0 -0.240915 0 0.970546  0 0 0 0 -0.00848047 0
10.38 17.0729 0 -0.286 0.970567 0 0.240831 0 1 0 -0.240831 0 0.970567  0 0 0 0 -0.00896839 0
10.39 17.0729 0 -0.286 0.97059 0 0.24074 0 1 0 -0.24074 0 0.97059  0 0 0 0 -0.0096464 0
10.4 17.0729 0 -0.286 0.970613 0 0.240644 0 1 0 -0.240644 0 0.970613  0 0 0 0 -0.0102126 0
10.41 17.0729 0 -0.286 0.970639 0 0.240542 0 1 0 -0.240542 0 0.970639  0 0 0 0 -0.0107842 0
10.42 17.0729 0 -0.286 0.970665 0 0.240434 0 1 0 -0.240434 0 0.970665  0 0 0 0 -0.0114105 0
10.43 17.0729 0 -0.286 0.970693 0 0.240321 0 1 0 -0.240321 0 0.970693  0 0 0 0 -0.0119484 0
10.44 17.0729 0 -0.286 0.970723 0 0.240202 0 1 0 -0.240202 0 0.970723  0 0 0 0 -0.0125614 0
10.45 17.0729 0 -0.286 0.970754 0 0.240078 0 1 0 -0.240078 0 0.970754  0 0 0 0 -0.0131213 0
10.46 17.0729 0 -0.286 0.970786 0 0.239947 0 1 0 -0.239947 0 0.970786  0 0 0 0 -0.013703 0
10.47 17.0729 0 -0.286 0.970819 0 0.239812 0 1 0 -0.239812 0 0.970819  0 0 0 0 -0.0142183 0
10.48 17.0729 0 -0.286 0.970854 0 0.239671 0 1 0 -0.239671 0 0.970854  0 0 0 0 -0.0148145 0
10.49 17.0729 0 -0.286 0.97089 0 0.239525 0 1 0 -0.239525 0 0.97089  0 0 0 0 -0.0153133 0
10.5 17.0729 0 -0.286 0.970928 0 0.239373 0 1 0 -0.239373 0 0.970928  0 0 0 0 -0.0158778 0
10.51 17.0729 0 -0.286 0.970966 0 0.239217 0 1 0 -0.239217 0 0.970966  0 0 0 0 -0.0164147 0
10.52 17.0729 0 -0.286 0.971006 0 0.239055 0 1 0 -0.239055 0 0.971006  0 0 0 0 -0.0169104 0
10.53 17.0729 0 -0.286 0.971047 0 0.238888 0 1 0 -0.238888 0 0.971047  0 0 0 0 -0.0174687 0
10.54 17.0729 0 -0.286 0.971089 0 0.238716 0 1 0 -0.238716 0 0.971089  0 0 0 0 -0.0179669 0
10.55 17.0729 0 -0.286 0.971133 0 0.238539 0 1 0 -0.238539 0 0.971133  0 0 0 0 -0.0185356 0
10.56 17.0729 0 -0.286 0.971178 0 0.238357 0 1 0 -0.238357 0 0.971178  0 0 0 0 -0.0190244 0
10.57 17.0729 0 -0.286 0.971224 0 0.23817 0 1 0 -0.23817 0 0.971224  0 0 0 0 -0.0194816 0
10.58 17.0729 0 -0.286 0.97127 0 0.237979 0 1 0 -0.237979 0 0.97127  0 0 0 0 -0.0198943 0
10.59 17.0729 0 -0.286 0.971318 0 0.237783 0 1 0 -0.237783 0 0.971318  0 0 0 0 -0.0204516 0
10.6 17.0729 0 -0.286 0.971367 0 0.237582 0 1 0 -0.237582 0 0.971367  0 0 0 0 -0.0208927 0
10.61 17.0729 0 -0.286 0.971418 0 0.237377 0 1 0 -0.237377 0 0.971418  0 0 0 0 -0.021345 0
10.62 17.0729 0 -0.286 0.971469 0 0.237168 0 1 0 -0.237168 0 0.971469  0 0 0 0 -0.0217768 0
10.63 17.0729 0 -0.286 0.971521 0 0.236955 0 1 0 -0.236955 0 0.971521  0 0 0 0 -0.0220962 0
10.64 17.0729 0 -0.286 0.971574 0 0.236737 0 1 0 -0.236737 0 0.971574  0 0 0 0 -0.0225938 0
10.65 17.0729 0 -0.286 0.971628 0 0.236516 0 1 0 -0.236516 0 0.971628  0 0 0 0 -0.0229934 0
10.66 17.0729 0 -0.286 0.971682 0 0.236291 0 1 0 -0.236291 0 0.971682  0 0 0 0 -0.023367 0
10.67 17.0729 0 -0.286 0.971738 0 0.236062 0 1 0 -0.236062 0 0.971738  0 0 0 0 -0.0237439 0
10.68 17.0729 0 -0.286 0.971794 0 0.23583 0 1 0 -0.23583 0 0.971794  0 0 0 0 -0.0241175 0
10.69 17.0729 0 -0.286 0.971852 0 0.235592 0 1 0 -0.235592 0 0.971852  0 0 0 0 -0.0246347 0
10.7 17.0729 0 -0.286 0.97191 0 0.235352 0 1 0 -0.235352 0 0.97191  0 0 0 0 -0.0249777 0
10.71 17.0729 0 -0.286 0.971969 0 0.235107 0 1 0 -0.235107 0 0.971969  0 0 0 0 -0.0253481 0
10.72 17.0729 0 -0.286 0.972029 0 0.234859 0 1 0 -0.234859 0 0.972029  0 0 0 0 -0.025725 0
10.73 17.0729 0 -0.286 0.97209 0 0.234608 0 1 0 -0.234608 0 0.97209  0 0 0 0 -0.0260313 0
10.74 17.0729 0 -0.286 0.972152 0 0.234353 0 1 0 -0.234353 0 0.972152  0 0 0 0 -0.0263554 0
10.75 17.0729 0 -0.286 0.972213 0 0.234097 0 1 0 -0.234097 0 0.972213  0 0 0 0 -0.0264777 0
10.76 17.0729 0 -0.286 0.972276 0 0.233836 0 1 0 -0.233836 0 0.972276  0 0 0 0 -0.027 0
10.77 17.0729 0 -0.286 0.972339 0 0.233574 0 1 0 -0.233574 0 0.972339  0 0 0 0 -0.0271206 0
10.78 17.0729 0 -0.286 0.972403 0 0.233308 0 1 0 -0.233308 0 0.972403  0 0 0 0 -0.0274822 0
10.79 17.0729 0 -0.286 0.972467 0 0.233039 0 1 0 -0.233039 0 0.972467  0 0 0 0 -0.0277827 0
10.8 17.0729 0 -0.286 0.972532 0 0.232768 0 1 0 -0.232768 0 0.972532  0 0 0 0 -0.0280044 0
10.81 17.0729 0 -0.286 0.972597 0 0.232497 0 1 0 -0.232497 0 0.972597  0 0 0 0 -0.028029 0
10.82 17.0729 0 -0.286 0.972663 0 0.232221 0 1 0 -0.232221 0 0.972663  0 0 0 0 -0.0284375 0
10.83 17.0729 0 -0.286 0.972729 0 0.231944 0 1 0 -0.231944 0 0.972729  0 0 0 0 -0.0286102 0
10.84 17.0729 0 -0.286 0.972796 0 0.231665 0 1 0 -0.231665 0 0.972796  0 0 0 -0 -0.0287366 0
10.85 17.0729 0 -0.286 0.972862 0 0.231385 0 1 0 -0.231385 0 0.972862  0 0 0 0 -0.0289623 0
10.86 17.0729 0 -0.286 0.97293 0 0.231102 0 1 0 -0.231102 0 0.97293  0 0 0 0 -0.0291422 0
10.87 17.0729 0 -0.286 0.972997 0 0.230818 0 1 0 -0.230818 0 0.972997  0 0 0 -0 -0.0292832 0
10.88 17.0729 0 -0.286 0.973065 0 0.230533 0 1 0 -0.230533 0 0.973065  0 0 0 0 -0.0293672 0
10.89 17.0729 0 -0.286 0.973133 0 0.230246 0 1 0 -0.230246 0 0.973133  0 0 0 0 -0.0295858 0
10.9 17.0729 0 -0.286 0.973201 0 0.229957 0 1 0 -0.229957 0 0.973201  0 0 0 0 -0.0297266 0
10.91 17.0729 0 -0.286 0.973269 0 0.229668 0 1 0 -0.229668 0 0.973269  0 0 0 0 -0.029706 0
10.92 17.0729 0 -0.286 0.973338 0 0.229377 0 1 0 -0.229377 0 0.973338  0 0 0 0 -0.0299537 0
10.93 17.0729 0 -0.286 0.973406 0 0.229086 0 1 0 -0.229086 0 0.973406  0 0 0 -0 -0.0300021 0
10.94 17.0729 0 -0.286 0.973475 0 0.228793 0 1 0 -0.228793 0 0.973475  0 0 0 -0 -0.0302279 0
10.95 17.0729 0 -0.286 0.973544 0 0.2285 0 1 0 -0.2285 0 0.973544  0 0 0 -0 -0.0301839 0
10.96 17.0729 0 -0.286 0.973613 0 0.228206 0 1 0 -0.228206 0 0.973613  0 0 0 -0 -0.0302213 0
10.97 17.0729 0 -0.286 0.973682 0 0.22791 0 1 0 -0.22791 0 0.973682  0 0 0 -0 -0.0303877 0
10.98 17.0729 0 -0.286 0.973751 0 0.227616 0 1 0 -0.227616 0 0.973751  0 0 0 0 -0.0302332 0
10.99 17.0729 0 -0.286 0.97382 0 0.227319 0 1 0 -0.227319 0 0.97382  0 0 0 -0 -0.0305468 0
11 17.0729 0 -0.286 0.97389 0 0.227022 0 1 0 -0.227022 0 0.97389  0 0 0 0 -0.0305105 0
11.01 17.0729 0 -0.286 0.973958 0 0.226728 0 1 0 -0.226728 0 0.973958  0 0 0 0 -0.0302091 0
11.02 17.0729 0 -0.286 0.974027 0 0.226431 0 1 0 -0.226431 0 0.974027  0 0 0 -0 -0.0304661 0
11.03 17.0729 0 -0.286 0.974096 0 0.226136 0 1 0 -0.226136 0 0.974096  0 0 0 0 -0.0302331 0
11.04 17.0729 0 -0.286 0.974164 0 0.225841 0 1 0 -0.225841 0 0.974164  0 0 0 0 -0.0302557 0
11.05 17.0729 0 -0.286 0.974232 0 0.225547 0 1 0 -0.225547 0 0.974232  0 0 0 -0 -0.0302106 0
11.06 17.0729 0 -0.286 0.9743 0 0.225254 0 1 0 -0.225254 0 0.9743  0 0 0 0 -0.0299903 0
11.07 17.0729 0 -0.286 0.974368 0 0.224962 0 1 0 -0.224962 0 0.974368  0 0 0 -0 -0.0299685 0
11.08 17.0729 0 -0.286 0.974435 0 0.224671 0 1 0 -0.224671 0 0.974435  0 0 0 0 -0.0298474 0
11.09 17.0729 0 -0.286 0.974501 0 0.224381 0 1 0 -0.224381 0 0.974501  0 0 0 0 -0.0296285 0
11.1 17.0729 0 -0.286 0.974568 0 0.224092 0 1 0 -0.224092 0 0.974568  0 0 0 -0 -0.0296249 0
11.11 17.0729 0 -0.286 0.974634 0 0.223805 0 1 0 -0.223805 0 0.974634  0 0 0 -0 -0.0293587 0
11.12 17.0729 0 -0.286 0.9747 0 0.223518 0 1 0 -0.223518 0 0.9747  0 0 0 -0 -0.0293579 0
11.13 17.0729 0 -0.286 0.974765 0 0.223234 0 1 0 -0.223234 0 0.974765  0 0 0 -0 -0.0291448 0
11.14 17.0729 0 -0.286 0.97483 0 0.222951 0 1 0 -0.222951 0 0.97483  0 0 0 0 -0.0289345 0
11.15 17.0729 0 -0.286 0.974894 0 0.222669 0 1 0 -0.222669 0 0.974894  0 0 0 0 -0.0287803 0
11.16 17.0729 0 -0.286 0.974958 0 0.222391 0 1 0 -0.222391 0 0.974958  0 0 0 0 -0.0284938 0
11.17 17.0729 0 -0.286 0.975021 0 0.222114 0 1 0 -0.222114 0 0.975021  0 0 0 0 -0.0282904 0
11.18 17.0729 0 -0.286 0.975083 0 0.221839 0 1 0 -0.221839 0 0.975083  0 0 0 -0 -0.0280469 0
11.19 17.0729 0 -0.286 0.975145 0 0.221567 0 1 0 -0.221567 0 0.975145  0 0 0 -0 -0.0278084 0
11.2 17.0729 0 -0.286 0.975206 0 0.221298 0 1 0 -0.221298 0 0.975206  0 0 0 0 -0.027404 0
11.21 17.0729 0 -0.286 0.975267 0 0.221031 0 1 0 -0.221031 0 0.975267  0 0 0 0 -0.0272291 0
11.22 17.0729 0 -0.286 0.975327 0 0.220767 0 1 0 -0.220767 0 0.975327  0 0 0 -0 -0.0269491 0
11.23 17.0729 0 -0.286 0.975386 0 0.220505 0 1 0 -0.220505 0 0.975386  0 0 0 0 -0.0267921 0
11.24 17.0729 0 -0.286 0.975444 0 0.220247 0 1 0 -0.220247 0 0.975444  0 0 0 0 -0.0263173 0
11.25 17.0729 0 -0.286 0.975502 0 0.219991 0 1 0 -0.219991 0 0.975502  0 0 0 0 -0.0260239 0
11.26 17.0729 0 -0.286 0.975558 0 0.21974 0 1 0 -0.21974 0 0.975558  0 0 0 -0 -0.025554 0
11.27 17.0729 0 -0.286 0.975614 0 0.219492 0 1 0 -0.219492 0 0.975614  0 0 0 0 -0.0252706 0
11.28 17.0729 0 -0.286 0.975669 0 0.219247 0 1 0 -0.219247 0 0.975669  0 0 0 -0 -0.0248669 0
11.29 17.0729 0 -0.286 0.975723 0 0.219007 0 1 0 -0.219007 0 0.975723  0 0 0 -0 -0.0244588 0
11.3 17.0729 0 -0.286 0.975776 0 0.21877 0 1 0 -0.21877 0 0.975776  0 0 0 -0 -0.0240805 0
11.31 17.0729 0 -0.286 0.975829 0 0.218537 0 1 0 -0.218537 0 0.975829  0 0 0 -0 -0.023652 0
11.32 17.0729 0 -0.286 0.97588 0 0.218309 0 1 0 -0.218309 0 0.97588  0 0 0 0 -0.0231419 0
11.33 17.0729 0 -0.286 0.97593 0 0.218084 0 1 0 -0.218084 0 0.97593  0 0 0 0 -0.0228116 0
11.34 17.0729 0 -0.286 0.975979 0 0.217865 0 1 0 -0.217865 0 0.975979  0 0 0 -0 -0.0223161 0
11.35 17.0729 0 -0.286 0.976027 0 0.217649 0 1 0 -0.217649 0 0.976027  0 0 0 0 -0.0219034 0
11.36 17.0729 0 -0.286 0.976074 0 0.217437 0 1 0 -0.217437 0 0.976074  0 0 0 -0 -0.0214313 0
11.37 17.0729 0 -0.286 0.97612 0 0.21723 0 1 0 -0.21723 0 0.97612  0 0 0 0 -0.0209486 0
11.38 17.0729 0 -0.286 0.976165 0 0.217029 0 1 0 -0.217029 0 0.976165  0 0 0 0 -0.020427 0
11.39 17.0729 0 -0.286 0.976209 0 0.216831 0 1 0 -0.216831 0 0.976209  0 0 0 0 -0.0199793 0
11.4 17.0729 0 -0.286 0.976252 0 0.21664 0 1 0 -0.21664 0 0.976252  0 0 0 0 -0.0193653 0
11.41 17.0729 0 -0.286 0.976293 0 0.216452 0 1 0 -0.216452 0 0.976293  0 0 0 0 -0.0189384 0
11.42 17.0729 0 -0.286 0.976334 0 0.21627 0 1 0 -0.21627 0 0.976334  0 0 0 -0 -0.0183797 0
11.43 17.0729 0 -0.286 0.976373 0 0.216094 0 1 0 -0.216094 0 0.976373  0 0 0 -0 -0.0178489 0
11.44 17.0729 0 -0.286 0.976411 0 0.215922 0 1 0 -0.215922 0 0.976411  0 0 0 -0 -0.0173206 0
11.45 17.0729 0 -0.286 0.976447 0 0.215756 0 1 0 -0.215756 0 0.976447  0 0 0 -0 -0.0167641 0
11.46 17.0729 0 -0.286 0.976483 0 0.215595 0 1 0 -0.215595 0 0.976483  0 0 0 -0 -0.0162155 0
11.47 17.0729 0 -0.286 0.976517 0 0.215439 0 1 0 -0.215439 0 0.976517  0 0 0 -0 -0.015603 0
11.48 17.0729 0 -0.286 0.97655 0 0.21529 0 1 0 -0.21529 0 0.97655  0 0 0 0 -0.0150413 0
11.49 17.0729 0 -0.286 0.976582 0 0.215146 0 1 0 -0.215146 0 0.976582  0 0 0 -0 -0.0144386 0
11.5 17.0729 0 -0.286 0.976612 0 0.215007 0 1 0 -0.215007 0 0.976612  0 0 0 -0 -0.0138717 0
11.51 17.0729 0 -0.286 0.976642 0 0.214875 0 1 0 -0.214875 0 0.976642  0 0 0 -0 -0.013266 0
11.52 17.0729 0 -0.286 0.976669 0 0.214748 0 1 0 -0.214748 0 0.976669  0 0 0 -0 -0.0126721 0
11.53 17.0729 0 -0.286 0.976696 0 0.214628 0 1 0 -0.214628 0 0.976696  0 0 0 -0 -0.0120737 0
11.54 17.0729 0 -0.286 0.976721 0 0.214513 0 1 0 -0.214513 0 0.976721  0 0 0 -0 -0.011459 0
11.55 17.0729 0 -0.286 0.976745 0 0.214404 0 1 0 -0.214404 0 0.976745  0 0 0 -0 -0.0108465 0
11.56 17.0729 0 -0.286 0.976768 0 0.214301 0 1 0 -0.214301 0 0.976768  0 0 0 0 -0.0102501 0
11.57 17.0729 0 -0.286 0.976789 0 0.214204 0 1 0 -0.214204 0 0.976789  0 0 0 0 -0.0096123 0
11.58 17.0729 0 -0.286 0.976809 0 0.214113 0 1 0 -0.214113 0 0.976809  0 0 0 -0 -0.00899017 0
11.59 17.0729 0 -0.286 0.976827 0 0.214028 0 1 0 -0.214028 0 0.976827  0 0 0 0 -0.00836406 0
11.6 17.0729 0 -0.286 0.976845 0 0.21395 0 1 0 -0.21395 0 0.976845  0 0 0 0 -0.0077346 0
11.61 17.0729 0 -0.286 0.976861 0 0.213877 0 1 0 -0.213877 0 0.976861  0 0 0 0 -0.00710269 0
11.62 17.0729 0 -0.286 0.976875 0 0.213811 0 1 0 -0.213811 0 0.976875  0 0 0 0 -0.00644076 0
11.63 17.0729 0 -0.286 0.976888 0 0.213751 0 1 0 -0.213751 0 0.976888  0 0 0 0 -0.00583352 0
11.64 17.0729 0 -0.286 0.9769 0 0.213697 0 1 0 -0.213697 0 0.9769  0 0 0 0 -0.00518352 0
11.65 17.0729 0 -0.286 0.97691 0 0.21365 0 1 0 -0.21365 0 0.97691  0 0 0 0 -0.00453546 0
11.66 17.0729 0 -0.286 0.976919 0 0.213609 0 1 0 -0.213609 0 0.976919  0 0 0 0 -0.00390916 0
11.67 17.0729 0 -0.286 0.976927 0 0.213574 0 1 0 -0.213574 0 0.976927  0 0 0 0 -0.00327 0
11.68 17.0729 0 -0.286 0.976933 0 0.213545 0 1 0 -0.213545 0 0.976933  0 0 0 0 -0.0026282 0
11.69 17.0729 0 -0.286 0.976938 0 0.213522 0 1 0 -0.213522 0 0.976938  0 0 0 0 -0.00199483 0
11.7 17.0729 0 -0.286 0.976942 0 0.213506 0 1 0 -0.213506 0 0.976942  0 0 0 0 -0.00135846 0
11.71 17.0729 0 -0.286 0.976944 0 0.213496 0 1 0 -0.213496 0 0.976944  0 0 0 0 -0.000718777 0
11.72 17.0729 0 -0.286 0.976945 0 0.213492 0 1 0 -0.213492 0 0.976945  0 0 0 0 -8.285e-05 0
11.73 17.0729 0 -0.286 0.976944 0 0.213494 0 1 0 -0.213494 0 0.976944  0 0 0 0 0.000548193 0
11.74 17.0729 0 -0.286 0.976943 0 0.213502 0 1 0 -0.213502 0 0.976943  0 0 0 0 0.00118366 0
11.75 17.0729 0 -0.286 0.976939 0 0.213517 0 1 0 -0.213517 0 0.976939  0 0 0 0 0.00181525 0
11.76 17.0729 0 -0.286 0.976935 0 0.213538 0 1 0 -0.213538 0 0.976935  0 0 0 0 0.00244329 0
11.77 17.0729 0 -0.286 0.976929 0 0.213565 0 1 0 -0.213565 0 0.976929  0 0 0 0 0.00306691 0
11.78 17.0729 0 -0.286 0.976922 0 0.213598 0 1 0 -0.213598 0 0.976922  0 0 0 0 0.00368706 0
11.79 17.0729 0 -0.286 0.976913 0 0.213637 0 1 0 -0.213637 0 0.976913  0 0 0 0 0.00430825 0
11.8 17.0729 0 -0.286 0.976903 0 0.213682 0 1 0 -0.213682 0 0.976903  0 0 0 0 0.00491814 0
11.81 17.0729 0 -0.286 0.976892 0 0.213733 0 1 0 -0.213733 0 0.976892  0 0 0 0 0.00553422 0
11.82 17.0729 0 -0.286 0.97688 0 0.21379 0 1 0 -0.21379 0 0.97688  0 0 0 0 0.00613652 0
11.83 17.0729 0 -0.286 0.976866 0 0.213853 0 1 0 -0.213853 0 0.976866  0 0 0 0 0.00672384 0
11.84 17.0729 0 -0.286 0.976851 0 0.213921 0 1 0 -0.213921 0 0.976851  0 0 0 0 0.00733859 0
11.85 17.0729 0 -0.286 0.976835 0 0.213996 0 1 0 -0.213996 0 0.976835  0 0 0 0 0.00792762 0
11.86 17.0729 0 -0.286 0.976817 0 0.214076 0 1 0 -0.214076 0 0.976817  0 0 0 0 0.00848438 0
11.87 17.0729 0 -0.286 0.976798 0 0.214162 0 1 0 -0.214162 0 0.976798  0 0 0 0 0.00911158 0
11.88 17.0729 0 -0.286 0.976778 0 0.214253 0 1 0 -0.214253 0 0.976778  0 0 0 0 0.0096596 0
11.89 17.0729 0 -0.286 0.976757 0 0.21435 0 1 0 -0.21435 0 0.976757  0 0 0 0 0.0102234 0
11.9 17.0729 0 -0.286 0.976734 0 0.214453 0 1 0 -0.214453 0 0.976734  0 0 0 0 0.010812 0
11.91 17.0729 0 -0.286 0.97671 0 0.214562 0 1 0 -0.214562 0 0.97671  0 0 0 0 0.0113769 0
11.92 17.0729 0 -0.286 0.976685 0 0.214675 0 1 0 -0.214675 0 0.976685  0 0 0 0 0.0119444 0
11.93 17.0729 0 -0.286 0.976659 0 0.214795 0 1 0 -0.214795 0 0.976659  0 0 0 0 0.012498 0
11.94 17.0729 0 -0.286 0.976632 0 0.21492 0 1 0 -0.21492 0 0.976632  0 0 0 0 0.0130524 0
11.95 17.0729 0 -0.286 0.976603 0 0.21505 0 1 0 -0.21505 0 0.976603  0 0 0 0 0.0136025 0
11.96 17.0729 0 -0.286 0.976573 0 0.215185 0 1 0 -0.215185 0 0.976573  0 0 0 0 0.0141487 0
11.97 17.0729 0 -0.286 0.976542 0 0.215326 0 1 0 -0.215326 0 0.976542  0 0 0 0 0.0146815 0
11.98 17.0729 0 -0.286 0.97651 0 0.215472 0 1 0 -0.215472 0 0.97651  0 0 0 0 0.0152155 0
11.99 17.0729 0 -0.286 0.976477 0 0.215623 0 1 0 -0.215623 0 0.976477  0 0 0 0 0.0157277 0
12 17.0729 0 -0.286 0.976442 0 0.215779 0 1 0 -0.215779 0 0.976442  0 0 0 0 0.0162464 0
12.01 17.0729 0 -0.286 0.976407 0 0.21594 0 1 0 -0.21594 0 0.976407  0 0 0 0 0.0167262 0
12.02 17.0729 0 -0.286 0.97637 0 0.216106 0 1 0 -0.216106 0 0.97637  0 0 0 0 0.0172244 0
12.03 17.0729 0 -0.286 0.976332 0 0.216276 0 1 0 -0.216276 0 0.976332  0 0 0 0 0.0177313 0
12.04 17.0729 0 -0.286 0.976293 0 0.216452 0 1 0 -0.216452 0 0.976293  0 0 0 0 0.0182054 0
12.05 17.0729 0 -0.286 0.976253 0 0.216632 0 1 0 -0.216632 0 0.976253  0 0 0 0 0.0186908 0
12.06 17.0729 0 -0.286 0.976212 0 0.216816 0 1 0 -0.216816 0 0.976212  0 0 0 0 0.0191446 0
12.07 17.0729 0 -0.286 0.97617 0 0.217006 0 1 0 -0.217006 0 0.97617  0 0 0 0 0.0196111 0
12.08 17.0729 0 -0.286 0.976127 0 0.217199 0 1 0 -0.217199 0 0.976127  0 0 0 0 0.0200424 0
12.09 17.0729 0 -0.286 0.976083 0 0.217397 0 1 0 -0.217397 0 0.976083  0 0 0 0 0.0205068 0
12.1 17.0729 0 -0.286 0.976038 0 0.217599 0 1 0 -0.217599 0 0.976038  0 0 0 0 0.0209172 0
12.11 17.0729 0 -0.286 0.975992 0 0.217805 0 1 0 -0.217805 0 0.975992  0 0 0 0 0.021348 0
12.12 17.0729 0 -0.286 0.975945 0 0.218016 0 1 0 -0.218016 0 0.975945  0 0 0 0 0.0217892 0
12.13 17.0729 0 -0.286 0.975897 0 0.21823 0 1 0 -0.21823 0 0.975897  0 0 0 0 0.0221813 0
12.14 17.0729 0 -0.286 0.975848 0 0.218449 0 1 0 -0.218449 0 0.975848  0 0 0 0 0.0225911 0
12.15 17.0729 0 -0.286 0.975799 0 0.218671 0 1 0 -0.218671 0 0.975799  0 0 0 0 0.0229561 0
12.16 17.0729 0 -0.286 0.975748 0 0.218897 0 1 0 -0.218897 0 0.975748  0 0 0 0 0.0233517 0
12.17 17.0729 0 -0.286 0.975697 0 0.219126 0 1 0 -0.219126 0 0.975697  0 0 0 0 0.0236803 0
12.18 17.0729 0 -0.286 0.975644 0 0.219359 0 1 0 -0.219359 0 0.975644  0 0 0 0 0.0240772 0
12.19 17.0729 0 -0.286 0.975591 0 0.219596 0 1 0 -0.219596 0 0.975591  0 0 0 0 0.0244245 0
12.2 17.0729 0 -0.286 0.975537 0 0.219835 0 1 0 -0.219835 0 0.975537  0 0 0 0 0.0247497 0
12.21 17.0729 0 -0.286 0.975482 0 0.220079 0 1 0 -0.220079 0 0.975482  0 0 0 0 0.0250824 0
12.22 17.0729 0 -0.286 0.975427 0 0.220325 0 1 0 -0.220325 0 0.975427  0 0 0 0 0.0254102 0
12.23 17.0729 0 -0.286 0.97537 0 0.220574 0 1 0 -0.220574 0 0.97537  0 0 0 0 0.0257009 0
12.24 17.0729 0 -0.286 0.975313 0 0.220826 0 1 0 -0.220826 0 0.975313  0 0 0 0 0.0260161 0
12.25 17.0729 0 -0.286 0.975255 0 0.221081 0 1 0 -0.221081 0 0.975255  0 0 0 0 0.0263147 0
12.26 17.0729 0 -0.286 0.975197 0 0.22134 0 1 0 -0.22134 0 0.975197  0 0 0 0 0.0267475 0
12.27 17.0729 0 -0.286 0.975137 0 0.221601 0 1 0 -0.221601 0 0.975137  0 0 0 0 0.0268422 0
12.28 17.0729 0 -0.286 0.975077 0 0.221865 0 1 0 -0.221865 0 0.975077  0 0 0 0 0.0271779 0
12.29 17.0729 0 -0.286 0.975017 0 0.22213 0 1 0 -0.22213 0 0.975017  0 0 0 0 0.0273048 0
12.3 17.0729 0 -0.286 0.974956 0 0.222398 0 1 0 -0.222398 0 0.974956  0 0 0 0 0.027568 0
12.31 17.0729 0 -0.286 0.974895 0 0.222667 0 1 0 -0.222667 0 0.974895  0 0 0 0 0.0277262 0
12.32 17.0729 0 -0.286 0.974833 0 0.222938 0 1 0 -0.222938 0 0.974833  0 0 0 0 0.0279209 0
12.33 17.0729 0 -0.286 0.97477 0 0.223211 0 1 0 -0.223211 0 0.97477  0 0 0 0 0.028058 0
12.34 17.0729 0 -0.286 0.974707 0 0.223486 0 1 0 -0.223486 0 0.974707  0 0 0 0 0.0282659 0
12.35 17.0729 0 -0.286 0.974644 0 0.223761 0 1 0 -0.223761 0 0.974644  0 0 0 0 0.0283849 0
12.36 17.0729 0 -0.286 0.97458 0 0.224039 0 1 0 -0.224039 0 0.97458  0 0 0 0 0.0285454 0
12.37 17.0729 0 -0.286 0.974516 0 0.224318 0 1 0 -0.224318 0 0.974516  0 0 0 0 0.0286747 0
12.38 17.0729 0 -0.286 0.974452 0 0.224598 0 1 0 -0.224598 0 0.974452  0 0 0 0 0.0288083 0
12.39 17.0729 0 -0.286 0.974387 0 0.224879 0 1 0 -0.224879 0 0.974387  0 0 0 0 0.0289459 0
12.4 17.0729 0 -0.286 0.974322 0 0.225161 0 1 0 -0.225161 0 0.974322  0 0 0 0 0.0289797 0
12.41 17.0729 0 -0.286 0.974256 0 0.225444 0 1 0 -0.225444 0 0.974256  0 0 0 0 0.0291476 0
12.42 17.0729 0 -0.286 0.97419 0 0.225729 0 1 0 -0.225729 0 0.97419  0 0 0 0 0.0292354 0
12.43 17.0729 0 -0.286 0.974124 0 0.226013 0 1 0 -0.226013 0 0.974124  0 0 0 0 0.0292616 0
12.44 17.0729 0 -0.286 0.974058 0 0.226299 0 1 0 -0.226299 0 0.974058  0 0 0 0 0.0294079 0
12.45 17.0729 0 -0.286 0.973991 0 0.226586 0 1 0 -0.226586 0 0.973991  0 0 0 0 0.0294577 0
12.46 17.0729 0 -0.286 0.973925 0 0.226872 0 1 0 -0.226872 0 0.973925  0 0 0 0 0.0294115 0
12.47 17.0729 0 -0.286 0.973857 0 0.22716 0 1 0 -0.22716 0 0.973857  0 0 0 0 0.0295851 0
12.48 17.0729 0 -0.286 0.97379 0 0.227449 0 1 0 -0.227449 0 0.97379  0 0 0 0 0.029699 0
12.49 17.0729 0 -0.286 0.973723 0 0.227737 0 1 0 -0.227737 0 0.973723  0 0 0 0 0.0295868 0
12.5 17.0729 0 -0.286 0.973655 0 0.228026 0 1 0 -0.228026 0 0.973655  0 0 0 0 0.0296589 0
12.51 17.0729 0 -0.286 0.973588 0 0.228314 0 1 0 -0.228314 0 0.973588  0 0 0 0 0.0296097 0
12.52 17.0729 0 -0.286 0.97352 0 0.228601 0 1 0 -0.228601 0 0.97352  0 0 0 0 0.0294915 0
12.53 17.0729 0 -0.286 0.973453 0 0.228889 0 1 0 -0.228889 0 0.973453  0 0 0 0 0.0294585 0
12.54 17.0729 0 -0.286 0.973385 0 0.229174 0 1 0 -0.229174 0 0.973385  0 0 0 0 0.0293116 0
12.55 17.0729 0 -0.286 0.973318 0 0.229462 0 1 0 -0.229462 0 0.973318  0 0 0 0 0.0295848 0
12.56 17.0729 0 -0.286 0.97325 0 0.229748 0 1 0 -0.229748 0 0.97325  0 0 0 0 0.0293193 0
12.57 17.0729 0 -0.286 0.973183 0 0.230033 0 1 0 -0.230033 0 0.973183  0 0 0 0 0.0293136 0
12.58 17.0729 0 -0.286 0.973115 0 0.230319 0 1 0 -0.230319 0 0.973115  0 0 0 0 0.0293297 0
12.59 17.0729 0 -0.286 0.973048 0 0.230602 0 1 0 -0.230602 0 0.973048  0 0 0 0 0.0289829 0
12.6 17.0729 0 -0.286 0.972981 0 0.230885 0 1 0 -0.230885 0 0.972981  0 0 0 0 0.0289872 0
12.61 17.0729 0 -0.286 0.972914 0 0.231166 0 1 0 -0.231166 0 0.972914  0 0 0 0 0.0289106 0
12.62 17.0729 0 -0.286 0.972847 0 0.231448 0 1 0 -0.231448 0 0.972847  0 0 0 0 0.0289254 0
12.63 17.0729 0 -0.286 0.972781 0 0.231727 0 1 0 -0.231727 0 0.972781  0 0 0 0 0.0286847 0
12.64 17.0729 0 -0.286 0.972714 0 0.232006 0 1 0 -0.232006 0 0.972714  0 0 0 0 0.0285493 0
12.65 17.0729 0 -0.286 0.972648 0 0.232284 0 1 0 -0.232284 0 0.972648  0 0 0 0 0.0284678 0
12.66 17.0729 0 -0.286 0.972582 0 0.232559 0 1 0 -0.232559 0 0.972582  0 0 0 0 0.0282457 0
12.67 17.0729 0 -0.286 0.972517 0 0.232834 0 1 0 -0.232834 0 0.972517  0 0 0 0 0.0281402 0
12.68 17.0729 0 -0.286 0.972451 0 0.233107 0 1 0 -0.233107 0 0.972451  0 0 0 0 0.0280677 0
12.69 17.0729 0 -0.286 0.972386 0 0.233378 0 1 0 -0.233378 0 0.972386  0 0 0 0 0.0277737 0
12.7 17.0729 0 -0.286 0.972321 0 0.233647 0 1 0 -0.233647 0 0.972321  0 0 0 0 0.0276099 0
12.71 17.0729 0 -0.286 0.972257 0 0.233915 0 1 0 -0.233915 0 0.972257  0 0 0 0 0.0274378 0
12.72 17.0729 0 -0.286 0.972193 0 0.234181 0 1 0 -0.234181 0 0.972193  0 0 0 0 0.0272137 0
12.73 17.0729 0 -0.286 0.97213 0 0.234443 0 1 0 -0.234443 0 0.97213  0 0 0 0 0.0269175 0
12.74 17.0729 0 -0.286 0.972067 0 0.234705 0 1 0 -0.234705 0 0.972067  0 0 0 0 0.0267337 0
12.75 17.0729 0 -0.286 0.972004 0 0.234962 0 1 0 -0.234962 0 0.972004  0 0 0 0 0.0263955 0
12.76 17.0729 0 -0.286 0.971943 0 0.235218 0 1 0 -0.235218 0 0.971943  0 0 0 0 0.0261806 0
12.77 17.0729 0 -0.286 0.971881 0 0.235471 0 1 0 -0.235471 0 0.971881  0 0 0 0 0.0259069 0
12.78 17.0729 0 -0.286 0.971821 0 0.235722 0 1 0 -0.235722 0 0.971821  0 0 0 0 0.0256448 0
12.79 17.0729 0 -0.286 0.97176 0 0.23597 0 1 0 -0.23597 0 0.97176  0 0 0 0 0.0253554 0
12.8 17.0729 0 -0.286 0.971701 0 0.236215 0 1 0 -0.236215 0 0.971701  0 0 0 0 0.0250883 0
12.81 17.0729 0 -0.286 0.971642 0 0.236458 0 1 0 -0.236458 0 0.971642  0 0 0 0 0.0249038 0
12.82 17.0729 0 -0.286 0.971583 0 0.236697 0 1 0 -0.236697 0 0.971583  0 0 0 0 0.0244826 0
12.83 17.0729 0 -0.286 0.971526 0 0.236934 0 1 0 -0.236934 0 0.971526  0 0 0 0 0.0242237 0
12.84 17.0729 0 -0.286 0.971469 0 0.237168 0 1 0 -0.237168 0 0.971469  0 0 0 0 0.0239004 0
12.85 17.0729 0 -0.286 0.971412 0 0.237398 0 1 0 -0.237398 0 0.971412  0 0 0 0 0.0235238 0
12.86 17.0729 0 -0.286 0.971357 0 0.237623 0 1 0 -0.237623 0 0.971357  0 0 0 0 0.0229955 0
12.87 17.0729 0 -0.286 0.971303 0 0.237846 0 1 0 -0.237846 0 0.971303  0 0 0 0 0.0227313 0
12.88 17.0729 0 -0.286 0.971249 0 0.238064 0 1 0 -0.238064 0 0.971249  0 0 0 0 0.0223005 0
12.89 17.0729 0 -0.286 0.971197 0 0.238279 0 1 0 -0.238279 0 0.971197  0 0 0 0 0.0218609 0
12.9 17.0729 0 -0.286 0.971145 0 0.23849 0 1 0 -0.23849 0 0.971145  0 0 0 0 0.0215251 0
12.91 17.0729 0 -0.286 0.971094 0 0.238696 0 1 0 -0.238696 0 0.971094  0 0 0 0 0.0210586 0
12.92 17.0729 0 -0.286 0.971045 0 0.238898 0 1 0 -0.238898 0 0.971045  0 0 0 0 0.0205964 0
12.93 17.0729 0 -0.286 0.970995 0 0.239098 0 1 0 -0.239098 0 0.970995  0 0 0 0 0.0203524 0
12.94 17.0729 0 -0.286 0.970948 0 0.239292 0 1 0 -0.239292 0 0.970948  0 0 0 0 0.0198062 0
12.95 17.0729 0 -0.286 0.970901 0 0.239482 0 1 0 -0.239482 0 0.970901  0 0 0 0 0.0193916 0
12.96 17.0729 0 -0.286 0.970855 0 0.239668 0 1 0 -0.239668 0 0.970855  0 0 0 0 0.0189296 0
12.97 17.0729 0 -0.286 0.97081 0 0.23985 0 1 0 -0.23985 0 0.97081  0 0 0 0 0.018478 0
12.98 17.0729 0 -0.286 0.970766 0 0.240028 0 1 0 -0.240028 0 0.970766  0 0 0 0 0.0181032 0
12.99 17.0729 0 -0.286 0.970723 0 0.2402 0 1 0 -0.2402 0 0.970723  0 0 0 0 0.0174988 0
13 17.0729 0 -0.286 0.970682 0 0.240368 0 1 0 -0.240368 0 0.970682  0 0 0 0 0.0171036 0
13.01 17.0729 0 -0.286 0.970641 0 0.240531 0 1 0 -0.240531 0 0.970641  0 0 0 0 0.0165443 0
13.02 17.0729 0 -0.286 0.970602 0 0.24069 0 1 0 -0.24069 0 0.970602  0 0 0 0 0.0160318 0
13.03 17.0729 0 -0.286 0.970564 0 0.240844 0 1 0 -0.240844 0 0.970564  0 0 0 0 0.0156039 0
13.04 17.0729 0 -0.286 0.970527 0 0.240992 0 1 0 -0.240992 0 0.970527  0 0 0 0 0.0150528 0
13.05 17.0729 0 -0.286 0.970492 0 0.241135 0 1 0 -0.241135 0 0.970492  0 0 0 0 0.0144559 0
13.06 17.0729 0 -0.286 0.970457 0 0.241274 0 1 0 -0.241274 0 0.970457  0 0 0 0 0.0140463 0
13.07 17.0729 0 -0.286 0.970424 0 0.241407 0 1 0 -0.241407 0 0.970424  0 0 0 0 0.0135324 0
13.08 17.0729 0 -0.286 0.970392 0 0.241536 0 1 0 -0.241536 0 0.970392  0 0 0 0 0.0129249 0
13.09 17.0729 0 -0.286 0.970361 0 0.241659 0 1 0 -0.241659 0 0.970361  0 0 0 0 0.0124775 0
13.1 17.0729 0 -0.286 0.970332 0 0.241777 0 1 0 -0.241777 0 0.970332  0 0 0 0 0.0119316 0
13.11 17.0729 0 -0.286 0.970304 0 0.24189 0 1 0 -0.24189 0 0.970304  0 0 0 0 0.0113784 0
13.12 17.0729 0 -0.286 0.970277 0 0.241998 0 1 0 -0.241998 0 0.970277  0 0 0 0 0.0108623 0
13.13 17.0729 0 -0.286 0.970251 0 0.242101 0 1 0 -0.242101 0 0.970251  0 0 0 0 0.0103141 0
13.14 17.0729 0 -0.286 0.970227 0 0.242198 0 1 0 -0.242198 0 0.970227  0 0 0 0 0.00976166 0
13.15 17.0729 0 -0.286 0.970204 0 0.242291 0 1 0 -0.242291 0 0.970204  0 0 0 0 0.00921452 0
13.16 17.0729 0 -0.286 0.970182 0 0.242377 0 1 0 -0.242377 0 0.970182  0 0 0 0 0.00859703 0
13.17 17.0729 0 -0.286 0.970162 0 0.242458 0 1 0 -0.242458 0 0.970162  0 0 0 0 0.00806298 0
13.18 17.0729 0 -0.286 0.970143 0 0.242533 0 1 0 -0.242533 0 0.970143  0 0 0 0 0.00748978 0
13.19 17.0729 0 -0.286 0.970126 0 0.242603 0 1 0 -0.242603 0 0.970126  0 0 0 0 0.00690797 0
13.2 17.0729 0 -0.286 0.97011 0 0.242667 0 1 0 -0.242667 0 0.97011  0 0 0 0 0.00634135 0
13.21 17.0729 0 -0.286 0.970095 0 0.242726 0 1 0 -0.242726 0 0.970095  0 0 0 0 0.00576067 0
13.22 17.0729 0 -0.286 0.970082 0 0.242779 0 1 0 -0.242779 0 0.970082  0 0 0 0 0.00517336 0
13.23 17.0729 0 -0.286 0.97007 0 0.242826 0 1 0 -0.242826 0 0.97007  0 0 0 0 0.00459837 0
13.24 17.0729 0 -0.286 0.970059 0 0.242868 0 1 0 -0.242868 0 0.970059  0 0 0 0 0.00401284 0
13.25 17.0729 0 -0.286 0.97005 0 0.242904 0 1 0 -0.242904 0 0.97005  0 0 0 0 0.00342009 0
13.26 17.0729 0 -0.286 0.970043 0 0.242934 0 1 0 -0.242934 0 0.970043  0 0 0 0 0.00283332 0
13.27 17.0729 0 -0.286 0.970037 0 0.242959 0 1 0 -0.242959 0 0.970037  0 0 0 0 0.00223906 0
13.28 17.0729 0 -0.286 0.970032 0 0.242978 0 1 0 -0.242978 0 0.970032  0 0 0 0 0.00164478 0
13.29 17.0729 0 -0.286 0.970029 0 0.242991 0 1 0 -0.242991 0 0.970029  0 0 0 0 0.00105023 0
13.3 17.0729 0 -0.286 0.970027 0 0.242998 0 1 0 -0.242998 0 0.970027  0 0 0 0 0.000455079 0
13.31 17.0729 0 -0.286 0.970026 0 0.243 0 1 0 -0.243 0 0.970026  0 0 0 0 -0.000137345 0
13.32 17.0729 0 -0.286 0.970027 0 0.242996 0 1 0 -0.242996 0 0.970027  0 0 0 0 -0.000735281 0
13.33 17.0729 0 -0.286 0.97003 0 0.242986 0 1 0 -0.242986 0 0.97003  0 0 0 0 -0.0013298 0
13.34 17.0729 0 -0.286 0.970034 0 0.24297 0 1 0 -0.24297 0 0.970034  0 0 0 0 -0.00192191 0
13.35 17.0729 0 -0.286 0.970039 0 0.242948 0 1 0 -0.242948 0 0.970039  0 0 0 0 -0.00251552 0
13.36 17.0729 0 -0.286 0.970046 0 0.242921 0 1 0 -0.242921 0 0.970046  0 0 0 0 -0.00310636 0
13.37 17.0729 0 -0.286 0.970054 0 0.242888 0 1 0 -0.242888 0 0.970054  0 0 0 0 -0.00369488 0
13.38 17.0729 0 -0.286 0.970064 0 0.242849 0 1 0 -0.242849 0 0.970064  0 0 0 0 -0.00428487 0
13.39 17.0729 0 -0.286 0.970075 0 0.242805 0 1 0 -0.242805 0 0.970075  0 0 0 0 -0.00487048 0
13.4 17.0729 0 -0.286 0.970088 0 0.242755 0 1 0 -0.242755 0 0.970088  0 0 0 0 -0.00545456 0
13.41 17.0729 0 -0.286 0.970102 0 0.242699 0 1 0 -0.242699 0 0.970102  0 0 0 0 -0.00604007 0
13.42 17.0729 0 -0.286 0.970117 0 0.242638 0 1 0 -0.242638 0 0.970117  0 0 0 0 -0.00659484 0
13.43 17.0729 0 -0.286 0.970134 0 0.242571 0 1 0 -0.242571 0 0.970134  0 0 0 0 -0.0072004 0
13.44 17.0729 0 -0.286 0.970152 0 0.242498 0 1 0 -0.242498 0 0.970152  0 0 0 0 -0.00776586 0
13.45 17.0729 0 -0.286 0.970171 0 0.24242 0 1 0 -0.24242 0 0.970171  0 0 0 0 -0.00833651 0
13.46 17.0729 0 -0.286 0.970192 0 0.242337 0 1 0 -0.242337 0 0.970192  0 0 0 0 -0.00891319 0
13.47 17.0729 0 -0.286 0.970215 0 0.242247 0 1 0 -0.242247 0 0.970215  0 0 0 0 -0.00947868 0
13.48 17.0729 0 -0.286 0.970238 0 0.242154 0 1 0 -0.242154 0 0.970238  0 0 0 0 -0.00990223 0
13.49 17.0729 0 -0.286 0.970263 0 0.242054 0 1 0 -0.242054 0 0.970263  0 0 0 0 -0.0105623 0
13.5 17.0729 0 -0.286 0.970289 0 0.241949 0 1 0 -0.241949 0 0.970289  0 0 0 0 -0.0110777 0
13.51 17.0729 0 -0.286 0.970316 0 0.24184 0 1 0 -0.24184 0 0.970316  0 0 0 0 -0.0115646 0
13.52 17.0729 0 -0.286 0.970345 0 0.241724 0 1 0 -0.241724 0 0.970345  0 0 0 0 -0.0121664 0
13.53 17.0729 0 -0.286 0.970375 0 0.241604 0 1 0 -0.241604 0 0.970375  0 0 0 0 -0.0126771 0
13.54 17.0729 0 -0.286 0.970406 0 0.241478 0 1 0 -0.241478 0 0.970406  0 0 0 0 -0.0132006 0
13.55 17.0729 0 -0.286 0.970439 0 0.241348 0 1 0 -0.241348 0 0.970439  0 0 0 0 -0.0137492 0
13.56 17.0729 0 -0.286 0.970473 0 0.241212 0 1 0 -0.241212 0 0.970473  0 0 0 0 -0.0142591 0
13.57 17.0729 0 -0.286 0.970507 0 0.241071 0 1 0 -0.241071 0 0.970507  0 0 0 0 -0.0147483 0
13.58 17.0729 0 -0.286 0.970544 0 0.240924 0 1 0 -0.240924 0 0.970544  0 0 0 0 -0.0154343 0
13.59 17.0729 0 -0.286 0.970581 0 0.240774 0 1 0 -0.240774 0 0.970581  0 0 0 -0 -0.0156682 0
13.6 17.0729 0 -0.286 0.97062 0 0.240618 0 1 0 -0.240618 0 0.97062  0 0 0 -0 -0.0163317 0
13.61 17.0729 0 -0.286 0.97066 0 0.240457 0 1 0 -0.240457 0 0.97066  0 0 0 0 -0.0168094 0
13.62 17.0729 0 -0.286 0.970701 0 0.240292 0 1 0 -0.240292 0 0.970701  0 0 0 -0 -0.0172126 0
13.63 17.0729 0 -0.286 0.970743 0 0.240122 0 1 0 -0.240122 0 0.970743  0 0 0 -0 -0.0177517 0
13.64 17.0729 0 -0.286 0.970786 0 0.239948 0 1 0 -0.239948 0 0.970786  0 0 0 -0 -0.0182141 0
13.65 17.0729 0 -0.286 0.97083 0 0.239769 0 1 0 -0.239769 0 0.97083  0 0 0 0 -0.0186203 0
13.66 17.0729 0 -0.286 0.970875 0 0.239586 0 1 0 -0.239586 0 0.970875  0 0 0 0 -0.0190883 0
13.67 17.0729 0 -0.286 0.970921 0 0.239399 0 1 0 -0.239399 0 0.970921  0 0 0 0 -0.0195058 0
13.68 17.0729 0 -0.286 0.970969 0 0.239207 0 1 0 -0.239207 0 0.970969  0 0 0 0 -0.0199543 0
13.69 17.0729 0 -0.286 0.971017 0 0.239012 0 1 0 -0.239012 0 0.971017  0 0 0 0 -0.0203563 0
13.7 17.0729 0 -0.286 0.971066 0 0.238812 0 1 0 -0.238812 0 0.971066  0 0 0 -0 -0.020795 0
13.71 17.0729 0 -0.286 0.971116 0 0.238608 0 1 0 -0.238608 0 0.971116  0 0 0 -0 -0.0212475 0
13.72 17.0729 0 -0.286 0.971167 0 0.238399 0 1 0 -0.238399 0 0.971167  0 0 0 -0 -0.0216623 0
13.73 17.0729 0 -0.286 0.971219 0 0.238187 0 1 0 -0.238187 0 0.971219  0 0 0 0 -0.0220229 0
13.74 17.0729 0 -0.286 0.971272 0 0.237972 0 1 0 -0.237972 0 0.971272  0 0 0 -0 -0.022357 0
13.75 17.0729 0 -0.286 0.971326 0 0.237752 0 1 0 -0.237752 0 0.971326  0 0 0 -0 -0.0228118 0
13.76 17.0729 0 -0.286 0.97138 0 0.237529 0 1 0 -0.237529 0 0.97138  0 0 0 0 -0.0231488 0
13.77 17.0729 0 -0.286 0.971436 0 0.237303 0 1 0 -0.237303 0 0.971436  0 0 0 0 -0.0235136 0
13.78 17.0729 0 -0.286 0.971492 0 0.237073 0 1 0 -0.237073 0 0.971492  0 0 0 -0 -0.0238374 0
13.79 17.0729 0 -0.286 0.971548 0 0.236841 0 1 0 -0.236841 0 0.971548  0 0 0 -0 -0.0240435 0
13.8 17.0729 0 -0.286 0.971606 0 0.236605 0 1 0 -0.236605 0 0.971606  0 0 0 0 -0.0244482 0
13.81 17.0729 0 -0.286 0.971664 0 0.236366 0 1 0 -0.236366 0 0.971664  0 0 0 -0 -0.0247369 0
13.82 17.0729 0 -0.286 0.971723 0 0.236125 0 1 0 -0.236125 0 0.971723  0 0 0 0 -0.0249715 0
13.83 17.0729 0 -0.286 0.971782 0 0.23588 0 1 0 -0.23588 0 0.971782  0 0 0 0 -0.0252693 0
13.84 17.0729 0 -0.286 0.971842 0 0.235633 0 1 0 -0.235633 0 0.971842  0 0 0 -0 -0.0255707 0
13.85 17.0729 0 -0.286 0.971903 0 0.235384 0 1 0 -0.235384 0 0.971903  0 0 0 -0 -0.02585 0
13.86 17.0729 0 -0.286 0.971964 0 0.235131 0 1 0 -0.235131 0 0.971964  0 0 0 -0 -0.0261161 0
13.87 17.0729 0 -0.286 0.972025 0 0.234876 0 1 0 -0.234876 0 0.972025  0 0 0 -0 -0.0264104 0
13.88 17.0729 0 -0.286 0.972088 0 0.234618 0 1 0 -0.234618 0 0.972088  0 0 0 0 -0.0266113 0
13.89 17.0729 0 -0.286 0.97215 0 0.234358 0 1 0 -0.234358 0 0.97215  0 0 0 -0 -0.0268466 0
13.9 17.0729 0 -0.286 0.972213 0 0.234098 0 1 0 -0.234098 0 0.972213  0 0 0 0 -0.0269253 0
13.91 17.0729 0 -0.286 0.972277 0 0.233833 0 1 0 -0.233833 0 0.972277  0 0 0 0 -0.0273054 0
13.92 17.0729 0 -0.286 0.97234 0 0.233568 0 1 0 -0.233568 0 0.97234  0 0 0 0 -0.027381 0
13.93 17.0729 0 -0.286 0.972405 0 0.2333 0 1 0 -0.2333 0 0.972405  0 0 0 0 -0.027652 0
13.94 17.0729 0 -0.286 0.972469 0 0.23303 0 1 0 -0.23303 0 0.972469  0 0 0 -0 -0.0278504 0
13.95 17.0729 0 -0.286 0.972535 0 0.232759 0 1 0 -0.232759 0 0.972535  0 0 0 0 -0.0280124 0
13.96 17.0729 0 -0.286 0.9726 0 0.232486 0 1 0 -0.232486 0 0.9726  0 0 0 0 -0.0281474 0
13.97 17.0729 0 -0.286 0.972666 0 0.232211 0 1 0 -0.232211 0 0.972666  0 0 0 -0 -0.0283752 0
13.98 17.0729 0 -0.286 0.972732 0 0.231934 0 1 0 -0.231934 0 0.972732  0 0 0 -0 -0.0285291 0
13.99 17.0729 0 -0.286 0.972798 0 0.231656 0 1 0 -0.231656 0 0.972798  0 0 0 -0 -0.0287061 0
14 17.0729 0 -0.286 0.972864 0 0.231376 0 1 0 -0.231376 0 0.972864  0 0 0 0 -0.0288069 0
14.01 17.0729 0 -0.286 0.972931 0 0.231095 0 1 0 -0.231095 0 0.972931  0 0 0 -0 -0.0289737 0
14.02 17.0729 0 -0.286 0.972998 0 0.230813 0 1 0 -0.230813 0 0.972998  0 0 0 -0 -0.0291148 0
14.03 17.0729 0 -0.286 0.973065 0 0.230529 0 1 0 -0.230529 0 0.973065  0 0 0 -0 -0.0291813 0
14.04 17.0729 0 -0.286 0.973133 0 0.230245 0 1 0 -0.230245 0 0.973133  0 0 0 0 -0.0292027 0
14.05 17.0729 0 -0.286 0.9732 0 0.229959 0 1 0 -0.229959 0 0.9732  0 0 0 -0 -0.0295057 0
14.06 17.0729 0 -0.286 0.973268 0 0.229674 0 1 0 -0.229674 0 0.973268  0 0 0 0 -0.0293494 0
14.07 17.0729 0 -0.286 0.973335 0 0.229387 0 1 0 -0.229387 0 0.973335  0 0 0 0 -0.0294411 0
14.08 17.0729 0 -0.286 0.973403 0 0.229099 0 1 0 -0.229099 0 0.973403  0 0 0 0 -0.0295798 0
14.09 17.0729 0 -0.286 0.973471 0 0.228812 0 1 0 -0.228812 0 0.973471  0 0 0 -0 -0.029643 0
14.1 17.0729 0 -0.286 0.973538 0 0.228524 0 1 0 -0.228524 0 0.973538  0 0 0 -0 -0.0295939 0
14.11 17.0729 0 -0.286 0.973606 0 0.228236 0 1 0 -0.228236 0 0.973606  0 0 0 -0 -0.0295435 0
14.12 17.0729 0 -0.286 0.973673 0 0.227948 0 1 0 -0.227948 0 0.973673  0 0 0 -0 -0.0295888 0
14.13 17.0729 0 -0.286 0.97374 0 0.227661 0 1 0 -0.227661 0 0.97374  0 0 0 0 -0.029419 0
14.14 17.0729 0 -0.286 0.973808 0 0.227373 0 1 0 -0.227373 0 0.973808  0 0 0 0 -0.029522 0
14.15 17.0729 0 -0.286 0.973875 0 0.227087 0 1 0 -0.227087 0 0.973875  0 0 0 -0 -0.0294647 0
14.16 17.0729 0 -0.286 0.973941 0 0.226801 0 1 0 -0.226801 0 0.973941  0 0 0 0 -0.0292599 0
14.17 17.0729 0 -0.286 0.974007 0 0.226517 0 1 0 -0.226517 0 0.974007  0 0 0 0 -0.0291118 0
14.18 17.0729 0 -0.286 0.974073 0 0.226233 0 1 0 -0.226233 0 0.974073  0 0 0 0 -0.0291231 0
14.19 17.0729 0 -0.286 0.974139 0 0.22595 0 1 0 -0.22595 0 0.974139  0 0 0 0 -0.0289536 0
14.2 17.0729 0 -0.286 0.974204 0 0.225669 0 1 0 -0.225669 0 0.974204  0 0 0 -0 -0.0288526 0
14.21 17.0729 0 -0.286 0.974269 0 0.225388 0 1 0 -0.225388 0 0.974269  0 0 0 -0 -0.0287427 0
14.22 17.0729 0 -0.286 0.974333 0 0.22511 0 1 0 -0.22511 0 0.974333  0 0 0 0 -0.0284919 0
14.23 17.0729 0 -0.286 0.974397 0 0.224832 0 1 0 -0.224832 0 0.974397  0 0 0 -0 -0.0283792 0
14.24 17.0729 0 -0.286 0.974461 0 0.224557 0 1 0 -0.224557 0 0.974461  0 0 0 -0 -0.0282083 0
14.25 17.0729 0 -0.286 0.974524 0 0.224283 0 1 0 -0.224283 0 0.974524  0 0 0 0 -0.0279482 0
14.26 17.0729 0 -0.286 0.974586 0 0.224012 0 1 0 -0.224012 0 0.974586  0 0 0 -0 -0.0277816 0
14.27 17.0729 0 -0.286 0.974648 0 0.223742 0 1 0 -0.223742 0 0.974648  0 0 0 0 -0.0275751 0
14.28 17.0729 0 -0.286 0.97471 0 0.223474 0 1 0 -0.223474 0 0.97471  0 0 0 -0 -0.027378 0
14.29 17.0729 0 -0.286 0.974771 0 0.223208 0 1 0 -0.223208 0 0.974771  0 0 0 -0 -0.0271771 0
14.3 17.0729 0 -0.286 0.974831 0 0.222945 0 1 0 -0.222945 0 0.974831  0 0 0 0 -0.0268956 0
14.31 17.0729 0 -0.286 0.974891 0 0.222684 0 1 0 -0.222684 0 0.974891  0 0 0 0 -0.0266817 0
14.32 17.0729 0 -0.286 0.97495 0 0.222426 0 1 0 -0.222426 0 0.97495  0 0 0 0 -0.0263693 0
14.33 17.0729 0 -0.286 0.975008 0 0.22217 0 1 0 -0.22217 0 0.975008  0 0 0 0 -0.0261213 0
14.34 17.0729 0 -0.286 0.975066 0 0.221917 0 1 0 -0.221917 0 0.975066  0 0 0 -0 -0.0258154 0
14.35 17.0729 0 -0.286 0.975123 0 0.221666 0 1 0 -0.221666 0 0.975123  0 0 0 -0 -0.0255537 0
14.36 17.0729 0 -0.286 0.975179 0 0.221419 0 1 0 -0.221419 0 0.975179  0 0 0 0 -0.0251992 0
14.37 17.0729 0 -0.286 0.975234 0 0.221175 0 1 0 -0.221175 0 0.975234  0 0 0 0 -0.0248571 0
14.38 17.0729 0 -0.286 0.975289 0 0.220934 0 1 0 -0.220934 0 0.975289  0 0 0 0 -0.0245778 0
14.39 17.0729 0 -0.286 0.975343 0 0.220695 0 1 0 -0.220695 0 0.975343  0 0 0 -0 -0.0242722 0
14.4 17.0729 0 -0.286 0.975396 0 0.22046 0 1 0 -0.22046 0 0.975396  0 0 0 0 -0.0239478 0
14.41 17.0729 0 -0.286 0.975448 0 0.220229 0 1 0 -0.220229 0 0.975448  0 0 0 0 -0.0235737 0
14.42 17.0729 0 -0.286 0.9755 0 0.220001 0 1 0 -0.220001 0 0.9755  0 0 0 0 -0.023212 0
14.43 17.0729 0 -0.286 0.97555 0 0.219777 0 1 0 -0.219777 0 0.97555  0 0 0 -0 -0.0227505 0
14.44 17.0729 0 -0.286 0.9756 0 0.219556 0 1 0 -0.219556 0 0.9756  0 0 0 0 -0.0224375 0
14.45 17.0729 0 -0.286 0.975649 0 0.219339 0 1 0 -0.219339 0 0.975649  0 0 0 0 -0.022019 0
14.46 17.0729 0 -0.286 0.975696 0 0.219127 0 1 0 -0.219127 0 0.975696  0 0 0 0 -0.0216048 0
14.47 17.0729 0 -0.286 0.975743 0 0.218918 0 1 0 -0.218918 0 0.975743  0 0 0 0 -0.0212218 0
14.48 17.0729 0 -0.286 0.975789 0 0.218713 0 1 0 -0.218713 0 0.975789  0 0 0 0 -0.0207929 0
14.49 17.0729 0 -0.286 0.975834 0 0.218513 0 1 0 -0.218513 0 0.975834  0 0 0 0 -0.0202695 0
14.5 17.0729 0 -0.286 0.975878 0 0.218316 0 1 0 -0.218316 0 0.975878  0 0 0 0 -0.0199468 0
14.51 17.0729 0 -0.286 0.975921 0 0.218124 0 1 0 -0.218124 0 0.975921  0 0 0 0 -0.0194621 0
14.52 17.0729 0 -0.286 0.975963 0 0.217936 0 1 0 -0.217936 0 0.975963  0 0 0 -0 -0.0190018 0
14.53 17.0729 0 -0.286 0.976004 0 0.217753 0 1 0 -0.217753 0 0.976004  0 0 0 -0 -0.0185975 0
14.54 17.0729 0 -0.286 0.976044 0 0.217574 0 1 0 -0.217574 0 0.976044  0 0 0 0 -0.0180827 0
14.55 17.0729 0 -0.286 0.976083 0 0.217399 0 1 0 -0.217399 0 0.976083  0 0 0 -0 -0.0176527 0
14.56 17.0729 0 -0.286 0.976121 0 0.21723 0 1 0 -0.21723 0 0.976121  0 0 0 0 -0.0171382 0
14.57 17.0729 0 -0.286 0.976157 0 0.217065 0 1 0 -0.217065 0 0.976157  0 0 0 0 -0.0166621 0
14.58 17.0729 0 -0.286 0.976193 0 0.216904 0 1 0 -0.216904 0 0.976193  0 0 0 0 -0.0161725 0
14.59 17.0729 0 -0.286 0.976227 0 0.216749 0 1 0 -0.216749 0 0.976227  0 0 0 0 -0.0156618 0
14.6 17.0729 0 -0.286 0.976261 0 0.216599 0 1 0 -0.216599 0 0.976261  0 0 0 0 -0.0150867 0
14.61 17.0729 0 -0.286 0.976293 0 0.216454 0 1 0 -0.216454 0 0.976293  0 0 0 0 -0.014654 0
14.62 17.0729 0 -0.286 0.976324 0 0.216314 0 1 0 -0.216314 0 0.976324  0 0 0 0 -0.0140882 0
14.63 17.0729 0 -0.286 0.976354 0 0.216179 0 1 0 -0.216179 0 0.976354  0 0 0 0 -0.0135736 0
14.64 17.0729 0 -0.286 0.976383 0 0.216049 0 1 0 -0.216049 0 0.976383  0 0 0 0 -0.0130578 0
14.65 17.0729 0 -0.286 0.97641 0 0.215924 0 1 0 -0.215924 0 0.97641  0 0 0 0 -0.0125116 0
14.66 17.0729 0 -0.286 0.976437 0 0.215804 0 1 0 -0.215804 0 0.976437  0 0 0 0 -0.0119757 0
14.67 17.0729 0 -0.286 0.976462 0 0.21569 0 1 0 -0.21569 0 0.976462  0 0 0 0 -0.0114427 0
14.68 17.0729 0 -0.286 0.976486 0 0.215581 0 1 0 -0.215581 0 0.976486  0 0 0 0 -0.010883 0
14.69 17.0729 0 -0.286 0.976509 0 0.215478 0 1 0 -0.215478 0 0.976509  0 0 0 0 -0.0102938 0
14.7 17.0729 0 -0.286 0.97653 0 0.21538 0 1 0 -0.21538 0 0.97653  0 0 0 0 -0.00973408 0
14.71 17.0729 0 -0.286 0.976551 0 0.215287 0 1 0 -0.215287 0 0.976551  0 0 0 0 -0.00920173 0
14.72 17.0729 0 -0.286 0.97657 0 0.215201 0 1 0 -0.215201 0 0.97657  0 0 0 0 -0.00858434 0
14.73 17.0729 0 -0.286 0.976588 0 0.215119 0 1 0 -0.215119 0 0.976588  0 0 0 0 -0.00804935 0
14.74 17.0729 0 -0.286 0.976604 0 0.215044 0 1 0 -0.215044 0 0.976604  0 0 0 0 -0.00747731 0
14.75 17.0729 0 -0.286 0.97662 0 0.214974 0 1 0 -0.214974 0 0.97662  0 0 0 0 -0.0068918 0
14.76 17.0729 0 -0.286 0.976634 0 0.214909 0 1 0 -0.214909 0 0.976634  0 0 0 0 -0.00632577 0
14.77 17.0729 0 -0.286 0.976647 0 0.21485 0 1 0 -0.21485 0 0.976647  0 0 0 0 -0.0057507 0
14.78 17.0729 0 -0.286 0.976659 0 0.214797 0 1 0 -0.214797 0 0.976659  0 0 0 0 -0.00516924 0
14.79 17.0729 0 -0.286 0.976669 0 0.214749 0 1 0 -0.214749 0 0.976669  0 0 0 0 -0.00459725 0
14.8 17.0729 0 -0.286 0.976679 0 0.214707 0 1 0 -0.214707 0 0.976679  0 0 0 0 -0.00401941 0
14.81 17.0729 0 -0.286 0.976687 0 0.214671 0 1 0 -0.214671 0 0.976687  0 0 0 0 -0.0034367 0
14.82 17.0729 0 -0.286 0.976693 0 0.21464 0 1 0 -0.21464 0 0.976693  0 0 0 0 -0.00286036 0
14.83 17.0729 0 -0.286 0.976699 0 0.214615 0 1 0 -0.214615 0 0.976699  0 0 0 0 -0.00228309 0
14.84 17.0729 0 -0.286 0.976703 0 0.214595 0 1 0 -0.214595 0 0.976703  0 0 0 0 -0.00170148 0
14.85 17.0729 0 -0.286 0.976706 0 0.214582 0 1 0 -0.214582 0 0.976706  0 0 0 0 -0.00112913 0
14.86 17.0729 0 -0.286 0.976708 0 0.214573 0 1 0 -0.214573 0 0.976708  0 0 0 0 -0.000552327 0
14.87 17.0729 0 -0.286 0.976708 0 0.214571 0 1 0 -0.214571 0 0.976708  0 0 0 0 2.11102e-05 0
14.88 17.0729 0 -0.286 0.976708 0 0.214574 0 1 0 -0.214574 0 0.976708  0 0 0 0 0.000590973 0
14.89 17.0729 0 -0.286 0.976706 0 0.214582 0 1 0 -0.214582 0 0.976706  0 0 0 0 0.00116113 0
14.9 17.0729 0 -0.286 0.976703 0 0.214596 0 1 0 -0.214596 0 0.976703  0 0 0 0 0.00172738 0
14.91 17.0729 0 -0.286 0.976699 0 0.214616 0 1 0 -0.214616 0 0.976699  0 0 0 0 0.00228948 0
14.92 17.0729 0 -0.286 0.976693 0 0.214641 0 1 0 -0.214641 0 0.976693  0 0 0 0 0.00285074 0
14.93 17.0729 0 -0.286 0.976686 0 0.214672 0 1 0 -0.214672 0 0.976686  0 0 0 0 0.00340811 0
14.94 17.0729 0 -0.286 0.976678 0 0.214708 0 1 0 -0.214708 0 0.976678  0 0 0 0 0.00396165 0
14.95 17.0729 0 -0.286 0.976669 0 0.214749 0 1 0 -0.214749 0 0.976669  0 0 0 0 0.00451518 0
14.96 17.0729 0 -0.286 0.976659 0 0.214796 0 1 0 -0.214796 0 0.976659  0 0 0 0 0.00505569 0
14.97 17.0729 0 -0.286 0.976648 0 0.214848 0 1 0 -0.214848 0 0.976648  0 0 0 0 0.00560866 0
14.98 17.0729 0 -0.286 0.976635 0 0.214905 0 1 0 -0.214905 0 0.976635  0 0 0 0 0.00614677 0
14.99 17.0729 0 -0.286 0.976621 0 0.214968 0 1 0 -0.214968 0 0.976621  0 0 0 0 0.00668653 0
15 17.0729 0 -0.286 0.976606 0 0.215036 0 1 0 -0.215036 0 0.976606  0 0 0 0 0.00722549 0
15.01 17.0729 0 -0.286 0.97659 0 0.215109 0 1 0 -0.215109 0 0.97659  0 0 0 0 0.00774491 0
15.02 17.0729 0 -0.286 0.976573 0 0.215187 0 1 0 -0.215187 0 0.976573  0 0 0 0 0.00827174 0
15.03 17.0729 0 -0.286 0.976554 0 0.21527 0 1 0 -0.21527 0 0.976554  0 0 0 0 0.00879134 0
15.04 17.0729 0 -0.286 0.976535 0 0.215359 0 1 0 -0.215359 0 0.976535  0 0 0 0 0.00930367 0
15.05 17.0729 0 -0.286 0.976514 0 0.215452 0 1 0 -0.215452 0 0.976514  0 0 0 0 0.00981105 0
15.06 17.0729 0 -0.286 0.976493 0 0.21555 0 1 0 -0.21555 0 0.976493  0 0 0 0 0.0103017 0
15.07 17.0729 0 -0.286 0.97647 0 0.215653 0 1 0 -0.215653 0 0.97647  0 0 0 0 0.0107919 0
15.08 17.0729 0 -0.286 0.976446 0 0.215761 0 1 0 -0.215761 0 0.976446  0 0 0 0 0.0112979 0
15.09 17.0729 0 -0.286 0.976421 0 0.215873 0 1 0 -0.215873 0 0.976421  0 0 0 0 0.0117398 0
15.1 17.0729 0 -0.286 0.976395 0 0.215991 0 1 0 -0.215991 0 0.976395  0 0 0 0 0.0122266 0
15.11 17.0729 0 -0.286 0.976369 0 0.216112 0 1 0 -0.216112 0 0.976369  0 0 0 0 0.0127036 0
15.12 17.0729 0 -0.286 0.976341 0 0.216238 0 1 0 -0.216238 0 0.976341  0 0 0 0 0.0131569 0
15.13 17.0729 0 -0.286 0.976312 0 0.216369 0 1 0 -0.216369 0 0.976312  0 0 0 0 0.0136181 0
15.14 17.0729 0 -0.286 0.976282 0 0.216504 0 1 0 -0.216504 0 0.976282  0 0 0 0 0.0140731 0
15.15 17.0729 0 -0.286 0.976251 0 0.216644 0 1 0 -0.216644 0 0.976251  0 0 0 0 0.014521 0
15.16 17.0729 0 -0.286 0.976219 0 0.216788 0 1 0 -0.216788 0 0.976219  0 0 0 0 0.0149375 0
15.17 17.0729 0 -0.286 0.976186 0 0.216936 0 1 0 -0.216936 0 0.976186  0 0 0 0 0.0153817 0
15.18 17.0729 0 -0.286 0.976152 0 0.217087 0 1 0 -0.217087 0 0.976152  0 0 0 0 0.0157523 0
15.19 17.0729 0 -0.286 0.976117 0 0.217244 0 1 0 -0.217244 0 0.976117  0 0 0 0 0.0162011 0
15.2 17.0729 0 -0.286 0.976082 0 0.217404 0 1 0 -0.217404 0 0.976082  0 0 0 0 0.0166134 0
15.21 17.0729 0 -0.286 0.976045 0 0.217567 0 1 0 -0.217567 0 0.976045  0 0 0 0 0.0169772 0
15.22 17.0729 0 -0.286 0.976008 0 0.217735 0 1 0 -0.217735 0 0.976008  0 0 0 0 0.0173919 0
15.23 17.0729 0 -0.286 0.97597 0 0.217907 0 1 0 -0.217907 0 0.97597  0 0 0 0 0.0177983 0
15.24 17.0729 0 -0.286 0.97593 0 0.218082 0 1 0 -0.218082 0 0.97593  0 0 0 0 0.0181371 0
15.25 17.0729 0 -0.286 0.97589 0 0.218261 0 1 0 -0.218261 0 0.97589  0 0 0 0 0.0185455 0
15.26 17.0729 0 -0.286 0.97585 0 0.218444 0 1 0 -0.218444 0 0.97585  0 0 0 0 0.0188966 0
15.27 17.0729 0 -0.286 0.975808 0 0.21863 0 1 0 -0.21863 0 0.975808  0 0 0 0 0.0192191 0
15.28 17.0729 0 -0.286 0.975765 0 0.218819 0 1 0 -0.218819 0 0.975765  0 0 0 0 0.0195945 0
15.29 17.0729 0 -0.286 0.975722 0 0.219011 0 1 0 -0.219011 0 0.975722  0 0 0 0 0.019867 0
15.3 17.0729 0 -0.286 0.975678 0 0.219207 0 1 0 -0.219207 0 0.975678  0 0 0 0 0.0202369 0
15.31 17.0729 0 -0.286 0.975634 0 0.219406 0 1 0 -0.219406 0 0.975634  0 0 0 0 0.0205645 0
15.32 17.0729 0 -0.286 0.975588 0 0.219608 0 1 0 -0.219608 0 0.975588  0 0 0 0 0.020857 0
15.33 17.0729 0 -0.286 0.975542 0 0.219813 0 1 0 -0.219813 0 0.975542  0 0 0 0 0.0211718 0
15.34 17.0729 0 -0.286 0.975495 0 0.220021 0 1 0 -0.220021 0 0.975495  0 0 0 0 0.0214592 0
15.35 17.0729 0 -0.286 0.975448 0 0.220232 0 1 0 -0.220232 0 0.975448  0 0 0 0 0.0217205 0
15.36 17.0729 0 -0.286 0.975399 0 0.220445 0 1 0 -0.220445 0 0.975399  0 0 0 0 0.0219993 0
15.37 17.0729 0 -0.286 0.975351 0 0.220661 0 1 0 -0.220661 0 0.975351  0 0 0 0 0.0222623 0
15.38 17.0729 0 -0.286 0.975301 0 0.220879 0 1 0 -0.220879 0 0.975301  0 0 0 0 0.022516 0
15.39 17.0729 0 -0.286 0.975251 0 0.2211 0 1 0 -0.2211 0 0.975251  0 0 0 0 0.0227679 0
15.4 17.0729 0 -0.286 0.9752 0 0.221324 0 1 0 -0.221324 0 0.9752  0 0 0 0 0.0231776 0
15.41 17.0729 0 -0.286 0.975149 0 0.22155 0 1 0 -0.22155 0 0.975149  0 0 0 0 0.0232113 0
15.42 17.0729 0 -0.286 0.975097 0 0.221778 0 1 0 -0.221778 0 0.975097  0 0 0 0 0.0234995 0
15.43 17.0729 0 -0.286 0.975045 0 0.222007 0 1 0 -0.222007 0 0.975045  0 0 0 0 0.0236368 0
15.44 17.0729 0 -0.286 0.974992 0 0.222239 0 1 0 -0.222239 0 0.974992  0 0 0 0 0.0238312 0
15.45 17.0729 0 -0.286 0.974939 0 0.222472 0 1 0 -0.222472 0 0.974939  0 0 0 0 0.0240227 0
15.46 17.0729 0 -0.286 0.974886 0 0.222706 0 1 0 -0.222706 0 0.974886  0 0 0 0 0.0241058 0
15.47 17.0729 0 -0.286 0.974832 0 0.222943 0 1 0 -0.222943 0 0.974832  0 0 0 0 0.0243192 0
15.48 17.0729 0 -0.286 0.974777 0 0.22318 0 1 0 -0.22318 0 0.974777  0 0 0 0 0.0243747 0
15.49 17.0729 0 -0.286 0.974723 0 0.223419 0 1 0 -0.223419 0 0.974723  0 0 0 0 0.0245949 0
15.5 17.0729 0 -0.286 0.974668 0 0.223659 0 1 0 -0.223659 0 0.974668  0 0 0 0 0.0246967 0
15.51 17.0729 0 -0.286 0.974612 0 0.2239 0 1 0 -0.2239 0 0.974612  0 0 0 0 0.0248237 0
15.52 17.0729 0 -0.286 0.974556 0 0.224143 0 1 0 -0.224143 0 0.974556  0 0 0 0 0.024953 0
15.53 17.0729 0 -0.286 0.9745 0 0.224386 0 1 0 -0.224386 0 0.9745  0 0 0 0 0.0250728 0
15.54 17.0729 0 -0.286 0.974444 0 0.224631 0 1 0 -0.224631 0 0.974444  0 0 0 0 0.0251586 0
15.55 17.0729 0 -0.286 0.974387 0 0.224877 0 1 0 -0.224877 0 0.974387  0 0 0 0 0.0253099 0
15.56 17.0729 0 -0.286 0.97433 0 0.225123 0 1 0 -0.225123 0 0.97433  0 0 0 0 0.0252933 0
15.57 17.0729 0 -0.286 0.974273 0 0.225371 0 1 0 -0.225371 0 0.974273  0 0 0 0 0.0254527 0
15.58 17.0729 0 -0.286 0.974216 0 0.225619 0 1 0 -0.225619 0 0.974216  0 0 0 0 0.0254839 0
15.59 17.0729 0 -0.286 0.974158 0 0.225867 0 1 0 -0.225867 0 0.974158  0 0 0 0 0.0255405 0
15.6 17.0729 0 -0.286 0.9741 0 0.226116 0 1 0 -0.226116 0 0.9741  0 0 0 0 0.0255712 0
15.61 17.0729 0 -0.286 0.974043 0 0.226365 0 1 0 -0.226365 0 0.974043  0 0 0 0 0.0256142 0
15.62 17.0729 0 -0.286 0.973984 0 0.226615 0 1 0 -0.226615 0 0.973984  0 0 0 0 0.0256434 0
15.63 17.0729 0 -0.286 0.973926 0 0.226864 0 1 0 -0.226864 0 0.973926  0 0 0 0 0.0255757 0
15.64 17.0729 0 -0.286 0.973868 0 0.227114 0 1 0 -0.227114 0 0.973868  0 0 0 0 0.0256976 0
15.65 17.0729 0 -0.286 0.97381 0 0.227365 0 1 0 -0.227365 0 0.97381  0 0 0 0 0.0258178 0
15.66 17.0729 0 -0.286 0.973751 0 0.227615 0 1 0 -0.227615 0 0.973751  0 0 0 0 0.0256468 0
15.67 17.0729 0 -0.286 0.973693 0 0.227865 0 1 0 -0.227865 0 0.973693  0 0 0 0 0.0257059 0
15.68 17.0729 0 -0.286 0.973634 0 0.228115 0 1 0 -0.228115 0 0.973634  0 0 0 0 0.0256138 0
15.69 17.0729 0 -0.286 0.973576 0 0.228363 0 1 0 -0.228363 0 0.973576  0 0 0 0 0.0254839 0
15.7 17.0729 0 -0.286 0.973518 0 0.228612 0 1 0 -0.228612 0 0.973518  0 0 0 0 0.0255294 0
15.71 17.0729 0 -0.286 0.973459 0 0.228859 0 1 0 -0.228859 0 0.973459  0 0 0 0 0.0253421 0
15.72 17.0729 0 -0.286 0.973402 0 0.229105 0 1 0 -0.229105 0 0.973402  0 0 0 0 0.0251328 0
15.73 17.0729 0 -0.286 0.973344 0 0.229351 0 1 0 -0.229351 0 0.973344  0 0 0 0 0.025177 0
15.74 17.0729 0 -0.286 0.973286 0 0.229596 0 1 0 -0.229596 0 0.973286  0 0 0 0 0.0251806 0
15.75 17.0729 0 -0.286 0.973229 0 0.229839 0 1 0 -0.229839 0 0.973229  0 0 0 0 0.0249743 0
15.76 17.0729 0 -0.286 0.973171 0 0.230083 0 1 0 -0.230083 0 0.973171  0 0 0 0 0.0249444 0
15.77 17.0729 0 -0.286 0.973114 0 0.230325 0 1 0 -0.230325 0 0.973114  0 0 0 0 0.0248738 0
15.78 17.0729 0 -0.286 0.973057 0 0.230565 0 1 0 -0.230565 0 0.973057  0 0 0 0 0.024522 0
15.79 17.0729 0 -0.286 0.973 0 0.230804 0 1 0 -0.230804 0 0.973  0 0 0 0 0.0244829 0
15.8 17.0729 0 -0.286 0.972944 0 0.231041 0 1 0 -0.231041 0 0.972944  0 0 0 0 0.0243458 0
15.81 17.0729 0 -0.286 0.972888 0 0.231277 0 1 0 -0.231277 0 0.972888  0 0 0 0 0.024131 0
15.82 17.0729 0 -0.286 0.972832 0 0.231513 0 1 0 -0.231513 0 0.972832  0 0 0 0 0.0242341 0
15.83 17.0729 0 -0.286 0.972776 0 0.231746 0 1 0 -0.231746 0 0.972776  0 0 0 0 0.023918 0
15.84 17.0729 0 -0.286 0.972721 0 0.231978 0 1 0 -0.231978 0 0.972721  0 0 0 0 0.0237152 0
15.85 17.0729 0 -0.286 0.972666 0 0.232209 0 1 0 -0.232209 0 0.972666  0 0 0 0 0.0236731 0
15.86 17.0729 0 -0.286 0.972611 0 0.232437 0 1 0 -0.232437 0 0.972611  0 0 0 0 0.0234036 0
15.87 17.0729 0 -0.286 0.972557 0 0.232664 0 1 0 -0.232664 0 0.972557  0 0 0 0 0.0232253 0
15.88 17.0729 0 -0.286 0.972503 0 0.23289 0 1 0 -0.23289 0 0.972503  0 0 0 0 0.0231028 0
15.89 17.0729 0 -0.286 0.972449 0 0.233114 0 1 0 -0.233114 0 0.972449  0 0 0 0 0.0229524 0
15.9 17.0729 0 -0.286 0.972396 0 0.233335 0 1 0 -0.233335 0 0.972396  0 0 0 0 0.0226342 0
15.91 17.0729 0 -0.286 0.972344 0 0.233554 0 1 0 -0.233554 0 0.972344  0 0 0 0 0.0224306 0
15.92 17.0729 0 -0.286 0.972292 0 0.233771 0 1 0 -0.233771 0 0.972292  0 0 0 0 0.02219 0
15.93 17.0729 0 -0.286 0.97224 0 0.233986 0 1 0 -0.233986 0 0.97224  0 0 0 0 0.0219332 0
15.94 17.0729 0 -0.286 0.972189 0 0.234197 0 1 0 -0.234197 0 0.972189  0 0 0 0 0.0216683 0
15.95 17.0729 0 -0.286 0.972139 0 0.234406 0 1 0 -0.234406 0 0.972139  0 0 0 0 0.0213372 0
15.96 17.0729 0 -0.286 0.972089 0 0.234613 0 1 0 -0.234613 0 0.972089  0 0 0 0 0.0211346 0
15.97 17.0729 0 -0.286 0.97204 0 0.234816 0 1 0 -0.234816 0 0.97204  0 0 0 0 0.0206944 0
15.98 17.0729 0 -0.286 0.971991 0 0.235016 0 1 0 -0.235016 0 0.971991  0 0 0 0 0.0204787 0
15.99 17.0729 0 -0.286 0.971944 0 0.235214 0 1 0 -0.235214 0 0.971944  0 0 0 0 0.0201554 0
16 17.0729 0 -0.286 0.971897 0 0.235408 0 1 0 -0.235408 0 0.971897  0 0 0 0 0.0198369 0
16.01 17.0729 0 -0.286 0.97185 0 0.235599 0 1 0 -0.235599 0 0.97185  0 0 0 0 0.0195476 0
16.02 17.0729 0 -0.286 0.971805 0 0.235788 0 1 0 -0.235788 0 0.971805  0 0 0 0 0.0192109 0
16.03 17.0729 0 -0.286 0.97176 0 0.235973 0 1 0 -0.235973 0 0.97176  0 0 0 0 0.018893 0
16.04 17.0729 0 -0.286 0.971715 0 0.236155 0 1 0 -0.236155 0 0.971715  0 0 0 0 0.0186174 0
16.05 17.0729 0 -0.286 0.971672 0 0.236334 0 1 0 -0.236334 0 0.971672  0 0 0 0 0.0182697 0
16.06 17.0729 0 -0.286 0.971629 0 0.23651 0 1 0 -0.23651 0 0.971629  0 0 0 0 0.0179075 0
16.07 17.0729 0 -0.286 0.971587 0 0.236682 0 1 0 -0.236682 0 0.971587  0 0 0 0 0.0175791 0
16.08 17.0729 0 -0.286 0.971546 0 0.236851 0 1 0 -0.236851 0 0.971546  0 0 0 0 0.0172166 0
16.09 17.0729 0 -0.286 0.971506 0 0.237017 0 1 0 -0.237017 0 0.971506  0 0 0 0 0.0168464 0
16.1 17.0729 0 -0.286 0.971466 0 0.237179 0 1 0 -0.237179 0 0.971466  0 0 0 0 0.0164794 0
16.11 17.0729 0 -0.286 0.971427 0 0.237337 0 1 0 -0.237337 0 0.971427  0 0 0 0 0.0161052 0
16.12 17.0729 0 -0.286 0.97139 0 0.23749 0 1 0 -0.23749 0 0.97139  0 0 0 0 0.0155691 0
16.13 17.0729 0 -0.286 0.971353 0 0.237641 0 1 0 -0.237641 0 0.971353  0 0 0 0 0.0153018 0
16.14 17.0729 0 -0.286 0.971317 0 0.237787 0 1 0 -0.237787 0 0.971317  0 0 0 0 0.01483 0
16.15 17.0729 0 -0.286 0.971283 0 0.237929 0 1 0 -0.237929 0 0.971283  0 0 0 0 0.0144157 0
16.16 17.0729 0 -0.286 0.971249 0 0.238067 0 1 0 -0.238067 0 0.971249  0 0 0 0 0.0140531 0
16.17 17.0729 0 -0.286 0.971216 0 0.238202 0 1 0 -0.238202 0 0.971216  0 0 0 0 0.0136211 0
16.18 17.0729 0 -0.286 0.971184 0 0.238332 0 1 0 -0.238332 0 0.971184  0 0 0 0 0.0131951 0
16.19 17.0729 0 -0.286 0.971153 0 0.238458 0 1 0 -0.238458 0 0.971153  0 0 0 0 0.0127955 0
16.2 17.0729 0 -0.286 0.971123 0 0.23858 0 1 0 -0.23858 0 0.971123  0 0 0 0 0.0123591 0
16.21 17.0729 0 -0.286 0.971094 0 0.238698 0 1 0 -0.238698 0 0.971094  0 0 0 0 0.0118889 0
16.22 17.0729 0 -0.286 0.971066 0 0.238812 0 1 0 -0.238812 0 0.971066  0 0 0 0 0.011502 0
16.23 17.0729 0 -0.286 0.971039 0 0.238921 0 1 0 -0.238921 0 0.971039  0 0 0 0 0.0110549 0
16.24 17.0729 0 -0.286 0.971013 0 0.239027 0 1 0 -0.239027 0 0.971013  0 0 0 0 0.0106975 0
16.25 17.0729 0 -0.286 0.970988 0 0.239128 0 1 0 -0.239128 0 0.970988  0 0 0 0 0.0102043 0
16.26 17.0729 0 -0.286 0.970964 0 0.239225 0 1 0 -0.239225 0 0.970964  0 0 0 0 0.00978409 0
16.27 17.0729 0 -0.286 0.970941 0 0.239318 0 1 0 -0.239318 0 0.970941  0 0 0 0 0.00935884 0
16.28 17.0729 0 -0.286 0.970919 0 0.239407 0 1 0 -0.239407 0 0.970919  0 0 0 0 0.00889372 0
16.29 17.0729 0 -0.286 0.970899 0 0.239491 0 1 0 -0.239491 0 0.970899  0 0 0 0 0.00842671 0
16.3 17.0729 0 -0.286 0.970879 0 0.239571 0 1 0 -0.239571 0 0.970879  0 0 0 0 0.00800889 0
16.31 17.0729 0 -0.286 0.97086 0 0.239646 0 1 0 -0.239646 0 0.97086  0 0 0 0 0.00753979 0
16.32 17.0729 0 -0.286 0.970843 0 0.239717 0 1 0 -0.239717 0 0.970843  0 0 0 0 0.00707982 0
16.33 17.0729 0 -0.286 0.970826 0 0.239784 0 1 0 -0.239784 0 0.970826  0 0 0 0 0.00668799 0
16.34 17.0729 0 -0.286 0.970811 0 0.239846 0 1 0 -0.239846 0 0.970811  0 0 0 0 0.00617602 0
16.35 17.0729 0 -0.286 0.970797 0 0.239904 0 1 0 -0.239904 0 0.970797  0 0 0 0 0.00571737 0
16.36 17.0729 0 -0.286 0.970783 0 0.239957 0 1 0 -0.239957 0 0.970783  0 0 0 0 0.00522736 0
16.37 17.0729 0 -0.286 0.970771 0 0.240006 0 1 0 -0.240006 0 0.970771  0 0 0 0 0.00477912 0
16.38 17.0729 0 -0.286 0.970761 0 0.24005 0 1 0 -0.24005 0 0.970761  0 0 0 0 0.00430598 0
16.39 17.0729 0 -0.286 0.970751 0 0.240089 0 1 0 -0.240089 0 0.970751  0 0 0 0 0.00381992 0
16.4 17.0729 0 -0.286 0.970742 0 0.240124 0 1 0 -0.240124 0 0.970742  0 0 0 0 0.00337127 0
16.41 17.0729 0 -0.286 0.970735 0 0.240155 0 1 0 -0.240155 0 0.970735  0 0 0 0 0.00289002 0
16.42 17.0729 0 -0.286 0.970728 0 0.240181 0 1 0 -0.240181 0 0.970728  0 0 0 0 0.00241919 0
16.43 17.0729 0 -0.286 0.970723 0 0.240202 0 1 0 -0.240202 0 0.970723  0 0 0 0 0.00195185 0
16.44 17.0729 0 -0.286 0.970719 0 0.240218 0 1 0 -0.240218 0 0.970719  0 0 0 0 0.00147691 0
16.45 17.0729 0 -0.286 0.970716 0 0.240231 0 1 0 -0.240231 0 0.970716  0 0 0 0 0.00100785 0
16.46 17.0729 0 -0.286 0.970714 0 0.240238 0 1 0 -0.240238 0 0.970714  0 0 0 0 0.000534526 0
16.47 17.0729 0 -0.286 0.970713 0 0.240241 0 1 0 -0.240241 0 0.970713  0 0 0 0 6.17004e-05 0
16.48 17.0729 0 -0.286 0.970714 0 0.240239 0 1 0 -0.240239 0 0.970714  0 0 0 0 -0.000409678 0
16.49 17.0729 0 -0.286 0.970715 0 0.240233 0 1 0 -0.240233 0 0.970715  0 0 0 0 -0.000881643 0
16.5 17.0729 0 -0.286 0.970718 0 0.240222 0 1 0 -0.240222 0 0.970718  0 0 0 0 -0.00135258 0
16.51 17.0729 0 -0.286 0.970722 0 0.240207 0 1 0 -0.240207 0 0.970722  0 0 0 0 -0.00182328 0
16.52 17.0729 0 -0.286 0.970727 0 0.240187 0 1 0 -0.240187 0 0.970727  0 0 0 0 -0.00229298 0
16.53 17.0729 0 -0.286 0.970733 0 0.240162 0 1 0 -0.240162 0 0.970733  0 0 0 0 -0.00276028 0
16.54 17.0729 0 -0.286 0.97074 0 0.240133 0 1 0 -0.240133 0 0.97074  0 0 0 0 -0.00322811 0
16.55 17.0729 0 -0.286 0.970748 0 0.2401 0 1 0 -0.2401 0 0.970748  0 0 0 0 -0.00369252 0
16.56 17.0729 0 -0.286 0.970758 0 0.240061 0 1 0 -0.240061 0 0.970758  0 0 0 0 -0.0041551 0
16.57 17.0729 0 -0.286 0.970768 0 0.240019 0 1 0 -0.240019 0 0.970768  0 0 0 0 -0.00461761 0
16.58 17.0729 0 -0.286 0.97078 0 0.239972 0 1 0 -0.239972 0 0.97078  0 0 0 0 -0.00503046 0
16.59 17.0729 0 -0.286 0.970792 0 0.239921 0 1 0 -0.239921 0 0.970792  0 0 0 0 -0.00553871 0
16.6 17.0729 0 -0.286 0.970806 0 0.239865 0 1 0 -0.239865 0 0.970806  0 0 0 0 -0.00596878 0
16.61 17.0729 0 -0.286 0.970821 0 0.239805 0 1 0 -0.239805 0 0.970821  0 0 0 0 -0.00634416 0
16.62 17.0729 0 -0.286 0.970837 0 0.239741 0 1 0 -0.239741 0 0.970837  0 0 0 0 -0.00687771 0
16.63 17.0729 0 -0.286 0.970854 0 0.239672 0 1 0 -0.239672 0 0.970854  0 0 0 0 -0.00728175 0
16.64 17.0729 0 -0.286 0.970872 0 0.2396 0 1 0 -0.2396 0 0.970872  0 0 0 0 -0.00771477 0
16.65 17.0729 0 -0.286 0.970891 0 0.239523 0 1 0 -0.239523 0 0.970891  0 0 0 0 -0.00812018 0
16.66 17.0729 0 -0.286 0.970911 0 0.239442 0 1 0 -0.239442 0 0.970911  0 0 0 0 -0.00857698 0
16.67 17.0729 0 -0.286 0.970932 0 0.239356 0 1 0 -0.239356 0 0.970932  0 0 0 0 -0.00898769 0
16.68 17.0729 0 -0.286 0.970954 0 0.239267 0 1 0 -0.239267 0 0.970954  0 0 0 0 -0.00939511 0
16.69 17.0729 0 -0.286 0.970977 0 0.239174 0 1 0 -0.239174 0 0.970977  0 0 0 0 -0.00980819 0
16.7 17.0729 0 -0.286 0.971001 0 0.239077 0 1 0 -0.239077 0 0.971001  0 0 0 0 -0.0102318 0
16.71 17.0729 0 -0.286 0.971026 0 0.238975 0 1 0 -0.238975 0 0.971026  0 0 0 0 -0.0106309 0
16.72 17.0729 0 -0.286 0.971051 0 0.23887 0 1 0 -0.23887 0 0.971051  0 0 0 0 -0.0110338 0
16.73 17.0729 0 -0.286 0.971078 0 0.238761 0 1 0 -0.238761 0 0.971078  0 0 0 0 -0.0114883 0
16.74 17.0729 0 -0.286 0.971106 0 0.238648 0 1 0 -0.238648 0 0.971106  0 0 0 0 -0.0118634 0
16.75 17.0729 0 -0.286 0.971135 0 0.238531 0 1 0 -0.238531 0 0.971135  0 0 0 0 -0.0122618 0
16.76 17.0729 0 -0.286 0.971165 0 0.23841 0 1 0 -0.23841 0 0.971165  0 0 0 0 -0.0126299 0
16.77 17.0729 0 -0.286 0.971195 0 0.238285 0 1 0 -0.238285 0 0.971195  0 0 0 0 -0.0130236 0
16.78 17.0729 0 -0.286 0.971227 0 0.238157 0 1 0 -0.238157 0 0.971227  0 0 0 0 -0.0133298 0
16.79 17.0729 0 -0.286 0.971259 0 0.238026 0 1 0 -0.238026 0 0.971259  0 0 0 0 -0.0137546 0
16.8 17.0729 0 -0.286 0.971292 0 0.237891 0 1 0 -0.237891 0 0.971292  0 0 0 -0 -0.0140984 0
16.81 17.0729 0 -0.286 0.971326 0 0.237752 0 1 0 -0.237752 0 0.971326  0 0 0 0 -0.014451 0
16.82 17.0729 0 -0.286 0.971361 0 0.23761 0 1 0 -0.23761 0 0.971361  0 0 0 -0 -0.0148182 0
16.83 17.0729 0 -0.286 0.971396 0 0.237464 0 1 0 -0.237464 0 0.971396  0 0 0 0 -0.0151537 0
16.84 17.0729 0 -0.286 0.971433 0 0.237316 0 1 0 -0.237316 0 0.971433  0 0 0 -0 -0.0154506 0
16.85 17.0729 0 -0.286 0.97147 0 0.237164 0 1 0 -0.237164 0 0.97147  0 0 0 -0 -0.015808 0
16.86 17.0729 0 -0.286 0.971507 0 0.23701 0 1 0 -0.23701 0 0.971507  0 0 0 -0 -0.0160002 0
16.87 17.0729 0 -0.286 0.971546 0 0.236852 0 1 0 -0.236852 0 0.971546  0 0 0 -0 -0.0163619 0
16.88 17.0729 0 -0.286 0.971585 0 0.236692 0 1 0 -0.236692 0 0.971585  0 0 0 0 -0.0166486 0
16.89 17.0729 0 -0.286 0.971624 0 0.236529 0 1 0 -0.236529 0 0.971624  0 0 0 0 -0.016907 0
16.9 17.0729 0 -0.286 0.971665 0 0.236363 0 1 0 -0.236363 0 0.971665  0 0 0 0 -0.0172062 0
16.91 17.0729 0 -0.286 0.971706 0 0.236195 0 1 0 -0.236195 0 0.971706  0 0 0 0 -0.0174479 0
16.92 17.0729 0 -0.286 0.971747 0 0.236024 0 1 0 -0.236024 0 0.971747  0 0 0 0 -0.0177147 0
16.93 17.0729 0 -0.286 0.971789 0 0.235851 0 1 0 -0.235851 0 0.971789  0 0 0 0 -0.0179606 0
16.94 17.0729 0 -0.286 0.971832 0 0.235675 0 1 0 -0.235675 0 0.971832  0 0 0 -0 -0.0182035 0
16.95 17.0729 0 -0.286 0.971875 0 0.235497 0 1 0 -0.235497 0 0.971875  0 0 0 0 -0.0184617 0
16.96 17.0729 0 -0.286 0.971919 0 0.235316 0 1 0 -0.235316 0 0.971919  0 0 0 0 -0.0186926 0
16.97 17.0729 0 -0.286 0.971963 0 0.235133 0 1 0 -0.235133 0 0.971963  0 0 0 -0 -0.0189521 0
16.98 17.0729 0 -0.286 0.972008 0 0.234948 0 1 0 -0.234948 0 0.972008  0 0 0 -0 -0.0191584 0
16.99 17.0729 0 -0.286 0.972053 0 0.234761 0 1 0 -0.234761 0 0.972053  0 0 0 0 -0.0193691 0
17 17.0729 0 -0.286 0.972099 0 0.234572 0 1 0 -0.234572 0 0.972099  0 0 0 0 -0.0195588 0
17.01 17.0729 0 -0.286 0.972145 0 0.234381 0 1 0 -0.234381 0 0.972145  0 0 0 0 -0.0197512 0
17.02 17.0729 0 -0.286 0.972191 0 0.234189 0 1 0 -0.234189 0 0.972191  0 0 0 0 -0.019808 0
17.03 17.0729 0 -0.286 0.972238 0 0.233994 0 1 0 -0.233994 0 0.972238  0 0 0 0 -0.020119 0
17.04 17.0729 0 -0.286 0.972285 0 0.233799 0 1 0 -0.233799 0 0.972285  0 0 0 0 -0.0202233 0
17.05 17.0729 0 -0.286 0.972332 0 0.233602 0 1 0 -0.233602 0 0.972332  0 0 0 0 -0.0203272 0
17.06 17.0729 0 -0.286 0.97238 0 0.233403 0 1 0 -0.233403 0 0.97238  0 0 0 0 -0.0205621 0
17.07 17.0729 0 -0.286 0.972428 0 0.233202 0 1 0 -0.233202 0 0.972428  0 0 0 0 -0.0206754 0
17.08 17.0729 0 -0.286 0.972477 0 0.233001 0 1 0 -0.233001 0 0.972477  0 0 0 0 -0.0208003 0
17.09 17.0729 0 -0.286 0.972525 0 0.232798 0 1 0 -0.232798 0 0.972525  0 0 0 0 -0.0209572 0
17.1 17.0729 0 -0.286 0.972574 0 0.232593 0 1 0 -0.232593 0 0.972574  0 0 0 0 -0.0211294 0
17.11 17.0729 0 -0.286 0.972623 0 0.232387 0 1 0 -0.232387 0 0.972623  0 0 0 0 -0.0212447 0
17.12 17.0729 0 -0.286 0.972673 0 0.23218 0 1 0 -0.23218 0 0.972673  0 0 0 0 -0.0213708 0
17.13 17.0729 0 -0.286 0.972723 0 0.231971 0 1 0 -0.231971 0 0.972723  0 0 0 0 -0.021486 0
17.14 17.0729 0 -0.286 0.972773 0 0.231762 0 1 0 -0.231762 0 0.972773  0 0 0 -0 -0.0215841 0
17.15 17.0729 0 -0.286 0.972823 0 0.231552 0 1 0 -0.231552 0 0.972823  0 0 0 -0 -0.0216926 0
17.16 17.0729 0 -0.286 0.972873 0 0.23134 0 1 0 -0.23134 0 0.972873  0 0 0 0 -0.0217579 0
17.17 17.0729 0 -0.286 0.972923 0 0.231128 0 1 0 -0.231128 0 0.972923  0 0 0 -0 -0.0218564 0
17.18 17.0729 0 -0.286 0.972974 0 0.230915 0 1 0 -0.230915 0 0.972974  0 0 0 -0 -0.0219261 0
17.19 17.0729 0 -0.286 0.973024 0 0.230702 0 1 0 -0.230702 0 0.973024  0 0 0 -0 -0.0219608 0
17.2 17.0729 0 -0.286 0.973075 0 0.230488 0 1 0 -0.230488 0 0.973075  0 0 0 0 -0.0220484 0
17.21 17.0729 0 -0.286 0.973126 0 0.230273 0 1 0 -0.230273 0 0.973126  0 0 0 0 -0.0220759 0
17.22 17.0729 0 -0.286 0.973177 0 0.230058 0 1 0 -0.230058 0 0.973177  0 0 0 0 -0.0221298 0
17.23 17.0729 0 -0.286 0.973228 0 0.229843 0 1 0 -0.229843 0 0.973228  0 0 0 -0 -0.0220798 0
17.24 17.0729 0 -0.286 0.973279 0 0.229628 0 1 0 -0.229628 0 0.973279  0 0 0 0 -0.0221362 0
17.25 17.0729 0 -0.286 0.973329 0 0.229413 0 1 0 -0.229413 0 0.973329  0 0 0 0 -0.0221151 0
17.26 17.0729 0 -0.286 0.97338 0 0.229198 0 1 0 -0.229198 0 0.97338  0 0 0 0 -0.0220934 0
17.27 17.0729 0 -0.286 0.97343 0 0.228983 0 1 0 -0.228983 0 0.97343  0 0 0 -0 -0.0220387 0
17.28 17.0729 0 -0.286 0.973481 0 0.228768 0 1 0 -0.228768 0 0.973481  0 0 0 -0 -0.0220688 0
17.29 17.0729 0 -0.286 0.973531 0 0.228554 0 1 0 -0.228554 0 0.973531  0 0 0 0 -0.0219869 0
17.3 17.0729 0 -0.286 0.973581 0 0.228341 0 1 0 -0.228341 0 0.973581  0 0 0 0 -0.0219096 0
17.31 17.0729 0 -0.286 0.973631 0 0.228129 0 1 0 -0.228129 0 0.973631  0 0 0 -0 -0.0217363 0
17.32 17.0729 0 -0.286 0.973681 0 0.227916 0 1 0 -0.227916 0 0.973681  0 0 0 0 -0.0218204 0
17.33 17.0729 0 -0.286 0.97373 0 0.227706 0 1 0 -0.227706 0 0.97373  0 0 0 0 -0.0215203 0
17.34 17.0729 0 -0.286 0.973779 0 0.227495 0 1 0 -0.227495 0 0.973779  0 0 0 0 -0.0216245 0
17.35 17.0729 0 -0.286 0.973828 0 0.227285 0 1 0 -0.227285 0 0.973828  0 0 0 -0 -0.0214736 0
17.36 17.0729 0 -0.286 0.973877 0 0.227077 0 1 0 -0.227077 0 0.973877  0 0 0 0 -0.0213404 0
17.37 17.0729 0 -0.286 0.973925 0 0.22687 0 1 0 -0.22687 0 0.973925  0 0 0 0 -0.0212095 0
17.38 17.0729 0 -0.286 0.973973 0 0.226665 0 1 0 -0.226665 0 0.973973  0 0 0 0 -0.0209674 0
17.39 17.0729 0 -0.286 0.97402 0 0.226461 0 1 0 -0.226461 0 0.97402  0 0 0 0 -0.0208763 0
17.4 17.0729 0 -0.286 0.974067 0 0.226259 0 1 0 -0.226259 0 0.974067  0 0 0 0 -0.0206719 0
17.41 17.0729 0 -0.286 0.974114 0 0.226058 0 1 0 -0.226058 0 0.974114  0 0 0 0 -0.0205468 0
17.42 17.0729 0 -0.286 0.97416 0 0.225858 0 1 0 -0.225858 0 0.97416  0 0 0 0 -0.0203822 0
17.43 17.0729 0 -0.286 0.974206 0 0.225661 0 1 0 -0.225661 0 0.974206  0 0 0 -0 -0.020178 0
17.44 17.0729 0 -0.286 0.974251 0 0.225465 0 1 0 -0.225465 0 0.974251  0 0 0 -0 -0.0200242 0
17.45 17.0729 0 -0.286 0.974296 0 0.225271 0 1 0 -0.225271 0 0.974296  0 0 0 0 -0.0197873 0
17.46 17.0729 0 -0.286 0.97434 0 0.225079 0 1 0 -0.225079 0 0.97434  0 0 0 -0 -0.0196136 0
17.47 17.0729 0 -0.286 0.974384 0 0.224889 0 1 0 -0.224889 0 0.974384  0 0 0 0 -0.0193903 0
17.48 17.0729 0 -0.286 0.974428 0 0.224701 0 1 0 -0.224701 0 0.974428  0 0 0 -0 -0.0191981 0
17.49 17.0729 0 -0.286 0.974471 0 0.224516 0 1 0 -0.224516 0 0.974471  0 0 0 0 -0.0189422 0
17.5 17.0729 0 -0.286 0.974513 0 0.224332 0 1 0 -0.224332 0 0.974513  0 0 0 0 -0.0187633 0
17.51 17.0729 0 -0.286 0.974555 0 0.22415 0 1 0 -0.22415 0 0.974555  0 0 0 0 -0.0185196 0
17.52 17.0729 0 -0.286 0.974596 0 0.223971 0 1 0 -0.223971 0 0.974596  0 0 0 -0 -0.0182365 0
17.53 17.0729 0 -0.286 0.974636 0 0.223795 0 1 0 -0.223795 0 0.974636  0 0 0 0 -0.0180058 0
17.54 17.0729 0 -0.286 0.974676 0 0.22362 0 1 0 -0.22362 0 0.974676  0 0 0 0 -0.0177838 0
17.55 17.0729 0 -0.286 0.974716 0 0.223448 0 1 0 -0.223448 0 0.974716  0 0 0 -0 -0.0174951 0
17.56 17.0729 0 -0.286 0.974755 0 0.223279 0 1 0 -0.223279 0 0.974755  0 0 0 0 -0.0172573 0
17.57 17.0729 0 -0.286 0.974793 0 0.223112 0 1 0 -0.223112 0 0.974793  0 0 0 0 -0.0169771 0
17.58 17.0729 0 -0.286 0.97483 0 0.222948 0 1 0 -0.222948 0 0.97483  0 0 0 0 -0.0166996 0
17.59 17.0729 0 -0.286 0.974867 0 0.222787 0 1 0 -0.222787 0 0.974867  0 0 0 -0 -0.0164194 0
17.6 17.0729 0 -0.286 0.974903 0 0.222628 0 1 0 -0.222628 0 0.974903  0 0 0 -0 -0.0161361 0
17.61 17.0729 0 -0.286 0.974939 0 0.222472 0 1 0 -0.222472 0 0.974939  0 0 0 0 -0.0158041 0
17.62 17.0729 0 -0.286 0.974974 0 0.22232 0 1 0 -0.22232 0 0.974974  0 0 0 0 -0.0155163 0
17.63 17.0729 0 -0.286 0.975008 0 0.22217 0 1 0 -0.22217 0 0.975008  0 0 0 0 -0.0151864 0
17.64 17.0729 0 -0.286 0.975041 0 0.222023 0 1 0 -0.222023 0 0.975041  0 0 0 0 -0.0148947 0
17.65 17.0729 0 -0.286 0.975074 0 0.22188 0 1 0 -0.22188 0 0.975074  0 0 0 -0 -0.0145744 0
17.66 17.0729 0 -0.286 0.975106 0 0.221739 0 1 0 -0.221739 0 0.975106  0 0 0 -0 -0.0142469 0
17.67 17.0729 0 -0.286 0.975137 0 0.221602 0 1 0 -0.221602 0 0.975137  0 0 0 0 -0.0139302 0
17.68 17.0729 0 -0.286 0.975168 0 0.221468 0 1 0 -0.221468 0 0.975168  0 0 0 0 -0.0134827 0
17.69 17.0729 0 -0.286 0.975197 0 0.221338 0 1 0 -0.221338 0 0.975197  0 0 0 0 -0.0132422 0
17.7 17.0729 0 -0.286 0.975226 0 0.221211 0 1 0 -0.221211 0 0.975226  0 0 0 0 -0.0128636 0
17.71 17.0729 0 -0.286 0.975254 0 0.221087 0 1 0 -0.221087 0 0.975254  0 0 0 0 -0.0124953 0
17.72 17.0729 0 -0.286 0.975281 0 0.220966 0 1 0 -0.220966 0 0.975281  0 0 0 -0 -0.0121875 0
17.73 17.0729 0 -0.286 0.975308 0 0.22085 0 1 0 -0.22085 0 0.975308  0 0 0 0 -0.0118078 0
17.74 17.0729 0 -0.286 0.975334 0 0.220736 0 1 0 -0.220736 0 0.975334  0 0 0 0 -0.0115048 0
17.75 17.0729 0 -0.286 0.975359 0 0.220626 0 1 0 -0.220626 0 0.975359  0 0 0 0 -0.0111009 0
17.76 17.0729 0 -0.286 0.975383 0 0.220519 0 1 0 -0.220519 0 0.975383  0 0 0 0 -0.0107461 0
17.77 17.0729 0 -0.286 0.975406 0 0.220416 0 1 0 -0.220416 0 0.975406  0 0 0 0 -0.0103852 0
17.78 17.0729 0 -0.286 0.975428 0 0.220317 0 1 0 -0.220317 0 0.975428  0 0 0 0 -0.0100099 0
17.79 17.0729 0 -0.286 0.97545 0 0.220221 0 1 0 -0.220221 0 0.97545  0 0 0 0 -0.00963068 0
17.8 17.0729 0 -0.286 0.975471 0 0.220129 0 1 0 -0.220129 0 0.975471  0 0 0 0 -0.0092558 0
17.81 17.0729 0 -0.286 0.975491 0 0.22004 0 1 0 -0.22004 0 0.975491  0 0 0 0 -0.00886184 0
17.82 17.0729 0 -0.286 0.97551 0 0.219956 0 1 0 -0.219956 0 0.97551  0 0 0 -0 -0.00847488 0
17.83 17.0729 0 -0.286 0.975528 0 0.219875 0 1 0 -0.219875 0 0.975528  0 0 0 -0 -0.00806411 0
17.84 17.0729 0 -0.286 0.975545 0 0.219798 0 1 0 -0.219798 0 0.975545  0 0 0 -0 -0.00769007 0
17.85 17.0729 0 -0.286 0.975562 0 0.219725 0 1 0 -0.219725 0 0.975562  0 0 0 -0 -0.00728809 0
17.86 17.0729 0 -0.286 0.975577 0 0.219656 0 1 0 -0.219656 0 0.975577  0 0 0 0 -0.00688528 0
17.87 17.0729 0 -0.286 0.975592 0 0.219591 0 1 0 -0.219591 0 0.975592  0 0 0 -0 -0.00649732 0
17.88 17.0729 0 -0.286 0.975606 0 0.21953 0 1 0 -0.21953 0 0.975606  0 0 0 -0 -0.00609244 0
17.89 17.0729 0 -0.286 0.975619 0 0.219472 0 1 0 -0.219472 0 0.975619  0 0 0 -0 -0.00569077 0
17.9 17.0729 0 -0.286 0.975631 0 0.219419 0 1 0 -0.219419 0 0.975631  0 0 0 -0 -0.0052844 0
17.91 17.0729 0 -0.286 0.975642 0 0.219369 0 1 0 -0.219369 0 0.975642  0 0 0 -0 -0.00489106 0
17.92 17.0729 0 -0.286 0.975652 0 0.219323 0 1 0 -0.219323 0 0.975652  0 0 0 -0 -0.00448343 0
17.93 17.0729 0 -0.286 0.975662 0 0.219281 0 1 0 -0.219281 0 0.975662  0 0 0 0 -0.00408976 0
17.94 17.0729 0 -0.286 0.97567 0 0.219243 0 1 0 -0.219243 0 0.97567  0 0 0 0 -0.00368364 0
17.95 17.0729 0 -0.286 0.975678 0 0.219209 0 1 0 -0.219209 0 0.975678  0 0 0 0 -0.00328559 0
17.96 17.0729 0 -0.286 0.975685 0 0.219179 0 1 0 -0.219179 0 0.975685  0 0 0 0 -0.00288686 0
17.97 17.0729 0 -0.286 0.97569 0 0.219153 0 1 0 -0.219153 0 0.97569  0 0 0 0 -0.00248801 0
17.98 17.0729 0 -0.286 0.975696 0 0.219131 0 1 0 -0.219131 0 0.975696  0 0 0 0 -0.00209328 0
17.99 17.0729 0 -0.286 0.9757 0 0.219112 0 1 0 -0.219112 0 0.9757  0 0 0 0 -0.00169614 0
18 17.0729 0 -0.286 0.975703 0 0.219098 0 1 0 -0.219098 0 0.975703  0 0 0 0 -0.00130241 0
18.01 17.0729 0 -0.286 0.975705 0 0.219087 0 1 0 -0.219087 0 0.975705  0 0 0 0 -0.000908751 0
18.02 17.0729 0 -0.286 0.975707 0 0.21908 0 1 0 -0.21908 0 0.975707  0 0 0 0 -0.000517277 0
18.03 17.0729 0 -0.286 0.975708 0 0.219077 0 1 0 -0.219077 0 0.975708  0 0 0 0 -0.000127369 0
18.04 17.0729 0 -0.286 0.975707 0 0.219077 0 1 0 -0.219077 0 0.975707  0 0 0 0 0.000261679 0
18.05 17.0729 0 -0.286 0.975707 0 0.219082 0 1 0 -0.219082 0 0.975707  0 0 0 0 0.000645155 0
18.06 17.0729 0 -0.286 0.975705 0 0.21909 0 1 0 -0.21909 0 0.975705  0 0 0 0 0.00103085 0
18.07 17.0729 0 -0.286 0.975702 0 0.219102 0 1 0 -0.219102 0 0.975702  0 0 0 0 0.00141544 0
18.08 17.0729 0 -0.286 0.975698 0 0.219117 0 1 0 -0.219117 0 0.975698  0 0 0 0 0.00178974 0
18.09 17.0729 0 -0.286 0.975694 0 0.219137 0 1 0 -0.219137 0 0.975694  0 0 0 0 0.00216755 0
18.1 17.0729 0 -0.286 0.975689 0 0.21916 0 1 0 -0.21916 0 0.975689  0 0 0 0 0.00254321 0
18.11 17.0729 0 -0.286 0.975683 0 0.219186 0 1 0 -0.219186 0 0.975683  0 0 0 0 0.00291371 0
18.12 17.0729 0 -0.286 0.975676 0 0.219217 0 1 0 -0.219217 0 0.975676  0 0 0 0 0.00328086 0
18.13 17.0729 0 -0.286 0.975669 0 0.21925 0 1 0 -0.21925 0 0.975669  0 0 0 0 0.00365609 0
18.14 17.0729 0 -0.286 0.97566 0 0.219288 0 1 0 -0.219288 0 0.97566  0 0 0 0 0.00400968 0
18.15 17.0729 0 -0.286 0.975651 0 0.219329 0 1 0 -0.219329 0 0.975651  0 0 0 0 0.00437426 0
18.16 17.0729 0 -0.286 0.975641 0 0.219373 0 1 0 -0.219373 0 0.975641  0 0 0 0 0.00473264 0
18.17 17.0729 0 -0.286 0.97563 0 0.219421 0 1 0 -0.219421 0 0.97563  0 0 0 0 0.00507487 0
18.18 17.0729 0 -0.286 0.975619 0 0.219472 0 1 0 -0.219472 0 0.975619  0 0 0 0 0.00542588 0
18.19 17.0729 0 -0.286 0.975606 0 0.219527 0 1 0 -0.219527 0 0.975606  0 0 0 0 0.00577527 0
18.2 17.0729 0 -0.286 0.975593 0 0.219585 0 1 0 -0.219585 0 0.975593  0 0 0 0 0.00611087 0
18.21 17.0729 0 -0.286 0.97558 0 0.219646 0 1 0 -0.219646 0 0.97558  0 0 0 0 0.00644261 0
18.22 17.0729 0 -0.286 0.975565 0 0.219711 0 1 0 -0.219711 0 0.975565  0 0 0 0 0.00678825 0
18.23 17.0729 0 -0.286 0.97555 0 0.219778 0 1 0 -0.219778 0 0.97555  0 0 0 0 0.00710236 0
18.24 17.0729 0 -0.286 0.975534 0 0.219849 0 1 0 -0.219849 0 0.975534  0 0 0 0 0.00742169 0
18.25 17.0729 0 -0.286 0.975517 0 0.219923 0 1 0 -0.219923 0 0.975517  0 0 0 0 0.00775037 0
18.26 17.0729 0 -0.286 0.9755 0 0.22 0 1 0 -0.22 0 0.9755  0 0 0 0 0.00805678 0
18.27 17.0729 0 -0.286 0.975482 0 0.22008 0 1 0 -0.22008 0 0.975482  0 0 0 0 0.00835988 0
18.28 17.0729 0 -0.286 0.975463 0 0.220163 0 1 0 -0.220163 0 0.975463  0 0 0 0 0.00864751 0
18.29 17.0729 0 -0.286 0.975444 0 0.220249 0 1 0 -0.220249 0 0.975444  0 0 0 0 0.00894251 0
18.3 17.0729 0 -0.286 0.975424 0 0.220338 0 1 0 -0.220338 0 0.975424  0 0 0 0 0.00923178 0
18.31 17.0729 0 -0.286 0.975403 0 0.220429 0 1 0 -0.220429 0 0.975403  0 0 0 0 0.00950873 0
18.32 17.0729 0 -0.286 0.975382 0 0.220523 0 1 0 -0.220523 0 0.975382  0 0 0 0 0.00979281 0
18.33 17.0729 0 -0.286 0.97536 0 0.22062 0 1 0 -0.22062 0 0.97536  0 0 0 0 0.0100758 0
18.34 17.0729 0 -0.286 0.975337 0 0.220719 0 1 0 -0.220719 0 0.975337  0 0 0 0 0.010334 0
18.35 17.0729 0 -0.286 0.975314 0 0.220822 0 1 0 -0.220822 0 0.975314  0 0 0 0 0.0106034 0
18.36 17.0729 0 -0.286 0.975291 0 0.220926 0 1 0 -0.220926 0 0.975291  0 0 0 0 0.0108753 0
18.37 17.0729 0 -0.286 0.975266 0 0.221035 0 1 0 -0.221035 0 0.975266  0 0 0 0 0.0112821 0
18.38 17.0729 0 -0.286 0.975241 0 0.221144 0 1 0 -0.221144 0 0.975241  0 0 0 0 0.0113687 0
18.39 17.0729 0 -0.286 0.975216 0 0.221257 0 1 0 -0.221257 0 0.975216  0 0 0 0 0.0116742 0
18.4 17.0729 0 -0.286 0.975189 0 0.221372 0 1 0 -0.221372 0 0.975189  0 0 0 0 0.0119095 0
18.41 17.0729 0 -0.286 0.975163 0 0.221489 0 1 0 -0.221489 0 0.975163  0 0 0 0 0.0121039 0
18.42 17.0729 0 -0.286 0.975136 0 0.221608 0 1 0 -0.221608 0 0.975136  0 0 0 0 0.0123461 0
18.43 17.0729 0 -0.286 0.975108 0 0.22173 0 1 0 -0.22173 0 0.975108  0 0 0 0 0.0125811 0
18.44 17.0729 0 -0.286 0.97508 0 0.221853 0 1 0 -0.221853 0 0.97508  0 0 0 0 0.0126872 0
18.45 17.0729 0 -0.286 0.975052 0 0.221978 0 1 0 -0.221978 0 0.975052  0 0 0 0 0.0129627 0
18.46 17.0729 0 -0.286 0.975023 0 0.222105 0 1 0 -0.222105 0 0.975023  0 0 0 0 0.0131386 0
18.47 17.0729 0 -0.286 0.974993 0 0.222234 0 1 0 -0.222234 0 0.974993  0 0 0 0 0.0133017 0
18.48 17.0729 0 -0.286 0.974964 0 0.222365 0 1 0 -0.222365 0 0.974964  0 0 0 0 0.0135128 0
18.49 17.0729 0 -0.286 0.974933 0 0.222497 0 1 0 -0.222497 0 0.974933  0 0 0 0 0.0136051 0
18.5 17.0729 0 -0.286 0.974903 0 0.222631 0 1 0 -0.222631 0 0.974903  0 0 0 0 0.0138403 0
18.51 17.0729 0 -0.286 0.974872 0 0.222766 0 1 0 -0.222766 0 0.974872  0 0 0 0 0.0139698 0
18.52 17.0729 0 -0.286 0.974841 0 0.222902 0 1 0 -0.222902 0 0.974841  0 0 0 0 0.0140322 0
18.53 17.0729 0 -0.286 0.974809 0 0.223041 0 1 0 -0.223041 0 0.974809  0 0 0 0 0.0142966 0
18.54 17.0729 0 -0.286 0.974777 0 0.223181 0 1 0 -0.223181 0 0.974777  0 0 0 0 0.0144058 0
18.55 17.0729 0 -0.286 0.974745 0 0.223322 0 1 0 -0.223322 0 0.974745  0 0 0 0 0.014528 0
18.56 17.0729 0 -0.286 0.974712 0 0.223464 0 1 0 -0.223464 0 0.974712  0 0 0 0 0.0146957 0
18.57 17.0729 0 -0.286 0.974679 0 0.223608 0 1 0 -0.223608 0 0.974679  0 0 0 0 0.0147996 0
18.58 17.0729 0 -0.286 0.974646 0 0.223753 0 1 0 -0.223753 0 0.974646  0 0 0 0 0.0149494 0
18.59 17.0729 0 -0.286 0.974612 0 0.223899 0 1 0 -0.223899 0 0.974612  0 0 0 0 0.01506 0
18.6 17.0729 0 -0.286 0.974579 0 0.224046 0 1 0 -0.224046 0 0.974579  0 0 0 0 0.0151655 0
18.61 17.0729 0 -0.286 0.974544 0 0.224195 0 1 0 -0.224195 0 0.974544  0 0 0 0 0.0153331 0
18.62 17.0729 0 -0.286 0.97451 0 0.224345 0 1 0 -0.224345 0 0.97451  0 0 0 0 0.0154041 0
18.63 17.0729 0 -0.286 0.974475 0 0.224495 0 1 0 -0.224495 0 0.974475  0 0 0 0 0.0154722 0
18.64 17.0729 0 -0.286 0.97444 0 0.224647 0 1 0 -0.224647 0 0.97444  0 0 0 0 0.0156416 0
18.65 17.0729 0 -0.286 0.974405 0 0.224799 0 1 0 -0.224799 0 0.974405  0 0 0 0 0.0156785 0
18.66 17.0729 0 -0.286 0.97437 0 0.224952 0 1 0 -0.224952 0 0.97437  0 0 0 0 0.015702 0
18.67 17.0729 0 -0.286 0.974334 0 0.225106 0 1 0 -0.225106 0 0.974334  0 0 0 0 0.0158397 0
18.68 17.0729 0 -0.286 0.974299 0 0.22526 0 1 0 -0.22526 0 0.974299  0 0 0 0 0.0158891 0
18.69 17.0729 0 -0.286 0.974263 0 0.225415 0 1 0 -0.225415 0 0.974263  0 0 0 0 0.0159402 0
18.7 17.0729 0 -0.286 0.974227 0 0.225571 0 1 0 -0.225571 0 0.974227  0 0 0 0 0.0159742 0
18.71 17.0729 0 -0.286 0.974191 0 0.225727 0 1 0 -0.225727 0 0.974191  0 0 0 0 0.0160327 0
18.72 17.0729 0 -0.286 0.974155 0 0.225882 0 1 0 -0.225882 0 0.974155  0 0 0 0 0.0159982 0
18.73 17.0729 0 -0.286 0.974118 0 0.226039 0 1 0 -0.226039 0 0.974118  0 0 0 0 0.0160745 0
18.74 17.0729 0 -0.286 0.974082 0 0.226195 0 1 0 -0.226195 0 0.974082  0 0 0 0 0.0160689 0
18.75 17.0729 0 -0.286 0.974046 0 0.226352 0 1 0 -0.226352 0 0.974046  0 0 0 0 0.0160828 0
18.76 17.0729 0 -0.286 0.974009 0 0.226509 0 1 0 -0.226509 0 0.974009  0 0 0 0 0.0161001 0
18.77 17.0729 0 -0.286 0.973973 0 0.226665 0 1 0 -0.226665 0 0.973973  0 0 0 0 0.0159863 0
18.78 17.0729 0 -0.286 0.973936 0 0.226821 0 1 0 -0.226821 0 0.973936  0 0 0 0 0.0160959 0
18.79 17.0729 0 -0.286 0.9739 0 0.226978 0 1 0 -0.226978 0 0.9739  0 0 0 0 0.0160515 0
18.8 17.0729 0 -0.286 0.973863 0 0.227134 0 1 0 -0.227134 0 0.973863  0 0 0 0 0.0160942 0
18.81 17.0729 0 -0.286 0.973827 0 0.227291 0 1 0 -0.227291 0 0.973827  0 0 0 0 0.0161336 0
18.82 17.0729 0 -0.286 0.97379 0 0.227448 0 1 0 -0.227448 0 0.97379  0 0 0 0 0.0160299 0
18.83 17.0729 0 -0.286 0.973754 0 0.227604 0 1 0 -0.227604 0 0.973754  0 0 0 0 0.0160391 0
18.84 17.0729 0 -0.286 0.973717 0 0.22776 0 1 0 -0.22776 0 0.973717  0 0 0 0 0.015982 0
18.85 17.0729 0 -0.286 0.973681 0 0.227915 0 1 0 -0.227915 0 0.973681  0 0 0 0 0.0158775 0
18.86 17.0729 0 -0.286 0.973645 0 0.228069 0 1 0 -0.228069 0 0.973645  0 0 0 0 0.0158065 0
18.87 17.0729 0 -0.286 0.973609 0 0.228225 0 1 0 -0.228225 0 0.973609  0 0 0 0 0.0159775 0
18.88 17.0729 0 -0.286 0.973573 0 0.228377 0 1 0 -0.228377 0 0.973573  0 0 0 0 0.0156052 0
18.89 17.0729 0 -0.286 0.973537 0 0.228531 0 1 0 -0.228531 0 0.973537  0 0 0 0 0.015748 0
18.9 17.0729 0 -0.286 0.973501 0 0.228683 0 1 0 -0.228683 0 0.973501  0 0 0 0 0.0156534 0
18.91 17.0729 0 -0.286 0.973466 0 0.228834 0 1 0 -0.228834 0 0.973466  0 0 0 0 0.0153644 0
18.92 17.0729 0 -0.286 0.97343 0 0.228985 0 1 0 -0.228985 0 0.97343  0 0 0 0 0.0154802 0
18.93 17.0729 0 -0.286 0.973395 0 0.229134 0 1 0 -0.229134 0 0.973395  0 0 0 0 0.0153266 0
18.94 17.0729 0 -0.286 0.97336 0 0.229284 0 1 0 -0.229284 0 0.97336  0 0 0 0 0.0153202 0
18.95 17.0729 0 -0.286 0.973325 0 0.229431 0 1 0 -0.229431 0 0.973325  0 0 0 0 0.0151318 0
18.96 17.0729 0 -0.286 0.97329 0 0.229578 0 1 0 -0.229578 0 0.97329  0 0 0 0 0.01503 0
18.97 17.0729 0 -0.286 0.973256 0 0.229724 0 1 0 -0.229724 0 0.973256  0 0 0 0 0.0148831 0
18.98 17.0729 0 -0.286 0.973222 0 0.229868 0 1 0 -0.229868 0 0.973222  0 0 0 0 0.0147956 0
18.99 17.0729 0 -0.286 0.973188 0 0.230011 0 1 0 -0.230011 0 0.973188  0 0 0 0 0.0145981 0
19 17.0729 0 -0.286 0.973154 0 0.230154 0 1 0 -0.230154 0 0.973154  0 0 0 0 0.0145242 0
19.01 17.0729 0 -0.286 0.973121 0 0.230294 0 1 0 -0.230294 0 0.973121  0 0 0 0 0.0143294 0
19.02 17.0729 0 -0.286 0.973088 0 0.230432 0 1 0 -0.230432 0 0.973088  0 0 0 0 0.0141541 0
19.03 17.0729 0 -0.286 0.973056 0 0.230569 0 1 0 -0.230569 0 0.973056  0 0 0 0 0.0139905 0
19.04 17.0729 0 -0.286 0.973024 0 0.230705 0 1 0 -0.230705 0 0.973024  0 0 0 0 0.0138497 0
19.05 17.0729 0 -0.286 0.972992 0 0.230839 0 1 0 -0.230839 0 0.972992  0 0 0 0 0.0136685 0
19.06 17.0729 0 -0.286 0.972961 0 0.230971 0 1 0 -0.230971 0 0.972961  0 0 0 0 0.0134984 0
19.07 17.0729 0 -0.286 0.97293 0 0.231102 0 1 0 -0.231102 0 0.97293  0 0 0 0 0.0133397 0
19.08 17.0729 0 -0.286 0.972899 0 0.231231 0 1 0 -0.231231 0 0.972899  0 0 0 0 0.0132785 0
19.09 17.0729 0 -0.286 0.972868 0 0.231359 0 1 0 -0.231359 0 0.972868  0 0 0 0 0.0130254 0
19.1 17.0729 0 -0.286 0.972839 0 0.231485 0 1 0 -0.231485 0 0.972839  0 0 0 0 0.0128508 0
19.11 17.0729 0 -0.286 0.972809 0 0.231609 0 1 0 -0.231609 0 0.972809  0 0 0 0 0.0126866 0
19.12 17.0729 0 -0.286 0.97278 0 0.231731 0 1 0 -0.231731 0 0.97278  0 0 0 0 0.0124353 0
19.13 17.0729 0 -0.286 0.972751 0 0.231851 0 1 0 -0.231851 0 0.972751  0 0 0 0 0.0122367 0
19.14 17.0729 0 -0.286 0.972723 0 0.231969 0 1 0 -0.231969 0 0.972723  0 0 0 0 0.0120824 0
19.15 17.0729 0 -0.286 0.972695 0 0.232086 0 1 0 -0.232086 0 0.972695  0 0 0 0 0.0118644 0
19.16 17.0729 0 -0.286 0.972668 0 0.232201 0 1 0 -0.232201 0 0.972668  0 0 0 0 0.011731 0
19.17 17.0729 0 -0.286 0.972641 0 0.232313 0 1 0 -0.232313 0 0.972641  0 0 0 0 0.0114749 0
19.18 17.0729 0 -0.286 0.972615 0 0.232424 0 1 0 -0.232424 0 0.972615  0 0 0 0 0.0113025 0
19.19 17.0729 0 -0.286 0.972588 0 0.232533 0 1 0 -0.232533 0 0.972588  0 0 0 0 0.0111205 0
19.2 17.0729 0 -0.286 0.972563 0 0.23264 0 1 0 -0.23264 0 0.972563  0 0 0 0 0.0108949 0
19.21 17.0729 0 -0.286 0.972538 0 0.232745 0 1 0 -0.232745 0 0.972538  0 0 0 0 0.0106907 0
19.22 17.0729 0 -0.286 0.972513 0 0.232849 0 1 0 -0.232849 0 0.972513  0 0 0 0 0.0105606 0
19.23 17.0729 0 -0.286 0.972488 0 0.232951 0 1 0 -0.232951 0 0.972488  0 0 0 0 0.0104786 0
19.24 17.0729 0 -0.286 0.972465 0 0.233051 0 1 0 -0.233051 0 0.972465  0 0 0 0 0.010157 0
19.25 17.0729 0 -0.286 0.972441 0 0.233149 0 1 0 -0.233149 0 0.972441  0 0 0 0 0.00999482 0
19.26 17.0729 0 -0.286 0.972418 0 0.233245 0 1 0 -0.233245 0 0.972418  0 0 0 0 0.00978661 0
19.27 17.0729 0 -0.286 0.972395 0 0.233339 0 1 0 -0.233339 0 0.972395  0 0 0 0 0.00955284 0
19.28 17.0729 0 -0.286 0.972373 0 0.233431 0 1 0 -0.233431 0 0.972373  0 0 0 0 0.00934153 0
19.29 17.0729 0 -0.286 0.972352 0 0.233521 0 1 0 -0.233521 0 0.972352  0 0 0 0 0.00912039 0
19.3 17.0729 0 -0.286 0.972331 0 0.233608 0 1 0 -0.233608 0 0.972331  0 0 0 0 0.00888187 0
19.31 17.0729 0 -0.286 0.97231 0 0.233694 0 1 0 -0.233694 0 0.97231  0 0 0 0 0.0086592 0
19.32 17.0729 0 -0.286 0.97229 0 0.233777 0 1 0 -0.233777 0 0.97229  0 0 0 0 0.00843421 0
19.33 17.0729 0 -0.286 0.972271 0 0.233858 0 1 0 -0.233858 0 0.972271  0 0 0 0 0.00819382 0
19.34 17.0729 0 -0.286 0.972252 0 0.233936 0 1 0 -0.233936 0 0.972252  0 0 0 0 0.00795421 0
19.35 17.0729 0 -0.286 0.972234 0 0.234012 0 1 0 -0.234012 0 0.972234  0 0 0 0 0.00771847 0
19.36 17.0729 0 -0.286 0.972216 0 0.234086 0 1 0 -0.234086 0 0.972216  0 0 0 0 0.0074484 0
19.37 17.0729 0 -0.286 0.972199 0 0.234157 0 1 0 -0.234157 0 0.972199  0 0 0 0 0.00722491 0
19.38 17.0729 0 -0.286 0.972182 0 0.234226 0 1 0 -0.234226 0 0.972182  0 0 0 0 0.00697194 0
19.39 17.0729 0 -0.286 0.972166 0 0.234293 0 1 0 -0.234293 0 0.972166  0 0 0 0 0.00671787 0
19.4 17.0729 0 -0.286 0.972151 0 0.234357 0 1 0 -0.234357 0 0.972151  0 0 0 0 0.00647508 0
19.41 17.0729 0 -0.286 0.972136 0 0.234419 0 1 0 -0.234419 0 0.972136  0 0 0 0 0.00622121 0
19.42 17.0729 0 -0.286 0.972121 0 0.234478 0 1 0 -0.234478 0 0.972121  0 0 0 0 0.00598232 0
19.43 17.0729 0 -0.286 0.972108 0 0.234535 0 1 0 -0.234535 0 0.972108  0 0 0 0 0.00571192 0
19.44 17.0729 0 -0.286 0.972095 0 0.234589 0 1 0 -0.234589 0 0.972095  0 0 0 0 0.00545819 0
19.45 17.0729 0 -0.286 0.972082 0 0.234641 0 1 0 -0.234641 0 0.972082  0 0 0 0 0.00517046 0
19.46 17.0729 0 -0.286 0.97207 0 0.23469 0 1 0 -0.23469 0 0.97207  0 0 0 0 0.0049359 0
19.47 17.0729 0 -0.286 0.972059 0 0.234737 0 1 0 -0.234737 0 0.972059  0 0 0 0 0.00466524 0
19.48 17.0729 0 -0.286 0.972048 0 0.234781 0 1 0 -0.234781 0 0.972048  0 0 0 0 0.00438784 0
19.49 17.0729 0 -0.286 0.972038 0 0.234822 0 1 0 -0.234822 0 0.972038  0 0 0 0 0.00412613 0
19.5 17.0729 0 -0.286 0.972029 0 0.234861 0 1 0 -0.234861 0 0.972029  0 0 0 0 0.00386253 0
19.51 17.0729 0 -0.286 0.97202 0 0.234897 0 1 0 -0.234897 0 0.97202  0 0 0 0 0.00361094 0
19.52 17.0729 0 -0.286 0.972012 0 0.234931 0 1 0 -0.234931 0 0.972012  0 0 0 0 0.00332058 0
19.53 17.0729 0 -0.286 0.972005 0 0.234962 0 1 0 -0.234962 0 0.972005  0 0 0 0 0.00307827 0
19.54 17.0729 0 -0.286 0.971998 0 0.234991 0 1 0 -0.234991 0 0.971998  0 0 0 0 0.00280553 0
19.55 17.0729 0 -0.286 0.971991 0 0.235017 0 1 0 -0.235017 0 0.971991  0 0 0 0 0.00253719 0
19.56 17.0729 0 -0.286 0.971986 0 0.23504 0 1 0 -0.23504 0 0.971986  0 0 0 0 0.00227379 0
19.57 17.0729 0 -0.286 0.971981 0 0.235061 0 1 0 -0.235061 0 0.971981  0 0 0 0 0.0020051 0
19.58 17.0729 0 -0.286 0.971976 0 0.235079 0 1 0 -0.235079 0 0.971976  0 0 0 0 0.00174723 0
19.59 17.0729 0 -0.286 0.971972 0 0.235095 0 1 0 -0.235095 0 0.971972  0 0 0 0 0.00147105 0
19.6 17.0729 0 -0.286 0.971969 0 0.235108 0 1 0 -0.235108 0 0.971969  0 0 0 0 0.00120674 0
19.61 17.0729 0 -0.286 0.971967 0 0.235118 0 1 0 -0.235118 0 0.971967  0 0 0 0 0.000938986 0
19.62 17.0729 0 -0.286 0.971965 0 0.235126 0 1 0 -0.235126 0 0.971965  0 0 0 0 0.000670988 0
19.63 17.0729 0 -0.286 0.971964 0 0.235131 0 1 0 -0.235131 0 0.971964  0 0 0 0 0.000404268 0
19.64 17.0729 0 -0.286 0.971963 0 0.235134 0 1 0 -0.235134 0 0.971963  0 0 0 0 0.000138343 0
19.65 17.0729 0 -0.286 0.971963 0 0.235134 0 1 0 -0.235134 0 0.971963  0 0 0 0 -0.000127288 0
19.66 17.0729 0 -0.286 0.971964 0 0.235131 0 1 0 -0.235131 0 0.971964  0 0 0 0 -0.000392092 0
19.67 17.0729 0 -0.286 0.971965 0 0.235126 0 1 0 -0.235126 0 0.971965  0 0 0 0 -0.000655896 0
19.68 17.0729 0 -0.286 0.971967 0 0.235119 0 1 0 -0.235119 0 0.971967  0 0 0 0 -0.000918862 0
19.69 17.0729 0 -0.286 0.971969 0 0.235108 0 1 0 -0.235108 0 0.971969  0 0 0 0 -0.00118038 0
19.7 17.0729 0 -0.286 0.971972 0 0.235096 0 1 0 -0.235096 0 0.971972  0 0 0 0 -0.00144295 0
19.71 17.0729 0 -0.286 0.971976 0 0.235081 0 1 0 -0.235081 0 0.971976  0 0 0 0 -0.00168758 0
19.72 17.0729 0 -0.286 0.97198 0 0.235063 0 1 0 -0.235063 0 0.97198  0 0 0 0 -0.00195535 0
19.73 17.0729 0 -0.286 0.971985 0 0.235042 0 1 0 -0.235042 0 0.971985  0 0 0 0 -0.00221454 0
19.74 17.0729 0 -0.286 0.971991 0 0.23502 0 1 0 -0.23502 0 0.971991  0 0 0 0 -0.00243738 0
19.75 17.0729 0 -0.286 0.971997 0 0.234995 0 1 0 -0.234995 0 0.971997  0 0 0 0 -0.00271105 0
19.76 17.0729 0 -0.286 0.972003 0 0.234967 0 1 0 -0.234967 0 0.972003  0 0 0 0 -0.00299403 0
19.77 17.0729 0 -0.286 0.972011 0 0.234937 0 1 0 -0.234937 0 0.972011  0 0 0 0 -0.00316966 0
19.78 17.0729 0 -0.286 0.972018 0 0.234905 0 1 0 -0.234905 0 0.972018  0 0 0 0 -0.00345302 0
19.79 17.0729 0 -0.286 0.972027 0 0.23487 0 1 0 -0.23487 0 0.972027  0 0 0 0 -0.00373775 0
19.8 17.0729 0 -0.286 0.972036 0 0.234833 0 1 0 -0.234833 0 0.972036  0 0 0 0 -0.00389268 0
19.81 17.0729 0 -0.286 0.972045 0 0.234793 0 1 0 -0.234793 0 0.972045  0 0 0 0 -0.00418333 0
19.82 17.0729 0 -0.286 0.972055 0 0.234751 0 1 0 -0.234751 0 0.972055  0 0 0 0 -0.00444636 0
19.83 17.0729 0 -0.286 0.972066 0 0.234708 0 1 0 -0.234708 0 0.972066  0 0 0 0 -0.00462863 0
19.84 17.0729 0 -0.286 0.972077 0 0.234661 0 1 0 -0.234661 0 0.972077  0 0 0 0 -0.00488205 0
19.85 17.0729 0 -0.286 0.972089 0 0.234613 0 1 0 -0.234613 0 0.972089  0 0 0 0 -0.00513129 0
19.86 17.0729 0 -0.286 0.972101 0 0.234562 0 1 0 -0.234562 0 0.972101  0 0 0 0 -0.00530498 0
19.87 17.0729 0 -0.286 0.972114 0 0.234509 0 1 0 -0.234509 0 0.972114  0 0 0 0 -0.00553883 0
19.88 17.0729 0 -0.286 0.972127 0 0.234454 0 1 0 -0.234454 0 0.972127  0 0 0 -0 -0.00574992 0
19.89 17.0729 0 -0.286 0.972141 0 0.234397 0 1 0 -0.234397 0 0.972141  0 0 0 0 -0.0059734 0
19.9 17.0729 0 -0.286 0.972155 0 0.234339 0 1 0 -0.234339 0 0.972155  0 0 0 0 -0.00609324 0
19.91 17.0729 0 -0.286 0.97217 0 0.234278 0 1 0 -0.234278 0 0.97217  0 0 0 0 -0.00638354 0
19.92 17.0729 0 -0.286 0.972185 0 0.234215 0 1 0 -0.234215 0 0.972185  0 0 0 0 -0.0065639 0
19.93 17.0729 0 -0.286 0.9722 0 0.234151 0 1 0 -0.234151 0 0.9722  0 0 0 0 -0.00673776 0
19.94 17.0729 0 -0.286 0.972216 0 0.234084 0 1 0 -0.234084 0 0.972216  0 0 0 0 -0.00697193 0
19.95 17.0729 0 -0.286 0.972233 0 0.234015 0 1 0 -0.234015 0 0.972233  0 0 0 0 -0.00714267 0
19.96 17.0729 0 -0.286 0.97225 0 0.233945 0 1 0 -0.233945 0 0.97225  0 0 0 0 -0.00732902 0
19.97 17.0729 0 -0.286 0.972267 0 0.233873 0 1 0 -0.233873 0 0.972267  0 0 0 0 -0.00746893 0
19.98 17.0729 0 -0.286 0.972285 0 0.233799 0 1 0 -0.233799 0 0.972285  0 0 0 0 -0.0076868 0
19.99 17.0729 0 -0.286 0.972303 0 0.233724 0 1 0 -0.233724 0 0.972303  0 0 0 0 -0.00785476 0
20 17.0729 0 -0.286 0.972322 0 0.233647 0 1 0 -0.233647 0 0.972322  0 0 0 0 -0.00801715 0
