*************************Generated by extractMotion.sh**********************
*      Sun Apr 13 15:04:13 MDT 2025 - Case: 3D_RM6_4CPH_mid
* Note: Data was extracted from log.overInterDyMFoam using extractMotion.sh
*       Can be visualized with plotMotion.py                            
****************************************************************************
Time X(x3) Orientation(x9) dX(x3) dX_angular(x3)
0.01 22.9328 0 -0.285989 1 0 3.80253e-05 0 1 0 -3.80253e-05 0 1  -0.000185141 0 0.00226114 0 0.00760505 0
0.02 22.9328 0 -0.285964 1 0 0.000131559 0 1 0 -0.000131559 0 1  -0.00230493 0 0.00440662 0 0.0156131 0
0.03 22.9328 0 -0.285926 1 0 0.000254574 0 1 0 -0.000254574 0 1  -0.00312993 0 0.00471101 0 0.0153494 0
0.04 22.9327 0 -0.285875 1 0 0.00041713 0 1 0 -0.00041713 0 1  -0.0028618 0 0.00556063 0 0.0173863 0
0.05 22.9327 0 -0.285809 1 0 0.000633077 0 1 0 -0.000633077 0 1  -0.00319101 0 0.00720356 0 0.0233871 0
0.06 22.9327 0 -0.285737 1 0 0.000882558 0 1 0 -0.000882558 0 1  -0.00387633 0 0.00786721 0 0.027286 0
0.07 22.9326 0 -0.285648 0.999999 0 0.00116433 0 1 0 -0.00116433 0 0.999999  -0.0035988 0 0.00946543 0 0.0300946 0
0.08 22.9326 0 -0.285556 0.999999 0 0.00148602 0 1 0 -0.00148602 0 0.999999  -0.00374179 0 0.00971742 0 0.0338995 0
0.09 22.9326 0 -0.28545 0.999998 0 0.0018424 0 1 0 -0.0018424 0 0.999998  -0.00331659 0 0.0110242 0 0.0374215 0
0.1 22.9325 0 -0.285337 0.999998 0 0.00223268 0 1 0 -0.00223268 0 0.999998  -0.00329883 0 0.0118776 0 0.0407762 0
0.11 22.9325 0 -0.285215 0.999996 0 0.00265699 0 1 0 -0.00265699 0 0.999996  -0.00319014 0 0.0126658 0 0.044158 0
0.12 22.9325 0 -0.285081 0.999995 0 0.00311523 0 1 0 -0.00311523 0 0.999995  -0.00292782 0 0.0138315 0 0.0475296 0
0.13 22.9324 0 -0.284939 0.999993 0 0.00360739 0 1 0 -0.00360739 0 0.999993  -0.00278014 0 0.0147532 0 0.0508821 0
0.14 22.9324 0 -0.284789 0.999991 0 0.00413064 0 1 0 -0.00413064 0 0.999991  -0.00221513 0 0.0154055 0 0.0539431 0
0.15 22.9324 0 -0.284628 0.999989 0 0.00468528 0 1 0 -0.00468528 0 0.999989  -0.001861 0 0.0165365 0 0.0570573 0
0.16 22.9324 0 -0.284461 0.999986 0 0.00527233 0 1 0 -0.00527233 0 0.999986  -0.00173073 0 0.0171889 0 0.0603131 0
0.17 22.9324 0 -0.284283 0.999983 0 0.00588879 0 1 0 -0.00588879 0 0.999983  -0.000997465 0 0.0181805 0 0.0632138 0
0.18 22.9324 0 -0.2841 0.999979 0 0.00653512 0 1 0 -0.00653512 0 0.999979  -0.000540726 0 0.018809 0 0.0661439 0
0.19 22.9324 0 -0.283907 0.999974 0 0.00721109 0 1 0 -0.00721109 0 0.999974  -1.45608e-05 0 0.0195864 0 0.0690348 0
0.2 22.9324 0 -0.283706 0.999969 0 0.00791647 0 1 0 -0.00791647 0 0.999969  0.000405262 0 0.0204672 0 0.0719199 0
0.21 22.9324 0 -0.283499 0.999963 0 0.00864926 0 1 0 -0.00864926 0 0.999963  0.000989388 0 0.021122 0 0.0746588 0
0.22 22.9324 0 -0.283281 0.999956 0 0.00941154 0 1 0 -0.00941154 0 0.999956  0.000939534 0 0.0222048 0 0.077685 0
0.23 22.9324 0 -0.283059 0.999948 0 0.0101999 0 1 0 -0.0101999 0 0.999948  0.00169228 0 0.0227 0 0.0803056 0
0.24 22.9324 0 -0.28283 0.999939 0 0.0110136 0 1 0 -0.0110136 0 0.999939  0.00232882 0 0.0231343 0 0.0826513 0
0.25 22.9324 0 -0.28259 0.99993 0 0.011855 0 1 0 -0.011855 0 0.99993  0.00266314 0 0.0243816 0 0.0853795 0
0.26 22.9325 0 -0.28235 0.999919 0 0.0127207 0 1 0 -0.0127207 0 0.999919  0.00297902 0 0.0243229 0 0.0878538 0
0.27 22.9325 0 -0.282097 0.999907 0 0.0136099 0 1 0 -0.0136099 0 0.999907  0.00381056 0 0.0256478 0 0.0901691 0
0.28 22.9325 0 -0.281843 0.999895 0 0.0145249 0 1 0 -0.0145249 0 0.999895  0.0035568 -0 0.0256396 0 0.0927325 0
0.29 22.9326 0 -0.281579 0.99988 0 0.0154644 0 1 0 -0.0154644 0 0.99988  0.00396213 -0 0.0267525 0 0.095175 0
0.3 22.9326 0 -0.281308 0.999865 0 0.0164254 0 1 0 -0.0164254 0 0.999865  0.0048052 0 0.0274317 0 0.0972531 0
0.31 22.9327 0 -0.281037 0.999848 0 0.0174075 0 1 0 -0.0174075 0 0.999848  0.0052076 0 0.027238 0 0.0992412 0
0.32 22.9327 0 -0.280761 0.999831 0 0.0184104 0 1 0 -0.0184104 0 0.999831  0.00556389 0 0.0277965 0 0.101311 0
0.33 22.9328 0 -0.280475 0.999811 0 0.019434 0 1 0 -0.019434 0 0.999811  0.00584813 0 0.0288805 0 0.103438 0
0.34 22.9328 0 -0.280189 0.99979 0 0.0204786 0 1 0 -0.0204786 0 0.99979  0.0059905 0 0.0289188 0 0.105555 0
0.35 22.9329 0 -0.279894 0.999768 0 0.0215416 0 1 0 -0.0215416 0 0.999768  0.00646204 0 0.0298037 0 0.107376 0
0.36 22.933 0 -0.279599 0.999744 0 0.0226236 0 1 0 -0.0226236 0 0.999744  0.00672522 -0 0.0297143 0 0.109159 0
0.37 22.933 0 -0.279296 0.999719 0 0.0237238 0 1 0 -0.0237238 0 0.999719  0.00708469 -0 0.0305215 0 0.110942 0
0.38 22.9331 0 -0.278989 0.999691 0 0.0248419 0 1 0 -0.0248419 0 0.999691  0.00718756 0 0.0309091 0 0.112728 0
0.39 22.9332 0 -0.278686 0.999663 0 0.0259736 0 1 0 -0.0259736 0 0.999663  0.00781788 0 0.0303947 0 0.114012 0
0.4 22.9332 0 -0.278371 0.999632 0 0.0271217 0 1 0 -0.0271217 0 0.999632  0.00797168 0 0.0316367 0 0.115601 0
0.41 22.9333 0 -0.278057 0.9996 0 0.0282862 0 1 0 -0.0282862 0 0.9996  0.00788592 0 0.0316752 0 0.117295 0
0.42 22.9334 0 -0.277743 0.999566 0 0.0294643 0 1 0 -0.0294643 0 0.999566  0.00814793 0 0.0315047 0 0.118631 0
0.43 22.9335 0 -0.277417 0.99953 0 0.0306561 0 1 0 -0.0306561 0 0.99953  0.00852291 -0 0.0327492 0 0.119898 0
0.44 22.9336 0 -0.2771 0.999492 0 0.0318603 0 1 0 -0.0318603 0 0.999492  0.00864622 0 0.0318107 0 0.121128 0
0.45 22.9337 0 -0.276779 0.999453 0 0.0330757 0 1 0 -0.0330757 0 0.999453  0.00877453 0 0.03208 0 0.122211 0
0.46 22.9338 0 -0.276447 0.999411 0 0.0343039 0 1 0 -0.0343039 0 0.999411  0.00888588 0 0.0334807 0 0.123467 0
0.47 22.9338 0 -0.276131 0.999368 0 0.0355436 0 1 0 -0.0355436 0 0.999368  0.00859674 0 0.031557 0 0.124635 0
0.48 22.9339 0 -0.27579 0.999323 0 0.0367903 0 1 0 -0.0367903 0 0.999323  0.00945106 0 0.034177 0 0.125245 0
0.49 22.934 0 -0.275474 0.999276 0 0.0380494 0 1 0 -0.0380494 0 0.999276  0.00856661 -0 0.0316909 0 0.12648 0
0.5 22.9341 0 -0.275124 0.999227 0 0.039311 0 1 0 -0.039311 0 0.999227  0.00919229 0 0.0352714 0 0.126617 0
0.51 22.9342 0 -0.2748 0.999176 0 0.0405869 0 1 0 -0.0405869 0 0.999176  0.0087008 -0 0.0325247 0 0.128045 0
0.52 22.9343 0 -0.274466 0.999123 0 0.0418657 0 1 0 -0.0418657 0 0.999123  0.00906565 -0 0.0330755 0 0.128382 0
0.53 22.9344 0 -0.274121 0.999069 0 0.0431513 0 1 0 -0.0431513 0 0.999069  0.00884211 -0 0.0348579 0 0.128948 0
0.54 22.9345 0 -0.273773 0.999012 0 0.0444472 0 1 0 -0.0444472 0 0.999012  0.00848237 -0 0.0354443 0 0.130088 0
0.55 22.9345 0 -0.27346 0.998953 0 0.0457453 0 1 0 -0.0457453 0 0.998953  0.00807237 -0 0.0310844 0 0.130247 0
0.56 22.9346 0 -0.273097 0.998893 0 0.0470395 0 1 0 -0.0470395 0 0.998893  0.00940866 -0 0.0363701 0 0.129564 0
0.57 22.9347 0 -0.272787 0.998831 0 0.0483461 0 1 0 -0.0483461 0 0.998831  0.00750583 -0 0.0310736 0 0.130994 0
0.58 22.9348 0 -0.272431 0.998767 0 0.049645 0 1 0 -0.049645 0 0.998767  0.00860049 -0 0.0355346 0 0.130249 0
0.59 22.9349 0 -0.272104 0.998701 0 0.0509537 0 1 0 -0.0509537 0 0.998701  0.00774928 -0 0.032996 0 0.131098 0
0.6 22.935 0 -0.271772 0.998633 0 0.0522606 0 1 0 -0.0522606 0 0.998633  0.00788383 -0 0.0329015 0 0.131001 0
0.61 22.935 0 -0.271433 0.998564 0 0.053564 0 1 0 -0.053564 0 0.998564  0.00823425 -0 0.0338117 0 0.130433 0
0.62 22.9351 0 -0.271113 0.998493 0 0.0548709 0 1 0 -0.0548709 0 0.998493  0.0073895 -0 0.0318353 0 0.130817 0
0.63 22.9352 0 -0.270779 0.998421 0 0.0561732 0 1 0 -0.0561732 0 0.998421  0.0078814 -0 0.0333396 0 0.130424 0
0.64 22.9353 0 -0.270461 0.998347 0 0.0574736 0 1 0 -0.0574736 0 0.998347  0.0076489 -0 0.0316748 0 0.130144 0
0.65 22.9353 0 -0.270141 0.998272 0 0.058767 0 1 0 -0.058767 0 0.998272  0.00752569 -0 0.0316704 0 0.129302 0
0.66 22.9354 0 -0.269821 0.998195 0 0.0600597 0 1 0 -0.0600597 0 0.998195  0.00748027 -0 0.0318957 0 0.12922 0
0.67 22.9355 0 -0.269516 0.998117 0 0.0613463 0 1 0 -0.0613463 0 0.998117  0.00715587 -0 0.0303302 0 0.128723 0
0.68 22.9356 0 -0.269205 0.998037 0 0.0626279 0 1 0 -0.0626279 0 0.998037  0.00705506 -0 0.0308703 0 0.128163 0
0.69 22.9356 0 -0.268903 0.997956 0 0.0639059 0 1 0 -0.0639059 0 0.997956  0.00659859 0 0.0299973 0 0.127796 0
0.7 22.9357 0 -0.268599 0.997874 0 0.0651776 0 1 0 -0.0651776 0 0.997874  0.00652315 0 0.0302 0 0.127141 0
0.71 22.9358 0 -0.268306 0.99779 0 0.0664424 0 1 0 -0.0664424 0 0.99779  0.00633277 -0 0.0291232 0 0.126418 0
0.72 22.9358 0 -0.268012 0.997706 0 0.0676998 0 1 0 -0.0676998 0 0.997706  0.00623537 -0 0.0291406 0 0.125667 0
0.73 22.9359 0 -0.267723 0.99762 0 0.0689505 0 1 0 -0.0689505 0 0.99762  0.00581754 -0 0.0287744 0 0.125001 0
0.74 22.9359 0 -0.26744 0.997533 0 0.0701927 0 1 0 -0.0701927 0 0.997533  0.00552496 -0 0.0281344 0 0.124164 0
0.75 22.936 0 -0.267164 0.997446 0 0.0714253 0 1 0 -0.0714253 0 0.997446  0.00537397 0 0.0271448 0 0.123148 0
0.76 22.936 0 -0.266883 0.997358 0 0.0726475 0 1 0 -0.0726475 0 0.997358  0.00540804 -0 0.0280843 0 0.122046 0
0.77 22.9361 0 -0.266615 0.997268 0 0.0738621 0 1 0 -0.0738621 0 0.997268  0.00463059 -0 0.0266637 0 0.121358 0
0.78 22.9361 0 -0.266345 0.997179 0 0.0750658 0 1 0 -0.0750658 0 0.997179  0.00449968 -0 0.0266809 0 0.120267 0
0.79 22.9362 0 -0.266079 0.997088 0 0.0762554 0 1 0 -0.0762554 0 0.997088  0.0046265 -0 0.0264632 0 0.118678 0
0.8 22.9362 0 -0.265824 0.996997 0 0.0774365 0 1 0 -0.0774365 0 0.996997  0.00412395 -0 0.0252052 0 0.117796 0
0.81 22.9363 0 -0.265566 0.996906 0 0.078604 0 1 0 -0.078604 0 0.996906  0.00408797 -0 0.0254882 0 0.116494 0
0.82 22.9363 0 -0.265319 0.996814 0 0.0797592 0 1 0 -0.0797592 0 0.996814  0.00358612 0 0.0245098 0 0.115254 0
0.83 22.9363 0 -0.265074 0.996722 0 0.0809015 0 1 0 -0.0809015 0 0.996722  0.0032878 0 0.024176 0 0.113954 0
0.84 22.9364 0 -0.264836 0.99663 0 0.0820297 0 1 0 -0.0820297 0 0.99663  0.00320094 0 0.0235632 0 0.112533 0
0.85 22.9364 0 -0.264606 0.996538 0 0.0831434 0 1 0 -0.0831434 0 0.996538  0.00267664 -0 0.0226273 0 0.111045 0
0.86 22.9364 0 -0.264375 0.996445 0 0.0842438 0 1 0 -0.0842438 0 0.996445  0.00244911 -0 0.0228137 0 0.109693 0
0.87 22.9365 0 -0.264158 0.996353 0 0.0853287 0 1 0 -0.0853287 0 0.996353  0.00224074 -0 0.021435 0 0.108149 0
0.88 22.9365 0 -0.263941 0.996261 0 0.0863969 0 1 0 -0.0863969 0 0.996261  0.00214174 -0 0.0213348 0 0.10642 0
0.89 22.9365 0 -0.263734 0.996169 0 0.0874497 0 1 0 -0.0874497 0 0.996169  0.00164456 0 0.0204568 0 0.104869 0
0.9 22.9365 0 -0.263528 0.996078 0 0.0884834 0 1 0 -0.0884834 0 0.996078  0.00161824 0 0.020449 0 0.102926 0
0.91 22.9365 0 -0.263335 0.995987 0 0.0895017 0 1 0 -0.0895017 0 0.995987  0.00107796 0 0.018962 0 0.101374 0
0.92 22.9365 0 -0.26314 0.995896 0 0.0905027 0 1 0 -0.0905027 0 0.995896  0.000930577 0 0.0191082 0 0.0996481 0
0.93 22.9365 0 -0.262956 0.995806 0 0.091486 0 1 0 -0.091486 0 0.995806  0.000577157 -0 0.0181925 0 0.0978626 0
0.94 22.9365 0 -0.262778 0.995717 0 0.0924512 0 1 0 -0.0924512 0 0.995717  0.000200285 -0 0.017407 0 0.0960503 0
0.95 22.9365 0 -0.262603 0.995629 0 0.0933971 0 1 0 -0.0933971 0 0.995629  -0.000119238 0 0.0172972 0 0.0940826 0
0.96 22.9365 0 -0.262443 0.995541 0 0.094325 0 1 0 -0.094325 0 0.995541  -0.000780159 0 0.0155786 0 0.0922505 0
0.97 22.9365 0 -0.26228 0.995455 0 0.0952331 0 1 0 -0.0952331 0 0.995455  -0.000609367 0 0.0159889 0 0.0902449 0
0.98 22.9365 0 -0.262134 0.995369 0 0.0961227 0 1 0 -0.0961227 0 0.995369  -0.0013343 0 0.0142759 0 0.0884041 0
0.99 22.9365 0 -0.261987 0.995285 0 0.0969919 0 1 0 -0.0969919 0 0.995285  -0.00159617 0 0.0142087 0 0.0863515 0
1 22.9365 0 -0.261851 0.995202 0 0.0978422 0 1 0 -0.0978422 0 0.995202  -0.0020055 0 0.0133309 0 0.0844368 0
1.01 22.9365 0 -0.261723 0.99512 0 0.0986717 0 1 0 -0.0986717 0 0.99512  -0.00242214 0 0.0123441 0 0.0823221 0
1.02 22.9364 0 -0.2616 0.995039 0 0.0994807 0 1 0 -0.0994807 0 0.995039  -0.00257778 0 0.0119673 0 0.0802555 0
1.03 22.9364 0 -0.261487 0.99496 0 0.100269 0 1 0 -0.100269 0 0.99496  -0.00324835 0 0.0109053 0 0.0782237 0
1.04 22.9364 0 -0.261377 0.994882 0 0.101039 0 1 0 -0.101039 0 0.994882  -0.00401123 0 0.0106216 0 0.0763006 0
1.05 22.9363 0 -0.26128 0.994806 0 0.101784 0 1 0 -0.101784 0 0.994806  -0.00382463 0 0.0092286 0 0.0738101 0
1.06 22.9363 0 -0.261186 0.994732 0 0.102508 0 1 0 -0.102508 0 0.994732  -0.00421343 0 0.00887707 0 0.0715525 0
1.07 22.9362 0 -0.261103 0.994659 0 0.103211 0 1 0 -0.103211 0 0.994659  -0.00509626 0 0.00795891 0 0.0695464 0
1.08 22.9362 0 -0.261026 0.994589 0 0.103892 0 1 0 -0.103892 0 0.994589  -0.005502 0 0.00729384 0 0.0673029 0
1.09 22.9361 0 -0.260958 0.99452 0 0.104549 0 1 0 -0.104549 0 0.99452  -0.00572173 0 0.00643597 0 0.0649264 0
1.1 22.9361 0 -0.260897 0.994453 0 0.105183 0 1 0 -0.105183 0 0.994453  -0.00632525 0 0.00565194 0 0.0626628 0
1.11 22.936 0 -0.260843 0.994388 0 0.105795 0 1 0 -0.105795 0 0.994388  -0.00680293 0 0.00504024 0 0.0603843 0
1.12 22.9359 0 -0.2608 0.994325 0 0.106383 0 1 0 -0.106383 0 0.994325  -0.00694716 0 0.00393244 0 0.0579026 0
1.13 22.9359 0 -0.260762 0.994265 0 0.106946 0 1 0 -0.106946 0 0.994265  -0.00736354 0 0.0033358 0 0.0554861 0
1.14 22.9358 0 -0.260733 0.994206 0 0.107487 0 1 0 -0.107487 0 0.994206  -0.00803834 0 0.0025712 0 0.0532229 0
1.15 22.9357 0 -0.260705 0.99415 0 0.108004 0 1 0 -0.108004 0 0.99415  -0.00844265 0 0.00247836 0 0.0507634 0
1.16 22.9356 0 -0.26069 0.994097 0 0.108496 0 1 0 -0.108496 0 0.994097  -0.00920952 0 0.00117515 0 0.0482756 0
1.17 22.9355 0 -0.26068 0.994046 0 0.108964 0 1 0 -0.108964 0 0.994046  -0.00940335 0 0.000637958 0 0.0459085 0
1.18 22.9354 0 -0.260677 0.993997 0 0.109409 0 1 0 -0.109409 0 0.993997  -0.00994533 0 -4.80113e-05 0 0.0435133 0
1.19 22.9353 0 -0.260683 0.99395 0 0.109829 0 1 0 -0.109829 0 0.99395  -0.0105864 0 -0.0010309 0 0.0411083 0
1.2 22.9352 0 -0.260696 0.993907 0 0.110224 0 1 0 -0.110224 0 0.993907  -0.0107956 0 -0.00164352 0 0.0384741 0
1.21 22.9351 0 -0.260716 0.993865 0 0.110596 0 1 0 -0.110596 0 0.993865  -0.0114471 0 -0.00240393 0 0.0361728 0
1.22 22.935 0 -0.260744 0.993827 0 0.110943 0 1 0 -0.110943 0 0.993827  -0.0119595 0 -0.00310755 0 0.0337454 0
1.23 22.9349 0 -0.260777 0.993791 0 0.111266 0 1 0 -0.111266 0 0.993791  -0.0124696 0 -0.00364567 0 0.0313022 0
1.24 22.9347 0 -0.260819 0.993757 0 0.111565 0 1 0 -0.111565 0 0.993757  -0.0129 0 -0.0045978 0 0.0288359 0
1.25 22.9346 0 -0.260866 0.993726 0 0.11184 0 1 0 -0.11184 0 0.993726  -0.0133556 0 -0.00507635 0 0.0263859 0
1.26 22.9345 0 -0.260922 0.993698 0 0.11209 0 1 0 -0.11209 0 0.993698  -0.0137762 0 -0.00590922 0 0.0239037 0
1.27 22.9343 0 -0.260984 0.993673 0 0.112315 0 1 0 -0.112315 0 0.993673  -0.0143117 0 -0.0065531 0 0.0214834 0
1.28 22.9342 0 -0.261051 0.99365 0 0.112517 0 1 0 -0.112517 0 0.99365  -0.0148198 0 -0.00703634 0 0.0190964 0
1.29 22.934 0 -0.261126 0.99363 0 0.112695 0 1 0 -0.112695 0 0.99363  -0.0153452 0 -0.00785265 0 0.0166936 0
1.3 22.9339 0 -0.261207 0.993612 0 0.112848 0 1 0 -0.112848 0 0.993612  -0.0156601 0 -0.0083625 0 0.0142049 0
1.31 22.9337 0 -0.261294 0.993598 0 0.112977 0 1 0 -0.112977 0 0.993598  -0.016165 0 -0.00908277 0 0.0118195 0
1.32 22.9336 0 -0.261388 0.993586 0 0.113082 0 1 0 -0.113082 0 0.993586  -0.0165232 0 -0.00969941 0 0.0093681 0
1.33 22.9334 0 -0.261489 0.993576 0 0.113163 0 1 0 -0.113163 0 0.993576  -0.016838 0 -0.0103429 0 0.00691664 0
1.34 22.9332 0 -0.261594 0.99357 0 0.113222 0 1 0 -0.113222 0 0.99357  -0.0176115 0 -0.0107841 0 0.00471503 0
1.35 22.9331 0 -0.261705 0.993566 0 0.113255 0 1 0 -0.113255 0 0.993566  -0.0177357 0 -0.0114326 0 0.00220995 0
1.36 22.9329 0 -0.261823 0.993565 0 0.113266 0 1 0 -0.113266 0 0.993565  -0.0182351 0 -0.012002 0 -9.45639e-05 0
1.37 22.9327 0 -0.261944 0.993566 0 0.113254 0 1 0 -0.113254 0 0.993566  -0.0187245 0 -0.0124512 0 -0.00236929 0
1.38 22.9325 0 -0.262072 0.99357 0 0.113219 0 1 0 -0.113219 0 0.99357  -0.019041 0 -0.0130257 0 -0.00470828 0
1.39 22.9323 0 -0.262204 0.993577 0 0.113161 0 1 0 -0.113161 0 0.993577  -0.0195174 0 -0.0135165 0 -0.00694322 0
1.4 22.9321 0 -0.262342 0.993586 0 0.113082 0 1 0 -0.113082 0 0.993586  -0.0199101 0 -0.0139782 0 -0.0091664 0
1.41 22.9319 0 -0.262483 0.993597 0 0.112979 0 1 0 -0.112979 0 0.993597  -0.0202686 0 -0.0144333 0 -0.0114131 0
1.42 22.9317 0 -0.262629 0.993611 0 0.112856 0 1 0 -0.112856 0 0.993611  -0.0207586 0 -0.0148389 0 -0.0135488 0
1.43 22.9315 0 -0.26278 0.993628 0 0.11271 0 1 0 -0.11271 0 0.993628  -0.0209034 0 -0.0153265 0 -0.0158164 0
1.44 22.9313 0 -0.262935 0.993647 0 0.112543 0 1 0 -0.112543 0 0.993647  -0.0214398 0 -0.0156684 0 -0.0178581 0
1.45 22.9311 0 -0.263091 0.993668 0 0.112355 0 1 0 -0.112355 0 0.993668  -0.0218914 0 -0.0157706 0 -0.0199804 0
1.46 22.9308 0 -0.263254 0.993692 0 0.112146 0 1 0 -0.112146 0 0.993692  -0.0221059 0 -0.0164704 0 -0.0220167 0
1.47 22.9306 0 -0.26342 0.993718 0 0.111917 0 1 0 -0.111917 0 0.993718  -0.0223327 0 -0.0167844 0 -0.0241251 0
1.48 22.9304 0 -0.263589 0.993746 0 0.111668 0 1 0 -0.111668 0 0.993746  -0.0227552 0 -0.0170222 0 -0.0261029 0
1.49 22.9302 0 -0.263761 0.993776 0 0.111399 0 1 0 -0.111399 0 0.993776  -0.0231877 0 -0.0174044 0 -0.0279911 0
1.5 22.9299 0 -0.263935 0.993808 0 0.111111 0 1 0 -0.111111 0 0.993808  -0.0233896 0 -0.0176 0 -0.029971 0
1.51 22.9297 0 -0.264114 0.993842 0 0.110804 0 1 0 -0.110804 0 0.993842  -0.0237619 0 -0.0179593 0 -0.031842 0
1.52 22.9295 0 -0.264294 0.993879 0 0.110479 0 1 0 -0.110479 0 0.993879  -0.0239928 0 -0.0181512 0 -0.0337314 0
1.53 22.9292 0 -0.264476 0.993917 0 0.110135 0 1 0 -0.110135 0 0.993917  -0.0243341 0 -0.018365 -0 -0.0355163 0
1.54 22.929 0 -0.264664 0.993957 0 0.109773 0 1 0 -0.109773 0 0.993957  -0.0246583 0 -0.0189447 -0 -0.0373171 0
1.55 22.9287 0 -0.26485 0.993999 0 0.109393 0 1 0 -0.109393 0 0.993999  -0.0248062 0 -0.0187482 0 -0.0391365 0
1.56 22.9285 0 -0.265042 0.994042 0 0.108996 0 1 0 -0.108996 0 0.994042  -0.0251937 0 -0.0193137 0 -0.040794 0
1.57 22.9282 0 -0.265234 0.994087 0 0.108582 0 1 0 -0.108582 0 0.994087  -0.0253457 0 -0.0192407 -0 -0.0424957 0
1.58 22.928 0 -0.265428 0.994134 0 0.108151 0 1 0 -0.108151 0 0.994134  -0.025613 0 -0.0195307 -0 -0.0441407 0
1.59 22.9277 0 -0.265623 0.994183 0 0.107705 0 1 0 -0.107705 0 0.994183  -0.0258119 0 -0.0195433 -0 -0.0457359 0
1.6 22.9275 0 -0.26582 0.994233 0 0.107242 0 1 0 -0.107242 0 0.994233  -0.0259866 0 -0.0197535 -0 -0.0473323 0
1.61 22.9272 0 -0.266018 0.994284 0 0.106764 0 1 0 -0.106764 0 0.994284  -0.0262428 0 -0.0199178 -0 -0.0488486 0
1.62 22.9269 0 -0.266216 0.994337 0 0.106272 0 1 0 -0.106272 0 0.994337  -0.0264591 0 -0.0198104 -0 -0.0503226 0
1.63 22.9267 0 -0.266415 0.994391 0 0.105765 0 1 0 -0.105765 0 0.994391  -0.0266849 0 -0.0199662 -0 -0.0517297 0
1.64 22.9264 0 -0.266615 0.994446 0 0.105243 0 1 0 -0.105243 0 0.994446  -0.026895 0 -0.0200459 -0 -0.0531398 0
1.65 22.9261 0 -0.266814 0.994503 0 0.104709 0 1 0 -0.104709 0 0.994503  -0.0272362 0 -0.0198735 -0 -0.0544324 0
1.66 22.9258 0 -0.267014 0.99456 0 0.104161 0 1 0 -0.104161 0 0.99456  -0.0273086 0 -0.0200148 0 -0.0557797 0
1.67 22.9256 0 -0.267212 0.994619 0 0.1036 0 1 0 -0.1036 0 0.994619  -0.0274515 0 -0.0199188 -0 -0.0570808 0
1.68 22.9253 0 -0.267413 0.994679 0 0.103027 0 1 0 -0.103027 0 0.994679  -0.027522 0 -0.0200494 0 -0.0583242 0
1.69 22.925 0 -0.267605 0.994739 0 0.102442 0 1 0 -0.102442 0 0.994739  -0.0273605 0 -0.0190442 0 -0.0594605 0
1.7 22.9247 0 -0.267802 0.9948 0 0.101846 0 1 0 -0.101846 0 0.9948  -0.0279678 0 -0.019615 -0 -0.0604468 0
1.71 22.9245 0 -0.267993 0.994862 0 0.101239 0 1 0 -0.101239 0 0.994862  -0.028103 0 -0.0190189 0 -0.0615051 0
1.72 22.9242 0 -0.26818 0.994925 0 0.100621 0 1 0 -0.100621 0 0.994925  -0.0278932 0 -0.0185122 0 -0.0626581 0
1.73 22.9239 0 -0.268374 0.994988 0 0.0999943 0 1 0 -0.0999943 0 0.994988  -0.0282967 0 -0.0194768 0 -0.0635447 0
1.74 22.9236 0 -0.268549 0.995052 0 0.0993551 0 1 0 -0.0993551 0 0.995052  -0.0278833 0 -0.0173301 0 -0.0647346 0
1.75 22.9233 0 -0.268739 0.995116 0 0.0987135 0 1 0 -0.0987135 0 0.995116  -0.0286876 0 -0.0188797 0 -0.0648542 0
1.76 22.9231 0 -0.268902 0.99518 0 0.0980605 0 1 0 -0.0980605 0 0.99518  -0.0282302 0 -0.0161663 0 -0.065973 0
1.77 22.9228 0 -0.269084 0.995245 0 0.097402 0 1 0 -0.097402 0 0.995245  -0.0290855 0 -0.0181056 0 -0.0666045 0
1.78 22.9225 0 -0.269242 0.99531 0 0.0967338 0 1 0 -0.0967338 0 0.99531  -0.0285608 0 -0.0158783 0 -0.0675607 0
1.79 22.9222 0 -0.269406 0.995376 0 0.0960605 0 1 0 -0.0960605 0 0.995376  -0.0289979 0 -0.0161935 0 -0.0680248 0
1.8 22.9219 0 -0.269567 0.995441 0 0.0953796 0 1 0 -0.0953796 0 0.995441  -0.028851 0 -0.016171 0 -0.0687241 0
1.81 22.9216 0 -0.269719 0.995507 0 0.0946915 0 1 0 -0.0946915 0 0.995507  -0.0287693 0 -0.0150775 0 -0.0694862 0
1.82 22.9213 0 -0.269871 0.995572 0 0.0939976 0 1 0 -0.0939976 0 0.995572  -0.0288761 0 -0.0151457 0 -0.0700381 0
1.83 22.921 0 -0.270021 0.995638 0 0.0932992 0 1 0 -0.0932992 0 0.995638  -0.0291833 0 -0.0149851 0 -0.0704111 0
1.84 22.9207 0 -0.270157 0.995704 0 0.0925949 0 1 0 -0.0925949 0 0.995704  -0.0289793 0 -0.0134598 0 -0.0709897 0
1.85 22.9205 0 -0.27031 0.995769 0 0.0918872 0 1 0 -0.0918872 0 0.995769  -0.0295151 0 -0.0156009 -0 -0.0713136 0
1.86 22.9202 0 -0.270435 0.995835 0 0.091173 0 1 0 -0.091173 0 0.995835  -0.0288084 0 -0.0124199 -0 -0.0719495 0
1.87 22.9199 0 -0.270572 0.9959 0 0.0904589 0 1 0 -0.0904589 0 0.9959  -0.0295262 0 -0.0132707 0 -0.071879 0
1.88 22.9196 0 -0.2707 0.995965 0 0.0897404 0 1 0 -0.0897404 0 0.995965  -0.0292425 0 -0.0126913 0 -0.0722587 0
1.89 22.9193 0 -0.270823 0.99603 0 0.0890186 0 1 0 -0.0890186 0 0.99603  -0.0292042 0 -0.0120148 0 -0.072636 0
1.9 22.919 0 -0.270944 0.996094 0 0.088296 0 1 0 -0.088296 0 0.996094  -0.0294514 0 -0.0119032 0 -0.0726408 0
1.91 22.9187 0 -0.271057 0.996158 0 0.0875712 0 1 0 -0.0875712 0 0.996158  -0.0294373 0 -0.0109866 0 -0.0728116 0
1.92 22.9184 0 -0.271167 0.996222 0 0.0868453 0 1 0 -0.0868453 0 0.996222  -0.0292916 0 -0.0107578 0 -0.0729395 0
1.93 22.9181 0 -0.271268 0.996285 0 0.0861201 0 1 0 -0.0861201 0 0.996285  -0.0290386 0 -0.0098524 0 -0.0728173 0
1.94 22.9178 0 -0.271368 0.996347 0 0.0853942 0 1 0 -0.0853942 0 0.996347  -0.0292217 0 -0.00970016 0 -0.0728479 0
1.95 22.9175 0 -0.271459 0.996409 0 0.0846686 0 1 0 -0.0846686 0 0.996409  -0.0292184 0 -0.00878197 0 -0.0728144 0
1.96 22.9172 0 -0.271545 0.99647 0 0.0839448 0 1 0 -0.0839448 0 0.99647  -0.0293211 0 -0.00832324 0 -0.0726044 0
1.97 22.9169 0 -0.271626 0.996531 0 0.083222 0 1 0 -0.083222 0 0.996531  -0.0291938 0 -0.00778881 0 -0.0724673 0
1.98 22.9167 0 -0.271701 0.996591 0 0.0825009 0 1 0 -0.0825009 0 0.996591  -0.0291937 0 -0.00727048 0 -0.0722821 0
1.99 22.9164 0 -0.271768 0.99665 0 0.0817824 0 1 0 -0.0817824 0 0.99665  -0.0290671 0 -0.0064296 0 -0.0719928 0
2 22.9161 0 -0.271834 0.996709 0 0.0810675 0 1 0 -0.0810675 0 0.996709  -0.0292429 0 -0.00583806 0 -0.0716181 0
2.01 22.9158 0 -0.271888 0.996766 0 0.0803538 0 1 0 -0.0803538 0 0.996766  -0.0288025 0 -0.0047282 0 -0.0714993 0
2.02 22.9155 0 -0.271952 0.996823 0 0.0796464 0 1 0 -0.0796464 0 0.996823  -0.0295412 0 -0.00663694 -0 -0.070747 0
2.03 22.9152 0 -0.27199 0.996879 0 0.0789434 0 1 0 -0.0789434 0 0.996879  -0.0285384 0 -0.00376251 0 -0.0702145 0
2.04 22.9149 0 -0.272032 0.996934 0 0.0782441 0 1 0 -0.0782441 0 0.996934  -0.0288119 0 -0.00359349 0 -0.069897 0
2.05 22.9146 0 -0.272062 0.996988 0 0.0775533 0 1 0 -0.0775533 0 0.996988  -0.0289061 0 -0.00264652 0 -0.069005 0
2.06 22.9143 0 -0.272086 0.997041 0 0.0768661 0 1 0 -0.0768661 0 0.997041  -0.0285716 0 -0.00192608 0 -0.0686198 0
2.07 22.914 0 -0.272114 0.997094 0 0.0761839 0 1 0 -0.0761839 0 0.997094  -0.0285652 0 -0.00262433 0 -0.0681875 0
2.08 22.9138 0 -0.272117 0.997145 0 0.0755046 0 1 0 -0.0755046 0 0.997145  -0.0280132 0 0.000113842 0 -0.0679347 0
2.09 22.9135 0 -0.272134 0.997196 0 0.0748362 0 1 0 -0.0748362 0 0.997196  -0.0286822 0 -0.00127215 0 -0.0667075 0
2.1 22.9132 0 -0.272124 0.997246 0 0.0741713 0 1 0 -0.0741713 0 0.997246  -0.0278366 0 0.00130017 0 -0.0662831 0
2.11 22.9129 0 -0.272121 0.997294 0 0.0735154 0 1 0 -0.0735154 0 0.997294  -0.0280728 0 0.000757143 0 -0.0654295 0
2.12 22.9126 0 -0.27211 0.997342 0 0.0728666 0 1 0 -0.0728666 0 0.997342  -0.0278766 0 0.00124206 0 -0.064659 0
2.13 22.9124 0 -0.272093 0.997388 0 0.0722252 0 1 0 -0.0722252 0 0.997388  -0.0275903 0 0.00199321 0 -0.0639256 0
2.14 22.9121 0 -0.272071 0.997434 0 0.0715918 0 1 0 -0.0715918 0 0.997434  -0.027198 0 0.00250553 0 -0.0630853 0
2.15 22.9118 0 -0.272043 0.997479 0 0.0709683 0 1 0 -0.0709683 0 0.997479  -0.027259 0 0.00306198 0 -0.062045 0
2.16 22.9115 0 -0.272008 0.997522 0 0.0703539 0 1 0 -0.0703539 0 0.997522  -0.0270107 0 0.00379237 0 -0.0611036 0
2.17 22.9113 0 -0.271967 0.997565 0 0.0697497 0 1 0 -0.0697497 0 0.997565  -0.0268119 0 0.00443438 0 -0.0600915 0
2.18 22.911 0 -0.27192 0.997606 0 0.0691559 0 1 0 -0.0691559 0 0.997606  -0.0265913 0 0.00504871 0 -0.0590047 0
2.19 22.9107 0 -0.271866 0.997646 0 0.0685727 0 1 0 -0.0685727 0 0.997646  -0.0264577 0 0.00574129 0 -0.0579202 0
2.2 22.9105 0 -0.271802 0.997685 0 0.0680005 0 1 0 -0.0680005 0 0.997685  -0.0262317 0 0.00678287 0 -0.0568219 0
2.21 22.9102 0 -0.271737 0.997723 0 0.0674387 0 1 0 -0.0674387 0 0.997723  -0.0258354 0 0.00678829 0 -0.0557491 0
2.22 22.91 0 -0.271661 0.99776 0 0.0668895 0 1 0 -0.0668895 0 0.99776  -0.0256127 0 0.00794567 0 -0.0544587 0
2.23 22.9097 0 -0.27158 0.997796 0 0.0663519 0 1 0 -0.0663519 0 0.997796  -0.0255799 0 0.00846177 0 -0.0532638 0
2.24 22.9095 0 -0.271491 0.997831 0 0.0658263 0 1 0 -0.0658263 0 0.997831  -0.0251755 0 0.00919681 0 -0.0520929 0
2.25 22.9092 0 -0.271395 0.997865 0 0.0653136 0 1 0 -0.0653136 0 0.997865  -0.0249195 0 0.00999174 0 -0.0507886 0
2.26 22.909 0 -0.271291 0.997897 0 0.0648146 0 1 0 -0.0648146 0 0.997897  -0.0249426 0 0.0107173 0 -0.0493494 0
2.27 22.9087 0 -0.27118 0.997929 0 0.064328 0 1 0 -0.064328 0 0.997929  -0.0245152 0 0.011502 0 -0.0481077 0
2.28 22.9085 0 -0.271062 0.997959 0 0.0638541 0 1 0 -0.0638541 0 0.997959  -0.0240844 0 0.0121732 0 -0.0468595 0
2.29 22.9082 0 -0.270936 0.997989 0 0.063395 0 1 0 -0.063395 0 0.997989  -0.0241022 0 0.0129331 0 -0.0453125 0
2.3 22.908 0 -0.270802 0.998017 0 0.0629494 0 1 0 -0.0629494 0 0.998017  -0.0237759 0 0.0138246 0 -0.0439388 0
2.31 22.9077 0 -0.27066 0.998044 0 0.0625179 0 1 0 -0.0625179 0 0.998044  -0.0235407 0 0.0146335 0 -0.0425278 0
2.32 22.9075 0 -0.270511 0.99807 0 0.0621013 0 1 0 -0.0621013 0 0.99807  -0.023347 0 0.0152978 0 -0.0410368 0
2.33 22.9073 0 -0.270353 0.998095 0 0.0616984 0 1 0 -0.0616984 0 0.998095  -0.0229232 0 0.0161559 0 -0.0396329 0
2.34 22.9071 0 -0.270186 0.998119 0 0.0613087 0 1 0 -0.0613087 0 0.998119  -0.0224742 0 0.0172137 0 -0.0383463 0
2.35 22.9068 0 -0.270014 0.998142 0 0.0609351 0 1 0 -0.0609351 0 0.998142  -0.0224861 0 0.0176741 0 -0.0366952 0
2.36 22.9066 0 -0.269832 0.998164 0 0.060575 0 1 0 -0.060575 0 0.998164  -0.0219058 0 0.0185339 0 -0.0353044 0
2.37 22.9064 0 -0.269642 0.998184 0 0.0602305 0 1 0 -0.0602305 0 0.998184  -0.0216685 0 0.0194319 0 -0.0337828 0
2.38 22.9062 0 -0.269445 0.998204 0 0.0599014 0 1 0 -0.0599014 0 0.998204  -0.021432 0 0.0200121 0 -0.0322192 0
2.39 22.906 0 -0.26924 0.998223 0 0.0595868 0 1 0 -0.0595868 0 0.998223  -0.0209509 0 0.0208786 0 -0.0307341 0
2.4 22.9058 0 -0.26903 0.998241 0 0.0592874 0 1 0 -0.0592874 0 0.998241  -0.0205871 0 0.0214461 0 -0.0292056 0
2.41 22.9056 0 -0.26881 0.998258 0 0.0590052 0 1 0 -0.0590052 0 0.998258  -0.0205544 0 0.0223701 0 -0.0274551 0
2.42 22.9053 0 -0.268583 0.998273 0 0.0587391 0 1 0 -0.0587391 0 0.998273  -0.0202636 0 0.0231595 0 -0.0258115 0
2.43 22.9051 0 -0.26835 0.998288 0 0.05849 0 1 0 -0.05849 0 0.998288  -0.0198979 0 0.0236335 0 -0.0241224 0
2.44 22.9049 0 -0.268106 0.998302 0 0.0582569 0 1 0 -0.0582569 0 0.998302  -0.0196553 0 0.0247731 0 -0.0225142 0
2.45 22.9048 0 -0.267858 0.998314 0 0.0580407 0 1 0 -0.0580407 0 0.998314  -0.0193976 0 0.0251852 0 -0.0208324 0
2.46 22.9046 0 -0.267601 0.998326 0 0.0578411 0 1 0 -0.0578411 0 0.998326  -0.0190217 0 0.0260754 0 -0.0191597 0
2.47 22.9044 0 -0.267337 0.998336 0 0.0576586 0 1 0 -0.0576586 0 0.998336  -0.0187225 0 0.0267204 0 -0.017433 0
2.48 22.9042 0 -0.267067 0.998346 0 0.0574931 0 1 0 -0.0574931 0 0.998346  -0.0184992 0 0.0274123 0 -0.0157155 0
2.49 22.904 0 -0.266789 0.998354 0 0.057345 0 1 0 -0.057345 0 0.998354  -0.0186335 0 0.0281332 0 -0.0139957 0
2.5 22.9038 0 -0.266502 0.998362 0 0.0572136 0 1 0 -0.0572136 0 0.998362  -0.0180461 0 0.028995 0 -0.0123335 0
2.51 22.9036 0 -0.266211 0.998369 0 0.0570992 0 1 0 -0.0570992 0 0.998369  -0.017725 0 0.0294711 0 -0.010617 0
2.52 22.9035 0 -0.265911 0.998374 0 0.0570014 0 1 0 -0.0570014 0 0.998374  -0.0174597 0 0.030304 0 -0.00894654 0
2.53 22.9033 0 -0.265604 0.998379 0 0.0569209 0 1 0 -0.0569209 0 0.998379  -0.0172689 0 0.0310856 0 -0.00719427 0
2.54 22.9031 0 -0.265292 0.998382 0 0.0568576 0 1 0 -0.0568576 0 0.998382  -0.0169385 0 0.0315806 0 -0.00547405 0
2.55 22.903 0 -0.264972 0.998385 0 0.0568104 0 1 0 -0.0568104 0 0.998385  -0.0164598 0 0.0323246 0 -0.00385961 0
2.56 22.9028 0 -0.264647 0.998387 0 0.0567807 0 1 0 -0.0567807 0 0.998387  -0.0162863 0 0.0329092 0 -0.00211233 0
2.57 22.9026 0 -0.264314 0.998387 0 0.0567679 0 1 0 -0.0567679 0 0.998387  -0.0159912 0 0.0336096 0 -0.000410346 0
2.58 22.9025 0 -0.263975 0.998387 0 0.0567728 0 1 0 -0.0567728 0 0.998387  -0.0157653 0 0.0342051 0 0.0013356 0
2.59 22.9023 0 -0.26363 0.998386 0 0.0567945 0 1 0 -0.0567945 0 0.998386  -0.0154452 0 0.034799 0 0.00301645 0
2.6 22.9022 0 -0.263279 0.998384 0 0.0568344 0 1 0 -0.0568344 0 0.998384  -0.0153082 0 0.035406 0 0.004867 0
2.61 22.902 0 -0.262921 0.99838 0 0.0568899 0 1 0 -0.0568899 0 0.99838  -0.014868 0 0.0361271 0 0.00641333 0
2.62 22.9019 0 -0.262559 0.998376 0 0.0569615 0 1 0 -0.0569615 0 0.998376  -0.0144768 0 0.0364499 0 0.00799068 0
2.63 22.9017 0 -0.26219 0.998371 0 0.0570502 0 1 0 -0.0570502 0 0.998371  -0.014341 0 0.0371987 0 0.00973021 0
2.64 22.9016 0 -0.261816 0.998365 0 0.0571558 0 1 0 -0.0571558 0 0.998365  -0.0141396 0 0.0376921 0 0.0114156 0
2.65 22.9014 0 -0.261438 0.998358 0 0.057277 0 1 0 -0.057277 0 0.998358  -0.0137084 0 0.0381184 0 0.0129581 0
2.66 22.9013 0 -0.261053 0.99835 0 0.0574146 0 1 0 -0.0574146 0 0.99835  -0.0134705 0 0.0386912 0 0.0145866 0
2.67 22.9012 0 -0.260664 0.998342 0 0.057569 0 1 0 -0.057569 0 0.998342  -0.0133883 0 0.0391916 0 0.0162649 0
2.68 22.901 0 -0.260269 0.998332 0 0.0577392 0 1 0 -0.0577392 0 0.998332  -0.0131316 0 0.0396868 0 0.0178629 0
2.69 22.9009 0 -0.259871 0.998321 0 0.0579249 0 1 0 -0.0579249 0 0.998321  -0.0128282 0 0.0400969 0 0.019389 0
2.7 22.9008 0 -0.259467 0.998309 0 0.0581264 0 1 0 -0.0581264 0 0.998309  -0.0126892 0 0.0405934 0 0.0209733 0
2.71 22.9006 0 -0.259062 0.998297 0 0.0583422 0 1 0 -0.0583422 0 0.998297  -0.0124165 0 0.0406728 0 0.0223901 0
2.72 22.9005 0 -0.25865 0.998283 0 0.0585732 0 1 0 -0.0585732 0 0.998283  -0.0120686 0 0.0414016 0 0.0238866 0
2.73 22.9004 0 -0.258238 0.998269 0 0.0588201 0 1 0 -0.0588201 0 0.998269  -0.0120672 0 0.0414809 0 0.0254849 0
2.74 22.9003 0 -0.257819 0.998253 0 0.0590812 0 1 0 -0.0590812 0 0.998253  -0.0117945 0 0.0420226 0 0.0269048 0
2.75 22.9002 0 -0.257398 0.998237 0 0.0593569 0 1 0 -0.0593569 0 0.998237  -0.0115284 0 0.0422206 0 0.0283295 0
2.76 22.9001 0 -0.256975 0.99822 0 0.0596469 0 1 0 -0.0596469 0 0.99822  -0.0113618 0 0.0425083 0 0.0297647 0
2.77 22.8999 0 -0.256547 0.998201 0 0.0599508 0 1 0 -0.0599508 0 0.998201  -0.0111292 0 0.0428879 0 0.0311465 0
2.78 22.8998 0 -0.256119 0.998182 0 0.0602688 0 1 0 -0.0602688 0 0.998182  -0.0110477 0 0.0430304 0 0.0325562 0
2.79 22.8997 0 -0.255686 0.998162 0 0.0606007 0 1 0 -0.0606007 0 0.998162  -0.0108994 0 0.043328 0 0.0339363 0
2.8 22.8996 0 -0.255252 0.998141 0 0.0609459 0 1 0 -0.0609459 0 0.998141  -0.0107068 0 0.0435615 0 0.0352523 0
2.81 22.8995 0 -0.254816 0.998119 0 0.061304 0 1 0 -0.061304 0 0.998119  -0.0105174 0 0.0436583 0 0.0365246 0
2.82 22.8994 0 -0.254378 0.998096 0 0.0616746 0 1 0 -0.0616746 0 0.998096  -0.0102558 0 0.0438857 0 0.0377418 0
2.83 22.8993 0 -0.253939 0.998072 0 0.0620619 0 1 0 -0.0620619 0 0.998072  -0.0101766 0 0.0439696 0 0.039506 0
2.84 22.8992 0 -0.253497 0.998048 0 0.0624585 0 1 0 -0.0624585 0 0.998048  -0.00995038 0 0.0443039 0 0.0404025 0
2.85 22.8991 0 -0.253056 0.998022 0 0.0628676 0 1 0 -0.0628676 0 0.998022  -0.00987362 0 0.0442004 0 0.0415437 0
2.86 22.899 0 -0.252611 0.997995 0 0.0632887 0 1 0 -0.0632887 0 0.997995  -0.0097552 0 0.0445006 0 0.0427864 0
2.87 22.8989 0 -0.25217 0.997968 0 0.0637205 0 1 0 -0.0637205 0 0.997968  -0.00963308 0 0.0441698 0 0.0438387 0
2.88 22.8988 0 -0.251724 0.997939 0 0.064163 0 1 0 -0.064163 0 0.997939  -0.00940833 0 0.0445999 0 0.0448853 0
2.89 22.8987 0 -0.251282 0.99791 0 0.0646167 0 1 0 -0.0646167 0 0.99791  -0.00935863 0 0.0442597 0 0.0460074 0
2.9 22.8986 0 -0.250837 0.99788 0 0.0650803 0 1 0 -0.0650803 0 0.99788  -0.00922904 0 0.0444519 0 0.0469934 0
2.91 22.8985 0 -0.250393 0.997849 0 0.0655551 0 1 0 -0.0655551 0 0.997849  -0.00928331 0 0.0444757 0 0.0481082 0
2.92 22.8984 0 -0.24995 0.997817 0 0.0660386 0 1 0 -0.0660386 0 0.997817  -0.00897725 0 0.0442793 0 0.0489362 0
2.93 22.8984 0 -0.249509 0.997784 0 0.066531 0 1 0 -0.066531 0 0.997784  -0.00885263 0 0.0439494 0 0.0497984 0
2.94 22.8983 0 -0.249068 0.997751 0 0.0670324 0 1 0 -0.0670324 0 0.997751  -0.0087829 0 0.0441305 0 0.0506935 0
2.95 22.8982 0 -0.248631 0.997716 0 0.0675419 0 1 0 -0.0675419 0 0.997716  -0.00882077 0 0.0435857 0 0.0514978 0
2.96 22.8981 0 -0.248194 0.997681 0 0.0680597 0 1 0 -0.0680597 0 0.997681  -0.00855614 0 0.0436029 0 0.0523085 0
2.97 22.898 0 -0.247759 0.997645 0 0.0685852 0 1 0 -0.0685852 0 0.997645  -0.00856206 0 0.0433429 0 0.053071 0
2.98 22.8979 0 -0.247328 0.997609 0 0.0691174 0 1 0 -0.0691174 0 0.997609  -0.00838074 0 0.0430489 0 0.0537277 0
2.99 22.8978 0 -0.246898 0.997571 0 0.069657 0 1 0 -0.069657 0 0.997571  -0.00843017 0 0.0428606 0 0.0544691 0
3 22.8978 0 -0.246472 0.997533 0 0.070203 0 1 0 -0.070203 0 0.997533  -0.00827465 0 0.0425582 0 0.0550797 0
3.01 22.8977 0 -0.246049 0.997494 0 0.0707552 0 1 0 -0.0707552 0 0.997494  -0.00824403 0 0.0420673 0 0.0556725 0
3.02 22.8976 0 -0.245627 0.997454 0 0.0713135 0 1 0 -0.0713135 0 0.997454  -0.00818844 0 0.0420439 0 0.0562519 0
3.03 22.8975 0 -0.245212 0.997413 0 0.0718777 0 1 0 -0.0718777 0 0.997413  -0.00830826 0 0.0413715 0 0.0568461 0
3.04 22.8974 0 -0.2448 0.997372 0 0.0724457 0 1 0 -0.0724457 0 0.997372  -0.00808435 0 0.0409447 0 0.0571893 0
3.05 22.8973 0 -0.24439 0.997331 0 0.0730195 0 1 0 -0.0730195 0 0.997331  -0.00816592 0 0.0408603 0 0.057737 0
3.06 22.8973 0 -0.243989 0.997288 0 0.0735963 0 1 0 -0.0735963 0 0.997288  -0.00797054 0 0.0397964 0 0.0580521 0
3.07 22.8972 0 -0.24359 0.997245 0 0.0741761 0 1 0 -0.0741761 0 0.997245  -0.00809851 0 0.0396784 0 0.0582983 0
3.08 22.8971 0 -0.243194 0.997202 0 0.0747607 0 1 0 -0.0747607 0 0.997202  -0.00809851 0 0.0393464 0 0.0587978 0
3.09 22.897 0 -0.242807 0.997157 0 0.0753485 0 1 0 -0.0753485 0 0.997157  -0.00812635 0 0.038507 0 0.0591433 0
3.1 22.8969 0 -0.242421 0.997113 0 0.0759384 0 1 0 -0.0759384 0 0.997113  -0.00806327 0 0.0383148 0 0.0593018 0
3.11 22.8969 0 -0.242043 0.997067 0 0.0765313 0 1 0 -0.0765313 0 0.997067  -0.00814822 0 0.0375711 0 0.0595803 0
3.12 22.8968 0 -0.241669 0.997021 0 0.0771263 0 1 0 -0.0771263 0 0.997021  -0.00817063 0 0.037067 0 0.0597867 0
3.13 22.8967 0 -0.241301 0.996975 0 0.0777228 0 1 0 -0.0777228 0 0.996975  -0.00815173 0 0.0365546 0 0.0599232 0
3.14 22.8966 0 -0.24094 0.996928 0 0.078321 0 1 0 -0.078321 0 0.996928  -0.00825033 0 0.0358323 0 0.0600731 0
3.15 22.8965 0 -0.240582 0.996881 0 0.0789212 0 1 0 -0.0789212 0 0.996881  -0.00846312 0 0.0355023 0 0.0602564 0
3.16 22.8964 0 -0.240232 0.996833 0 0.0795217 0 1 0 -0.0795217 0 0.996833  -0.00846174 0 0.0346415 0 0.0602761 0
3.17 22.8964 0 -0.239889 0.996785 0 0.0801209 0 1 0 -0.0801209 0 0.996785  -0.00811644 0 0.0339242 0 0.0601011 0
3.18 22.8963 0 -0.239552 0.996737 0 0.0807218 0 1 0 -0.0807218 0 0.996737  -0.00864356 0 0.0334434 0 0.0602989 0
3.19 22.8962 0 -0.239223 0.996688 0 0.0813216 0 1 0 -0.0813216 0 0.996688  -0.00859591 0 0.032531 0 0.0601865 0
3.2 22.8961 0 -0.238899 0.996639 0 0.0819207 0 1 0 -0.0819207 0 0.996639  -0.00849191 0 0.0320192 0 0.0600684 0
3.21 22.896 0 -0.238587 0.99659 0 0.0825181 0 1 0 -0.0825181 0 0.99659  -0.00870533 0 0.0308536 0 0.0598565 0
3.22 22.8959 0 -0.238277 0.99654 0 0.0831146 0 1 0 -0.0831146 0 0.99654  -0.00884901 0 0.0306417 0 0.0597896 0
3.23 22.8958 0 -0.237978 0.99649 0 0.0837095 0 1 0 -0.0837095 0 0.99649  -0.00896097 0 0.029569 0 0.059646 0
3.24 22.8957 0 -0.237685 0.99644 0 0.0843017 0 1 0 -0.0843017 0 0.99644  -0.00891494 0 0.0288963 0 0.0593273 0
3.25 22.8957 0 -0.237399 0.99639 0 0.0848916 0 1 0 -0.0848916 0 0.99639  -0.00907235 0 0.0281749 0 0.0590608 0
3.26 22.8956 0 -0.237123 0.99634 0 0.0854789 0 1 0 -0.0854789 0 0.99634  -0.00924229 0 0.027212 0 0.0588066 0
3.27 22.8955 0 -0.236853 0.99629 0 0.0860628 0 1 0 -0.0860628 0 0.99629  -0.00925781 0 0.0266366 0 0.0584594 0
3.28 22.8954 0 -0.236592 0.996239 0 0.0866439 0 1 0 -0.0866439 0 0.996239  -0.0095115 0 0.0256698 0 0.0581666 0
3.29 22.8953 0 -0.236339 0.996189 0 0.0872208 0 1 0 -0.0872208 0 0.996189  -0.00949482 0 0.0248676 0 0.05772 0
3.3 22.8952 0 -0.236094 0.996139 0 0.0877937 0 1 0 -0.0877937 0 0.996139  -0.00955882 0 0.0240743 0 0.0572855 0
3.31 22.8951 0 -0.235858 0.996088 0 0.0883626 0 1 0 -0.0883626 0 0.996088  -0.0097919 0 0.0232182 0 0.0569023 0
3.32 22.895 0 -0.235628 0.996038 0 0.0889271 0 1 0 -0.0889271 0 0.996038  -0.00988307 0 0.0226075 0 0.0564737 0
3.33 22.8949 0 -0.235408 0.995988 0 0.0894874 0 1 0 -0.0894874 0 0.995988  -0.0101664 0 0.0215947 0 0.0560393 0
3.34 22.8948 0 -0.235196 0.995938 0 0.0900418 0 1 0 -0.0900418 0 0.995938  -0.0100869 0 0.0207913 0 0.055405 0
3.35 22.8947 0 -0.234993 0.995888 0 0.090591 0 1 0 -0.090591 0 0.995888  -0.0102352 0 0.0198827 0 0.0548693 0
3.36 22.8946 0 -0.234799 0.995839 0 0.0911343 0 1 0 -0.0911343 0 0.995839  -0.0102918 0 0.018926 0 0.054258 0
3.37 22.8945 0 -0.234613 0.995789 0 0.0916711 0 1 0 -0.0916711 0 0.995789  -0.0102949 0 0.018127 0 0.0535944 0
3.38 22.8944 0 -0.234437 0.99574 0 0.0922027 0 1 0 -0.0922027 0 0.99574  -0.0106725 0 0.0171639 0 0.0530983 0
3.39 22.8943 0 -0.23427 0.995692 0 0.0927268 0 1 0 -0.0927268 0 0.995692  -0.0105463 0 0.0162447 0 0.0523225 0
3.4 22.8942 0 -0.234113 0.995643 0 0.0932444 0 1 0 -0.0932444 0 0.995643  -0.0106922 0 0.0152334 0 0.0516353 0
3.41 22.8941 0 -0.233964 0.995595 0 0.0937551 0 1 0 -0.0937551 0 0.995595  -0.0107967 0 0.0143772 0 0.0509323 0
3.42 22.8939 0 -0.233825 0.995548 0 0.0942589 0 1 0 -0.0942589 0 0.995548  -0.0109764 0 0.0134366 0 0.0502405 0
3.43 22.8938 0 -0.233698 0.995501 0 0.0947541 0 1 0 -0.0947541 0 0.995501  -0.0109909 0 0.0121795 0 0.0493337 0
3.44 22.8937 0 -0.233578 0.995454 0 0.0952409 0 1 0 -0.0952409 0 0.995454  -0.010805 0 0.0115084 0 0.0484648 0
3.45 22.8936 0 -0.233471 0.995408 0 0.0957205 0 1 0 -0.0957205 0 0.995408  -0.0111776 0 0.0102656 0 0.0477866 0
3.46 22.8935 0 -0.233372 0.995363 0 0.0961912 0 1 0 -0.0961912 0 0.995363  -0.0112117 0 0.00938531 0 0.0468946 0
3.47 22.8934 0 -0.233286 0.995318 0 0.096653 0 1 0 -0.096653 0 0.995318  -0.0113823 0 0.00799915 0 0.0459476 0
3.48 22.8933 0 -0.233208 0.995274 0 0.0971059 0 1 0 -0.0971059 0 0.995274  -0.0112497 0 0.007262 0 0.0450561 0
3.49 22.8932 0 -0.233143 0.995231 0 0.0975507 0 1 0 -0.0975507 0 0.995231  -0.0115534 0 0.0060645 0 0.0442683 0
3.5 22.8931 0 -0.233087 0.995188 0 0.0979855 0 1 0 -0.0979855 0 0.995188  -0.0114549 0 0.0050697 0 0.0432429 0
3.51 22.8929 0 -0.23304 0.995146 0 0.0984121 0 1 0 -0.0984121 0 0.995146  -0.0117046 0 0.0041902 0 0.0424042 0
3.52 22.8928 0 -0.233004 0.995104 0 0.0988295 0 1 0 -0.0988295 0 0.995104  -0.0118578 0 0.00309219 0 0.0414994 0
3.53 22.8927 0 -0.232977 0.995064 0 0.0992373 0 1 0 -0.0992373 0 0.995064  -0.0118819 0 0.00216066 0 0.040512 0
3.54 22.8926 0 -0.232961 0.995024 0 0.099636 0 1 0 -0.099636 0 0.995024  -0.0120713 0 0.00116816 0 0.0395901 0
3.55 22.8925 0 -0.232954 0.994985 0 0.100025 0 1 0 -0.100025 0 0.994985  -0.0121075 0 0.000194475 0 0.0385865 0
3.56 22.8923 0 -0.232957 0.994947 0 0.100404 0 1 0 -0.100404 0 0.994947  -0.012212 0 -0.000793619 0 0.0376253 0
3.57 22.8922 0 -0.232967 0.994909 0 0.100774 0 1 0 -0.100774 0 0.994909  -0.0123727 0 -0.00144904 0 0.0366222 0
3.58 22.8921 0 -0.232989 0.994873 0 0.101134 0 1 0 -0.101134 0 0.994873  -0.0127659 0 -0.00272069 0 0.0357733 0
3.59 22.892 0 -0.233019 0.994837 0 0.101485 0 1 0 -0.101485 0 0.994837  -0.012538 0 -0.0035669 0 0.0347587 0
3.6 22.8918 0 -0.233059 0.994802 0 0.101825 0 1 0 -0.101825 0 0.994802  -0.0127182 0 -0.00448758 0 0.0336514 0
3.61 22.8917 0 -0.23311 0.994768 0 0.102155 0 1 0 -0.102155 0 0.994768  -0.0130253 0 -0.00550479 0 0.0326823 0
3.62 22.8916 0 -0.233167 0.994736 0 0.102476 0 1 0 -0.102476 0 0.994736  -0.0131325 0 -0.00620487 0 0.0316901 0
3.63 22.8914 0 -0.233236 0.994704 0 0.102786 0 1 0 -0.102786 0 0.994704  -0.0132837 0 -0.00730347 0 0.0306458 0
3.64 22.8913 0 -0.233313 0.994673 0 0.103084 0 1 0 -0.103084 0 0.994673  -0.0132115 0 -0.0082183 0 0.02947 0
3.65 22.8912 0 -0.233398 0.994643 0 0.103373 0 1 0 -0.103373 0 0.994643  -0.0134867 0 -0.00901101 0 0.0285009 0
3.66 22.891 0 -0.233494 0.994614 0 0.103652 0 1 0 -0.103652 0 0.994614  -0.0137159 0 -0.00995643 0 0.0275025 0
3.67 22.8909 0 -0.233597 0.994586 0 0.103919 0 1 0 -0.103919 0 0.994586  -0.013653 0 -0.0107598 0 0.0263182 0
3.68 22.8908 0 -0.23371 0.994559 0 0.104176 0 1 0 -0.104176 0 0.994559  -0.0138271 0 -0.011808 0 0.0252763 0
3.69 22.8906 0 -0.233831 0.994533 0 0.104422 0 1 0 -0.104422 0 0.994533  -0.0139264 0 -0.0125314 0 0.0242306 0
3.7 22.8905 0 -0.233961 0.994508 0 0.104658 0 1 0 -0.104658 0 0.994508  -0.0142352 0 -0.013349 0 0.023256 0
3.71 22.8903 0 -0.234098 0.994484 0 0.104884 0 1 0 -0.104884 0 0.994484  -0.0143236 0 -0.014166 0 0.022223 0
3.72 22.8902 0 -0.234244 0.994462 0 0.105099 0 1 0 -0.105099 0 0.994462  -0.014287 0 -0.0150439 0 0.0210619 0
3.73 22.8901 0 -0.234398 0.99444 0 0.105304 0 1 0 -0.105304 0 0.99444  -0.0145382 0 -0.0158165 0 0.0200659 0
3.74 22.8899 0 -0.234559 0.994419 0 0.105499 0 1 0 -0.105499 0 0.994419  -0.0147125 0 -0.0165428 0 0.0190545 0
3.75 22.8898 0 -0.23473 0.9944 0 0.105682 0 1 0 -0.105682 0 0.9944  -0.0146502 0 -0.0174188 0 0.0179071 0
3.76 22.8896 0 -0.234908 0.994382 0 0.105855 0 1 0 -0.105855 0 0.994382  -0.014614 0 -0.0182117 0 0.016763 0
3.77 22.8895 0 -0.235093 0.994364 0 0.106017 0 1 0 -0.106017 0 0.994364  -0.014884 0 -0.018846 0 0.0158082 0
3.78 22.8893 0 -0.235286 0.994348 0 0.106168 0 1 0 -0.106168 0 0.994348  -0.0148213 0 -0.0197015 0 0.0146878 0
3.79 22.8892 0 -0.235485 0.994333 0 0.106309 0 1 0 -0.106309 0 0.994333  -0.0149753 0 -0.0202836 0 0.0136551 0
3.8 22.889 0 -0.23569 0.994319 0 0.10644 0 1 0 -0.10644 0 0.994319  -0.0151967 0 -0.0207961 0 0.0126293 0
3.81 22.8889 0 -0.235904 0.994306 0 0.106561 0 1 0 -0.106561 0 0.994306  -0.0153496 0 -0.0217236 0 0.0116625 0
3.82 22.8887 0 -0.236122 0.994294 0 0.106672 0 1 0 -0.106672 0 0.994294  -0.0153152 0 -0.0221231 0 0.0106079 0
3.83 22.8886 0 -0.236348 0.994283 0 0.106772 0 1 0 -0.106772 0 0.994283  -0.0155534 0 -0.0229125 0 0.00963178 0
3.84 22.8884 0 -0.236579 0.994274 0 0.106863 0 1 0 -0.106863 0 0.994274  -0.015633 0 -0.0234474 0 0.00863318 0
3.85 22.8882 0 -0.236816 0.994265 0 0.106944 0 1 0 -0.106944 0 0.994265  -0.0156578 0 -0.0240215 0 0.0076134 0
3.86 22.8881 0 -0.237058 0.994257 0 0.107017 0 1 0 -0.107017 0 0.994257  -0.0161812 0 -0.0245127 0 0.00684586 0
3.87 22.8879 0 -0.237306 0.994251 0 0.107079 0 1 0 -0.107079 0 0.994251  -0.0160344 0 -0.0251036 0 0.00577672 0
3.88 22.8878 0 -0.23756 0.994245 0 0.107132 0 1 0 -0.107132 0 0.994245  -0.0162183 0 -0.0256052 0 0.00485767 0
3.89 22.8876 0 -0.237819 0.99424 0 0.107176 0 1 0 -0.107176 0 0.99424  -0.0163058 0 -0.0261531 0 0.00390873 0
3.9 22.8874 0 -0.238082 0.994236 0 0.10721 0 1 0 -0.10721 0 0.994236  -0.0164501 0 -0.0265866 0 0.00300984 0
3.91 22.8873 0 -0.23835 0.994234 0 0.107235 0 1 0 -0.107235 0 0.994234  -0.0164703 0 -0.0271018 0 0.00204555 0
3.92 22.8871 0 -0.238623 0.994232 0 0.107252 0 1 0 -0.107252 0 0.994232  -0.0167783 0 -0.027474 0 0.00125852 0
3.93 22.8869 0 -0.238899 0.994231 0 0.107261 0 1 0 -0.107261 0 0.994231  -0.0168475 0 -0.0278662 0 0.000361551 0
3.94 22.8868 0 -0.239179 0.994231 0 0.107259 0 1 0 -0.107259 0 0.994231  -0.0166773 0 -0.028169 0 -0.00061072 0
3.95 22.8866 0 -0.239465 0.994232 0 0.10725 0 1 0 -0.10725 0 0.994232  -0.0169676 0 -0.0288887 0 -0.00140478 0
3.96 22.8864 0 -0.239751 0.994234 0 0.107231 0 1 0 -0.107231 0 0.994234  -0.0170065 0 -0.0287847 0 -0.00227003 0
3.97 22.8863 0 -0.240046 0.994237 0 0.107205 0 1 0 -0.107205 0 0.994237  -0.0170567 0 -0.0296786 0 -0.00308714 0
3.98 22.8861 0 -0.240341 0.994241 0 0.107169 0 1 0 -0.107169 0 0.994241  -0.0170346 0 -0.0296495 0 -0.00396437 0
3.99 22.8859 0 -0.240641 0.994245 0 0.107126 0 1 0 -0.107126 0 0.994245  -0.0171224 0 -0.0301369 0 -0.00477861 0
4 22.8857 0 -0.240941 0.994251 0 0.107074 0 1 0 -0.107074 0 0.994251  -0.0173735 0 -0.0301955 0 -0.00564063 0
4.01 22.8856 0 -0.241246 0.994257 0 0.107015 0 1 0 -0.107015 0 0.994257  -0.0173823 0 -0.0306205 0 -0.00636521 0
4.02 22.8854 0 -0.241553 0.994265 0 0.106948 0 1 0 -0.106948 0 0.994265  -0.017333 0 -0.0308622 0 -0.00715186 0
4.03 22.8852 0 -0.241863 0.994273 0 0.106873 0 1 0 -0.106873 0 0.994273  -0.0174948 0 -0.031151 0 -0.00788416 0
4.04 22.8851 0 -0.242175 0.994281 0 0.106791 0 1 0 -0.106791 0 0.994281  -0.0175308 0 -0.0312676 0 -0.00862872 0
4.05 22.8849 0 -0.242487 0.994291 0 0.106703 0 1 0 -0.106703 0 0.994291  -0.0175884 0 -0.0313075 0 -0.00919296 0
4.06 22.8847 0 -0.242804 0.994301 0 0.106608 0 1 0 -0.106608 0 0.994301  -0.0177605 0 -0.0317809 0 -0.00990634 0
4.07 22.8845 0 -0.243119 0.994312 0 0.106505 0 1 0 -0.106505 0 0.994312  -0.0176486 0 -0.0315781 0 -0.0106763 0
4.08 22.8843 0 -0.243437 0.994324 0 0.106398 0 1 0 -0.106398 0 0.994324  -0.0180259 0 -0.0319037 0 -0.0111411 0
4.09 22.8842 0 -0.243755 0.994336 0 0.106283 0 1 0 -0.106283 0 0.994336  -0.0178143 0 -0.0319254 0 -0.011907 0
4.1 22.884 0 -0.244076 0.994349 0 0.106161 0 1 0 -0.106161 0 0.994349  -0.0178401 0 -0.0321132 0 -0.0125547 0
4.11 22.8838 0 -0.244397 0.994363 0 0.106034 0 1 0 -0.106034 0 0.994363  -0.0180189 0 -0.0321307 0 -0.0131006 0
4.12 22.8836 0 -0.244716 0.994377 0 0.105902 0 1 0 -0.105902 0 0.994377  -0.0178478 0 -0.0318956 0 -0.0135708 0
4.13 22.8834 0 -0.24504 0.994391 0 0.105764 0 1 0 -0.105764 0 0.994391  -0.0180891 0 -0.0324044 0 -0.0141496 0
4.14 22.8833 0 -0.245357 0.994407 0 0.105619 0 1 0 -0.105619 0 0.994407  -0.0180166 0 -0.0316531 0 -0.0149096 0
4.15 22.8831 0 -0.24568 0.994423 0 0.10547 0 1 0 -0.10547 0 0.994423  -0.0181385 0 -0.0323695 0 -0.0152586 0
4.16 22.8829 0 -0.245998 0.994439 0 0.105315 0 1 0 -0.105315 0 0.994439  -0.0180413 0 -0.0317498 0 -0.0157692 0
4.17 22.8827 0 -0.246317 0.994456 0 0.105156 0 1 0 -0.105156 0 0.994456  -0.0182584 0 -0.0318899 0 -0.0162215 0
4.18 22.8825 0 -0.246636 0.994473 0 0.104992 0 1 0 -0.104992 0 0.994473  -0.0181844 0 -0.0318499 0 -0.0167256 0
4.19 22.8824 0 -0.246951 0.994491 0 0.104824 0 1 0 -0.104824 0 0.994491  -0.0181547 0 -0.0314988 0 -0.0171622 0
4.2 22.8822 0 -0.247269 0.994509 0 0.104652 0 1 0 -0.104652 0 0.994509  -0.0182481 0 -0.0317362 0 -0.0175604 0
4.21 22.882 0 -0.247582 0.994528 0 0.104475 0 1 0 -0.104475 0 0.994528  -0.0182414 0 -0.0312491 0 -0.01797 0
4.22 22.8818 0 -0.247896 0.994546 0 0.104295 0 1 0 -0.104295 0 0.994546  -0.0182692 0 -0.0312954 0 -0.0183414 0
4.23 22.8816 0 -0.248206 0.994566 0 0.104111 0 1 0 -0.104111 0 0.994566  -0.0184261 0 -0.0308865 0 -0.0186198 0
4.24 22.8814 0 -0.248516 0.994585 0 0.103924 0 1 0 -0.103924 0 0.994585  -0.0183117 0 -0.0308697 0 -0.0190313 0
4.25 22.8813 0 -0.248823 0.994605 0 0.103733 0 1 0 -0.103733 0 0.994605  -0.0182696 0 -0.0306753 0 -0.0193811 0
4.26 22.8811 0 -0.249127 0.994625 0 0.103539 0 1 0 -0.103539 0 0.994625  -0.0182894 0 -0.0303113 0 -0.0196612 0
4.27 22.8809 0 -0.24943 0.994646 0 0.103343 0 1 0 -0.103343 0 0.994646  -0.0184867 0 -0.0301096 0 -0.0198198 0
4.28 22.8807 0 -0.249727 0.994666 0 0.103144 0 1 0 -0.103144 0 0.994666  -0.0183597 0 -0.0294919 0 -0.0201154 0
4.29 22.8805 0 -0.250018 0.994687 0 0.102943 0 1 0 -0.102943 0 0.994687  -0.0182447 0 -0.0286453 0 -0.0203911 0
4.3 22.8803 0 -0.250321 0.994708 0 0.102743 0 1 0 -0.102743 0 0.994708  -0.0190171 0 -0.0297892 0 -0.0202223 0
4.31 22.8802 0 -0.250588 0.994729 0 0.102536 0 1 0 -0.102536 0 0.994729  -0.0178997 0 -0.0263255 0 -0.0209277 0
4.32 22.88 0 -0.250904 0.99475 0 0.102334 0 1 0 -0.102334 0 0.99475  -0.0198648 0 -0.032413 0 -0.0203421 0
4.33 22.8798 0 -0.251152 0.994772 0 0.10212 0 1 0 -0.10212 0 0.994772  -0.0173264 0 -0.0248917 0 -0.0215359 0
4.34 22.8796 0 -0.251445 0.994793 0 0.101914 0 1 0 -0.101914 0 0.994793  -0.0189968 0 -0.0287313 0 -0.0209082 0
4.35 22.8794 0 -0.251717 0.994815 0 0.101703 0 1 0 -0.101703 0 0.994815  -0.018629 0 -0.0273527 0 -0.0211934 0
4.36 22.8792 0 -0.251974 0.994837 0 0.10149 0 1 0 -0.10149 0 0.994837  -0.0181123 0 -0.0251372 0 -0.0214898 0
4.37 22.879 0 -0.252254 0.994858 0 0.10128 0 1 0 -0.10128 0 0.994858  -0.0191682 0 -0.0279014 0 -0.0210889 0
4.38 22.8789 0 -0.252497 0.99488 0 0.101066 0 1 0 -0.101066 0 0.99488  -0.0181694 0 -0.0242006 0 -0.0215509 0
4.39 22.8787 0 -0.252761 0.994901 0 0.100855 0 1 0 -0.100855 0 0.994901  -0.0187924 0 -0.0259544 0 -0.0213101 0
4.4 22.8785 0 -0.253008 0.994923 0 0.100641 0 1 0 -0.100641 0 0.994923  -0.0184098 0 -0.0247103 0 -0.0214779 0
4.41 22.8783 0 -0.253249 0.994944 0 0.100428 0 1 0 -0.100428 0 0.994944  -0.018374 0 -0.0236599 0 -0.0214595 0
4.42 22.8781 0 -0.25349 0.994966 0 0.100215 0 1 0 -0.100215 0 0.994966  -0.0186686 0 -0.0238347 0 -0.0213564 0
4.43 22.8779 0 -0.253717 0.994987 0 0.100003 0 1 0 -0.100003 0 0.994987  -0.0183109 0 -0.0223056 0 -0.0212776 0
4.44 22.8777 0 -0.253944 0.995008 0 0.0997927 0 1 0 -0.0997927 0 0.995008  -0.018441 0 -0.0224122 0 -0.0210394 0
4.45 22.8776 0 -0.254165 0.995029 0 0.0995817 0 1 0 -0.0995817 0 0.995029  -0.0183155 0 -0.0218546 0 -0.0211588 0
4.46 22.8774 0 -0.254385 0.99505 0 0.0993717 0 1 0 -0.0993717 0 0.99505  -0.0182876 0 -0.0218618 0 -0.021099 0
4.47 22.8772 0 -0.254595 0.995071 0 0.0991623 0 1 0 -0.0991623 0 0.995071  -0.0180494 0 -0.0207299 0 -0.0210061 0
4.48 22.877 0 -0.254807 0.995092 0 0.0989547 0 1 0 -0.0989547 0 0.995092  -0.0182847 0 -0.020974 0 -0.0207973 0
4.49 22.8768 0 -0.255006 0.995113 0 0.0987474 0 1 0 -0.0987474 0 0.995113  -0.0179724 0 -0.0197229 0 -0.0207717 0
4.5 22.8767 0 -0.255205 0.995133 0 0.0985429 0 1 0 -0.0985429 0 0.995133  -0.0181861 0 -0.0195143 0 -0.0204727 0
4.51 22.8765 0 -0.255396 0.995153 0 0.0983393 0 1 0 -0.0983393 0 0.995153  -0.0179641 0 -0.0189172 0 -0.0203704 0
4.52 22.8763 0 -0.255581 0.995173 0 0.0981377 0 1 0 -0.0981377 0 0.995173  -0.0179809 0 -0.0181834 0 -0.0201702 0
4.53 22.8761 0 -0.255761 0.995192 0 0.0979391 0 1 0 -0.0979391 0 0.995192  -0.0181216 0 -0.0176709 0 -0.0198346 0
4.54 22.8759 0 -0.255933 0.995212 0 0.0977419 0 1 0 -0.0977419 0 0.995212  -0.0178638 0 -0.0168932 0 -0.0196822 0
4.55 22.8758 0 -0.2561 0.995231 0 0.0975478 0 1 0 -0.0975478 0 0.995231  -0.0178865 0 -0.0163554 0 -0.0193956 0
4.56 22.8756 0 -0.25626 0.99525 0 0.0973561 0 1 0 -0.0973561 0 0.99525  -0.0177922 0 -0.0156381 0 -0.0191353 0
4.57 22.8754 0 -0.256412 0.995268 0 0.0971679 0 1 0 -0.0971679 0 0.995268  -0.0179331 0 -0.0149137 0 -0.0187549 0
4.58 22.8752 0 -0.256559 0.995286 0 0.0969814 0 1 0 -0.0969814 0 0.995286  -0.0175425 0 -0.0143436 0 -0.0186114 0
4.59 22.875 0 -0.256703 0.995304 0 0.0967981 0 1 0 -0.0967981 0 0.995304  -0.0176422 0 -0.0141992 0 -0.0182913 0
4.6 22.8749 0 -0.256833 0.995322 0 0.0966174 0 1 0 -0.0966174 0 0.995322  -0.0174069 0 -0.0126509 0 -0.0180119 0
4.61 22.8747 0 -0.256963 0.995339 0 0.0964414 0 1 0 -0.0964414 0 0.995339  -0.0176374 0 -0.0125942 0 -0.0174946 0
4.62 22.8745 0 -0.257081 0.995355 0 0.0962677 0 1 0 -0.0962677 0 0.995355  -0.017274 0 -0.0114151 0 -0.0172714 0
4.63 22.8743 0 -0.257192 0.995372 0 0.0960986 0 1 0 -0.0960986 0 0.995372  -0.0173316 0 -0.0107459 0 -0.0168361 0
4.64 22.8742 0 -0.257298 0.995388 0 0.0959328 0 1 0 -0.0959328 0 0.995388  -0.017195 0 -0.0102267 0 -0.0164736 0
4.65 22.874 0 -0.257392 0.995403 0 0.0957707 0 1 0 -0.0957707 0 0.995403  -0.0170237 0 -0.00895233 0 -0.0160996 0
4.66 22.8738 0 -0.257484 0.995419 0 0.0956134 0 1 0 -0.0956134 0 0.995419  -0.0171981 0 -0.00891467 0 -0.0155878 0
4.67 22.8737 0 -0.257562 0.995433 0 0.0954594 0 1 0 -0.0954594 0 0.995433  -0.0168191 0 -0.0074251 0 -0.0152589 0
4.68 22.8735 0 -0.257638 0.995448 0 0.0953107 0 1 0 -0.0953107 0 0.995448  -0.0169842 0 -0.00713942 0 -0.0147233 0
4.69 22.8733 0 -0.257703 0.995461 0 0.0951659 0 1 0 -0.0951659 0 0.995461  -0.0168408 0 -0.00614528 0 -0.014311 0
4.7 22.8732 0 -0.25776 0.995475 0 0.0950256 0 1 0 -0.0950256 0 0.995475  -0.016749 0 -0.00527959 0 -0.0138536 0
4.71 22.873 0 -0.25781 0.995488 0 0.0948913 0 1 0 -0.0948913 0 0.995488  -0.0169669 0 -0.00459138 0 -0.0132263 0
4.72 22.8728 0 -0.25785 0.9955 0 0.0947611 0 1 0 -0.0947611 0 0.9955  -0.0166728 0 -0.00359216 0 -0.0128427 0
4.73 22.8727 0 -0.257884 0.995512 0 0.0946358 0 1 0 -0.0946358 0 0.995512  -0.016595 0 -0.00298171 0 -0.0123634 0
4.74 22.8725 0 -0.257909 0.995523 0 0.0945151 0 1 0 -0.0945151 0 0.995523  -0.0164446 0 -0.0021179 0 -0.0119001 0
4.75 22.8723 0 -0.257925 0.995534 0 0.0943992 0 1 0 -0.0943992 0 0.995534  -0.0163468 0 -0.00123021 0 -0.0113978 0
4.76 22.8722 0 -0.257935 0.995545 0 0.0942885 0 1 0 -0.0942885 0 0.995545  -0.0162919 0 -0.00052267 0 -0.0108715 0
4.77 22.872 0 -0.257934 0.995555 0 0.0941835 0 1 0 -0.0941835 0 0.995555  -0.0163487 0 0.00053254 0 -0.0102733 0
4.78 22.8718 0 -0.257926 0.995564 0 0.0940833 0 1 0 -0.0940833 0 0.995564  -0.0161405 0 0.00118899 0 -0.00980687 0
4.79 22.8717 0 -0.257909 0.995573 0 0.0939876 0 1 0 -0.0939876 0 0.995573  -0.0158955 0 0.00206274 0 -0.00935137 0
4.8 22.8715 0 -0.257885 0.995582 0 0.0938979 0 1 0 -0.0938979 0 0.995582  -0.0159678 0 0.00293657 0 -0.00873374 0
4.81 22.8714 0 -0.257851 0.99559 0 0.0938134 0 1 0 -0.0938134 0 0.99559  -0.0158132 0 0.00374583 0 -0.00821418 0
4.82 22.8712 0 -0.25781 0.995597 0 0.0937339 0 1 0 -0.0937339 0 0.995597  -0.0155996 0 0.00458458 -0 -0.00771439 0
4.83 22.871 0 -0.257759 0.995604 0 0.0936605 0 1 0 -0.0936605 0 0.995604  -0.0156633 0 0.00546667 -0 -0.00708454 0
4.84 22.8709 0 -0.257701 0.995611 0 0.0935923 0 1 0 -0.0935923 0 0.995611  -0.0154609 0 0.00630348 -0 -0.00657206 0
4.85 22.8707 0 -0.257634 0.995617 0 0.0935293 0 1 0 -0.0935293 0 0.995617  -0.015293 0 0.00712412 -0 -0.00603595 0
4.86 22.8706 0 -0.257558 0.995622 0 0.0934725 0 1 0 -0.0934725 0 0.995622  -0.0152892 0 0.00801612 -0 -0.00542073 0
4.87 22.8704 0 -0.257473 0.995627 0 0.0934214 0 1 0 -0.0934214 0 0.995627  -0.0152067 0 0.00890022 -0 -0.00482059 0
4.88 22.8703 0 -0.257381 0.995631 0 0.093376 0 1 0 -0.093376 0 0.995631  -0.0150649 0 0.00971594 -0 -0.00426978 0
4.89 22.8701 0 -0.257279 0.995635 0 0.0933361 0 1 0 -0.0933361 0 0.995635  -0.0149087 0 0.0105872 -0 -0.0037214 0
4.9 22.87 0 -0.257168 0.995638 0 0.0933036 0 1 0 -0.0933036 0 0.995638  -0.0151847 0 0.0115613 -0 -0.00294953 0
4.91 22.8698 0 -0.25705 0.99564 0 0.0932747 0 1 0 -0.0932747 0 0.99564  -0.0145442 0 0.0121944 -0 -0.00262924 0
4.92 22.8697 0 -0.256923 0.995643 0 0.093252 0 1 0 -0.093252 0 0.995643  -0.0145632 0 0.0131124 -0 -0.00200754 0
4.93 22.8695 0 -0.256788 0.995644 0 0.0932353 0 1 0 -0.0932353 0 0.995644  -0.0146168 0 0.0139451 -0 -0.00134777 0
4.94 22.8694 0 -0.25664 0.995645 0 0.0932238 0 1 0 -0.0932238 0 0.995645  -0.0144429 0 0.0153075 -0 -0.000836226 0
4.95 22.8693 0 -0.25649 0.995646 0 0.0932203 0 1 0 -0.0932203 0 0.995646  -0.0144055 0 0.0154738 -0 -1.50977e-05 0
4.96 22.8691 0 -0.256324 0.995645 0 0.0932208 0 1 0 -0.0932208 0 0.995645  -0.0141328 0 0.0170768 0 0.000362157 0
4.97 22.869 0 -0.256154 0.995645 0 0.0932277 0 1 0 -0.0932277 0 0.995645  -0.0141601 0 0.0174604 0 0.000952374 0
4.98 22.8688 0 -0.255972 0.995644 0 0.0932406 0 1 0 -0.0932406 0 0.995644  -0.0140739 0 0.0185761 0 0.00158351 0
4.99 22.8687 0 -0.255781 0.995642 0 0.0932593 0 1 0 -0.0932593 0 0.995642  -0.013944 0 0.0195237 0 0.00215682 0
5 22.8685 0 -0.255585 0.99564 0 0.0932837 0 1 0 -0.0932837 0 0.99564  -0.0139416 0 0.0200816 0 0.00273735 0
5.01 22.8684 0 -0.255376 0.995637 0 0.0933131 0 1 0 -0.0933131 0 0.995637  -0.0137226 0 0.0212562 0 0.00323842 0
5.02 22.8683 0 -0.255163 0.995633 0 0.0933488 0 1 0 -0.0933488 0 0.995633  -0.0137751 0 0.021804 0 0.00387492 0
5.03 22.8681 0 -0.254939 0.99563 0 0.0933893 0 1 0 -0.0933893 0 0.99563  -0.0135957 0 0.0227754 0 0.00438737 0
5.04 22.868 0 -0.254709 0.995625 0 0.0934351 0 1 0 -0.0934351 0 0.995625  -0.0133425 0 0.0234636 0 0.00484091 0
5.05 22.8679 0 -0.25447 0.995621 0 0.0934868 0 1 0 -0.0934868 0 0.995621  -0.0133612 0 0.0241937 0 0.00543141 0
5.06 22.8677 0 -0.254223 0.995615 0 0.0935434 0 1 0 -0.0935434 0 0.995615  -0.0132743 0 0.0251404 0 0.00597246 0
5.07 22.8676 0 -0.253972 0.995609 0 0.0936054 0 1 0 -0.0936054 0 0.995609  -0.01322 0 0.0255266 0 0.00653576 0
5.08 22.8675 0 -0.253709 0.995603 0 0.0936721 0 1 0 -0.0936721 0 0.995603  -0.0130368 0 0.0266621 0 0.00699687 0
5.09 22.8673 0 -0.253442 0.995596 0 0.0937452 0 1 0 -0.0937452 0 0.995596  -0.0131912 0 0.0271146 0 0.00762432 0
5.1 22.8672 0 -0.253166 0.995589 0 0.0938228 0 1 0 -0.0938228 0 0.995589  -0.0129577 0 0.0279553 0 0.00805893 0
5.11 22.8671 0 -0.252883 0.995581 0 0.093906 0 1 0 -0.093906 0 0.995581  -0.0129994 0 0.0286395 0 0.00861114 0
5.12 22.8669 0 -0.252594 0.995573 0 0.0939946 0 1 0 -0.0939946 0 0.995573  -0.0129557 0 0.0292235 0 0.0091558 0
5.13 22.8668 0 -0.252297 0.995564 0 0.0940877 0 1 0 -0.0940877 0 0.995564  -0.0128581 0 0.0300984 0 0.00959706 0
5.14 22.8667 0 -0.251994 0.995555 0 0.0941859 0 1 0 -0.0941859 0 0.995555  -0.0128786 0 0.0305604 0 0.0101041 0
5.15 22.8666 0 -0.251685 0.995545 0 0.094288 0 1 0 -0.094288 0 0.995545  -0.0126571 0 0.0313 0 0.010501 0
5.16 22.8664 0 -0.251371 0.995535 0 0.0943939 0 1 0 -0.0943939 0 0.995535  -0.0124571 0 0.0317614 0 0.0108688 0
5.17 22.8663 0 -0.251051 0.995524 0 0.0945047 0 1 0 -0.0945047 0 0.995524  -0.01261 0 0.0322619 0 0.0113553 0
5.18 22.8662 0 -0.250723 0.995514 0 0.0946196 0 1 0 -0.0946196 0 0.995514  -0.0124478 0 0.0330951 0 0.0117628 0
5.19 22.8661 0 -0.250391 0.995502 0 0.0947393 0 1 0 -0.0947393 0 0.995502  -0.0125215 0 0.0334581 0 0.012242 0
5.2 22.8659 0 -0.250053 0.99549 0 0.0948615 0 1 0 -0.0948615 0 0.99549  -0.0121383 0 0.0340531 0 0.0124601 0
5.21 22.8658 0 -0.24971 0.995478 0 0.0949891 0 1 0 -0.0949891 0 0.995478  -0.0124109 0 0.0346469 0 0.0130114 0
5.22 22.8657 0 -0.249361 0.995466 0 0.0951204 0 1 0 -0.0951204 0 0.995466  -0.0124108 0 0.0351151 0 0.0134108 0
5.23 22.8656 0 -0.249008 0.995453 0 0.0952551 0 1 0 -0.0952551 0 0.995453  -0.0124209 0 0.0355379 0 0.0137133 0
5.24 22.8654 0 -0.24865 0.99544 0 0.0953937 0 1 0 -0.0953937 0 0.99544  -0.0122998 0 0.0360771 0 0.0140754 0
5.25 22.8653 0 -0.248288 0.995426 0 0.0955358 0 1 0 -0.0955358 0 0.995426  -0.0124024 0 0.0365085 0 0.0144802 0
5.26 22.8652 0 -0.24792 0.995412 0 0.0956821 0 1 0 -0.0956821 0 0.995412  -0.0126013 0 0.0370113 0 0.0149029 0
5.27 22.8651 0 -0.247547 0.995398 0 0.0958322 0 1 0 -0.0958322 0 0.995398  -0.0126168 0 0.0375581 0 0.0152495 0
5.28 22.8649 0 -0.247171 0.995383 0 0.0959851 0 1 0 -0.0959851 0 0.995383  -0.0125361 0 0.0377811 0 0.0155101 0
5.29 22.8648 0 -0.246791 0.995368 0 0.0961406 0 1 0 -0.0961406 0 0.995368  -0.0124357 0 0.038172 0 0.0157404 0
5.3 22.8647 0 -0.246406 0.995352 0 0.0962996 0 1 0 -0.0962996 0 0.995352  -0.0126219 0 0.038667 0 0.0161132 0
5.31 22.8646 0 -0.246019 0.995337 0 0.096461 0 1 0 -0.096461 0 0.995337  -0.0125512 0 0.0388283 0 0.0163383 0
5.32 22.8644 0 -0.245627 0.995321 0 0.0966248 0 1 0 -0.0966248 0 0.995321  -0.0124828 0 0.0392927 0 0.016551 0
5.33 22.8643 0 -0.245237 0.995305 0 0.0967914 0 1 0 -0.0967914 0 0.995305  -0.012678 0 0.0391521 0 0.0168571 0
5.34 22.8642 0 -0.244847 0.995288 0 0.0969591 0 1 0 -0.0969591 0 0.995288  -0.0125038 0 0.038958 0 0.0169546 0
5.35 22.8641 0 -0.244448 0.995272 0 0.0971287 0 1 0 -0.0971287 0 0.995272  -0.0123595 0 0.0400223 0 0.0170971 0
5.36 22.8639 0 -0.244056 0.995255 0 0.0973012 0 1 0 -0.0973012 0 0.995255  -0.0127027 0 0.03933 0 0.0174335 0
5.37 22.8638 0 -0.243653 0.995238 0 0.0974759 0 1 0 -0.0974759 0 0.995238  -0.0128391 0 0.0403396 0 0.0176702 0
5.38 22.8637 0 -0.243253 0.995221 0 0.0976522 0 1 0 -0.0976522 0 0.995221  -0.0128357 0 0.0401373 0 0.0178137 0
5.39 22.8636 0 -0.242851 0.995203 0 0.0978303 0 1 0 -0.0978303 0 0.995203  -0.0128985 0 0.0402391 0 0.0179612 0
5.4 22.8634 0 -0.242446 0.995186 0 0.0980089 0 1 0 -0.0980089 0 0.995186  -0.0127127 0 0.0406483 0 0.0179867 0
5.41 22.8633 0 -0.242042 0.995168 0 0.0981894 0 1 0 -0.0981894 0 0.995168  -0.0129636 0 0.0403774 0 0.0181908 0
5.42 22.8632 0 -0.241635 0.99515 0 0.09837 0 1 0 -0.09837 0 0.99515  -0.0128026 0 0.0408031 0 0.0181902 0
5.43 22.863 0 -0.241228 0.995132 0 0.0985525 0 1 0 -0.0985525 0 0.995132  -0.0130188 0 0.0407655 0 0.0183613 0
5.44 22.8629 0 -0.240821 0.995114 0 0.098735 0 1 0 -0.098735 0 0.995114  -0.0129702 0 0.0406423 0 0.0183737 0
5.45 22.8628 0 -0.240412 0.995096 0 0.0989183 0 1 0 -0.0989183 0 0.995096  -0.013038 0 0.0409782 0 0.0184364 0
5.46 22.8626 0 -0.240003 0.995077 0 0.0991031 0 1 0 -0.0991031 0 0.995077  -0.0133064 0 0.0408781 0 0.0185845 0
5.47 22.8625 0 -0.239595 0.995059 0 0.0992886 0 1 0 -0.0992886 0 0.995059  -0.0134614 0 0.0408481 0 0.0186497 0
5.48 22.8624 0 -0.239184 0.99504 0 0.0994729 0 1 0 -0.0994729 0 0.99504  -0.0131681 0 0.041035 0 0.0184868 0
5.49 22.8622 0 -0.238776 0.995022 0 0.0996591 0 1 0 -0.0996591 0 0.995022  -0.0136582 0 0.0407342 0 0.0187072 0
5.5 22.8621 0 -0.238366 0.995003 0 0.0998436 0 1 0 -0.0998436 0 0.995003  -0.0134683 0 0.0410655 0 0.0185482 0
5.51 22.862 0 -0.23796 0.994985 0 0.100029 0 1 0 -0.100029 0 0.994985  -0.0136689 0 0.0406057 0 0.0185702 0
5.52 22.8618 0 -0.237552 0.994966 0 0.100213 0 1 0 -0.100213 0 0.994966  -0.0136758 0 0.0407503 0 0.0184995 0
5.53 22.8617 0 -0.23715 0.994948 0 0.100395 0 1 0 -0.100395 0 0.994948  -0.0137903 0 0.0400293 0 0.0182248 0
5.54 22.8616 0 -0.236746 0.994929 0 0.100576 0 1 0 -0.100576 0 0.994929  -0.0135046 0 0.040258 0 0.0181462 0
5.55 22.8614 0 -0.236346 0.994911 0 0.100758 0 1 0 -0.100758 0 0.994911  -0.0139346 0 0.0399978 0 0.0182186 0
5.56 22.8613 0 -0.235946 0.994893 0 0.100938 0 1 0 -0.100938 0 0.994893  -0.0140526 0 0.0398721 0 0.0180848 0
5.57 22.8611 0 -0.235548 0.994875 0 0.101117 0 1 0 -0.101117 0 0.994875  -0.0139413 0 0.039722 0 0.017883 0
5.58 22.861 0 -0.235155 0.994856 0 0.101294 0 1 0 -0.101294 0 0.994856  -0.0140912 0 0.0392229 0 0.0177745 0
5.59 22.8609 0 -0.234761 0.994839 0 0.10147 0 1 0 -0.10147 0 0.994839  -0.0141059 0 0.0392545 0 0.0175905 0
5.6 22.8607 0 -0.234373 0.994821 0 0.101644 0 1 0 -0.101644 0 0.994821  -0.0141048 0 0.0386717 0 0.0173822 0
5.61 22.8606 0 -0.233985 0.994803 0 0.101816 0 1 0 -0.101816 0 0.994803  -0.0142303 0 0.0386555 0 0.0172551 0
5.62 22.8604 0 -0.233601 0.994786 0 0.101988 0 1 0 -0.101988 0 0.994786  -0.0145833 0 0.038293 0 0.0171896 0
5.63 22.8603 0 -0.233219 0.994768 0 0.102158 0 1 0 -0.102158 0 0.994768  -0.014594 0 0.0380376 0 0.0169419 0
5.64 22.8601 0 -0.232841 0.994751 0 0.102324 0 1 0 -0.102324 0 0.994751  -0.0144628 0 0.0375967 0 0.0166286 0
5.65 22.86 0 -0.232467 0.994734 0 0.102489 0 1 0 -0.102489 0 0.994734  -0.0145921 0 0.037232 0 0.0164116 0
5.66 22.8598 0 -0.232096 0.994717 0 0.102652 0 1 0 -0.102652 0 0.994717  -0.0147678 0 0.0369093 0 0.0162152 0
5.67 22.8597 0 -0.23173 0.994701 0 0.10281 0 1 0 -0.10281 0 0.994701  -0.0144991 0 0.0363478 0 0.0157812 0
5.68 22.8596 0 -0.231367 0.994685 0 0.102968 0 1 0 -0.102968 0 0.994685  -0.0148551 0 0.0360653 0 0.0156522 0
5.69 22.8594 0 -0.231009 0.994669 0 0.103122 0 1 0 -0.103122 0 0.994669  -0.0148915 0 0.0356005 0 0.0153547 0
5.7 22.8593 0 -0.230656 0.994653 0 0.103272 0 1 0 -0.103272 0 0.994653  -0.0148224 0 0.0350904 0 0.0149872 0
5.71 22.8591 0 -0.230308 0.994638 0 0.10342 0 1 0 -0.10342 0 0.994638  -0.0148303 0 0.0345257 0 0.0146652 0
5.72 22.859 0 -0.229964 0.994623 0 0.103564 0 1 0 -0.103564 0 0.994623  -0.0149823 0 0.034163 0 0.0143805 0
5.73 22.8588 0 -0.229625 0.994608 0 0.103705 0 1 0 -0.103705 0 0.994608  -0.0149056 0 0.0336491 0 0.0140551 0
5.74 22.8587 0 -0.229293 0.994594 0 0.103843 0 1 0 -0.103843 0 0.994594  -0.0149363 0 0.0329753 0 0.0136682 0
5.75 22.8585 0 -0.228965 0.99458 0 0.103977 0 1 0 -0.103977 0 0.99458  -0.0149644 0 0.0325851 0 0.0132998 0
5.76 22.8584 0 -0.228644 0.994566 0 0.104106 0 1 0 -0.104106 0 0.994566  -0.0147171 0 0.0318116 0 0.0128034 0
5.77 22.8582 0 -0.228327 0.994553 0 0.104233 0 1 0 -0.104233 0 0.994553  -0.0148585 0 0.0313384 0 0.0124771 0
5.78 22.8581 0 -0.228017 0.99454 0 0.104355 0 1 0 -0.104355 0 0.99454  -0.0151095 0 0.0307957 0 0.0121911 0
5.79 22.8579 0 -0.227706 0.994528 0 0.104474 0 1 0 -0.104474 0 0.994528  -0.0148505 0 0.031074 0 0.0116984 0
5.8 22.8578 0 -0.227407 0.994516 0 0.104589 0 1 0 -0.104589 0 0.994516  -0.0151393 0 0.0296899 0 0.0113974 0
5.81 22.8576 0 -0.227108 0.994504 0 0.1047 0 1 0 -0.1047 0 0.994504  -0.0150462 0 0.0295488 0 0.0109378 0
5.82 22.8575 0 -0.226818 0.994493 0 0.104806 0 1 0 -0.104806 0 0.994493  -0.0150979 0 0.0288301 0 0.0105307 0
5.83 22.8573 0 -0.226534 0.994482 0 0.104909 0 1 0 -0.104909 0 0.994482  -0.0151247 0 0.0280898 0 0.0101128 0
5.84 22.8572 0 -0.226253 0.994471 0 0.105008 0 1 0 -0.105008 0 0.994471  -0.0152726 0 0.0277979 0 0.00974772 0
5.85 22.857 0 -0.225983 0.994461 0 0.105102 0 1 0 -0.105102 0 0.994461  -0.0152855 0 0.0266541 0 0.00921386 0
5.86 22.8569 0 -0.225715 0.994452 0 0.105192 0 1 0 -0.105192 0 0.994452  -0.0151818 0 0.02648 0 0.00878 0
5.87 22.8567 0 -0.225457 0.994443 0 0.105277 0 1 0 -0.105277 0 0.994443  -0.0153435 0 0.0254452 0 0.0084137 0
5.88 22.8566 0 -0.225204 0.994434 0 0.105358 0 1 0 -0.105358 0 0.994434  -0.0153446 0 0.0249981 0 0.00794075 0
5.89 22.8564 0 -0.224959 0.994426 0 0.105434 0 1 0 -0.105434 0 0.994426  -0.0154157 0 0.0242673 0 0.00752751 0
5.9 22.8562 0 -0.224732 0.994419 0 0.105507 0 1 0 -0.105507 0 0.994419  -0.0154702 0 0.0221464 0 0.00707585 0
5.91 22.8561 0 -0.224495 0.994412 0 0.105572 0 1 0 -0.105572 0 0.994412  -0.0148009 0 0.0233156 0 0.00630413 0
5.92 22.8559 0 -0.224284 0.994405 0 0.105636 0 1 0 -0.105636 0 0.994405  -0.0155931 0 0.0207762 0 0.00619655 0
5.93 22.8558 0 -0.22407 0.994399 0 0.105693 0 1 0 -0.105693 0 0.994399  -0.0151977 0 0.0209476 0 0.00550184 0
5.94 22.8556 0 -0.223866 0.994393 0 0.105745 0 1 0 -0.105745 0 0.994393  -0.0149908 0 0.0200292 0 0.0049516 0
5.95 22.8555 0 -0.223673 0.994388 0 0.105794 0 1 0 -0.105794 0 0.994388  -0.0153988 0 0.0188202 0 0.00467036 0
5.96 22.8553 0 -0.223482 0.994384 0 0.105836 0 1 0 -0.105836 0 0.994384  -0.014994 0 0.0188118 0 0.00401188 0
5.97 22.8552 0 -0.223305 0.994379 0 0.105875 0 1 0 -0.105875 0 0.994379  -0.0153058 0 0.0173769 0 0.00368021 0
5.98 22.855 0 -0.22313 0.994376 0 0.105909 0 1 0 -0.105909 0 0.994376  -0.0152087 0 0.0171106 0 0.00317986 0
5.99 22.8549 0 -0.222964 0.994373 0 0.105939 0 1 0 -0.105939 0 0.994373  -0.0155077 0 0.0162256 0 0.00285925 0
6 22.8547 0 -0.222808 0.99437 0 0.105963 0 1 0 -0.105963 0 0.99437  -0.0152441 0 0.0152919 0 0.00226637 0
6.01 22.8546 0 -0.222656 0.994368 0 0.105984 0 1 0 -0.105984 0 0.994368  -0.0152069 0 0.0148253 0 0.00178405 0
6.02 22.8544 0 -0.222516 0.994366 0 0.105999 0 1 0 -0.105999 0 0.994366  -0.0151988 0 0.0135805 0 0.00131083 0
6.03 22.8543 0 -0.222379 0.994365 0 0.10601 0 1 0 -0.10601 0 0.994365  -0.0152305 0 0.0132777 0 0.000875812 0
6.04 22.8541 0 -0.222254 0.994364 0 0.106016 0 1 0 -0.106016 0 0.994364  -0.01524 0 0.0121884 0 0.000420364 0
6.05 22.854 0 -0.222137 0.994364 0 0.106017 0 1 0 -0.106017 0 0.994364  -0.0149218 0 0.0112175 0 -0.000191804 0
6.06 22.8538 0 -0.222025 0.994365 0 0.106014 0 1 0 -0.106014 0 0.994365  -0.0152111 0 0.0108181 0 -0.000503634 0
6.07 22.8537 0 -0.221924 0.994365 0 0.106007 0 1 0 -0.106007 0 0.994365  -0.0151975 0 0.00971298 0 -0.00095913 0
6.08 22.8535 0 -0.221829 0.994367 0 0.105994 0 1 0 -0.105994 0 0.994367  -0.0149991 0 0.00910296 0 -0.00154257 0
6.09 22.8534 0 -0.221742 0.994368 0 0.105978 0 1 0 -0.105978 0 0.994368  -0.0153094 0 0.00833244 0 -0.00179785 0
6.1 22.8532 0 -0.221665 0.994371 0 0.105957 0 1 0 -0.105957 0 0.994371  -0.0151034 0 0.00723468 0 -0.0023388 0
6.11 22.8531 0 -0.221593 0.994373 0 0.105932 0 1 0 -0.105932 0 0.994373  -0.0148882 0 0.00680292 0 -0.00287281 0
6.12 22.8529 0 -0.221532 0.994377 0 0.105902 0 1 0 -0.105902 0 0.994377  -0.0151765 0 0.00570463 0 -0.00315203 0
6.13 22.8528 0 -0.221476 0.99438 0 0.105868 0 1 0 -0.105868 0 0.99438  -0.0151466 0 0.00525404 0 -0.0035676 0
6.14 22.8526 0 -0.221429 0.994384 0 0.105831 0 1 0 -0.105831 0 0.994384  -0.0151311 0 0.00434544 0 -0.00397479 0
6.15 22.8525 0 -0.221391 0.994389 0 0.105788 0 1 0 -0.105788 0 0.994389  -0.014922 0 0.00343091 0 -0.00448202 0
6.16 22.8523 0 -0.221358 0.994394 0 0.105742 0 1 0 -0.105742 0 0.994394  -0.014861 0 0.00282921 0 -0.00489242 0
6.17 22.8522 0 -0.221337 0.994399 0 0.105691 0 1 0 -0.105691 0 0.994399  -0.0147577 0 0.00179593 0 -0.00533037 0
6.18 22.852 0 -0.221322 0.994405 0 0.105638 0 1 0 -0.105638 0 0.994405  -0.0147291 0 0.00106545 0 -0.00548499 0
6.19 22.8519 0 -0.221313 0.994411 0 0.105579 0 1 0 -0.105579 0 0.994411  -0.0146248 0 0.000522108 0 -0.00606364 0
6.2 22.8517 0 -0.221315 0.994418 0 0.105517 0 1 0 -0.105517 0 0.994418  -0.0145909 0 -0.000585261 0 -0.00645697 0
6.21 22.8516 0 -0.22132 0.994424 0 0.105452 0 1 0 -0.105452 0 0.994424  -0.0148011 0 -0.000846838 0 -0.00664237 0
6.22 22.8514 0 -0.221335 0.994432 0 0.105384 0 1 0 -0.105384 0 0.994432  -0.0147865 0 -0.0017704 0 -0.00699728 0
6.23 22.8513 0 -0.221357 0.994439 0 0.105311 0 1 0 -0.105311 0 0.994439  -0.0143994 0 -0.00259363 0 -0.00751943 0
6.24 22.8511 0 -0.221386 0.994447 0 0.105235 0 1 0 -0.105235 0 0.994447  -0.0144058 0 -0.00321363 0 -0.00781865 0
6.25 22.851 0 -0.221423 0.994456 0 0.105156 0 1 0 -0.105156 0 0.994456  -0.0143806 0 -0.00403702 0 -0.00814634 0
6.26 22.8508 0 -0.221465 0.994465 0 0.105073 0 1 0 -0.105073 0 0.994465  -0.014212 0 -0.00460384 0 -0.008527 0
6.27 22.8507 0 -0.221515 0.994474 0 0.104987 0 1 0 -0.104987 0 0.994474  -0.0143318 0 -0.0053044 0 -0.00882714 0
6.28 22.8506 0 -0.221571 0.994483 0 0.104898 0 1 0 -0.104898 0 0.994483  -0.0143123 0 -0.00598366 0 -0.00903782 0
6.29 22.8504 0 -0.221634 0.994493 0 0.104807 0 1 0 -0.104807 0 0.994493  -0.0141398 0 -0.00656775 0 -0.0093584 0
6.3 22.8503 0 -0.221704 0.994503 0 0.104712 0 1 0 -0.104712 0 0.994503  -0.0141032 0 -0.00738936 0 -0.00963952 0
6.31 22.8501 0 -0.221779 0.994513 0 0.104616 0 1 0 -0.104616 0 0.994513  -0.0142263 0 -0.00779887 0 -0.00979222 0
6.32 22.85 0 -0.221861 0.994523 0 0.104516 0 1 0 -0.104516 0 0.994523  -0.013887 0 -0.00848246 0 -0.0101599 0
6.33 22.8499 0 -0.221951 0.994534 0 0.104415 0 1 0 -0.104415 0 0.994534  -0.014057 0 -0.00926806 0 -0.0102784 0
6.34 22.8497 0 -0.222044 0.994545 0 0.104311 0 1 0 -0.104311 0 0.994545  -0.0137634 0 -0.00965332 0 -0.010601 0
6.35 22.8496 0 -0.222146 0.994556 0 0.104205 0 1 0 -0.104205 0 0.994556  -0.0137519 0 -0.0104945 0 -0.0107836 0
6.36 22.8494 0 -0.222253 0.994567 0 0.104096 0 1 0 -0.104096 0 0.994567  -0.0135476 0 -0.0109842 0 -0.0110391 0
6.37 22.8493 0 -0.222367 0.994579 0 0.103984 0 1 0 -0.103984 0 0.994579  -0.0133362 0 -0.0116257 0 -0.0112926 0
6.38 22.8492 0 -0.222486 0.994591 0 0.103872 0 1 0 -0.103872 0 0.994591  -0.0134863 0 -0.0121951 0 -0.011345 0
6.39 22.849 0 -0.22261 0.994603 0 0.103758 0 1 0 -0.103758 0 0.994603  -0.0132738 0 -0.0126342 0 -0.0115603 0
6.4 22.8489 0 -0.222741 0.994615 0 0.103641 0 1 0 -0.103641 0 0.994615  -0.012991 0 -0.0134053 0 -0.011814 0
6.41 22.8488 0 -0.222875 0.994627 0 0.103525 0 1 0 -0.103525 0 0.994627  -0.0132889 0 -0.0136523 0 -0.01175 0
6.42 22.8486 0 -0.223016 0.994639 0 0.103407 0 1 0 -0.103407 0 0.994639  -0.0131506 0 -0.0143273 0 -0.0118886 0
6.43 22.8485 0 -0.223161 0.994652 0 0.103287 0 1 0 -0.103287 0 0.994652  -0.0129586 0 -0.014764 0 -0.012052 0
6.44 22.8484 0 -0.223311 0.994664 0 0.103169 0 1 0 -0.103169 0 0.994664  -0.0132357 0 -0.0151061 0 -0.0119495 0
6.45 22.8483 0 -0.223465 0.994676 0 0.103049 0 1 0 -0.103049 0 0.994676  -0.0131453 0 -0.015688 0 -0.0120306 0
6.46 22.8481 0 -0.223621 0.994689 0 0.102929 0 1 0 -0.102929 0 0.994689  -0.0127673 0 -0.0158278 0 -0.0121291 0
6.47 22.848 0 -0.223787 0.994701 0 0.102808 0 1 0 -0.102808 0 0.994701  -0.0128602 0 -0.0168309 0 -0.0121865 0
6.48 22.8479 0 -0.223952 0.994714 0 0.102686 0 1 0 -0.102686 0 0.994714  -0.0126413 0 -0.0167033 0 -0.0122899 0
6.49 22.8477 0 -0.224125 0.994726 0 0.102565 0 1 0 -0.102565 0 0.994726  -0.0126977 0 -0.0174617 0 -0.012223 0
6.5 22.8476 0 -0.2243 0.994739 0 0.102443 0 1 0 -0.102443 0 0.994739  -0.0126177 0 -0.0177057 0 -0.0122424 0
6.51 22.8475 0 -0.224477 0.994751 0 0.102322 0 1 0 -0.102322 0 0.994751  -0.0125885 0 -0.0178029 0 -0.0121157 0
6.52 22.8474 0 -0.224662 0.994764 0 0.1022 0 1 0 -0.1022 0 0.994764  -0.0123183 0 -0.0187823 0 -0.0122726 0
6.53 22.8472 0 -0.224848 0.994777 0 0.102077 0 1 0 -0.102077 0 0.994777  -0.0118792 0 -0.0188184 0 -0.0124436 0
6.54 22.8471 0 -0.225041 0.994789 0 0.101955 0 1 0 -0.101955 0 0.994789  -0.0122863 0 -0.0193403 0 -0.012155 0
6.55 22.847 0 -0.225231 0.994801 0 0.101836 0 1 0 -0.101836 0 0.994801  -0.0119663 0 -0.0191234 -0 -0.0119244 0
6.56 22.8469 0 -0.225433 0.994814 0 0.101716 0 1 0 -0.101716 0 0.994814  -0.0118904 0 -0.020296 -0 -0.0120604 0
6.57 22.8468 0 -0.225631 0.994826 0 0.101595 0 1 0 -0.101595 0 0.994826  -0.0114581 0 -0.0200453 -0 -0.0121972 0
6.58 22.8466 0 -0.225835 0.994838 0 0.101478 0 1 0 -0.101478 0 0.994838  -0.0117866 0 -0.0206067 -0 -0.0118482 0
6.59 22.8465 0 -0.226041 0.99485 0 0.10136 0 1 0 -0.10136 0 0.99485  -0.0117193 0 -0.0207365 -0 -0.0117425 0
6.6 22.8464 0 -0.22625 0.994862 0 0.101243 0 1 0 -0.101243 0 0.994862  -0.0115807 0 -0.0209265 0 -0.0116918 0
6.61 22.8463 0 -0.226463 0.994874 0 0.101127 0 1 0 -0.101127 0 0.994874  -0.0115157 0 -0.0213949 0 -0.0115714 0
6.62 22.8462 0 -0.226678 0.994885 0 0.101013 0 1 0 -0.101013 0 0.994885  -0.0114671 0 -0.0215292 0 -0.01145 0
6.63 22.8461 0 -0.226896 0.994897 0 0.100899 0 1 0 -0.100899 0 0.994897  -0.0112442 0 -0.0218103 0 -0.0113756 0
6.64 22.846 0 -0.227118 0.994908 0 0.100788 0 1 0 -0.100788 0 0.994908  -0.0114312 0 -0.0223749 0 -0.011066 0
6.65 22.8458 0 -0.22734 0.994919 0 0.100679 0 1 0 -0.100679 0 0.994919  -0.0111795 0 -0.0222871 0 -0.0107614 0
6.66 22.8457 0 -0.227564 0.99493 0 0.100571 0 1 0 -0.100571 0 0.99493  -0.0111336 0 -0.0224905 0 -0.0107664 0
6.67 22.8456 0 -0.227791 0.994941 0 0.100465 0 1 0 -0.100465 0 0.994941  -0.0110252 0 -0.0228631 0 -0.0106275 0
6.68 22.8455 0 -0.228018 0.994951 0 0.10036 0 1 0 -0.10036 0 0.994951  -0.0108353 0 -0.0227833 0 -0.0104276 0
6.69 22.8454 0 -0.228249 0.994961 0 0.100258 0 1 0 -0.100258 0 0.994961  -0.0108999 0 -0.0231071 0 -0.0101359 0
6.7 22.8453 0 -0.228479 0.994972 0 0.100158 0 1 0 -0.100158 0 0.994972  -0.0108723 0 -0.0230189 0 -0.00992578 0
6.71 22.8452 0 -0.22871 0.994981 0 0.100061 0 1 0 -0.100061 0 0.994981  -0.0108697 0 -0.0232052 0 -0.00965911 0
6.72 22.8451 0 -0.228943 0.994991 0 0.0999654 0 1 0 -0.0999654 0 0.994991  -0.0105453 0 -0.0233452 0 -0.00953353 0
6.73 22.845 0 -0.229177 0.995 0 0.0998724 0 1 0 -0.0998724 0 0.995  -0.0106015 0 -0.0233698 0 -0.00922635 0
6.74 22.8449 0 -0.229412 0.995009 0 0.099782 0 1 0 -0.099782 0 0.995009  -0.0104995 0 -0.0235707 0 -0.0089506 0
6.75 22.8448 0 -0.229647 0.995018 0 0.0996938 0 1 0 -0.0996938 0 0.995018  -0.0103697 0 -0.0235545 0 -0.00873544 0
6.76 22.8447 0 -0.229884 0.995027 0 0.0996082 0 1 0 -0.0996082 0 0.995027  -0.010341 0 -0.023673 0 -0.00845139 0
6.77 22.8446 0 -0.23012 0.995035 0 0.0995261 0 1 0 -0.0995261 0 0.995035  -0.0103755 0 -0.0236372 0 -0.00808887 0
6.78 22.8445 0 -0.230357 0.995043 0 0.0994467 0 1 0 -0.0994467 0 0.995043  -0.0102104 0 -0.0236343 0 -0.00782784 0
6.79 22.8444 0 -0.230594 0.995051 0 0.0993703 0 1 0 -0.0993703 0 0.995051  -0.0101292 0 -0.0237771 0 -0.00753539 0
6.8 22.8443 0 -0.230831 0.995058 0 0.099297 0 1 0 -0.099297 0 0.995058  -0.0100712 0 -0.023652 0 -0.00721585 0
6.81 22.8442 0 -0.231068 0.995065 0 0.099227 0 1 0 -0.099227 0 0.995065  -0.0100305 0 -0.0236909 0 -0.00687376 0
6.82 22.8441 0 -0.231305 0.995071 0 0.0991601 0 1 0 -0.0991601 0 0.995071  -0.00990575 0 -0.0237344 0 -0.0065721 0
6.83 22.844 0 -0.231542 0.995078 0 0.0990966 0 1 0 -0.0990966 0 0.995078  -0.00988595 0 -0.0236165 0 -0.00621884 0
6.84 22.8439 0 -0.231779 0.995084 0 0.0990361 0 1 0 -0.0990361 0 0.995084  -0.00972596 0 -0.0237412 0 -0.00592078 0
6.85 22.8438 0 -0.232014 0.995089 0 0.0989796 0 1 0 -0.0989796 0 0.995089  -0.00974025 0 -0.0234992 0 -0.0055204 0
6.86 22.8437 0 -0.23225 0.995095 0 0.0989267 0 1 0 -0.0989267 0 0.995095  -0.00972086 0 -0.0235213 0 -0.00514128 0
6.87 22.8436 0 -0.232484 0.9951 0 0.0988773 0 1 0 -0.0988773 0 0.9951  -0.00963981 0 -0.0233845 0 -0.00479198 0
6.88 22.8435 0 -0.232717 0.995104 0 0.0988312 0 1 0 -0.0988312 0 0.995104  -0.00951879 0 -0.023284 0 -0.00445713 0
6.89 22.8434 0 -0.23295 0.995108 0 0.098789 0 1 0 -0.098789 0 0.995108  -0.00947649 0 -0.0232548 0 -0.00405597 0
6.9 22.8433 0 -0.233181 0.995112 0 0.0987507 0 1 0 -0.0987507 0 0.995112  -0.0094476 0 -0.023013 0 -0.00364915 0
6.91 22.8432 0 -0.233411 0.995116 0 0.0987164 0 1 0 -0.0987164 0 0.995116  -0.00941789 0 -0.0229247 0 -0.00324132 0
6.92 22.8431 0 -0.233639 0.995119 0 0.0986861 0 1 0 -0.0986861 0 0.995119  -0.0093702 0 -0.0227224 0 -0.00283595 0
6.93 22.843 0 -0.233865 0.995121 0 0.0986603 0 1 0 -0.0986603 0 0.995121  -0.00942014 0 -0.0225331 0 -0.00238065 0
6.94 22.8429 0 -0.23409 0.995123 0 0.0986379 0 1 0 -0.0986379 0 0.995123  -0.00917758 0 -0.0224736 0 -0.00206909 0
6.95 22.8428 0 -0.234313 0.995125 0 0.0986201 0 1 0 -0.0986201 0 0.995125  -0.00927885 0 -0.0222299 0 -0.00159146 0
6.96 22.8427 0 -0.234533 0.995127 0 0.0986045 0 1 0 -0.0986045 0 0.995127  -0.00916169 0 -0.021834 0 -0.00139167 0
6.97 22.8426 0 -0.234755 0.995128 0 0.0985944 0 1 0 -0.0985944 0 0.995128  -0.00916231 0 -0.0221192 0 -0.00083253 0
6.98 22.8425 0 -0.234971 0.995128 0 0.0985875 0 1 0 -0.0985875 0 0.995128  -0.00893822 0 -0.0214936 0 -0.000473896 0
6.99 22.8424 0 -0.235187 0.995129 0 0.0985853 0 1 0 -0.0985853 0 0.995129  -0.00902907 0 -0.0215634 0 -2.75983e-05 0
7 22.8424 0 -0.2354 0.995128 0 0.0985876 0 1 0 -0.0985876 0 0.995128  -0.00903724 0 -0.0211953 0 0.000435568 0
7.01 22.8423 0 -0.235611 0.995128 0 0.0985943 0 1 0 -0.0985943 0 0.995128  -0.00904832 0 -0.0209294 0 0.000903305 0
7.02 22.8422 0 -0.235821 0.995127 0 0.0986056 0 1 0 -0.0986056 0 0.995127  -0.00906541 0 -0.0209158 0 0.00136215 0
7.03 22.8421 0 -0.236027 0.995125 0 0.0986205 0 1 0 -0.0986205 0 0.995125  -0.00884338 0 -0.0204988 0 0.00170576 0
7.04 22.842 0 -0.236231 0.995123 0 0.0986412 0 1 0 -0.0986412 0 0.995123  -0.00913694 0 -0.0203238 0 0.00230336 0
7.05 22.8419 0 -0.23643 0.99512 0 0.0986674 0 1 0 -0.0986674 0 0.99512  -0.00876392 0 -0.0196656 0 0.0029068 0
7.06 22.8418 0 -0.236631 0.995118 0 0.0986973 0 1 0 -0.0986973 0 0.995118  -0.00893236 0 -0.0199904 0 0.00324997 0
7.07 22.8417 0 -0.236825 0.995114 0 0.0987306 0 1 0 -0.0987306 0 0.995114  -0.00861657 0 -0.0193033 0 0.00351337 0
7.08 22.8416 0 -0.237019 0.99511 0 0.0987695 0 1 0 -0.0987695 0 0.99511  -0.00876892 0 -0.0192639 0 0.00410421 0
7.09 22.8416 0 -0.237206 0.995106 0 0.0988135 0 1 0 -0.0988135 0 0.995106  -0.00874562 0 -0.0185776 0 0.00467869 0
7.1 22.8415 0 -0.237394 0.995101 0 0.0988617 0 1 0 -0.0988617 0 0.995101  -0.00888167 0 -0.0186275 0 0.00509407 0
7.11 22.8414 0 -0.237577 0.995096 0 0.0989136 0 1 0 -0.0989136 0 0.995096  -0.00864763 0 -0.018112 0 0.00542369 0
7.12 22.8413 0 -0.237755 0.99509 0 0.0989714 0 1 0 -0.0989714 0 0.99509  -0.00878966 0 -0.0175808 0 0.00600779 0
7.13 22.8412 0 -0.237933 0.995084 0 0.0990336 0 1 0 -0.0990336 0 0.995084  -0.0089532 0 -0.0177557 0 0.00650638 0
7.14 22.8411 0 -0.238101 0.995078 0 0.099098 0 1 0 -0.099098 0 0.995078  -0.00862413 0 -0.0165345 0 0.00665771 0
7.15 22.841 0 -0.238277 0.995071 0 0.0991686 0 1 0 -0.0991686 0 0.995071  -0.00894814 0 -0.0174646 0 0.00729123 0
7.16 22.8409 0 -0.238439 0.995063 0 0.0992419 0 1 0 -0.0992419 0 0.995063  -0.00860426 0 -0.0161374 0 0.00758527 0
7.17 22.8408 0 -0.238605 0.995055 0 0.0993206 0 1 0 -0.0993206 0 0.995055  -0.00891478 0 -0.0163829 0 0.00811687 0
7.18 22.8408 0 -0.238766 0.995047 0 0.0994027 0 1 0 -0.0994027 0 0.995047  -0.00879521 0 -0.0160039 0 0.00846467 0
7.19 22.8407 0 -0.238922 0.995039 0 0.0994884 0 1 0 -0.0994884 0 0.995039  -0.00867793 0 -0.015392 0 0.00880076 0
7.2 22.8406 0 -0.239079 0.99503 0 0.0995792 0 1 0 -0.0995792 0 0.99503  -0.00892718 0 -0.0155728 0 0.00932098 0
7.21 22.8405 0 -0.239229 0.99502 0 0.0996738 0 1 0 -0.0996738 0 0.99502  -0.0089158 0 -0.0148176 0 0.00970958 0
7.22 22.8404 0 -0.239377 0.99501 0 0.0997722 0 1 0 -0.0997722 0 0.99501  -0.00895687 0 -0.0146875 0 0.0101021 0
7.23 22.8403 0 -0.239522 0.995 0 0.0998753 0 1 0 -0.0998753 0 0.995  -0.00918249 0 -0.0143336 0 0.0105895 0
7.24 22.8402 0 -0.239663 0.994989 0 0.0999817 0 1 0 -0.0999817 0 0.994989  -0.00906288 0 -0.0138702 0 0.0108984 0
7.25 22.8401 0 -0.239802 0.994978 0 0.100092 0 1 0 -0.100092 0 0.994978  -0.00916474 0 -0.013773 0 0.0112984 0
7.26 22.84 0 -0.239936 0.994967 0 0.100206 0 1 0 -0.100206 0 0.994967  -0.00911061 0 -0.0132635 0 0.0116288 0
7.27 22.8399 0 -0.240068 0.994955 0 0.100325 0 1 0 -0.100325 0 0.994955  -0.00937167 0 -0.0129734 0 0.0120927 0
7.28 22.8399 0 -0.240196 0.994942 0 0.100446 0 1 0 -0.100446 0 0.994942  -0.00933885 0 -0.0126681 0 0.0123756 0
7.29 22.8398 0 -0.24032 0.99493 0 0.100571 0 1 0 -0.100571 0 0.99493  -0.00937652 0 -0.0122704 0 0.0127287 0
7.3 22.8397 0 -0.240442 0.994917 0 0.1007 0 1 0 -0.1007 0 0.994917  -0.00951108 0 -0.0120115 0 0.0131233 0
7.31 22.8396 0 -0.24056 0.994904 0 0.100832 0 1 0 -0.100832 0 0.994904  -0.00957057 0 -0.0115757 0 0.0134447 0
7.32 22.8395 0 -0.240675 0.99489 0 0.100967 0 1 0 -0.100967 0 0.99489  -0.0097259 0 -0.0112725 0 0.0138101 0
7.33 22.8394 0 -0.240786 0.994876 0 0.101105 0 1 0 -0.101105 0 0.994876  -0.00970813 0 -0.0109549 0 0.0140855 0
7.34 22.8393 0 -0.240893 0.994861 0 0.101247 0 1 0 -0.101247 0 0.994861  -0.00992284 0 -0.0105312 0 0.0144614 0
7.35 22.8392 0 -0.240998 0.994847 0 0.101392 0 1 0 -0.101392 0 0.994847  -0.00986437 0 -0.010333 0 0.0146889 0
7.36 22.8391 0 -0.241098 0.994831 0 0.10154 0 1 0 -0.10154 0 0.994831  -0.0100457 0 -0.00985178 0 0.0150211 0
7.37 22.839 0 -0.241196 0.994816 0 0.101691 0 1 0 -0.101691 0 0.994816  -0.0102 0 -0.00955577 0 0.0153349 0
7.38 22.8389 0 -0.24129 0.9948 0 0.101844 0 1 0 -0.101844 0 0.9948  -0.0101237 0 -0.0092759 0 0.0155191 0
7.39 22.8388 0 -0.24138 0.994784 0 0.102001 0 1 0 -0.102001 0 0.994784  -0.010365 0 -0.00882743 0 0.0158464 0
7.4 22.8387 0 -0.241467 0.994768 0 0.10216 0 1 0 -0.10216 0 0.994768  -0.010568 0 -0.00856442 0 0.0161532 0
7.41 22.8386 0 -0.24155 0.994751 0 0.102322 0 1 0 -0.102322 0 0.994751  -0.010677 0 -0.0080851 0 0.0164067 0
7.42 22.8385 0 -0.24163 0.994734 0 0.102486 0 1 0 -0.102486 0 0.994734  -0.0108785 0 -0.00780957 0 0.0166869 0
7.43 22.8384 0 -0.241706 0.994717 0 0.102653 0 1 0 -0.102653 0 0.994717  -0.01109 0 -0.00741008 0 0.0169505 0
7.44 22.8382 0 -0.241778 0.9947 0 0.102823 0 1 0 -0.102823 0 0.9947  -0.0111643 0 -0.00699687 0 0.0171495 0
7.45 22.8381 0 -0.241848 0.994682 0 0.102994 0 1 0 -0.102994 0 0.994682  -0.0113967 0 -0.00679204 0 0.017387 0
7.46 22.838 0 -0.241912 0.994664 0 0.103168 0 1 0 -0.103168 0 0.994664  -0.011602 0 -0.0062461 0 0.0176148 0
7.47 22.8379 0 -0.241974 0.994646 0 0.103344 0 1 0 -0.103344 0 0.994646  -0.0117693 0 -0.00604008 0 0.0178048 0
7.48 22.8378 0 -0.242032 0.994627 0 0.103523 0 1 0 -0.103523 0 0.994627  -0.012119 0 -0.00556434 0 0.0180832 0
7.49 22.8377 0 -0.242086 0.994608 0 0.103703 0 1 0 -0.103703 0 0.994608  -0.0122462 0 -0.00523647 0 0.0182333 0
7.5 22.8375 0 -0.242138 0.994589 0 0.103885 0 1 0 -0.103885 0 0.994589  -0.0122406 0 -0.0050454 0 0.0182965 0
7.51 22.8374 0 -0.242185 0.99457 0 0.104068 0 1 0 -0.104068 0 0.99457  -0.0125305 0 -0.00458083 0 0.0184895 0
7.52 22.8373 0 -0.24223 0.994551 0 0.104253 0 1 0 -0.104253 0 0.994551  -0.012865 0 -0.00425701 0 0.0187006 0
7.53 22.8372 0 -0.24227 0.994531 0 0.104439 0 1 0 -0.104439 0 0.994531  -0.0129844 0 -0.00392125 0 0.0187928 0
7.54 22.837 0 -0.242312 0.994512 0 0.104625 0 1 0 -0.104625 0 0.994512  -0.0134074 0 -0.00404518 0 0.0186927 0
7.55 22.8369 0 -0.242343 0.994492 0 0.104813 0 1 0 -0.104813 0 0.994492  -0.0132986 0 -0.0029877 0 0.0188622 0
7.56 22.8367 0 -0.242378 0.994472 0 0.105003 0 1 0 -0.105003 0 0.994472  -0.0139864 0 -0.00325882 0 0.0192364 0
7.57 22.8366 0 -0.242404 0.994452 0 0.105193 0 1 0 -0.105193 0 0.994452  -0.0139385 0 -0.00249789 0 0.0191192 0
7.58 22.8365 0 -0.242429 0.994432 0 0.105384 0 1 0 -0.105384 0 0.994432  -0.0142924 0 -0.00231845 0 0.019258 0
7.59 22.8363 0 -0.242451 0.994411 0 0.105577 0 1 0 -0.105577 0 0.994411  -0.0146519 0 -0.00205779 0 0.0194214 0
7.6 22.8362 0 -0.242466 0.994391 0 0.105769 0 1 0 -0.105769 0 0.994391  -0.0147559 0 -0.0013103 0 0.0192741 0
7.61 22.836 0 -0.242483 0.99437 0 0.105962 0 1 0 -0.105962 0 0.99437  -0.0151996 0 -0.00156171 0 0.0194681 0
7.62 22.8359 0 -0.242492 0.99435 0 0.106155 0 1 0 -0.106155 0 0.99435  -0.0152982 0 -0.000718053 0 0.0194793 0
7.63 22.8357 0 -0.242501 0.994329 0 0.106349 0 1 0 -0.106349 0 0.994329  -0.0156547 0 -0.000760462 0 0.0195171 0
7.64 22.8356 0 -0.242506 0.994308 0 0.106542 0 1 0 -0.106542 0 0.994308  -0.0156964 0 -0.000408363 0 0.019414 0
7.65 22.8354 0 -0.242507 0.994287 0 0.106737 0 1 0 -0.106737 0 0.994287  -0.0161786 0 7.87434e-05 0 0.0195398 0
7.66 22.8352 0 -0.242508 0.994267 0 0.10693 0 1 0 -0.10693 0 0.994267  -0.0163241 0 0.000103123 0 0.019468 0
7.67 22.8351 0 -0.242503 0.994246 0 0.107123 0 1 0 -0.107123 0 0.994246  -0.0164477 0 0.000592205 0 0.0193707 0
7.68 22.8349 0 -0.242497 0.994225 0 0.107315 0 1 0 -0.107315 0 0.994225  -0.0167192 0 0.000739732 0 0.0193227 0
7.69 22.8347 0 -0.242487 0.994204 0 0.107508 0 1 0 -0.107508 0 0.994204  -0.0170952 0 0.00120406 0 0.0193424 0
7.7 22.8346 0 -0.242473 0.994183 0 0.107701 0 1 0 -0.107701 0 0.994183  -0.0175796 0 0.00151868 0 0.019398 0
7.71 22.8344 0 -0.242457 0.994163 0 0.107893 0 1 0 -0.107893 0 0.994163  -0.0176775 0 0.00174348 0 0.0192471 0
7.72 22.8342 0 -0.242439 0.994142 0 0.108083 0 1 0 -0.108083 0 0.994142  -0.0180041 0 0.00192889 0 0.0191072 0
7.73 22.834 0 -0.242416 0.994121 0 0.108273 0 1 0 -0.108273 0 0.994121  -0.0183379 0 0.00240686 0 0.0190966 0
7.74 22.8338 0 -0.242393 0.994101 0 0.108462 0 1 0 -0.108462 0 0.994101  -0.0184932 0 0.00249294 0 0.0189466 0
7.75 22.8337 0 -0.242365 0.99408 0 0.10865 0 1 0 -0.10865 0 0.99408  -0.0188015 0 0.002874 0 0.0188318 0
7.76 22.8335 0 -0.242336 0.99406 0 0.108836 0 1 0 -0.108836 0 0.99406  -0.0189905 0 0.00300936 0 0.0186632 0
7.77 22.8333 0 -0.242304 0.994039 0 0.109022 0 1 0 -0.109022 0 0.994039  -0.0193368 0 0.00335724 0 0.0185691 0
7.78 22.8331 0 -0.242266 0.994019 0 0.109205 0 1 0 -0.109205 0 0.994019  -0.0193558 0 0.00394996 0 0.0183251 0
7.79 22.8329 0 -0.242228 0.993999 0 0.109388 0 1 0 -0.109388 0 0.993999  -0.0199701 0 0.00407574 0 0.0183569 0
7.8 22.8327 0 -0.242185 0.993979 0 0.109569 0 1 0 -0.109569 0 0.993979  -0.0199757 0 0.00441709 0 0.0181521 0
7.81 22.8325 0 -0.24214 0.993959 0 0.109748 0 1 0 -0.109748 0 0.993959  -0.0203 0 0.00461195 0 0.0179528 0
7.82 22.8323 0 -0.242092 0.99394 0 0.109924 0 1 0 -0.109924 0 0.99394  -0.0204259 0 0.00502009 0 0.0175891 0
7.83 22.8321 0 -0.242043 0.993921 0 0.1101 0 1 0 -0.1101 0 0.993921  -0.0208463 0 0.00499027 0 0.0175517 0
7.84 22.8319 0 -0.24199 0.993901 0 0.110272 0 1 0 -0.110272 0 0.993901  -0.0208797 0 0.00545008 0 0.0172451 0
7.85 22.8317 0 -0.241935 0.993882 0 0.110443 0 1 0 -0.110443 0 0.993882  -0.0213173 0 0.00556644 0 0.0170838 0
7.86 22.8314 0 -0.241878 0.993864 0 0.110612 0 1 0 -0.110612 0 0.993864  -0.0217045 0 0.00587369 0 0.016929 0
7.87 22.8312 0 -0.241818 0.993845 0 0.110778 0 1 0 -0.110778 0 0.993845  -0.0217038 0 0.00603186 0 0.0165624 0
7.88 22.831 0 -0.241758 0.993827 0 0.110942 0 1 0 -0.110942 0 0.993827  -0.022022 0 0.0061542 0 0.0163349 0
7.89 22.8308 0 -0.241694 0.993809 0 0.111103 0 1 0 -0.111103 0 0.993809  -0.0223583 0 0.00647921 0 0.0161133 0
7.9 22.8306 0 -0.241629 0.993791 0 0.111262 0 1 0 -0.111262 0 0.993791  -0.0225867 0 0.00660076 0 0.0158388 0
7.91 22.8303 0 -0.241562 0.993774 0 0.111418 0 1 0 -0.111418 0 0.993774  -0.022896 0 0.00683368 0 0.0155972 0
7.92 22.8301 0 -0.241493 0.993756 0 0.111571 0 1 0 -0.111571 0 0.993756  -0.0230434 0 0.00697372 0 0.0152514 0
7.93 22.8299 0 -0.241423 0.99374 0 0.111721 0 1 0 -0.111721 0 0.99374  -0.0232543 0 0.00707834 0 0.0149343 0
7.94 22.8296 0 -0.24135 0.993723 0 0.111868 0 1 0 -0.111868 0 0.993723  -0.0234833 0 0.00731074 0 0.0146229 0
7.95 22.8294 0 -0.241278 0.993707 0 0.11201 0 1 0 -0.11201 0 0.993707  -0.0235023 0 0.00729197 0 0.0141894 0
7.96 22.8292 0 -0.241203 0.993691 0 0.11215 0 1 0 -0.11215 0 0.993691  -0.0237973 0 0.00753594 0 0.0138953 0
7.97 22.8289 0 -0.241127 0.993676 0 0.112287 0 1 0 -0.112287 0 0.993676  -0.0240315 0 0.00773436 0 0.0136369 0
7.98 22.8287 0 -0.241055 0.993661 0 0.112421 0 1 0 -0.112421 0 0.993661  -0.0244708 0 0.00713105 0 0.0132605 0
7.99 22.8284 0 -0.240974 0.993646 0 0.11255 0 1 0 -0.11255 0 0.993646  -0.0243551 0 0.00826378 0 0.0127764 0
8 22.8282 0 -0.2409 0.993632 0 0.112676 0 1 0 -0.112676 0 0.993632  -0.0248769 0 0.00741179 0 0.012568 0
8.01 22.8279 0 -0.240819 0.993618 0 0.112798 0 1 0 -0.112798 0 0.993618  -0.0248182 0 0.00811584 0 0.0120678 0
8.02 22.8277 0 -0.240739 0.993604 0 0.112917 0 1 0 -0.112917 0 0.993604  -0.0252051 0 0.00804446 0 0.0117573 0
8.03 22.8274 0 -0.240659 0.993591 0 0.113032 0 1 0 -0.113032 0 0.993591  -0.0255053 0 0.00803838 0 0.0114271 0
8.04 22.8272 0 -0.240575 0.993579 0 0.113143 0 1 0 -0.113143 0 0.993579  -0.0256136 0 0.00850852 0 0.0109977 0
8.05 22.8269 0 -0.240493 0.993566 0 0.113251 0 1 0 -0.113251 0 0.993566  -0.0259734 0 0.0082067 0 0.0106743 0
8.06 22.8267 0 -0.240407 0.993555 0 0.113355 0 1 0 -0.113355 0 0.993555  -0.0260041 0 0.00865265 0 0.0102004 0
8.07 22.8264 0 -0.240323 0.993543 0 0.113455 0 1 0 -0.113455 0 0.993543  -0.0264633 0 0.00847106 0 0.00990509 0
8.08 22.8261 0 -0.240236 0.993532 0 0.113551 0 1 0 -0.113551 0 0.993532  -0.0264594 0 0.00870739 0 0.00940731 0
8.09 22.8259 0 -0.24015 0.993522 0 0.113642 0 1 0 -0.113642 0 0.993522  -0.0266069 0 0.00869877 0 0.008964 0
8.1 22.8256 0 -0.240062 0.993512 0 0.11373 0 1 0 -0.11373 0 0.993512  -0.0269371 0 0.00878397 0 0.00862493 0
8.11 22.8253 0 -0.239973 0.993502 0 0.113813 0 1 0 -0.113813 0 0.993502  -0.0269074 0 0.00891381 0 0.00810312 0
8.12 22.8251 0 -0.239883 0.993493 0 0.113893 0 1 0 -0.113893 0 0.993493  -0.027485 0 0.00902989 0 0.00787735 0
8.13 22.8248 0 -0.239792 0.993484 0 0.113968 0 1 0 -0.113968 0 0.993484  -0.0273611 0 0.00911483 0 0.00734204 0
8.14 22.8245 0 -0.239702 0.993476 0 0.114038 0 1 0 -0.114038 0 0.993476  -0.0274639 0 0.00907287 0 0.00686476 0
8.15 22.8242 0 -0.239611 0.993469 0 0.114105 0 1 0 -0.114105 0 0.993469  -0.0276806 0 0.00903921 0 0.0064333 0
8.16 22.824 0 -0.23952 0.993462 0 0.114166 0 1 0 -0.114166 0 0.993462  -0.0277264 0 0.00913178 0 0.00593571 0
8.17 22.8237 0 -0.239428 0.993455 0 0.114224 0 1 0 -0.114224 0 0.993455  -0.0280149 0 0.00926608 0 0.00559293 0
8.18 22.8234 0 -0.239336 0.993449 0 0.114277 0 1 0 -0.114277 0 0.993449  -0.0281355 0 0.00922245 0 0.00513685 0
8.19 22.8231 0 -0.239243 0.993443 0 0.114325 0 1 0 -0.114325 0 0.993443  -0.028175 0 0.00932315 0 0.0046409 0
8.2 22.8228 0 -0.239149 0.993438 0 0.11437 0 1 0 -0.11437 0 0.993438  -0.0284817 0 0.00939436 0 0.00429397 0
8.21 22.8226 0 -0.239055 0.993434 0 0.114411 0 1 0 -0.114411 0 0.993434  -0.0286031 0 0.00946383 0 0.00385493 0
8.22 22.8223 0 -0.23896 0.993429 0 0.114446 0 1 0 -0.114446 0 0.993429  -0.0285959 0 0.00949733 0 0.00335605 0
8.23 22.822 0 -0.238865 0.993426 0 0.114478 0 1 0 -0.114478 0 0.993426  -0.0288101 0 0.00952549 0 0.00296498 0
8.24 22.8217 0 -0.23877 0.993423 0 0.114506 0 1 0 -0.114506 0 0.993423  -0.0289504 0 0.0095393 0 0.00259573 0
8.25 22.8214 0 -0.238673 0.99342 0 0.114529 0 1 0 -0.114529 0 0.99342  -0.0289118 0 0.00968682 0 0.00206882 0
8.26 22.8211 0 -0.238577 0.993418 0 0.114548 0 1 0 -0.114548 0 0.993418  -0.0291703 0 0.00959011 0 0.00170318 0
8.27 22.8208 0 -0.238479 0.993416 0 0.114563 0 1 0 -0.114563 0 0.993416  -0.0292402 0 0.00978989 0 0.00127109 0
8.28 22.8205 0 -0.238382 0.993415 0 0.114573 0 1 0 -0.114573 0 0.993415  -0.0292599 0 0.00971929 0 0.000808911 0
8.29 22.8202 0 -0.238285 0.993414 0 0.114579 0 1 0 -0.114579 0 0.993414  -0.0292903 0 0.00975918 0 0.000371526 0
8.3 22.8199 0 -0.238187 0.993414 0 0.114581 0 1 0 -0.114581 0 0.993414  -0.0296087 0 0.00986204 0 4.93321e-05 0
8.31 22.8196 0 -0.238089 0.993414 0 0.114578 0 1 0 -0.114578 0 0.993414  -0.0293064 0 0.00977436 -0 -0.000560761 0
8.32 22.8194 0 -0.237988 0.993415 0 0.114571 0 1 0 -0.114571 0 0.993415  -0.0292209 0 0.0101544 -0 -0.000995416 0
8.33 22.8191 0 -0.23789 0.993416 0 0.114559 0 1 0 -0.114559 0 0.993416  -0.0294645 0 0.00987903 -0 -0.00133073 0
8.34 22.8188 0 -0.237787 0.993418 0 0.114545 0 1 0 -0.114545 0 0.993418  -0.0297508 0 0.0103705 -0 -0.00161381 0
8.35 22.8185 0 -0.237688 0.99342 0 0.114525 0 1 0 -0.114525 0 0.99342  -0.0296514 0 0.00996452 -0 -0.00210295 0
8.36 22.8182 0 -0.237585 0.993423 0 0.114501 0 1 0 -0.114501 0 0.993423  -0.0294574 0 0.0103728 -0 -0.00259952 0
8.37 22.8179 0 -0.237483 0.993426 0 0.114474 0 1 0 -0.114474 0 0.993426  -0.0295439 0 0.0102037 -0 -0.00297132 0
8.38 22.8176 0 -0.23738 0.99343 0 0.114442 0 1 0 -0.114442 0 0.99343  -0.0295322 0 0.0103728 -0 -0.00337725 0
8.39 22.8173 0 -0.237275 0.993434 0 0.114407 0 1 0 -0.114407 0 0.993434  -0.0297164 0 0.0106064 -0 -0.00367733 0
8.4 22.817 0 -0.237172 0.993439 0 0.114367 0 1 0 -0.114367 0 0.993439  -0.0294064 0 0.0102974 -0 -0.00421413 0
8.41 22.8167 0 -0.237065 0.993444 0 0.114324 0 1 0 -0.114324 0 0.993444  -0.0294045 0 0.0106623 -0 -0.00459044 0
8.42 22.8164 0 -0.23696 0.993449 0 0.114277 0 1 0 -0.114277 0 0.993449  -0.0295095 0 0.0105379 -0 -0.00490898 0
8.43 22.8161 0 -0.236852 0.993455 0 0.114227 0 1 0 -0.114227 0 0.993455  -0.0295718 0 0.0107918 -0 -0.00523193 0
8.44 22.8158 0 -0.236744 0.993461 0 0.114173 0 1 0 -0.114173 0 0.993461  -0.0294666 0 0.01079 -0 -0.00563355 0
8.45 22.8155 0 -0.236636 0.993468 0 0.114115 0 1 0 -0.114115 0 0.993468  -0.0292985 0 0.0108556 -0 -0.00597818 0
8.46 22.8152 0 -0.236532 0.993475 0 0.114054 0 1 0 -0.114054 0 0.993475  -0.0293607 0 0.0103227 -0 -0.00636289 0
8.47 22.8149 0 -0.236427 0.993482 0 0.113989 0 1 0 -0.113989 0 0.993482  -0.0293557 0 0.0104658 -0 -0.00673496 0
8.48 22.8146 0 -0.236319 0.99349 0 0.11392 0 1 0 -0.11392 0 0.99349  -0.0292336 0 0.0108141 -0 -0.00704045 0
8.49 22.8143 0 -0.236216 0.993498 0 0.113849 0 1 0 -0.113849 0 0.993498  -0.0293821 0 0.0103175 -0 -0.00728351 0
8.5 22.8141 0 -0.236107 0.993507 0 0.113774 0 1 0 -0.113774 0 0.993507  -0.0289629 0 0.0108521 -0 -0.00778622 0
8.51 22.8138 0 -0.236003 0.993516 0 0.113696 0 1 0 -0.113696 0 0.993516  -0.029066 0 0.0104982 -0 -0.0080103 0
8.52 22.8135 0 -0.235895 0.993525 0 0.113615 0 1 0 -0.113615 0 0.993525  -0.0289618 0 0.0107846 -0 -0.00831383 0
8.53 22.8132 0 -0.235786 0.993534 0 0.113532 0 1 0 -0.113532 0 0.993534  -0.0289666 0 0.0109015 -0 -0.00856462 0
8.54 22.8129 0 -0.23568 0.993544 0 0.113446 0 1 0 -0.113446 0 0.993544  -0.0288085 0 0.0105771 -0 -0.00874359 0
8.55 22.8126 0 -0.235569 0.993554 0 0.113357 0 1 0 -0.113357 0 0.993554  -0.0287337 0 0.0112101 -0 -0.00908305 0
8.56 22.8123 0 -0.235462 0.993565 0 0.113266 0 1 0 -0.113266 0 0.993565  -0.0287926 0 0.0107702 -0 -0.00929969 0
8.57 22.812 0 -0.23535 0.993575 0 0.113171 0 1 0 -0.113171 0 0.993575  -0.028452 0 0.0111323 -0 -0.00963419 0
8.58 22.8117 0 -0.23524 0.993586 0 0.113075 0 1 0 -0.113075 0 0.993586  -0.0283426 0 0.0110367 -0 -0.00988897 0
8.59 22.8115 0 -0.23513 0.993598 0 0.112975 0 1 0 -0.112975 0 0.993598  -0.0281735 0 0.0110225 -0 -0.0101681 0
8.6 22.8112 0 -0.235018 0.993609 0 0.112874 0 1 0 -0.112874 0 0.993609  -0.0282297 0 0.0113095 -0 -0.0102938 0
8.61 22.8109 0 -0.234905 0.993621 0 0.112771 0 1 0 -0.112771 0 0.993621  -0.0281435 0 0.011284 -0 -0.0104855 0
8.62 22.8106 0 -0.234791 0.993633 0 0.112665 0 1 0 -0.112665 0 0.993633  -0.0279761 0 0.0115362 -0 -0.0106902 0
8.63 22.8103 0 -0.234676 0.993645 0 0.112558 0 1 0 -0.112558 0 0.993645  -0.0279487 0 0.0115102 -0 -0.0108399 0
8.64 22.8101 0 -0.23456 0.993657 0 0.112449 0 1 0 -0.112449 0 0.993657  -0.027712 0 0.0116331 0 -0.0110769 0
8.65 22.8098 0 -0.234443 0.99367 0 0.112338 0 1 0 -0.112338 0 0.99367  -0.0274983 0 0.0117194 -0 -0.0112706 0
8.66 22.8095 0 -0.234329 0.993683 0 0.112226 0 1 0 -0.112226 0 0.993683  -0.0271368 0 0.0114312 -0 -0.0113764 0
8.67 22.8092 0 -0.234209 0.993696 0 0.112112 0 1 0 -0.112112 0 0.993696  -0.0271369 0 0.0120473 -0 -0.0115349 0
8.68 22.809 0 -0.234092 0.993709 0 0.111997 0 1 0 -0.111997 0 0.993709  -0.0271455 0 0.0117561 -0 -0.0116379 0
8.69 22.8087 0 -0.233972 0.993722 0 0.11188 0 1 0 -0.11188 0 0.993722  -0.0266048 0 0.0120018 -0 -0.0118819 0
8.7 22.8084 0 -0.233851 0.993735 0 0.111763 0 1 0 -0.111763 0 0.993735  -0.0266243 0 0.0121088 -0 -0.0118972 0
8.71 22.8082 0 -0.23373 0.993748 0 0.111644 0 1 0 -0.111644 0 0.993748  -0.0264693 0 0.0121256 -0 -0.0120058 0
8.72 22.8079 0 -0.233606 0.993762 0 0.111525 0 1 0 -0.111525 0 0.993762  -0.0263265 0 0.0124467 -0 -0.0120575 0
8.73 22.8076 0 -0.233485 0.993775 0 0.111404 0 1 0 -0.111404 0 0.993775  -0.0259523 0 0.0121365 0 -0.0121982 0
8.74 22.8074 0 -0.23336 0.993789 0 0.111282 0 1 0 -0.111282 0 0.993789  -0.0256434 0 0.0125273 0 -0.012337 0
8.75 22.8071 0 -0.233237 0.993802 0 0.111161 0 1 0 -0.111161 0 0.993802  -0.0255597 0 0.0123627 -0 -0.0122426 0
8.76 22.8069 0 -0.233109 0.993816 0 0.111039 0 1 0 -0.111039 0 0.993816  -0.0254419 0 0.0127886 -0 -0.0122864 0
8.77 22.8066 0 -0.232983 0.99383 0 0.110916 0 1 0 -0.110916 0 0.99383  -0.025227 0 0.0127561 -0 -0.0123232 0
8.78 22.8064 0 -0.232855 0.993843 0 0.110794 0 1 0 -0.110794 0 0.993843  -0.0249184 0 0.0128509 -0 -0.0123694 0
8.79 22.8061 0 -0.232724 0.993857 0 0.110671 0 1 0 -0.110671 0 0.993857  -0.0247814 0 0.0131075 -0 -0.0123275 0
8.8 22.8059 0 -0.232594 0.993871 0 0.110549 0 1 0 -0.110549 0 0.993871  -0.0244931 0 0.0131492 0 -0.0122955 0
8.81 22.8056 0 -0.232461 0.993884 0 0.110426 0 1 0 -0.110426 0 0.993884  -0.0241704 0 0.0132842 0 -0.0123504 0
8.82 22.8054 0 -0.232327 0.993898 0 0.110305 0 1 0 -0.110305 0 0.993898  -0.0242553 0 0.0135256 0 -0.012149 0
8.83 22.8052 0 -0.232191 0.993911 0 0.110183 0 1 0 -0.110183 0 0.993911  -0.0237318 0 0.0136098 0 -0.0122341 0
8.84 22.8049 0 -0.232055 0.993925 0 0.110063 0 1 0 -0.110063 0 0.993925  -0.0235774 0 0.0137189 0 -0.0121352 0
8.85 22.8047 0 -0.231918 0.993938 0 0.109942 0 1 0 -0.109942 0 0.993938  -0.0232703 0 0.0137062 -0 -0.0121014 0
8.86 22.8044 0 -0.231778 0.993951 0 0.109822 0 1 0 -0.109822 0 0.993951  -0.0229543 0 0.0140768 -0 -0.0120438 0
8.87 22.8042 0 -0.231638 0.993964 0 0.109704 0 1 0 -0.109704 0 0.993964  -0.0229714 0 0.0140446 -0 -0.0118193 0
8.88 22.804 0 -0.231496 0.993977 0 0.109586 0 1 0 -0.109586 0 0.993977  -0.0224462 0 0.0143114 0 -0.0118395 0
8.89 22.8038 0 -0.231353 0.99399 0 0.109469 0 1 0 -0.109469 0 0.99399  -0.0222428 0 0.0143908 0 -0.0116967 0
8.9 22.8035 0 -0.231209 0.994003 0 0.109353 0 1 0 -0.109353 0 0.994003  -0.0218283 0 0.0144215 0 -0.0116415 0
8.91 22.8033 0 -0.231063 0.994016 0 0.109238 0 1 0 -0.109238 0 0.994016  -0.0213854 0 0.0146488 -0 -0.0115917 0
8.92 22.8031 0 -0.230917 0.994028 0 0.109124 0 1 0 -0.109124 0 0.994028  -0.0212832 0 0.014669 -0 -0.0113576 0
8.93 22.8029 0 -0.230768 0.99404 0 0.109012 0 1 0 -0.109012 0 0.99404  -0.020938 0 0.0149746 0 -0.011219 0
8.94 22.8027 0 -0.230617 0.994052 0 0.108902 0 1 0 -0.108902 0 0.994052  -0.0207428 0 0.0150966 0 -0.0110032 0
8.95 22.8025 0 -0.230466 0.994064 0 0.108793 0 1 0 -0.108793 0 0.994064  -0.0202096 0 0.0151304 0 -0.0109414 0
8.96 22.8023 0 -0.230314 0.994076 0 0.108685 0 1 0 -0.108685 0 0.994076  -0.0198418 0 0.015349 0 -0.0107877 0
8.97 22.8021 0 -0.23016 0.994088 0 0.108579 0 1 0 -0.108579 0 0.994088  -0.019562 0 0.0153904 -0 -0.0105735 0
8.98 22.8019 0 -0.230004 0.994099 0 0.108475 0 1 0 -0.108475 0 0.994099  -0.01938 0 0.0157196 0 -0.0102981 0
8.99 22.8017 0 -0.229846 0.99411 0 0.108374 0 1 0 -0.108374 0 0.99411  -0.0191224 0 0.0158846 0 -0.0100503 0
9 22.8015 0 -0.229688 0.994121 0 0.108275 0 1 0 -0.108275 0 0.994121  -0.0187386 0 0.0158111 0 -0.00985269 0
9.01 22.8013 0 -0.229527 0.994132 0 0.108178 0 1 0 -0.108178 0 0.994132  -0.0181193 0 0.0161721 0 -0.00974872 0
9.02 22.8012 0 -0.229369 0.994142 0 0.108081 0 1 0 -0.108081 0 0.994142  -0.0176497 0 0.0159135 0 -0.00960042 0
9.03 22.801 0 -0.229207 0.994152 0 0.107987 0 1 0 -0.107987 0 0.994152  -0.0173585 0 0.0162262 0 -0.00940018 0
9.04 22.8008 0 -0.229044 0.994162 0 0.107895 0 1 0 -0.107895 0 0.994162  -0.0168837 0 0.0163575 0 -0.00917222 0
9.05 22.8006 0 -0.228881 0.994172 0 0.107805 0 1 0 -0.107805 0 0.994172  -0.0164586 0 0.0163452 0 -0.00894364 0
9.06 22.8005 0 -0.228715 0.994181 0 0.107718 0 1 0 -0.107718 0 0.994181  -0.0162221 0 0.0166358 0 -0.00862333 0
9.07 22.8003 0 -0.228549 0.994191 0 0.107633 0 1 0 -0.107633 0 0.994191  -0.0157662 0 0.0167016 0 -0.00839406 0
9.08 22.8002 0 -0.228382 0.9942 0 0.107551 0 1 0 -0.107551 0 0.9942  -0.015307 0 0.0167201 0 -0.00816033 0
9.09 22.8 0 -0.228213 0.994208 0 0.107471 0 1 0 -0.107471 0 0.994208  -0.0149562 0 0.0169958 0 -0.00785786 0
9.1 22.7999 0 -0.228043 0.994216 0 0.107395 0 1 0 -0.107395 0 0.994216  -0.0147115 0 0.0170399 0 -0.007507 0
9.11 22.7997 0 -0.227872 0.994224 0 0.107321 0 1 0 -0.107321 0 0.994224  -0.0141233 0 0.0171322 0 -0.00730338 0
9.12 22.7996 0 -0.227702 0.994232 0 0.10725 0 1 0 -0.10725 0 0.994232  -0.0136929 0 0.0171206 0 -0.00702781 0
9.13 22.7994 0 -0.227527 0.994239 0 0.107184 0 1 0 -0.107184 0 0.994239  -0.0137268 0 0.0175572 0 -0.00649049 0
9.14 22.7993 0 -0.227354 0.994246 0 0.107118 0 1 0 -0.107118 0 0.994246  -0.0128987 0 0.0173259 0 -0.00640554 0
9.15 22.7992 0 -0.227178 0.994253 0 0.107058 0 1 0 -0.107058 0 0.994253  -0.0127093 0 0.0176932 0 -0.00598445 0
9.16 22.7991 0 -0.227001 0.994259 0 0.107 0 1 0 -0.107 0 0.994259  -0.0124289 0 0.0177046 0 -0.00560155 0
9.17 22.7989 0 -0.226825 0.994265 0 0.106946 0 1 0 -0.106946 0 0.994265  -0.0118099 0 0.0176972 0 -0.00530283 0
9.18 22.7988 0 -0.226647 0.99427 0 0.106893 0 1 0 -0.106893 0 0.99427  -0.0112511 0 0.0178497 0 -0.00509486 0
9.19 22.7987 0 -0.226468 0.994276 0 0.106845 0 1 0 -0.106845 0 0.994276  -0.0110495 0 0.0179686 0 -0.00467629 0
9.2 22.7986 0 -0.226288 0.994281 0 0.1068 0 1 0 -0.1068 0 0.994281  -0.0105468 0 0.0180213 0 -0.00436402 0
9.21 22.7985 0 -0.226106 0.994285 0 0.106759 0 1 0 -0.106759 0 0.994285  -0.0102402 0 0.0182489 0 -0.00397262 0
9.22 22.7984 0 -0.225925 0.994289 0 0.10672 0 1 0 -0.10672 0 0.994289  -0.00972453 0 0.0182527 0 -0.00369463 0
9.23 22.7983 0 -0.225741 0.994293 0 0.106685 0 1 0 -0.106685 0 0.994293  -0.00929864 0 0.0183921 0 -0.00335892 0
9.24 22.7982 0 -0.225556 0.994296 0 0.106654 0 1 0 -0.106654 0 0.994296  -0.00896153 0 0.0185518 0 -0.00296823 0
9.25 22.7981 0 -0.225373 0.994299 0 0.106626 0 1 0 -0.106626 0 0.994299  -0.00863058 0 0.018462 0 -0.00258993 0
9.26 22.798 0 -0.225185 0.994302 0 0.106601 0 1 0 -0.106601 0 0.994302  -0.00812075 0 0.0188155 0 -0.00229249 0
9.27 22.798 0 -0.225001 0.994304 0 0.106581 0 1 0 -0.106581 0 0.994304  -0.00780455 0 0.0184821 0 -0.00190252 0
9.28 22.7979 0 -0.224813 0.994306 0 0.106563 0 1 0 -0.106563 0 0.994306  -0.00723046 0 0.0188906 0 -0.00162846 0
9.29 22.7978 0 -0.224629 0.994307 0 0.106549 0 1 0 -0.106549 0 0.994307  -0.00695755 0 0.0184103 0 -0.0012647 0
9.3 22.7977 0 -0.224441 0.994309 0 0.106538 0 1 0 -0.106538 0 0.994309  -0.00634043 0 0.0188526 0 -0.00100822 0
9.31 22.7977 0 -0.224256 0.994309 0 0.106531 0 1 0 -0.106531 0 0.994309  -0.00619895 0 0.018617 0 -0.000526827 0
9.32 22.7976 0 -0.224069 0.99431 0 0.106527 0 1 0 -0.106527 0 0.99431  -0.00580136 0 0.0187297 0 -0.000174978 0
9.33 22.7976 0 -0.223882 0.99431 0 0.106527 0 1 0 -0.106527 0 0.99431  -0.00535618 0 0.0187534 0 0.000140201 0
9.34 22.7975 0 -0.223698 0.99431 0 0.106529 0 1 0 -0.106529 0 0.99431  -0.00456367 0 0.0184909 0 0.000293361 0
9.35 22.7975 0 -0.223512 0.994309 0 0.106536 0 1 0 -0.106536 0 0.994309  -0.0045614 0 0.018645 0 0.00082331 0
9.36 22.7974 0 -0.223324 0.994308 0 0.106546 0 1 0 -0.106546 0 0.994308  -0.00432501 0 0.0187511 0 0.00124376 0
9.37 22.7974 0 -0.223139 0.994306 0 0.106559 0 1 0 -0.106559 0 0.994306  -0.00382401 0 0.0186378 0 0.00153257 0
9.38 22.7974 0 -0.222953 0.994305 0 0.106575 0 1 0 -0.106575 0 0.994305  -0.00330644 0 0.018634 0 0.00180647 0
9.39 22.7973 0 -0.222767 0.994302 0 0.106596 0 1 0 -0.106596 0 0.994302  -0.00322996 0 0.0186912 0 0.00228929 0
9.4 22.7973 0 -0.222581 0.9943 0 0.10662 0 1 0 -0.10662 0 0.9943  -0.00273397 0 0.0185499 0 0.00256042 0
9.41 22.7973 0 -0.222396 0.994297 0 0.106647 0 1 0 -0.106647 0 0.994297  -0.00218339 0 0.0185062 0 0.00280047 0
9.42 22.7972 0 -0.222212 0.994294 0 0.106677 0 1 0 -0.106677 0 0.994294  -0.00205593 0 0.018464 0 0.00324253 0
9.43 22.7972 0 -0.222026 0.99429 0 0.106712 0 1 0 -0.106712 0 0.99429  -0.00194512 0 0.0185885 0 0.00369095 0
9.44 22.7972 0 -0.221843 0.994286 0 0.106749 0 1 0 -0.106749 0 0.994286  -0.00125669 0 0.0183192 0 0.00384332 0
9.45 22.7972 0 -0.221661 0.994282 0 0.106788 0 1 0 -0.106788 0 0.994282  -0.000776076 0 0.0182546 0 0.0040873 0
9.46 22.7972 0 -0.221481 0.994277 0 0.106831 0 1 0 -0.106831 0 0.994277  -0.000537461 0 0.0179714 0 0.00443532 0
9.47 22.7972 0 -0.2213 0.994272 0 0.106876 0 1 0 -0.106876 0 0.994272  -0.000133096 0 0.0181199 0 0.00470918 0
9.48 22.7972 0 -0.221121 0.994267 0 0.106925 0 1 0 -0.106925 0 0.994267  1.95964e-05 -0 0.017843 0 0.00509093 0
9.49 22.7972 0 -0.220943 0.994262 0 0.106975 0 1 0 -0.106975 0 0.994262  0.000708742 -0 0.0177815 0 0.00519547 0
9.5 22.7972 0 -0.220767 0.994256 0 0.10703 0 1 0 -0.10703 0 0.994256  0.000790836 -0 0.0176278 0 0.0055958 0
9.51 22.7972 0 -0.220592 0.99425 0 0.107086 0 1 0 -0.107086 0 0.99425  0.00124108 -0 0.0175602 0 0.00580028 0
9.52 22.7972 0 -0.220418 0.994243 0 0.107146 0 1 0 -0.107146 0 0.994243  0.00142113 -0 0.0173044 0 0.00613183 0
9.53 22.7972 0 -0.220245 0.994237 0 0.107208 0 1 0 -0.107208 0 0.994237  0.00184241 -0 0.017255 0 0.00633135 0
9.54 22.7973 0 -0.220073 0.99423 0 0.107273 0 1 0 -0.107273 0 0.99423  0.00183103 -0 0.0172381 0 0.00673179 0
9.55 22.7973 0 -0.219903 0.994222 0 0.107341 0 1 0 -0.107341 0 0.994222  0.00225246 -0 0.0169494 0 0.00691541 0
9.56 22.7973 0 -0.219733 0.994215 0 0.10741 0 1 0 -0.10741 0 0.994215  0.00266608 -0 0.0168553 0 0.00708685 0
9.57 22.7973 0 -0.219565 0.994207 0 0.107484 0 1 0 -0.107484 0 0.994207  0.00243789 -0 0.0168313 0 0.00756013 0
9.58 22.7973 0 -0.219399 0.994199 0 0.10756 0 1 0 -0.10756 0 0.994199  0.00284985 -0 0.0165692 0 0.00771731 0
9.59 22.7974 0 -0.219234 0.99419 0 0.107637 0 1 0 -0.107637 0 0.99419  0.00328165 -0 0.0164589 0 0.00783572 0
9.6 22.7974 0 -0.219072 0.994182 0 0.107716 0 1 0 -0.107716 0 0.994182  0.00345644 -0 0.0161103 0 0.00806566 0
9.61 22.7974 0 -0.21891 0.994173 0 0.107798 0 1 0 -0.107798 0 0.994173  0.00350011 -0 0.0161499 0 0.00836016 0
9.62 22.7975 0 -0.218749 0.994164 0 0.107883 0 1 0 -0.107883 0 0.994164  0.00363096 -0 0.0159835 0 0.00859431 0
9.63 22.7975 0 -0.218593 0.994154 0 0.107968 0 1 0 -0.107968 0 0.994154  0.00405921 -0 0.0155233 0 0.00866622 0
9.64 22.7976 0 -0.218437 0.994145 0 0.108055 0 1 0 -0.108055 0 0.994145  0.00426081 -0 0.0155326 0 0.0088333 0
9.65 22.7976 0 -0.218285 0.994135 0 0.108144 0 1 0 -0.108144 0 0.994135  0.00446388 -0 0.0151219 0 0.00898349 0
9.66 22.7976 0 -0.218133 0.994125 0 0.108235 0 1 0 -0.108235 0 0.994125  0.00450727 -0 0.0150619 0 0.00920249 0
9.67 22.7977 0 -0.217984 0.994115 0 0.108326 0 1 0 -0.108326 0 0.994115  0.00475655 -0 0.0148233 0 0.00930108 0
9.68 22.7977 0 -0.217838 0.994105 0 0.10842 0 1 0 -0.10842 0 0.994105  0.00484558 -0 0.0145189 0 0.00946554 0
9.69 22.7978 0 -0.217693 0.994095 0 0.108514 0 1 0 -0.108514 0 0.994095  0.0050809 -0 0.0143559 0 0.00953885 0
9.7 22.7978 0 -0.217552 0.994085 0 0.108609 0 1 0 -0.108609 0 0.994085  0.00523209 -0 0.0139879 0 0.00964549 0
9.71 22.7979 0 -0.217415 0.994074 0 0.108707 0 1 0 -0.108707 0 0.994074  0.00524697 0 0.0135537 0 0.00989542 0
9.72 22.798 0 -0.217278 0.994063 0 0.108803 0 1 0 -0.108803 0 0.994063  0.00556468 -0 0.0136203 0 0.00980764 0
9.73 22.798 0 -0.217147 0.994052 0 0.108903 0 1 0 -0.108903 0 0.994052  0.00540629 -0 0.0129303 0 0.0100177 0
9.74 22.7981 0 -0.217016 0.994042 0 0.109002 0 1 0 -0.109002 0 0.994042  0.00569045 -0 0.0129586 0 0.0100212 0
9.75 22.7981 0 -0.21689 0.994031 0 0.109102 0 1 0 -0.109102 0 0.994031  0.00577351 -0 0.0124391 0 0.0100671 0
9.76 22.7982 0 -0.216767 0.99402 0 0.109202 0 1 0 -0.109202 0 0.99402  0.00576697 -0 0.012142 0 0.0101409 0
9.77 22.7982 0 -0.216646 0.994009 0 0.109302 0 1 0 -0.109302 0 0.994009  0.00599823 -0 0.0119164 0 0.0100945 0
9.78 22.7983 0 -0.21653 0.993997 0 0.109403 0 1 0 -0.109403 0 0.993997  0.00594961 -0 0.011472 0 0.0101569 0
9.79 22.7984 0 -0.216415 0.993986 0 0.109504 0 1 0 -0.109504 0 0.993986  0.00596957 -0 0.011273 0 0.0101755 0
9.8 22.7984 0 -0.216305 0.993975 0 0.109606 0 1 0 -0.109606 0 0.993975  0.0059298 -0 0.0109135 0 0.0102103 0
9.81 22.7985 0 -0.216198 0.993964 0 0.109707 0 1 0 -0.109707 0 0.993964  0.00604731 -0 0.0105017 0 0.0101407 0
9.82 22.7985 0 -0.216095 0.993953 0 0.109806 0 1 0 -0.109806 0 0.993953  0.00628615 -0 0.0101029 0 0.00999467 0
9.83 22.7986 0 -0.215996 0.993942 0 0.109906 0 1 0 -0.109906 0 0.993942  0.00611447 -0 0.00971847 0 0.0100331 0
9.84 22.7987 0 -0.215901 0.993931 0 0.110004 0 1 0 -0.110004 0 0.993931  0.00635315 -0 0.00932455 0 0.00985572 0
9.85 22.7987 0 -0.21581 0.99392 0 0.110103 0 1 0 -0.110103 0 0.99392  0.00611966 -0 0.00896848 0 0.00989771 0
9.86 22.7988 0 -0.215722 0.993909 0 0.1102 0 1 0 -0.1102 0 0.993909  0.00625702 -0 0.00853249 0 0.00972887 0
9.87 22.7988 0 -0.215639 0.993899 0 0.110296 0 1 0 -0.110296 0 0.993899  0.00627618 -0 0.00811449 0 0.0096087 0
9.88 22.7989 0 -0.21556 0.993888 0 0.110392 0 1 0 -0.110392 0 0.993888  0.00613074 -0 0.0076906 0 0.00954496 0
9.89 22.799 0 -0.215485 0.993878 0 0.110485 0 1 0 -0.110485 0 0.993878  0.00611589 -0 0.00736531 0 0.00940844 0
9.9 22.799 0 -0.215415 0.993867 0 0.110578 0 1 0 -0.110578 0 0.993867  0.00620678 -0 0.00675475 0 0.00919899 0
9.91 22.7991 0 -0.215348 0.993857 0 0.110669 0 1 0 -0.110669 0 0.993857  0.00596506 -0 0.0064657 0 0.00913646 0
9.92 22.7992 0 -0.215286 0.993847 0 0.110759 0 1 0 -0.110759 0 0.993847  0.00580555 -0 0.0060234 0 0.00902096 0
9.93 22.7992 0 -0.215228 0.993837 0 0.110848 0 1 0 -0.110848 0 0.993837  0.00567826 -0 0.00557205 0 0.0088748 0
9.94 22.7993 0 -0.215175 0.993828 0 0.110935 0 1 0 -0.110935 0 0.993828  0.00573684 -0 0.00507428 0 0.00861025 0
9.95 22.7993 0 -0.215127 0.993818 0 0.11102 0 1 0 -0.11102 0 0.993818  0.00552321 -0 0.00461241 0 0.00846874 0
9.96 22.7994 0 -0.215083 0.993809 0 0.111102 0 1 0 -0.111102 0 0.993809  0.00540895 -0 0.00414145 0 0.00825964 0
9.97 22.7994 0 -0.215044 0.9938 0 0.111184 0 1 0 -0.111184 0 0.9938  0.00516039 -0 0.00371262 0 0.00810711 0
9.98 22.7995 0 -0.215009 0.993791 0 0.111264 0 1 0 -0.111264 0 0.993791  0.00490867 -0 0.00324667 0 0.00793605 0
9.99 22.7995 0 -0.214979 0.993782 0 0.111341 0 1 0 -0.111341 0 0.993782  0.00478376 -0 0.00277595 0 0.00769271 0
10 22.7996 0 -0.214954 0.993774 0 0.111416 0 1 0 -0.111416 0 0.993774  0.00469405 -0 0.00219435 0 0.00741054 0
10.01 22.7996 0 -0.214934 0.993766 0 0.111489 0 1 0 -0.111489 0 0.993766  0.00433955 -0 0.00174806 0 0.00721277 0
10.02 22.7997 0 -0.214919 0.993758 0 0.11156 0 1 0 -0.11156 0 0.993758  0.00416724 -0 0.00130648 0 0.0069656 0
10.03 22.7997 0 -0.214909 0.99375 0 0.111628 0 1 0 -0.111628 0 0.99375  0.00395101 -0 0.000716208 0 0.0067135 0
10.04 22.7997 0 -0.214904 0.993743 0 0.111693 0 1 0 -0.111693 0 0.993743  0.00370448 -0 0.000291574 0 0.00644629 0
10.05 22.7998 0 -0.214904 0.993736 0 0.111755 0 1 0 -0.111755 0 0.993736  0.00356144 0 -0.000281843 0 0.00611946 0
10.06 22.7998 0 -0.21491 0.993729 0 0.111815 0 1 0 -0.111815 0 0.993729  0.00329715 0 -0.00081178 0 0.00585 0
10.07 22.7998 0 -0.21492 0.993723 0 0.111871 0 1 0 -0.111871 0 0.993723  0.00300626 0 -0.00123074 0 0.00557552 0
10.08 22.7999 0 -0.214936 0.993717 0 0.111924 0 1 0 -0.111924 0 0.993717  0.00299873 0 -0.00195771 0 0.00514034 0
10.09 22.7999 0 -0.214957 0.993711 0 0.111975 0 1 0 -0.111975 0 0.993711  0.00267881 0 -0.00234708 0 0.0048647 0
10.1 22.7999 0 -0.214983 0.993706 0 0.112022 0 1 0 -0.112022 0 0.993706  0.00234238 0 -0.00289259 0 0.00458027 0
10.11 22.7999 0 -0.215014 0.993701 0 0.112066 0 1 0 -0.112066 0 0.993701  0.00199169 0 -0.00334639 0 0.00429193 0
10.12 22.8 0 -0.215051 0.993696 0 0.112106 0 1 0 -0.112106 0 0.993696  0.00176432 0 -0.00390748 0 0.00393652 0
10.13 22.8 0 -0.215092 0.993692 0 0.112144 0 1 0 -0.112144 0 0.993692  0.00144098 0 -0.00440181 0 0.00361035 0
10.14 22.8 0 -0.21514 0.993688 0 0.112177 0 1 0 -0.112177 0 0.993688  0.00132169 0 -0.00503388 0 0.00316722 0
10.15 22.8 0 -0.215191 0.993685 0 0.112208 0 1 0 -0.112208 0 0.993685  0.000796355 0 -0.00538317 0 0.00292596 0
10.16 22.8 0 -0.215249 0.993682 0 0.112235 0 1 0 -0.112235 0 0.993682  0.000638961 0 -0.00608291 0 0.00248195 0
10.17 22.8 0 -0.215311 0.993679 0 0.112258 0 1 0 -0.112258 0 0.993679  0.000254761 0 -0.00648026 0 0.00214382 0
10.18 22.8 0 -0.215378 0.993677 0 0.112279 0 1 0 -0.112279 0 0.993677  -0.000485584 0 -0.00687774 0 0.00197573 0
10.19 22.8 0 -0.215451 0.993675 0 0.112295 0 1 0 -0.112295 0 0.993675  -0.000409526 0 -0.00759142 0 0.00138488 0
10.2 22.8 0 -0.21553 0.993674 0 0.112306 0 1 0 -0.112306 0 0.993674  -0.000563043 0 -0.00816645 0 0.000893768 0
10.21 22.8 0 -0.215613 0.993673 0 0.112315 0 1 0 -0.112315 0 0.993673  -0.00117372 0 -0.00863962 0 0.000626166 0
10.22 22.8 0 -0.215702 0.993672 0 0.112318 0 1 0 -0.112318 0 0.993672  -0.0014849 0 -0.00911971 0 0.000205245 0
10.23 22.8 0 -0.215797 0.993672 0 0.112318 0 1 0 -0.112318 0 0.993672  -0.00180735 0 -0.00976359 -0 -0.000229588 0
10.24 22.7999 0 -0.215896 0.993673 0 0.112314 0 1 0 -0.112314 0 0.993673  -0.00207534 0 -0.0101735 -0 -0.000651625 0
10.25 22.7999 0 -0.215999 0.993674 0 0.112305 0 1 0 -0.112305 0 0.993674  -0.00268624 0 -0.0105306 0 -0.00109541 0
10.26 22.7999 0 -0.216111 0.993675 0 0.112293 0 1 0 -0.112293 0 0.993675  -0.00303583 0 -0.0114403 0 -0.00147965 0
10.27 22.7999 0 -0.216225 0.993677 0 0.112275 0 1 0 -0.112275 0 0.993677  -0.00330147 0 -0.011586 0 -0.00194342 0
10.28 22.7998 0 -0.216347 0.99368 0 0.112254 0 1 0 -0.112254 0 0.99368  -0.00380394 0 -0.012505 -0 -0.00236044 0
10.29 22.7998 0 -0.216472 0.993682 0 0.112228 0 1 0 -0.112228 0 0.993682  -0.00414904 0 -0.0128299 -0 -0.00283213 0
10.3 22.7997 0 -0.216603 0.993686 0 0.112199 0 1 0 -0.112199 0 0.993686  -0.00479374 0 -0.0133529 -0 -0.00314717 0
10.31 22.7997 0 -0.216741 0.99369 0 0.112165 0 1 0 -0.112165 0 0.99369  -0.00497773 0 -0.0141119 -0 -0.00371774 0
10.32 22.7996 0 -0.216882 0.993694 0 0.112126 0 1 0 -0.112126 0 0.993694  -0.00549749 0 -0.0143702 -0 -0.00411318 0
10.33 22.7996 0 -0.21703 0.993699 0 0.112085 0 1 0 -0.112085 0 0.993699  -0.00631143 0 -0.0149784 -0 -0.00436775 0
10.34 22.7995 0 -0.217181 0.993704 0 0.112038 0 1 0 -0.112038 0 0.993704  -0.0066514 0 -0.015345 -0 -0.00485171 0
10.35 22.7995 0 -0.217339 0.99371 0 0.111987 0 1 0 -0.111987 0 0.99371  -0.00697628 0 -0.0160833 -0 -0.00537339 0
10.36 22.7994 0 -0.217501 0.993716 0 0.111932 0 1 0 -0.111932 0 0.993716  -0.00752113 0 -0.0165007 -0 -0.00577257 0
10.37 22.7993 0 -0.217669 0.993723 0 0.111873 0 1 0 -0.111873 0 0.993723  -0.00805215 0 -0.017013 -0 -0.00618559 0
10.38 22.7992 0 -0.217843 0.99373 0 0.111809 0 1 0 -0.111809 0 0.99373  -0.00850024 0 -0.0175671 -0 -0.00664592 0
10.39 22.7991 0 -0.218021 0.993737 0 0.11174 0 1 0 -0.11174 0 0.993737  -0.0090045 0 -0.018078 -0 -0.00708515 0
10.4 22.799 0 -0.218205 0.993746 0 0.111667 0 1 0 -0.111667 0 0.993746  -0.00933504 0 -0.018674 -0 -0.00761547 0
10.41 22.7989 0 -0.218394 0.993754 0 0.111589 0 1 0 -0.111589 0 0.993754  -0.00989477 0 -0.0191518 -0 -0.00802686 0
10.42 22.7988 0 -0.218588 0.993764 0 0.111507 0 1 0 -0.111507 0 0.993764  -0.0103865 0 -0.0196909 -0 -0.00847486 0
10.43 22.7987 0 -0.218787 0.993773 0 0.111422 0 1 0 -0.111422 0 0.993773  -0.0111698 0 -0.0200726 -0 -0.00878134 0
10.44 22.7986 0 -0.218991 0.993783 0 0.111331 0 1 0 -0.111331 0 0.993783  -0.0114346 0 -0.0207068 -0 -0.00934707 0
10.45 22.7985 0 -0.219202 0.993794 0 0.111237 0 1 0 -0.111237 0 0.993794  -0.012113 0 -0.0213378 -0 -0.00972452 0
10.46 22.7984 0 -0.219417 0.993805 0 0.111138 0 1 0 -0.111138 0 0.993805  -0.0128075 0 -0.0217166 -0 -0.0100902 0
10.47 22.7982 0 -0.219637 0.993817 0 0.111035 0 1 0 -0.111035 0 0.993817  -0.0130558 0 -0.0222356 0 -0.0106644 0
10.48 22.7981 0 -0.219866 0.993829 0 0.110927 0 1 0 -0.110927 0 0.993829  -0.0137071 0 -0.0231974 0 -0.0110642 0
10.49 22.798 0 -0.220095 0.993841 0 0.110815 0 1 0 -0.110815 0 0.993841  -0.0143018 0 -0.0231364 0 -0.0114567 0
10.5 22.7978 0 -0.220334 0.993854 0 0.110699 0 1 0 -0.110699 0 0.993854  -0.0147938 0 -0.0240857 0 -0.0119062 0
10.51 22.7977 0 -0.220575 0.993867 0 0.110579 0 1 0 -0.110579 0 0.993867  -0.0153774 0 -0.0243468 0 -0.0123089 0
10.52 22.7975 0 -0.220821 0.993881 0 0.110456 0 1 0 -0.110456 0 0.993881  -0.0162601 0 -0.0248046 0 -0.0125607 0
10.53 22.7974 0 -0.221074 0.993895 0 0.110329 0 1 0 -0.110329 0 0.993895  -0.0169436 0 -0.0254226 0 -0.0129226 0
10.54 22.7972 0 -0.22133 0.99391 0 0.110199 0 1 0 -0.110199 0 0.99391  -0.0173911 0 -0.0257651 0 -0.0133595 0
10.55 22.797 0 -0.221593 0.993925 0 0.110064 0 1 0 -0.110064 0 0.993925  -0.0179806 0 -0.0264335 0 -0.0137716 0
10.56 22.7968 0 -0.221863 0.99394 0 0.109924 0 1 0 -0.109924 0 0.99394  -0.0184239 0 -0.0273283 0 -0.0142742 0
10.57 22.7966 0 -0.22213 0.993956 0 0.109781 0 1 0 -0.109781 0 0.993956  -0.0189757 0 -0.0268385 0 -0.0146329 0
10.58 22.7964 0 -0.222414 0.993972 0 0.109634 0 1 0 -0.109634 0 0.993972  -0.0197771 0 -0.0285188 0 -0.0149312 0
10.59 22.7962 0 -0.222692 0.993989 0 0.109483 0 1 0 -0.109483 0 0.993989  -0.0201853 0 -0.0278653 0 -0.0153753 0
10.6 22.796 0 -0.222982 0.994006 0 0.109329 0 1 0 -0.109329 0 0.994006  -0.0209407 0 -0.029202 0 -0.0156748 0
10.61 22.7958 0 -0.223273 0.994023 0 0.109171 0 1 0 -0.109171 0 0.994023  -0.0213783 0 -0.0293258 0 -0.0160856 0
10.62 22.7956 0 -0.223568 0.994041 0 0.109009 0 1 0 -0.109009 0 0.994041  -0.0219357 0 -0.0296202 0 -0.0164494 0
10.63 22.7954 0 -0.223871 0.994059 0 0.108845 0 1 0 -0.108845 0 0.994059  -0.0228334 0 -0.0304911 0 -0.0166357 0
10.64 22.7952 0 -0.224172 0.994077 0 0.108676 0 1 0 -0.108676 0 0.994077  -0.0230797 0 -0.0302811 0 -0.0171217 0
10.65 22.7949 0 -0.224483 0.994096 0 0.108506 0 1 0 -0.108506 0 0.994096  -0.0238256 0 -0.0312258 0 -0.0173467 0
10.66 22.7947 0 -0.224794 0.994115 0 0.108332 0 1 0 -0.108332 0 0.994115  -0.0245511 0 -0.0313409 0 -0.0175875 0
10.67 22.7944 0 -0.225109 0.994134 0 0.108156 0 1 0 -0.108156 0 0.994134  -0.0250936 0 -0.0315669 0 -0.0178991 0
10.68 22.7942 0 -0.225429 0.994153 0 0.107977 0 1 0 -0.107977 0 0.994153  -0.025834 0 -0.0322647 0 -0.0181035 0
10.69 22.7939 0 -0.22575 0.994173 0 0.107796 0 1 0 -0.107796 0 0.994173  -0.0264689 0 -0.0322988 0 -0.0183595 0
10.7 22.7936 0 -0.226073 0.994193 0 0.107614 0 1 0 -0.107614 0 0.994193  -0.0270884 0 -0.0323859 0 -0.0184279 0
10.71 22.7934 0 -0.226405 0.994213 0 0.107429 0 1 0 -0.107429 0 0.994213  -0.0278082 0 -0.0334317 0 -0.0187261 0
10.72 22.7931 0 -0.226742 0.994233 0 0.107239 0 1 0 -0.107239 0 0.994233  -0.0282334 0 -0.0340311 0 -0.0192075 0
10.73 22.7928 0 -0.227081 0.994254 0 0.107048 0 1 0 -0.107048 0 0.994254  -0.0286703 0 -0.0340793 0 -0.0194651 0
10.74 22.7925 0 -0.227426 0.994275 0 0.106854 0 1 0 -0.106854 0 0.994275  -0.0294879 0 -0.0348074 0 -0.0195492 0
10.75 22.7922 0 -0.22777 0.994296 0 0.106657 0 1 0 -0.106657 0 0.994296  -0.0300231 0 -0.0344923 0 -0.019958 0
10.76 22.7919 0 -0.228123 0.994317 0 0.106461 0 1 0 -0.106461 0 0.994317  -0.0309001 0 -0.0352923 0 -0.0198839 0
10.77 22.7916 0 -0.228465 0.994338 0 0.106262 0 1 0 -0.106262 0 0.994338  -0.0311772 0 -0.0340536 0 -0.0199244 0
10.78 22.7913 0 -0.22883 0.994359 0 0.106063 0 1 0 -0.106063 0 0.994359  -0.0323883 0 -0.0366025 0 -0.0199883 0
10.79 22.791 0 -0.22918 0.994381 0 0.10586 0 1 0 -0.10586 0 0.994381  -0.0322557 0 -0.0353107 0 -0.0204995 0
10.8 22.7906 0 -0.22954 0.994402 0 0.105658 0 1 0 -0.105658 0 0.994402  -0.0330636 0 -0.0358672 0 -0.0204102 0
10.81 22.7903 0 -0.229903 0.994424 0 0.105457 0 1 0 -0.105457 0 0.994424  -0.0341469 0 -0.0364656 0 -0.0202645 0
10.82 22.79 0 -0.23026 0.994446 0 0.105252 0 1 0 -0.105252 0 0.994446  -0.0343464 0 -0.0357133 0 -0.0205595 0
10.83 22.7896 0 -0.230629 0.994467 0 0.105049 0 1 0 -0.105049 0 0.994467  -0.0350575 0 -0.0369977 0 -0.0205526 0
10.84 22.7893 0 -0.230993 0.994489 0 0.104843 0 1 0 -0.104843 0 0.994489  -0.0355049 0 -0.0365309 0 -0.0206724 0
10.85 22.7889 0 -0.231361 0.99451 0 0.104638 0 1 0 -0.104638 0 0.99451  -0.0361787 0 -0.0368998 0 -0.0206606 0
10.86 22.7885 0 -0.231732 0.994532 0 0.104433 0 1 0 -0.104433 0 0.994532  -0.0368212 0 -0.0372176 0 -0.0206523 0
10.87 22.7882 0 -0.232103 0.994554 0 0.104227 0 1 0 -0.104227 0 0.994554  -0.0371677 0 -0.0371445 0 -0.0207634 0
10.88 22.7878 0 -0.232493 0.994575 0 0.10402 0 1 0 -0.10402 0 0.994575  -0.0379329 0 -0.0394947 0 -0.0208108 0
10.89 22.7874 0 -0.232862 0.994597 0 0.103811 0 1 0 -0.103811 0 0.994597  -0.0378503 0 -0.0369312 0 -0.021038 0
10.9 22.787 0 -0.233256 0.994618 0 0.103606 0 1 0 -0.103606 0 0.994618  -0.0392724 0 -0.0394341 0 -0.0205903 0
10.91 22.7866 0 -0.233637 0.99464 0 0.103398 0 1 0 -0.103398 0 0.99464  -0.0392428 0 -0.0383024 0 -0.0208567 0
10.92 22.7862 0 -0.234024 0.994661 0 0.103192 0 1 0 -0.103192 0 0.994661  -0.0397552 0 -0.0386791 0 -0.0207879 0
10.93 22.7858 0 -0.234414 0.994683 0 0.102987 0 1 0 -0.102987 0 0.994683  -0.0404708 0 -0.0391613 0 -0.0205695 0
10.94 22.7854 0 -0.234799 0.994704 0 0.10278 0 1 0 -0.10278 0 0.994704  -0.0404981 0 -0.03857 0 -0.0207076 0
10.95 22.785 0 -0.235193 0.994725 0 0.102576 0 1 0 -0.102576 0 0.994725  -0.0412612 0 -0.0393775 0 -0.0204728 0
10.96 22.7846 0 -0.235582 0.994746 0 0.102373 0 1 0 -0.102373 0 0.994746  -0.0418347 0 -0.0388676 0 -0.0202807 0
10.97 22.7842 0 -0.235975 0.994767 0 0.102172 0 1 0 -0.102172 0 0.994767  -0.0423452 0 -0.0393394 0 -0.0200962 0
10.98 22.7838 0 -0.236366 0.994787 0 0.101973 0 1 0 -0.101973 0 0.994787  -0.042743 0 -0.0391964 0 -0.0199704 0
10.99 22.7833 0 -0.236757 0.994807 0 0.101777 0 1 0 -0.101777 0 0.994807  -0.0431292 0 -0.0390633 0 -0.0196605 0
11 22.7829 0 -0.237155 0.994827 0 0.101582 0 1 0 -0.101582 0 0.994827  -0.0439373 0 -0.0398979 0 -0.0194233 0
11.01 22.7825 0 -0.237531 0.994847 0 0.101389 0 1 0 -0.101389 0 0.994847  -0.0440142 0 -0.0373143 0 -0.0193422 0
11.02 22.782 0 -0.237931 0.994866 0 0.101202 0 1 0 -0.101202 0 0.994866  -0.0452336 0 -0.039862 0 -0.0186533 0
11.03 22.7816 0 -0.238318 0.994885 0 0.101014 0 1 0 -0.101014 0 0.994885  -0.0451348 0 -0.0388541 0 -0.0187112 0
11.04 22.7811 0 -0.2387 0.994904 0 0.100832 0 1 0 -0.100832 0 0.994904  -0.0455431 0 -0.038014 0 -0.0182281 0
11.05 22.7806 0 -0.239096 0.994921 0 0.100654 0 1 0 -0.100654 0 0.994921  -0.0464431 0 -0.039564 0 -0.0176308 0
11.06 22.7802 0 -0.239474 0.99494 0 0.100476 0 1 0 -0.100476 0 0.99494  -0.0461588 0 -0.0378349 0 -0.0177445 0
11.07 22.7797 0 -0.239866 0.994957 0 0.100304 0 1 0 -0.100304 0 0.994957  -0.0471744 0 -0.0390651 0 -0.0170874 0
11.08 22.7792 0 -0.240249 0.994974 0 0.100135 0 1 0 -0.100135 0 0.994974  -0.0472647 0 -0.0383088 0 -0.0168358 0
11.09 22.7788 0 -0.240632 0.994991 0 0.0999693 0 1 0 -0.0999693 0 0.994991  -0.0476435 0 -0.0380926 0 -0.0164625 0
11.1 22.7783 0 -0.241019 0.995007 0 0.0998083 0 1 0 -0.0998083 0 0.995007  -0.0481726 0 -0.0386029 0 -0.0159877 0
11.11 22.7778 0 -0.241394 0.995023 0 0.0996504 0 1 0 -0.0996504 0 0.995023  -0.0482411 0 -0.0373762 0 -0.0156774 0
11.12 22.7773 0 -0.241776 0.995038 0 0.0994988 0 1 0 -0.0994988 0 0.995038  -0.0490319 0 -0.0381068 0 -0.015025 0
11.13 22.7768 0 -0.24215 0.995053 0 0.0993495 0 1 0 -0.0993495 0 0.995053  -0.0488916 0 -0.0372827 0 -0.0148022 0
11.14 22.7763 0 -0.242524 0.995067 0 0.0992053 0 1 0 -0.0992053 0 0.995067  -0.0492228 0 -0.0372315 0 -0.0143179 0
11.15 22.7758 0 -0.242897 0.995081 0 0.0990655 0 1 0 -0.0990655 0 0.995081  -0.049559 0 -0.0371713 0 -0.013813 0
11.16 22.7753 0 -0.243265 0.995094 0 0.0989306 0 1 0 -0.0989306 0 0.995094  -0.0499095 0 -0.0366816 0 -0.0132928 0
11.17 22.7748 0 -0.243632 0.995107 0 0.0988008 0 1 0 -0.0988008 0 0.995107  -0.0501394 0 -0.0364997 0 -0.0127886 0
11.18 22.7743 0 -0.243995 0.99512 0 0.0986763 0 1 0 -0.0986763 0 0.99512  -0.0503936 0 -0.0362416 0 -0.0122562 0
11.19 22.7738 0 -0.244356 0.995131 0 0.0985572 0 1 0 -0.0985572 0 0.995131  -0.0506638 0 -0.0358744 0 -0.0117002 0
11.2 22.7733 0 -0.244714 0.995143 0 0.0984441 0 1 0 -0.0984441 0 0.995143  -0.0509739 0 -0.035706 0 -0.0110682 0
11.21 22.7728 0 -0.245067 0.995153 0 0.0983366 0 1 0 -0.0983366 0 0.995153  -0.0510803 0 -0.0351261 0 -0.01051 0
11.22 22.7723 0 -0.245419 0.995163 0 0.0982355 0 1 0 -0.0982355 0 0.995163  -0.0514362 0 -0.0350092 0 -0.00986251 0
11.23 22.7718 0 -0.245763 0.995173 0 0.0981403 0 1 0 -0.0981403 0 0.995173  -0.0515047 0 -0.0342189 0 -0.00927428 0
11.24 22.7713 0 -0.246108 0.995181 0 0.0980517 0 1 0 -0.0980517 0 0.995181  -0.0517573 0 -0.0342765 0 -0.00860153 0
11.25 22.7708 0 -0.246443 0.995189 0 0.0979692 0 1 0 -0.0979692 0 0.995189  -0.0518453 0 -0.0333231 0 -0.00797836 0
11.26 22.7702 0 -0.246783 0.995197 0 0.0978936 0 1 0 -0.0978936 0 0.995197  -0.0521583 0 -0.0338036 0 -0.00726897 0
11.27 22.7697 0 -0.247108 0.995204 0 0.0978242 0 1 0 -0.0978242 0 0.995204  -0.0521078 0 -0.0323306 0 -0.00664719 0
11.28 22.7692 0 -0.247438 0.99521 0 0.0977625 0 1 0 -0.0977625 0 0.99521  -0.0524284 0 -0.0326402 0 -0.00585339 0
11.29 22.7687 0 -0.247759 0.995215 0 0.0977057 0 1 0 -0.0977057 0 0.995215  -0.052072 0 -0.0319106 0 -0.00534847 0
11.3 22.7682 0 -0.248075 0.99522 0 0.0976577 0 1 0 -0.0976577 0 0.99522  -0.0524903 0 -0.0313075 0 -0.00447062 0
11.31 22.7676 0 -0.248387 0.995224 0 0.0976171 0 1 0 -0.0976171 0 0.995224  -0.0526545 0 -0.0309753 0 -0.00367316 0
11.32 22.7671 0 -0.248691 0.995227 0 0.0975836 0 1 0 -0.0975836 0 0.995227  -0.0525487 0 -0.0301108 0 -0.00298888 0
11.33 22.7666 0 -0.248993 0.99523 0 0.097558 0 1 0 -0.097558 0 0.99523  -0.0526319 0 -0.0298932 0 -0.00220592 0
11.34 22.766 0 -0.249287 0.995232 0 0.0975396 0 1 0 -0.0975396 0 0.995232  -0.0525855 0 -0.0292266 0 -0.0014584 0
11.35 22.7655 0 -0.249577 0.995233 0 0.0975286 0 1 0 -0.0975286 0 0.995233  -0.0524465 0 -0.0286064 0 -0.000736419 0
11.36 22.765 0 -0.249863 0.995233 0 0.0975265 0 1 0 -0.0975265 0 0.995233  -0.0526925 0 -0.028407 0 0.000189265 0
11.37 22.7645 0 -0.250139 0.995232 0 0.0975314 0 1 0 -0.0975314 0 0.995232  -0.052299 0 -0.0273121 0 0.000860687 0
11.38 22.7639 0 -0.250413 0.995231 0 0.097546 0 1 0 -0.097546 0 0.995231  -0.0525968 0 -0.0271314 0 0.00184708 0
11.39 22.7634 0 -0.250677 0.995229 0 0.0975686 0 1 0 -0.0975686 0 0.995229  -0.0525248 0 -0.0261159 0 0.00270127 0
11.4 22.7629 0 -0.250934 0.995226 0 0.0975996 0 1 0 -0.0975996 0 0.995226  -0.0525758 0 -0.0253565 0 0.00354262 0
11.41 22.7624 0 -0.251187 0.995222 0 0.0976399 0 1 0 -0.0976399 0 0.995222  -0.0525138 0 -0.0248727 0 0.00448496 0
11.42 22.7618 0 -0.25143 0.995217 0 0.0976879 0 1 0 -0.0976879 0 0.995217  -0.0521994 0 -0.0240289 0 0.00526096 0
11.43 22.7613 0 -0.251668 0.995211 0 0.0977454 0 1 0 -0.0977454 0 0.995211  -0.0522392 0 -0.0233969 0 0.00620742 0
11.44 22.7608 0 -0.251898 0.995205 0 0.097811 0 1 0 -0.097811 0 0.995205  -0.0519966 0 -0.0226471 0 0.00702726 0
11.45 22.7603 0 -0.252121 0.995198 0 0.0978855 0 1 0 -0.0978855 0 0.995198  -0.0517538 0 -0.021923 0 0.00791942 0
11.46 22.7598 0 -0.252337 0.995189 0 0.0979691 0 1 0 -0.0979691 0 0.995189  -0.0516331 0 -0.0212066 0 0.00885616 0
11.47 22.7593 0 -0.252544 0.99518 0 0.0980624 0 1 0 -0.0980624 0 0.99518  -0.0515999 0 -0.02031 0 0.00985016 0
11.48 22.7587 0 -0.252743 0.99517 0 0.0981647 0 1 0 -0.0981647 0 0.99517  -0.0513083 0 -0.0195553 0 0.0107541 0
11.49 22.7582 0 -0.252935 0.995159 0 0.0982766 0 1 0 -0.0982766 0 0.995159  -0.051129 0 -0.0187263 0 0.0117051 0
11.5 22.7577 0 -0.253117 0.995147 0 0.0983978 0 1 0 -0.0983978 0 0.995147  -0.0508228 0 -0.0179 0 0.0126164 0
11.51 22.7572 0 -0.253292 0.995134 0 0.0985283 0 1 0 -0.0985283 0 0.995134  -0.0505995 0 -0.0170644 0 0.0135723 0
11.52 22.7567 0 -0.253458 0.99512 0 0.0986685 0 1 0 -0.0986685 0 0.99512  -0.0504074 0 -0.0161672 0 0.0145817 0
11.53 22.7562 0 -0.253616 0.995106 0 0.0988182 0 1 0 -0.0988182 0 0.995106  -0.0500976 0 -0.0152935 0 0.0155334 0
11.54 22.7557 0 -0.253763 0.99509 0 0.0989776 0 1 0 -0.0989776 0 0.99509  -0.0498826 0 -0.0143186 0 0.0165291 0
11.55 22.7552 0 -0.253903 0.995073 0 0.0991468 0 1 0 -0.0991468 0 0.995073  -0.049535 0 -0.0135008 0 0.0175063 0
11.56 22.7547 0 -0.254033 0.995055 0 0.0993254 0 1 0 -0.0993254 0 0.995055  -0.0490918 0 -0.0125739 0 0.0184171 0
11.57 22.7542 0 -0.254154 0.995036 0 0.0995138 0 1 0 -0.0995138 0 0.995036  -0.0487911 0 -0.011637 0 0.0194117 0
11.58 22.7537 0 -0.254266 0.995016 0 0.0997115 0 1 0 -0.0997115 0 0.995016  -0.0483434 0 -0.0107182 0 0.0203457 0
11.59 22.7533 0 -0.254368 0.994996 0 0.0999189 0 1 0 -0.0999189 0 0.994996  -0.047976 0 -0.00977144 0 0.0213239 0
11.6 22.7528 0 -0.254462 0.994974 0 0.100137 0 1 0 -0.100137 0 0.994974  -0.0476042 0 -0.00886589 0 0.0223729 0
11.61 22.7523 0 -0.254544 0.994951 0 0.100364 0 1 0 -0.100364 0 0.994951  -0.0472152 0 -0.00774711 0 0.0233372 0
11.62 22.7518 0 -0.254618 0.994927 0 0.100601 0 1 0 -0.100601 0 0.994927  -0.0468324 0 -0.00686146 0 0.0243126 0
11.63 22.7514 0 -0.254681 0.994902 0 0.100848 0 1 0 -0.100848 0 0.994902  -0.0463053 0 -0.00581945 0 0.0252503 0
11.64 22.7509 0 -0.254733 0.994876 0 0.101104 0 1 0 -0.101104 0 0.994876  -0.0459596 0 -0.00476552 0 0.0262682 0
11.65 22.7504 0 -0.254777 0.994849 0 0.10137 0 1 0 -0.10137 0 0.994849  -0.0454469 0 -0.00382294 0 0.0272022 0
11.66 22.75 0 -0.254808 0.994821 0 0.101646 0 1 0 -0.101646 0 0.994821  -0.04505 0 -0.00262134 0 0.028198 0
11.67 22.7495 0 -0.254831 0.994792 0 0.10193 0 1 0 -0.10193 0 0.994792  -0.0444239 0 -0.00175662 0 0.0290969 0
11.68 22.7491 0 -0.254843 0.994761 0 0.102224 0 1 0 -0.102224 0 0.994761  -0.0440069 0 -0.000681477 0 0.0300105 0
11.69 22.7487 0 -0.254843 0.99473 0 0.102528 0 1 0 -0.102528 0 0.99473  -0.0434869 0 0.000508152 0 0.0309766 0
11.7 22.7482 0 -0.254834 0.994698 0 0.102841 0 1 0 -0.102841 0 0.994698  -0.0430728 0 0.00146625 0 0.0319843 0
11.71 22.7478 0 -0.254811 0.994664 0 0.103163 0 1 0 -0.103163 0 0.994664  -0.042238 0 0.00283323 0 0.0327905 0
11.72 22.7474 0 -0.25478 0.99463 0 0.103494 0 1 0 -0.103494 0 0.99463  -0.0418683 0 0.00364482 0 0.0337787 0
11.73 22.747 0 -0.254736 0.994595 0 0.103834 0 1 0 -0.103834 0 0.994595  -0.0411426 0 0.0049727 0 0.034617 0
11.74 22.7466 0 -0.254681 0.994558 0 0.104183 0 1 0 -0.104183 0 0.994558  -0.0406699 0 0.00606274 0 0.0355933 0
11.75 22.7462 0 -0.254616 0.994521 0 0.104541 0 1 0 -0.104541 0 0.994521  -0.0400679 0 0.00705829 0 0.0364544 0
11.76 22.7458 0 -0.254539 0.994482 0 0.104908 0 1 0 -0.104908 0 0.994482  -0.0394109 0 0.00829016 0 0.0372802 0
11.77 22.7454 0 -0.25445 0.994442 0 0.105284 0 1 0 -0.105284 0 0.994442  -0.0389466 0 0.00943301 0 0.0382405 0
11.78 22.745 0 -0.25435 0.994401 0 0.105668 0 1 0 -0.105668 0 0.994401  -0.038218 0 0.0105492 0 0.0390408 0
11.79 22.7446 0 -0.254239 0.99436 0 0.10606 0 1 0 -0.10606 0 0.99436  -0.0374346 0 0.0116702 0 0.0397974 0
11.8 22.7442 0 -0.254115 0.994317 0 0.106461 0 1 0 -0.106461 0 0.994317  -0.036973 0 0.0129222 0 0.0407228 0
11.81 22.7439 0 -0.25398 0.994273 0 0.10687 0 1 0 -0.10687 0 0.994273  -0.0363928 0 0.0141817 0 0.041595 0
11.82 22.7435 0 -0.253833 0.994228 0 0.107287 0 1 0 -0.107287 0 0.994228  -0.0356807 0 0.0152481 0 0.0423719 0
11.83 22.7432 0 -0.253674 0.994182 0 0.107712 0 1 0 -0.107712 0 0.994182  -0.0349064 0 0.0164629 0 0.0430932 0
11.84 22.7428 0 -0.253504 0.994135 0 0.108144 0 1 0 -0.108144 0 0.994135  -0.0342781 0 0.0175694 0 0.0438805 0
11.85 22.7425 0 -0.25332 0.994087 0 0.108584 0 1 0 -0.108584 0 0.994087  -0.0333655 0 0.0190724 0 0.0446097 0
11.86 22.7421 0 -0.253127 0.994038 0 0.109032 0 1 0 -0.109032 0 0.994038  -0.0330282 0 0.019915 0 0.0455044 0
11.87 22.7418 0 -0.252917 0.993988 0 0.109488 0 1 0 -0.109488 0 0.993988  -0.0323444 0 0.0215984 0 0.0462308 0
11.88 22.7415 0 -0.252699 0.993937 0 0.10995 0 1 0 -0.10995 0 0.993937  -0.0315188 0 0.022452 0 0.0468813 0
11.89 22.7412 0 -0.252467 0.993885 0 0.11042 0 1 0 -0.11042 0 0.993885  -0.0307567 0 0.0237323 0 0.0475452 0
11.9 22.7409 0 -0.252223 0.993832 0 0.110895 0 1 0 -0.110895 0 0.993832  -0.0298772 0 0.0249269 0 0.0481362 0
11.91 22.7406 0 -0.251947 0.993778 0 0.111379 0 1 0 -0.111379 0 0.993778  -0.0287368 0 0.0284273 0 0.0491522 0
11.92 22.7403 0 -0.251689 0.993723 0 0.111872 0 1 0 -0.111872 0 0.993723  -0.0289955 0 0.0260799 0 0.0500391 0
11.93 22.74 0 -0.25137 0.993667 0 0.112367 0 1 0 -0.112367 0 0.993667  -0.0263415 0 0.0328234 0 0.0501748 0
11.94 22.7398 0 -0.251077 0.993609 0 0.112875 0 1 0 -0.112875 0 0.993609  -0.0269281 0 0.0303556 0 0.0514466 0
11.95 22.7395 0 -0.250759 0.993551 0 0.113385 0 1 0 -0.113385 0 0.993551  -0.0259756 0 0.0322451 0 0.0517075 0
11.96 22.7392 0 -0.250412 0.993493 0 0.113897 0 1 0 -0.113897 0 0.993493  -0.0238867 0 0.035679 0 0.0517478 0
11.97 22.739 0 -0.250092 0.993432 0 0.11442 0 1 0 -0.11442 0 0.993432  -0.0246552 0 0.0322324 0 0.0529328 0
11.98 22.7388 0 -0.249716 0.993372 0 0.114941 0 1 0 -0.114941 0 0.993372  -0.0221768 0 0.0383563 0 0.0526131 0
11.99 22.7385 0 -0.249363 0.993311 0 0.11547 0 1 0 -0.11547 0 0.993311  -0.022425 0 0.0361495 0 0.0534968 0
12 22.7383 0 -0.24899 0.993249 0 0.116002 0 1 0 -0.116002 0 0.993249  -0.0216866 0 0.0374702 0 0.0538668 0
12.01 22.7381 0 -0.248593 0.993186 0 0.116536 0 1 0 -0.116536 0 0.993186  -0.0199882 0 0.0408748 0 0.053855 0
12.02 22.7379 0 -0.248213 0.993123 0 0.117076 0 1 0 -0.117076 0 0.993123  -0.019909 0 0.0385306 0 0.0544676 0
12.03 22.7377 0 -0.247803 0.993059 0 0.117615 0 1 0 -0.117615 0 0.993059  -0.0185838 0 0.0412308 0 0.0543705 0
12.04 22.7375 0 -0.247387 0.992995 0 0.118159 0 1 0 -0.118159 0 0.992995  -0.0179944 0 0.0423976 0 0.0548807 0
12.05 22.7374 0 -0.246972 0.99293 0 0.118705 0 1 0 -0.118705 0 0.99293  -0.0174042 0 0.0421322 0 0.0551971 0
12.06 22.7372 0 -0.24653 0.992864 0 0.119251 0 1 0 -0.119251 0 0.992864  -0.0158393 0 0.0449889 0 0.0550633 0
12.07 22.737 0 -0.2461 0.992798 0 0.119802 0 1 0 -0.119802 0 0.992798  -0.0157407 0 0.0435647 0 0.0555253 0
12.08 22.7369 0 -0.245644 0.992731 0 0.120351 0 1 0 -0.120351 0 0.992731  -0.0143588 0 0.0459205 0 0.0553746 0
12.09 22.7367 0 -0.245182 0.992664 0 0.120902 0 1 0 -0.120902 0 0.992664  -0.0134098 0 0.0468389 0 0.0555435 0
12.1 22.7366 0 -0.244717 0.992597 0 0.121455 0 1 0 -0.121455 0 0.992597  -0.0130248 0 0.0468692 0 0.0558742 0
12.11 22.7365 0 -0.244229 0.992529 0 0.122007 0 1 0 -0.122007 0 0.992529  -0.0114021 0 0.0493726 0 0.0555737 0
12.12 22.7364 0 -0.243746 0.992461 0 0.122561 0 1 0 -0.122561 0 0.992461  -0.011212 0 0.0487266 0 0.0558976 0
12.13 22.7363 0 -0.243241 0.992392 0 0.123115 0 1 0 -0.123115 0 0.992392  -0.00991242 0 0.0509778 0 0.0557565 0
12.14 22.7362 0 -0.242736 0.992324 0 0.123667 0 1 0 -0.123667 0 0.992324  -0.00929173 0 0.0509989 0 0.0556633 0
12.15 22.7361 0 -0.242231 0.992255 0 0.124218 0 1 0 -0.124218 0 0.992255  -0.0084399 0 0.0506159 0 0.0553912 0
12.16 22.736 0 -0.2417 0.992186 0 0.124766 0 1 0 -0.124766 0 0.992186  -0.00698674 0 0.0536228 0 0.0551499 0
12.17 22.7359 0 -0.241184 0.992117 0 0.125316 0 1 0 -0.125316 0 0.992117  -0.00711834 0 0.0519315 0 0.0554035 0
12.18 22.7359 0 -0.240642 0.992048 0 0.12586 0 1 0 -0.12586 0 0.992048  -0.00538699 0 0.0545277 0 0.0547949 0
12.19 22.7358 0 -0.240103 0.991979 0 0.126404 0 1 0 -0.126404 0 0.991979  -0.00477894 0 0.0543503 0 0.0547067 0
12.2 22.7358 0 -0.239553 0.99191 0 0.126946 0 1 0 -0.126946 0 0.99191  -0.0040585 0 0.055316 0 0.0545763 0
12.21 22.7357 0 -0.238993 0.991841 0 0.127485 0 1 0 -0.127485 0 0.991841  -0.00279139 0 0.0564401 0 0.054094 0
12.22 22.7357 0 -0.23842 0.991771 0 0.128022 0 1 0 -0.128022 0 0.991771  -0.00194533 0 0.0579324 0 0.0540638 0
12.23 22.7357 0 -0.237822 0.991701 0 0.128562 0 1 0 -0.128562 0 0.991701  -0.00128694 0 0.0611379 0 0.0544482 0
12.24 22.7357 0 -0.237238 0.991632 0 0.129098 0 1 0 -0.129098 0 0.991632  -0.000823855 0 0.0591162 0 0.0539715 0
12.25 22.7357 0 -0.236621 0.991563 0 0.129629 0 1 0 -0.129629 0 0.991563  0.000801079 -0 0.0620912 0 0.0533364 0
12.26 22.7357 0 -0.236004 0.991493 0 0.130159 0 1 0 -0.130159 0 0.991493  0.00110572 -0 0.0624423 0 0.0532895 0
12.27 22.7357 0 -0.235382 0.991424 0 0.130684 0 1 0 -0.130684 0 0.991424  0.0017787 0 0.0624974 0 0.0528211 0
12.28 22.7357 0 -0.234739 0.991356 0 0.131202 0 1 0 -0.131202 0 0.991356  0.00338443 0 0.0646969 0 0.052053 0
12.29 22.7358 0 -0.234105 0.991287 0 0.131718 0 1 0 -0.131718 0 0.991287  0.00359501 0 0.0637859 0 0.0517978 0
12.3 22.7358 0 -0.233449 0.99122 0 0.132227 0 1 0 -0.132227 0 0.99122  0.00492337 0 0.0658723 0 0.051026 0
12.31 22.7359 0 -0.232793 0.991152 0 0.13273 0 1 0 -0.13273 0 0.991152  0.00551803 0 0.0659128 0 0.0504703 0
12.32 22.7359 0 -0.232123 0.991085 0 0.13323 0 1 0 -0.13323 0 0.991085  0.00575965 0 0.0670245 0 0.0503125 0
12.33 22.736 0 -0.23145 0.991019 0 0.133719 0 1 0 -0.133719 0 0.991019  0.00723149 0 0.0670458 0 0.0489067 0
12.34 22.7361 0 -0.230757 0.990954 0 0.134203 0 1 0 -0.134203 0 0.990954  0.00824853 0 0.0692715 0 0.0484653 0
12.35 22.7362 0 -0.230076 0.990889 0 0.134681 0 1 0 -0.134681 0 0.990889  0.00838975 -0 0.0679866 0 0.0479392 0
12.36 22.7363 0 -0.229364 0.990826 0 0.135147 0 1 0 -0.135147 0 0.990826  0.0103007 0 0.071333 0 0.0467137 0
12.37 22.7364 0 -0.228675 0.990762 0 0.135609 0 1 0 -0.135609 0 0.990762  0.0100774 -0 0.0689285 0 0.046219 0
12.38 22.7365 0 -0.227996 0.990701 0 0.136057 0 1 0 -0.136057 0 0.990701  0.0109898 0 0.0669994 0 0.0447244 0
12.39 22.7366 0 -0.227278 0.990641 0 0.136492 0 1 0 -0.136492 0 0.990641  0.0134981 0 0.0720768 0 0.0432947 0
12.4 22.7367 0 -0.226609 0.990581 0 0.136925 0 1 0 -0.136925 0 0.990581  0.0120492 0 0.0669243 0 0.0433217 0
12.41 22.7369 0 -0.225896 0.990524 0 0.137342 0 1 0 -0.137342 0 0.990524  0.0143789 0 0.0711527 0 0.0415696 0
12.42 22.737 0 -0.225208 0.990467 0 0.137751 0 1 0 -0.137751 0 0.990467  0.0144393 0 0.0691086 0 0.0407954 0
12.43 22.7371 0 -0.224514 0.990411 0 0.138152 0 1 0 -0.138152 0 0.990411  0.0149404 -0 0.0691942 0 0.0399596 0
12.44 22.7373 0 -0.223777 0.990357 0 0.13854 0 1 0 -0.13854 0 0.990357  0.0166943 -0 0.0746405 0 0.0387489 0
12.45 22.7374 0 -0.2231 0.990303 0 0.138926 0 1 0 -0.138926 0 0.990303  0.0149551 -0 0.0677938 0 0.0385204 0
12.46 22.7376 0 -0.222356 0.990251 0 0.139291 0 1 0 -0.139291 0 0.990251  0.0182606 -0 0.0745653 0 0.0362801 0
12.47 22.7378 0 -0.221659 0.9902 0 0.139654 0 1 0 -0.139654 0 0.9902  0.0170156 -0 0.0701364 0 0.036053 0
12.48 22.738 0 -0.220939 0.990151 0 0.140001 0 1 0 -0.140001 0 0.990151  0.0182955 0 0.0717264 0 0.0345162 0
12.49 22.7382 0 -0.220214 0.990104 0 0.140334 0 1 0 -0.140334 0 0.990104  0.0194131 0 0.0728337 0 0.0330275 0
12.5 22.7383 0 -0.21954 0.990058 0 0.140659 0 1 0 -0.140659 0 0.990058  0.0182284 -0 0.0666193 0 0.032251 0
12.51 22.7386 0 -0.218802 0.990015 0 0.140963 0 1 0 -0.140963 0 0.990015  0.0215119 0 0.0736484 0 0.0299223 0
12.52 22.7387 0 -0.21813 0.989972 0 0.141262 0 1 0 -0.141262 0 0.989972  0.0196322 0 0.0672799 0 0.0295559 0
12.53 22.739 0 -0.217418 0.989932 0 0.141542 0 1 0 -0.141542 0 0.989932  0.0214653 0 0.0706966 0 0.0276808 0
12.54 22.7392 0 -0.216725 0.989894 0 0.14181 0 1 0 -0.14181 0 0.989894  0.0217629 0 0.0696602 0 0.0263855 0
12.55 22.7394 0 -0.216046 0.989857 0 0.142065 0 1 0 -0.142065 0 0.989857  0.0214404 0 0.0674989 0 0.0251874 0
12.56 22.7396 0 -0.215339 0.989823 0 0.142303 0 1 0 -0.142303 0 0.989823  0.0232788 0 0.0707032 0 0.0232845 0
12.57 22.7398 0 -0.214673 0.98979 0 0.142532 0 1 0 -0.142532 0 0.98979  0.0223328 0 0.0664216 0 0.0224229 0
12.58 22.7401 0 -0.213979 0.98976 0 0.142741 0 1 0 -0.142741 0 0.98976  0.0237622 -0 0.0690227 0 0.0203279 0
12.59 22.7403 0 -0.213307 0.989732 0 0.142939 0 1 0 -0.142939 0 0.989732  0.0235464 -0 0.0672046 0 0.0192244 0
12.6 22.7405 0 -0.212635 0.989705 0 0.143121 0 1 0 -0.143121 0 0.989705  0.0241062 -0 0.0668527 0 0.0176714 0
12.61 22.7408 0 -0.211962 0.989681 0 0.143287 0 1 0 -0.143287 0 0.989681  0.0247191 0 0.0670568 0 0.0159877 0
12.62 22.741 0 -0.211302 0.989659 0 0.143439 0 1 0 -0.143439 0 0.989659  0.024607 0 0.0657495 0 0.0146419 0
12.63 22.7413 0 -0.21064 0.989639 0 0.143575 0 1 0 -0.143575 0 0.989639  0.0251363 0 0.0660501 0 0.0130136 0
12.64 22.7415 0 -0.209986 0.989622 0 0.143696 0 1 0 -0.143696 0 0.989622  0.0253948 0 0.0651852 0 0.0114395 0
12.65 22.7418 0 -0.209339 0.989607 0 0.143801 0 1 0 -0.143801 0 0.989607  0.0256001 0 0.0644187 0 0.00985377 0
12.66 22.7421 0 -0.208693 0.989594 0 0.14389 0 1 0 -0.14389 0 0.989594  0.0261539 0 0.0643 0 0.00811367 0
12.67 22.7423 0 -0.20806 0.989583 0 0.143963 0 1 0 -0.143963 0 0.989583  0.0259276 0 0.0630986 0 0.00668777 0
12.68 22.7426 0 -0.207425 0.989575 0 0.14402 0 1 0 -0.14402 0 0.989575  0.0263059 0 0.0632462 0 0.00498147 0
12.69 22.7428 0 -0.206792 0.989569 0 0.14406 0 1 0 -0.14406 0 0.989569  0.0265125 0 0.0631752 0 0.00325019 0
12.7 22.7431 0 -0.206174 0.989565 0 0.144086 0 1 0 -0.144086 0 0.989565  0.0263117 0 0.0615054 0 0.0017341 0
12.71 22.7434 0 -0.205555 0.989564 0 0.144092 0 1 0 -0.144092 0 0.989564  0.0269681 0 0.0615695 0 -0.000198213 0
12.72 22.7436 0 -0.204947 0.989566 0 0.144083 0 1 0 -0.144083 0 0.989566  0.0268269 0 0.0604112 0 -0.00179504 0
12.73 22.7439 0 -0.204349 0.98957 0 0.144056 0 1 0 -0.144056 0 0.98957  0.0271498 0 0.0594014 0 -0.00362591 0
12.74 22.7442 0 -0.203754 0.989576 0 0.144011 0 1 0 -0.144011 0 0.989576  0.0272566 0 0.0591603 0 -0.00534762 0
12.75 22.7444 0 -0.203172 0.989585 0 0.143952 0 1 0 -0.143952 0 0.989585  0.0264763 0 0.0578271 0 -0.00678121 0
12.76 22.7447 0 -0.202592 0.989596 0 0.143873 0 1 0 -0.143873 0 0.989596  0.0274257 0 0.0577435 0 -0.00892201 0
12.77 22.745 0 -0.202033 0.98961 0 0.143778 0 1 0 -0.143778 0 0.98961  0.0270557 0 0.0552854 0 -0.0105332 0
12.78 22.7453 0 -0.20147 0.989627 0 0.143663 0 1 0 -0.143663 0 0.989627  0.0274609 0 0.055779 0 -0.0124827 0
12.79 22.7455 0 -0.200927 0.989646 0 0.143531 0 1 0 -0.143531 0 0.989646  0.0271695 0 0.0539119 0 -0.0141791 0
12.8 22.7458 0 -0.20039 0.989668 0 0.143381 0 1 0 -0.143381 0 0.989668  0.0275494 0 0.0530356 0 -0.0161142 0
12.81 22.7461 0 -0.199864 0.989692 0 0.143212 0 1 0 -0.143212 0 0.989692  0.027627 0 0.0521091 0 -0.0180312 0
12.82 22.7464 0 -0.199349 0.989719 0 0.143028 0 1 0 -0.143028 0 0.989719  0.0267409 0 0.0509428 0 -0.0194121 0
12.83 22.7466 0 -0.198846 0.989748 0 0.142826 0 1 0 -0.142826 0 0.989748  0.0271091 0 0.0498363 0 -0.0212585 0
12.84 22.7469 0 -0.198351 0.98978 0 0.142604 0 1 0 -0.142604 0 0.98978  0.0273218 0 0.0488911 0 -0.0233761 0
12.85 22.7472 0 -0.197872 0.989814 0 0.142366 0 1 0 -0.142366 0 0.989814  0.0266295 0 0.0472958 0 -0.0250141 0
12.86 22.7474 0 -0.1974 0.989851 0 0.142109 0 1 0 -0.142109 0 0.989851  0.0267758 0 0.0467301 0 -0.0268007 0
12.87 22.7477 0 -0.196944 0.989891 0 0.141834 0 1 0 -0.141834 0 0.989891  0.0264791 0 0.0451364 0 -0.0286577 0
12.88 22.748 0 -0.196499 0.989933 0 0.141539 0 1 0 -0.141539 0 0.989933  0.0264216 0 0.043856 0 -0.03064 0
12.89 22.7482 0 -0.196065 0.989977 0 0.141228 0 1 0 -0.141228 0 0.989977  0.0261153 0 0.0427107 0 -0.0323708 0
12.9 22.7485 0 -0.195644 0.990024 0 0.140899 0 1 0 -0.140899 0 0.990024  0.0257191 -0 0.0413986 0 -0.034181 0
12.91 22.7487 0 -0.195237 0.990073 0 0.140551 0 1 0 -0.140551 0 0.990073  0.0256327 -0 0.0401423 0 -0.0360878 0
12.92 22.749 0 -0.194841 0.990125 0 0.140186 0 1 0 -0.140186 0 0.990125  0.0249864 -0 0.038907 0 -0.0377038 0
12.93 22.7492 0 -0.194457 0.990179 0 0.139803 0 1 0 -0.139803 0 0.990179  0.0245163 0 0.0378846 0 -0.0395149 0
12.94 22.7495 0 -0.194086 0.990236 0 0.139403 0 1 0 -0.139403 0 0.990236  0.0241157 0 0.0365594 0 -0.0412831 0
12.95 22.7497 0 -0.19373 0.990294 0 0.138985 0 1 0 -0.138985 0 0.990294  0.0238399 0 0.0348148 0 -0.0430827 0
12.96 22.75 0 -0.193383 0.990356 0 0.138549 0 1 0 -0.138549 0 0.990356  0.0237051 0 0.0340006 0 -0.0449936 0
12.97 22.7502 0 -0.193056 0.990419 0 0.138096 0 1 0 -0.138096 0 0.990419  0.0228582 0 0.0319417 0 -0.0465779 0
12.98 22.7504 0 -0.192738 0.990484 0 0.137625 0 1 0 -0.137625 0 0.990484  0.0227716 0 0.0311601 0 -0.0484478 0
12.99 22.7507 0 -0.19244 0.990552 0 0.137136 0 1 0 -0.137136 0 0.990552  0.0223262 0 0.0291323 0 -0.0502023 0
13 22.7509 0 -0.192152 0.990622 0 0.136631 0 1 0 -0.136631 0 0.990622  0.0215812 0 0.0281016 0 -0.0517856 0
13.01 22.7511 0 -0.191881 0.990694 0 0.136109 0 1 0 -0.136109 0 0.990694  0.0211368 0 0.0263679 0 -0.0535029 0
13.02 22.7513 0 -0.191623 0.990768 0 0.135571 0 1 0 -0.135571 0 0.990768  0.0204912 0 0.0250239 0 -0.0551304 0
13.03 22.7515 0 -0.191381 0.990843 0 0.135016 0 1 0 -0.135016 0 0.990843  0.0199875 0 0.0234874 0 -0.0568443 0
13.04 22.7517 0 -0.191154 0.990921 0 0.134445 0 1 0 -0.134445 0 0.990921  0.0194146 0 0.0219153 0 -0.0585249 0
13.05 22.7519 0 -0.190943 0.991001 0 0.133857 0 1 0 -0.133857 0 0.991001  0.0187824 0 0.0203778 0 -0.0600863 0
13.06 22.7521 0 -0.190747 0.991082 0 0.133254 0 1 0 -0.133254 0 0.991082  0.0182133 0 0.0188954 0 -0.0616987 0
13.07 22.7523 0 -0.190567 0.991165 0 0.132635 0 1 0 -0.132635 0 0.991165  0.017323 0 0.0171445 0 -0.0632189 0
13.08 22.7524 0 -0.190401 0.99125 0 0.132 0 1 0 -0.132 0 0.99125  0.0170125 0 0.0158462 0 -0.064903 0
13.09 22.7526 0 -0.190253 0.991336 0 0.13135 0 1 0 -0.13135 0 0.991336  0.0160634 0 0.0139662 0 -0.0662772 0
13.1 22.7527 0 -0.190119 0.991423 0 0.130689 0 1 0 -0.130689 0 0.991423  0.0150582 0 0.0125931 0 -0.0674482 0
13.11 22.7529 0 -0.190003 0.991513 0 0.130009 0 1 0 -0.130009 0 0.991513  0.0146994 0 0.0108493 0 -0.0692238 0
13.12 22.753 0 -0.189903 0.991603 0 0.129317 0 1 0 -0.129317 0 0.991603  0.0137131 0 0.00922412 0 -0.0705405 0
13.13 22.7532 0 -0.18982 0.991695 0 0.128611 0 1 0 -0.128611 0 0.991695  0.0128282 0 0.00744015 0 -0.0718565 0
13.14 22.7533 0 -0.189753 0.991788 0 0.127891 0 1 0 -0.127891 0 0.991788  0.0122476 0 0.00594088 0 -0.073354 0
13.15 22.7534 0 -0.189703 0.991882 0 0.127159 0 1 0 -0.127159 0 0.991882  0.010966 0 0.00421515 0 -0.0744811 0
13.16 22.7535 0 -0.189667 0.991978 0 0.126412 0 1 0 -0.126412 0 0.991978  0.0104273 0 0.00274202 0 -0.0759512 0
13.17 22.7536 0 -0.189654 0.992074 0 0.125654 0 1 0 -0.125654 0 0.992074  0.00932308 0 0.000413919 0 -0.0771402 0
13.18 22.7537 0 -0.189649 0.992172 0 0.124882 0 1 0 -0.124882 0 0.992172  0.00840596 0 -0.00030198 0 -0.0783664 0
13.19 22.7538 0 -0.18967 0.99227 0 0.124099 0 1 0 -0.124099 0 0.99227  0.00728792 0 -0.00284951 -0 -0.0795526 0
13.2 22.7539 0 -0.1897 0.992369 0 0.123303 0 1 0 -0.123303 0 0.992369  0.0066325 0 -0.00384277 0 -0.0808304 0
13.21 22.7539 0 -0.189753 0.992469 0 0.122496 0 1 0 -0.122496 0 0.992469  0.0054168 0 -0.00614807 0 -0.0819004 0
13.22 22.754 0 -0.189818 0.99257 0 0.121679 0 1 0 -0.121679 0 0.99257  0.00418935 0 -0.00744073 0 -0.0828804 0
13.23 22.754 0 -0.189903 0.992671 0 0.12085 0 1 0 -0.12085 0 0.992671  0.00348479 0 -0.00922722 0 -0.084089 0
13.24 22.754 0 -0.190004 0.992773 0 0.12001 0 1 0 -0.12001 0 0.992773  0.0024946 0 -0.0110122 0 -0.0851613 0
13.25 22.754 0 -0.190122 0.992875 0 0.119161 0 1 0 -0.119161 0 0.992875  0.00141264 0 -0.0126872 0 -0.0861101 0
13.26 22.7541 0 -0.190256 0.992978 0 0.1183 0 1 0 -0.1183 0 0.992978  0.00043051 0 -0.0142082 0 -0.0871293 0
13.27 22.7541 0 -0.190409 0.993081 0 0.117431 0 1 0 -0.117431 0 0.993081  -0.000663728 0 -0.016168 0 -0.0880696 0
13.28 22.754 0 -0.190577 0.993185 0 0.116551 0 1 0 -0.116551 0 0.993185  -0.00152442 0 -0.0175478 0 -0.0890711 0
13.29 22.754 0 -0.190761 0.993288 0 0.115664 0 1 0 -0.115664 0 0.993288  -0.00280645 0 -0.0191874 0 -0.0896123 0
13.3 22.754 0 -0.190965 0.993392 0 0.114767 0 1 0 -0.114767 0 0.993392  -0.0036143 0 -0.0212491 0 -0.0906826 0
13.31 22.7539 0 -0.191183 0.993496 0 0.113863 0 1 0 -0.113863 0 0.993496  -0.00486849 0 -0.022623 0 -0.0914704 0
13.32 22.7539 0 -0.191416 0.9936 0 0.112953 0 1 0 -0.112953 0 0.9936  -0.0062656 0 -0.0241278 0 -0.0920089 0
13.33 22.7538 0 -0.19167 0.993704 0 0.112034 0 1 0 -0.112034 0 0.993704  -0.00736052 0 -0.0261731 0 -0.0927956 0
13.34 22.7537 0 -0.191933 0.993808 0 0.111108 0 1 0 -0.111108 0 0.993808  -0.00822606 0 -0.0271382 0 -0.093553 0
13.35 22.7537 0 -0.192221 0.993912 0 0.110178 0 1 0 -0.110178 0 0.993912  -0.00991195 0 -0.0296147 0 -0.0939431 0
13.36 22.7536 0 -0.192513 0.994015 0 0.10924 0 1 0 -0.10924 0 0.994015  -0.0106679 0 -0.0299272 0 -0.0946412 0
13.37 22.7534 0 -0.192835 0.994118 0 0.108298 0 1 0 -0.108298 0 0.994118  -0.0123748 0 -0.0330072 0 -0.0949871 0
13.38 22.7533 0 -0.193158 0.994221 0 0.10735 0 1 0 -0.10735 0 0.994221  -0.0130769 0 -0.0332101 0 -0.0956828 0
13.39 22.7532 0 -0.193508 0.994323 0 0.106399 0 1 0 -0.106399 0 0.994323  -0.0147844 0 -0.0357232 0 -0.0958504 0
13.4 22.753 0 -0.193867 0.994425 0 0.105444 0 1 0 -0.105444 0 0.994425  -0.0157172 0 -0.0367937 0 -0.0961968 0
13.41 22.7528 0 -0.194241 0.994526 0 0.104488 0 1 0 -0.104488 0 0.994526  -0.0171151 0 -0.0379719 0 -0.0963545 0
13.42 22.7527 0 -0.194637 0.994627 0 0.103526 0 1 0 -0.103526 0 0.994627  -0.0184043 0 -0.0403882 0 -0.0968379 0
13.43 22.7525 0 -0.19504 0.994727 0 0.102562 0 1 0 -0.102562 0 0.994727  -0.0189866 0 -0.0411428 0 -0.0971823 0
13.44 22.7523 0 -0.195467 0.994826 0 0.101597 0 1 0 -0.101597 0 0.994826  -0.0210381 0 -0.0436029 0 -0.0970821 0
13.45 22.7521 0 -0.195902 0.994924 0 0.100628 0 1 0 -0.100628 0 0.994924  -0.0217881 0 -0.0442872 0 -0.0975737 0
13.46 22.7518 0 -0.196357 0.995022 0 0.0996571 0 1 0 -0.0996571 0 0.995022  -0.0231228 0 -0.0462169 0 -0.0976709 0
13.47 22.7516 0 -0.19683 0.995119 0 0.0986852 0 1 0 -0.0986852 0 0.995119  -0.0245269 0 -0.0482278 0 -0.0977383 0
13.48 22.7514 0 -0.197311 0.995215 0 0.0977111 0 1 0 -0.0977111 0 0.995215  -0.0253237 0 -0.0487571 0 -0.0979439 0
13.49 22.7511 0 -0.197814 0.99531 0 0.0967381 0 1 0 -0.0967381 0 0.99531  -0.0269035 0 -0.0509749 0 -0.0977455 0
13.5 22.7508 0 -0.198328 0.995404 0 0.0957641 0 1 0 -0.0957641 0 0.995404  -0.028358 0 -0.0522355 0 -0.0978364 0
13.51 22.7505 0 -0.198858 0.995497 0 0.0947905 0 1 0 -0.0947905 0 0.995497  -0.0293745 0 -0.0537103 0 -0.0978185 0
13.52 22.7502 0 -0.199402 0.995589 0 0.0938199 0 1 0 -0.0938199 0 0.995589  -0.0307669 0 -0.0551584 0 -0.0974327 0
13.53 22.7499 0 -0.199961 0.99568 0 0.0928501 0 1 0 -0.0928501 0 0.99568  -0.0319352 0 -0.0566114 0 -0.0973092 0
13.54 22.7496 0 -0.200531 0.99577 0 0.0918824 0 1 0 -0.0918824 0 0.99577  -0.0330671 0 -0.0576767 0 -0.0971427 0
13.55 22.7493 0 -0.20111 0.995858 0 0.0909224 0 1 0 -0.0909224 0 0.995858  -0.0345875 0 -0.0585678 0 -0.0962013 0
13.56 22.7489 0 -0.201705 0.995945 0 0.0899638 0 1 0 -0.0899638 0 0.995945  -0.0357632 0 -0.0600858 0 -0.0959715 0
13.57 22.7485 0 -0.202311 0.996031 0 0.0890092 0 1 0 -0.0890092 0 0.996031  -0.0368959 0 -0.061234 0 -0.0956749 0
13.58 22.7482 0 -0.202932 0.996115 0 0.0880596 0 1 0 -0.0880596 0 0.996115  -0.0380489 0 -0.062712 0 -0.0951602 0
13.59 22.7478 0 -0.203559 0.996198 0 0.0871146 0 1 0 -0.0871146 0 0.996198  -0.0389037 0 -0.0631373 0 -0.0945991 0
13.6 22.7474 0 -0.204207 0.99628 0 0.0861766 0 1 0 -0.0861766 0 0.99628  -0.0407551 0 -0.0652045 0 -0.0938224 0
13.61 22.747 0 -0.204863 0.99636 0 0.0852426 0 1 0 -0.0852426 0 0.99636  -0.0418425 0 -0.0662433 0 -0.0934684 0
13.62 22.7465 0 -0.205529 0.996439 0 0.0843155 0 1 0 -0.0843155 0 0.996439  -0.0428166 0 -0.0671503 0 -0.0927685 0
13.63 22.7461 0 -0.20621 0.996516 0 0.0833971 0 1 0 -0.0833971 0 0.996516  -0.0444012 0 -0.0686863 0 -0.0918051 0
13.64 22.7457 0 -0.206897 0.996592 0 0.0824844 0 1 0 -0.0824844 0 0.996592  -0.0452658 0 -0.0692246 0 -0.0911993 0
13.65 22.7452 0 -0.207619 0.996667 0 0.0815794 0 1 0 -0.0815794 0 0.996667  -0.0471475 0 -0.0732084 0 -0.0904593 0
13.66 22.7447 0 -0.208315 0.99674 0 0.0806781 0 1 0 -0.0806781 0 0.99674  -0.0465999 0 -0.0700993 0 -0.0900932 0
13.67 22.7442 0 -0.209072 0.996812 0 0.0797915 0 1 0 -0.0797915 0 0.996812  -0.0497174 0 -0.0764297 0 -0.0884952 0
13.68 22.7438 0 -0.2098 0.996882 0 0.0789064 0 1 0 -0.0789064 0 0.996882  -0.0495901 0 -0.0735645 0 -0.0883563 0
13.69 22.7432 0 -0.210564 0.996951 0 0.0780358 0 1 0 -0.0780358 0 0.996951  -0.0514197 0 -0.0767695 0 -0.0869315 0
13.7 22.7427 0 -0.211324 0.997018 0 0.0771741 0 1 0 -0.0771741 0 0.997018  -0.0520841 0 -0.0766126 0 -0.0858783 0
13.71 22.7422 0 -0.212098 0.997083 0 0.0763238 0 1 0 -0.0763238 0 0.997083  -0.053366 0 -0.0777393 0 -0.0847471 0
13.72 22.7417 0 -0.21288 0.997147 0 0.0754868 0 1 0 -0.0754868 0 0.997147  -0.0545868 0 -0.0786347 0 -0.0833826 0
13.73 22.7411 0 -0.213669 0.997209 0 0.0746621 0 1 0 -0.0746621 0 0.997209  -0.055686 0 -0.0793757 0 -0.0820712 0
13.74 22.7405 0 -0.214483 0.99727 0 0.073847 0 1 0 -0.073847 0 0.99727  -0.0567738 0 -0.0820913 0 -0.0811692 0
13.75 22.74 0 -0.215287 0.997329 0 0.0730438 0 1 0 -0.0730438 0 0.997329  -0.0573609 0 -0.0808939 0 -0.079991 0
13.76 22.7394 0 -0.216122 0.997386 0 0.0722572 0 1 0 -0.0722572 0 0.997386  -0.0593368 0 -0.084029 0 -0.0781601 0
13.77 22.7388 0 -0.216948 0.997442 0 0.0714809 0 1 0 -0.0714809 0 0.997442  -0.0596604 0 -0.0830969 0 -0.0771012 0
13.78 22.7382 0 -0.217759 0.997496 0 0.0707256 0 1 0 -0.0707256 0 0.997496  -0.060411 0 -0.080646 0 -0.0749174 0
13.79 22.7376 0 -0.218617 0.997548 0 0.0699881 0 1 0 -0.0699881 0 0.997548  -0.0624724 0 -0.0861021 0 -0.0729563 0
13.8 22.737 0 -0.219431 0.997599 0 0.0692602 0 1 0 -0.0692602 0 0.997599  -0.0620024 0 -0.0815833 0 -0.0721977 0
13.81 22.7363 0 -0.220283 0.997647 0 0.0685576 0 1 0 -0.0685576 0 0.997647  -0.0639778 0 -0.0850677 -0 -0.069616 0
13.82 22.7357 0 -0.221128 0.997694 0 0.0678674 0 1 0 -0.0678674 0 0.997694  -0.0644424 0 -0.0850794 -0 -0.0682413 0
13.83 22.735 0 -0.221986 0.99774 0 0.0671919 0 1 0 -0.0671919 0 0.99774  -0.0651747 0 -0.086199 -0 -0.0669688 0
13.84 22.7344 0 -0.222846 0.997784 0 0.0665355 0 1 0 -0.0665355 0 0.997784  -0.066008 0 -0.0864034 0 -0.0650234 0
13.85 22.7337 0 -0.22371 0.997826 0 0.0658974 0 1 0 -0.0658974 0 0.997826  -0.0667706 0 -0.0865444 0 -0.0630616 0
13.86 22.733 0 -0.224573 0.997867 0 0.0652779 0 1 0 -0.0652779 0 0.997867  -0.067659 0 -0.0864582 0 -0.0611572 0
13.87 22.7324 0 -0.225443 0.997906 0 0.0646788 0 1 0 -0.0646788 0 0.997906  -0.0686346 0 -0.0871431 0 -0.0590865 0
13.88 22.7317 0 -0.226311 0.997944 0 0.0640983 0 1 0 -0.0640983 0 0.997944  -0.0691064 0 -0.0868794 0 -0.057206 0
13.89 22.731 0 -0.227183 0.997979 0 0.063539 0 1 0 -0.063539 0 0.997979  -0.0697686 0 -0.0872367 0 -0.0550062 0
13.9 22.7303 0 -0.228056 0.998014 0 0.063 0 1 0 -0.063 0 0.998014  -0.0706439 0 -0.0872766 0 -0.0529281 0
13.91 22.7296 0 -0.228929 0.998046 0 0.0624809 0 1 0 -0.0624809 0 0.998046  -0.071329 0 -0.0874135 0 -0.0509912 0
13.92 22.7289 0 -0.229801 0.998077 0 0.0619843 0 1 0 -0.0619843 0 0.998077  -0.0717783 0 -0.0871934 0 -0.0487258 0
13.93 22.7281 0 -0.230677 0.998107 0 0.061509 0 1 0 -0.061509 0 0.998107  -0.0723679 0 -0.0876733 0 -0.0465393 0
13.94 22.7274 0 -0.231548 0.998134 0 0.0610554 0 1 0 -0.0610554 0 0.998134  -0.0730355 0 -0.0870668 0 -0.0443482 0
13.95 22.7267 0 -0.232425 0.998161 0 0.0606242 0 1 0 -0.0606242 0 0.998161  -0.0735082 0 -0.087698 0 -0.0421107 0
13.96 22.7259 0 -0.233299 0.998185 0 0.0602155 0 1 0 -0.0602155 0 0.998185  -0.0740326 0 -0.0875366 0 -0.0398154 0
13.97 22.7252 0 -0.234168 0.998209 0 0.0598306 0 1 0 -0.0598306 0 0.998209  -0.0743793 0 -0.0866717 0 -0.0374161 0
13.98 22.7244 0 -0.235048 0.99823 0 0.0594687 0 1 0 -0.0594687 0 0.99823  -0.0749537 0 -0.0880635 0 -0.0350873 0
13.99 22.7237 0 -0.235912 0.99825 0 0.0591295 0 1 0 -0.0591295 0 0.99825  -0.0751475 0 -0.086423 0 -0.032835 0
14 22.7229 0 -0.236787 0.998269 0 0.0588145 0 1 0 -0.0588145 0 0.998269  -0.0754408 0 -0.0873519 0 -0.0304054 0
14.01 22.7222 0 -0.237657 0.998286 0 0.0585237 0 1 0 -0.0585237 0 0.998286  -0.0758175 0 -0.0870787 0 -0.0279648 0
14.02 22.7214 0 -0.238521 0.998302 0 0.0582562 0 1 0 -0.0582562 0 0.998302  -0.0759489 0 -0.0862813 0 -0.0255894 0
14.03 22.7207 0 -0.239391 0.998316 0 0.0580156 0 1 0 -0.0580156 0 0.998316  -0.0766411 0 -0.0869161 0 -0.022853 0
14.04 22.7199 0 -0.240253 0.998328 0 0.0577963 0 1 0 -0.0577963 0 0.998328  -0.0760729 0 -0.0860597 0 -0.0207327 0
14.05 22.7191 0 -0.241115 0.998339 0 0.0576049 0 1 0 -0.0576049 0 0.998339  -0.0765825 0 -0.0860731 0 -0.017932 0
14.06 22.7184 0 -0.241974 0.998349 0 0.0574386 0 1 0 -0.0574386 0 0.998349  -0.0767802 0 -0.0857868 0 -0.0153766 0
14.07 22.7176 0 -0.242825 0.998357 0 0.0572981 0 1 0 -0.0572981 0 0.998357  -0.0771438 0 -0.0849224 0 -0.0128165 0
14.08 22.7168 0 -0.243676 0.998364 0 0.0571849 0 1 0 -0.0571849 0 0.998364  -0.0773505 0 -0.0848992 0 -0.0100242 0
14.09 22.7161 0 -0.244517 0.998369 0 0.0570965 0 1 0 -0.0570965 0 0.998369  -0.0771465 0 -0.0838829 0 -0.00756668 0
14.1 22.7153 0 -0.245362 0.998372 0 0.0570368 0 1 0 -0.0570368 0 0.998372  -0.0771549 0 -0.0843294 0 -0.0046719 0
14.11 22.7145 0 -0.246193 0.998374 0 0.0570018 0 1 0 -0.0570018 0 0.998374  -0.0768883 0 -0.0828376 -0 -0.00215423 0
14.12 22.7137 0 -0.247024 0.998374 0 0.0569956 0 1 0 -0.0569956 0 0.998374  -0.0772511 0 -0.0827669 0 0.000737605 0
14.13 22.713 0 -0.247843 0.998373 0 0.0570174 0 1 0 -0.0570174 0 0.998373  -0.0773479 0 -0.0816343 0 0.003605 0
14.14 22.7122 0 -0.248658 0.99837 0 0.0570671 0 1 0 -0.0570671 0 0.99837  -0.0771686 0 -0.0810825 0 0.00640518 0
14.15 22.7114 0 -0.249468 0.998366 0 0.0571436 0 1 0 -0.0571436 0 0.998366  -0.0767208 0 -0.080672 0 0.0090115 0
14.16 22.7107 0 -0.250264 0.99836 0 0.057248 0 1 0 -0.057248 0 0.99836  -0.0766042 0 -0.0792476 0 0.0118148 0
14.17 22.7099 0 -0.251062 0.998352 0 0.0573828 0 1 0 -0.0573828 0 0.998352  -0.0767948 0 -0.0794813 0 0.0149608 0
14.18 22.7091 0 -0.25184 0.998343 0 0.0575442 0 1 0 -0.0575442 0 0.998343  -0.0760906 0 -0.0773003 0 0.0175934 0
14.19 22.7084 0 -0.252621 0.998332 0 0.0577351 0 1 0 -0.0577351 0 0.998332  -0.0761061 0 -0.0777726 0 0.0205091 0
14.2 22.7076 0 -0.253381 0.998319 0 0.0579536 0 1 0 -0.0579536 0 0.998319  -0.0756593 0 -0.0755398 0 0.0232709 0
14.21 22.7069 0 -0.254142 0.998305 0 0.0582021 0 1 0 -0.0582021 0 0.998305  -0.0755978 0 -0.0755971 0 0.0263235 0
14.22 22.7061 0 -0.254883 0.998289 0 0.0584783 0 1 0 -0.0584783 0 0.998289  -0.0750315 0 -0.0736517 0 0.0291195 0
14.23 22.7054 0 -0.255619 0.998271 0 0.0587837 0 1 0 -0.0587837 0 0.998271  -0.0747088 0 -0.0730014 0 0.0320288 0
14.24 22.7046 0 -0.256351 0.998251 0 0.0591176 0 1 0 -0.0591176 0 0.998251  -0.0740926 0 -0.0728433 0 0.0348838 0
14.25 22.7039 0 -0.257058 0.99823 0 0.0594783 0 1 0 -0.0594783 0 0.99823  -0.0731736 0 -0.0699983 0 0.0375525 0
14.26 22.7031 0 -0.257768 0.998206 0 0.0598711 0 1 0 -0.0598711 0 0.998206  -0.0734297 0 -0.0703782 0 0.0408131 0
14.27 22.7024 0 -0.258451 0.998181 0 0.0602902 0 1 0 -0.0602902 0 0.998181  -0.0723958 0 -0.0677605 0 0.0434403 0
14.28 22.7017 0 -0.259125 0.998154 0 0.060739 0 1 0 -0.060739 0 0.998154  -0.072063 0 -0.0664845 0 0.0463749 0
14.29 22.701 0 -0.259788 0.998124 0 0.0612176 0 1 0 -0.0612176 0 0.998124  -0.0717304 0 -0.0656481 0 0.0493956 0
14.3 22.7003 0 -0.260424 0.998093 0 0.0617218 0 1 0 -0.0617218 0 0.998093  -0.070654 0 -0.0628596 0 0.0519262 0
14.31 22.6996 0 -0.261059 0.99806 0 0.0622571 0 1 0 -0.0622571 0 0.99806  -0.0704437 0 -0.0627204 0 0.0550456 0
14.32 22.6989 0 -0.261672 0.998025 0 0.0628196 0 1 0 -0.0628196 0 0.998025  -0.0694155 0 -0.060682 0 0.0578041 0
14.33 22.6982 0 -0.262265 0.997988 0 0.0634099 0 1 0 -0.0634099 0 0.997988  -0.0687782 0 -0.0583481 0 0.0605784 0
14.34 22.6975 0 -0.262851 0.997948 0 0.06403 0 1 0 -0.06403 0 0.997948  -0.068364 0 -0.0577636 0 0.0635638 0
14.35 22.6968 0 -0.263425 0.997906 0 0.0646785 0 1 0 -0.0646785 0 0.997906  -0.0671808 0 -0.0568431 0 0.0664442 0
14.36 22.6961 0 -0.263973 0.997862 0 0.0653545 0 1 0 -0.0653545 0 0.997862  -0.0662771 0 -0.0539948 0 0.0691804 0
14.37 22.6955 0 -0.264514 0.997816 0 0.0660592 0 1 0 -0.0660592 0 0.997816  -0.0659023 0 -0.0533267 0 0.0719991 0
14.38 22.6948 0 -0.265034 0.997767 0 0.0667903 0 1 0 -0.0667903 0 0.997767  -0.0645318 0 -0.0512385 0 0.0746488 0
14.39 22.6942 0 -0.265546 0.997716 0 0.0675502 0 1 0 -0.0675502 0 0.997716  -0.0635938 0 -0.0507294 0 0.0775771 0
14.4 22.6936 0 -0.266033 0.997662 0 0.0683363 0 1 0 -0.0683363 0 0.997662  -0.0627348 0 -0.0481896 0 0.0802033 0
14.41 22.6929 0 -0.266507 0.997606 0 0.0691487 0 1 0 -0.0691487 0 0.997606  -0.0613563 0 -0.0464066 0 0.082772 0
14.42 22.6923 0 -0.266959 0.997548 0 0.0699874 0 1 0 -0.0699874 0 0.997548  -0.060485 0 -0.0442375 0 0.0854015 0
14.43 22.6917 0 -0.2674 0.997487 0 0.0708544 0 1 0 -0.0708544 0 0.997487  -0.0598219 0 -0.0431845 0 0.0882752 0
14.44 22.6911 0 -0.26781 0.997423 0 0.0717457 0 1 0 -0.0717457 0 0.997423  -0.0582393 0 -0.0400206 0 0.0907108 0
14.45 22.6906 0 -0.268219 0.997357 0 0.0726633 0 1 0 -0.0726633 0 0.997357  -0.0573767 0 -0.0400055 0 0.0932874 0
14.46 22.69 0 -0.268592 0.997287 0 0.0736054 0 1 0 -0.0736054 0 0.997287  -0.0560417 0 -0.0364654 0 0.0957368 0
14.47 22.6894 0 -0.268961 0.997215 0 0.0745763 0 1 0 -0.0745763 0 0.997215  -0.0554655 0 -0.0359197 0 0.0986779 0
14.48 22.6889 0 -0.269305 0.99714 0 0.0755708 0 1 0 -0.0755708 0 0.99714  -0.0539905 0 -0.0335946 0 0.101038 0
14.49 22.6883 0 -0.269628 0.997063 0 0.0765893 0 1 0 -0.0765893 0 0.997063  -0.05258 0 -0.03137 0 0.10334 0
14.5 22.6878 0 -0.269938 0.996982 0 0.0776341 0 1 0 -0.0776341 0 0.996982  -0.051893 0 -0.030055 0 0.106024 0
14.51 22.6873 0 -0.270217 0.996898 0 0.078701 0 1 0 -0.078701 0 0.996898  -0.0502947 0 -0.0268248 0 0.108224 0
14.52 22.6868 0 -0.270491 0.996811 0 0.079793 0 1 0 -0.079793 0 0.996811  -0.0492266 0 -0.0264291 0 0.110728 0
14.53 22.6863 0 -0.270729 0.996722 0 0.0809072 0 1 0 -0.0809072 0 0.996722  -0.047798 0 -0.0228218 0 0.112955 0
14.54 22.6859 0 -0.270958 0.996629 0 0.0820451 0 1 0 -0.0820451 0 0.996629  -0.0467194 0 -0.0218072 0 0.115333 0
14.55 22.6854 0 -0.271161 0.996532 0 0.0832046 0 1 0 -0.0832046 0 0.996532  -0.0452835 0 -0.0193204 0 0.117489 0
14.56 22.685 0 -0.271342 0.996433 0 0.0843858 0 1 0 -0.0843858 0 0.996433  -0.0438536 0 -0.0169672 0 0.119641 0
14.57 22.6845 0 -0.27151 0.99633 0 0.0855896 0 1 0 -0.0855896 0 0.99633  -0.0427865 0 -0.0158049 0 0.121919 0
14.58 22.6841 0 -0.271647 0.996225 0 0.086812 0 1 0 -0.086812 0 0.996225  -0.0408833 0 -0.0126758 0 0.123742 0
14.59 22.6837 0 -0.271771 0.996116 0 0.0880562 0 1 0 -0.0880562 0 0.996116  -0.0398621 0 -0.0113395 0 0.125945 0
14.6 22.6833 0 -0.271871 0.996003 0 0.0893195 0 1 0 -0.0893195 0 0.996003  -0.0385529 0 -0.00893768 0 0.127851 0
14.61 22.6829 0 -0.271946 0.995887 0 0.0906019 0 1 0 -0.0906019 0 0.995887  -0.0368819 0 -0.0064432 0 0.129727 0
14.62 22.6826 0 -0.272006 0.995768 0 0.0919046 0 1 0 -0.0919046 0 0.995768  -0.0358045 0 -0.00489118 0 0.131787 0
14.63 22.6822 0 -0.272035 0.995645 0 0.0932245 0 1 0 -0.0932245 0 0.995645  -0.034162 0 -0.00185118 0 0.133498 0
14.64 22.6819 0 -0.272049 0.995519 0 0.0945631 0 1 0 -0.0945631 0 0.995519  -0.0329712 0 -0.00018899 0 0.135343 0
14.65 22.6816 0 -0.272035 0.995389 0 0.0959177 0 1 0 -0.0959177 0 0.995389  -0.0313115 0 0.00251099 0 0.136953 0
14.66 22.6813 0 -0.271999 0.995256 0 0.0972897 0 1 0 -0.0972897 0 0.995256  -0.0300358 0 0.00480391 0 0.138713 0
14.67 22.681 0 -0.271937 0.99512 0 0.098677 0 1 0 -0.098677 0 0.99512  -0.0285377 0 0.00733081 0 0.140223 0
14.68 22.6807 0 -0.271861 0.994979 0 0.10008 0 1 0 -0.10008 0 0.994979  -0.0270049 0 0.00868709 0 0.141794 0
14.69 22.6804 0 -0.271754 0.994836 0 0.101496 0 1 0 -0.101496 0 0.994836  -0.0250479 0 0.0118647 0 0.143009 0
14.7 22.6802 0 -0.27163 0.994689 0 0.102928 0 1 0 -0.102928 0 0.994689  -0.0242338 0 0.0135876 0 0.144731 0
14.71 22.6799 0 -0.271484 0.994539 0 0.10437 0 1 0 -0.10437 0 0.994539  -0.0223578 0 0.0156251 0 0.145688 0
14.72 22.6797 0 -0.271311 0.994385 0 0.105825 0 1 0 -0.105825 0 0.994385  -0.0205522 0 0.0184781 0 0.146976 0
14.73 22.6795 0 -0.27112 0.994227 0 0.107293 0 1 0 -0.107293 0 0.994227  -0.0192884 0 0.0202607 0 0.148276 0
14.74 22.6793 0 -0.270912 0.994067 0 0.108771 0 1 0 -0.108771 0 0.994067  -0.0177591 0 0.0218247 0 0.149261 0
14.75 22.6792 0 -0.270664 0.993903 0 0.11026 0 1 0 -0.11026 0 0.993903  -0.0157823 0 0.0261078 0 0.150299 0
14.76 22.679 0 -0.270413 0.993735 0 0.111761 0 1 0 -0.111761 0 0.993735  -0.0148843 0 0.0262214 0 0.151683 0
14.77 22.6789 0 -0.270123 0.993564 0 0.113268 0 1 0 -0.113268 0 0.993564  -0.0129222 0 0.0301194 0 0.15218 0
14.78 22.6788 0 -0.269812 0.99339 0 0.114786 0 1 0 -0.114786 0 0.99339  -0.0111397 0 0.0325389 0 0.153172 0
14.79 22.6787 0 -0.269491 0.993213 0 0.116314 0 1 0 -0.116314 0 0.993213  -0.0101629 0 0.0331172 0 0.15426 0
14.8 22.6786 0 -0.269122 0.993032 0 0.117845 0 1 0 -0.117845 0 0.993032  -0.00766246 0 0.0380876 0 0.154592 0
14.81 22.6785 0 -0.26876 0.992848 0 0.119388 0 1 0 -0.119388 0 0.992848  -0.00709027 0 0.0374231 0 0.155691 0
14.82 22.6784 0 -0.268355 0.992661 0 0.120932 0 1 0 -0.120932 0 0.992661  -0.00466715 0 0.0414854 0 0.155889 0
14.83 22.6784 0 -0.267942 0.992471 0 0.122482 0 1 0 -0.122482 0 0.992471  -0.00348492 0 0.0424894 0 0.156345 0
14.84 22.6784 0 -0.267502 0.992278 0 0.124037 0 1 0 -0.124037 0 0.992278  -0.0018737 0 0.0450379 0 0.156884 0
14.85 22.6784 0 -0.267041 0.992082 0 0.125593 0 1 0 -0.125593 0 0.992082  -4.26942e-05 0 0.0471699 0 0.157079 0
14.86 22.6784 0 -0.266568 0.991883 0 0.127152 0 1 0 -0.127152 0 0.991883  0.000995829 -0 0.0482747 0 0.157251 0
14.87 22.6784 0 -0.266065 0.991682 0 0.12871 0 1 0 -0.12871 0 0.991682  0.00306241 -0 0.0512756 0 0.157121 0
14.88 22.6784 0 -0.265544 0.991478 0 0.130272 0 1 0 -0.130272 0 0.991478  0.00454577 -0 0.0532375 0 0.157586 0
14.89 22.6785 0 -0.265007 0.991272 0 0.131833 0 1 0 -0.131833 0 0.991272  0.00590796 -0 0.0546314 0 0.157561 0
14.9 22.6785 0 -0.264441 0.991063 0 0.133392 0 1 0 -0.133392 0 0.991063  0.00777453 -0 0.057694 0 0.157297 0
14.91 22.6786 0 -0.263859 0.990852 0 0.134953 0 1 0 -0.134953 0 0.990852  0.00888939 -0 0.0592903 0 0.15752 0
14.92 22.6787 0 -0.263241 0.990638 0 0.136513 0 1 0 -0.136513 0 0.990638  0.0110971 -0 0.0631614 0 0.157453 0
14.93 22.6788 0 -0.262624 0.990422 0 0.138072 0 1 0 -0.138072 0 0.990422  0.0115796 0 0.0626181 0 0.157312 0
14.94 22.679 0 -0.261957 0.990205 0 0.139623 0 1 0 -0.139623 0 0.990205  0.0145209 0 0.0678076 0 0.156479 0
14.95 22.6791 0 -0.261303 0.989985 0 0.141174 0 1 0 -0.141174 0 0.989985  0.0147867 0 0.0663421 0 0.156309 0
14.96 22.6793 0 -0.260614 0.989764 0 0.142712 0 1 0 -0.142712 0 0.989764  0.0171557 0 0.0696248 0 0.155154 0
14.97 22.6795 0 -0.259907 0.989542 0 0.144246 0 1 0 -0.144246 0 0.989542  0.0185371 0 0.0717413 0 0.154513 0
14.98 22.6796 0 -0.259196 0.989318 0 0.145773 0 1 0 -0.145773 0 0.989318  0.0195948 -0 0.0719243 0 0.154016 0
14.99 22.6799 0 -0.258452 0.989094 0 0.147288 0 1 0 -0.147288 0 0.989094  0.0217699 -0 0.0752949 0 0.15274 0
15 22.6801 0 -0.257717 0.988868 0 0.148794 0 1 0 -0.148794 0 0.988868  0.0223488 -0 0.0742134 0 0.151733 0
15.01 22.6803 0 -0.256937 0.988642 0 0.150288 0 1 0 -0.150288 0 0.988642  0.0246762 -0 0.0788901 0 0.150655 0
15.02 22.6806 0 -0.256162 0.988415 0 0.151773 0 1 0 -0.151773 0 0.988415  0.0254896 0 0.0783884 0 0.14971 0
15.03 22.6808 0 -0.255357 0.988188 0 0.153245 0 1 0 -0.153245 0 0.988188  0.0272774 0 0.081272 0 0.148434 0
15.04 22.6811 0 -0.254538 0.987961 0 0.154706 0 1 0 -0.154706 0 0.987961  0.0285952 -0 0.0830932 0 0.147275 0
15.05 22.6814 0 -0.253707 0.987733 0 0.156154 0 1 0 -0.156154 0 0.987733  0.0299707 -0 0.0840946 0 0.146006 0
15.06 22.6817 0 -0.252852 0.987505 0 0.157587 0 1 0 -0.157587 0 0.987505  0.031649 -0 0.0863364 0 0.144366 0
15.07 22.682 0 -0.252011 0.987278 0 0.159001 0 1 0 -0.159001 0 0.987278  0.0320489 -0 0.0845658 0 0.142306 0
15.08 22.6824 0 -0.251121 0.987053 0 0.160395 0 1 0 -0.160395 0 0.987053  0.0345742 -0 0.0896719 0 0.140296 0
15.09 22.6827 0 -0.250239 0.986827 0 0.161781 0 1 0 -0.161781 0 0.986827  0.0349113 -0 0.0897491 0 0.139701 0
15.1 22.6831 0 -0.249314 0.986602 0 0.163144 0 1 0 -0.163144 0 0.986602  0.0370138 -0 0.0930182 0 0.137362 0
15.11 22.6834 0 -0.24841 0.986378 0 0.164497 0 1 0 -0.164497 0 0.986378  0.0361697 -0 0.0903346 0 0.1363 0
15.12 22.6838 0 -0.247429 0.986156 0 0.165817 0 1 0 -0.165817 0 0.986156  0.040992 -0 0.0988442 0 0.132856 0
15.13 22.6842 0 -0.246515 0.985934 0 0.167134 0 1 0 -0.167134 0 0.985934  0.0381724 -0 0.0915913 0 0.132559 0
15.14 22.6846 0 -0.245491 0.985716 0 0.168414 0 1 0 -0.168414 0 0.985716  0.0436388 -0 0.102941 0 0.128801 0
15.15 22.685 0 -0.244549 0.985498 0 0.169686 0 1 0 -0.169686 0 0.985498  0.0409707 -0 0.0946077 0 0.128007 0
15.16 22.6855 0 -0.243508 0.985285 0 0.17092 0 1 0 -0.17092 0 0.985285  0.0461391 -0 0.10422 0 0.124041 0
15.17 22.6859 0 -0.242524 0.985072 0 0.172145 0 1 0 -0.172145 0 0.985072  0.0439026 -0 0.0993658 0 0.123251 0
15.18 22.6864 0 -0.241491 0.984864 0 0.173331 0 1 0 -0.173331 0 0.984864  0.0468414 -0 0.103412 0 0.119199 0
15.19 22.6869 0 -0.24048 0.984658 0 0.174496 0 1 0 -0.174496 0 0.984658  0.0466482 -0 0.100505 0 0.116895 0
15.2 22.6873 0 -0.239439 0.984456 0 0.175632 0 1 0 -0.175632 0 0.984456  0.0486841 -0 0.104077 0 0.114033 0
15.21 22.6878 0 -0.238394 0.984257 0 0.176742 0 1 0 -0.176742 0 0.984257  0.0491868 -0 0.105391 0 0.111329 0
15.22 22.6883 0 -0.237367 0.984063 0 0.177822 0 1 0 -0.177822 0 0.984063  0.0492036 -0 0.102886 0 0.108315 0
15.23 22.6888 0 -0.236299 0.983873 0 0.178869 0 1 0 -0.178869 0 0.983873  0.0516598 -0 0.107155 0 0.104892 0
15.24 22.6893 0 -0.235255 0.983686 0 0.179892 0 1 0 -0.179892 0 0.983686  0.0510557 -0 0.104813 0 0.102516 0
15.25 22.6898 0 -0.234181 0.983505 0 0.180883 0 1 0 -0.180883 0 0.983505  0.0523964 -0 0.10765 0 0.0992429 0
15.26 22.6904 0 -0.233102 0.983327 0 0.181845 0 1 0 -0.181845 0 0.983327  0.053066 -0 0.108636 0 0.0963052 0
15.27 22.6909 0 -0.232039 0.983155 0 0.182774 0 1 0 -0.182774 0 0.983155  0.0528196 0 0.106294 0 0.0928999 0
15.28 22.6914 0 -0.230934 0.982988 0 0.18367 0 1 0 -0.18367 0 0.982988  0.0548559 0 0.11103 0 0.0894753 0
15.29 22.692 0 -0.229861 0.982825 0 0.184539 0 1 0 -0.184539 0 0.982825  0.0540449 -0 0.107656 0 0.0868574 0
15.3 22.6925 0 -0.228755 0.982669 0 0.18537 0 1 0 -0.18537 0 0.982669  0.0556194 -0 0.110612 0 0.0829305 0
15.31 22.6931 0 -0.227657 0.982517 0 0.18617 0 1 0 -0.18617 0 0.982517  0.0555818 0 0.110352 0 0.0796973 0
15.32 22.6936 0 -0.226562 0.982372 0 0.186936 0 1 0 -0.186936 0 0.982372  0.0556652 0 0.109549 0 0.0761531 0
15.33 22.6942 0 -0.225446 0.982234 0 0.187662 0 1 0 -0.187662 0 0.982234  0.0573609 0 0.1119 0 0.0720989 0
15.34 22.6948 0 -0.224354 0.9821 0 0.188358 0 1 0 -0.188358 0 0.9821  0.0564678 -0 0.109407 0 0.0690497 0
15.35 22.6953 0 -0.223247 0.981975 0 0.189012 0 1 0 -0.189012 0 0.981975  0.057833 0 0.110614 0 0.0647627 0
15.36 22.6959 0 -0.222142 0.981855 0 0.189633 0 1 0 -0.189633 0 0.981855  0.0577271 0 0.11084 0 0.0613229 0
15.37 22.6965 0 -0.221038 0.981742 0 0.190218 0 1 0 -0.190218 0 0.981742  0.0577505 0 0.110616 0 0.0576679 0
15.38 22.6971 0 -0.219933 0.981636 0 0.190763 0 1 0 -0.190763 0 0.981636  0.0582187 0 0.110419 0 0.0537093 0
15.39 22.6977 0 -0.218831 0.981537 0 0.191272 0 1 0 -0.191272 0 0.981537  0.0581611 0 0.110178 0 0.0499303 0
15.4 22.6982 0 -0.217722 0.981446 0 0.191741 0 1 0 -0.191741 0 0.981446  0.058772 0 0.110918 0 0.0457509 0
15.41 22.6988 0 -0.216634 0.981361 0 0.192174 0 1 0 -0.192174 0 0.981361  0.0580906 0 0.10893 0 0.0421454 0
15.42 22.6994 0 -0.215514 0.981285 0 0.192561 0 1 0 -0.192561 0 0.981285  0.0594996 -0 0.111883 0 0.0374406 0
15.43 22.7 0 -0.214441 0.981215 0 0.192917 0 1 0 -0.192917 0 0.981215  0.0572933 -0 0.106405 0 0.0344385 0
15.44 22.7006 0 -0.213338 0.981154 0 0.193225 0 1 0 -0.193225 0 0.981154  0.0594456 0 0.109696 0 0.0293905 0
15.45 22.7012 0 -0.212244 0.981101 0 0.193497 0 1 0 -0.193497 0 0.981101  0.058886 0 0.109718 0 0.0255494 0
15.46 22.7018 0 -0.211176 0.981055 0 0.193731 0 1 0 -0.193731 0 0.981055  0.0577395 0 0.106334 0 0.0218828 0
15.47 22.7024 0 -0.210079 0.981018 0 0.193918 0 1 0 -0.193918 0 0.981018  0.0595409 0 0.10952 0 0.0169779 0
15.48 22.7029 0 -0.209022 0.980988 0 0.19407 0 1 0 -0.19407 0 0.980988  0.0578531 -0 0.105594 0 0.0134898 0
15.49 22.7035 0 -0.207945 0.980966 0 0.194177 0 1 0 -0.194177 0 0.980966  0.0586874 -0 0.107276 0 0.00884636 0
15.5 22.7041 0 -0.206886 0.980953 0 0.194246 0 1 0 -0.194246 0 0.980953  0.0580143 0 0.105913 0 0.00480216 0
15.51 22.7047 0 -0.205839 0.980948 0 0.194271 0 1 0 -0.194271 0 0.980948  0.0576179 0 0.104102 0 0.000535058 0
15.52 22.7053 0 -0.204786 0.980951 0 0.194255 0 1 0 -0.194255 0 0.980951  0.057832 0 0.104926 0 -0.00380841 0
15.53 22.7058 0 -0.20376 0.980962 0 0.194198 0 1 0 -0.194198 0 0.980962  0.056809 -0 0.102187 0 -0.00799857 0
15.54 22.7064 0 -0.202732 0.980982 0 0.194098 0 1 0 -0.194098 0 0.980982  0.0571212 0 0.102215 0 -0.012302 0
15.55 22.707 0 -0.201719 0.98101 0 0.193957 0 1 0 -0.193957 0 0.98101  0.0563592 0 0.100828 0 -0.0164382 0
15.56 22.7075 0 -0.200721 0.981047 0 0.193772 0 1 0 -0.193772 0 0.981047  0.0557613 0 0.0991337 0 -0.0210878 0
15.57 22.7081 0 -0.199722 0.981092 0 0.193544 0 1 0 -0.193544 0 0.981092  0.0558785 0 0.0995341 -0 -0.0254322 0
15.58 22.7086 0 -0.198749 0.981144 0 0.193277 0 1 0 -0.193277 0 0.981144  0.0545581 0 0.0968342 -0 -0.0293199 0
15.59 22.7092 0 -0.197772 0.981206 0 0.192965 0 1 0 -0.192965 0 0.981206  0.0546093 0 0.0972892 0 -0.0339686 0
15.6 22.7097 0 -0.196819 0.981275 0 0.192612 0 1 0 -0.192612 0 0.981275  0.0533043 0 0.0947457 0 -0.0381476 0
15.61 22.7103 0 -0.195872 0.981353 0 0.192216 0 1 0 -0.192216 0 0.981353  0.0531141 0 0.0940477 0 -0.0424866 0
15.62 22.7108 0 -0.19494 0.981438 0 0.191779 0 1 0 -0.191779 0 0.981438  0.0522723 0 0.092591 0 -0.0466852 0
15.63 22.7113 0 -0.194025 0.981532 0 0.191299 0 1 0 -0.191299 0 0.981532  0.0514736 0 0.0907747 -0 -0.0510398 0
15.64 22.7118 0 -0.193119 0.981633 0 0.190777 0 1 0 -0.190777 0 0.981633  0.0509695 0 0.0899145 -0 -0.0553017 0
15.65 22.7123 0 -0.192246 0.981742 0 0.19022 0 1 0 -0.19022 0 0.981742  0.0495406 0 0.0863782 0 -0.0587457 0
15.66 22.7128 0 -0.191364 0.981859 0 0.189615 0 1 0 -0.189615 0 0.981859  0.0496676 0 0.0873966 0 -0.0636923 0
15.67 22.7133 0 -0.190518 0.981982 0 0.188972 0 1 0 -0.188972 0 0.981982  0.0477331 0 0.0840579 0 -0.0676513 0
15.68 22.7138 0 -0.18968 0.982114 0 0.188289 0 1 0 -0.188289 0 0.982114  0.0469293 0 0.0829684 0 -0.0715886 0
15.69 22.7142 0 -0.188856 0.982253 0 0.187562 0 1 0 -0.187562 0 0.982253  0.046446 0 0.0816991 0 -0.0760587 0
15.7 22.7147 0 -0.188061 0.982399 0 0.186796 0 1 0 -0.186796 0 0.982399  0.0448846 0 0.0784859 0 -0.0800524 0
15.71 22.7151 0 -0.187271 0.982552 0 0.185986 0 1 0 -0.185986 0 0.982552  0.0444965 0 0.0783295 0 -0.0845538 0
15.72 22.7156 0 -0.186513 0.982712 0 0.18514 0 1 0 -0.18514 0 0.982712  0.0430263 0 0.0749267 0 -0.0881591 0
15.73 22.716 0 -0.185767 0.982879 0 0.184252 0 1 0 -0.184252 0 0.982879  0.0418114 0 0.0736111 0 -0.0923593 0
15.74 22.7164 0 -0.185034 0.983052 0 0.183326 0 1 0 -0.183326 0 0.983052  0.0402968 0 0.0724346 0 -0.096168 0
15.75 22.7168 0 -0.184337 0.983232 0 0.182361 0 1 0 -0.182361 0 0.983232  0.0388281 0 0.0686619 0 -0.100118 0
15.76 22.7172 0 -0.183645 0.983417 0 0.181357 0 1 0 -0.181357 0 0.983417  0.038482 0 0.0680593 0 -0.10416 0
15.77 22.7176 0 -0.182986 0.983609 0 0.180315 0 1 0 -0.180315 0 0.983609  0.0362848 0 0.0649319 0 -0.107813 0
15.78 22.7179 0 -0.182339 0.983807 0 0.179233 0 1 0 -0.179233 0 0.983807  0.0354108 0 0.0636816 0 -0.111915 0
15.79 22.7183 0 -0.181721 0.98401 0 0.178115 0 1 0 -0.178115 0 0.98401  0.0339227 0 0.0606904 0 -0.115591 0
15.8 22.7186 0 -0.181119 0.984218 0 0.176959 0 1 0 -0.176959 0 0.984218  0.0327894 0 0.0591116 0 -0.119401 0
15.81 22.7189 0 -0.180549 0.984432 0 0.175765 0 1 0 -0.175765 0 0.984432  0.0305825 0 0.0556892 0 -0.123165 0
15.82 22.7192 0 -0.17999 0.984651 0 0.174535 0 1 0 -0.174535 0 0.984651  0.0296037 0 0.0548424 0 -0.126725 0
15.83 22.7195 0 -0.179461 0.984874 0 0.173272 0 1 0 -0.173272 0 0.984874  0.0281029 0 0.051853 0 -0.129977 0
15.84 22.7198 0 -0.178957 0.985101 0 0.171975 0 1 0 -0.171975 0 0.985101  0.0260044 0 0.0491021 0 -0.133415 0
15.85 22.72 0 -0.178465 0.985333 0 0.170644 0 1 0 -0.170644 0 0.985333  0.0246272 0 0.0481534 0 -0.136886 0
15.86 22.7203 0 -0.178016 0.985568 0 0.169279 0 1 0 -0.169279 0 0.985568  0.0227619 0 0.0439721 0 -0.140308 0
15.87 22.7205 0 -0.177565 0.985808 0 0.167879 0 1 0 -0.167879 0 0.985808  0.0219487 -0 0.0440224 0 -0.143732 0
15.88 22.7207 0 -0.177172 0.98605 0 0.166452 0 1 0 -0.166452 0 0.98605  0.0186048 0 0.0375428 0 -0.146254 0
15.89 22.7209 0 -0.176768 0.986296 0 0.164987 0 1 0 -0.164987 0 0.986296  0.0186624 0 0.0394194 0 -0.150245 0
15.9 22.7211 0 -0.1764 0.986545 0 0.163492 0 1 0 -0.163492 0 0.986545  0.0163804 0 0.0363049 0 -0.153209 0
15.91 22.7212 0 -0.176096 0.986795 0 0.161977 0 1 0 -0.161977 0 0.986795  0.0130377 0 0.0282948 0 -0.154892 0
15.92 22.7214 0 -0.175749 0.98705 0 0.160416 0 1 0 -0.160416 0 0.98705  0.0144957 0 0.0336883 0 -0.159577 0
15.93 22.7215 0 -0.175501 0.987304 0 0.158841 0 1 0 -0.158841 0 0.987304  0.00909824 0 0.0237613 0 -0.161008 0
15.94 22.7216 0 -0.175229 0.987562 0 0.157227 0 1 0 -0.157227 0 0.987562  0.00991581 0 0.0254679 0 -0.164827 0
15.95 22.7216 0 -0.175007 0.987822 0 0.15559 0 1 0 -0.15559 0 0.987822  0.00700926 0 0.0211508 0 -0.167293 0
15.96 22.7217 0 -0.174816 0.988082 0 0.153927 0 1 0 -0.153927 0 0.988082  0.00447845 0 0.017443 0 -0.16963 0
15.97 22.7217 0 -0.174623 0.988345 0 0.152233 0 1 0 -0.152233 0 0.988345  0.00384246 0 0.0183482 0 -0.172799 0
15.98 22.7218 0 -0.174492 0.988607 0 0.15052 0 1 0 -0.15052 0 0.988607  0.000313637 0 0.0119042 0 -0.174592 0
15.99 22.7218 0 -0.174364 0.988871 0 0.148778 0 1 0 -0.148778 0 0.988871  -0.000616969 0 0.0112177 0 -0.17733 0
16 22.7217 0 -0.174266 0.989134 0 0.147019 0 1 0 -0.147019 0 0.989134  -0.00266561 0 0.00879326 0 -0.179009 0
16.01 22.7217 0 -0.174205 0.989397 0 0.145235 0 1 0 -0.145235 0 0.989397  -0.0055377 0 0.00478499 0 -0.181373 0
16.02 22.7216 0 -0.174154 0.989661 0 0.143425 0 1 0 -0.143425 0 0.989661  -0.00663624 0 0.00383389 0 -0.184068 0
16.03 22.7216 0 -0.174151 0.989924 0 0.141599 0 1 0 -0.141599 0 0.989924  -0.00944422 0 -0.00114107 0 -0.185582 0
16.04 22.7215 0 -0.174162 0.990187 0 0.139751 0 1 0 -0.139751 0 0.990187  -0.011503 0 -0.0026142 0 -0.187615 0
16.05 22.7213 0 -0.174205 0.990448 0 0.137884 0 1 0 -0.137884 0 0.990448  -0.0130164 0 -0.0054937 0 -0.189493 0
16.06 22.7212 0 -0.174285 0.990709 0 0.135999 0 1 0 -0.135999 0 0.990709  -0.0156684 0 -0.00961897 0 -0.191244 0
16.07 22.721 0 -0.174388 0.990969 0 0.134092 0 1 0 -0.134092 0 0.990969  -0.0170923 0 -0.0118653 0 -0.19347 0
16.08 22.7208 0 -0.174532 0.991227 0 0.132171 0 1 0 -0.132171 0 0.991227  -0.0198265 0 -0.0159781 0 -0.194732 0
16.09 22.7206 0 -0.174692 0.991484 0 0.13023 0 1 0 -0.13023 0 0.991484  -0.0212883 0 -0.0173578 0 -0.196633 0
16.1 22.7204 0 -0.174878 0.991739 0 0.128276 0 1 0 -0.128276 0 0.991739  -0.0240542 0 -0.0195277 0 -0.197822 0
16.11 22.7201 0 -0.175107 0.991991 0 0.126311 0 1 0 -0.126311 0 0.991991  -0.0268253 0 -0.0243491 0 -0.198681 0
16.12 22.7199 0 -0.175336 0.992241 0 0.124327 0 1 0 -0.124327 0 0.992241  -0.0278143 0 -0.0242234 0 -0.200649 0
16.13 22.7196 0 -0.175614 0.992489 0 0.122336 0 1 0 -0.122336 0 0.992489  -0.0311626 0 -0.0289119 0 -0.201269 0
16.14 22.7193 0 -0.175905 0.992733 0 0.120334 0 1 0 -0.120334 0 0.992733  -0.0324967 0 -0.0304468 0 -0.202109 0
16.15 22.7189 0 -0.176217 0.992975 0 0.118322 0 1 0 -0.118322 0 0.992975  -0.0347821 0 -0.0321331 0 -0.203186 0
16.16 22.7186 0 -0.176583 0.993214 0 0.116299 0 1 0 -0.116299 0 0.993214  -0.0380751 0 -0.0382261 0 -0.20426 0
16.17 22.7182 0 -0.176932 0.99345 0 0.114264 0 1 0 -0.114264 0 0.99345  -0.0383251 0 -0.0361328 0 -0.205396 0
16.18 22.7178 0 -0.177336 0.993682 0 0.11223 0 1 0 -0.11223 0 0.993682  -0.042061 0 -0.0412977 0 -0.204969 0
16.19 22.7173 0 -0.177763 0.993911 0 0.110185 0 1 0 -0.110185 0 0.993911  -0.044389 0 -0.0443734 0 -0.205953 0
16.2 22.7169 0 -0.178191 0.994137 0 0.10813 0 1 0 -0.10813 0 0.994137  -0.0450307 0 -0.0437079 0 -0.20723 0
16.21 22.7164 0 -0.178697 0.994358 0 0.10608 0 1 0 -0.10608 0 0.994358  -0.0489254 0 -0.0523105 0 -0.206307 0
16.22 22.7159 0 -0.17917 0.994576 0 0.104016 0 1 0 -0.104016 0 0.994576  -0.0487539 0 -0.0486775 0 -0.207653 0
16.23 22.7154 0 -0.179713 0.994789 0 0.101959 0 1 0 -0.101959 0 0.994789  -0.05235 0 -0.0552376 0 -0.206916 0
16.24 22.7149 0 -0.180246 0.994998 0 0.0998983 0 1 0 -0.0998983 0 0.994998  -0.0539543 0 -0.0544625 0 -0.207083 0
16.25 22.7144 0 -0.180823 0.995202 0 0.0978377 0 1 0 -0.0978377 0 0.995202  -0.0563818 0 -0.0585479 0 -0.207086 0
16.26 22.7138 0 -0.181424 0.995403 0 0.0957764 0 1 0 -0.0957764 0 0.995403  -0.0581068 0 -0.0616227 0 -0.20711 0
16.27 22.7132 0 -0.182042 0.995599 0 0.0937164 0 1 0 -0.0937164 0 0.995599  -0.0601328 0 -0.0631674 0 -0.206861 0
16.28 22.7126 0 -0.1827 0.99579 0 0.0916604 0 1 0 -0.0916604 0 0.99579  -0.062756 0 -0.0670107 0 -0.206349 0
16.29 22.7119 0 -0.183367 0.995977 0 0.0896056 0 1 0 -0.0896056 0 0.995977  -0.0635703 0 -0.0679331 0 -0.206131 0
16.3 22.7113 0 -0.184088 0.996159 0 0.0875604 0 1 0 -0.0875604 0 0.996159  -0.0666621 0 -0.0737512 0 -0.204998 0
16.31 22.7106 0 -0.18479 0.996337 0 0.0855175 0 1 0 -0.0855175 0 0.996337  -0.0675578 0 -0.0712685 -0 -0.204727 0
16.32 22.7099 0 -0.185558 0.996509 0 0.0834853 0 1 0 -0.0834853 0 0.996509  -0.0704907 0 -0.0777836 -0 -0.203627 0
16.33 22.7092 0 -0.186322 0.996677 0 0.0814575 0 1 0 -0.0814575 0 0.996677  -0.0715442 0 -0.0777845 -0 -0.203082 0
16.34 22.7085 0 -0.187112 0.996839 0 0.0794419 0 1 0 -0.0794419 0 0.996839  -0.0738753 0 -0.0797265 0 -0.201731 0
16.35 22.7078 0 -0.187945 0.996998 0 0.0774335 0 1 0 -0.0774335 0 0.996998  -0.0754055 0 -0.0845174 0 -0.200878 0
16.36 22.707 0 -0.188751 0.997151 0 0.0754368 0 1 0 -0.0754368 0 0.997151  -0.0764492 0 -0.0811545 0 -0.199692 0
16.37 22.7062 0 -0.189621 0.997298 0 0.0734629 0 1 0 -0.0734629 0 0.997298  -0.0796578 0 -0.0876775 0 -0.197127 0
16.38 22.7054 0 -0.190508 0.997441 0 0.0714907 0 1 0 -0.0714907 0 0.997441  -0.0804103 0 -0.090419 0 -0.197077 0
16.39 22.7046 0 -0.191389 0.99758 0 0.0695338 0 1 0 -0.0695338 0 0.99758  -0.0814901 0 -0.0887864 0 -0.195751 0
16.4 22.7038 0 -0.192327 0.997713 0 0.0675993 0 1 0 -0.0675993 0 0.997713  -0.0845241 0 -0.0946053 0 -0.193028 0
16.41 22.7029 0 -0.193263 0.997841 0 0.0656823 0 1 0 -0.0656823 0 0.997841  -0.0850279 0 -0.0948519 0 -0.190977 0
16.42 22.7021 0 -0.19423 0.997964 0 0.0637772 0 1 0 -0.0637772 0 0.997964  -0.0870111 0 -0.0974742 0 -0.190063 0
16.43 22.7012 0 -0.195227 0.998083 0 0.0618923 0 1 0 -0.0618923 0 0.998083  -0.0888242 0 -0.1011 0 -0.188157 0
16.44 22.7003 0 -0.196231 0.998197 0 0.0600231 0 1 0 -0.0600231 0 0.998197  -0.0895571 0 -0.101452 0 -0.186421 0
16.45 22.6994 0 -0.197262 0.998306 0 0.0581787 0 1 0 -0.0581787 0 0.998306  -0.0914713 0 -0.104021 0 -0.183734 0
16.46 22.6985 0 -0.198318 0.998411 0 0.0563538 0 1 0 -0.0563538 0 0.998411  -0.0932831 0 -0.106733 0 -0.181687 0
16.47 22.6975 0 -0.199387 0.998511 0 0.0545482 0 1 0 -0.0545482 0 0.998511  -0.0941396 0 -0.10796 0 -0.179854 0
16.48 22.6966 0 -0.200477 0.998607 0 0.0527703 0 1 0 -0.0527703 0 0.998607  -0.096019 0 -0.109875 0 -0.176948 0
16.49 22.6956 0 -0.201552 0.998698 0 0.0510208 0 1 0 -0.0510208 0 0.998698  -0.0969226 0 -0.107846 0 -0.173832 0
16.5 22.6946 0 -0.202677 0.998784 0 0.0493019 0 1 0 -0.0493019 0 0.998784  -0.0992649 0 -0.113134 0 -0.17059 0
16.51 22.6936 0 -0.203813 0.998866 0 0.0476 0 1 0 -0.0476 0 0.998866  -0.0997437 0 -0.114952 0 -0.169117 0
16.52 22.6926 0 -0.204946 0.998945 0 0.0459283 0 1 0 -0.0459283 0 0.998945  -0.100179 0 -0.113937 0 -0.166255 0
16.53 22.6916 0 -0.206128 0.999019 0 0.0442904 0 1 0 -0.0442904 0 0.999019  -0.102587 0 -0.119211 0 -0.162491 0
16.54 22.6906 0 -0.207286 0.999089 0 0.0426768 0 1 0 -0.0426768 0 0.999089  -0.102684 0 -0.116486 0 -0.16001 0
16.55 22.6896 0 -0.208479 0.999155 0 0.041101 0 1 0 -0.041101 0 0.999155  -0.104686 0 -0.119654 0 -0.156181 0
16.56 22.6885 0 -0.209671 0.999217 0 0.0395564 0 1 0 -0.0395564 0 0.999217  -0.105295 0 -0.119891 0 -0.152907 0
16.57 22.6874 0 -0.210865 0.999276 0 0.0380467 0 1 0 -0.0380467 0 0.999276  -0.106085 0 -0.119607 0 -0.149399 0
16.58 22.6864 0 -0.212078 0.999331 0 0.0365752 0 1 0 -0.0365752 0 0.999331  -0.107388 0 -0.121789 0 -0.145468 0
16.59 22.6853 0 -0.213281 0.999382 0 0.0351392 0 1 0 -0.0351392 0 0.999382  -0.107653 0 -0.120552 -0 -0.141852 0
16.6 22.6842 0 -0.2145 0.999431 0 0.0337422 0 1 0 -0.0337422 0 0.999431  -0.108789 0 -0.121942 0 -0.137885 0
16.61 22.6831 0 -0.215726 0.999476 0 0.0323817 0 1 0 -0.0323817 0 0.999476  -0.109457 0 -0.123101 0 -0.134219 0
16.62 22.682 0 -0.21695 0.999518 0 0.0310582 0 1 0 -0.0310582 0 0.999518  -0.109577 0 -0.122622 0 -0.130556 0
16.63 22.6809 0 -0.218199 0.999557 0 0.0297754 0 1 0 -0.0297754 0 0.999557  -0.110447 0 -0.125356 0 -0.126429 0
16.64 22.6798 0 -0.219434 0.999593 0 0.0285298 0 1 0 -0.0285298 0 0.999593  -0.110626 0 -0.123899 0 -0.122703 0
16.65 22.6787 0 -0.2207 0.999627 0 0.0273269 0 1 0 -0.0273269 0 0.999627  -0.111707 0 -0.127071 0 -0.118378 0
16.66 22.6776 0 -0.221954 0.999658 0 0.0261615 0 1 0 -0.0261615 0 0.999658  -0.111467 0 -0.125867 0 -0.114571 0
16.67 22.6765 0 -0.223223 0.999686 0 0.0250395 0 1 0 -0.0250395 0 0.999686  -0.112101 0 -0.127008 0 -0.110236 0
16.68 22.6754 0 -0.224502 0.999713 0 0.0239603 0 1 0 -0.0239603 0 0.999713  -0.112498 0 -0.128501 0 -0.105865 0
16.69 22.6742 0 -0.225784 0.999737 0 0.022921 0 1 0 -0.022921 0 0.999737  -0.112479 0 -0.128615 0 -0.101864 0
16.7 22.6731 0 -0.22707 0.99976 0 0.0219269 0 1 0 -0.0219269 0 0.99976  -0.112566 0 -0.128843 0 -0.0972984 0
16.71 22.672 0 -0.228367 0.99978 0 0.0209776 0 1 0 -0.0209776 0 0.99978  -0.112931 0 -0.130062 0 -0.0927351 0
16.72 22.6709 0 -0.229661 0.999799 0 0.0200711 0 1 0 -0.0200711 0 0.999799  -0.112545 0 -0.129648 0 -0.0884725 0
16.73 22.6697 0 -0.230964 0.999815 0 0.0192114 0 1 0 -0.0192114 0 0.999815  -0.112484 0 -0.13045 0 -0.0838 0
16.74 22.6686 0 -0.232265 0.999831 0 0.0183981 0 1 0 -0.0183981 0 0.999831  -0.112481 0 -0.130296 0 -0.0791076 0
16.75 22.6675 0 -0.233568 0.999845 0 0.0176322 0 1 0 -0.0176322 0 0.999845  -0.112555 0 -0.130481 0 -0.0743109 0
16.76 22.6664 0 -0.234874 0.999857 0 0.0169137 0 1 0 -0.0169137 0 0.999857  -0.112208 0 -0.130624 -0 -0.0695088 0
16.77 22.6652 0 -0.236176 0.999868 0 0.0162426 0 1 0 -0.0162426 0 0.999868  -0.111862 0 -0.130242 -0 -0.0647529 0
16.78 22.6641 0 -0.237482 0.999878 0 0.0156211 0 1 0 -0.0156211 0 0.999878  -0.111736 0 -0.130586 -0 -0.0597255 0
16.79 22.663 0 -0.238781 0.999887 0 0.0150473 0 1 0 -0.0150473 0 0.999887  -0.111191 0 -0.129763 -0 -0.0549321 0
16.8 22.6619 0 -0.24008 0.999895 0 0.0145239 0 1 0 -0.0145239 0 0.999895  -0.110815 0 -0.129797 -0 -0.049924 0
16.81 22.6608 0 -0.241381 0.999901 0 0.0140511 0 1 0 -0.0140511 0 0.999901  -0.110566 0 -0.130096 -0 -0.044754 0
16.82 22.6597 0 -0.242676 0.999907 0 0.0136259 0 1 0 -0.0136259 0 0.999907  -0.109889 0 -0.129453 0 -0.0400045 0
16.83 22.6586 0 -0.243985 0.999912 0 0.0132511 0 1 0 -0.0132511 0 0.999912  -0.109322 0 -0.131222 0 -0.0350442 0
16.84 22.6575 0 -0.245269 0.999916 0 0.0129253 0 1 0 -0.0129253 0 0.999916  -0.107994 0 -0.128807 -0 -0.0300516 0
16.85 22.6564 0 -0.246539 0.99992 0 0.0126563 0 1 0 -0.0126563 0 0.99992  -0.107688 0 -0.126635 -0 -0.0242079 0
16.86 22.6553 0 -0.247814 0.999923 0 0.0124405 0 1 0 -0.0124405 0 0.999923  -0.107059 0 -0.127091 -0 -0.018809 0
16.87 22.6543 0 -0.249056 0.999925 0 0.0122764 0 1 0 -0.0122764 0 0.999925  -0.105699 0 -0.123554 -0 -0.0137556 0
16.88 22.6532 0 -0.250306 0.999926 0 0.0121706 0 1 0 -0.0121706 0 0.999926  -0.105481 0 -0.124338 -0 -0.00789227 0
16.89 22.6522 0 -0.251523 0.999927 0 0.0121166 0 1 0 -0.0121166 0 0.999927  -0.103908 0 -0.121201 -0 -0.00269493 0
16.9 22.6511 0 -0.252733 0.999927 0 0.0121199 0 1 0 -0.0121199 0 0.999927  -0.103264 0 -0.120055 0 0.00303348 0
16.91 22.6501 0 -0.253928 0.999926 0 0.0121789 0 1 0 -0.0121789 0 0.999926  -0.102383 0 -0.118877 0 0.00867421 0
16.92 22.6491 0 -0.255099 0.999924 0 0.0122917 0 1 0 -0.0122917 0 0.999924  -0.100806 0 -0.1163 0 0.0140108 0
16.93 22.6481 0 -0.256263 0.999922 0 0.012462 0 1 0 -0.012462 0 0.999922  -0.0999335 0 -0.115586 0 0.0197551 0
16.94 22.6471 0 -0.257402 0.99992 0 0.0126866 0 1 0 -0.0126866 0 0.99992  -0.098617 0 -0.11306 0 0.025204 0
16.95 22.6461 0 -0.258526 0.999916 0 0.012967 0 1 0 -0.012967 0 0.999916  -0.0972891 0 -0.111472 0 0.0307625 0
16.96 22.6452 0 -0.259631 0.999912 0 0.0133016 0 1 0 -0.0133016 0 0.999912  -0.0957067 0 -0.109642 0 0.0362121 0
16.97 22.6442 0 -0.260718 0.999906 0 0.0136949 0 1 0 -0.0136949 0 0.999906  -0.094551 0 -0.10773 0 0.0421514 0
16.98 22.6433 0 -0.261782 0.9999 0 0.0141422 0 1 0 -0.0141422 0 0.9999  -0.0930737 0 -0.105453 0 0.0475269 0
16.99 22.6423 0 -0.26283 0.999893 0 0.0146461 0 1 0 -0.0146461 0 0.999893  -0.0914229 0 -0.103839 0 0.0531426 0
17 22.6414 0 -0.263854 0.999884 0 0.015205 0 1 0 -0.015205 0 0.999884  -0.0897788 0 -0.101427 0 0.0586352 0
17.01 22.6405 0 -0.264858 0.999875 0 0.0158197 0 1 0 -0.0158197 0 0.999875  -0.0884455 0 -0.0992826 0 0.0642143 0
17.02 22.6397 0 -0.265839 0.999864 0 0.0164879 0 1 0 -0.0164879 0 0.999864  -0.0865865 0 -0.0970849 0 0.0695648 0
17.03 22.6388 0 -0.266798 0.999852 0 0.017212 0 1 0 -0.017212 0 0.999852  -0.0850542 0 -0.0948195 0 0.0751518 0
17.04 22.638 0 -0.267733 0.999838 0 0.0179888 0 1 0 -0.0179888 0 0.999838  -0.0831298 0 -0.0922632 0 0.0803756 0
17.05 22.6371 0 -0.268644 0.999823 0 0.0188188 0 1 0 -0.0188188 0 0.999823  -0.0816477 0 -0.0900007 0 0.0856249 0
17.06 22.6363 0 -0.269531 0.999806 0 0.0197025 0 1 0 -0.0197025 0 0.999806  -0.0797787 0 -0.0875007 0 0.0910638 0
17.07 22.6356 0 -0.270392 0.999787 0 0.0206379 0 1 0 -0.0206379 0 0.999787  -0.0779402 0 -0.0847263 0 0.0962498 0
17.08 22.6348 0 -0.271231 0.999766 0 0.0216267 0 1 0 -0.0216267 0 0.999766  -0.0760603 0 -0.0826972 0 0.101519 0
17.09 22.634 0 -0.272038 0.999743 0 0.0226658 0 1 0 -0.0226658 0 0.999743  -0.0737889 0 -0.0794385 0 0.106482 0
17.1 22.6333 0 -0.272823 0.999718 0 0.0237566 0 1 0 -0.0237566 0 0.999718  -0.0720516 0 -0.0771404 0 0.111596 0
17.11 22.6326 0 -0.273575 0.99969 0 0.0248983 0 1 0 -0.0248983 0 0.99969  -0.0703515 0 -0.0739187 0 0.116708 0
17.12 22.6319 0 -0.274304 0.99966 0 0.0260886 0 1 0 -0.0260886 0 0.99966  -0.0679307 0 -0.0714856 0 0.121533 0
17.13 22.6312 0 -0.275001 0.999627 0 0.0273283 0 1 0 -0.0273283 0 0.999627  -0.0660157 0 -0.068381 0 0.126444 0
17.14 22.6306 0 -0.27567 0.99959 0 0.0286163 0 1 0 -0.0286163 0 0.99959  -0.0641188 0 -0.0654241 0 0.131265 0
17.15 22.63 0 -0.276312 0.999551 0 0.029952 0 1 0 -0.029952 0 0.999551  -0.0617222 0 -0.062824 0 0.136018 0
17.16 22.6293 0 -0.27692 0.999509 0 0.0313345 0 1 0 -0.0313345 0 0.999509  -0.0596978 0 -0.0592512 0 0.140685 0
17.17 22.6288 0 -0.277503 0.999463 0 0.0327636 0 1 0 -0.0327636 0 0.999463  -0.0576418 0 -0.056741 0 0.145319 0
17.18 22.6282 0 -0.278052 0.999414 0 0.0342372 0 1 0 -0.0342372 0 0.999414  -0.0553396 0 -0.0535109 0 0.149728 0
17.19 22.6277 0 -0.278571 0.999361 0 0.0357558 0 1 0 -0.0357558 0 0.999361  -0.0530664 0 -0.050256 0 0.154196 0
17.2 22.6271 0 -0.279061 0.999303 0 0.0373206 0 1 0 -0.0373206 0 0.999303  -0.0512484 0 -0.0475537 0 0.158847 0
17.21 22.6266 0 -0.279515 0.999242 0 0.0389277 0 1 0 -0.0389277 0 0.999242  -0.048791 0 -0.0438552 0 0.163027 0
17.22 22.6262 0 -0.279945 0.999176 0 0.0405779 0 1 0 -0.0405779 0 0.999176  -0.0465399 0 -0.0413895 0 0.167284 0
17.23 22.6257 0 -0.280337 0.999106 0 0.0422698 0 1 0 -0.0422698 0 0.999106  -0.0443137 0 -0.0376932 0 0.171429 0
17.24 22.6253 0 -0.2807 0.999031 0 0.0440033 0 1 0 -0.0440033 0 0.999031  -0.0421335 0 -0.0347336 0 0.175566 0
17.25 22.6249 0 -0.281032 0.998952 0 0.0457775 0 1 0 -0.0457775 0 0.998952  -0.0399664 0 -0.0316462 0 0.17962 0
17.26 22.6245 0 -0.281334 0.998867 0 0.04759 0 1 0 -0.04759 0 0.998867  -0.0374585 0 -0.0286237 0 0.183404 0
17.27 22.6241 0 -0.2816 0.998777 0 0.0494411 0 1 0 -0.0494411 0 0.998777  -0.0350973 0 -0.0250785 0 0.187204 0
17.28 22.6238 0 -0.281841 0.998682 0 0.0513288 0 1 0 -0.0513288 0 0.998682  -0.0327546 0 -0.0225299 0 0.190898 0
17.29 22.6234 0 -0.282046 0.998581 0 0.053254 0 1 0 -0.053254 0 0.998581  -0.0307771 0 -0.0188984 0 0.194673 0
17.3 22.6232 0 -0.282223 0.998475 0 0.0552128 0 1 0 -0.0552128 0 0.998475  -0.0279443 0 -0.0160818 0 0.19797 0
17.31 22.6229 0 -0.282367 0.998362 0 0.0572061 0 1 0 -0.0572061 0 0.998362  -0.0257112 0 -0.0129289 0 0.201349 0
17.32 22.6226 0 -0.282486 0.998244 0 0.0592339 0 1 0 -0.0592339 0 0.998244  -0.0237236 0 -0.0103653 0 0.204813 0
17.33 22.6224 0 -0.282566 0.99812 0 0.0612919 0 1 0 -0.0612919 0 0.99812  -0.0209702 0 -0.00638537 0 0.207807 0
17.34 22.6222 0 -0.282625 0.997989 0 0.0633808 0 1 0 -0.0633808 0 0.997989  -0.0185304 0 -0.00433541 0 0.210836 0
17.35 22.622 0 -0.282644 0.997853 0 0.0654974 0 1 0 -0.0654974 0 0.997853  -0.0160575 0 -0.000351392 0 0.213589 0
17.36 22.6219 0 -0.282633 0.997709 0 0.0676452 0 1 0 -0.0676452 0 0.997709  -0.0140087 0 0.00276554 0 0.216731 0
17.37 22.6218 0 -0.282593 0.99756 0 0.0698212 0 1 0 -0.0698212 0 0.99756  -0.0118457 0 0.00553822 0 0.219596 0
17.38 22.6217 0 -0.282514 0.997403 0 0.0720226 0 1 0 -0.0720226 0 0.997403  -0.00914673 0 0.00956148 0 0.222078 0
17.39 22.6216 0 -0.282412 0.99724 0 0.0742512 0 1 0 -0.0742512 0 0.99724  -0.00726041 0 0.0116885 0 0.224771 0
17.4 22.6215 0 -0.28227 0.997069 0 0.0765019 0 1 0 -0.0765019 0 0.997069  -0.00447778 0 0.0157625 0 0.226976 0
17.41 22.6215 0 -0.282102 0.996892 0 0.0787763 0 1 0 -0.0787763 0 0.996892  -0.00257568 0 0.0184493 0 0.229333 0
17.42 22.6215 0 -0.2819 0.996708 0 0.081075 0 1 0 -0.081075 0 0.996708  -0.000511309 0 0.0217504 0 0.231798 0
17.43 22.6215 0 -0.281666 0.996517 0 0.0833931 0 1 0 -0.0833931 0 0.996517  0.00214705 -0 0.0250587 0 0.233725 0
17.44 22.6215 0 -0.281396 0.996318 0 0.0857336 0 1 0 -0.0857336 0 0.996318  0.00416048 -0 0.0287286 0 0.23594 0
17.45 22.6216 0 -0.281101 0.996112 0 0.0880918 0 1 0 -0.0880918 0 0.996112  0.0065561 -0 0.031126 0 0.237735 0
17.46 22.6216 0 -0.280764 0.995899 0 0.0904673 0 1 0 -0.0904673 0 0.995899  0.00859401 -0 0.0352869 0 0.239416 0
17.47 22.6217 0 -0.280404 0.995679 0 0.0928614 0 1 0 -0.0928614 0 0.995679  0.0107108 -0 0.0376376 0 0.241288 0
17.48 22.6219 0 -0.280014 0.995452 0 0.0952682 0 1 0 -0.0952682 0 0.995452  0.0131769 -0 0.0404447 0 0.242563 0
17.49 22.622 0 -0.279588 0.995217 0 0.0976873 0 1 0 -0.0976873 0 0.995217  0.0158876 -0 0.044227 0 0.243752 0
17.5 22.6222 0 -0.279143 0.994975 0 0.100121 0 1 0 -0.100121 0 0.994975  0.0174048 -0 0.0459608 0 0.245337 0
17.51 22.6224 0 -0.278657 0.994726 0 0.102564 0 1 0 -0.102564 0 0.994726  0.0201138 -0 0.0500434 0 0.246155 0
17.52 22.6226 0 -0.278152 0.99447 0 0.105017 0 1 0 -0.105017 0 0.99447  0.0217952 -0 0.0520558 0 0.24722 0
17.53 22.6228 0 -0.277612 0.994207 0 0.10748 0 1 0 -0.10748 0 0.994207  0.0240819 -0 0.0554083 0 0.248138 0
17.54 22.623 0 -0.277045 0.993937 0 0.109949 0 1 0 -0.109949 0 0.993937  0.0265051 -0 0.0581074 0 0.248777 0
17.55 22.6233 0 -0.276456 0.99366 0 0.112424 0 1 0 -0.112424 0 0.99366  0.0280082 -0 0.0602607 0 0.249466 0
17.56 22.6236 0 -0.275821 0.993376 0 0.114906 0 1 0 -0.114906 0 0.993376  0.0305508 -0 0.0651067 0 0.250102 0
17.57 22.6239 0 -0.275179 0.993086 0 0.117392 0 1 0 -0.117392 0 0.993086  0.0320912 -0 0.0656796 0 0.250613 0
17.58 22.6243 0 -0.27449 0.992789 0 0.119879 0 1 0 -0.119879 0 0.992789  0.0345926 -0 0.0702458 0 0.250693 0
17.59 22.6246 0 -0.27378 0.992485 0 0.122368 0 1 0 -0.122368 0 0.992485  0.0363578 -0 0.0726296 0 0.250881 0
17.6 22.625 0 -0.273047 0.992174 0 0.12486 0 1 0 -0.12486 0 0.992174  0.0380876 -0 0.0745559 0 0.251202 0
17.61 22.6254 0 -0.27228 0.991858 0 0.127347 0 1 0 -0.127347 0 0.991858  0.0404475 -0 0.0780572 0 0.250759 0
17.62 22.6258 0 -0.271508 0.991536 0 0.129831 0 1 0 -0.129831 0 0.991536  0.0416844 -0 0.0783249 0 0.250338 0
17.63 22.6262 0 -0.270688 0.991208 0 0.132309 0 1 0 -0.132309 0 0.991208  0.0442689 0 0.0833057 0 0.249906 0
17.64 22.6267 0 -0.269863 0.990875 0 0.134785 0 1 0 -0.134785 0 0.990875  0.0454816 -0 0.0839061 0 0.249674 0
17.65 22.6271 0 -0.268998 0.990536 0 0.137253 0 1 0 -0.137253 0 0.990536  0.0478668 -0 0.0876251 0 0.248799 0
17.66 22.6276 0 -0.268125 0.990192 0 0.139712 0 1 0 -0.139712 0 0.990192  0.0490207 0 0.0884713 0 0.247972 0
17.67 22.6281 0 -0.267209 0.989843 0 0.142161 0 1 0 -0.142161 0 0.989843  0.0515293 -0 0.0928165 0 0.246958 0
17.68 22.6286 0 -0.266291 0.98949 0 0.144602 0 1 0 -0.144602 0 0.98949  0.0523795 -0 0.0930483 0 0.246197 0
17.69 22.6292 0 -0.26529 0.989131 0 0.147034 0 1 0 -0.147034 0 0.989131  0.0555674 -0 0.102123 0 0.245511 0
17.7 22.6297 0 -0.264383 0.988769 0 0.149451 0 1 0 -0.149451 0 0.988769  0.0532058 -0 0.0909764 0 0.243813 0
17.71 22.6303 0 -0.263309 0.988405 0 0.151842 0 1 0 -0.151842 0 0.988405  0.06087 -0 0.108597 0 0.240851 0
17.72 22.6309 0 -0.262347 0.988034 0 0.154237 0 1 0 -0.154237 0 0.988034  0.057025 -0 0.0978223 0 0.241736 0
17.73 22.6315 0 -0.26127 0.987662 0 0.156602 0 1 0 -0.156602 0 0.987662  0.061799 -0 0.108208 0 0.238827 0
17.74 22.6321 0 -0.26021 0.987286 0 0.158955 0 1 0 -0.158955 0 0.987286  0.0622098 -0 0.108057 0 0.237325 0
17.75 22.6327 0 -0.259132 0.986907 0 0.161288 0 1 0 -0.161288 0 0.986907  0.0630002 0 0.108578 0 0.235555 0
17.76 22.6334 0 -0.258 0.986527 0 0.163598 0 1 0 -0.163598 0 0.986527  0.066221 -0 0.114512 0 0.23301 0
17.77 22.634 0 -0.256913 0.986145 0 0.165887 0 1 0 -0.165887 0 0.986145  0.064885 -0 0.109243 0 0.231031 0
17.78 22.6347 0 -0.255746 0.985763 0 0.168143 0 1 0 -0.168143 0 0.985763  0.0689945 -0 0.117394 0 0.227502 0
17.79 22.6354 0 -0.25461 0.985378 0 0.170383 0 1 0 -0.170383 0 0.985378  0.0684763 0 0.114661 0 0.226056 0
17.8 22.6361 0 -0.253443 0.984993 0 0.172592 0 1 0 -0.172592 0 0.984993  0.0702171 0 0.11708 0 0.22308 0
17.81 22.6368 0 -0.252252 0.984609 0 0.174771 0 1 0 -0.174771 0 0.984609  0.0721684 0 0.120227 0 0.219749 0
17.82 22.6375 0 -0.251065 0.984224 0 0.176926 0 1 0 -0.176926 0 0.984224  0.0720816 0 0.11947 0 0.217567 0
17.83 22.6382 0 -0.249851 0.983841 0 0.179046 0 1 0 -0.179046 0 0.983841  0.07392 0 0.121929 0 0.213942 0
17.84 22.639 0 -0.248636 0.983459 0 0.181132 0 1 0 -0.181132 0 0.983459  0.0746325 -0 0.122131 0 0.210404 0
17.85 22.6397 0 -0.247396 0.983078 0 0.183188 0 1 0 -0.183188 0 0.983078  0.0761546 -0 0.12468 0 0.207463 0
17.86 22.6405 0 -0.246151 0.982699 0 0.185211 0 1 0 -0.185211 0 0.982699  0.0765972 -0 0.125363 0 0.204233 0
17.87 22.6413 0 -0.244891 0.982322 0 0.187198 0 1 0 -0.187198 0 0.982322  0.077533 -0 0.126563 0 0.20053 0
17.88 22.642 0 -0.243648 0.98195 0 0.189142 0 1 0 -0.189142 0 0.98195  0.0781165 -0 0.124484 0 0.195979 0
17.89 22.6428 0 -0.242356 0.981581 0 0.191048 0 1 0 -0.191048 0 0.981581  0.0799885 0 0.129811 0 0.192145 0
17.9 22.6436 0 -0.241098 0.981214 0 0.19292 0 1 0 -0.19292 0 0.981214  0.0787019 0 0.126277 0 0.188895 0
17.91 22.6444 0 -0.239788 0.980853 0 0.194748 0 1 0 -0.194748 0 0.980853  0.0813014 0 0.13154 0 0.18442 0
17.92 22.6452 0 -0.238501 0.980495 0 0.196543 0 1 0 -0.196543 0 0.980495  0.0803659 0 0.129585 0 0.181051 0
17.93 22.6461 0 -0.237185 0.980143 0 0.19829 0 1 0 -0.19829 0 0.980143  0.0820991 0 0.13198 0 0.176166 0
17.94 22.6469 0 -0.235879 0.979797 0 0.199995 0 1 0 -0.199995 0 0.979797  0.0819776 0 0.13105 0 0.171774 0
17.95 22.6477 0 -0.234552 0.979456 0 0.201656 0 1 0 -0.201656 0 0.979456  0.0828951 0 0.133159 0 0.167371 0
17.96 22.6485 0 -0.233223 0.979122 0 0.203274 0 1 0 -0.203274 0 0.979122  0.0833169 0 0.133496 0 0.162968 0
17.97 22.6494 0 -0.231891 0.978794 0 0.204846 0 1 0 -0.204846 0 0.978794  0.0833477 0 0.133371 0 0.158372 0
17.98 22.6502 0 -0.230562 0.978474 0 0.206369 0 1 0 -0.206369 0 0.978474  0.0835693 0 0.132937 0 0.153298 0
17.99 22.651 0 -0.229218 0.978162 0 0.207842 0 1 0 -0.207842 0 0.978162  0.0847268 0 0.134757 0 0.147998 0
18 22.6519 0 -0.227862 0.977857 0 0.209272 0 1 0 -0.209272 0 0.977857  0.0846747 0 0.13627 0 0.143882 0
18.01 22.6527 0 -0.226551 0.977561 0 0.210654 0 1 0 -0.210654 0 0.977561  0.082961 -0 0.131342 0 0.13898 0
18.02 22.6536 0 -0.22515 0.977275 0 0.211974 0 1 0 -0.211974 0 0.977275  0.0875696 -0 0.140985 0 0.132254 0
18.03 22.6544 0 -0.22387 0.976995 0 0.213263 0 1 0 -0.213263 0 0.976995  0.0814763 -0 0.127433 0 0.129376 0
18.04 22.6553 0 -0.222477 0.97673 0 0.214475 0 1 0 -0.214475 0 0.97673  0.0873532 0 0.138853 0 0.121292 0
18.05 22.6561 0 -0.221167 0.976471 0 0.21565 0 1 0 -0.21565 0 0.976471  0.0840542 0 0.13126 0 0.11738 0
18.06 22.657 0 -0.219823 0.976224 0 0.216765 0 1 0 -0.216765 0 0.976224  0.0851016 0 0.133741 0 0.11165 0
18.07 22.6578 0 -0.218479 0.975988 0 0.217822 0 1 0 -0.217822 0 0.975988  0.085728 0 0.134793 0 0.105478 0
18.08 22.6587 0 -0.217167 0.975762 0 0.218832 0 1 0 -0.218832 0 0.975762  0.0837379 0 0.130918 0 0.100741 0
18.09 22.6595 0 -0.215821 0.97555 0 0.21978 0 1 0 -0.21978 0 0.97555  0.0858921 0 0.134424 0 0.0943076 0
18.1 22.6603 0 -0.214512 0.975347 0 0.220677 0 1 0 -0.220677 0 0.975347  0.0839004 0 0.130931 0 0.0891146 0
18.11 22.6612 0 -0.21317 0.975157 0 0.221514 0 1 0 -0.221514 0 0.975157  0.0849407 0 0.134098 0 0.0829392 0
18.12 22.662 0 -0.211868 0.974978 0 0.2223 0 1 0 -0.2223 0 0.974978  0.0828867 0 0.130403 0 0.0777654 0
18.13 22.6629 0 -0.210544 0.974814 0 0.223021 0 1 0 -0.223021 0 0.974814  0.0840904 0 0.13217 0 0.070944 0
18.14 22.6637 0 -0.20926 0.974661 0 0.223689 0 1 0 -0.223689 0 0.974661  0.0824191 0 0.127715 0 0.0655312 0
18.15 22.6645 0 -0.207955 0.974521 0 0.224295 0 1 0 -0.224295 0 0.974521  0.0832163 0 0.129901 0 0.0593011 0
18.16 22.6654 0 -0.206679 0.974394 0 0.224846 0 1 0 -0.224846 0 0.974394  0.0817535 0 0.127386 0 0.0535111 0
18.17 22.6662 0 -0.205408 0.974281 0 0.225337 0 1 0 -0.225337 0 0.974281  0.0813673 0 0.126593 0 0.0473786 0
18.18 22.667 0 -0.204137 0.974181 0 0.225767 0 1 0 -0.225767 0 0.974181  0.0817111 0 0.126833 0 0.0410554 0
18.19 22.6678 0 -0.202909 0.974094 0 0.226143 0 1 0 -0.226143 0 0.974094  0.0798187 0 0.12187 0 0.035502 0
18.2 22.6686 0 -0.201653 0.974023 0 0.226451 0 1 0 -0.226451 0 0.974023  0.0811016 0 0.124961 0 0.028566 0
18.21 22.6694 0 -0.200442 0.973963 0 0.226708 0 1 0 -0.226708 0 0.973963  0.0783468 0 0.120733 0 0.0232638 0
18.22 22.6702 0 -0.199217 0.973918 0 0.226899 0 1 0 -0.226899 0 0.973918  0.0786874 0 0.121928 0 0.0167306 0
18.23 22.671 0 -0.198023 0.973886 0 0.227036 0 1 0 -0.227036 0 0.973886  0.077218 0 0.118914 0 0.0110094 0
18.24 22.6717 0 -0.196834 0.973869 0 0.227109 0 1 0 -0.227109 0 0.973869  0.0769979 0 0.118383 0 0.00450144 0
18.25 22.6725 0 -0.195666 0.973866 0 0.227123 0 1 0 -0.227123 0 0.973866  0.075982 -0 0.116206 0 -0.00168805 0
18.26 22.6732 0 -0.194508 0.973877 0 0.227077 0 1 0 -0.227077 0 0.973877  0.0752002 -0 0.114973 0 -0.00784501 0
18.27 22.674 0 -0.193367 0.973901 0 0.226971 0 1 0 -0.226971 0 0.973901  0.0741506 -0 0.11345 0 -0.013984 0
18.28 22.6747 0 -0.192244 0.973941 0 0.226801 0 1 0 -0.226801 0 0.973941  0.073097 -0 0.111494 0 -0.0205816 0
18.29 22.6755 0 -0.191121 0.973995 0 0.226571 0 1 0 -0.226571 0 0.973995  0.0724228 -0 0.111987 0 -0.0269019 0
18.3 22.6762 0 -0.190035 0.974061 0 0.226285 0 1 0 -0.226285 0 0.974061  0.0699259 -0 0.108049 0 -0.0323459 0
18.31 22.6769 0 -0.188945 0.974142 0 0.225935 0 1 0 -0.225935 0 0.974142  0.0699389 -0 0.10805 0 -0.0390009 0
18.32 22.6776 0 -0.187886 0.974237 0 0.225526 0 1 0 -0.225526 0 0.974237  0.0683755 -0 0.105093 0 -0.0451398 0
18.33 22.6782 0 -0.186843 0.974346 0 0.225056 0 1 0 -0.225056 0 0.974346  0.0670078 0 0.10335 -0 -0.0512467 0
18.34 22.6789 0 -0.185813 0.974468 0 0.224526 0 1 0 -0.224526 0 0.974468  0.0662431 0 0.102186 -0 -0.0574846 0
18.35 22.6796 0 -0.18482 0.974604 0 0.223937 0 1 0 -0.223937 0 0.974604  0.0639326 0 0.0989048 0 -0.0635648 0
18.36 22.6802 0 -0.183825 0.974753 0 0.223285 0 1 0 -0.223285 0 0.974753  0.0638833 0 0.0991659 0 -0.0700922 0
18.37 22.6808 0 -0.182882 0.974915 0 0.222579 0 1 0 -0.222579 0 0.974915  0.0606721 0 0.09273 0 -0.0754034 0
18.38 22.6814 0 -0.181933 0.97509 0 0.221811 0 1 0 -0.221811 0 0.97509  0.0604679 0 0.0935506 0 -0.0817692 0
18.39 22.682 0 -0.181013 0.975277 0 0.220984 0 1 0 -0.220984 0 0.975277  0.0586704 0 0.0913176 0 -0.0877905 0
18.4 22.6826 0 -0.180128 0.975477 0 0.220102 0 1 0 -0.220102 0 0.975477  0.056081 0 0.0870884 0 -0.0933369 0
18.41 22.6831 0 -0.179264 0.975688 0 0.219164 0 1 0 -0.219164 0 0.975688  0.0551907 0 0.0847647 0 -0.0989639 0
18.42 22.6837 0 -0.178409 0.975912 0 0.218166 0 1 0 -0.218166 0 0.975912  0.0540249 0 0.0844269 0 -0.105232 0
18.43 22.6842 0 -0.177614 0.976145 0 0.217118 0 1 0 -0.217118 0 0.976145  0.0506397 0 0.0780429 -0 -0.110352 0
18.44 22.6847 0 -0.176809 0.976392 0 0.216006 0 1 0 -0.216006 0 0.976392  0.0514297 0 0.0791414 -0 -0.116731 0
18.45 22.6852 0 -0.176064 0.976648 0 0.214846 0 1 0 -0.214846 0 0.976648  0.0475461 0 0.0733863 0 -0.121644 0
18.46 22.6857 0 -0.175316 0.976915 0 0.213626 0 1 0 -0.213626 0 0.976915  0.0468676 0 0.0733437 0 -0.127529 0
18.47 22.6861 0 -0.174622 0.977192 0 0.212357 0 1 0 -0.212357 0 0.977192  0.0441295 0 0.0679984 0 -0.132582 0
18.48 22.6866 0 -0.173938 0.977479 0 0.211033 0 1 0 -0.211033 0 0.977479  0.0430192 0 0.0668797 -0 -0.138226 0
18.49 22.687 0 -0.173291 0.977775 0 0.209656 0 1 0 -0.209656 0 0.977775  0.0404971 0 0.0634295 0 -0.143629 0
18.5 22.6874 0 -0.172679 0.978078 0 0.208239 0 1 0 -0.208239 0 0.978078  0.0387031 0 0.0595621 -0 -0.147313 0
18.51 22.6878 0 -0.172087 0.978391 0 0.206765 0 1 0 -0.206765 0 0.978391  0.0369097 0 0.0576438 -0 -0.152989 0
18.52 22.6881 0 -0.171532 0.978711 0 0.205243 0 1 0 -0.205243 0 0.978711  0.0346817 0 0.0540355 -0 -0.158225 0
18.53 22.6885 0 -0.171002 0.979041 0 0.203665 0 1 0 -0.203665 0 0.979041  0.0320506 0 0.0518328 0 -0.163923 0
18.54 22.6888 0 -0.170489 0.979377 0 0.202042 0 1 0 -0.202042 0 0.979377  0.0308634 0 0.0508346 0 -0.168541 0
18.55 22.6891 0 -0.17003 0.979719 0 0.200375 0 1 0 -0.200375 0 0.979719  0.0271811 0 0.0442789 0 -0.172434 0
18.56 22.6893 0 -0.169576 0.980069 0 0.198656 0 1 0 -0.198656 0 0.980069  0.025625 0 0.0435452 0 -0.177613 0
18.57 22.6896 0 -0.169157 0.980425 0 0.196894 0 1 0 -0.196894 0 0.980425  0.0233878 -0 0.040752 0 -0.182096 0
18.58 22.6898 0 -0.168761 0.980787 0 0.195084 0 1 0 -0.195084 0 0.980787  0.0206929 0 0.0384256 0 -0.187004 0
18.59 22.69 0 -0.168417 0.981152 0 0.193235 0 1 0 -0.193235 0 0.981152  0.0176468 0 0.0326216 0 -0.190607 0
18.6 22.6902 0 -0.168069 0.981524 0 0.191337 0 1 0 -0.191337 0 0.981524  0.0168529 0 0.0332692 0 -0.195648 0
18.61 22.6903 0 -0.167808 0.981899 0 0.189407 0 1 0 -0.189407 0 0.981899  0.0126545 0 0.0241388 0 -0.19866 0
18.62 22.6904 0 -0.16752 0.982279 0 0.187425 0 1 0 -0.187425 0 0.982279  0.0122239 0 0.0271799 0 -0.203854 0
18.63 22.6905 0 -0.167303 0.982661 0 0.185413 0 1 0 -0.185413 0 0.982661  0.0075571 0 0.0205196 0 -0.206779 0
18.64 22.6906 0 -0.167102 0.983046 0 0.18336 0 1 0 -0.18336 0 0.983046  0.00566287 0 0.0179832 0 -0.21073 0
18.65 22.6906 0 -0.166923 0.983434 0 0.181267 0 1 0 -0.181267 0 0.983434  0.00406691 0 0.0165094 0 -0.214821 0
18.66 22.6907 0 -0.166829 0.983822 0 0.179147 0 1 0 -0.179147 0 0.983822  -0.000399109 0 0.00701628 0 -0.217183 0
18.67 22.6907 0 -0.166699 0.984215 0 0.176979 0 1 0 -0.176979 0 0.984215  -0.000151919 0 0.0113829 0 -0.222141 0
18.68 22.6906 0 -0.166658 0.984606 0 0.174786 0 1 0 -0.174786 0 0.984606  -0.00533108 0 0.00313087 -0 -0.224606 0
18.69 22.6906 0 -0.166612 0.985 0 0.172554 0 1 0 -0.172554 0 0.985  -0.00637193 0 0.00288348 -0 -0.228255 0
18.7 22.6905 0 -0.166618 0.985393 0 0.170294 0 1 0 -0.170294 0 0.985393  -0.00977638 0 -0.00228691 0 -0.230889 0
18.71 22.6904 0 -0.166644 0.985787 0 0.167998 0 1 0 -0.167998 0 0.985787  -0.0117703 0 -0.0041279 0 -0.234616 0
18.72 22.6903 0 -0.166705 0.98618 0 0.165676 0 1 0 -0.165676 0 0.98618  -0.014563 0 -0.00729884 0 -0.236971 0
18.73 22.6901 0 -0.166803 0.986572 0 0.163324 0 1 0 -0.163324 0 0.986572  -0.0177603 0 -0.0113691 0 -0.239749 0
18.74 22.6899 0 -0.166921 0.986963 0 0.160946 0 1 0 -0.160946 0 0.986963  -0.0196725 0 -0.0133546 0 -0.242384 0
18.75 22.6897 0 -0.167089 0.987353 0 0.158536 0 1 0 -0.158536 0 0.987353  -0.0219899 0 -0.0184801 0 -0.245508 0
18.76 22.6895 0 -0.16728 0.987741 0 0.156102 0 1 0 -0.156102 0 0.987741  -0.0251361 0 -0.0208984 0 -0.24776 0
18.77 22.6892 0 -0.167506 0.988125 0 0.153649 0 1 0 -0.153649 0 0.988125  -0.0281764 0 -0.0242188 0 -0.249408 0
18.78 22.6889 0 -0.167763 0.988508 0 0.151168 0 1 0 -0.151168 0 0.988508  -0.0306297 0 -0.0272893 0 -0.252201 0
18.79 22.6886 0 -0.168046 0.988888 0 0.148664 0 1 0 -0.148664 0 0.988888  -0.0331552 0 -0.0296294 0 -0.254602 0
18.8 22.6882 0 -0.168385 0.989263 0 0.146145 0 1 0 -0.146145 0 0.989263  -0.0371395 0 -0.03577 0 -0.255673 0
18.81 22.6879 0 -0.168726 0.989636 0 0.143596 0 1 0 -0.143596 0 0.989636  -0.0378795 0 -0.0357025 0 -0.258603 0
18.82 22.6874 0 -0.169131 0.990004 0 0.141036 0 1 0 -0.141036 0 0.990004  -0.0424002 0 -0.0420833 0 -0.259474 0
18.83 22.687 0 -0.169535 0.990368 0 0.138458 0 1 0 -0.138458 0 0.990368  -0.0439298 0 -0.0419609 0 -0.261073 0
18.84 22.6866 0 -0.169992 0.990727 0 0.135869 0 1 0 -0.135869 0 0.990727  -0.0473323 0 -0.0470129 0 -0.262093 0
18.85 22.6861 0 -0.170472 0.991081 0 0.133259 0 1 0 -0.133259 0 0.991081  -0.0493058 0 -0.0497462 0 -0.264142 0
18.86 22.6856 0 -0.170982 0.99143 0 0.130639 0 1 0 -0.130639 0 0.99143  -0.0521327 0 -0.0524584 0 -0.265012 0
18.87 22.685 0 -0.171539 0.991773 0 0.128006 0 1 0 -0.128006 0 0.991773  -0.0558096 0 -0.057448 0 -0.266102 0
18.88 22.6845 0 -0.1721 0.992112 0 0.125357 0 1 0 -0.125357 0 0.992112  -0.0574313 0 -0.0575036 0 -0.267801 0
18.89 22.6839 0 -0.172735 0.992442 0 0.122717 0 1 0 -0.122717 0 0.992442  -0.060845 0 -0.0652379 0 -0.266327 0
18.9 22.6833 0 -0.173356 0.992768 0 0.120052 0 1 0 -0.120052 0 0.992768  -0.0619496 0 -0.0637923 0 -0.268666 0
18.91 22.6826 0 -0.174024 0.993086 0 0.117388 0 1 0 -0.117388 0 0.993086  -0.0651228 0 -0.0652906 0 -0.268945 0
18.92 22.6819 0 -0.174765 0.993397 0 0.114724 0 1 0 -0.114724 0 0.993397  -0.0678379 0 -0.0737195 0 -0.26841 0
18.93 22.6813 0 -0.175512 0.993703 0 0.112049 0 1 0 -0.112049 0 0.993703  -0.0705469 0 -0.07733 0 -0.269312 0
18.94 22.6805 0 -0.176269 0.994001 0 0.109372 0 1 0 -0.109372 0 0.994001  -0.0723149 0 -0.0770069 0 -0.269589 0
18.95 22.6798 0 -0.177099 0.994292 0 0.106698 0 1 0 -0.106698 0 0.994292  -0.0761042 0 -0.0846942 0 -0.269007 0
18.96 22.679 0 -0.177924 0.994576 0 0.104015 0 1 0 -0.104015 0 0.994576  -0.0768448 0 -0.084268 0 -0.269754 0
18.97 22.6783 0 -0.178793 0.994852 0 0.101341 0 1 0 -0.101341 0 0.994852  -0.0800661 0 -0.0878085 0 -0.268771 0
18.98 22.6774 0 -0.179693 0.99512 0 0.0986706 0 1 0 -0.0986706 0 0.99512  -0.082758 0 -0.091467 0 -0.268046 0
18.99 22.6766 0 -0.180608 0.995381 0 0.0960015 0 1 0 -0.0960015 0 0.995381  -0.0847294 0 -0.0926014 0 -0.268009 0
19 22.6757 0 -0.181567 0.995634 0 0.0933402 0 1 0 -0.0933402 0 0.995634  -0.087266 0 -0.0973296 0 -0.26719 0
19.01 22.6749 0 -0.182558 0.99588 0 0.090682 0 1 0 -0.090682 0 0.99588  -0.0892916 0 -0.100963 0 -0.266701 0
19.02 22.674 0 -0.183569 0.996117 0 0.0880359 0 1 0 -0.0880359 0 0.996117  -0.0912366 0 -0.102475 0 -0.26524 0
19.03 22.673 0 -0.184608 0.996346 0 0.0854029 0 1 0 -0.0854029 0 0.996346  -0.0942124 0 -0.105012 -0 -0.263609 0
19.04 22.6721 0 -0.185675 0.996568 0 0.0827777 0 1 0 -0.0827777 0 0.996568  -0.0961502 0 -0.108021 -0 -0.262835 0
19.05 22.6711 0 -0.186758 0.996782 0 0.0801662 0 1 0 -0.0801662 0 0.996782  -0.0976714 0 -0.10938 -0 -0.261436 0
19.06 22.6701 0 -0.187874 0.996987 0 0.0775714 0 1 0 -0.0775714 0 0.996987  -0.100153 0 -0.112689 0 -0.259544 0
19.07 22.6691 0 -0.188995 0.997184 0 0.0749927 0 1 0 -0.0749927 0 0.997184  -0.101793 0 -0.113194 0 -0.257802 0
19.08 22.6681 0 -0.190146 0.997373 0 0.0724345 0 1 0 -0.0724345 0 0.997373  -0.10397 0 -0.116083 0 -0.255589 0
19.09 22.667 0 -0.191334 0.997555 0 0.0698911 0 1 0 -0.0698911 0 0.997555  -0.105831 0 -0.120331 0 -0.254061 0
19.1 22.666 0 -0.192517 0.997728 0 0.0673665 0 1 0 -0.0673665 0 0.997728  -0.106811 0 -0.119352 0 -0.252262 0
19.11 22.6649 0 -0.193757 0.997893 0 0.0648755 0 1 0 -0.0648755 0 0.997893  -0.10896 0 -0.125076 0 -0.248418 0
19.12 22.6638 0 -0.195005 0.998052 0 0.0623945 0 1 0 -0.0623945 0 0.998052  -0.110462 0 -0.126414 0 -0.247388 0
19.13 22.6627 0 -0.196277 0.998202 0 0.0599383 0 1 0 -0.0599383 0 0.998202  -0.111897 0 -0.128289 0 -0.245207 0
19.14 22.6615 0 -0.197589 0.998345 0 0.0575107 0 1 0 -0.0575107 0 0.998345  -0.114095 0 -0.132512 -0 -0.242003 0
19.15 22.6604 0 -0.198922 0.998481 0 0.0551036 0 1 0 -0.0551036 0 0.998481  -0.115253 0 -0.134884 -0 -0.23985 0
19.16 22.6592 0 -0.200256 0.998609 0 0.0527244 0 1 0 -0.0527244 0 0.998609  -0.116207 0 -0.134344 -0 -0.23706 0
19.17 22.6581 0 -0.201635 0.99873 0 0.0503798 0 1 0 -0.0503798 0 0.99873  -0.11864 0 -0.138817 0 -0.233254 0
19.18 22.6569 0 -0.203014 0.998844 0 0.048061 0 1 0 -0.048061 0 0.998844  -0.118991 0 -0.13894 -0 -0.230529 0
19.19 22.6557 0 -0.204407 0.998952 0 0.0457792 0 1 0 -0.0457792 0 0.998952  -0.120513 0 -0.13974 -0 -0.226806 0
19.2 22.6545 0 -0.205829 0.999052 0 0.0435347 0 1 0 -0.0435347 0 0.999052  -0.122418 0 -0.14317 -0 -0.222875 0
19.21 22.6532 0 -0.207243 0.999146 0 0.0413212 0 1 0 -0.0413212 0 0.999146  -0.122401 0 -0.14199 0 -0.219796 0
19.22 22.652 0 -0.20869 0.999233 0 0.0391504 0 1 0 -0.0391504 0 0.999233  -0.124203 0 -0.145214 0 -0.21546 0
19.23 22.6508 0 -0.210146 0.999315 0 0.0370134 0 1 0 -0.0370134 0 0.999315  -0.12463 0 -0.146502 0 -0.212006 0
19.24 22.6495 0 -0.211618 0.99939 0 0.0349137 0 1 0 -0.0349137 0 0.99939  -0.125338 0 -0.147908 -0 -0.208359 0
19.25 22.6483 0 -0.213103 0.99946 0 0.0328558 0 1 0 -0.0328558 0 0.99946  -0.12638 0 -0.149145 -0 -0.203992 0
19.26 22.647 0 -0.214607 0.999524 0 0.0308384 0 1 0 -0.0308384 0 0.999524  -0.12709 0 -0.151241 -0 -0.199795 0
19.27 22.6457 0 -0.216115 0.999583 0 0.0288603 0 1 0 -0.0288603 0 0.999583  -0.127209 0 -0.151333 0 -0.195849 0
19.28 22.6444 0 -0.217645 0.999637 0 0.0269279 0 1 0 -0.0269279 0 0.999637  -0.128182 0 -0.153533 -0 -0.191164 0
19.29 22.6432 0 -0.219173 0.999686 0 0.0250404 0 1 0 -0.0250404 0 0.999686  -0.128417 0 -0.153366 0 -0.186544 0
19.3 22.6419 0 -0.220714 0.999731 0 0.0232007 0 1 0 -0.0232007 0 0.999731  -0.1288 0 -0.154469 -0 -0.181725 0
19.31 22.6406 0 -0.222259 0.999771 0 0.0214096 0 1 0 -0.0214096 0 0.999771  -0.129001 0 -0.154889 -0 -0.176781 0
19.32 22.6393 0 -0.223809 0.999807 0 0.0196681 0 1 0 -0.0196681 0 0.999807  -0.129331 0 -0.155246 -0 -0.171746 0
19.33 22.638 0 -0.225366 0.999838 0 0.0179768 0 1 0 -0.0179768 0 0.999838  -0.129339 0 -0.155968 -0 -0.166646 0
19.34 22.6367 0 -0.226926 0.999867 0 0.016336 0 1 0 -0.016336 0 0.999867  -0.129486 0 -0.156247 -0 -0.16156 0
19.35 22.6354 0 -0.228491 0.999891 0 0.0147483 0 1 0 -0.0147483 0 0.999891  -0.129557 0 -0.156748 -0 -0.156223 0
19.36 22.6341 0 -0.230055 0.999913 0 0.0132129 0 1 0 -0.0132129 0 0.999913  -0.129296 0 -0.15663 -0 -0.150937 0
19.37 22.6328 0 -0.231618 0.999931 0 0.0117317 0 1 0 -0.0117317 0 0.999931  -0.128805 0 -0.156178 -0 -0.145452 0
19.38 22.6315 0 -0.233186 0.999947 0 0.0103072 0 1 0 -0.0103072 0 0.999947  -0.12909 0 -0.156889 -0 -0.139683 0
19.39 22.6302 0 -0.23475 0.99996 0 0.00893641 0 1 0 -0.00893641 0 0.99996  -0.128526 0 -0.156393 -0 -0.134305 0
19.4 22.629 0 -0.236322 0.999971 0 0.00762142 0 1 0 -0.00762142 0 0.999971  -0.12829 0 -0.157325 0 -0.128774 0
19.41 22.6277 0 -0.237897 0.99998 0 0.00636036 0 1 0 -0.00636036 0 0.99998  -0.127667 0 -0.157739 -0 -0.12338 0
19.42 22.6264 0 -0.239469 0.999987 0 0.0051576 0 1 0 -0.0051576 0 0.999987  -0.12709 0 -0.157308 -0 -0.117453 0
19.43 22.6251 0 -0.241039 0.999992 0 0.00401435 0 1 0 -0.00401435 0 0.999992  -0.126516 0 -0.157041 -0 -0.111362 0
19.44 22.6239 0 -0.242599 0.999996 0 0.00293154 0 1 0 -0.00293154 0 0.999996  -0.125785 0 -0.155771 -0 -0.105269 0
19.45 22.6226 0 -0.244142 0.999998 0 0.00191209 0 1 0 -0.00191209 0 0.999998  -0.124985 0 -0.153723 -0 -0.0988648 0
19.46 22.6214 0 -0.245678 1 0 0.000957546 0 1 0 -0.000957546 0 1  -0.124504 0 -0.15292 -0 -0.0922564 0
19.47 22.6201 0 -0.247191 1 0 6.80668e-05 0 1 0 -6.80668e-05 0 1  -0.123472 0 -0.150579 -0 -0.0856655 0
19.48 22.6189 0 -0.248707 1 0 -0.000756038 0 1 0 0.000756038 0 1  -0.122888 0 -0.151052 0 -0.0791369 -0
19.49 22.6177 0 -0.250192 0.999999 0 -0.00151698 0 1 0 0.00151698 0 0.999999  -0.121493 0 -0.147831 0 -0.0729102 0
19.5 22.6165 0 -0.251672 0.999998 0 -0.00220829 0 1 0 0.00220829 0 0.999998  -0.120955 0 -0.147161 0 -0.0658671 -0
19.51 22.6153 0 -0.25313 0.999996 0 -0.00283426 0 1 0 0.00283426 0 0.999996  -0.119712 0 -0.145108 0 -0.0592528 -0
19.52 22.6141 0 -0.254571 0.999994 0 -0.00339429 0 1 0 0.00339429 0 0.999994  -0.1185 0 -0.143268 0 -0.0527375 -0
19.53 22.6129 0 -0.255994 0.999992 0 -0.00388677 0 1 0 0.00388677 0 0.999992  -0.117291 0 -0.141378 0 -0.0459772 -0
19.54 22.6117 0 -0.257397 0.999991 0 -0.00431293 0 1 0 0.00431293 0 0.999991  -0.115886 0 -0.139318 0 -0.0392953 -0
19.55 22.6106 0 -0.258779 0.999989 0 -0.00467178 0 1 0 0.00467178 0 0.999989  -0.114486 0 -0.137234 0 -0.0325204 -0
19.56 22.6094 0 -0.26014 0.999988 0 -0.00496218 0 1 0 0.00496218 0 0.999988  -0.113169 0 -0.135007 0 -0.0256356 -0
19.57 22.6083 0 -0.261476 0.999987 0 -0.00518384 0 1 0 0.00518384 0 0.999987  -0.111744 0 -0.13247 0 -0.0187571 -0
19.58 22.6072 0 -0.262789 0.999986 0 -0.00533632 0 1 0 0.00533632 0 0.999986  -0.110223 0 -0.130073 0 -0.0118374 -0
19.59 22.6061 0 -0.264076 0.999985 0 -0.00541935 0 1 0 0.00541935 0 0.999985  -0.108758 0 -0.127484 0 -0.00487089 -0
19.6 22.605 0 -0.265341 0.999985 0 -0.00543388 0 1 0 0.00543388 0 0.999985  -0.107048 0 -0.12535 0 0.00196947 0
19.61 22.604 0 -0.266579 0.999986 0 -0.00537933 0 1 0 0.00537933 0 0.999986  -0.105347 0 -0.122657 0 0.0088475 0
19.62 22.6029 0 -0.267792 0.999986 0 -0.00525603 0 1 0 0.00525603 0 0.999986  -0.103585 0 -0.119961 0 0.0157332 0
19.63 22.6019 0 -0.268983 0.999987 0 -0.00506481 0 1 0 0.00506481 0 0.999987  -0.101738 0 -0.117978 0 0.0225402 0
19.64 22.6009 0 -0.270142 0.999988 0 -0.00480484 0 1 0 0.00480484 0 0.999988  -0.099891 0 -0.114572 0 0.0294116 0
19.65 22.5999 0 -0.271281 0.99999 0 -0.00447525 0 1 0 0.00447525 0 0.99999  -0.0984518 0 -0.112607 0 0.0363696 0
19.66 22.5989 0 -0.272387 0.999992 0 -0.00407931 0 1 0 0.00407931 0 0.999992  -0.0960802 0 -0.109285 0 0.0429886 0
19.67 22.598 0 -0.27347 0.999993 0 -0.00361381 0 1 0 0.00361381 0 0.999993  -0.0944352 0 -0.106814 0 0.0499433 0
19.68 22.597 0 -0.274521 0.999995 0 -0.00308051 0 1 0 0.00308051 0 0.999995  -0.0924215 0 -0.103784 0 0.056706 0
19.69 22.5961 0 -0.275545 0.999997 0 -0.00247965 0 1 0 0.00247965 0 0.999997  -0.0902561 0 -0.100947 0 0.063425 0
19.7 22.5952 0 -0.276547 0.999998 0 -0.00181041 0 1 0 0.00181041 0 0.999998  -0.088321 0 -0.0989168 0 0.0703083 0
19.71 22.5944 0 -0.277522 0.999999 0 -0.00107293 0 1 0 0.00107293 0 0.999999  -0.0859566 0 -0.0964076 0 0.0771963 0
19.72 22.5935 0 -0.278469 1 0 -0.000266058 0 1 0 0.000266058 0 1  -0.0835424 0 -0.0935043 0 0.0841551 0
19.73 22.5927 0 -0.279385 1 0 0.000606022 0 1 0 -0.000606022 0 1  -0.0813857 0 -0.0903251 0 0.0905996 0
19.74 22.5919 0 -0.280277 0.999999 0 0.00154564 0 1 0 -0.00154564 0 0.999999  -0.0791581 0 -0.0880018 0 0.0973165 0
19.75 22.5911 0 -0.281132 0.999997 0 0.00255022 0 1 0 -0.00255022 0 0.999997  -0.0765516 0 -0.0842794 0 0.103814 0
19.76 22.5904 0 -0.281961 0.999993 0 0.0036211 0 1 0 -0.0036211 0 0.999993  -0.0743144 0 -0.081505 0 0.110402 0
19.77 22.5896 0 -0.282756 0.999989 0 0.0047561 0 1 0 -0.0047561 0 0.999989  -0.0719472 0 -0.0780399 0 0.116797 0
19.78 22.5889 0 -0.283518 0.999982 0 0.00595469 0 1 0 -0.00595469 0 0.999982  -0.0694269 0 -0.0748655 0 0.123123 0
19.79 22.5882 0 -0.28425 0.999974 0 0.00721616 0 1 0 -0.00721616 0 0.999974  -0.0671908 0 -0.0716974 0 0.129325 0
19.8 22.5876 0 -0.284942 0.999964 0 0.00853908 0 1 0 -0.00853908 0 0.999964  -0.0645599 0 -0.0675017 0 0.13537 0
19.81 22.5869 0 -0.285603 0.999951 0 0.00992199 0 1 0 -0.00992199 0 0.999951  -0.0625039 0 -0.0643581 0 0.141278 0
19.82 22.5863 0 -0.286227 0.999935 0 0.0113629 0 1 0 -0.0113629 0 0.999935  -0.0596485 0 -0.0607624 0 0.14703 0
19.83 22.5857 0 -0.286821 0.999917 0 0.0128615 0 1 0 -0.0128615 0 0.999917  -0.0579443 0 -0.0576393 0 0.152768 0
19.84 22.5852 0 -0.28737 0.999896 0 0.0144149 0 1 0 -0.0144149 0 0.999896  -0.0550809 0 -0.0530941 0 0.158158 0
19.85 22.5846 0 -0.287895 0.999872 0 0.0160263 0 1 0 -0.0160263 0 0.999872  -0.0529829 0 -0.0507306 0 0.163948 0
19.86 22.5841 0 -0.28837 0.999844 0 0.0176904 0 1 0 -0.0176904 0 0.999844  -0.0502637 0 -0.0457757 0 0.169177 0
19.87 22.5836 0 -0.288824 0.999812 0 0.0194092 0 1 0 -0.0194092 0 0.999812  -0.0481163 0 -0.0435812 0 0.174595 0
19.88 22.5832 0 -0.289225 0.999776 0 0.0211767 0 1 0 -0.0211767 0 0.999776  -0.0452454 0 -0.0382377 0 0.1794 0
19.89 22.5827 0 -0.289607 0.999735 0 0.0229991 0 1 0 -0.0229991 0 0.999735  -0.0434048 0 -0.0362484 0 0.184878 0
19.9 22.5823 0 -0.289934 0.999691 0 0.0248683 0 1 0 -0.0248683 0 0.999691  -0.0402139 0 -0.0308259 0 0.189505 0
19.91 22.5819 0 -0.29024 0.999641 0 0.0267886 0 1 0 -0.0267886 0 0.999641  -0.0383333 0 -0.0287707 0 0.194511 0
19.92 22.5815 0 -0.290494 0.999586 0 0.028757 0 1 0 -0.028757 0 0.999586  -0.0351859 0 -0.0235232 0 0.199342 0
19.93 22.5812 0 -0.290723 0.999526 0 0.0307709 0 1 0 -0.0307709 0 0.999526  -0.0329485 0 -0.0209002 0 0.203847 0
19.94 22.5809 0 -0.290904 0.999461 0 0.0328288 0 1 0 -0.0328288 0 0.999461  -0.0303798 0 -0.0161143 0 0.208165 0
19.95 22.5806 0 -0.291052 0.99939 0 0.0349321 0 1 0 -0.0349321 0 0.99939  -0.0283422 0 -0.0127955 0 0.212678 0
19.96 22.5803 0 -0.291155 0.999312 0 0.0370774 0 1 0 -0.0370774 0 0.999312  -0.0252864 0 -0.00819384 0 0.216857 0
19.97 22.5801 0 -0.291222 0.999229 0 0.0392651 0 1 0 -0.0392651 0 0.999229  -0.0232893 0 -0.00460522 0 0.221073 0
19.98 22.5799 0 -0.291242 0.999139 0 0.0414943 0 1 0 -0.0414943 0 0.999139  -0.0208816 0 0.000132482 0 0.2252 0
19.99 22.5797 0 -0.291213 0.999042 0 0.0437625 0 1 0 -0.0437625 0 0.999042  -0.0177249 0 0.00535968 0 0.229034 0
20 22.5795 0 -0.291157 0.998938 0 0.0460716 0 1 0 -0.0460716 0 0.998938  -0.0157899 0 0.00762551 0 0.233112 0
20.01 22.5794 0 -0.29104 0.998827 0 0.0484164 0 1 0 -0.0484164 0 0.998827  -0.0130047 0 0.0137021 0 0.236665 0
20.02 22.5792 0 -0.290896 0.998709 0 0.0507996 0 1 0 -0.0507996 0 0.998709  -0.0110739 0 0.016611 0 0.24047 0
20.03 22.5791 0 -0.290705 0.998583 0 0.053216 0 1 0 -0.053216 0 0.998583  -0.00829371 0 0.0211432 0 0.243757 0
20.04 22.5791 0 -0.290472 0.998449 0 0.0556669 0 1 0 -0.0556669 0 0.998449  -0.00600021 0 0.0254331 0 0.247165 0
20.05 22.579 0 -0.290206 0.998308 0 0.0581508 0 1 0 -0.0581508 0 0.998308  -0.00397476 0 0.0285209 0 0.250471 0
20.06 22.579 0 -0.289889 0.998158 0 0.0606645 0 1 0 -0.0606645 0 0.998158  -0.00104284 0 0.0336689 0 0.253401 0
20.07 22.579 0 -0.289545 0.998 0 0.0632082 0 1 0 -0.0632082 0 0.998  0.000902537 -0 0.0364123 0 0.256351 0
20.08 22.579 0 -0.28916 0.997834 0 0.0657777 0 1 0 -0.0657777 0 0.997834  0.00335511 -0 0.0402323 0 0.258878 0
20.09 22.5791 0 -0.288733 0.99766 0 0.0683714 0 1 0 -0.0683714 0 0.99766  0.00592151 -0 0.044685 0 0.261242 0
20.1 22.5791 0 -0.288282 0.997477 0 0.0709922 0 1 0 -0.0709922 0 0.997477  0.00785421 -0 0.046771 0 0.263982 0
20.11 22.5792 0 -0.287782 0.997285 0 0.073633 0 1 0 -0.073633 0 0.997285  0.0104915 -0 0.0517276 0 0.26595 0
20.12 22.5793 0 -0.287256 0.997085 0 0.0762972 0 1 0 -0.0762972 0 0.997085  0.0125337 -0 0.0544597 0 0.26828 0
20.13 22.5795 0 -0.286695 0.996876 0 0.0789809 0 1 0 -0.0789809 0 0.996876  0.0147509 -0 0.0577583 0 0.270261 0
20.14 22.5796 0 -0.286099 0.996659 0 0.0816804 0 1 0 -0.0816804 0 0.996659  0.0174332 -0 0.0613503 0 0.271771 0
20.15 22.5798 0 -0.285472 0.996432 0 0.0843957 0 1 0 -0.0843957 0 0.996432  0.0192667 0 0.0642828 0 0.273289 0
20.16 22.58 0 -0.284801 0.996197 0 0.0871307 0 1 0 -0.0871307 0 0.996197  0.0215004 -0 0.0690112 0 0.275393 0
20.17 22.5802 0 -0.284111 0.995953 0 0.0898779 0 1 0 -0.0898779 0 0.995953  0.023548 -0 0.0708075 0 0.276682 0
20.18 22.5805 0 -0.283374 0.9957 0 0.0926375 0 1 0 -0.0926375 0 0.9957  0.0260478 -0 0.0752422 0 0.277782 0
20.19 22.5808 0 -0.282616 0.995438 0 0.0954092 0 1 0 -0.0954092 0 0.995438  0.0277314 -0 0.0775366 0 0.278985 0
20.2 22.581 0 -0.281821 0.995168 0 0.0981892 0 1 0 -0.0981892 0 0.995168  0.030292 -0 0.0810257 0 0.279838 0
20.21 22.5814 0 -0.281002 0.994889 0 0.100976 0 1 0 -0.100976 0 0.994889  0.0318577 -0 0.0833322 0 0.28049 0
20.22 22.5817 0 -0.280142 0.994602 0 0.103768 0 1 0 -0.103768 0 0.994602  0.0340593 -0 0.0875643 0 0.281021 0
20.23 22.582 0 -0.279267 0.994306 0 0.106567 0 1 0 -0.106567 0 0.994306  0.0357376 -0 0.0890077 0 0.281772 0
20.24 22.5824 0 -0.278352 0.994002 0 0.109365 0 1 0 -0.109365 0 0.994002  0.0382667 -0 0.0929397 0 0.281719 0
20.25 22.5828 0 -0.277424 0.99369 0 0.112165 0 1 0 -0.112165 0 0.99369  0.0397144 -0 0.09415 0 0.281849 0
20.26 22.5832 0 -0.276442 0.993369 0 0.114965 0 1 0 -0.114965 0 0.993369  0.0423368 -0 0.0998263 0 0.281928 0
20.27 22.5836 0 -0.275457 0.993041 0 0.11777 0 1 0 -0.11777 0 0.993041  0.0431097 -0 0.0999952 0 0.282472 0
20.28 22.5841 0 -0.274414 0.992705 0 0.12057 0 1 0 -0.12057 0 0.992705  0.0457189 0 0.105768 0 0.282117 0
20.29 22.5845 0 -0.273361 0.992361 0 0.12337 0 1 0 -0.12337 0 0.992361  0.04717 0 0.107011 0 0.282007 0
20.3 22.585 0 -0.272293 0.99201 0 0.126163 0 1 0 -0.126163 0 0.99201  0.0486631 -0 0.107685 0 0.281296 0
20.31 22.5855 0 -0.271163 0.991652 0 0.128945 0 1 0 -0.128945 0 0.991652  0.0519871 -0 0.114595 0 0.280156 0
20.32 22.586 0 -0.270056 0.991286 0 0.131727 0 1 0 -0.131727 0 0.991286  0.0515366 -0 0.111942 0 0.280308 0
20.33 22.5866 0 -0.268886 0.990915 0 0.134491 0 1 0 -0.134491 0 0.990915  0.0546958 -0 0.117924 0 0.278438 0
20.34 22.5871 0 -0.267727 0.990537 0 0.137245 0 1 0 -0.137245 0 0.990537  0.0557582 -0 0.117055 0 0.277312 0
20.35 22.5877 0 -0.266527 0.990154 0 0.139985 0 1 0 -0.139985 0 0.990154  0.0576598 0 0.120926 0 0.275982 0
20.36 22.5883 0 -0.2653 0.989764 0 0.142712 0 1 0 -0.142712 0 0.989764  0.0591163 0 0.124182 0 0.274869 0
20.37 22.5889 0 -0.264051 0.989369 0 0.145428 0 1 0 -0.145428 0 0.989369  0.0601453 0 0.126315 0 0.274006 0
20.38 22.5895 0 -0.262841 0.98897 0 0.148113 0 1 0 -0.148113 0 0.98897  0.060533 0 0.120999 0 0.270472 0
20.39 22.5901 0 -0.261509 0.988568 0 0.150778 0 1 0 -0.150778 0 0.988568  0.0660984 0 0.134601 0 0.268221 0
20.4 22.5907 0 -0.26027 0.988158 0 0.153442 0 1 0 -0.153442 0 0.988158  0.0620701 0 0.125317 0 0.268828 0
20.41 22.5914 0 -0.258915 0.987747 0 0.156066 0 1 0 -0.156066 0 0.987747  0.0671274 0 0.136417 0 0.264763 0
20.42 22.5921 0 -0.257598 0.987331 0 0.158677 0 1 0 -0.158677 0 0.987331  0.0666834 0 0.133467 0 0.263114 0
20.43 22.5927 0 -0.256283 0.986912 0 0.161258 0 1 0 -0.161258 0 0.986912  0.0672329 0 0.13133 0 0.260325 0
20.44 22.5934 0 -0.254895 0.986493 0 0.163804 0 1 0 -0.163804 0 0.986493  0.070938 0 0.139747 0 0.256454 0
20.45 22.5941 0 -0.253551 0.986069 0 0.166336 0 1 0 -0.166336 0 0.986069  0.0692956 0 0.135706 0 0.255462 0
20.46 22.5948 0 -0.252179 0.985646 0 0.168824 0 1 0 -0.168824 0 0.985646  0.0715856 0 0.137385 0 0.250974 0
20.47 22.5956 0 -0.250776 0.985222 0 0.171284 0 1 0 -0.171284 0 0.985222  0.07361 0 0.141297 0 0.247879 0
20.48 22.5963 0 -0.249389 0.984795 0 0.173722 0 1 0 -0.173722 0 0.984795  0.0727032 -0 0.139325 0 0.246113 0
20.49 22.597 0 -0.247962 0.984369 0 0.176118 0 1 0 -0.176118 0 0.984369  0.0753258 0 0.14316 0 0.241861 0
20.5 22.5978 0 -0.24653 0.983943 0 0.178484 0 1 0 -0.178484 0 0.983943  0.0759587 0 0.144252 0 0.238663 0
20.51 22.5985 0 -0.245105 0.983517 0 0.180815 0 1 0 -0.180815 0 0.983517  0.0759057 0 0.142875 0 0.235264 0
20.52 22.5993 0 -0.243626 0.983093 0 0.183106 0 1 0 -0.183106 0 0.983093  0.0790794 0 0.148883 0 0.231161 0
20.53 22.6001 0 -0.2422 0.98267 0 0.185363 0 1 0 -0.185363 0 0.98267  0.0772856 -0 0.142935 0 0.227891 0
20.54 22.6009 0 -0.240708 0.98225 0 0.187574 0 1 0 -0.187574 0 0.98225  0.0805213 0 0.149383 0 0.22298 0
20.55 22.6017 0 -0.239259 0.981832 0 0.18975 0 1 0 -0.18975 0 0.981832  0.0793186 0 0.14547 0 0.219505 0
20.56 22.6025 0 -0.237761 0.981418 0 0.191881 0 1 0 -0.191881 0 0.981418  0.0814081 0 0.150043 0 0.215104 0
20.57 22.6033 0 -0.236257 0.981006 0 0.193977 0 1 0 -0.193977 0 0.981006  0.081981 0 0.15164 0 0.211593 0
20.58 22.6041 0 -0.234779 0.980598 0 0.196029 0 1 0 -0.196029 0 0.980598  0.0813365 0 0.148004 0 0.207177 0
20.59 22.6049 0 -0.23324 0.980196 0 0.19803 0 1 0 -0.19803 0 0.980196  0.0842169 0 0.154509 0 0.20173 0
20.6 22.6058 0 -0.231737 0.979797 0 0.199996 0 1 0 -0.199996 0 0.979797  0.0825751 0 0.151112 0 0.198422 0
20.61 22.6066 0 -0.230205 0.979404 0 0.201908 0 1 0 -0.201908 0 0.979404  0.0841166 0 0.153229 0 0.193088 0
20.62 22.6075 0 -0.228662 0.979018 0 0.203775 0 1 0 -0.203775 0 0.979018  0.0853641 0 0.154969 0 0.188195 0
20.63 22.6083 0 -0.22714 0.978637 0 0.205596 0 1 0 -0.205596 0 0.978637  0.0843884 0 0.152435 0 0.183643 0
20.64 22.6091 0 -0.2256 0.978263 0 0.207367 0 1 0 -0.207367 0 0.978263  0.0855825 0 0.154994 0 0.178492 0
20.65 22.61 0 -0.224051 0.977898 0 0.209083 0 1 0 -0.209083 0 0.977898  0.0867746 0 0.156153 0 0.172668 0
20.66 22.6108 0 -0.222568 0.977539 0 0.210753 0 1 0 -0.210753 0 0.977539  0.0835798 0 0.146729 0 0.168263 0
20.67 22.6117 0 -0.220998 0.977193 0 0.212355 0 1 0 -0.212355 0 0.977193  0.0887392 0 0.156616 0 0.161071 0
20.68 22.6126 0 -0.219501 0.976852 0 0.213915 0 1 0 -0.213915 0 0.976852  0.0854259 0 0.150046 0 0.156845 0
20.69 22.6135 0 -0.217973 0.976523 0 0.215414 0 1 0 -0.215414 0 0.976523  0.0869202 0 0.152288 0 0.150945 0
20.7 22.6143 0 -0.216458 0.976203 0 0.216858 0 1 0 -0.216858 0 0.976203  0.0872532 0 0.151741 0 0.144962 0
20.71 22.6152 0 -0.214955 0.975894 0 0.218247 0 1 0 -0.218247 0 0.975894  0.0867317 0 0.149932 0 0.139443 0
20.72 22.6161 0 -0.21345 0.975595 0 0.219577 0 1 0 -0.219577 0 0.975595  0.0870282 0 0.150251 0 0.133435 0
20.73 22.6169 0 -0.211934 0.975308 0 0.22085 0 1 0 -0.22085 0 0.975308  0.0876868 0 0.151789 0 0.127516 0
20.74 22.6178 0 -0.210456 0.975031 0 0.222069 0 1 0 -0.222069 0 0.975031  0.0858435 0 0.14758 0 0.122121 0
20.75 22.6187 0 -0.208955 0.974768 0 0.223218 0 1 0 -0.223218 0 0.974768  0.0879591 0 0.149818 0 0.114771 0
20.76 22.6195 0 -0.207491 0.974517 0 0.224316 0 1 0 -0.224316 0 0.974517  0.0862837 0 0.14618 0 0.109432 0
20.77 22.6204 0 -0.206018 0.974279 0 0.225347 0 1 0 -0.225347 0 0.974279  0.0869668 0 0.146737 0 0.102861 0
20.78 22.6213 0 -0.204568 0.974053 0 0.226318 0 1 0 -0.226318 0 0.974053  0.0864073 0 0.144559 0 0.0965263 0
20.79 22.6221 0 -0.203126 0.973842 0 0.227225 0 1 0 -0.227225 0 0.973842  0.0865865 0 0.143482 0 0.0898559 0
20.8 22.623 0 -0.201701 0.973644 0 0.228071 0 1 0 -0.228071 0 0.973644  0.0858559 0 0.141794 0 0.083677 0
20.81 22.6239 0 -0.200291 0.97346 0 0.228857 0 1 0 -0.228857 0 0.97346  0.0857436 0 0.140316 0 0.0776612 0
20.82 22.6247 0 -0.198876 0.973291 0 0.229576 0 1 0 -0.229576 0 0.973291  0.0858903 0 0.141251 0 0.0708005 0
20.83 22.6256 0 -0.197507 0.973135 0 0.230235 0 1 0 -0.230235 0 0.973135  0.0843009 0 0.13629 0 0.064476 0
20.84 22.6264 0 -0.196121 0.972995 0 0.230825 0 1 0 -0.230825 0 0.972995  0.0853611 0 0.137666 0 0.0573029 0
20.85 22.6273 0 -0.194773 0.972869 0 0.231357 0 1 0 -0.231357 0 0.972869  0.0839412 0 0.134082 0 0.0514348 0
20.86 22.6281 0 -0.19342 0.972758 0 0.231822 0 1 0 -0.231822 0 0.972758  0.0839465 0 0.134863 0 0.0444927 0
20.87 22.6289 0 -0.192082 0.972663 0 0.232223 0 1 0 -0.232223 0 0.972663  0.0833735 0 0.133498 0 0.0378383 0
20.88 22.6298 0 -0.190775 0.972581 0 0.232564 0 1 0 -0.232564 0 0.972581  0.0816131 0 0.129675 0 0.0318036 0
20.89 22.6306 0 -0.189456 0.972517 0 0.232833 0 1 0 -0.232833 0 0.972517  0.0826788 0 0.13113 0 0.0244216 0
20.9 22.6314 0 -0.188182 0.972466 0 0.233045 0 1 0 -0.233045 0 0.972466  0.0801171 0 0.126409 0 0.0184353 0
20.91 22.6322 0 -0.186896 0.972432 0 0.233185 0 1 0 -0.233185 0 0.972432  0.0809743 0 0.127581 0 0.0111273 0
20.92 22.633 0 -0.18566 0.972413 0 0.233266 0 1 0 -0.233266 0 0.972413  0.0787103 0 0.122534 0 0.00499785 0
20.93 22.6338 0 -0.184423 0.972411 0 0.233274 0 1 0 -0.233274 0 0.972411  0.0789585 -0 0.122562 0 -0.00258435 0
20.94 22.6346 0 -0.183206 0.972424 0 0.233221 0 1 0 -0.233221 0 0.972424  0.0776835 0 0.121023 0 -0.00891996 0
20.95 22.6353 0 -0.182022 0.972452 0 0.233104 0 1 0 -0.233104 0 0.972452  0.0762021 0 0.117427 0 -0.0153942 0
20.96 22.6361 0 -0.18084 0.972496 0 0.232919 0 1 0 -0.232919 0 0.972496  0.0758576 0 0.117225 0 -0.0223161 0
20.97 22.6368 0 -0.179706 0.972555 0 0.232672 0 1 0 -0.232672 0 0.972555  0.0737911 -0 0.112231 0 -0.0287883 0
20.98 22.6376 0 -0.178575 0.972631 0 0.232356 0 1 0 -0.232356 0 0.972631  0.0737174 -0 0.111846 0 -0.0357701 0
20.99 22.6383 0 -0.177481 0.972721 0 0.231979 0 1 0 -0.231979 0 0.972721  0.0720978 -0 0.108327 0 -0.0421694 0
21 22.639 0 -0.176412 0.972827 0 0.231534 0 1 0 -0.231534 0 0.972827  0.07071 -0 0.105469 0 -0.0490019 0
21.01 22.6397 0 -0.175361 0.972948 0 0.231026 0 1 0 -0.231026 0 0.972948  0.0700958 0 0.103933 0 -0.0556196 0
21.02 22.6404 0 -0.174352 0.973083 0 0.230456 0 1 0 -0.230456 0 0.973083  0.068119 0 0.0996508 0 -0.0618635 0
21.03 22.6411 0 -0.173355 0.973234 0 0.229818 0 1 0 -0.229818 0 0.973234  0.0673324 0 0.0982817 -0 -0.0687284 0
21.04 22.6418 0 -0.1724 0.973398 0 0.22912 0 1 0 -0.22912 0 0.973398  0.0654189 0 0.094145 -0 -0.07497 0
21.05 22.6424 0 -0.171464 0.973577 0 0.228358 0 1 0 -0.228358 0 0.973577  0.0641355 0 0.0920118 -0 -0.0813809 0
21.06 22.6431 0 -0.170558 0.97377 0 0.227534 0 1 0 -0.227534 0 0.97377  0.062902 0 0.089321 -0 -0.0879117 0
21.07 22.6437 0 -0.16969 0.973977 0 0.226648 0 1 0 -0.226648 0 0.973977  0.060834 0 0.0851671 -0 -0.0941221 0
21.08 22.6443 0 -0.168836 0.974197 0 0.225698 0 1 0 -0.225698 0 0.974197  0.0599466 0 0.0840227 -0 -0.100724 0
21.09 22.6449 0 -0.16804 0.974429 0 0.224694 0 1 0 -0.224694 0 0.974429  0.0572505 0 0.0780301 -0 -0.106127 0
21.1 22.6454 0 -0.167248 0.974676 0 0.223623 0 1 0 -0.223623 0 0.974676  0.0570107 0 0.0776331 0 -0.11292 0
21.11 22.646 0 -0.166519 0.974933 0 0.2225 0 1 0 -0.2225 0 0.974933  0.0538535 -0 0.0716473 0 -0.118317 0
21.12 22.6465 0 -0.165819 0.975201 0 0.22132 0 1 0 -0.22132 0 0.975201  0.0529588 0 0.0681816 0 -0.124 0
21.13 22.647 0 -0.165142 0.975482 0 0.220077 0 1 0 -0.220077 0 0.975482  0.0512257 0 0.0662933 0 -0.130331 0
21.14 22.6475 0 -0.164504 0.975774 0 0.21878 0 1 0 -0.21878 0 0.975774  0.0481427 0 0.0625523 -0 -0.136 0
21.15 22.648 0 -0.163888 0.976078 0 0.217422 0 1 0 -0.217422 0 0.976078  0.0472349 -0 0.0601348 -0 -0.142019 0
21.16 22.6485 0 -0.163318 0.976392 0 0.216008 0 1 0 -0.216008 0 0.976392  0.044948 -0 0.0553161 -0 -0.147782 0
21.17 22.6489 0 -0.162763 0.976717 0 0.214533 0 1 0 -0.214533 0 0.976717  0.0428761 0 0.0537536 -0 -0.153937 0
21.18 22.6493 0 -0.162257 0.977049 0 0.213012 0 1 0 -0.213012 0 0.977049  0.0400075 0 0.0487506 -0 -0.158386 0
21.19 22.6497 0 -0.161766 0.977392 0 0.211434 0 1 0 -0.211434 0 0.977392  0.0391041 -0 0.047777 0 -0.164197 0
21.2 22.6501 0 -0.161325 0.977743 0 0.209804 0 1 0 -0.209804 0 0.977743  0.0362644 0 0.0427414 0 -0.169437 0
21.21 22.6504 0 -0.160911 0.978102 0 0.208124 0 1 0 -0.208124 0 0.978102  0.0339703 0 0.0394153 -0 -0.174355 0
21.22 22.6508 0 -0.160524 0.978469 0 0.206392 0 1 0 -0.206392 0 0.978469  0.0324387 0 0.0371757 -0 -0.179644 0
21.23 22.6511 0 -0.16017 0.978843 0 0.20461 0 1 0 -0.20461 0 0.978843  0.029452 0 0.0344574 -0 -0.184721 0
21.24 22.6514 0 -0.159869 0.979223 0 0.202787 0 1 0 -0.202787 0 0.979223  0.0271542 0 0.0285656 -0 -0.188653 0
21.25 22.6516 0 -0.159572 0.97961 0 0.200909 0 1 0 -0.200909 0 0.97961  0.0253131 0 0.0281614 -0 -0.194106 0
21.26 22.6519 0 -0.159328 0.980001 0 0.198991 0 1 0 -0.198991 0 0.980001  0.0218026 -0 0.0231192 0 -0.198268 0
21.27 22.6521 0 -0.159105 0.980399 0 0.197025 0 1 0 -0.197025 0 0.980399  0.019707 -0 0.0206343 0 -0.20285 0
21.28 22.6523 0 -0.158913 0.9808 0 0.195017 0 1 0 -0.195017 0 0.9808  0.0179072 0 0.017755 0 -0.206963 0
21.29 22.6524 0 -0.158753 0.981206 0 0.192966 0 1 0 -0.192966 0 0.981206  0.0145715 0 0.0145963 0 -0.211188 0
21.3 22.6526 0 -0.158626 0.981615 0 0.19087 0 1 0 -0.19087 0 0.981615  0.0125248 0 0.0113345 -0 -0.215772 0
21.31 22.6527 0 -0.158538 0.982027 0 0.18874 0 1 0 -0.18874 0 0.982027  0.00958028 -0 0.0070361 -0 -0.218911 0
21.32 22.6528 0 -0.158498 0.982442 0 0.186569 0 1 0 -0.186569 0 0.982442  0.00728062 -0 0.0016843 0 -0.222733 0
21.33 22.6528 0 -0.158473 0.98286 0 0.184354 0 1 0 -0.184354 0 0.98286  0.00568603 0 0.000694738 0 -0.227461 0
21.34 22.6529 0 -0.158506 0.983278 0 0.18211 0 1 0 -0.18211 0 0.983278  0.00225747 0 -0.00508321 0 -0.230174 0
21.35 22.6529 0 -0.158564 0.983699 0 0.179822 0 1 0 -0.179822 0 0.983699  0.000158094 0 -0.00779498 -0 -0.234448 0
21.36 22.6529 0 -0.15867 0.984119 0 0.177509 0 1 0 -0.177509 0 0.984119  -0.0022829 0 -0.0125366 0 -0.236741 0
21.37 22.6528 0 -0.158804 0.984541 0 0.175156 0 1 0 -0.175156 0 0.984541  -0.00474812 0 -0.015273 0 -0.240609 0
21.38 22.6528 0 -0.158986 0.984962 0 0.172771 0 1 0 -0.172771 0 0.984962  -0.00754291 0 -0.0200404 0 -0.243962 0
21.39 22.6527 0 -0.159192 0.985383 0 0.170354 0 1 0 -0.170354 0 0.985383  -0.009664 0 -0.0224005 0 -0.246984 0
21.4 22.6526 0 -0.159439 0.985802 0 0.167909 0 1 0 -0.167909 0 0.985802  -0.0134384 0 -0.0263322 0 -0.249516 0
21.41 22.6524 0 -0.159688 0.986222 0 0.16543 0 1 0 -0.16543 0 0.986222  -0.0154024 0 -0.0258968 0 -0.252979 0
21.42 22.6522 0 -0.159999 0.986637 0 0.162931 0 1 0 -0.162931 0 0.986637  -0.0193449 0 -0.032436 0 -0.254685 0
21.43 22.652 0 -0.160329 0.987052 0 0.160403 0 1 0 -0.160403 0 0.987052  -0.020991 0 -0.0348398 0 -0.257368 0
21.44 22.6518 0 -0.160717 0.987462 0 0.157855 0 1 0 -0.157855 0 0.987462  -0.0240649 0 -0.0408312 0 -0.25907 0
21.45 22.6516 0 -0.161117 0.987871 0 0.155275 0 1 0 -0.155275 0 0.987871  -0.025856 0 -0.0419532 0 -0.262333 0
21.46 22.6513 0 -0.161574 0.988276 0 0.152676 0 1 0 -0.152676 0 0.988276  -0.0294075 0 -0.0472745 0 -0.264293 0
21.47 22.651 0 -0.16204 0.988678 0 0.150053 0 1 0 -0.150053 0 0.988678  -0.0314278 0 -0.0482865 -0 -0.266532 0
21.48 22.6506 0 -0.162585 0.989075 0 0.147412 0 1 0 -0.147412 0 0.989075  -0.0362018 0 -0.0569174 -0 -0.268036 0
21.49 22.6503 0 -0.163111 0.989469 0 0.144744 0 1 0 -0.144744 0 0.989469  -0.0362305 0 -0.054496 -0 -0.270783 0
21.5 22.6499 0 -0.163716 0.989857 0 0.142068 0 1 0 -0.142068 0 0.989857  -0.0405893 0 -0.0620916 -0 -0.271368 0
21.51 22.6495 0 -0.164338 0.990241 0 0.139368 0 1 0 -0.139368 0 0.990241  -0.0424751 0 -0.0644392 -0 -0.27349 0
21.52 22.649 0 -0.164984 0.990618 0 0.136657 0 1 0 -0.136657 0 0.990618  -0.0452653 0 -0.0659466 0 -0.274498 0
21.53 22.6486 0 -0.165676 0.99099 0 0.133936 0 1 0 -0.133936 0 0.99099  -0.0484519 0 -0.0706844 0 -0.275248 0
21.54 22.6481 0 -0.166376 0.991356 0 0.131201 0 1 0 -0.131201 0 0.991356  -0.0498617 0 -0.0714232 -0 -0.276501 0
21.55 22.6476 0 -0.167132 0.991715 0 0.128461 0 1 0 -0.128461 0 0.991715  -0.0536234 0 -0.0771126 -0 -0.276785 0
21.56 22.647 0 -0.167912 0.992066 0 0.125718 0 1 0 -0.125718 0 0.992066  -0.0553628 0 -0.0799363 -0 -0.276782 0
21.57 22.6465 0 -0.168702 0.992412 0 0.12296 0 1 0 -0.12296 0 0.992412  -0.057105 0 -0.0799638 -0 -0.278312 0
21.58 22.6459 0 -0.169551 0.992749 0 0.120205 0 1 0 -0.120205 0 0.992749  -0.0606191 0 -0.08623 -0 -0.277865 0
21.59 22.6453 0 -0.170415 0.99308 0 0.117438 0 1 0 -0.117438 0 0.99308  -0.0626735 0 -0.0881762 -0 -0.278764 0
21.6 22.6446 0 -0.171321 0.993404 0 0.114666 0 1 0 -0.114666 0 0.993404  -0.0645833 0 -0.0923303 -0 -0.279383 0
21.61 22.644 0 -0.172235 0.99372 0 0.111895 0 1 0 -0.111895 0 0.99372  -0.0661788 0 -0.092829 0 -0.278925 0
21.62 22.6433 0 -0.173199 0.994028 0 0.109124 0 1 0 -0.109124 0 0.994028  -0.0698728 0 -0.0979521 -0 -0.278832 0
21.63 22.6426 0 -0.174185 0.994329 0 0.106347 0 1 0 -0.106347 0 0.994329  -0.0711085 0 -0.100397 -0 -0.279422 0
21.64 22.6419 0 -0.175213 0.994622 0 0.103573 0 1 0 -0.103573 0 0.994622  -0.0736856 0 -0.104415 -0 -0.279008 0
21.65 22.6411 0 -0.176264 0.994906 0 0.100803 0 1 0 -0.100803 0 0.994906  -0.0759543 0 -0.106893 0 -0.278402 0
21.66 22.6403 0 -0.177351 0.995183 0 0.0980383 0 1 0 -0.0980383 0 0.995183  -0.078225 0 -0.110219 0 -0.277468 0
21.67 22.6395 0 -0.178457 0.995451 0 0.0952766 0 1 0 -0.0952766 0 0.995451  -0.0801476 0 -0.111939 -0 -0.277123 0
21.68 22.6387 0 -0.179612 0.99571 0 0.0925241 0 1 0 -0.0925241 0 0.99571  -0.0830373 0 -0.117098 -0 -0.276176 0
21.69 22.6379 0 -0.180776 0.995962 0 0.08978 0 1 0 -0.08978 0 0.995962  -0.084295 0 -0.11787 0 -0.27509 0
21.7 22.637 0 -0.181993 0.996204 0 0.0870471 0 1 0 -0.0870471 0 0.996204  -0.0868571 0 -0.1231 0 -0.273765 0
21.71 22.6362 0 -0.183212 0.996438 0 0.084323 0 1 0 -0.084323 0 0.996438  -0.0884719 0 -0.123235 0 -0.272849 0
21.72 22.6353 0 -0.184489 0.996664 0 0.0816171 0 1 0 -0.0816171 0 0.996664  -0.0910481 0 -0.129227 -0 -0.270865 0
21.73 22.6343 0 -0.185755 0.996881 0 0.078923 0 1 0 -0.078923 0 0.996881  -0.092243 0 -0.127619 -0 -0.269545 0
21.74 22.6334 0 -0.18708 0.997089 0 0.0762489 0 1 0 -0.0762489 0 0.997089  -0.0948835 0 -0.133562 -0 -0.267387 0
21.75 22.6325 0 -0.188403 0.997289 0 0.0735888 0 1 0 -0.0735888 0 0.997289  -0.0957855 0 -0.133623 -0 -0.265841 0
21.76 22.6315 0 -0.189758 0.99748 0 0.0709525 0 1 0 -0.0709525 0 0.99748  -0.0980725 0 -0.13648 0 -0.263356 0
21.77 22.6305 0 -0.191159 0.997662 0 0.0683343 0 1 0 -0.0683343 0 0.997662  -0.100174 0 -0.14171 -0 -0.261428 0
21.78 22.6295 0 -0.192546 0.997837 0 0.0657415 0 1 0 -0.0657415 0 0.997837  -0.100126 0 -0.139801 -0 -0.258721 0
21.79 22.6285 0 -0.193994 0.998003 0 0.0631726 0 1 0 -0.0631726 0 0.998003  -0.102807 0 -0.145838 -0 -0.256137 0
21.8 22.6274 0 -0.195449 0.998161 0 0.0606233 0 1 0 -0.0606233 0 0.998161  -0.104255 0 -0.147009 -0 -0.254269 0
21.81 22.6264 0 -0.196924 0.998311 0 0.0580998 0 1 0 -0.0580998 0 0.998311  -0.105057 0 -0.148463 -0 -0.251638 0
21.82 22.6253 0 -0.198442 0.998453 0 0.0556064 0 1 0 -0.0556064 0 0.998453  -0.107382 0 -0.153116 -0 -0.248367 0
21.83 22.6243 0 -0.199965 0.998587 0 0.0531331 0 1 0 -0.0531331 0 0.998587  -0.108265 0 -0.153613 -0 -0.246404 0
21.84 22.6232 0 -0.201514 0.998714 0 0.0506952 0 1 0 -0.0506952 0 0.998714  -0.109534 0 -0.15574 -0 -0.242781 0
21.85 22.6221 0 -0.203076 0.998833 0 0.0482897 0 1 0 -0.0482897 0 0.998833  -0.110807 0 -0.157148 -0 -0.239189 0
21.86 22.621 0 -0.204643 0.998945 0 0.0459184 0 1 0 -0.0459184 0 0.998945  -0.111697 0 -0.15729 -0 -0.235711 0
21.87 22.6198 0 -0.20624 0.99905 0 0.0435857 0 1 0 -0.0435857 0 0.99905  -0.113074 0 -0.160496 -0 -0.231776 0
21.88 22.6187 0 -0.207829 0.999147 0 0.0412873 0 1 0 -0.0412873 0 0.999147  -0.113719 0 -0.159581 -0 -0.228271 0
21.89 22.6175 0 -0.209453 0.999238 0 0.0390291 0 1 0 -0.0390291 0 0.999238  -0.115175 0 -0.162984 -0 -0.224155 0
21.9 22.6164 0 -0.211069 0.999322 0 0.0368093 0 1 0 -0.0368093 0 0.999322  -0.115865 0 -0.162316 -0 -0.22022 0
21.91 22.6152 0 -0.21271 0.9994 0 0.0346309 0 1 0 -0.0346309 0 0.9994  -0.116976 0 -0.164592 -0 -0.216006 0
21.92 22.6141 0 -0.214349 0.999472 0 0.0324942 0 1 0 -0.0324942 0 0.999472  -0.117468 0 -0.164519 -0 -0.211752 0
21.93 22.6129 0 -0.215999 0.999538 0 0.0304008 0 1 0 -0.0304008 0 0.999538  -0.117925 0 -0.165181 -0 -0.207303 0
21.94 22.6117 0 -0.21767 0.999598 0 0.0283534 0 1 0 -0.0283534 0 0.999598  -0.119164 0 -0.167738 -0 -0.202577 0
21.95 22.6105 0 -0.219328 0.999653 0 0.0263493 0 1 0 -0.0263493 0 0.999653  -0.119004 0 -0.166163 -0 -0.198251 0
21.96 22.6093 0 -0.221011 0.999702 0 0.0243962 0 1 0 -0.0243962 0 0.999702  -0.119884 0 -0.168618 -0 -0.193061 0
21.97 22.6081 0 -0.222681 0.999747 0 0.0224897 0 1 0 -0.0224897 0 0.999747  -0.119739 0 -0.167274 -0 -0.188288 0
21.98 22.6069 0 -0.224366 0.999787 0 0.0206353 0 1 0 -0.0206353 0 0.999787  -0.120446 0 -0.168648 -0 -0.183026 0
21.99 22.6057 0 -0.226044 0.999823 0 0.0188325 0 1 0 -0.0188325 0 0.999823  -0.120422 0 -0.167935 -0 -0.177784 0
22 22.6045 0 -0.227728 0.999854 0 0.0170815 0 1 0 -0.0170815 0 0.999854  -0.120511 0 -0.168468 -0 -0.172548 0
22.01 22.6033 0 -0.229415 0.999882 0 0.0153833 0 1 0 -0.0153833 0 0.999882  -0.120493 0 -0.168923 -0 -0.167259 0
22.02 22.6021 0 -0.231102 0.999906 0 0.0137384 0 1 0 -0.0137384 0 0.999906  -0.120711 0 -0.168852 -0 -0.161903 0
22.03 22.6009 0 -0.232786 0.999926 0 0.0121488 0 1 0 -0.0121488 0 0.999926  -0.120565 0 -0.168334 -0 -0.156296 0
22.04 22.5997 0 -0.234476 0.999944 0 0.0106152 0 1 0 -0.0106152 0 0.999944  -0.120564 0 -0.169106 -0 -0.150617 0
22.05 22.5985 0 -0.236164 0.999958 0 0.00913591 0 1 0 -0.00913591 0 0.999958  -0.120339 0 -0.168893 0 -0.145191 0
22.06 22.5973 0 -0.23786 0.99997 0 0.00771168 0 1 0 -0.00771168 0 0.99997  -0.12022 0 -0.169725 0 -0.139738 0
22.07 22.5961 0 -0.239568 0.99998 0 0.00634072 0 1 0 -0.00634072 0 0.99998  -0.119516 0 -0.17133 0 -0.134401 0
22.08 22.5949 0 -0.241252 0.999987 0 0.00502763 0 1 0 -0.00502763 0 0.999987  -0.118667 0 -0.168447 0 -0.128495 0
22.09 22.5937 0 -0.242951 0.999993 0 0.00377859 0 1 0 -0.00377859 0 0.999993  -0.118956 0 -0.169588 0 -0.121831 0
22.1 22.5925 0 -0.244616 0.999997 0 0.00258853 0 1 0 -0.00258853 0 0.999997  -0.117792 0 -0.166038 0 -0.115868 0
22.11 22.5913 0 -0.24628 0.999999 0 0.00146542 0 1 0 -0.00146542 0 0.999999  -0.117593 0 -0.16564 0 -0.109182 0
22.12 22.5902 0 -0.247932 1 0 0.000407547 0 1 0 -0.000407547 0 1  -0.116872 0 -0.164705 0 -0.102521 0
22.13 22.589 0 -0.249564 1 0 -0.000586903 0 1 0 0.000586903 0 1  -0.116003 0 -0.162564 0 -0.0962026 0
22.14 22.5878 0 -0.251188 0.999999 0 -0.00151326 0 1 0 0.00151326 0 0.999999  -0.115439 0 -0.161699 0 -0.0893673 0
22.15 22.5867 0 -0.252789 0.999997 0 -0.00237322 0 1 0 0.00237322 0 0.999997  -0.114537 0 -0.159317 0 -0.0826427 0
22.16 22.5855 0 -0.254381 0.999995 0 -0.00316703 0 1 0 0.00316703 0 0.999995  -0.113574 0 -0.158335 0 -0.0760767 0
22.17 22.5844 0 -0.25595 0.999992 0 -0.00389565 0 1 0 0.00389565 0 0.999992  -0.112375 0 -0.156172 0 -0.06959 0
22.18 22.5833 0 -0.2575 0.99999 0 -0.00455547 0 1 0 0.00455547 0 0.99999  -0.111615 0 -0.154012 0 -0.0626418 0
22.19 22.5822 0 -0.259035 0.999987 0 -0.00514674 0 1 0 0.00514674 0 0.999987  -0.110709 0 -0.152571 0 -0.055717 0
22.2 22.5811 0 -0.260542 0.999984 0 -0.00567095 0 1 0 0.00567095 0 0.999984  -0.109225 0 -0.149646 0 -0.0490343 0
22.21 22.58 0 -0.262028 0.999981 0 -0.00612446 0 1 0 0.00612446 0 0.999981  -0.1082 0 -0.147437 0 -0.0419211 0
22.22 22.5789 0 -0.263491 0.999979 0 -0.00650914 0 1 0 0.00650914 0 0.999979  -0.106864 0 -0.145155 0 -0.03501 0
22.23 22.5779 0 -0.264926 0.999977 0 -0.00682411 0 1 0 0.00682411 0 0.999977  -0.105422 0 -0.142283 0 -0.0280757 0
22.24 22.5768 0 -0.266338 0.999975 0 -0.00706809 0 1 0 0.00706809 0 0.999975  -0.104191 0 -0.139948 0 -0.0209204 0
22.25 22.5758 0 -0.267719 0.999974 0 -0.00724183 0 1 0 0.00724183 0 0.999974  -0.102791 0 -0.136828 0 -0.0138667 0
22.26 22.5747 0 -0.269077 0.999973 0 -0.00734598 0 1 0 0.00734598 0 0.999973  -0.101351 0 -0.134393 0 -0.00693412 0
22.27 22.5737 0 -0.270415 0.999973 0 -0.00737987 0 1 0 0.00737987 0 0.999973  -0.0998165 0 -0.132688 0 8.41905e-05 0
22.28 22.5728 0 -0.27172 0.999973 0 -0.00734591 0 1 0 0.00734591 0 0.999973  -0.0977773 0 -0.129331 0 0.00684388 0
22.29 22.5718 0 -0.273007 0.999974 0 -0.00724004 0 1 0 0.00724004 0 0.999974  -0.0966077 0 -0.127533 0 0.0140545 0
22.3 22.5708 0 -0.274273 0.999975 0 -0.00706591 0 1 0 0.00706591 0 0.999975  -0.0945815 0 -0.125561 0 0.0208965 0
22.31 22.5699 0 -0.275508 0.999977 0 -0.00682347 0 1 0 0.00682347 0 0.999977  -0.0929132 0 -0.122442 0 0.0276758 0
22.32 22.569 0 -0.276725 0.999979 0 -0.00651011 0 1 0 0.00651011 0 0.999979  -0.0908869 0 -0.120731 0 0.0348102 0
22.33 22.5681 0 -0.277907 0.999981 0 -0.00612702 0 1 0 0.00612702 0 0.999981  -0.0889074 0 -0.11695 0 0.041823 0
22.34 22.5672 0 -0.279069 0.999984 0 -0.00567221 0 1 0 0.00567221 0 0.999984  -0.087192 0 -0.114972 0 0.0490071 0
22.35 22.5663 0 -0.28021 0.999987 0 -0.00514622 0 1 0 0.00514622 0 0.999987  -0.0850327 0 -0.113101 0 0.0561727 0
22.36 22.5655 0 -0.281311 0.99999 0 -0.00455121 0 1 0 0.00455121 0 0.99999  -0.0826375 0 -0.108804 0 0.0630463 0
22.37 22.5647 0 -0.282405 0.999992 0 -0.00388027 0 1 0 0.00388027 0 0.999992  -0.0809653 0 -0.10838 0 0.0707282 0
22.38 22.5639 0 -0.283439 0.999995 0 -0.00314528 0 1 0 0.00314528 0 0.999995  -0.078334 0 -0.102129 0 0.0770553 0
22.39 22.5631 0 -0.284462 0.999997 0 -0.0023396 0 1 0 0.0023396 0 0.999997  -0.0766434 0 -0.1006 0 0.0839385 0
22.4 22.5623 0 -0.285448 0.999999 0 -0.00146272 0 1 0 0.00146272 0 0.999999  -0.0743756 0 -0.0972673 0 0.0911453 0
22.41 22.5616 0 -0.286392 1 0 -0.000519517 0 1 0 0.000519517 0 1  -0.071897 0 -0.0926657 0 0.0977881 0
22.42 22.5609 0 -0.287319 1 0 0.000492365 0 1 0 -0.000492365 0 1  -0.0699651 0 -0.0910199 0 0.104625 0
22.43 22.5602 0 -0.288191 0.999999 0 0.00157118 0 1 0 -0.00157118 0 0.999999  -0.0676625 0 -0.0854806 0 0.111285 0
22.44 22.5596 0 -0.289031 0.999996 0 0.00271661 0 1 0 -0.00271661 0 0.999996  -0.0655359 0 -0.0820809 0 0.117887 0
22.45 22.5589 0 -0.289835 0.999992 0 0.00392709 0 1 0 -0.00392709 0 0.999992  -0.0635263 0 -0.078585 0 0.124346 0
22.46 22.5583 0 -0.290591 0.999986 0 0.00519963 0 1 0 -0.00519963 0 0.999986  -0.0609318 0 -0.073558 0 0.130434 0
22.47 22.5577 0 -0.291322 0.999979 0 0.00653588 0 1 0 -0.00653588 0 0.999979  -0.0590226 0 -0.0711191 0 0.136763 0
22.48 22.5571 0 -0.292 0.999969 0 0.00793182 0 1 0 -0.00793182 0 0.999969  -0.0564614 0 -0.0659821 0 0.142735 0
22.49 22.5566 0 -0.292647 0.999956 0 0.00938821 0 1 0 -0.00938821 0 0.999956  -0.0544264 0 -0.062613 0 0.148673 0
22.5 22.556 0 -0.293252 0.999941 0 0.0109028 0 1 0 -0.0109028 0 0.999941  -0.0520518 0 -0.0585845 0 0.1544 0
22.51 22.5555 0 -0.293818 0.999922 0 0.0124757 0 1 0 -0.0124757 0 0.999922  -0.0496419 0 -0.0546765 0 0.160197 0
22.52 22.555 0 -0.294345 0.999901 0 0.0141057 0 1 0 -0.0141057 0 0.999901  -0.0475079 0 -0.0507245 0 0.165864 0
22.53 22.5546 0 -0.294834 0.999875 0 0.0157911 0 1 0 -0.0157911 0 0.999875  -0.045177 0 -0.046974 0 0.17136 0
22.54 22.5541 0 -0.295276 0.999846 0 0.0175301 0 1 0 -0.0175301 0 0.999846  -0.0430039 0 -0.0421619 0 0.176638 0
22.55 22.5537 0 -0.295689 0.999813 0 0.0193246 0 1 0 -0.0193246 0 0.999813  -0.0409975 0 -0.0392726 0 0.182156 0
22.56 22.5533 0 -0.296055 0.999776 0 0.0211688 0 1 0 -0.0211688 0 0.999776  -0.0380967 0 -0.0347954 0 0.187076 0
22.57 22.5529 0 -0.296386 0.999734 0 0.0230651 0 1 0 -0.0230651 0 0.999734  -0.0359037 0 -0.03113 0 0.192224 0
22.58 22.5526 0 -0.296675 0.999687 0 0.0250129 0 1 0 -0.0250129 0 0.999687  -0.0338095 0 -0.0269214 0 0.197376 0
22.59 22.5523 0 -0.296927 0.999635 0 0.0270087 0 1 0 -0.0270087 0 0.999635  -0.0314304 0 -0.02316 0 0.202143 0
22.6 22.552 0 -0.297135 0.999578 0 0.0290506 0 1 0 -0.0290506 0 0.999578  -0.0290179 0 -0.0187658 0 0.206611 0
22.61 22.5517 0 -0.297308 0.999515 0 0.0311412 0 1 0 -0.0311412 0 0.999515  -0.0271172 0 -0.0152266 0 0.211444 0
22.62 22.5514 0 -0.297438 0.999446 0 0.0332742 0 1 0 -0.0332742 0 0.999446  -0.0244645 0 -0.0108972 0 0.215652 0
22.63 22.5512 0 -0.297528 0.999371 0 0.0354524 0 1 0 -0.0354524 0 0.999371  -0.0223947 0 -0.00694338 0 0.220118 0
22.64 22.551 0 -0.297577 0.99929 0 0.0376701 0 1 0 -0.0376701 0 0.99929  -0.0200702 0 -0.002818 0 0.22402 0
22.65 22.5508 0 -0.297583 0.999203 0 0.039929 0 1 0 -0.039929 0 0.999203  -0.0176201 0 0.00150969 0 0.228071 0
22.66 22.5506 0 -0.297548 0.999108 0 0.0422285 0 1 0 -0.0422285 0 0.999108  -0.0157025 0 0.00542012 0 0.232174 0
22.67 22.5505 0 -0.297471 0.999006 0 0.0445667 0 1 0 -0.0445667 0 0.999006  -0.0133391 0 0.009758 0 0.236026 0
22.68 22.5504 0 -0.297345 0.998898 0 0.0469401 0 1 0 -0.0469401 0 0.998898  -0.0107155 0 0.0149546 0 0.239439 0
22.69 22.5503 0 -0.297178 0.998781 0 0.0493519 0 1 0 -0.0493519 0 0.998781  -0.00889124 0 0.0190436 0 0.243281 0
22.7 22.5502 0 -0.29697 0.998658 0 0.0517994 0 1 0 -0.0517994 0 0.998658  -0.00707668 0 0.0227725 0 0.246925 0
22.71 22.5501 0 -0.296707 0.998526 0 0.0542783 0 1 0 -0.0542783 0 0.998526  -0.00412457 0 0.0286085 0 0.250004 0
22.72 22.5501 0 -0.29642 0.998386 0 0.0567917 0 1 0 -0.0567917 0 0.998386  -0.00251805 0 0.0308825 0 0.25343 0
22.73 22.5501 0 -0.296076 0.998238 0 0.0593339 0 1 0 -0.0593339 0 0.998238  0.000130789 0 0.0363904 0 0.256244 0
22.74 22.5501 0 -0.295698 0.998082 0 0.0619077 0 1 0 -0.0619077 0 0.998082  0.00212416 0 0.039945 0 0.259349 0
22.75 22.5501 0 -0.29528 0.997917 0 0.0645064 0 1 0 -0.0645064 0 0.997917  0.00440352 0 0.0437515 0 0.261785 0
22.76 22.5502 0 -0.294819 0.997744 0 0.067133 0 1 0 -0.067133 0 0.997744  0.00657456 0 0.0480131 0 0.264542 0
22.77 22.5503 0 -0.294319 0.997562 0 0.0697855 0 1 0 -0.0697855 0 0.997562  0.00881572 0 0.0520552 0 0.267217 0
22.78 22.5503 0 -0.293789 0.997371 0 0.0724611 0 1 0 -0.0724611 0 0.997371  0.0107135 0 0.0548474 0 0.269491 0
22.79 22.5505 0 -0.293207 0.997172 0 0.0751559 0 1 0 -0.0751559 0 0.997172  0.013661 -0 0.0601984 0 0.271322 0
22.8 22.5506 0 -0.292611 0.996963 0 0.0778714 0 1 0 -0.0778714 0 0.996963  0.0146606 0 0.0613084 0 0.273369 0
22.81 22.5508 0 -0.291948 0.996746 0 0.0806038 0 1 0 -0.0806038 0 0.996746  0.0179784 0 0.0682663 0 0.2751 0
22.82 22.551 0 -0.291277 0.99652 0 0.0833573 0 1 0 -0.0833573 0 0.99652  0.0191774 0 0.0691222 0 0.27729 0
22.83 22.5512 0 -0.290559 0.996285 0 0.0861225 0 1 0 -0.0861225 0 0.996285  0.0218311 0 0.0732452 0 0.278392 0
22.84 22.5514 0 -0.289802 0.99604 0 0.0889035 0 1 0 -0.0889035 0 0.99604  0.0239444 0 0.0777191 0 0.27991 0
22.85 22.5516 0 -0.289023 0.995787 0 0.0916973 0 1 0 -0.0916973 0 0.995787  0.0252493 0 0.0795155 0 0.281206 0
22.86 22.5519 0 -0.288169 0.995524 0 0.0945094 0 1 0 -0.0945094 0 0.995524  0.0282618 0 0.0879849 0 0.283172 0
22.87 22.5522 0 -0.287314 0.995252 0 0.0973344 0 1 0 -0.0973344 0 0.995252  0.0290327 0 0.0879791 0 0.284609 0
22.88 22.5525 0 -0.2864 0.994971 0 0.100166 0 1 0 -0.100166 0 0.994971  0.031604 0 0.0929742 0 0.285145 0
22.89 22.5528 0 -0.285515 0.994682 0 0.102999 0 1 0 -0.102999 0 0.994682  0.0324449 0 0.0891972 0 0.284888 0
22.9 22.5532 0 -0.28453 0.994384 0 0.105829 0 1 0 -0.105829 0 0.994384  0.0368945 0 0.0999653 0 0.2846 0
22.91 22.5535 0 -0.283564 0.994077 0 0.108678 0 1 0 -0.108678 0 0.994077  0.0363365 0 0.0987083 0 0.286914 0
22.92 22.5539 0 -0.282568 0.993762 0 0.111518 0 1 0 -0.111518 0 0.993762  0.0383916 0 0.100375 0 0.286114 0
22.93 22.5543 0 -0.281512 0.99344 0 0.114352 0 1 0 -0.114352 0 0.99344  0.0421476 0 0.107193 0 0.285092 0
22.94 22.5547 0 -0.280488 0.993109 0 0.117191 0 1 0 -0.117191 0 0.993109  0.0411349 0 0.10364 0 0.285727 0
22.95 22.5552 0 -0.279377 0.992772 0 0.120018 0 1 0 -0.120018 0 0.992772  0.0455729 0 0.112283 0 0.284635 0
22.96 22.5556 0 -0.278283 0.992425 0 0.122849 0 1 0 -0.122849 0 0.992425  0.045607 0 0.1111 0 0.285048 0
22.97 22.5561 0 -0.277149 0.992072 0 0.125668 0 1 0 -0.125668 0 0.992072  0.0477965 0 0.114322 0 0.284011 0
22.98 22.5566 0 -0.275976 0.991712 0 0.128481 0 1 0 -0.128481 0 0.991712  0.0500873 0 0.118946 0 0.283276 0
22.99 22.5571 0 -0.274805 0.991344 0 0.13129 0 1 0 -0.13129 0 0.991344  0.0503807 0 0.118303 0 0.283013 0
23 22.5576 0 -0.273591 0.99097 0 0.134081 0 1 0 -0.134081 0 0.99097  0.0528589 0 0.122461 0 0.281124 0
23.01 22.5581 0 -0.272361 0.99059 0 0.136863 0 1 0 -0.136863 0 0.99059  0.0538298 0 0.124408 0 0.280196 0
23.02 22.5587 0 -0.271112 0.990203 0 0.139633 0 1 0 -0.139633 0 0.990203  0.0554609 0 0.125851 0 0.279122 0
23.03 22.5592 0 -0.269836 0.989811 0 0.142387 0 1 0 -0.142387 0 0.989811  0.0573428 0 0.128658 0 0.277498 0
23.04 22.5598 0 -0.268537 0.989413 0 0.145126 0 1 0 -0.145126 0 0.989413  0.0585521 0 0.131146 0 0.275984 0
23.05 22.5604 0 -0.267228 0.98901 0 0.147847 0 1 0 -0.147847 0 0.98901  0.0595675 0 0.131753 0 0.274332 0
23.06 22.561 0 -0.265882 0.988603 0 0.150546 0 1 0 -0.150546 0 0.988603  0.0615756 0 0.135757 0 0.27199 0
23.07 22.5616 0 -0.264529 0.988191 0 0.153229 0 1 0 -0.153229 0 0.988191  0.0625353 0 0.13659 0 0.270517 0
23.08 22.5623 0 -0.263138 0.987774 0 0.155893 0 1 0 -0.155893 0 0.987774  0.0638644 0 0.140242 0 0.268753 0
23.09 22.5629 0 -0.261761 0.987354 0 0.15853 0 1 0 -0.15853 0 0.987354  0.0645557 0 0.138374 0 0.26586 0
23.1 22.5636 0 -0.260327 0.986932 0 0.16114 0 1 0 -0.16114 0 0.986932  0.0672063 0 0.1443 0 0.263107 0
23.11 22.5642 0 -0.258914 0.986505 0 0.163729 0 1 0 -0.163729 0 0.986505  0.0669313 0 0.142163 0 0.261217 0
23.12 22.5649 0 -0.257447 0.986077 0 0.166287 0 1 0 -0.166287 0 0.986077  0.0693236 0 0.147602 0 0.258145 0
23.13 22.5656 0 -0.256001 0.985647 0 0.168817 0 1 0 -0.168817 0 0.985647  0.0693662 0 0.145619 0 0.255149 0
23.14 22.5663 0 -0.254506 0.985216 0 0.171318 0 1 0 -0.171318 0 0.985216  0.0714418 0 0.15022 0 0.252342 0
23.15 22.567 0 -0.253021 0.984783 0 0.173789 0 1 0 -0.173789 0 0.984783  0.0716011 0 0.149339 0 0.249362 0
23.16 22.5678 0 -0.251502 0.98435 0 0.176225 0 1 0 -0.176225 0 0.98435  0.0735784 0 0.152625 0 0.245831 0
23.17 22.5685 0 -0.249966 0.983916 0 0.178634 0 1 0 -0.178634 0 0.983916  0.074286 0 0.155211 0 0.243286 0
23.18 22.5692 0 -0.248447 0.983483 0 0.181003 0 1 0 -0.181003 0 0.983483  0.0744639 0 0.152848 0 0.239148 0
23.19 22.57 0 -0.246877 0.983051 0 0.183334 0 1 0 -0.183334 0 0.983051  0.076961 0 0.157666 0 0.235149 0
23.2 22.5707 0 -0.245332 0.982619 0 0.185633 0 1 0 -0.185633 0 0.982619  0.0764082 0 0.155208 0 0.232118 0
23.21 22.5715 0 -0.243768 0.982191 0 0.187885 0 1 0 -0.187885 0 0.982191  0.0777255 -0 0.156449 0 0.227291 0
23.22 22.5723 0 -0.242206 0.981765 0 0.190097 0 1 0 -0.190097 0 0.981765  0.0784814 0 0.156348 0 0.22309 0
23.23 22.5731 0 -0.24064 0.981343 0 0.192265 0 1 0 -0.192265 0 0.981343  0.07932 0 0.156733 0 0.218643 0
23.24 22.5739 0 -0.239044 0.980924 0 0.194393 0 1 0 -0.194393 0 0.980924  0.080427 0 0.160492 0 0.2148 0
23.25 22.5747 0 -0.237468 0.980508 0 0.19648 0 1 0 -0.19648 0 0.980508  0.0801538 0 0.158186 0 0.210797 0
23.26 22.5755 0 -0.23586 0.980097 0 0.198518 0 1 0 -0.198518 0 0.980097  0.0823954 -0 0.161071 0 0.205684 0
23.27 22.5763 0 -0.234254 0.979691 0 0.200515 0 1 0 -0.200515 0 0.979691  0.0825707 0 0.161267 0 0.201514 0
23.28 22.5771 0 -0.232658 0.979288 0 0.202474 0 1 0 -0.202474 0 0.979288  0.0823574 0 0.162386 0 0.197834 0
23.29 22.578 0 -0.231098 0.978895 0 0.204366 0 1 0 -0.204366 0 0.978895  0.0838486 0 0.158405 0 0.190457 0
23.3 22.5788 0 -0.229511 0.978507 0 0.206216 0 1 0 -0.206216 0 0.978507  0.0841815 0 0.158701 0 0.186071 0
23.31 22.5796 0 -0.227949 0.978126 0 0.208015 0 1 0 -0.208015 0 0.978126  0.0824737 0 0.155751 0 0.181542 0
23.32 22.5805 0 -0.226352 0.977754 0 0.209753 0 1 0 -0.209753 0 0.977754  0.0855801 0 0.159688 0 0.175146 0
23.33 22.5813 0 -0.22479 0.977389 0 0.211448 0 1 0 -0.211448 0 0.977389  0.0845629 0 0.156343 0 0.170645 0
23.34 22.5822 0 -0.223191 0.977033 0 0.213087 0 1 0 -0.213087 0 0.977033  0.0860964 0 0.160048 0 0.165202 0
23.35 22.583 0 -0.22162 0.976686 0 0.214675 0 1 0 -0.214675 0 0.976686  0.0852814 0 0.157336 0 0.159813 0
23.36 22.5839 0 -0.220031 0.976348 0 0.216206 0 1 0 -0.216206 0 0.976348  0.0866696 0 0.158895 0 0.154058 0
23.37 22.5847 0 -0.218498 0.97602 0 0.21768 0 1 0 -0.21768 0 0.97602  0.0854586 -0 0.152522 0 0.148143 0
23.38 22.5856 0 -0.216868 0.975703 0 0.219096 0 1 0 -0.219096 0 0.975703  0.0894677 -0 0.163711 0 0.142076 0
23.39 22.5865 0 -0.215341 0.975394 0 0.220469 0 1 0 -0.220469 0 0.975394  0.0846447 0 0.153071 0 0.138181 0
23.4 22.5874 0 -0.213743 0.975099 0 0.22177 0 1 0 -0.22177 0 0.975099  0.0883194 0 0.159127 0 0.130521 0
23.41 22.5882 0 -0.212179 0.974814 0 0.223018 0 1 0 -0.223018 0 0.974814  0.0878883 0 0.156855 0 0.124852 0
23.42 22.5891 0 -0.210639 0.97454 0 0.224212 0 1 0 -0.224212 0 0.97454  0.0862521 0 0.15416 0 0.119521 0
23.43 22.59 0 -0.209035 0.974282 0 0.225332 0 1 0 -0.225332 0 0.974282  0.0902682 0 0.160759 0 0.111775 0
23.44 22.5908 0 -0.207565 0.974031 0 0.226413 0 1 0 -0.226413 0 0.974031  0.0827509 0 0.144199 0 0.108153 0
23.45 22.5918 0 -0.205956 0.9738 0 0.227405 0 1 0 -0.227405 0 0.9738  0.0913263 0 0.160012 0 0.0986014 0
23.46 22.5926 0 -0.204497 0.973578 0 0.228355 0 1 0 -0.228355 0 0.973578  0.0851245 0 0.145965 0 0.0942314 0
23.47 22.5935 0 -0.202966 0.973372 0 0.229231 0 1 0 -0.229231 0 0.973372  0.0881515 0 0.151668 0 0.0868678 0
23.48 22.5944 0 -0.201479 0.973179 0 0.23005 0 1 0 -0.23005 0 0.973179  0.0871304 0 0.148908 0 0.0808716 0
23.49 22.5952 0 -0.200039 0.973 0 0.230805 0 1 0 -0.230805 0 0.973  0.0861214 -0 0.143046 0 0.0743936 0
23.5 22.5961 0 -0.198557 0.972837 0 0.23149 0 1 0 -0.23149 0 0.972837  0.0882016 -0 0.14773 0 0.0670524 0
23.51 22.5969 0 -0.197137 0.972687 0 0.232121 0 1 0 -0.232121 0 0.972687  0.0849615 0 0.141673 0 0.0615386 0
23.52 22.5978 0 -0.195704 0.972553 0 0.232683 0 1 0 -0.232683 0 0.972553  0.0863323 0 0.142309 0 0.054646 0
23.53 22.5987 0 -0.194297 0.972434 0 0.23318 0 1 0 -0.23318 0 0.972434  0.0855728 0 0.140192 0 0.0478102 0
23.54 22.5995 0 -0.192906 0.972329 0 0.233616 0 1 0 -0.233616 0 0.972329  0.0845718 0 0.138269 0 0.0415268 0
23.55 22.6004 0 -0.191526 0.97224 0 0.233987 0 1 0 -0.233987 0 0.97224  0.084756 0 0.137212 0 0.03491 0
23.56 22.6012 0 -0.190179 0.972166 0 0.234294 0 1 0 -0.234294 0 0.972166  0.0837815 0 0.133723 0 0.0282613 0
23.57 22.602 0 -0.188837 0.972108 0 0.234535 0 1 0 -0.234535 0 0.972108  0.0837239 0 0.13312 0 0.0214453 0
23.58 22.6029 0 -0.187525 0.972065 0 0.234714 0 1 0 -0.234714 0 0.972065  0.0824111 0 0.130384 0 0.0150726 0
23.59 22.6037 0 -0.186206 0.972038 0 0.234825 0 1 0 -0.234825 0 0.972038  0.082517 0 0.131614 0 0.00809 0
23.6 22.6045 0 -0.18494 0.972026 0 0.234872 0 1 0 -0.234872 0 0.972026  0.0804603 -0 0.125385 0 0.00151817 0
23.61 22.6053 0 -0.183664 0.972031 0 0.234851 0 1 0 -0.234851 0 0.972031  0.081241 -0 0.126008 0 -0.00554547 0
23.62 22.6061 0 -0.182433 0.972052 0 0.234765 0 1 0 -0.234765 0 0.972052  0.0799861 0 0.122151 -0 -0.0121885 0
23.63 22.6069 0 -0.181207 0.972089 0 0.234613 0 1 0 -0.234613 0 0.972089  0.0795121 0 0.121684 -0 -0.0189913 0
23.64 22.6077 0 -0.180015 0.972141 0 0.234399 0 1 0 -0.234399 0 0.972141  0.0777361 0 0.118322 -0 -0.0253265 0
23.65 22.6085 0 -0.178829 0.972209 0 0.234116 0 1 0 -0.234116 0 0.972209  0.0775294 0 0.117539 -0 -0.0324119 0
23.66 22.6093 0 -0.177688 0.972291 0 0.233772 0 1 0 -0.233772 0 0.972291  0.0755734 0 0.112985 -0 -0.0387079 0
23.67 22.61 0 -0.176549 0.972391 0 0.233359 0 1 0 -0.233359 0 0.972391  0.075898 0 0.112765 -0 -0.0458878 0
23.68 22.6108 0 -0.175453 0.972504 0 0.232887 0 1 0 -0.232887 0 0.972504  0.0732181 0 0.108534 -0 -0.0518514 0
23.69 22.6115 0 -0.174367 0.972633 0 0.232347 0 1 0 -0.232347 0 0.972633  0.0725953 -0 0.107315 -0 -0.0587687 0
23.7 22.6122 0 -0.173319 0.972777 0 0.231743 0 1 0 -0.231743 0 0.972777  0.0713978 -0 0.103493 0 -0.0654094 0
23.71 22.6129 0 -0.172285 0.972936 0 0.231076 0 1 0 -0.231076 0 0.972936  0.0702857 0 0.10215 0 -0.0718545 0
23.72 22.6136 0 -0.171287 0.973109 0 0.230346 0 1 0 -0.230346 0 0.973109  0.0685958 0 0.0986593 0 -0.0782161 0
23.73 22.6143 0 -0.170314 0.973296 0 0.229553 0 1 0 -0.229553 0 0.973296  0.0673047 0 0.095897 0 -0.0846749 0
23.74 22.615 0 -0.169368 0.973498 0 0.228695 0 1 0 -0.228695 0 0.973498  0.0658274 0 0.0933282 0 -0.0913056 0
23.75 22.6156 0 -0.168449 0.973714 0 0.227775 0 1 0 -0.227775 0 0.973714  0.0642102 0 0.0906681 0 -0.0977749 0
23.76 22.6162 0 -0.167569 0.973943 0 0.226794 0 1 0 -0.226794 0 0.973943  0.0627825 -0 0.0864064 0 -0.103964 0
23.77 22.6169 0 -0.166707 0.974185 0 0.225752 0 1 0 -0.225752 0 0.974185  0.0615161 -0 0.0846987 -0 -0.110021 0
23.78 22.6175 0 -0.165889 0.974439 0 0.224654 0 1 0 -0.224654 0 0.974439  0.0590205 -0 0.0802386 0 -0.11574 0
23.79 22.6181 0 -0.16509 0.974706 0 0.223492 0 1 0 -0.223492 0 0.974706  0.0581488 -0 0.0783311 -0 -0.122234 0
23.8 22.6186 0 -0.164338 0.974984 0 0.222275 0 1 0 -0.222275 0 0.974984  0.0561501 -0 0.073733 0 -0.127874 0
23.81 22.6192 0 -0.163606 0.975275 0 0.220997 0 1 0 -0.220997 0 0.975275  0.0546747 -0 0.0716904 0 -0.134 0
23.82 22.6197 0 -0.162919 0.975575 0 0.219665 0 1 0 -0.219665 0 0.975575  0.0524116 -0 0.0670043 0 -0.139495 0
23.83 22.6202 0 -0.162265 0.975886 0 0.218282 0 1 0 -0.218282 0 0.975886  0.0509769 -0 0.0637758 -0 -0.144437 0
23.84 22.6207 0 -0.161634 0.976208 0 0.216835 0 1 0 -0.216835 0 0.976208  0.0496488 -0 0.0618035 -0 -0.15105 0
23.85 22.6212 0 -0.161055 0.97654 0 0.215338 0 1 0 -0.215338 0 0.97654  0.0464039 -0 0.0565507 -0 -0.156235 0
23.86 22.6217 0 -0.16049 0.97688 0 0.213789 0 1 0 -0.213789 0 0.97688  0.0456009 -0 0.0548474 -0 -0.161257 0
23.87 22.6221 0 -0.159984 0.977229 0 0.212188 0 1 0 -0.212188 0 0.977229  0.042683 -0 0.0481936 -0 -0.166247 0
23.88 22.6225 0 -0.159483 0.977587 0 0.21053 0 1 0 -0.21053 0 0.977587  0.0419067 -0 0.0483547 -0 -0.172318 0
23.89 22.6229 0 -0.159043 0.977953 0 0.208825 0 1 0 -0.208825 0 0.977953  0.0386907 -0 0.0425204 0 -0.17703 0
23.9 22.6233 0 -0.158628 0.978326 0 0.207073 0 1 0 -0.207073 0 0.978326  0.0365263 -0 0.0396146 0 -0.181631 0
23.91 22.6237 0 -0.158245 0.978705 0 0.205272 0 1 0 -0.205272 0 0.978705  0.0347188 -0 0.0371326 0 -0.186553 0
23.92 22.624 0 -0.157894 0.979092 0 0.203418 0 1 0 -0.203418 0 0.979092  0.032475 -0 0.0332918 0 -0.191785 0
23.93 22.6243 0 -0.157595 0.979484 0 0.201524 0 1 0 -0.201524 0 0.979484  0.0289835 -0 0.0271454 0 -0.195636 0
23.94 22.6246 0 -0.157295 0.979882 0 0.199576 0 1 0 -0.199576 0 0.979882  0.028901 -0 0.0282609 0 -0.201125 0
23.95 22.6249 0 -0.157067 0.980285 0 0.197589 0 1 0 -0.197589 0 0.980285  0.0248276 -0 0.0213863 0 -0.205069 0
23.96 22.6251 0 -0.15686 0.980693 0 0.195556 0 1 0 -0.195556 0 0.980693  0.0234596 -0 0.0186644 0 -0.209519 0
23.97 22.6253 0 -0.156674 0.981105 0 0.193477 0 1 0 -0.193477 0 0.981105  0.0211164 -0 0.0173859 0 -0.214207 0
23.98 22.6255 0 -0.156555 0.981519 0 0.191363 0 1 0 -0.191363 0 0.981519  0.0172515 -0 0.0101748 0 -0.217477 0
23.99 22.6257 0 -0.156421 0.981939 0 0.1892 0 1 0 -0.1892 0 0.981939  0.016785 -0 0.0120515 0 -0.222497 0
24 22.6258 0 -0.156381 0.982358 0 0.187008 0 1 0 -0.187008 0 0.982358  0.0123985 -0 0.00230332 -0 -0.225169 0
24.01 22.626 0 -0.156331 0.982782 0 0.184769 0 1 0 -0.184769 0 0.982782  0.0115518 -0 0.00288251 0 -0.229757 0
24.02 22.6261 0 -0.156336 0.983206 0 0.182497 0 1 0 -0.182497 0 0.983206  0.00812152 0 -0.00177514 0 -0.233078 0
24.03 22.6261 0 -0.156387 0.983632 0 0.18019 0 1 0 -0.18019 0 0.983632  0.00554575 0 -0.00714921 0 -0.236401 0
24.04 22.6262 0 -0.156456 0.984058 0 0.17785 0 1 0 -0.17785 0 0.984058  0.0042802 0 -0.00860421 0 -0.239521 0
24.05 22.6262 0 -0.156579 0.984484 0 0.175472 0 1 0 -0.175472 0 0.984484  0.000340552 0 -0.0139974 0 -0.243244 0
24.06 22.6262 0 -0.156722 0.984911 0 0.173062 0 1 0 -0.173062 0 0.984911  -0.00166674 0 -0.0159781 0 -0.246546 0
24.07 22.6262 0 -0.156909 0.985337 0 0.17062 0 1 0 -0.17062 0 0.985337  -0.00447338 0 -0.0202595 0 -0.249429 0
24.08 22.6261 0 -0.157131 0.985762 0 0.16815 0 1 0 -0.16815 0 0.985762  -0.00728746 0 -0.0235666 0 -0.252242 0
24.09 22.626 0 -0.157376 0.986185 0 0.165645 0 1 0 -0.165645 0 0.986185  -0.00918143 0 -0.0262051 0 -0.255425 0
24.1 22.6259 0 -0.157694 0.986605 0 0.163125 0 1 0 -0.163125 0 0.986605  -0.0138493 0 -0.0348868 0 -0.256632 0
24.11 22.6258 0 -0.157976 0.987026 0 0.160558 0 1 0 -0.160558 0 0.987026  -0.0128033 0 -0.0296892 0 -0.261519 0
24.12 22.6256 0 -0.158362 0.987442 0 0.157983 0 1 0 -0.157983 0 0.987442  -0.0186691 0 -0.0397581 0 -0.262251 0
24.13 22.6254 0 -0.158726 0.987855 0 0.155377 0 1 0 -0.155377 0 0.987855  -0.0195742 0 -0.03817 0 -0.264786 0
24.14 22.6252 0 -0.159136 0.988265 0 0.152747 0 1 0 -0.152747 0 0.988265  -0.0227381 0 -0.0404755 0 -0.267576 0
24.15 22.625 0 -0.159563 0.988671 0 0.150096 0 1 0 -0.150096 0 0.988671  -0.0250242 0 -0.0439439 0 -0.269424 0
24.16 22.6247 0 -0.160097 0.989072 0 0.147435 0 1 0 -0.147435 0 0.989072  -0.0309849 0 -0.0569091 0 -0.269818 0
24.17 22.6244 0 -0.160565 0.989471 0 0.144734 0 1 0 -0.144734 0 0.989471  -0.0272758 0 -0.0473789 0 -0.274151 0
24.18 22.6241 0 -0.161206 0.989861 0 0.142038 0 1 0 -0.142038 0 0.989861  -0.0351921 0 -0.0659522 0 -0.27341 0
24.19 22.6237 0 -0.161778 0.990249 0 0.139309 0 1 0 -0.139309 0 0.990249  -0.0345875 0 -0.0589529 -0 -0.276322 0
24.2 22.6234 0 -0.162405 0.99063 0 0.136571 0 1 0 -0.136571 0 0.99063  -0.0372828 0 -0.0629402 0 -0.27733 0
24.21 22.623 0 -0.163133 0.991004 0 0.133832 0 1 0 -0.133832 0 0.991004  -0.0434691 0 -0.076183 0 -0.276649 0
24.22 22.6226 0 -0.16374 0.991375 0 0.131059 0 1 0 -0.131059 0 0.991375  -0.0401346 0 -0.0614596 0 -0.280523 0
24.23 22.6221 0 -0.164572 0.991734 0 0.128313 0 1 0 -0.128313 0 0.991734  -0.0492661 0 -0.0857216 0 -0.277096 0
24.24 22.6217 0 -0.165274 0.992091 0 0.125522 0 1 0 -0.125522 0 0.992091  -0.0459714 0 -0.0728299 0 -0.281718 0
24.25 22.6211 0 -0.166102 0.992439 0 0.12274 0 1 0 -0.12274 0 0.992439  -0.0513767 0 -0.0833292 0 -0.281215 0
24.26 22.6206 0 -0.166961 0.99278 0 0.119953 0 1 0 -0.119953 0 0.99278  -0.0542598 0 -0.0888755 0 -0.280923 0
24.27 22.6201 0 -0.167785 0.993115 0 0.117147 0 1 0 -0.117147 0 0.993115  -0.0534686 0 -0.0834289 0 -0.282888 0
24.28 22.6195 0 -0.168745 0.99344 0 0.114354 0 1 0 -0.114354 0 0.99344  -0.0601532 0 -0.0978356 0 -0.281401 0
24.29 22.6189 0 -0.169635 0.99376 0 0.111541 0 1 0 -0.111541 0 0.99376  -0.059143 0 -0.0909238 0 -0.283158 0
24.3 22.6183 0 -0.17062 0.99407 0 0.108742 0 1 0 -0.108742 0 0.99407  -0.063555 0 -0.0995806 0 -0.281758 0
24.31 22.6177 0 -0.171615 0.994373 0 0.105937 0 1 0 -0.105937 0 0.994373  -0.0656108 0 -0.101676 0 -0.281925 0
24.32 22.617 0 -0.172606 0.994667 0 0.103134 0 1 0 -0.103134 0 0.994667  -0.0669838 0 -0.0997414 0 -0.281737 0
24.33 22.6163 0 -0.173714 0.994953 0 0.10034 0 1 0 -0.10034 0 0.994953  -0.0717706 0 -0.11271 0 -0.28059 0
24.34 22.6156 0 -0.174767 0.995232 0 0.0975361 0 1 0 -0.0975361 0 0.995232  -0.0705079 0 -0.107187 0 -0.28159 0
24.35 22.6149 0 -0.175915 0.995501 0 0.0947561 0 1 0 -0.0947561 0 0.995501  -0.0749973 0 -0.1158 0 -0.278945 0
24.36 22.6141 0 -0.17706 0.995761 0 0.0919738 0 1 0 -0.0919738 0 0.995761  -0.0757994 0 -0.115869 0 -0.278909 0
24.37 22.6133 0 -0.178231 0.996013 0 0.0892031 0 1 0 -0.0892031 0 0.996013  -0.0781402 0 -0.117609 0 -0.277862 0
24.38 22.6125 0 -0.179454 0.996256 0 0.0864479 0 1 0 -0.0864479 0 0.996256  -0.0809636 0 -0.123738 0 -0.275961 0
24.39 22.6117 0 -0.18067 0.996491 0 0.0836991 0 1 0 -0.0836991 0 0.996491  -0.0816597 0 -0.123042 0 -0.275236 0
24.4 22.6109 0 -0.181927 0.996716 0 0.0809714 0 1 0 -0.0809714 0 0.996716  -0.0846038 0 -0.126603 -0 -0.273009 0
24.41 22.61 0 -0.183202 0.996933 0 0.0782585 0 1 0 -0.0782585 0 0.996933  -0.0862924 0 -0.128684 -0 -0.27125 0
24.42 22.6092 0 -0.184499 0.997141 0 0.0755607 0 1 0 -0.0755607 0 0.997141  -0.0878002 0 -0.130461 0 -0.269738 0
24.43 22.6083 0 -0.185824 0.99734 0 0.072885 0 1 0 -0.072885 0 0.99734  -0.0901992 0 -0.133504 0 -0.267394 0
24.44 22.6074 0 -0.187183 0.99753 0 0.0702349 0 1 0 -0.0702349 0 0.99753  -0.0915169 0 -0.137337 0 -0.264514 0
24.45 22.6065 0 -0.188553 0.997713 0 0.0675978 0 1 0 -0.0675978 0 0.997713  -0.0928965 0 -0.138207 0 -0.263287 0
24.46 22.6055 0 -0.18995 0.997886 0 0.064985 0 1 0 -0.064985 0 0.997886  -0.0945498 0 -0.140656 0 -0.260908 0
24.47 22.6046 0 -0.191367 0.998051 0 0.062401 0 1 0 -0.062401 0 0.998051  -0.0963693 0 -0.142844 0 -0.257671 0
24.48 22.6036 0 -0.192804 0.998208 0 0.0598382 0 1 0 -0.0598382 0 0.998208  -0.097858 0 -0.144747 0 -0.255486 0
24.49 22.6026 0 -0.194279 0.998357 0 0.0573011 0 1 0 -0.0573011 0 0.998357  -0.0996943 0 -0.148923 0 -0.252993 0
24.5 22.6016 0 -0.195705 0.998498 0 0.0547964 0 1 0 -0.0547964 0 0.998498  -0.0995135 0 -0.142629 0 -0.249427 0
24.51 22.6006 0 -0.197244 0.99863 0 0.0523311 0 1 0 -0.0523311 0 0.99863  -0.104336 0 -0.154967 0 -0.24509 0
24.52 22.5996 0 -0.198725 0.998755 0 0.0498783 0 1 0 -0.0498783 0 0.998755  -0.102447 0 -0.149652 0 -0.244227 0
24.53 22.5985 0 -0.200274 0.998873 0 0.0474663 0 1 0 -0.0474663 0 0.998873  -0.104592 0 -0.155505 0 -0.240216 0
24.54 22.5975 0 -0.201829 0.998983 0 0.0450873 0 1 0 -0.0450873 0 0.998983  -0.106084 0 -0.156931 0 -0.236392 0
24.55 22.5964 0 -0.203386 0.999086 0 0.0427386 0 1 0 -0.0427386 0 0.999086  -0.106253 0 -0.156287 0 -0.233396 0
24.56 22.5953 0 -0.204995 0.999182 0 0.040429 0 1 0 -0.040429 0 0.999182  -0.107915 0 -0.161895 0 -0.229461 0
24.57 22.5943 0 -0.20658 0.999272 0 0.0381524 0 1 0 -0.0381524 0 0.999272  -0.108036 0 -0.159393 0 -0.226034 0
24.58 22.5932 0 -0.208202 0.999355 0 0.0359201 0 1 0 -0.0359201 0 0.999355  -0.10961 0 -0.162564 0 -0.221472 0
24.59 22.5921 0 -0.209808 0.999431 0 0.0337298 0 1 0 -0.0337298 0 0.999431  -0.110096 0 -0.161039 0 -0.217037 0
24.6 22.591 0 -0.211439 0.999501 0 0.0315834 0 1 0 -0.0315834 0 0.999501  -0.111369 0 -0.163419 0 -0.212602 0
24.61 22.5898 0 -0.213074 0.999565 0 0.0294781 0 1 0 -0.0294781 0 0.999565  -0.111681 0 -0.164126 0 -0.208509 0
24.62 22.5887 0 -0.214714 0.999624 0 0.0274188 0 1 0 -0.0274188 0 0.999624  -0.112424 0 -0.164238 0 -0.203839 0
24.63 22.5876 0 -0.216369 0.999677 0 0.0254078 0 1 0 -0.0254078 0 0.999677  -0.113221 0 -0.165935 0 -0.198865 0
24.64 22.5865 0 -0.218024 0.999725 0 0.0234418 0 1 0 -0.0234418 0 0.999725  -0.113285 0 -0.1659 0 -0.194325 0
24.65 22.5853 0 -0.219689 0.999768 0 0.0215251 0 1 0 -0.0215251 0 0.999768  -0.113683 0 -0.166783 0 -0.189377 0
24.66 22.5842 0 -0.221368 0.999807 0 0.0196583 0 1 0 -0.0196583 0 0.999807  -0.114268 0 -0.168543 0 -0.184297 0
24.67 22.583 0 -0.223059 0.999841 0 0.0178382 0 1 0 -0.0178382 0 0.999841  -0.114021 0 -0.169683 0 -0.179617 0
24.68 22.5819 0 -0.224736 0.999871 0 0.0160708 0 1 0 -0.0160708 0 0.999871  -0.113867 0 -0.167824 0 -0.174297 0
24.69 22.5808 0 -0.226448 0.999897 0 0.0143594 0 1 0 -0.0143594 0 0.999897  -0.114934 0 -0.171566 0 -0.168508 0
24.7 22.5796 0 -0.228127 0.999919 0 0.0126968 0 1 0 -0.0126968 0 0.999919  -0.114156 0 -0.168122 0 -0.163636 0
24.71 22.5785 0 -0.229842 0.999938 0 0.0110929 0 1 0 -0.0110929 0 0.999938  -0.114733 0 -0.171583 0 -0.157724 0
24.72 22.5773 0 -0.231527 0.999954 0 0.00954206 0 1 0 -0.00954206 0 0.999954  -0.113909 0 -0.168624 0 -0.15233 0
24.73 22.5762 0 -0.233236 0.999968 0 0.00805024 0 1 0 -0.00805024 0 0.999968  -0.114389 0 -0.170844 0 -0.146403 0
24.74 22.575 0 -0.23493 0.999978 0 0.00661299 0 1 0 -0.00661299 0 0.999978  -0.113821 0 -0.169635 0 -0.14093 0
24.75 22.5739 0 -0.236646 0.999986 0 0.00523053 0 1 0 -0.00523053 0 0.999986  -0.113793 0 -0.171797 0 -0.135516 0
24.76 22.5728 0 -0.238347 0.999992 0 0.00390599 0 1 0 -0.00390599 0 0.999992  -0.113028 0 -0.170333 0 -0.129639 0
24.77 22.5716 0 -0.240047 0.999997 0 0.00264331 0 1 0 -0.00264331 0 0.999997  -0.113223 0 -0.169722 0 -0.123243 0
24.78 22.5705 0 -0.241736 0.999999 0 0.00144287 0 1 0 -0.00144287 0 0.999999  -0.112613 0 -0.168519 0 -0.116917 0
24.79 22.5694 0 -0.243398 1 0 0.000306364 0 1 0 -0.000306364 0 1  -0.111696 0 -0.165454 0 -0.11049 0
24.8 22.5683 0 -0.245071 1 0 -0.000763631 0 1 0 0.000763631 0 1  -0.111888 0 -0.166749 0 -0.103759 0
24.81 22.5672 0 -0.246701 0.999998 0 -0.00177081 0 1 0 0.00177081 0 0.999998  -0.110424 0 -0.162303 0 -0.0974467 0
24.82 22.5661 0 -0.248343 0.999996 0 -0.00270755 0 1 0 0.00270755 0 0.999996  -0.110325 0 -0.163432 0 -0.090331 0
24.83 22.565 0 -0.249954 0.999994 0 -0.0035802 0 1 0 0.0035802 0 0.999994  -0.109213 0 -0.1605 0 -0.0839321 0
24.84 22.5639 0 -0.251552 0.99999 0 -0.00438504 0 1 0 0.00438504 0 0.99999  -0.108241 0 -0.158866 0 -0.0772223 0
24.85 22.5628 0 -0.253141 0.999987 0 -0.00512101 0 1 0 0.00512101 0 0.999987  -0.107679 0 -0.158283 0 -0.0702558 0
24.86 22.5617 0 -0.254702 0.999983 0 -0.0057915 0 1 0 0.0057915 0 0.999983  -0.106367 0 -0.15525 0 -0.063697 0
24.87 22.5607 0 -0.256256 0.99998 0 -0.00639256 0 1 0 0.00639256 0 0.99998  -0.105575 0 -0.15452 0 -0.0567677 0
24.88 22.5596 0 -0.257784 0.999976 0 -0.0069261 0 1 0 0.0069261 0 0.999976  -0.104371 0 -0.152035 0 -0.0499918 0
24.89 22.5586 0 -0.259285 0.999973 0 -0.0073903 0 1 0 0.0073903 0 0.999973  -0.103322 0 -0.14889 0 -0.0430332 0
24.9 22.5575 0 -0.260775 0.99997 0 -0.00778425 0 1 0 0.00778425 0 0.99997  -0.102636 0 -0.148034 0 -0.0359667 0
24.91 22.5565 0 -0.262226 0.999967 0 -0.00811022 0 1 0 0.00811022 0 0.999967  -0.100942 0 -0.143955 0 -0.0291731 0
24.92 22.5555 0 -0.263674 0.999965 0 -0.00836457 0 1 0 0.00836457 0 0.999965  -0.0999592 0 -0.143685 0 -0.0219865 0
24.93 22.5545 0 -0.265087 0.999963 0 -0.00855104 0 1 0 0.00855104 0 0.999963  -0.0984579 0 -0.140314 0 -0.0151995 0
24.94 22.5535 0 -0.266479 0.999962 0 -0.00866622 0 1 0 0.00866622 0 0.999962  -0.0972633 0 -0.137979 0 -0.00805435 0
24.95 22.5526 0 -0.267848 0.999962 0 -0.00871177 0 1 0 0.00871177 0 0.999962  -0.0958991 0 -0.135752 0 -0.00104994 0
24.96 22.5516 0 -0.269188 0.999962 0 -0.00868809 0 1 0 0.00868809 0 0.999962  -0.0941703 0 -0.132764 0 0.00583488 0
24.97 22.5507 0 -0.270512 0.999963 0 -0.00859233 0 1 0 0.00859233 0 0.999963  -0.093086 0 -0.131137 0 0.0130905 0
24.98 22.5498 0 -0.271819 0.999964 0 -0.00842947 0 1 0 0.00842947 0 0.999964  -0.0911544 0 -0.129919 0 0.0197725 0
24.99 22.5489 0 -0.273089 0.999966 0 -0.00819768 0 1 0 0.00819768 0 0.999966  -0.0891127 0 -0.125979 0 0.02658 0
25 22.548 0 -0.274351 0.999969 0 -0.00789296 0 1 0 0.00789296 0 0.999969  -0.0880468 0 -0.125091 0 0.033982 0
25.01 22.5471 0 -0.275583 0.999972 0 -0.00752042 0 1 0 0.00752042 0 0.999972  -0.0858917 0 -0.122223 0 0.0408011 0
25.02 22.5463 0 -0.276799 0.999975 0 -0.00707782 0 1 0 0.00707782 0 0.999975  -0.0839764 0 -0.120636 0 0.0477381 0
25.03 22.5454 0 -0.277982 0.999978 0 -0.00656501 0 1 0 0.00656501 0 0.999978  -0.0820735 0 -0.117319 0 0.0547945 0
25.04 22.5446 0 -0.279146 0.999982 0 -0.00598137 0 1 0 0.00598137 0 0.999982  -0.0801855 0 -0.115351 0 0.0619412 0
25.05 22.5438 0 -0.280284 0.999986 0 -0.00532566 0 1 0 0.00532566 0 0.999986  -0.0782372 0 -0.11267 0 0.0691878 0
25.06 22.5431 0 -0.281392 0.999989 0 -0.00460076 0 1 0 0.00460076 0 0.999989  -0.0761034 0 -0.10972 0 0.0760911 0
25.07 22.5423 0 -0.282475 0.999993 0 -0.0038014 0 1 0 0.0038014 0 0.999993  -0.074323 0 -0.107161 0 0.0835402 0
25.08 22.5416 0 -0.283517 0.999996 0 -0.00293834 0 1 0 0.00293834 0 0.999996  -0.0715668 0 -0.102612 0 0.0897877 0
25.09 22.5409 0 -0.284543 0.999998 0 -0.00200413 0 1 0 0.00200413 0 0.999998  -0.0700953 0 -0.101048 0 0.0968222 0
25.1 22.5402 0 -0.285522 0.999999 0 -0.00100284 0 1 0 0.00100284 0 0.999999  -0.0678762 0 -0.096468 0 0.103588 0
25.11 22.5395 0 -0.286477 1 0 6.60305e-05 0 1 0 -6.60305e-05 0 1  -0.065705 0 -0.0937038 0 0.110295 0
25.12 22.5389 0 -0.287395 0.999999 0 0.0012014 0 1 0 -0.0012014 0 0.999999  -0.0637269 0 -0.0902574 0 0.116892 0
25.13 22.5382 0 -0.288273 0.999997 0 0.00240153 0 1 0 -0.00240153 0 0.999997  -0.0615124 0 -0.0859182 0 0.123316 0
25.14 22.5376 0 -0.28912 0.999993 0 0.00366754 0 1 0 -0.00366754 0 0.999993  -0.0597724 0 -0.0828459 0 0.129864 0
25.15 22.5371 0 -0.289921 0.999988 0 0.004994 0 1 0 -0.004994 0 0.999988  -0.0572872 0 -0.0781343 0 0.135803 0
25.16 22.5365 0 -0.290688 0.99998 0 0.0063835 0 1 0 -0.0063835 0 0.99998  -0.0556235 0 -0.0748028 0 0.142016 0
25.17 22.5359 0 -0.291413 0.999969 0 0.00783312 0 1 0 -0.00783312 0 0.999969  -0.0532442 0 -0.0706453 0 0.148016 0
25.18 22.5354 0 -0.2921 0.999956 0 0.00933982 0 1 0 -0.00933982 0 0.999956  -0.0513923 0 -0.0666679 0 0.153631 0
25.19 22.5349 0 -0.292749 0.999941 0 0.0109041 0 1 0 -0.0109041 0 0.999941  -0.0490422 0 -0.0630156 0 0.159336 0
25.2 22.5344 0 -0.293358 0.999922 0 0.0125259 0 1 0 -0.0125259 0 0.999922  -0.0468961 0 -0.0588888 0 0.165076 0
25.21 22.534 0 -0.293927 0.999899 0 0.0142037 0 1 0 -0.0142037 0 0.999899  -0.0447626 0 -0.0549756 0 0.170594 0
25.22 22.5335 0 -0.294459 0.999873 0 0.0159357 0 1 0 -0.0159357 0 0.999873  -0.0425577 0 -0.0512089 0 0.175961 0
25.23 22.5331 0 -0.294945 0.999843 0 0.0177182 0 1 0 -0.0177182 0 0.999843  -0.0403355 0 -0.0465271 0 0.18091 0
25.24 22.5327 0 -0.295404 0.999809 0 0.0195557 0 1 0 -0.0195557 0 0.999809  -0.0381267 0 -0.044088 0 0.186394 0
25.25 22.5324 0 -0.295812 0.99977 0 0.0214419 0 1 0 -0.0214419 0 0.99977  -0.035898 0 -0.0390116 0 0.191282 0
25.26 22.532 0 -0.296188 0.999727 0 0.0233819 0 1 0 -0.0233819 0 0.999727  -0.0336665 0 -0.0355356 0 0.196639 0
25.27 22.5317 0 -0.296528 0.999678 0 0.0253699 0 1 0 -0.0253699 0 0.999678  -0.0314354 0 -0.0321875 0 0.201402 0
25.28 22.5314 0 -0.296819 0.999624 0 0.0274041 0 1 0 -0.0274041 0 0.999624  -0.0288239 0 -0.0270829 0 0.205828 0
25.29 22.5311 0 -0.297086 0.999565 0 0.0294858 0 1 0 -0.0294858 0 0.999565  -0.0270827 0 -0.0247393 0 0.210555 0
25.3 22.5309 0 -0.297304 0.9995 0 0.0316107 0 1 0 -0.0316107 0 0.9995  -0.0246105 0 -0.0199597 0 0.214834 0
25.31 22.5306 0 -0.297485 0.999429 0 0.0337782 0 1 0 -0.0337782 0 0.999429  -0.0222213 0 -0.015907 0 0.219042 0
25.32 22.5304 0 -0.297634 0.999352 0 0.0359885 0 1 0 -0.0359885 0 0.999352  -0.0203145 0 -0.0129162 0 0.223322 0
25.33 22.5302 0 -0.297731 0.999269 0 0.0382373 0 1 0 -0.0382373 0 0.999269  -0.0177016 0 -0.00766053 0 0.227102 0
25.34 22.5301 0 -0.297802 0.999178 0 0.0405269 0 1 0 -0.0405269 0 0.999178  -0.0158655 0 -0.00503533 0 0.231124 0
25.35 22.5299 0 -0.297825 0.999081 0 0.0428528 0 1 0 -0.0428528 0 0.999081  -0.013325 0 -0.000547718 0 0.234715 0
25.36 22.5298 0 -0.297809 0.998977 0 0.0452148 0 1 0 -0.0452148 0 0.998977  -0.0111879 0 0.0035583 0 0.23826 0
25.37 22.5297 0 -0.297758 0.998866 0 0.0476121 0 1 0 -0.0476121 0 0.998866  -0.00904259 0 0.00720367 0 0.241793 0
25.38 22.5296 0 -0.29766 0.998747 0 0.0500433 0 1 0 -0.0500433 0 0.998747  -0.00663178 0 0.0118579 0 0.245151 0
25.39 22.5296 0 -0.297524 0.99862 0 0.0525085 0 1 0 -0.0525085 0 0.99862  -0.00457325 0 0.0157524 0 0.248544 0
25.4 22.5295 0 -0.297338 0.998486 0 0.0550038 0 1 0 -0.0550038 0 0.998486  -0.0020688 0 0.0207238 0 0.251551 0
25.41 22.5295 0 -0.297115 0.998344 0 0.0575338 0 1 0 -0.0575338 0 0.998344  -0.000239693 0 0.0245542 0 0.255036 0
25.42 22.5295 0 -0.29685 0.998193 0 0.0600917 0 1 0 -0.0600917 0 0.998193  0.0019372 0 0.0285472 0 0.257807 0
25.43 22.5295 0 -0.296536 0.998034 0 0.0626768 0 1 0 -0.0626768 0 0.998034  0.00437453 0 0.0336413 0 0.260421 0
25.44 22.5296 0 -0.296195 0.997866 0 0.0652915 0 1 0 -0.0652915 0 0.997866  0.00611839 0 0.0360542 0 0.263421 0
25.45 22.5297 0 -0.295802 0.99769 0 0.0679283 0 1 0 -0.0679283 0 0.99769  0.00888484 0 0.0412838 0 0.265636 0
25.46 22.5298 0 -0.295376 0.997505 0 0.0705922 0 1 0 -0.0705922 0 0.997505  0.0106923 0 0.0446374 0 0.26828 0
25.47 22.5299 0 -0.294907 0.997312 0 0.0732777 0 1 0 -0.0732777 0 0.997312  0.0128263 0 0.0488871 0 0.270441 0
25.48 22.53 0 -0.2944 0.997109 0 0.0759832 0 1 0 -0.0759832 0 0.997109  0.0150025 0 0.0526236 0 0.272368 0
25.49 22.5302 0 -0.293858 0.996898 0 0.0787098 0 1 0 -0.0787098 0 0.996898  0.0170666 0 0.0560832 0 0.274492 0
25.5 22.5304 0 -0.293279 0.996677 0 0.0814508 0 1 0 -0.0814508 0 0.996677  0.0190021 0 0.0595933 0 0.27591 0
25.51 22.5306 0 -0.292664 0.996448 0 0.0842099 0 1 0 -0.0842099 0 0.996448  0.0210417 0 0.0633594 0 0.277731 0
25.52 22.5308 0 -0.292013 0.99621 0 0.0869833 0 1 0 -0.0869833 0 0.99621  0.0231641 0 0.0670527 0 0.27925 0
25.53 22.531 0 -0.291325 0.995963 0 0.0897681 0 1 0 -0.0897681 0 0.995963  0.0253161 0 0.0706787 0 0.280305 0
25.54 22.5313 0 -0.290603 0.995707 0 0.0925659 0 1 0 -0.0925659 0 0.995707  0.027296 0 0.0738931 0 0.281569 0
25.55 22.5316 0 -0.289841 0.995441 0 0.0953754 0 1 0 -0.0953754 0 0.995441  0.0294274 0 0.0780679 0 0.282804 0
25.56 22.5319 0 -0.289051 0.995167 0 0.0981939 0 1 0 -0.0981939 0 0.995167  0.0313205 0 0.080734 0 0.283718 0
25.57 22.5322 0 -0.288223 0.994885 0 0.101018 0 1 0 -0.101018 0 0.994885  0.0336085 0 0.0845314 0 0.284311 0
25.58 22.5326 0 -0.287367 0.994593 0 0.10385 0 1 0 -0.10385 0 0.994593  0.035255 0 0.0872253 0 0.285029 0
25.59 22.5329 0 -0.286476 0.994293 0 0.106684 0 1 0 -0.106684 0 0.994293  0.037486 0 0.090667 0 0.285303 0
25.6 22.5333 0 -0.28556 0.993984 0 0.109521 0 1 0 -0.109521 0 0.993984  0.0391212 0 0.0931443 0 0.285583 0
25.61 22.5337 0 -0.284608 0.993668 0 0.112357 0 1 0 -0.112357 0 0.993668  0.0411519 0 0.0967511 0 0.285403 0
25.62 22.5341 0 -0.283638 0.993343 0 0.115194 0 1 0 -0.115194 0 0.993343  0.042818 0 0.0983626 0 0.285642 0
25.63 22.5346 0 -0.282635 0.993011 0 0.118026 0 1 0 -0.118026 0 0.993011  0.0449647 0 0.101509 0 0.285107 0
25.64 22.535 0 -0.281597 0.99267 0 0.120854 0 1 0 -0.120854 0 0.99267  0.0468258 0 0.105522 0 0.284731 0
25.65 22.5355 0 -0.280532 0.992322 0 0.123684 0 1 0 -0.123684 0 0.992322  0.0482357 0 0.108139 0 0.285104 0
25.66 22.536 0 -0.279439 0.991966 0 0.126504 0 1 0 -0.126504 0 0.991966  0.0503882 0 0.110749 0 0.284128 0
25.67 22.5365 0 -0.278328 0.991603 0 0.129316 0 1 0 -0.129316 0 0.991603  0.0515343 0 0.11221 0 0.283131 0
25.68 22.537 0 -0.277177 0.991234 0 0.132118 0 1 0 -0.132118 0 0.991234  0.0539978 0 0.11651 0 0.282157 0
25.69 22.5376 0 -0.276023 0.990858 0 0.134909 0 1 0 -0.134909 0 0.990858  0.0551594 0 0.11669 0 0.281162 0
25.7 22.5381 0 -0.274827 0.990476 0 0.137686 0 1 0 -0.137686 0 0.990476  0.0570915 0 0.120695 0 0.279811 0
25.71 22.5387 0 -0.273608 0.990087 0 0.140452 0 1 0 -0.140452 0 0.990087  0.0587361 -0 0.123434 0 0.278724 0
25.72 22.5393 0 -0.272379 0.989693 0 0.143204 0 1 0 -0.143204 0 0.989693  0.0594337 0 0.123851 0 0.277359 0
25.73 22.5399 0 -0.271098 0.989294 0 0.145938 0 1 0 -0.145938 0 0.989294  0.0622618 0 0.129506 0 0.27542 0
25.74 22.5405 0 -0.269825 0.988889 0 0.148659 0 1 0 -0.148659 0 0.988889  0.062572 0 0.128441 0 0.274314 0
25.75 22.5412 0 -0.268496 0.988479 0 0.151355 0 1 0 -0.151355 0 0.988479  0.0650774 0 0.134118 0 0.271949 0
25.76 22.5418 0 -0.267165 0.988064 0 0.154044 0 1 0 -0.154044 0 0.988064  0.0654904 0 0.136111 0 0.271194 0
25.77 22.5425 0 -0.265773 0.987645 0 0.156705 0 1 0 -0.156705 0 0.987645  0.0682444 0 0.141456 0 0.268601 0
25.78 22.5431 0 -0.264477 0.987223 0 0.159346 0 1 0 -0.159346 0 0.987223  0.0650091 0 0.127958 0 0.266365 0
25.79 22.5439 0 -0.263005 0.9868 0 0.161941 0 1 0 -0.161941 0 0.9868  0.073967 0 0.147662 0 0.26131 0
25.8 22.5446 0 -0.261661 0.986372 0 0.164533 0 1 0 -0.164533 0 0.986372  0.0690478 0 0.135921 0 0.261458 0
25.81 22.5453 0 -0.260225 0.985943 0 0.167079 0 1 0 -0.167079 0 0.985943  0.0732618 0 0.143457 0 0.25698 0
25.82 22.546 0 -0.258788 0.985513 0 0.169599 0 1 0 -0.169599 0 0.985513  0.0745741 0 0.145145 0 0.253973 0
25.83 22.5468 0 -0.257358 0.98508 0 0.172097 0 1 0 -0.172097 0 0.98508  0.0740451 -0 0.143704 0 0.252122 0
25.84 22.5475 0 -0.255859 0.984647 0 0.174556 0 1 0 -0.174556 0 0.984647  0.0776855 0 0.151653 0 0.248377 0
25.85 22.5483 0 -0.254444 0.984214 0 0.176985 0 1 0 -0.176985 0 0.984214  0.0753051 0 0.14196 0 0.244959 0
25.86 22.5491 0 -0.252912 0.983782 0 0.179369 0 1 0 -0.179369 0 0.983782  0.0807635 0 0.153757 0 0.240472 0
25.87 22.5499 0 -0.251441 0.983347 0 0.181735 0 1 0 -0.181735 0 0.983347  0.0783842 0 0.148759 0 0.238947 0
25.88 22.5507 0 -0.249936 0.982917 0 0.18405 0 1 0 -0.18405 0 0.982917  0.0804953 0 0.150863 0 0.2337 0
25.89 22.5515 0 -0.248418 0.982488 0 0.186327 0 1 0 -0.186327 0 0.982488  0.0825533 0 0.152602 0 0.229542 0
25.9 22.5523 0 -0.24692 0.98206 0 0.188571 0 1 0 -0.188571 0 0.98206  0.0815735 0 0.14988 0 0.226452 0
25.91 22.5531 0 -0.245381 0.981636 0 0.190765 0 1 0 -0.190765 0 0.981636  0.0840058 -0 0.154199 0 0.221461 0
25.92 22.5539 0 -0.243867 0.981214 0 0.192922 0 1 0 -0.192922 0 0.981214  0.0836041 0 0.151859 0 0.217622 0
25.93 22.5548 0 -0.242335 0.980797 0 0.195033 0 1 0 -0.195033 0 0.980797  0.0849259 0 0.153211 0 0.212997 0
25.94 22.5557 0 -0.240772 0.980383 0 0.197102 0 1 0 -0.197102 0 0.980383  0.0864456 0 0.157088 0 0.208835 0
25.95 22.5565 0 -0.239243 0.979973 0 0.199133 0 1 0 -0.199133 0 0.979973  0.0851118 0 0.153307 0 0.205121 0
25.96 22.5574 0 -0.237676 0.979569 0 0.201107 0 1 0 -0.201107 0 0.979569  0.0878242 0 0.156825 0 0.199156 0
25.97 22.5582 0 -0.236104 0.97917 0 0.203044 0 1 0 -0.203044 0 0.97917  0.0879625 0 0.158196 0 0.195421 0
25.98 22.5591 0 -0.234547 0.978776 0 0.204934 0 1 0 -0.204934 0 0.978776  0.0875421 0 0.155891 0 0.190824 0
25.99 22.56 0 -0.232945 0.978389 0 0.206771 0 1 0 -0.206771 0 0.978389  0.0901318 0 0.160581 0 0.185278 0
26 22.5609 0 -0.231381 0.978009 0 0.208565 0 1 0 -0.208565 0 0.978009  0.0887705 0 0.156776 0 0.180865 0
26.01 22.5618 0 -0.229777 0.977636 0 0.210302 0 1 0 -0.210302 0 0.977636  0.0906246 0 0.160557 0 0.175154 0
26.02 22.5627 0 -0.228191 0.977272 0 0.211991 0 1 0 -0.211991 0 0.977272  0.0905924 0 0.159019 0 0.170151 0
26.03 22.5636 0 -0.226628 0.976916 0 0.213624 0 1 0 -0.213624 0 0.976916  0.0902599 0 0.155735 0 0.164517 0
26.04 22.5645 0 -0.225019 0.97657 0 0.215199 0 1 0 -0.215199 0 0.97657  0.0930555 0 0.160993 0 0.158397 0
26.05 22.5654 0 -0.223469 0.976232 0 0.216726 0 1 0 -0.216726 0 0.976232  0.0906655 0 0.154917 0 0.153705 0
26.06 22.5664 0 -0.221875 0.975906 0 0.21819 0 1 0 -0.21819 0 0.975906  0.0934558 0 0.159058 0 0.147143 0
26.07 22.5673 0 -0.220317 0.97559 0 0.219601 0 1 0 -0.219601 0 0.97559  0.0923731 0 0.155879 0 0.141638 0
26.08 22.5682 0 -0.218746 0.975284 0 0.220955 0 1 0 -0.220955 0 0.975284  0.09295 -0 0.156882 0 0.136007 0
26.09 22.5692 0 -0.217187 0.974989 0 0.222251 0 1 0 -0.222251 0 0.974989  0.0932687 0 0.155777 0 0.130054 0
26.1 22.5701 0 -0.215584 0.974706 0 0.223492 0 1 0 -0.223492 0 0.974706  0.094453 0 0.161158 0 0.124343 0
26.11 22.571 0 -0.214052 0.974433 0 0.22468 0 1 0 -0.22468 0 0.974433  0.0913988 0 0.15318 0 0.119147 0
26.12 22.572 0 -0.212469 0.974174 0 0.225797 0 1 0 -0.225797 0 0.974174  0.0947844 -0 0.158056 0 0.111501 0
26.13 22.5729 0 -0.210923 0.973927 0 0.226862 0 1 0 -0.226862 0 0.973927  0.0934807 -0 0.154894 0 0.106126 0
26.14 22.5738 0 -0.209384 0.973692 0 0.227866 0 1 0 -0.227866 0 0.973692  0.0927197 -0 0.153228 0 0.100196 0
26.15 22.5748 0 -0.207827 0.973472 0 0.228804 0 1 0 -0.228804 0 0.973472  0.0943535 0 0.155685 0 0.0932221 0
26.16 22.5757 0 -0.206315 0.973264 0 0.229688 0 1 0 -0.229688 0 0.973264  0.0921802 0 0.150968 0 0.0876249 0
26.17 22.5766 0 -0.204779 0.973072 0 0.230501 0 1 0 -0.230501 0 0.973072  0.0938014 -0 0.153086 0 0.0803753 0
26.18 22.5775 0 -0.203279 0.972893 0 0.231257 0 1 0 -0.231257 0 0.972893  0.0922709 -0 0.149621 0 0.0744574 0
26.19 22.5785 0 -0.201777 0.972728 0 0.23195 0 1 0 -0.23195 0 0.972728  0.0923542 -0 0.149501 0 0.0681002 0
26.2 22.5794 0 -0.20029 0.972578 0 0.232578 0 1 0 -0.232578 0 0.972578  0.0929197 -0 0.148113 0 0.0613623 0
26.21 22.5803 0 -0.198819 0.972443 0 0.233142 0 1 0 -0.233142 0 0.972443  0.0918505 -0 0.146454 0 0.0546546 0
26.22 22.5812 0 -0.197353 0.972322 0 0.233643 0 1 0 -0.233643 0 0.972322  0.0920386 -0 0.14654 0 0.048186 0
26.23 22.5822 0 -0.195899 0.972217 0 0.234079 0 1 0 -0.234079 0 0.972217  0.0914725 -0 0.144728 0 0.0417261 0
26.24 22.5831 0 -0.194482 0.972127 0 0.234453 0 1 0 -0.234453 0 0.972127  0.0897575 -0 0.140123 0 0.0352761 0
26.25 22.584 0 -0.193009 0.972055 0 0.234754 0 1 0 -0.234754 0 0.972055  0.0935749 -0 0.147226 0 0.0274574 0
26.26 22.5849 0 -0.191641 0.971994 0 0.235005 0 1 0 -0.235005 0 0.971994  0.0875808 -0 0.135805 0 0.0226531 0
26.27 22.5858 0 -0.190164 0.971953 0 0.235175 0 1 0 -0.235175 0 0.971953  0.0921751 -0 0.146446 0 0.0143505 0
26.28 22.5867 0 -0.188825 0.971923 0 0.2353 0 1 0 -0.2353 0 0.971923  0.0862697 -0 0.132544 0 0.00967184 0
26.29 22.5876 0 -0.187366 0.971915 0 0.235332 0 1 0 -0.235332 0 0.971915  0.0928082 -0 0.144367 -0 -0.000119002 0
26.3 22.5885 0 -0.186061 0.971917 0 0.235325 0 1 0 -0.235325 0 0.971917  0.0846013 -0 0.128824 0 -0.00411307 0
26.31 22.5894 0 -0.184617 0.97194 0 0.235227 0 1 0 -0.235227 0 0.97194  0.0907528 -0 0.142983 0 -0.0131677 0
26.32 22.5902 0 -0.183336 0.971974 0 0.23509 0 1 0 -0.23509 0 0.971974  0.0829988 -0 0.126833 -0 -0.0173056 0
26.33 22.5911 0 -0.181949 0.972028 0 0.234863 0 1 0 -0.234863 0 0.972028  0.0893408 -0 0.137145 -0 -0.0266572 0
26.34 22.5919 0 -0.180682 0.972094 0 0.234592 0 1 0 -0.234592 0 0.972094  0.0827612 0 0.125534 -0 -0.0313246 0
26.35 22.5928 0 -0.179372 0.972178 0 0.234244 0 1 0 -0.234244 0 0.972178  0.0851017 -0 0.129462 -0 -0.0389534 0
26.36 22.5936 0 -0.178112 0.972276 0 0.233837 0 1 0 -0.233837 0 0.972276  0.0828427 -0 0.1251 -0 -0.0451614 0
26.37 22.5945 0 -0.176879 0.972389 0 0.233366 0 1 0 -0.233366 0 0.972389  0.0815596 -0 0.12175 -0 -0.0517139 0
26.38 22.5953 0 -0.175646 0.972518 0 0.232829 0 1 0 -0.232829 0 0.972518  0.0813254 -0 0.122034 -0 -0.0585628 0
26.39 22.5961 0 -0.174469 0.97266 0 0.232234 0 1 0 -0.232234 0 0.97266  0.0788402 0 0.116581 -0 -0.0643087 0
26.4 22.5969 0 -0.1733 0.972818 0 0.231572 0 1 0 -0.231572 0 0.972818  0.0784113 -0 0.115431 -0 -0.0713031 0
26.41 22.5976 0 -0.172162 0.97299 0 0.230848 0 1 0 -0.230848 0 0.97299  0.0772697 -0 0.113005 -0 -0.0777197 0
26.42 22.5984 0 -0.171075 0.973175 0 0.230066 0 1 0 -0.230066 0 0.973175  0.0752353 -0 0.106933 -0 -0.0835097 0
26.43 22.5991 0 -0.169988 0.973375 0 0.229218 0 1 0 -0.229218 0 0.973375  0.0747836 -0 0.106637 -0 -0.0901284 0
26.44 22.5999 0 -0.16895 0.973588 0 0.228313 0 1 0 -0.228313 0 0.973588  0.0723629 -0 0.102362 -0 -0.0960863 0
26.45 22.6006 0 -0.167931 0.973814 0 0.227345 0 1 0 -0.227345 0 0.973814  0.071667 -0 0.100545 -0 -0.102532 0
26.46 22.6013 0 -0.166957 0.974053 0 0.226318 0 1 0 -0.226318 0 0.974053  0.0694976 0 0.0958249 0 -0.108518 0
26.47 22.602 0 -0.166004 0.974305 0 0.225232 0 1 0 -0.225232 0 0.974305  0.0687518 -0 0.0937459 0 -0.114512 0
26.48 22.6027 0 -0.16509 0.974569 0 0.224087 0 1 0 -0.224087 0 0.974569  0.0669018 -0 0.090012 0 -0.120556 0
26.49 22.6033 0 -0.164204 0.974846 0 0.222881 0 1 0 -0.222881 0 0.974846  0.0651742 -0 0.087011 0 -0.12671 0
26.5 22.604 0 -0.163348 0.975133 0 0.221619 0 1 0 -0.221619 0 0.975133  0.0634568 -0 0.0841572 0 -0.132411 0
26.51 22.6046 0 -0.162537 0.975432 0 0.220302 0 1 0 -0.220302 0 0.975432  0.0610325 -0 0.0793516 0 -0.137901 0
26.52 22.6052 0 -0.161752 0.975741 0 0.218928 0 1 0 -0.218928 0 0.975741  0.0599067 -0 0.076784 0 -0.14373 0
26.53 22.6058 0 -0.160999 0.976061 0 0.217495 0 1 0 -0.217495 0 0.976061  0.0582859 0 0.0740262 0 -0.149742 0
26.54 22.6064 0 -0.160289 0.976391 0 0.216012 0 1 0 -0.216012 0 0.976391  0.0552773 -0 0.0693222 0 -0.15468 0
26.55 22.6069 0 -0.159609 0.976729 0 0.214479 0 1 0 -0.214479 0 0.976729  0.0535017 -0 0.0665129 0 -0.159615 0
26.56 22.6074 0 -0.158952 0.977076 0 0.212891 0 1 0 -0.212891 0 0.977076  0.0519581 -0 0.0641675 0 -0.165235 0
26.57 22.6079 0 -0.15836 0.977431 0 0.211255 0 1 0 -0.211255 0 0.977431  0.0486051 -0 0.0567468 0 -0.169899 0
26.58 22.6084 0 -0.157768 0.977795 0 0.209562 0 1 0 -0.209562 0 0.977795  0.0487669 -0 0.0572919 -0 -0.17572 0
26.59 22.6089 0 -0.157242 0.978165 0 0.207828 0 1 0 -0.207828 0 0.978165  0.0448294 -0 0.0511092 -0 -0.17983 0
26.6 22.6093 0 -0.156737 0.978543 0 0.206041 0 1 0 -0.206041 0 0.978543  0.0431834 -0 0.0485925 0 -0.185045 0
26.61 22.6098 0 -0.156261 0.978928 0 0.204205 0 1 0 -0.204205 0 0.978928  0.0412302 -0 0.0462025 0 -0.190109 0
26.62 22.6101 0 -0.155835 0.979319 0 0.202324 0 1 0 -0.202324 0 0.979319  0.0382404 -0 0.0409939 0 -0.194532 0
26.63 22.6105 0 -0.155402 0.979718 0 0.200383 0 1 0 -0.200383 0 0.979718  0.0365395 0 0.0428545 0 -0.201048 0
26.64 22.6109 0 -0.155029 0.98012 0 0.198407 0 1 0 -0.198407 0 0.98012  0.0330412 -0 0.0364292 0 -0.204262 0
26.65 22.6112 0 -0.154714 0.980526 0 0.196391 0 1 0 -0.196391 0 0.980526  0.0298667 -0 0.0280492 0 -0.207303 0
26.66 22.6115 0 -0.154362 0.980938 0 0.194319 0 1 0 -0.194319 0 0.980938  0.0306563 -0 0.0335134 0 -0.213332 0
26.67 22.6118 0 -0.154123 0.981352 0 0.192219 0 1 0 -0.192219 0 0.981352  0.0245211 -0 0.0224146 0 -0.216383 0
26.68 22.612 0 -0.153899 0.981769 0 0.19008 0 1 0 -0.19008 0 0.981769  0.0244352 -0 0.019638 0 -0.219744 0
26.69 22.6123 0 -0.153686 0.98219 0 0.18789 0 1 0 -0.18789 0 0.98219  0.0233319 -0 0.0200754 0 -0.224981 0
26.7 22.6124 0 -0.153578 0.982611 0 0.185678 0 1 0 -0.185678 0 0.982611  0.0175263 -0 0.00860505 0 -0.227088 0
26.71 22.6126 0 -0.153431 0.983036 0 0.183414 0 1 0 -0.183414 0 0.983036  0.0182113 -0 0.0130443 0 -0.232218 0
26.72 22.6128 0 -0.15339 0.983459 0 0.181132 0 1 0 -0.181132 0 0.983459  0.0137495 -0 0.00251972 0 -0.233821 0
26.73 22.6129 0 -0.153348 0.983885 0 0.178803 0 1 0 -0.178803 0 0.983885  0.0119017 -0 0.00184768 0 -0.238398 0
26.74 22.613 0 -0.153347 0.984312 0 0.176439 0 1 0 -0.176439 0 0.984312  0.0100136 0 -0.000969121 0 -0.242124 0
26.75 22.6131 0 -0.153398 0.984737 0 0.174047 0 1 0 -0.174047 0 0.984737  0.00608966 0 -0.00680364 0 -0.244627 0
26.76 22.6132 0 -0.153479 0.985163 0 0.171623 0 1 0 -0.171623 0 0.985163  0.00414168 0 -0.0103845 0 -0.247517 0
26.77 22.6132 0 -0.1536 0.985587 0 0.169168 0 1 0 -0.169168 0 0.985587  0.00192594 0 -0.0134063 0 -0.250757 0
26.78 22.6132 0 -0.153726 0.986012 0 0.166676 0 1 0 -0.166676 0 0.986012  0.000162838 0 -0.0141583 0 -0.254374 0
26.79 22.6132 0 -0.153929 0.986433 0 0.164164 0 1 0 -0.164164 0 0.986433  -0.00572859 0 -0.0234805 0 -0.255961 0
26.8 22.6131 0 -0.154112 0.986855 0 0.161611 0 1 0 -0.161611 0 0.986855  -0.00524894 0 -0.0200942 0 -0.260208 0
26.81 22.613 0 -0.154368 0.987272 0 0.159042 0 1 0 -0.159042 0 0.987272  -0.00950672 0 -0.0266824 0 -0.261675 0
26.82 22.6129 0 -0.15465 0.987686 0 0.156447 0 1 0 -0.156447 0 0.987686  -0.0123973 0 -0.0300496 0 -0.263999 0
26.83 22.6128 0 -0.154937 0.988098 0 0.153827 0 1 0 -0.153827 0 0.988098  -0.0136817 0 -0.0297214 0 -0.26641 0
26.84 22.6126 0 -0.155296 0.988504 0 0.151194 0 1 0 -0.151194 0 0.988504  -0.018306 0 -0.0373142 0 -0.267386 0
26.85 22.6125 0 -0.155692 0.988907 0 0.148536 0 1 0 -0.148536 0 0.988907  -0.019588 0 -0.0423584 0 -0.269795 0
26.86 22.6122 0 -0.156095 0.989306 0 0.145856 0 1 0 -0.145856 0 0.989306  -0.0218481 0 -0.0423679 0 -0.272074 0
26.87 22.612 0 -0.156574 0.9897 0 0.14316 0 1 0 -0.14316 0 0.9897  -0.026377 0 -0.0494565 0 -0.27355 0
26.88 22.6117 0 -0.15706 0.990089 0 0.140442 0 1 0 -0.140442 0 0.990089  -0.0268328 0 -0.0502449 0 -0.275581 0
26.89 22.6114 0 -0.157602 0.990472 0 0.137714 0 1 0 -0.137714 0 0.990472  -0.0311726 0 -0.0557995 0 -0.276124 0
26.9 22.6111 0 -0.158179 0.990848 0 0.13498 0 1 0 -0.13498 0 0.990848  -0.0333759 0 -0.0596858 0 -0.2762 0
26.91 22.6108 0 -0.158781 0.99122 0 0.132224 0 1 0 -0.132224 0 0.99122  -0.0352799 0 -0.0619823 0 -0.278615 0
26.92 22.6104 0 -0.159457 0.991584 0 0.129465 0 1 0 -0.129465 0 0.991584  -0.0382512 0 -0.0700805 0 -0.278894 0
26.93 22.61 0 -0.160098 0.991942 0 0.126689 0 1 0 -0.126689 0 0.991942  -0.0394244 0 -0.0656679 0 -0.280359 0
26.94 22.6096 0 -0.160826 0.992293 0 0.123916 0 1 0 -0.123916 0 0.992293  -0.0441882 0 -0.0737626 0 -0.279798 0
26.95 22.6092 0 -0.161554 0.992637 0 0.12113 0 1 0 -0.12113 0 0.992637  -0.0457252 0 -0.0745023 0 -0.280955 0
26.96 22.6087 0 -0.162323 0.992973 0 0.118341 0 1 0 -0.118341 0 0.992973  -0.0487359 0 -0.0781086 0 -0.281179 0
26.97 22.6082 0 -0.163133 0.993302 0 0.115549 0 1 0 -0.115549 0 0.993302  -0.0515893 0 -0.0827189 0 -0.281363 0
26.98 22.6077 0 -0.163984 0.993623 0 0.112749 0 1 0 -0.112749 0 0.993623  -0.0530642 0 -0.0872866 0 -0.282092 0
26.99 22.6071 0 -0.164857 0.993937 0 0.109948 0 1 0 -0.109948 0 0.993937  -0.0555238 0 -0.0891816 0 -0.282099 0
27 22.6065 0 -0.165769 0.994243 0 0.107147 0 1 0 -0.107147 0 0.994243  -0.058315 0 -0.0928679 0 -0.281877 0
27.01 22.6059 0 -0.166726 0.994541 0 0.10435 0 1 0 -0.10435 0 0.994541  -0.0609215 0 -0.0977048 0 -0.281139 0
27.02 22.6053 0 -0.167689 0.99483 0 0.10155 0 1 0 -0.10155 0 0.99483  -0.0622074 0 -0.097823 0 -0.281434 0
27.03 22.6047 0 -0.168717 0.995111 0 0.0987589 0 1 0 -0.0987589 0 0.995111  -0.0654646 0 -0.104328 0 -0.280373 0
27.04 22.604 0 -0.169756 0.995384 0 0.0959694 0 1 0 -0.0959694 0 0.995384  -0.0670315 0 -0.105756 0 -0.280011 0
27.05 22.6033 0 -0.170843 0.995649 0 0.0931871 0 1 0 -0.0931871 0 0.995649  -0.0692833 0 -0.110335 0 -0.279207 0
27.06 22.6026 0 -0.171963 0.995904 0 0.0904161 0 1 0 -0.0904161 0 0.995904  -0.0722669 0 -0.113811 0 -0.277813 0
27.07 22.6019 0 -0.173105 0.996151 0 0.0876523 0 1 0 -0.0876523 0 0.996151  -0.0738246 0 -0.115758 0 -0.276993 0
27.08 22.6012 0 -0.174302 0.996389 0 0.0849007 0 1 0 -0.0849007 0 0.996389  -0.0763697 0 -0.121472 0 -0.275677 0
27.09 22.6004 0 -0.175496 0.996619 0 0.0821615 0 1 0 -0.0821615 0 0.996619  -0.0778946 0 -0.120796 0 -0.274243 0
27.1 22.5996 0 -0.176737 0.99684 0 0.0794376 0 1 0 -0.0794376 0 0.99684  -0.0806154 0 -0.125082 0 -0.272557 0
27.11 22.5988 0 -0.178035 0.997052 0 0.0767326 0 1 0 -0.0767326 0 0.997052  -0.0822545 0 -0.131826 0 -0.270477 0
27.12 22.598 0 -0.179269 0.997255 0 0.0740388 0 1 0 -0.0740388 0 0.997255  -0.0818931 0 -0.12392 0 -0.269361 0
27.13 22.5971 0 -0.180614 0.997449 0 0.0713812 0 1 0 -0.0713812 0 0.997449  -0.0873079 0 -0.135024 0 -0.265316 0
27.14 22.5962 0 -0.181929 0.997635 0 0.0687298 0 1 0 -0.0687298 0 0.997635  -0.0869431 0 -0.13293 0 -0.264614 0
27.15 22.5954 0 -0.183288 0.997813 0 0.0661028 0 1 0 -0.0661028 0 0.997813  -0.0884751 0 -0.136701 0 -0.262475 0
27.16 22.5945 0 -0.184675 0.997982 0 0.0635033 0 1 0 -0.0635033 0 0.997982  -0.0903924 0 -0.140163 0 -0.259342 0
27.17 22.5936 0 -0.186058 0.998142 0 0.0609236 0 1 0 -0.0609236 0 0.998142  -0.0914341 0 -0.139086 0 -0.257184 0
27.18 22.5926 0 -0.187487 0.998295 0 0.0583758 0 1 0 -0.0583758 0 0.998295  -0.0942769 0 -0.143736 0 -0.253934 0
27.19 22.5917 0 -0.188917 0.998439 0 0.055853 0 1 0 -0.055853 0 0.998439  -0.0949978 0 -0.144185 0 -0.251301 0
27.2 22.5907 0 -0.190395 0.998575 0 0.0533572 0 1 0 -0.0533572 0 0.998575  -0.0968561 0 -0.149016 0 -0.248595 0
27.21 22.5897 0 -0.191871 0.998704 0 0.0508911 0 1 0 -0.0508911 0 0.998704  -0.0975131 0 -0.148763 0 -0.24555 0
27.22 22.5888 0 -0.193397 0.998825 0 0.0484567 0 1 0 -0.0484567 0 0.998825  -0.0996503 0 -0.153849 0 -0.242262 0
27.23 22.5878 0 -0.194923 0.998939 0 0.0460492 0 1 0 -0.0460492 0 0.998939  -0.0999375 0 -0.153878 0 -0.23951 0
27.24 22.5868 0 -0.196488 0.999046 0 0.0436769 0 1 0 -0.0436769 0 0.999046  -0.10151 0 -0.157418 0 -0.235844 0
27.25 22.5857 0 -0.198065 0.999145 0 0.0413386 0 1 0 -0.0413386 0 0.999145  -0.10267 0 -0.158893 0 -0.232298 0
27.26 22.5847 0 -0.199656 0.999238 0 0.0390365 0 1 0 -0.0390365 0 0.999238  -0.103345 0 -0.159943 0 -0.228642 0
27.27 22.5837 0 -0.201277 0.999324 0 0.0367726 0 1 0 -0.0367726 0 0.999324  -0.104611 0 -0.163061 0 -0.224712 0
27.28 22.5826 0 -0.202902 0.999403 0 0.0345447 0 1 0 -0.0345447 0 0.999403  -0.105268 0 -0.163386 0 -0.221036 0
27.29 22.5816 0 -0.204552 0.999476 0 0.0323583 0 1 0 -0.0323583 0 0.999476  -0.106352 0 -0.165747 0 -0.216815 0
27.3 22.5805 0 -0.206215 0.999543 0 0.0302131 0 1 0 -0.0302131 0 0.999543  -0.107279 0 -0.167234 0 -0.212595 0
27.31 22.5794 0 -0.207877 0.999605 0 0.0281114 0 1 0 -0.0281114 0 0.999605  -0.107825 0 -0.166608 0 -0.208166 0
27.32 22.5783 0 -0.209561 0.99966 0 0.026056 0 1 0 -0.026056 0 0.99966  -0.108799 0 -0.168759 0 -0.203384 0
27.33 22.5772 0 -0.211251 0.999711 0 0.0240452 0 1 0 -0.0240452 0 0.999711  -0.10934 0 -0.169705 0 -0.198873 0
27.34 22.5761 0 -0.21294 0.999756 0 0.0220828 0 1 0 -0.0220828 0 0.999756  -0.109785 0 -0.169183 0 -0.194001 0
27.35 22.575 0 -0.214649 0.999797 0 0.0201712 0 1 0 -0.0201712 0 0.999797  -0.110465 0 -0.171213 0 -0.188755 0
27.36 22.5739 0 -0.216353 0.999832 0 0.0183062 0 1 0 -0.0183062 0 0.999832  -0.110269 0 -0.170726 0 -0.184038 0
27.37 22.5728 0 -0.218063 0.999864 0 0.0164957 0 1 0 -0.0164957 0 0.999864  -0.111059 0 -0.171124 0 -0.178527 0
27.38 22.5717 0 -0.219781 0.999891 0 0.0147378 0 1 0 -0.0147378 0 0.999891  -0.111217 0 -0.17206 0 -0.173155 0
27.39 22.5706 0 -0.221507 0.999915 0 0.0130317 0 1 0 -0.0130317 0 0.999915  -0.111006 0 -0.172916 0 -0.167993 0
27.4 22.5695 0 -0.223223 0.999935 0 0.0113798 0 1 0 -0.0113798 0 0.999935  -0.110965 0 -0.171699 0 -0.162592 0
27.41 22.5684 0 -0.224962 0.999952 0 0.00978378 0 1 0 -0.00978378 0 0.999952  -0.111474 0 -0.174069 0 -0.156882 0
27.42 22.5673 0 -0.226673 0.999966 0 0.00824217 0 1 0 -0.00824217 0 0.999966  -0.110989 0 -0.171085 0 -0.15138 0
27.43 22.5662 0 -0.2284 0.999977 0 0.00676082 0 1 0 -0.00676082 0 0.999977  -0.111083 0 -0.172385 0 -0.145261 0
27.44 22.5651 0 -0.230126 0.999986 0 0.00533586 0 1 0 -0.00533586 0 0.999986  -0.110948 0 -0.17273 0 -0.139558 0
27.45 22.5639 0 -0.231838 0.999992 0 0.00396772 0 1 0 -0.00396772 0 0.999992  -0.110381 0 -0.17109 0 -0.133964 0
27.46 22.5628 0 -0.23357 0.999996 0 0.00266105 0 1 0 -0.00266105 0 0.999996  -0.110687 0 -0.173293 0 -0.127762 0
27.47 22.5617 0 -0.235293 0.999999 0 0.00140852 0 1 0 -0.00140852 0 0.999999  -0.109828 0 -0.172568 0 -0.12234 0
27.48 22.5606 0 -0.237016 1 0 0.000216935 0 1 0 -0.000216935 0 1  -0.109438 0 -0.172327 0 -0.116231 0
27.49 22.5596 0 -0.238742 1 0 -0.000913229 0 1 0 0.000913229 0 1  -0.109082 0 -0.172523 0 -0.109934 0
27.5 22.5585 0 -0.24046 0.999998 0 -0.00198359 0 1 0 0.00198359 0 0.999998  -0.108174 0 -0.171771 0 -0.103974 0
27.51 22.5574 0 -0.242145 0.999996 0 -0.00298794 0 1 0 0.00298794 0 0.999996  -0.107252 0 -0.167798 0 -0.0973199 0
27.52 22.5563 0 -0.243852 0.999992 0 -0.00392374 0 1 0 0.00392374 0 0.999992  -0.107273 0 -0.170266 0 -0.090282 0
27.53 22.5553 0 -0.245511 0.999988 0 -0.0047974 0 1 0 0.0047974 0 0.999988  -0.105856 0 -0.165335 0 -0.0841084 0
27.54 22.5542 0 -0.24718 0.999984 0 -0.00560016 0 1 0 0.00560016 0 0.999984  -0.105692 0 -0.166052 0 -0.0769921 0
27.55 22.5531 0 -0.248826 0.99998 0 -0.0063375 0 1 0 0.0063375 0 0.99998  -0.104782 0 -0.164155 0 -0.0703547 0
27.56 22.5521 0 -0.250452 0.999975 0 -0.00700838 0 1 0 0.00700838 0 0.999975  -0.10369 0 -0.16166 0 -0.0637785 0
27.57 22.5511 0 -0.252074 0.999971 0 -0.00760881 0 1 0 0.00760881 0 0.999971  -0.103165 0 -0.16155 0 -0.0566998 0
27.58 22.55 0 -0.253664 0.999967 0 -0.00814329 0 1 0 0.00814329 0 0.999967  -0.101696 0 -0.158203 0 -0.0500626 0
27.59 22.549 0 -0.255251 0.999963 0 -0.00860687 0 1 0 0.00860687 0 0.999963  -0.101202 0 -0.157756 0 -0.042921 0
27.6 22.548 0 -0.256802 0.999959 0 -0.00900325 0 1 0 0.00900325 0 0.999959  -0.0997931 0 -0.154163 0 -0.0361725 0
27.61 22.547 0 -0.258351 0.999956 0 -0.00932975 0 1 0 0.00932975 0 0.999956  -0.0987929 0 -0.153897 0 -0.0292347 0
27.62 22.546 0 -0.259863 0.999954 0 -0.0095888 0 1 0 0.0095888 0 0.999954  -0.0972583 0 -0.150242 0 -0.022507 0
27.63 22.5451 0 -0.261364 0.999952 0 -0.00977752 0 1 0 0.00977752 0 0.999952  -0.0961117 0 -0.148998 0 -0.0154681 0
27.64 22.5441 0 -0.262845 0.999951 0 -0.00989785 0 1 0 0.00989785 0 0.999951  -0.0950252 0 -0.14728 0 -0.00861148 0
27.65 22.5432 0 -0.264294 0.99995 0 -0.00995113 0 1 0 0.00995113 0 0.99995  -0.0931456 0 -0.143722 0 -0.00194929 0
27.66 22.5423 0 -0.265737 0.999951 0 -0.00993303 0 1 0 0.00993303 0 0.999951  -0.0923556 0 -0.143232 0 0.00522561 0
27.67 22.5413 0 -0.26714 0.999952 0 -0.00984815 0 1 0 0.00984815 0 0.999952  -0.0901644 0 -0.139252 0 0.0119457 0
27.68 22.5404 0 -0.268537 0.999953 0 -0.00969224 0 1 0 0.00969224 0 0.999953  -0.0891173 0 -0.138584 0 0.0190618 0
27.69 22.5396 0 -0.269911 0.999955 0 -0.00946882 0 1 0 0.00946882 0 0.999955  -0.0873976 0 -0.136671 0 0.0258193 0
27.7 22.5387 0 -0.271254 0.999958 0 -0.00917828 0 1 0 0.00917828 0 0.999958  -0.0851578 0 -0.13319 0 0.0324729 0
27.71 22.5379 0 -0.272588 0.999961 0 -0.0088148 0 1 0 0.0088148 0 0.999961  -0.0841284 0 -0.132376 0 0.0398556 0
27.72 22.537 0 -0.273884 0.999965 0 -0.00838519 0 1 0 0.00838519 0 0.999965  -0.0817588 0 -0.12861 0 0.0464817 0
27.73 22.5362 0 -0.275164 0.999969 0 -0.00788483 0 1 0 0.00788483 0 0.999969  -0.0799123 0 -0.126675 0 0.0534861 0
27.74 22.5354 0 -0.276419 0.999973 0 -0.00731482 0 1 0 0.00731482 0 0.999973  -0.0782786 0 -0.12457 0 0.060512 0
27.75 22.5347 0 -0.277644 0.999978 0 -0.00667777 0 1 0 0.00667777 0 0.999978  -0.075753 0 -0.12133 0 0.0671948 0
27.76 22.5339 0 -0.278849 0.999982 0 -0.00596763 0 1 0 0.00596763 0 0.999982  -0.0743489 0 -0.119628 0 0.0745535 0
27.77 22.5332 0 -0.28002 0.999987 0 -0.00518923 0 1 0 0.00518923 0 0.999987  -0.0720087 0 -0.115962 0 0.0813818 0
27.78 22.5325 0 -0.28117 0.999991 0 -0.00434001 0 1 0 0.00434001 0 0.999991  -0.0696866 0 -0.113638 0 0.0884099 0
27.79 22.5318 0 -0.28229 0.999994 0 -0.00341911 0 1 0 0.00341911 0 0.999994  -0.0678788 0 -0.110754 0 0.0956393 0
27.8 22.5311 0 -0.283368 0.999997 0 -0.002434 0 1 0 0.002434 0 0.999997  -0.0657032 0 -0.106238 0 0.101939 0
27.81 22.5305 0 -0.28443 0.999999 0 -0.0013783 0 1 0 0.0013783 0 0.999999  -0.0638772 0 -0.104675 0 0.108908 0
27.82 22.5298 0 -0.285442 1 0 -0.000258355 0 1 0 0.000258355 0 1  -0.0612186 0 -0.0995388 0 0.115335 0
27.83 22.5292 0 -0.286434 1 0 0.00092761 0 1 0 -0.00092761 0 1  -0.0596708 0 -0.0974633 0 0.12186 0
27.84 22.5287 0 -0.287379 0.999998 0 0.00217694 0 1 0 -0.00217694 0 0.999998  -0.0569404 0 -0.0928503 0 0.128164 0
27.85 22.5281 0 -0.288292 0.999994 0 0.00349065 0 1 0 -0.00349065 0 0.999994  -0.0550161 0 -0.0893363 0 0.134561 0
27.86 22.5276 0 -0.289166 0.999988 0 0.00486648 0 1 0 -0.00486648 0 0.999988  -0.052815 0 -0.0855255 0 0.140695 0
27.87 22.527 0 -0.289995 0.99998 0 0.00630145 0 1 0 -0.00630145 0 0.99998  -0.0507172 0 -0.0808368 0 0.146522 0
27.88 22.5265 0 -0.290794 0.99997 0 0.00779753 0 1 0 -0.00779753 0 0.99997  -0.0491578 0 -0.0780294 0 0.152618 0
27.89 22.5261 0 -0.291543 0.999956 0 0.00934915 0 1 0 -0.00934915 0 0.999956  -0.0465056 0 -0.0729838 0 0.158089 0
27.9 22.5256 0 -0.292259 0.99994 0 0.0109603 0 1 0 -0.0109603 0 0.99994  -0.0445706 0 -0.0696023 0 0.163978 0
27.91 22.5252 0 -0.292937 0.99992 0 0.0126279 0 1 0 -0.0126279 0 0.99992  -0.0423603 0 -0.0659104 0 0.169624 0
27.92 22.5248 0 -0.293568 0.999897 0 0.0143474 0 1 0 -0.0143474 0 0.999897  -0.0395159 0 -0.061068 0 0.174701 0
27.93 22.5244 0 -0.294171 0.99987 0 0.0161231 0 1 0 -0.0161231 0 0.99987  -0.0377405 0 -0.05842 0 0.180272 0
27.94 22.524 0 -0.294721 0.999839 0 0.0179494 0 1 0 -0.0179494 0 0.999839  -0.0351045 0 -0.0530298 0 0.185313 0
27.95 22.5237 0 -0.295246 0.999803 0 0.0198298 0 1 0 -0.0198298 0 0.999803  -0.033385 0 -0.0504625 0 0.190684 0
27.96 22.5234 0 -0.295722 0.999763 0 0.0217552 0 1 0 -0.0217552 0 0.999763  -0.0301512 0 -0.0457101 0 0.195063 0
27.97 22.5231 0 -0.296164 0.999718 0 0.023736 0 1 0 -0.023736 0 0.999718  -0.0280403 0 -0.0422424 0 0.200614 0
27.98 22.5228 0 -0.296565 0.999668 0 0.0257597 0 1 0 -0.0257597 0 0.999668  -0.0256459 0 -0.0380825 0 0.204892 0
27.99 22.5225 0 -0.296927 0.999613 0 0.0278325 0 1 0 -0.0278325 0 0.999613  -0.0236834 0 -0.034149 0 0.209651 0
28 22.5223 0 -0.297251 0.999551 0 0.029949 0 1 0 -0.029949 0 0.999551  -0.0210758 0 -0.0304565 0 0.214001 0
28.01 22.5221 0 -0.297532 0.999484 0 0.0321082 0 1 0 -0.0321082 0 0.999484  -0.0187577 0 -0.0260124 0 0.218183 0
28.02 22.5219 0 -0.297777 0.999411 0 0.0343098 0 1 0 -0.0343098 0 0.999411  -0.0164802 0 -0.0223873 0 0.222384 0
28.03 22.5218 0 -0.297979 0.999332 0 0.0365536 0 1 0 -0.0365536 0 0.999332  -0.0143528 0 -0.0182301 0 0.226621 0
28.04 22.5217 0 -0.29814 0.999246 0 0.0388351 0 1 0 -0.0388351 0 0.999246  -0.0118797 0 -0.0139031 0 0.230315 0
28.05 22.5215 0 -0.298262 0.999153 0 0.0411549 0 1 0 -0.0411549 0 0.999153  -0.00962022 0 -0.0101697 0 0.234084 0
28.06 22.5215 0 -0.298344 0.999053 0 0.0435113 0 1 0 -0.0435113 0 0.999053  -0.00738033 0 -0.00610431 0 0.237754 0
28.07 22.5214 0 -0.298383 0.998946 0 0.0459017 0 1 0 -0.0459017 0 0.998946  -0.00487632 0 -0.00192057 0 0.24111 0
28.08 22.5214 0 -0.298385 0.998831 0 0.048329 0 1 0 -0.048329 0 0.998831  -0.00307908 0 0.00169289 0 0.244814 0
28.09 22.5214 0 -0.298342 0.99871 0 0.0507854 0 1 0 -0.0507854 0 0.99871  -7.16849e-05 0 0.00645874 0 0.247679 0
28.1 22.5214 0 -0.298265 0.99858 0 0.0532758 0 1 0 -0.0532758 0 0.99858  0.00187184 0 0.00974576 0 0.25101 0
28.11 22.5214 0 -0.298141 0.998442 0 0.0557938 0 1 0 -0.0557938 0 0.998442  0.00439595 0 0.0144559 0 0.253742 0
28.12 22.5215 0 -0.297973 0.998297 0 0.0583421 0 1 0 -0.0583421 0 0.998297  0.00686081 -0 0.0190711 0 0.256764 0
28.13 22.5215 0 -0.297766 0.998143 0 0.0609209 0 1 0 -0.0609209 0 0.998143  0.00889223 -0 0.0227414 0 0.259899 0
28.14 22.5216 0 -0.297507 0.99798 0 0.0635255 0 1 0 -0.0635255 0 0.99798  0.0113571 -0 0.0282265 0 0.26243 0
28.15 22.5218 0 -0.297217 0.997809 0 0.0661567 0 1 0 -0.0661567 0 0.997809  0.0135419 0 0.031155 0 0.265013 0
28.16 22.5219 0 -0.296882 0.99763 0 0.0688133 0 1 0 -0.0688133 0 0.99763  0.0154675 0 0.0353257 0 0.267561 0
28.17 22.5221 0 -0.296505 0.997441 0 0.0714924 0 1 0 -0.0714924 0 0.997441  0.0180932 -0 0.0397137 0 0.269762 0
28.18 22.5223 0 -0.296093 0.997244 0 0.0741922 0 1 0 -0.0741922 0 0.997244  0.0202092 0 0.0431952 0 0.271815 0
28.19 22.5225 0 -0.295635 0.997038 0 0.076912 0 1 0 -0.076912 0 0.997038  0.0227226 0 0.0478541 0 0.273837 0
28.2 22.5227 0 -0.295145 0.996823 0 0.0796515 0 1 0 -0.0796515 0 0.996823  0.0244072 -0 0.0510429 0 0.275838 0
28.21 22.523 0 -0.294612 0.996599 0 0.0824067 0 1 0 -0.0824067 0 0.996599  0.0268814 -0 0.0551656 0 0.27734 0
28.22 22.5232 0 -0.294043 0.996366 0 0.0851791 0 1 0 -0.0851791 0 0.996366  0.0289808 -0 0.0587794 0 0.279031 0
28.23 22.5235 0 -0.293437 0.996124 0 0.0879634 0 1 0 -0.0879634 0 0.996124  0.0311202 -0 0.0624113 0 0.28022 0
28.24 22.5239 0 -0.292792 0.995873 0 0.090762 0 1 0 -0.090762 0 0.995873  0.0332114 -0 0.0664182 0 0.2817 0
28.25 22.5242 0 -0.292115 0.995612 0 0.0935722 0 1 0 -0.0935722 0 0.995612  0.0353062 0 0.0696725 0 0.282919 0
28.26 22.5246 0 -0.291398 0.995344 0 0.0963914 0 1 0 -0.0963914 0 0.995344  0.0376383 -0 0.0735274 0 0.283797 0
28.27 22.525 0 -0.290644 0.995065 0 0.0992209 0 1 0 -0.0992209 0 0.995065  0.0397456 -0 0.077297 0 0.284839 0
28.28 22.5254 0 -0.289857 0.994778 0 0.102059 0 1 0 -0.102059 0 0.994778  0.0416072 -0 0.0805182 0 0.285735 0
28.29 22.5258 0 -0.289037 0.994483 0 0.104901 0 1 0 -0.104901 0 0.994483  0.0438612 -0 0.083666 0 0.286109 0
28.3 22.5262 0 -0.288179 0.994178 0 0.107749 0 1 0 -0.107749 0 0.994178  0.045778 -0 0.0875176 0 0.286687 0
28.31 22.5267 0 -0.287293 0.993865 0 0.110598 0 1 0 -0.110598 0 0.993865  0.0477465 -0 0.090137 0 0.286813 0
28.32 22.5272 0 -0.286371 0.993544 0 0.113449 0 1 0 -0.113449 0 0.993544  0.0497063 -0 0.0938327 0 0.287022 0
28.33 22.5277 0 -0.285427 0.993214 0 0.116299 0 1 0 -0.116299 0 0.993214  0.0514346 0 0.0958912 0 0.286926 0
28.34 22.5282 0 -0.284444 0.992877 0 0.119145 0 1 0 -0.119145 0 0.992877  0.05347 -0 0.0997263 0 0.286423 0
28.35 22.5288 0 -0.283443 0.992532 0 0.121987 0 1 0 -0.121987 0 0.992532  0.0549571 -0 0.101678 0 0.286171 0
28.36 22.5293 0 -0.282407 0.992179 0 0.124824 0 1 0 -0.124824 0 0.992179  0.0567305 -0 0.10495 0 0.285829 0
28.37 22.5299 0 -0.28134 0.991819 0 0.127654 0 1 0 -0.127654 0 0.991819  0.059002 -0 0.108348 0 0.285098 0
28.38 22.5305 0 -0.280277 0.991452 0 0.130475 0 1 0 -0.130475 0 0.991452  0.059724 -0 0.107188 0 0.28409 0
28.39 22.5311 0 -0.279131 0.991078 0 0.133284 0 1 0 -0.133284 0 0.991078  0.0633401 -0 0.116277 0 0.282892 0
28.4 22.5317 0 -0.27803 0.990697 0 0.136088 0 1 0 -0.136088 0 0.990697  0.0623143 -0 0.111333 0 0.282558 0
28.41 22.5324 0 -0.276843 0.990311 0 0.13887 0 1 0 -0.13887 0 0.990311  0.0664995 -0 0.119751 0 0.280326 0
28.42 22.5331 0 -0.275673 0.989918 0 0.141644 0 1 0 -0.141644 0 0.989918  0.0664801 -0 0.118555 0 0.279483 0
28.43 22.5337 0 -0.274468 0.98952 0 0.144399 0 1 0 -0.144399 0 0.98952  0.0683574 -0 0.121372 0 0.277765 0
28.44 22.5344 0 -0.273217 0.989116 0 0.147137 0 1 0 -0.147137 0 0.989116  0.0709078 -0 0.126712 0 0.275949 0
28.45 22.5351 0 -0.271987 0.988707 0 0.149862 0 1 0 -0.149862 0 0.988707  0.0708371 -0 0.123872 0 0.27468 0
28.46 22.5359 0 -0.270654 0.988293 0 0.152565 0 1 0 -0.152565 0 0.988293  0.0749872 -0 0.134992 0 0.272669 0
28.47 22.5366 0 -0.269384 0.987874 0 0.155255 0 1 0 -0.155255 0 0.987874  0.0727929 -0 0.128263 0 0.271379 0
28.48 22.5374 0 -0.268053 0.987453 0 0.157911 0 1 0 -0.157911 0 0.987453  0.0766656 -0 0.13325 0 0.267688 0
28.49 22.5381 0 -0.266689 0.987028 0 0.160547 0 1 0 -0.160547 0 0.987028  0.0787726 -0 0.138045 0 0.265654 0
28.5 22.5389 0 -0.26535 0.986599 0 0.163167 0 1 0 -0.163167 0 0.986599  0.0773504 -0 0.134849 0 0.264567 0
28.51 22.5397 0 -0.263907 0.986167 0 0.165755 0 1 0 -0.165755 0 0.986167  0.0823195 -0 0.146319 0 0.261325 0
28.52 22.5405 0 -0.262518 0.985731 0 0.168326 0 1 0 -0.168326 0 0.985731  0.080484 -0 0.140694 0 0.259595 0
28.53 22.5413 0 -0.261083 0.985294 0 0.170865 0 1 0 -0.170865 0 0.985294  0.0822301 -0 0.144291 0 0.256324 0
28.54 22.5422 0 -0.259601 0.984858 0 0.173363 0 1 0 -0.173363 0 0.984858  0.0862352 -0 0.149997 0 0.251802 0
28.55 22.543 0 -0.258184 0.984417 0 0.175849 0 1 0 -0.175849 0 0.984417  0.0827908 -0 0.141496 0 0.251046 0
28.56 22.5439 0 -0.256691 0.983981 0 0.178272 0 1 0 -0.178272 0 0.983981  0.0881615 -0 0.149921 0 0.244436 0
28.57 22.5448 0 -0.255215 0.983543 0 0.180674 0 1 0 -0.180674 0 0.983543  0.0878393 -0 0.149018 0 0.242127 0
28.58 22.5456 0 -0.253727 0.983104 0 0.183046 0 1 0 -0.183046 0 0.983104  0.0880361 -0 0.14949 0 0.239862 0
28.59 22.5465 0 -0.252209 0.982669 0 0.185368 0 1 0 -0.185368 0 0.982669  0.0902899 -0 0.152882 0 0.234516 0
28.6 22.5474 0 -0.250717 0.982234 0 0.187661 0 1 0 -0.187661 0 0.982234  0.0896428 -0 0.149762 0 0.231311 0
28.61 22.5483 0 -0.249191 0.981802 0 0.189906 0 1 0 -0.189906 0 0.981802  0.0919984 -0 0.152967 0 0.226662 0
28.62 22.5492 0 -0.247684 0.981373 0 0.192111 0 1 0 -0.192111 0 0.981373  0.0918521 -0 0.151073 0 0.222547 0
28.63 22.5502 0 -0.246148 0.980947 0 0.194273 0 1 0 -0.194273 0 0.980947  0.0934322 -0 0.153918 0 0.218286 0
28.64 22.5511 0 -0.244617 0.980525 0 0.196393 0 1 0 -0.196393 0 0.980525  0.0936691 -0 0.153677 0 0.214047 0
28.65 22.552 0 -0.243076 0.980107 0 0.198469 0 1 0 -0.198469 0 0.980107  0.0946593 -0 0.154354 0 0.209565 0
28.66 22.553 0 -0.241513 0.979693 0 0.200501 0 1 0 -0.200501 0 0.979693  0.0958285 -0 0.157039 0 0.205108 0
28.67 22.554 0 -0.239958 0.979285 0 0.202488 0 1 0 -0.202488 0 0.979285  0.095799 -0 0.156034 0 0.200679 0
28.68 22.5549 0 -0.238375 0.978881 0 0.204429 0 1 0 -0.204429 0 0.978881  0.0971142 -0 0.158915 0 0.195929 0
28.69 22.5559 0 -0.236798 0.978484 0 0.206322 0 1 0 -0.206322 0 0.978484  0.0972738 -0 0.158375 0 0.191032 0
28.7 22.5569 0 -0.235209 0.978093 0 0.208168 0 1 0 -0.208168 0 0.978093  0.098109 0 0.159015 0 0.186177 0
28.71 22.5578 0 -0.23364 0.97771 0 0.209961 0 1 0 -0.209961 0 0.97771  0.0980031 -0 0.156757 0 0.180832 0
28.72 22.5588 0 -0.232014 0.977334 0 0.211701 0 1 0 -0.211701 0 0.977334  0.100555 -0 0.163394 0 0.175359 0
28.73 22.5598 0 -0.230442 0.976965 0 0.2134 0 1 0 -0.2134 0 0.976965  0.0980185 -0 0.157796 0 0.171443 0
28.74 22.5608 0 -0.228819 0.976606 0 0.215034 0 1 0 -0.215034 0 0.976606  0.100777 -0 0.162354 0 0.164771 0
28.75 22.5618 0 -0.227248 0.976256 0 0.21662 0 1 0 -0.21662 0 0.976256  0.0996703 -0 0.156955 0 0.159462 0
28.76 22.5628 0 -0.225627 0.975916 0 0.218146 0 1 0 -0.218146 0 0.975916  0.101652 -0 0.162037 0 0.153614 0
28.77 22.5638 0 -0.224051 0.975585 0 0.219622 0 1 0 -0.219622 0 0.975585  0.100247 -0 0.157736 0 0.148485 0
28.78 22.5649 0 -0.222449 0.975266 0 0.221036 0 1 0 -0.221036 0 0.975266  0.10192 -0 0.159944 0 0.142112 0
28.79 22.5659 0 -0.220866 0.974957 0 0.222394 0 1 0 -0.222394 0 0.974957  0.101482 -0 0.158307 0 0.136262 0
28.8 22.5669 0 -0.219283 0.97466 0 0.223694 0 1 0 -0.223694 0 0.97466  0.101958 -0 0.158059 0 0.130367 0
28.81 22.5679 0 -0.21765 0.974373 0 0.224937 0 1 0 -0.224937 0 0.974373  0.103346 -0 0.164528 0 0.12473 0
28.82 22.5689 0 -0.216093 0.974097 0 0.22613 0 1 0 -0.22613 0 0.974097  0.0998433 -0 0.155848 0 0.119661 0
28.83 22.57 0 -0.214476 0.973836 0 0.22725 0 1 0 -0.22725 0 0.973836  0.103554 -0 0.161213 0 0.111864 0
28.84 22.571 0 -0.212904 0.973586 0 0.228319 0 1 0 -0.228319 0 0.973586  0.101941 -0 0.157219 0 0.106448 0
28.85 22.572 0 -0.211329 0.97335 0 0.229326 0 1 0 -0.229326 0 0.97335  0.101685 -0 0.156877 0 0.100539 0
28.86 22.573 0 -0.209741 0.973127 0 0.230268 0 1 0 -0.230268 0 0.973127  0.102786 -0 0.158964 0 0.0936907 0
28.87 22.574 0 -0.208189 0.972918 0 0.231152 0 1 0 -0.231152 0 0.972918  0.101489 0 0.154887 0 0.0876301 0
28.88 22.5751 0 -0.206632 0.972723 0 0.231969 0 1 0 -0.231969 0 0.972723  0.101713 0 0.154988 0 0.0808435 0
28.89 22.5761 0 -0.205075 0.972543 0 0.232725 0 1 0 -0.232725 0 0.972543  0.102252 0 0.155576 0 0.0743582 0
28.9 22.5771 0 -0.203559 0.972376 0 0.233421 0 1 0 -0.233421 0 0.972376  0.100231 -0 0.150927 0 0.0684213 0
28.91 22.5781 0 -0.202009 0.972226 0 0.234045 0 1 0 -0.234045 0 0.972226  0.102473 -0 0.154701 0 0.0610227 0
28.92 22.5791 0 -0.200525 0.972089 0 0.234614 0 1 0 -0.234614 0 0.972089  0.0991703 -0 0.147953 0 0.0552298 0
28.93 22.5801 0 -0.199007 0.971968 0 0.235112 0 1 0 -0.235112 0 0.971968  0.101583 0 0.151211 0 0.0480547 0
28.94 22.5811 0 -0.197549 0.971862 0 0.235552 0 1 0 -0.235552 0 0.971862  0.0993973 0 0.145039 0 0.0419195 0
28.95 22.5821 0 -0.196079 0.971772 0 0.235921 0 1 0 -0.235921 0 0.971772  0.100143 -0 0.14585 0 0.0347269 0
28.96 22.5831 0 -0.194608 0.971697 0 0.23623 0 1 0 -0.23623 0 0.971697  0.0996318 -0 0.147558 0 0.0283302 0
28.97 22.5841 0 -0.193183 0.971637 0 0.236476 0 1 0 -0.236476 0 0.971637  0.0974521 0 0.142051 0 0.0220801 0
28.98 22.5851 0 -0.191742 0.971594 0 0.236653 0 1 0 -0.236653 0 0.971594  0.0981303 0 0.142806 0 0.0150556 0
28.99 22.5861 0 -0.190325 0.971566 0 0.236769 0 1 0 -0.236769 0 0.971566  0.0976621 -0 0.141161 0 0.00865342 0
29 22.587 0 -0.188931 0.971553 0 0.236824 0 1 0 -0.236824 0 0.971553  0.0960194 0 0.138853 0 0.00242792 0
29.01 22.588 0 -0.187524 0.971557 0 0.236805 0 1 0 -0.236805 0 0.971557  0.0971172 0 0.140284 0 -0.00540163 0
29.02 22.5889 0 -0.186187 0.971575 0 0.236731 0 1 0 -0.236731 0 0.971575  0.0932827 -0 0.132468 -0 -0.0110782 0
29.03 22.5899 0 -0.18479 0.971612 0 0.236579 0 1 0 -0.236579 0 0.971612  0.0961811 -0 0.138919 -0 -0.018912 0
29.04 22.5908 0 -0.183496 0.971661 0 0.236377 0 1 0 -0.236377 0 0.971661  0.0910454 -0 0.12847 0 -0.0241261 0
29.05 22.5918 0 -0.182137 0.97173 0 0.236096 0 1 0 -0.236096 0 0.97173  0.0944834 -0 0.134675 0 -0.0322941 0
29.06 22.5927 0 -0.180878 0.97181 0 0.235764 0 1 0 -0.235764 0 0.97181  0.0891089 -0 0.12453 0 -0.0373928 0
29.07 22.5936 0 -0.179571 0.971909 0 0.235355 0 1 0 -0.235355 0 0.971909  0.0919456 -0 0.129443 0 -0.0454125 0
29.08 22.5945 0 -0.17834 0.972022 0 0.234892 0 1 0 -0.234892 0 0.972022  0.0883264 -0 0.122063 0 -0.0510416 0
29.09 22.5954 0 -0.177103 0.97215 0 0.234358 0 1 0 -0.234358 0 0.97215  0.0885607 -0 0.122048 -0 -0.0581579 0
29.1 22.5962 0 -0.1759 0.972293 0 0.233764 0 1 0 -0.233764 0 0.972293  0.0868478 -0 0.119294 -0 -0.0644383 0
29.11 22.5971 0 -0.174729 0.972451 0 0.233106 0 1 0 -0.233106 0 0.972451  0.0853189 0 0.115965 -0 -0.0709502 0
29.12 22.5979 0 -0.173572 0.972624 0 0.232383 0 1 0 -0.232383 0 0.972624  0.0850495 0 0.116214 -0 -0.0778738 0
29.13 22.5988 0 -0.172524 0.972808 0 0.231615 0 1 0 -0.231615 0 0.972808  0.082933 0 0.103804 0 -0.0821849 0
29.14 22.5996 0 -0.171429 0.973009 0 0.230769 0 1 0 -0.230769 0 0.973009  0.0833635 0 0.107393 -0 -0.0899661 0
29.15 22.6004 0 -0.17041 0.973221 0 0.22987 0 1 0 -0.22987 0 0.973221  0.0796587 -0 0.100847 -0 -0.0955945 0
29.16 22.6012 0 -0.169403 0.973448 0 0.22891 0 1 0 -0.22891 0 0.973448  0.0787768 -0 0.0989127 -0 -0.101635 0
29.17 22.602 0 -0.168421 0.973687 0 0.227891 0 1 0 -0.227891 0 0.973687  0.0774836 -0 0.097014 -0 -0.107726 0
29.18 22.6028 0 -0.167493 0.973939 0 0.226812 0 1 0 -0.226812 0 0.973939  0.07487 0 0.0911223 -0 -0.11385 0
29.19 22.6035 0 -0.166568 0.974203 0 0.225671 0 1 0 -0.225671 0 0.974203  0.0747924 0 0.0910959 0 -0.120145 0
29.2 22.6042 0 -0.165711 0.974479 0 0.224478 0 1 0 -0.224478 0 0.974479  0.0719019 -0 0.0840041 0 -0.125384 0
29.21 22.605 0 -0.164847 0.974768 0 0.223221 0 1 0 -0.223221 0 0.974768  0.0714056 -0 0.0849835 0 -0.131955 0
29.22 22.6057 0 -0.164042 0.975068 0 0.221904 0 1 0 -0.221904 0 0.975068  0.0686754 -0 0.0792768 0 -0.13813 0
29.23 22.6063 0 -0.163276 0.975379 0 0.220535 0 1 0 -0.220535 0 0.975379  0.0663461 0 0.074566 0 -0.143235 0
29.24 22.607 0 -0.162512 0.975701 0 0.219105 0 1 0 -0.219105 0 0.975701  0.0663353 0 0.0750134 -0 -0.149355 0
29.25 22.6076 0 -0.161831 0.976031 0 0.217632 0 1 0 -0.217632 0 0.976031  0.062699 0 0.066428 0 -0.153566 0
29.26 22.6083 0 -0.161135 0.976372 0 0.216095 0 1 0 -0.216095 0 0.976372  0.0621745 0 0.0679382 0 -0.160142 0
29.27 22.6089 0 -0.160516 0.976721 0 0.214514 0 1 0 -0.214514 0 0.976721  0.0590093 -0 0.060964 0 -0.164758 0
29.28 22.6095 0 -0.159891 0.977079 0 0.212875 0 1 0 -0.212875 0 0.977079  0.0581141 -0 0.0608441 0 -0.170398 0
29.29 22.61 0 -0.159348 0.977444 0 0.211195 0 1 0 -0.211195 0 0.977444  0.0538628 -0 0.0516172 0 -0.174219 0
29.3 22.6106 0 -0.158782 0.977818 0 0.209454 0 1 0 -0.209454 0 0.977818  0.0545212 -0 0.0546502 -0 -0.180617 0
29.31 22.6111 0 -0.158292 0.978198 0 0.207672 0 1 0 -0.207672 0 0.978198  0.0500652 -0 0.0477842 -0 -0.184861 0
29.32 22.6116 0 -0.157822 0.978586 0 0.205838 0 1 0 -0.205838 0 0.978586  0.048632 -0 0.0450745 0 -0.189937 0
29.33 22.6121 0 -0.157379 0.978981 0 0.203953 0 1 0 -0.203953 0 0.978981  0.0462839 -0 0.0436261 0 -0.195193 0
29.34 22.6125 0 -0.156968 0.979381 0 0.202023 0 1 0 -0.202023 0 0.979381  0.0437214 -0 0.0398521 0 -0.199591 0
29.35 22.6129 0 -0.156599 0.979787 0 0.200044 0 1 0 -0.200044 0 0.979787  0.0402529 0 0.0343869 0 -0.204101 0
29.36 22.6133 0 -0.156237 0.980198 0 0.198019 0 1 0 -0.198019 0 0.980198  0.0398237 0 0.0346261 -0 -0.208995 0
29.37 22.6137 0 -0.155971 0.980611 0 0.195963 0 1 0 -0.195963 0 0.980611  0.0357888 -0 0.0242658 -0 -0.211684 0
29.38 22.6141 0 -0.155678 0.981031 0 0.193851 0 1 0 -0.193851 0 0.981031  0.035568 -0 0.0273255 0 -0.217295 0
29.39 22.6144 0 -0.155467 0.981452 0 0.191709 0 1 0 -0.191709 0 0.981452  0.0312213 -0 0.0199062 0 -0.220386 0
29.4 22.6147 0 -0.155272 0.981876 0 0.189525 0 1 0 -0.189525 0 0.981876  0.0292721 -0 0.0175295 0 -0.224442 0
29.41 22.615 0 -0.155108 0.982303 0 0.187297 0 1 0 -0.187297 0 0.982303  0.0269995 -0 0.0148459 0 -0.229011 0
29.42 22.6152 0 -0.154996 0.982732 0 0.185035 0 1 0 -0.185035 0 0.982732  0.0238691 -0 0.00974739 0 -0.2323 0
29.43 22.6155 0 -0.154903 0.983162 0 0.182736 0 1 0 -0.182736 0 0.983162  0.0219835 0 0.00796811 -0 -0.235807 0
29.44 22.6157 0 -0.154876 0.983592 0 0.180409 0 1 0 -0.180409 0 0.983592  0.0187317 0 0.000698 -0 -0.238154 0
29.45 22.6158 0 -0.154852 0.984023 0 0.178039 0 1 0 -0.178039 0 0.984023  0.0167986 0 0.000522579 -0 -0.2426 0
29.46 22.616 0 -0.154893 0.984455 0 0.175637 0 1 0 -0.175637 0 0.984455  0.0140073 0 -0.00536768 -0 -0.245999 0
29.47 22.6161 0 -0.154974 0.984885 0 0.173208 0 1 0 -0.173208 0 0.984885  0.0113191 0 -0.00997776 0 -0.24828 0
29.48 22.6162 0 -0.155074 0.985316 0 0.170741 0 1 0 -0.170741 0 0.985316  0.00893034 0 -0.0113967 0 -0.251848 0
29.49 22.6163 0 -0.155226 0.985746 0 0.168243 0 1 0 -0.168243 0 0.985746  0.00526345 0 -0.0166801 0 -0.255226 0
29.5 22.6163 0 -0.155407 0.986173 0 0.16572 0 1 0 -0.16572 0 0.986173  0.00339432 0 -0.0205521 0 -0.257186 0
29.51 22.6164 0 -0.155597 0.986599 0 0.163162 0 1 0 -0.163162 0 0.986599  0.00111217 0 -0.0199522 0 -0.260743 0
29.52 22.6163 0 -0.155835 0.987023 0 0.160579 0 1 0 -0.160579 0 0.987023  -0.00230497 0 -0.0244189 0 -0.263194 0
29.53 22.6163 0 -0.156116 0.987443 0 0.157975 0 1 0 -0.157975 0 0.987443  -0.00624984 0 -0.030442 0 -0.264909 0
29.54 22.6162 0 -0.156409 0.98786 0 0.155347 0 1 0 -0.155347 0 0.98786  -0.00724677 0 -0.0311543 0 -0.267244 0
29.55 22.6161 0 -0.156774 0.988273 0 0.152698 0 1 0 -0.152698 0 0.988273  -0.0107833 0 -0.03815 0 -0.269189 0
29.56 22.616 0 -0.157168 0.988682 0 0.150028 0 1 0 -0.150028 0 0.988682  -0.012955 0 -0.0419408 0 -0.271177 0
29.57 22.6159 0 -0.157599 0.989086 0 0.147336 0 1 0 -0.147336 0 0.989086  -0.0157654 0 -0.0451322 0 -0.273143 0
29.58 22.6157 0 -0.158059 0.989486 0 0.144628 0 1 0 -0.144628 0 0.989486  -0.018525 0 -0.0476665 0 -0.274704 0
29.59 22.6155 0 -0.158559 0.989881 0 0.141898 0 1 0 -0.141898 0 0.989881  -0.021724 0 -0.0519519 0 -0.276682 0
29.6 22.6153 0 -0.159094 0.990271 0 0.139152 0 1 0 -0.139152 0 0.990271  -0.023276 0 -0.0553326 0 -0.278241 0
29.61 22.615 0 -0.159652 0.990655 0 0.136394 0 1 0 -0.136394 0 0.990655  -0.026257 0 -0.0573056 0 -0.279054 0
29.62 22.6148 0 -0.160279 0.991031 0 0.13363 0 1 0 -0.13363 0 0.991031  -0.029383 0 -0.0647375 0 -0.279362 0
29.63 22.6145 0 -0.160909 0.991403 0 0.130846 0 1 0 -0.130846 0 0.991403  -0.0304728 0 -0.0650867 0 -0.281427 0
29.64 22.6141 0 -0.161571 0.991767 0 0.128057 0 1 0 -0.128057 0 0.991767  -0.0344429 0 -0.0673259 0 -0.281872 0
29.65 22.6138 0 -0.16228 0.992123 0 0.125265 0 1 0 -0.125265 0 0.992123  -0.0374501 0 -0.0723633 -0 -0.281762 0
29.66 22.6134 0 -0.163041 0.992474 0 0.122458 0 1 0 -0.122458 0 0.992474  -0.0394624 0 -0.0784055 0 -0.283135 0
29.67 22.613 0 -0.163807 0.992817 0 0.119641 0 1 0 -0.119641 0 0.992817  -0.0411073 0 -0.0783185 0 -0.284325 0
29.68 22.6126 0 -0.164624 0.993153 0 0.116824 0 1 0 -0.116824 0 0.993153  -0.0446214 0 -0.0835779 0 -0.283995 0
29.69 22.6121 0 -0.165468 0.993481 0 0.114002 0 1 0 -0.114002 0 0.993481  -0.0470701 0 -0.0868555 0 -0.284158 0
29.7 22.6116 0 -0.166327 0.993801 0 0.111171 0 1 0 -0.111171 0 0.993801  -0.0485034 0 -0.0872081 0 -0.285081 0
29.71 22.6111 0 -0.167255 0.994113 0 0.108345 0 1 0 -0.108345 0 0.994113  -0.0523333 0 -0.0946141 0 -0.284491 0
29.72 22.6106 0 -0.168177 0.994418 0 0.105511 0 1 0 -0.105511 0 0.994418  -0.0529619 0 -0.0938412 0 -0.284959 0
29.73 22.61 0 -0.169156 0.994714 0 0.102688 0 1 0 -0.102688 0 0.994714  -0.0565618 0 -0.0991267 0 -0.283651 0
29.74 22.6095 0 -0.170154 0.995001 0 0.0998662 0 1 0 -0.0998662 0 0.995001  -0.0591558 0 -0.101243 0 -0.283196 0
29.75 22.6089 0 -0.171179 0.99528 0 0.0970493 0 1 0 -0.0970493 0 0.99528  -0.06107 0 -0.103638 0 -0.282795 0
29.76 22.6082 0 -0.172275 0.99555 0 0.0942396 0 1 0 -0.0942396 0 0.99555  -0.0640907 0 -0.111732 0 -0.281977 0
29.77 22.6076 0 -0.173352 0.995811 0 0.0914328 0 1 0 -0.0914328 0 0.995811  -0.0646788 0 -0.109382 0 -0.281608 0
29.78 22.6069 0 -0.174502 0.996063 0 0.0886426 0 1 0 -0.0886426 0 0.996063  -0.0684465 0 -0.116261 0 -0.279631 0
29.79 22.6062 0 -0.175659 0.996308 0 0.085856 0 1 0 -0.085856 0 0.996308  -0.0698382 0 -0.117399 0 -0.279069 0
29.8 22.6055 0 -0.176845 0.996543 0 0.083084 0 1 0 -0.083084 0 0.996543  -0.0717933 0 -0.119681 0 -0.277625 0
29.81 22.6048 0 -0.178089 0.996768 0 0.0803299 0 1 0 -0.0803299 0 0.996768  -0.075299 0 -0.126128 0 -0.275625 0
29.82 22.6041 0 -0.17931 0.996986 0 0.077582 0 1 0 -0.077582 0 0.996986  -0.0751643 0 -0.123296 0 -0.274989 0
29.83 22.6033 0 -0.180614 0.997194 0 0.074867 0 1 0 -0.074867 0 0.997194  -0.0788234 0 -0.131585 0 -0.271313 0
29.84 22.6025 0 -0.181873 0.997393 0 0.0721608 0 1 0 -0.0721608 0 0.997393  -0.0793146 0 -0.126722 0 -0.270228 0
29.85 22.6017 0 -0.183197 0.997583 0 0.0694852 0 1 0 -0.0694852 0 0.997583  -0.0822636 0 -0.131753 0 -0.267256 0
29.86 22.6009 0 -0.184504 0.997764 0 0.066829 0 1 0 -0.066829 0 0.997764  -0.082923 0 -0.131196 0 -0.26505 0
29.87 22.6 0 -0.185905 0.997937 0 0.0641991 0 1 0 -0.0641991 0 0.997937  -0.0872905 0 -0.143109 0 -0.262352 0
29.88 22.5991 0 -0.187227 0.998102 0 0.0615792 0 1 0 -0.0615792 0 0.998102  -0.0853182 0 -0.133563 0 -0.261577 0
29.89 22.5983 0 -0.188654 0.998258 0 0.0590018 0 1 0 -0.0590018 0 0.998258  -0.0895908 0 -0.143048 0 -0.256985 0
29.9 22.5974 0 -0.190069 0.998406 0 0.0564413 0 1 0 -0.0564413 0 0.998406  -0.0902735 0 -0.143228 0 -0.254955 0
29.91 22.5965 0 -0.191505 0.998546 0 0.0539043 0 1 0 -0.0539043 0 0.998546  -0.0910748 0 -0.14445 0 -0.252926 0
29.92 22.5955 0 -0.192988 0.998678 0 0.0514046 0 1 0 -0.0514046 0 0.998678  -0.093361 0 -0.149577 0 -0.248964 0
29.93 22.5946 0 -0.194465 0.998802 0 0.0489284 0 1 0 -0.0489284 0 0.998802  -0.0939892 0 -0.149021 0 -0.24643 0
29.94 22.5936 0 -0.195989 0.998919 0 0.0464857 0 1 0 -0.0464857 0 0.998919  -0.0959014 0 -0.153403 0 -0.24312 0
29.95 22.5927 0 -0.19752 0.999028 0 0.0440748 0 1 0 -0.0440748 0 0.999028  -0.0969204 0 -0.154424 0 -0.239784 0
29.96 22.5917 0 -0.199076 0.99913 0 0.0416986 0 1 0 -0.0416986 0 0.99913  -0.0982692 0 -0.156502 0 -0.236182 0
29.97 22.5907 0 -0.200651 0.999225 0 0.0393577 0 1 0 -0.0393577 0 0.999225  -0.0994628 0 -0.158522 0 -0.232509 0
29.98 22.5897 0 -0.202237 0.999313 0 0.0370552 0 1 0 -0.0370552 0 0.999313  -0.10084 0 -0.159436 0 -0.228557 0
29.99 22.5887 0 -0.203847 0.999395 0 0.0347907 0 1 0 -0.0347907 0 0.999395  -0.101742 0 -0.161911 0 -0.224714 0
30 22.5877 0 -0.205465 0.99947 0 0.0325652 0 1 0 -0.0325652 0 0.99947  -0.102516 0 -0.162604 0 -0.220779 0
30.01 22.5867 0 -0.207093 0.999538 0 0.0303822 0 1 0 -0.0303822 0 0.999538  -0.103456 0 -0.163314 0 -0.216358 0
30.02 22.5856 0 -0.208733 0.999601 0 0.0282444 0 1 0 -0.0282444 0 0.999601  -0.104721 0 -0.164427 0 -0.211639 0
30.03 22.5846 0 -0.210375 0.999658 0 0.0261513 0 1 0 -0.0261513 0 0.999658  -0.105052 0 -0.164542 0 -0.207085 0
30.04 22.5835 0 -0.212039 0.999709 0 0.0241046 0 1 0 -0.0241046 0 0.999709  -0.106122 0 -0.166868 0 -0.202466 0
30.05 22.5824 0 -0.213699 0.999756 0 0.0221036 0 1 0 -0.0221036 0 0.999756  -0.10614 0 -0.166601 0 -0.197941 0
30.06 22.5814 0 -0.215377 0.999797 0 0.0201531 0 1 0 -0.0201531 0 0.999797  -0.106952 0 -0.168175 0 -0.192765 0
30.07 22.5803 0 -0.217058 0.999833 0 0.0182506 0 1 0 -0.0182506 0 0.999833  -0.107351 0 -0.168613 0 -0.187826 0
30.08 22.5792 0 -0.218744 0.999866 0 0.0164001 0 1 0 -0.0164001 0 0.999866  -0.107805 0 -0.168779 0 -0.182562 0
30.09 22.5782 0 -0.220437 0.999893 0 0.0146032 0 1 0 -0.0146032 0 0.999893  -0.108012 0 -0.169527 0 -0.177083 0
30.1 22.5771 0 -0.222141 0.999917 0 0.0128584 0 1 0 -0.0128584 0 0.999917  -0.108399 0 -0.170843 0 -0.17187 0
30.11 22.576 0 -0.223839 0.999938 0 0.0111651 0 1 0 -0.0111651 0 0.999938  -0.108029 0 -0.170045 0 -0.166769 0
30.12 22.5749 0 -0.225551 0.999955 0 0.00952989 0 1 0 -0.00952989 0 0.999955  -0.108722 0 -0.171447 0 -0.160869 0
30.13 22.5738 0 -0.227252 0.999968 0 0.00794856 0 1 0 -0.00794856 0 0.999968  -0.108337 0 -0.17024 0 -0.155379 0
30.14 22.5727 0 -0.228967 0.999979 0 0.00642581 0 1 0 -0.00642581 0 0.999979  -0.108499 0 -0.171573 0 -0.149494 0
30.15 22.5716 0 -0.230673 0.999988 0 0.00495924 0 1 0 -0.00495924 0 0.999988  -0.108214 0 -0.170778 0 -0.143836 0
30.16 22.5706 0 -0.23244 0.999994 0 0.00354481 0 1 0 -0.00354481 0 0.999994  -0.108647 0 -0.177746 0 -0.138726 0
30.17 22.5695 0 -0.234091 0.999998 0 0.00218345 0 1 0 -0.00218345 0 0.999998  -0.106473 0 -0.164436 0 -0.133449 0
30.18 22.5684 0 -0.235874 1 0 0.000899591 0 1 0 -0.000899591 0 1  -0.109395 0 -0.178162 0 -0.125149 0
30.19 22.5673 0 -0.23754 1 0 -0.000343353 0 1 0 0.000343353 0 1  -0.105946 0 -0.166975 0 -0.121172 0
30.2 22.5663 0 -0.239273 0.999999 0 -0.00151349 0 1 0 0.00151349 0 0.999999  -0.106972 0 -0.172681 0 -0.114154 0
30.21 22.5652 0 -0.240976 0.999997 0 -0.00262462 0 1 0 0.00262462 0 0.999997  -0.105952 0 -0.170739 0 -0.107914 0
30.22 22.5642 0 -0.242629 0.999993 0 -0.00367134 0 1 0 0.00367134 0 0.999993  -0.104939 0 -0.164009 0 -0.101424 0
30.23 22.5631 0 -0.244335 0.999989 0 -0.00464301 0 1 0 0.00464301 0 0.999989  -0.105699 0 -0.170062 0 -0.0936702 0
30.24 22.5621 0 -0.245962 0.999985 0 -0.00555889 0 1 0 0.00555889 0 0.999985  -0.103191 0 -0.162111 0 -0.0882168 0
30.25 22.561 0 -0.247621 0.99998 0 -0.00639941 0 1 0 0.00639941 0 0.99998  -0.103565 0 -0.164917 0 -0.0808036 0
30.26 22.56 0 -0.249243 0.999974 0 -0.0071754 0 1 0 0.0071754 0 0.999974  -0.102415 0 -0.161887 0 -0.0742008 0
30.27 22.559 0 -0.250848 0.999969 0 -0.00788487 0 1 0 0.00788487 0 0.999969  -0.101217 0 -0.159471 0 -0.0676316 0
30.28 22.558 0 -0.252456 0.999964 0 -0.00852379 0 1 0 0.00852379 0 0.999964  -0.100621 0 -0.160094 0 -0.0605096 0
30.29 22.557 0 -0.254019 0.999959 0 -0.00909811 0 1 0 0.00909811 0 0.999959  -0.0989258 0 -0.155496 0 -0.0540199 0
30.3 22.556 0 -0.255589 0.999954 0 -0.00959924 0 1 0 0.00959924 0 0.999954  -0.0985452 0 -0.155995 0 -0.046669 0
30.31 22.555 0 -0.257116 0.99995 0 -0.0100332 0 1 0 0.0100332 0 0.99995  -0.0968602 0 -0.15169 0 -0.0399046 0
30.32 22.554 0 -0.258634 0.999946 0 -0.0103954 0 1 0 0.0103954 0 0.999946  -0.0961441 0 -0.150596 0 -0.0327372 0
30.33 22.5531 0 -0.26013 0.999943 0 -0.0106879 0 1 0 0.0106879 0 0.999943  -0.0950182 0 -0.148712 0 -0.0257652 0
30.34 22.5521 0 -0.261598 0.99994 0 -0.0109111 0 1 0 0.0109111 0 0.99994  -0.0935312 0 -0.145702 0 -0.0188618 0
30.35 22.5512 0 -0.263052 0.999939 0 -0.0110637 0 1 0 0.0110637 0 0.999939  -0.0923614 0 -0.144381 0 -0.0118192 0
30.36 22.5503 0 -0.264477 0.999938 0 -0.0111495 0 1 0 0.0111495 0 0.999938  -0.090961 0 -0.141451 0 -0.00517103 0
30.37 22.5494 0 -0.265875 0.999938 0 -0.0111629 0 1 0 0.0111629 0 0.999938  -0.0895872 0 -0.1385 0 0.00208056 0
30.38 22.5485 0 -0.26726 0.999938 0 -0.011106 0 1 0 0.011106 0 0.999938  -0.0882608 0 -0.137359 0 0.00919789 0
30.39 22.5476 0 -0.268634 0.99994 0 -0.0109824 0 1 0 0.0109824 0 0.99994  -0.0865103 0 -0.136898 0 0.0157964 0
30.4 22.5468 0 -0.269965 0.999942 0 -0.0107911 0 1 0 0.0107911 0 0.999942  -0.0843653 0 -0.132227 0 0.0225188 0
30.41 22.5459 0 -0.271301 0.999945 0 -0.0105246 0 1 0 0.0105246 0 0.999945  -0.0834307 0 -0.132564 0 0.0302007 0
30.42 22.5451 0 -0.272589 0.999948 0 -0.0101912 0 1 0 0.0101912 0 0.999948  -0.0813329 0 -0.127867 0 0.0369181 0
30.43 22.5443 0 -0.273871 0.999952 0 -0.00978566 0 1 0 0.00978566 0 0.999952  -0.0796429 0 -0.127014 0 0.0440298 0
30.44 22.5435 0 -0.275119 0.999957 0 -0.00931181 0 1 0 0.00931181 0 0.999957  -0.0774516 0 -0.123946 0 0.0508681 0
30.45 22.5428 0 -0.27634 0.999962 0 -0.00876646 0 1 0 0.00876646 0 0.999962  -0.0758196 0 -0.120828 0 0.0580352 0
30.46 22.542 0 -0.277543 0.999967 0 -0.00814972 0 1 0 0.00814972 0 0.999967  -0.0740507 0 -0.11921 0 0.0652303 0
30.47 22.5413 0 -0.27871 0.999972 0 -0.00746444 0 1 0 0.00746444 0 0.999972  -0.0717227 0 -0.115724 0 0.0720658 0
30.48 22.5406 0 -0.279856 0.999978 0 -0.00670797 0 1 0 0.00670797 0 0.999978  -0.06983 0 -0.113362 0 0.0791706 0
30.49 22.5399 0 -0.280972 0.999983 0 -0.00587908 0 1 0 0.00587908 0 0.999983  -0.0678386 0 -0.110329 0 0.0864861 0
30.5 22.5392 0 -0.282058 0.999988 0 -0.00498103 0 1 0 0.00498103 0 0.999988  -0.0655869 0 -0.10723 0 0.0933666 0
30.51 22.5386 0 -0.283118 0.999992 0 -0.00401078 0 1 0 0.00401078 0 0.999992  -0.0636053 0 -0.104547 0 0.100555 0
30.52 22.5379 0 -0.284133 0.999996 0 -0.00297543 0 1 0 0.00297543 0 0.999996  -0.0614263 0 -0.0999273 0 0.106961 0
30.53 22.5373 0 -0.285129 0.999998 0 -0.00186994 0 1 0 0.00186994 0 0.999998  -0.0595593 0 -0.0979149 0 0.113884 0
30.54 22.5368 0 -0.286078 1 0 -0.000698189 0 1 0 0.000698189 0 1  -0.0573935 0 -0.0932377 0 0.120573 0
30.55 22.5362 0 -0.286999 1 0 0.000538905 0 1 0 -0.000538905 0 1  -0.0551796 0 -0.0902766 0 0.127021 0
30.56 22.5356 0 -0.287882 0.999998 0 0.00184094 0 1 0 -0.00184094 0 0.999998  -0.0530114 0 -0.0865793 0 0.13342 0
30.57 22.5351 0 -0.288723 0.999995 0 0.00320547 0 1 0 -0.00320547 0 0.999995  -0.050758 0 -0.0822253 0 0.139623 0
30.58 22.5346 0 -0.289528 0.999989 0 0.00463153 0 1 0 -0.00463153 0 0.999989  -0.0489034 0 -0.0786018 0 0.145729 0
30.59 22.5342 0 -0.290294 0.999981 0 0.00611681 0 1 0 -0.00611681 0 0.999981  -0.0468615 0 -0.0747206 0 0.151559 0
30.6 22.5337 0 -0.291019 0.999971 0 0.00766142 0 1 0 -0.00766142 0 0.999971  -0.0441501 0 -0.0705627 0 0.157419 0
30.61 22.5333 0 -0.291703 0.999957 0 0.00926404 0 1 0 -0.00926404 0 0.999957  -0.0424504 0 -0.0662936 0 0.163188 0
30.62 22.5329 0 -0.292349 0.99994 0 0.0109228 0 1 0 -0.0109228 0 0.99994  -0.0401842 0 -0.0627251 0 0.168726 0
30.63 22.5325 0 -0.292954 0.99992 0 0.0126369 0 1 0 -0.0126369 0 0.99992  -0.0376973 0 -0.0584376 0 0.174204 0
30.64 22.5321 0 -0.293523 0.999896 0 0.014406 0 1 0 -0.014406 0 0.999896  -0.0354153 0 -0.0550066 0 0.179689 0
30.65 22.5318 0 -0.294049 0.999868 0 0.0162259 0 1 0 -0.0162259 0 0.999868  -0.0331922 0 -0.0507193 0 0.184667 0
30.66 22.5314 0 -0.294535 0.999836 0 0.0180988 0 1 0 -0.0180988 0 0.999836  -0.0308099 0 -0.0465709 0 0.189872 0
30.67 22.5311 0 -0.294988 0.9998 0 0.0200216 0 1 0 -0.0200216 0 0.9998  -0.0285327 0 -0.043379 0 0.194857 0
30.68 22.5309 0 -0.295389 0.999758 0 0.0219942 0 1 0 -0.0219942 0 0.999758  -0.0259738 0 -0.0380103 0 0.199791 0
30.69 22.5306 0 -0.29577 0.999711 0 0.0240193 0 1 0 -0.0240193 0 0.999711  -0.0240154 0 -0.0361916 0 0.205089 0
30.7 22.5304 0 -0.296091 0.99966 0 0.0260874 0 1 0 -0.0260874 0 0.99966  -0.0212839 0 -0.0301439 0 0.209278 0
30.71 22.5302 0 -0.296386 0.999602 0 0.0282075 0 1 0 -0.0282075 0 0.999602  -0.0199027 0 -0.0272572 0 0.214401 0
30.72 22.53 0 -0.296642 0.999539 0 0.0303661 0 1 0 -0.0303661 0 0.999539  -0.016564 0 -0.023796 0 0.218202 0
30.73 22.5298 0 -0.296849 0.999469 0 0.0325695 0 1 0 -0.0325695 0 0.999469  -0.0146624 0 -0.0185344 0 0.222579 0
30.74 22.5297 0 -0.29703 0.999394 0 0.0348155 0 1 0 -0.0348155 0 0.999394  -0.0126212 0 -0.0160697 0 0.226868 0
30.75 22.5296 0 -0.297156 0.999312 0 0.0371002 0 1 0 -0.0371002 0 0.999312  -0.00975463 0 -0.01061 0 0.230647 0
30.76 22.5295 0 -0.297256 0.999222 0 0.0394274 0 1 0 -0.0394274 0 0.999222  -0.00824174 0 -0.00794411 0 0.234857 0
30.77 22.5294 0 -0.297306 0.999126 0 0.0417906 0 1 0 -0.0417906 0 0.999126  -0.00576618 0 -0.00314469 0 0.238446 0
30.78 22.5294 0 -0.29732 0.999023 0 0.0441904 0 1 0 -0.0441904 0 0.999023  -0.00334909 0 0.000572628 0 0.24202 0
30.79 22.5294 0 -0.297294 0.998913 0 0.0466238 0 1 0 -0.0466238 0 0.998913  -0.00103649 0 0.00459922 0 0.245354 0
30.8 22.5294 0 -0.297225 0.998794 0 0.0490914 0 1 0 -0.0490914 0 0.998794  0.00123686 -0 0.00897342 0 0.248761 0
30.81 22.5294 0 -0.297116 0.998668 0 0.0515939 0 1 0 -0.0515939 0 0.998668  0.00336838 -0 0.0130644 0 0.252263 0
30.82 22.5294 0 -0.296967 0.998534 0 0.0541252 0 1 0 -0.0541252 0 0.998534  0.00614363 -0 0.0168166 0 0.255103 0
30.83 22.5295 0 -0.296757 0.998392 0 0.0566888 0 1 0 -0.0566888 0 0.998392  0.00861718 -0 0.0234455 0 0.258343 0
30.84 22.5296 0 -0.296534 0.998241 0 0.0592845 0 1 0 -0.0592845 0 0.998241  0.00995937 -0 0.0242476 0 0.261641 0
30.85 22.5297 0 -0.296235 0.998082 0 0.0619041 0 1 0 -0.0619041 0 0.998082  0.0133508 -0 0.0319841 0 0.26387 0
30.86 22.5299 0 -0.295921 0.997914 0 0.0645542 0 1 0 -0.0645542 0 0.997914  0.0145517 -0 0.0337129 0 0.26687 0
30.87 22.53 0 -0.295557 0.997738 0 0.0672285 0 1 0 -0.0672285 0 0.997738  0.0173102 -0 0.0380808 0 0.269336 0
30.88 22.5302 0 -0.295147 0.997552 0 0.069927 0 1 0 -0.069927 0 0.997552  0.0199097 -0 0.0432235 0 0.271717 0
30.89 22.5304 0 -0.294709 0.997358 0 0.072649 0 1 0 -0.072649 0 0.997358  0.0214197 0 0.0458038 0 0.274136 0
30.9 22.5306 0 -0.294221 0.997154 0 0.0753906 0 1 0 -0.0753906 0 0.997154  0.0241832 0 0.0507377 0 0.276056 0
30.91 22.5309 0 -0.293701 0.996941 0 0.0781527 0 1 0 -0.0781527 0 0.996941  0.0261625 -0 0.053993 0 0.278051 0
30.92 22.5312 0 -0.293148 0.99672 0 0.0809311 0 1 0 -0.0809311 0 0.99672  0.0282579 -0 0.0570518 0 0.279645 0
30.93 22.5315 0 -0.292548 0.996489 0 0.0837255 0 1 0 -0.0837255 0 0.996489  0.0307596 -0 0.0618013 0 0.28121 0
30.94 22.5318 0 -0.291925 0.996249 0 0.0865362 0 1 0 -0.0865362 0 0.996249  0.0326864 -0 0.0641733 0 0.282931 0
30.95 22.5321 0 -0.29125 0.996 0 0.0893577 0 1 0 -0.0893577 0 0.996  0.0348386 -0 0.0693758 0 0.283988 0
30.96 22.5325 0 -0.290552 0.995741 0 0.0921945 0 1 0 -0.0921945 0 0.995741  0.0368805 -0 0.0717177 0 0.285533 0
30.97 22.5329 0 -0.28981 0.995473 0 0.0950397 0 1 0 -0.0950397 0 0.995473  0.0395541 -0 0.0760267 0 0.286438 0
30.98 22.5333 0 -0.289036 0.995197 0 0.0978959 0 1 0 -0.0978959 0 0.995197  0.0413593 -0 0.0792622 0 0.287501 0
30.99 22.5337 0 -0.288228 0.994911 0 0.100761 0 1 0 -0.100761 0 0.994911  0.0432354 -0 0.0825084 0 0.288375 0
31 22.5341 0 -0.287388 0.994616 0 0.103629 0 1 0 -0.103629 0 0.994616  0.0456099 -0 0.0856032 0 0.288764 0
31.01 22.5346 0 -0.286518 0.994312 0 0.106502 0 1 0 -0.106502 0 0.994312  0.0476385 0 0.0886396 0 0.289155 0
31.02 22.5351 0 -0.285615 0.994 0 0.109378 0 1 0 -0.109378 0 0.994  0.049539 -0 0.0918004 0 0.289488 0
31.03 22.5356 0 -0.284688 0.99368 0 0.112252 0 1 0 -0.112252 0 0.99368  0.0513625 -0 0.0940927 0 0.289221 0
31.04 22.5361 0 -0.283727 0.993351 0 0.115126 0 1 0 -0.115126 0 0.993351  0.0537167 -0 0.0976017 0 0.289265 0
31.05 22.5367 0 -0.28275 0.993014 0 0.117999 0 1 0 -0.117999 0 0.993014  0.0551782 -0 0.099015 0 0.28932 0
31.06 22.5372 0 -0.281721 0.992669 0 0.120866 0 1 0 -0.120866 0 0.992669  0.0579358 0 0.104463 0 0.288637 0
31.07 22.5378 0 -0.280679 0.992315 0 0.123734 0 1 0 -0.123734 0 0.992315  0.0590514 0 0.106001 0 0.289008 0
31.08 22.5384 0 -0.27961 0.991955 0 0.126593 0 1 0 -0.126593 0 0.991955  0.0606548 -0 0.108132 0 0.288034 0
31.09 22.539 0 -0.278501 0.991587 0 0.129443 0 1 0 -0.129443 0 0.991587  0.0631755 -0 0.112365 0 0.28702 0
31.1 22.5397 0 -0.27735 0.991211 0 0.132293 0 1 0 -0.132293 0 0.991211  0.0652724 0 0.117212 0 0.287262 0
31.11 22.5403 0 -0.276239 0.990828 0 0.135127 0 1 0 -0.135127 0 0.990828  0.0647258 -0 0.111689 0 0.285678 0
31.12 22.541 0 -0.275019 0.990441 0 0.137939 0 1 0 -0.137939 0 0.990441  0.0700897 -0 0.12317 0 0.282962 0
31.13 22.5417 0 -0.273853 0.990045 0 0.140753 0 1 0 -0.140753 0 0.990045  0.0683877 -0 0.118002 0 0.283583 0
31.14 22.5424 0 -0.272606 0.989644 0 0.143542 0 1 0 -0.143542 0 0.989644  0.0722894 -0 0.125642 0 0.281214 0
31.15 22.5431 0 -0.271387 0.989238 0 0.146313 0 1 0 -0.146313 0 0.989238  0.0727411 -0 0.123049 0 0.279146 0
31.16 22.5439 0 -0.270116 0.988827 0 0.149066 0 1 0 -0.149066 0 0.988827  0.075007 -0 0.127768 0 0.277354 0
31.17 22.5446 0 -0.268834 0.988411 0 0.151801 0 1 0 -0.151801 0 0.988411  0.0763754 -0 0.129534 0 0.275781 0
31.18 22.5454 0 -0.267447 0.987989 0 0.154525 0 1 0 -0.154525 0 0.987989  0.0790658 -0 0.139535 0 0.275076 0
31.19 22.5462 0 -0.266162 0.987561 0 0.157236 0 1 0 -0.157236 0 0.987561  0.0753889 -0 0.126688 0 0.274026 0
31.2 22.547 0 -0.26472 0.987134 0 0.159894 0 1 0 -0.159894 0 0.987134  0.0847932 -0 0.144421 0 0.267728 0
31.21 22.5478 0 -0.263375 0.9867 0 0.162551 0 1 0 -0.162551 0 0.9867  0.08151 -0 0.136181 0 0.267675 0
31.22 22.5486 0 -0.261963 0.986265 0 0.165173 0 1 0 -0.165173 0 0.986265  0.0840328 -0 0.141271 0 0.264864 0
31.23 22.5495 0 -0.26053 0.985828 0 0.167762 0 1 0 -0.167762 0 0.985828  0.0864675 -0 0.144731 0 0.261147 0
31.24 22.5503 0 -0.259122 0.985387 0 0.17033 0 1 0 -0.17033 0 0.985387  0.0858832 -0 0.141368 0 0.259108 0
31.25 22.5512 0 -0.257654 0.984947 0 0.172857 0 1 0 -0.172857 0 0.984947  0.0891397 -0 0.147358 0 0.255012 0
31.26 22.5521 0 -0.256202 0.984504 0 0.175361 0 1 0 -0.175361 0 0.984504  0.0890762 -0 0.146151 0 0.252696 0
31.27 22.553 0 -0.254727 0.984062 0 0.177828 0 1 0 -0.177828 0 0.984062  0.0905713 -0 0.147975 0 0.249137 0
31.28 22.5539 0 -0.253227 0.983619 0 0.180259 0 1 0 -0.180259 0 0.983619  0.0925723 0 0.150915 0 0.245389 0
31.29 22.5549 0 -0.251723 0.983176 0 0.182662 0 1 0 -0.182662 0 0.983176  0.0928585 -0 0.151247 0 0.242627 0
31.3 22.5558 0 -0.250216 0.982734 0 0.185022 0 1 0 -0.185022 0 0.982734  0.0936934 -0 0.151093 0 0.238459 0
31.31 22.5567 0 -0.248681 0.982294 0 0.187343 0 1 0 -0.187343 0 0.982294  0.095825 -0 0.15419 0 0.234305 0
31.32 22.5577 0 -0.247174 0.981856 0 0.189627 0 1 0 -0.189627 0 0.981856  0.0954605 -0 0.15095 0 0.230522 0
31.33 22.5587 0 -0.245611 0.981421 0 0.191865 0 1 0 -0.191865 0 0.981421  0.0983368 -0 0.156723 0 0.225934 0
31.34 22.5596 0 -0.244072 0.980988 0 0.194068 0 1 0 -0.194068 0 0.980988  0.0977056 0 0.154663 0 0.222575 0
31.35 22.5606 0 -0.242514 0.980559 0 0.196224 0 1 0 -0.196224 0 0.980559  0.0992805 0 0.156 0 0.217802 0
31.36 22.5616 0 -0.240954 0.980134 0 0.198335 0 1 0 -0.198335 0 0.980134  0.100322 0 0.156324 0 0.213012 0
31.37 22.5626 0 -0.239386 0.979713 0 0.200405 0 1 0 -0.200405 0 0.979713  0.100842 0 0.157257 0 0.208936 0
31.38 22.5636 0 -0.237797 0.979297 0 0.202427 0 1 0 -0.202427 0 0.979297  0.102428 -0 0.159773 0 0.204234 0
31.39 22.5647 0 -0.236227 0.978886 0 0.204406 0 1 0 -0.204406 0 0.978886  0.101655 -0 0.157359 0 0.199887 0
31.4 22.5657 0 -0.234609 0.978482 0 0.206334 0 1 0 -0.206334 0 0.978482  0.104504 -0 0.162402 0 0.194588 0
31.41 22.5667 0 -0.233029 0.978083 0 0.208217 0 1 0 -0.208217 0 0.978083  0.103476 -0 0.158393 0 0.190116 0
31.42 22.5678 0 -0.231415 0.977691 0 0.210047 0 1 0 -0.210047 0 0.977691  0.105016 -0 0.161344 0 0.184548 0
31.43 22.5688 0 -0.229809 0.977307 0 0.211828 0 1 0 -0.211828 0 0.977307  0.105494 -0 0.161108 0 0.179591 0
31.44 22.5699 0 -0.228217 0.976931 0 0.213556 0 1 0 -0.213556 0 0.976931  0.105238 -0 0.159083 0 0.174254 0
31.45 22.5709 0 -0.226594 0.976564 0 0.215228 0 1 0 -0.215228 0 0.976564  0.107195 -0 0.162501 0 0.168408 0
31.46 22.572 0 -0.225018 0.976205 0 0.216849 0 1 0 -0.216849 0 0.976205  0.105646 -0 0.157375 0 0.163322 0
31.47 22.5731 0 -0.223406 0.975857 0 0.218409 0 1 0 -0.218409 0 0.975857  0.108018 -0 0.160873 0 0.157039 0
31.48 22.5741 0 -0.221818 0.975519 0 0.219917 0 1 0 -0.219917 0 0.975519  0.107432 -0 0.158892 0 0.151676 0
31.49 22.5752 0 -0.220236 0.975191 0 0.221367 0 1 0 -0.221367 0 0.975191  0.107471 -0 0.157837 0 0.145811 0
31.5 22.5763 0 -0.218637 0.974874 0 0.222758 0 1 0 -0.222758 0 0.974874  0.108707 -0 0.160003 0 0.139714 0
31.51 22.5774 0 -0.217058 0.974567 0 0.224095 0 1 0 -0.224095 0 0.974567  0.108164 -0 0.157873 0 0.134206 0
31.52 22.5785 0 -0.215456 0.974273 0 0.225373 0 1 0 -0.225373 0 0.974273  0.109203 0 0.160519 0 0.128235 0
31.53 22.5796 0 -0.213892 0.97399 0 0.226591 0 1 0 -0.226591 0 0.97399  0.107961 0 0.156306 0 0.122018 0
31.54 22.5807 0 -0.212285 0.97372 0 0.227748 0 1 0 -0.227748 0 0.97372  0.109995 0 0.1604 0 0.115724 0
31.55 22.5817 0 -0.210719 0.973461 0 0.228851 0 1 0 -0.228851 0 0.973461  0.107911 0 0.156667 0 0.110409 0
31.56 22.5828 0 -0.209131 0.973217 0 0.229887 0 1 0 -0.229887 0 0.973217  0.109601 0 0.158735 0 0.103279 0
31.57 22.5839 0 -0.207575 0.972985 0 0.230866 0 1 0 -0.230866 0 0.972985  0.1083 0 0.155701 0 0.0973969 0
31.58 22.585 0 -0.206015 0.972769 0 0.231776 0 1 0 -0.231776 0 0.972769  0.109081 0 0.155332 0 0.0902849 0
31.59 22.5861 0 -0.204475 0.972566 0 0.232628 0 1 0 -0.232628 0 0.972566  0.108049 -0 0.153534 0 0.0843732 0
31.6 22.5872 0 -0.202911 0.972378 0 0.233411 0 1 0 -0.233411 0 0.972378  0.109348 0 0.156136 0 0.0773051 0
31.61 22.5882 0 -0.201409 0.972203 0 0.234141 0 1 0 -0.234141 0 0.972203  0.10629 0 0.149496 0 0.0718399 0
31.62 22.5893 0 -0.19984 0.972046 0 0.234792 0 1 0 -0.234792 0 0.972046  0.110249 0 0.156619 0 0.0636036 0
31.63 22.5904 0 -0.198391 0.971899 0 0.235398 0 1 0 -0.235398 0 0.971899  0.104488 0 0.143576 0 0.0591971 0
31.64 22.5915 0 -0.19683 0.971773 0 0.235918 0 1 0 -0.235918 0 0.971773  0.110631 0 0.155017 0 0.0501297 0
31.65 22.5925 0 -0.19542 0.971658 0 0.236393 0 1 0 -0.236393 0 0.971658  0.103574 0 0.139502 0 0.0455238 0
31.66 22.5936 0 -0.193918 0.971562 0 0.236784 0 1 0 -0.236784 0 0.971562  0.10894 0 0.149007 0 0.0369172 0
31.67 22.5947 0 -0.192504 0.97148 0 0.237123 0 1 0 -0.237123 0 0.97148  0.105231 0 0.141253 0 0.031424 0
31.68 22.5957 0 -0.191082 0.971414 0 0.237392 0 1 0 -0.237392 0 0.971414  0.105338 0 0.140754 0 0.0244636 0
31.69 22.5968 0 -0.189668 0.971364 0 0.237595 0 1 0 -0.237595 0 0.971364  0.106114 0 0.140968 0 0.0175421 0
31.7 22.5978 0 -0.18829 0.971329 0 0.237741 0 1 0 -0.237741 0 0.971329  0.103572 0 0.137377 0 0.0116334 0
31.71 22.5989 0 -0.186916 0.971311 0 0.237813 0 1 0 -0.237813 0 0.971311  0.103774 0 0.136338 0 0.00407958 0
31.72 22.5999 0 -0.185571 0.971308 0 0.237823 0 1 0 -0.237823 0 0.971308  0.102843 0 0.132915 -0 -0.00237739 0
31.73 22.6009 0 -0.184238 0.971322 0 0.237768 0 1 0 -0.237768 0 0.971322  0.102003 0 0.131994 -0 -0.00887269 0
31.74 22.602 0 -0.182923 0.971352 0 0.237645 0 1 0 -0.237645 0 0.971352  0.102025 0 0.130929 0 -0.0161083 0
31.75 22.603 0 -0.181644 0.971397 0 0.23746 0 1 0 -0.23746 0 0.971397  0.10028 0 0.126809 -0 -0.0223935 0
31.76 22.604 0 -0.180367 0.971459 0 0.237206 0 1 0 -0.237206 0 0.971459  0.100184 -0 0.126764 0 -0.0294647 0
31.77 22.605 0 -0.179121 0.971537 0 0.236889 0 1 0 -0.236889 0 0.971537  0.0987242 0 0.123842 0 -0.0360806 0
31.78 22.6059 0 -0.177893 0.97163 0 0.236506 0 1 0 -0.236506 0 0.97163  0.0975419 0 0.121624 0 -0.0427671 0
31.79 22.6069 0 -0.176685 0.97174 0 0.236054 0 1 0 -0.236054 0 0.97174  0.0967085 -0 0.119825 0 -0.0499316 0
31.8 22.6079 0 -0.175506 0.971865 0 0.235539 0 1 0 -0.235539 0 0.971865  0.0955348 -0 0.116708 0 -0.0562876 0
31.81 22.6088 0 -0.174346 0.972005 0 0.234959 0 1 0 -0.234959 0 0.972005  0.0945102 -0 0.11476 0 -0.062966 0
31.82 22.6098 0 -0.173223 0.97216 0 0.234317 0 1 0 -0.234317 0 0.97216  0.0928941 -0 0.111118 0 -0.0693916 0
31.83 22.6107 0 -0.172117 0.97233 0 0.23361 0 1 0 -0.23361 0 0.97233  0.0922309 -0 0.109311 0 -0.0759649 0
31.84 22.6116 0 -0.171047 0.972515 0 0.232839 0 1 0 -0.232839 0 0.972515  0.0900013 -0 0.105643 -0 -0.0825202 0
31.85 22.6125 0 -0.170002 0.972714 0 0.232007 0 1 0 -0.232007 0 0.972714  0.0890927 -0 0.103008 0 -0.0888553 0
31.86 22.6134 0 -0.168985 0.972927 0 0.231111 0 1 0 -0.231111 0 0.972927  0.0879536 0 0.100374 0 -0.0952411 0
31.87 22.6143 0 -0.168004 0.973154 0 0.230154 0 1 0 -0.230154 0 0.973154  0.0860309 0 0.0966172 0 -0.101586 0
31.88 22.6151 0 -0.167046 0.973395 0 0.229133 0 1 0 -0.229133 0 0.973395  0.0849033 0 0.094352 0 -0.108139 0
31.89 22.6159 0 -0.166119 0.973649 0 0.228051 0 1 0 -0.228051 0 0.973649  0.0827743 0 0.0914083 -0 -0.114265 0
31.9 22.6168 0 -0.165231 0.973915 0 0.226912 0 1 0 -0.226912 0 0.973915  0.0810759 -0 0.0872074 0 -0.120016 0
31.91 22.6176 0 -0.16436 0.974195 0 0.225708 0 1 0 -0.225708 0 0.974195  0.0802713 -0 0.0856559 -0 -0.126539 0
31.92 22.6184 0 -0.163534 0.974486 0 0.224449 0 1 0 -0.224449 0 0.974486  0.0776278 -0 0.0811044 -0 -0.132357 0
31.93 22.6191 0 -0.16273 0.974789 0 0.22313 0 1 0 -0.22313 0 0.974789  0.0763649 0 0.0788736 0 -0.138248 0
31.94 22.6199 0 -0.161966 0.975102 0 0.221756 0 1 0 -0.221756 0 0.975102  0.0741269 0 0.0749162 0 -0.143857 0
31.95 22.6206 0 -0.161234 0.975427 0 0.220325 0 1 0 -0.220325 0 0.975427  0.0723776 -0 0.0715706 0 -0.14953 0
31.96 22.6213 0 -0.160543 0.97576 0 0.218844 0 1 0 -0.218844 0 0.97576  0.0707707 -0 0.0673349 -0 -0.154403 0
31.97 22.622 0 -0.159878 0.976104 0 0.217303 0 1 0 -0.217303 0 0.976104  0.0690507 -0 0.0656618 -0 -0.160886 0
31.98 22.6227 0 -0.159244 0.976457 0 0.215711 0 1 0 -0.215711 0 0.976457  0.0668222 -0 0.0619188 -0 -0.165783 0
31.99 22.6234 0 -0.158674 0.976818 0 0.214071 0 1 0 -0.214071 0 0.976818  0.0631996 -0 0.05364 -0 -0.170135 0
32 22.624 0 -0.158073 0.97719 0 0.212366 0 1 0 -0.212366 0 0.97719  0.0645441 -0 0.0584435 -0 -0.177176 0
32.01 22.6246 0 -0.157587 0.977567 0 0.210623 0 1 0 -0.210623 0 0.977567  0.0589495 -0 0.0468062 0 -0.18108 0
32.02 22.6252 0 -0.157078 0.977954 0 0.208822 0 1 0 -0.208822 0 0.977954  0.0592838 -0 0.0487287 0 -0.186674 0
32.03 22.6258 0 -0.15663 0.978346 0 0.206976 0 1 0 -0.206976 0 0.978346  0.0560004 -0 0.0435985 -0 -0.191247 0
32.04 22.6263 0 -0.156223 0.978744 0 0.205084 0 1 0 -0.205084 0 0.978744  0.0528013 -0 0.038649 -0 -0.195757 0
32.05 22.6269 0 -0.155817 0.97915 0 0.203138 0 1 0 -0.203138 0 0.97915  0.0523953 -0 0.0391207 0 -0.201288 0
32.06 22.6274 0 -0.155496 0.979559 0 0.201155 0 1 0 -0.201155 0 0.979559  0.0478293 -0 0.0308765 -0 -0.204979 0
32.07 22.6278 0 -0.155147 0.979976 0 0.199118 0 1 0 -0.199118 0 0.979976  0.0479614 -0 0.0332705 -0 -0.210231 0
32.08 22.6283 0 -0.154904 0.980395 0 0.197043 0 1 0 -0.197043 0 0.980395  0.0421366 -0 0.0214277 -0 -0.213735 0
32.09 22.6287 0 -0.154621 0.98082 0 0.194916 0 1 0 -0.194916 0 0.98082  0.0431101 -0 0.026173 -0 -0.218964 0
32.1 22.6291 0 -0.154426 0.981247 0 0.192756 0 1 0 -0.192756 0 0.981247  0.0386485 -0 0.0183156 -0 -0.222412 0
32.11 22.6295 0 -0.15426 0.981677 0 0.190555 0 1 0 -0.190555 0 0.981677  0.0370724 -0 0.0142571 -0 -0.226205 0
32.12 22.6299 0 -0.15411 0.98211 0 0.188306 0 1 0 -0.188306 0 0.98211  0.0361966 -0 0.01368 -0 -0.231093 0
32.13 22.6302 0 -0.154018 0.982545 0 0.186024 0 1 0 -0.186024 0 0.982545  0.0315233 -0 0.00809335 -0 -0.234308 0
32.14 22.6305 0 -0.153948 0.982982 0 0.183704 0 1 0 -0.183704 0 0.982982  0.0297695 0 0.00532956 -0 -0.237871 0
32.15 22.6308 0 -0.153941 0.983418 0 0.181355 0 1 0 -0.181355 0 0.983418  0.0266317 0 -0.00189946 0 -0.240512 0
32.16 22.6311 0 -0.15393 0.983856 0 0.17896 0 1 0 -0.17896 0 0.983856  0.025531 0 -0.000636404 0 -0.24515 0
32.17 22.6313 0 -0.153992 0.984293 0 0.176542 0 1 0 -0.176542 0 0.984293  0.0205591 0 -0.00779163 0 -0.247571 0
32.18 22.6315 0 -0.154068 0.98473 0 0.174087 0 1 0 -0.174087 0 0.98473  0.0193446 0 -0.00948974 0 -0.250877 0
32.19 22.6317 0 -0.154184 0.985167 0 0.1716 0 1 0 -0.1716 0 0.985167  0.0164932 0 -0.0126831 0 -0.254245 0
32.2 22.6318 0 -0.154337 0.985602 0 0.169084 0 1 0 -0.169084 0 0.985602  0.0134651 0 -0.0173072 0 -0.256884 0
32.21 22.6319 0 -0.154534 0.986035 0 0.166541 0 1 0 -0.166541 0 0.986035  0.0102358 0 -0.0226678 0 -0.259206 0
32.22 22.632 0 -0.154742 0.986467 0 0.163962 0 1 0 -0.163962 0 0.986467  0.0093249 0 -0.0225689 0 -0.262879 0
32.23 22.6321 0 -0.15501 0.986895 0 0.161363 0 1 0 -0.161363 0 0.986895  0.00520715 0 -0.028155 0 -0.264792 0
32.24 22.6322 0 -0.155296 0.987323 0 0.158727 0 1 0 -0.158727 0 0.987323  0.00337137 0 -0.0304319 0 -0.268453 0
32.25 22.6322 0 -0.155635 0.987746 0 0.156072 0 1 0 -0.156072 0 0.987746  0.000639572 0 -0.0357609 0 -0.270153 0
32.26 22.6322 0 -0.155988 0.988165 0 0.153394 0 1 0 -0.153394 0 0.988165  -0.00187516 0 -0.0370113 0 -0.272118 0
32.27 22.6321 0 -0.156383 0.98858 0 0.150698 0 1 0 -0.150698 0 0.98858  -0.0045079 0 -0.0407799 0 -0.273638 0
32.28 22.6321 0 -0.156821 0.988991 0 0.147979 0 1 0 -0.147979 0 0.988991  -0.00740112 0 -0.0458082 0 -0.275972 0
32.29 22.632 0 -0.157296 0.989396 0 0.145242 0 1 0 -0.145242 0 0.989396  -0.00985394 0 -0.0496496 0 -0.277646 0
32.3 22.6319 0 -0.157794 0.989797 0 0.142487 0 1 0 -0.142487 0 0.989797  -0.0120967 0 -0.0513801 0 -0.279277 0
32.31 22.6317 0 -0.15835 0.990191 0 0.139718 0 1 0 -0.139718 0 0.990191  -0.0158457 0 -0.0575278 0 -0.280407 0
32.32 22.6316 0 -0.158924 0.990581 0 0.13693 0 1 0 -0.13693 0 0.990581  -0.0175111 0 -0.0592846 0 -0.28224 0
32.33 22.6314 0 -0.159566 0.990963 0 0.134138 0 1 0 -0.134138 0 0.990963  -0.0204246 0 -0.0665137 0 -0.282257 0
32.34 22.6312 0 -0.160205 0.99134 0 0.131323 0 1 0 -0.131323 0 0.99134  -0.0222239 0 -0.0656383 0 -0.284542 0
32.35 22.6309 0 -0.160891 0.991709 0 0.128505 0 1 0 -0.128505 0 0.991709  -0.0258488 0 -0.0693717 -0 -0.284779 0
32.36 22.6307 0 -0.161622 0.992071 0 0.125679 0 1 0 -0.125679 0 0.992071  -0.0285845 0 -0.0750042 0 -0.285152 0
32.37 22.6304 0 -0.16234 0.992426 0 0.122842 0 1 0 -0.122842 0 0.992426  -0.0298048 0 -0.0726726 0 -0.286235 0
32.38 22.63 0 -0.163123 0.992773 0 0.120004 0 1 0 -0.120004 0 0.992773  -0.0342793 0 -0.0791783 0 -0.286143 0
32.39 22.6297 0 -0.163973 0.993113 0 0.117158 0 1 0 -0.117158 0 0.993113  -0.0366798 0 -0.0880357 0 -0.286866 0
32.4 22.6293 0 -0.164776 0.993447 0 0.114298 0 1 0 -0.114298 0 0.993447  -0.036154 0 -0.0816859 0 -0.288378 0
32.41 22.6289 0 -0.165711 0.99377 0 0.111451 0 1 0 -0.111451 0 0.99377  -0.0425229 0 -0.0950435 0 -0.286489 0
32.42 22.6285 0 -0.166603 0.994086 0 0.108591 0 1 0 -0.108591 0 0.994086  -0.0426682 0 -0.0915213 0 -0.287629 0
32.43 22.6281 0 -0.167556 0.994394 0 0.105738 0 1 0 -0.105738 0 0.994394  -0.045253 0 -0.0962004 0 -0.287056 0
32.44 22.6276 0 -0.16858 0.994693 0 0.102891 0 1 0 -0.102891 0 0.994693  -0.0491013 0 -0.10502 0 -0.285976 0
32.45 22.6271 0 -0.169551 0.994984 0 0.100035 0 1 0 -0.100035 0 0.994984  -0.0486367 0 -0.0979825 0 -0.286965 0
32.46 22.6266 0 -0.170642 0.995265 0 0.0971995 0 1 0 -0.0971995 0 0.995265  -0.0538768 0 -0.110068 0 -0.284668 0
32.47 22.6261 0 -0.171721 0.995538 0 0.0943596 0 1 0 -0.0943596 0 0.995538  -0.0547656 0 -0.110523 0 -0.2849 0
32.48 22.6255 0 -0.172826 0.995802 0 0.0915299 0 1 0 -0.0915299 0 0.995802  -0.0566772 0 -0.111466 0 -0.283937 0
32.49 22.6249 0 -0.174 0.996057 0 0.0887156 0 1 0 -0.0887156 0 0.996057  -0.0605713 0 -0.119233 0 -0.282003 0
32.5 22.6243 0 -0.175142 0.996303 0 0.0859031 0 1 0 -0.0859031 0 0.996303  -0.0609986 0 -0.115372 0 -0.281727 0
32.51 22.6237 0 -0.176375 0.99654 0 0.0831098 0 1 0 -0.0831098 0 0.99654  -0.0644131 0 -0.124385 0 -0.279692 0
32.52 22.623 0 -0.177599 0.996769 0 0.0803243 0 1 0 -0.0803243 0 0.996769  -0.0655616 0 -0.124166 0 -0.278768 0
32.53 22.6224 0 -0.178851 0.996988 0 0.0775567 0 1 0 -0.0775567 0 0.996988  -0.0676899 0 -0.126016 -0 -0.27694 0
32.54 22.6217 0 -0.180157 0.997197 0 0.0748171 0 1 0 -0.0748171 0 0.997197  -0.0706809 0 -0.132157 -0 -0.273675 0
32.55 22.621 0 -0.181439 0.997399 0 0.0720835 0 1 0 -0.0720835 0 0.997399  -0.0709875 0 -0.129199 -0 -0.273123 0
32.56 22.6202 0 -0.182794 0.99759 0 0.0693796 0 1 0 -0.0693796 0 0.99759  -0.074513 0 -0.136544 -0 -0.270202 0
32.57 22.6195 0 -0.184136 0.997774 0 0.0666927 0 1 0 -0.0666927 0 0.997774  -0.0754776 0 -0.135649 -0 -0.268262 0
32.58 22.6187 0 -0.185526 0.997948 0 0.0640296 0 1 0 -0.0640296 0 0.997948  -0.0775777 0 -0.140043 0 -0.265808 0
32.59 22.6179 0 -0.18693 0.998114 0 0.0613894 0 1 0 -0.0613894 0 0.998114  -0.0792488 0 -0.141759 0 -0.263359 0
32.6 22.6171 0 -0.188352 0.998271 0 0.0587776 0 1 0 -0.0587776 0 0.998271  -0.0810764 0 -0.143139 -0 -0.260387 0
32.61 22.6163 0 -0.189815 0.99842 0 0.0561912 0 1 0 -0.0561912 0 0.99842  -0.0828902 0 -0.147696 0 -0.257722 0
32.62 22.6155 0 -0.191292 0.998561 0 0.0536283 0 1 0 -0.0536283 0 0.998561  -0.0840673 0 -0.149031 0 -0.255402 0
32.63 22.6146 0 -0.192792 0.998694 0 0.0510977 0 1 0 -0.0510977 0 0.998694  -0.0856627 0 -0.151038 0 -0.252075 0
32.64 22.6138 0 -0.194311 0.998818 0 0.0485997 0 1 0 -0.0485997 0 0.998818  -0.0872918 0 -0.152952 0 -0.248516 0
32.65 22.6129 0 -0.195851 0.998935 0 0.0461322 0 1 0 -0.0461322 0 0.998935  -0.0887309 0 -0.154992 0 -0.245389 0
32.66 22.612 0 -0.197402 0.999045 0 0.0437009 0 1 0 -0.0437009 0 0.999045  -0.0900782 0 -0.155929 0 -0.241737 0
32.67 22.6111 0 -0.198966 0.999146 0 0.0413079 0 1 0 -0.0413079 0 0.999146  -0.0912602 0 -0.156978 0 -0.237684 0
32.68 22.6102 0 -0.200542 0.999241 0 0.0389539 0 1 0 -0.0389539 0 0.999241  -0.0927499 0 -0.158208 0 -0.233653 0
32.69 22.6092 0 -0.202138 0.999329 0 0.0366378 0 1 0 -0.0366378 0 0.999329  -0.0936189 0 -0.160349 0 -0.229842 0
32.7 22.6083 0 -0.203747 0.99941 0 0.0343598 0 1 0 -0.0343598 0 0.99941  -0.094457 0 -0.161779 -0 -0.226036 0
32.71 22.6073 0 -0.205384 0.999484 0 0.0321208 0 1 0 -0.0321208 0 0.999484  -0.0958756 0 -0.164635 0 -0.222161 0
32.72 22.6064 0 -0.206967 0.999552 0 0.0299271 0 1 0 -0.0299271 0 0.999552  -0.0954158 0 -0.157895 -0 -0.217399 0
32.73 22.6054 0 -0.208662 0.999614 0 0.0277846 0 1 0 -0.0277846 0 0.999614  -0.0987606 0 -0.170316 -0 -0.211925 0
32.74 22.6044 0 -0.210267 0.99967 0 0.0256711 0 1 0 -0.0256711 0 0.99967  -0.0967628 0 -0.16135 0 -0.209318 0
32.75 22.6034 0 -0.211957 0.999721 0 0.0236185 0 1 0 -0.0236185 0 0.999721  -0.0994162 0 -0.169106 0 -0.203188 0
32.76 22.6025 0 -0.213623 0.999767 0 0.021606 0 1 0 -0.021606 0 0.999767  -0.0991143 0 -0.167682 0 -0.198871 0
32.77 22.6015 0 -0.215288 0.999807 0 0.019643 0 1 0 -0.019643 0 0.999807  -0.0995137 0 -0.166447 0 -0.194031 0
32.78 22.6005 0 -0.216995 0.999843 0 0.0177362 0 1 0 -0.0177362 0 0.999843  -0.101196 0 -0.171189 0 -0.188154 0
32.79 22.5995 0 -0.218661 0.999874 0 0.0158746 0 1 0 -0.0158746 0 0.999874  -0.100312 0 -0.166819 0 -0.18361 0
32.8 22.5984 0 -0.22037 0.999901 0 0.0140713 0 1 0 -0.0140713 0 0.999901  -0.101233 0 -0.171005 -0 -0.177735 0
32.81 22.5974 0 -0.222073 0.999924 0 0.0123179 0 1 0 -0.0123179 0 0.999924  -0.101502 0 -0.170973 -0 -0.172651 0
32.82 22.5964 0 -0.223768 0.999944 0 0.0106169 0 1 0 -0.0106169 0 0.999944  -0.101098 0 -0.169461 0 -0.167488 0
32.83 22.5954 0 -0.225494 0.99996 0 0.00897505 0 1 0 -0.00897505 0 0.99996  -0.101937 0 -0.172915 0 -0.161438 0
32.84 22.5944 0 -0.227182 0.999973 0 0.00738496 0 1 0 -0.00738496 0 0.999973  -0.101042 0 -0.168833 0 -0.156254 0
32.85 22.5934 0 -0.228908 0.999983 0 0.00585716 0 1 0 -0.00585716 0 0.999983  -0.101867 0 -0.172618 0 -0.149987 0
32.86 22.5924 0 -0.230611 0.99999 0 0.0043833 0 1 0 -0.0043833 0 0.99999  -0.101356 0 -0.170562 0 -0.144483 0
32.87 22.5913 0 -0.232327 0.999996 0 0.0029687 0 1 0 -0.0029687 0 0.999996  -0.101487 0 -0.17142 0 -0.138605 0
32.88 22.5903 0 -0.234071 0.999999 0 0.00160929 0 1 0 -0.00160929 0 0.999999  -0.101607 0 -0.17527 0 -0.133146 0
32.89 22.5893 0 -0.235775 1 0 0.000304819 0 1 0 -0.000304819 0 1  -0.0999673 0 -0.170541 0 -0.127679 0
32.9 22.5883 0 -0.237519 1 0 -0.000931513 0 1 0 0.000931513 0 1  -0.101008 0 -0.174332 0 -0.12057 0
32.91 22.5873 0 -0.239229 0.999998 0 -0.00211116 0 1 0 0.00211116 0 0.999998  -0.0999254 0 -0.171061 0 -0.11477 0
32.92 22.5863 0 -0.240938 0.999995 0 -0.00322427 0 1 0 0.00322427 0 0.999995  -0.0996953 0 -0.17034 0 -0.108173 0
32.93 22.5853 0 -0.242635 0.999991 0 -0.00427012 0 1 0 0.00427012 0 0.999991  -0.0991833 0 -0.169195 0 -0.101303 0
32.94 22.5843 0 -0.244314 0.999986 0 -0.00525008 0 1 0 0.00525008 0 0.999986  -0.0983596 0 -0.1672 0 -0.0946288 0
32.95 22.5833 0 -0.245987 0.999981 0 -0.00616187 0 1 0 0.00616187 0 0.999981  -0.0979665 0 -0.166676 0 -0.0878295 0
32.96 22.5824 0 -0.247639 0.999975 0 -0.0070068 0 1 0 0.0070068 0 0.999975  -0.0970649 0 -0.164512 0 -0.0811734 0
32.97 22.5814 0 -0.249278 0.99997 0 -0.00778258 0 1 0 0.00778258 0 0.99997  -0.096436 0 -0.163131 0 -0.0742189 0
32.98 22.5804 0 -0.250901 0.999964 0 -0.00848918 0 1 0 0.00848918 0 0.999964  -0.0959009 0 -0.161589 0 -0.0672409 -0
32.99 22.5795 0 -0.252505 0.999958 0 -0.0091279 0 1 0 0.0091279 0 0.999958  -0.0947537 0 -0.159577 0 -0.0604701 -0
33 22.5785 0 -0.254095 0.999953 0 -0.00969652 0 1 0 0.00969652 0 0.999953  -0.0939415 0 -0.158189 0 -0.0534604 0
33.01 22.5776 0 -0.255658 0.999948 0 -0.010195 0 1 0 0.010195 0 0.999948  -0.0930564 0 -0.155372 0 -0.0463661 0
33.02 22.5767 0 -0.257205 0.999944 0 -0.0106227 0 1 0 0.0106227 0 0.999944  -0.0919506 0 -0.153598 0 -0.0392464 0
33.03 22.5758 0 -0.258729 0.99994 0 -0.0109793 0 1 0 0.0109793 0 0.99994  -0.0909256 0 -0.151433 0 -0.0321633 0
33.04 22.5749 0 -0.260224 0.999937 0 -0.0112654 0 1 0 0.0112654 0 0.999937  -0.0897536 0 -0.148212 0 -0.0251148 0
33.05 22.574 0 -0.261707 0.999934 0 -0.0114799 0 1 0 0.0114799 0 0.999934  -0.0887023 0 -0.147263 0 -0.0179289 0
33.06 22.5731 0 -0.263152 0.999932 0 -0.0116256 0 1 0 0.0116256 0 0.999932  -0.0870396 0 -0.143313 0 -0.0110702 0
33.07 22.5722 0 -0.264582 0.999932 0 -0.0116987 0 1 0 0.0116987 0 0.999932  -0.0863472 0 -0.141718 0 -0.00380553 0
33.08 22.5714 0 -0.265983 0.999932 0 -0.0117026 0 1 0 0.0117026 0 0.999932  -0.0847543 0 -0.138928 0 0.00310615 0
33.09 22.5705 0 -0.267366 0.999932 0 -0.0116345 0 1 0 0.0116345 0 0.999932  -0.0831898 0 -0.137212 0 0.0103263 0
33.1 22.5697 0 -0.268725 0.999934 0 -0.0114971 0 1 0 0.0114971 0 0.999934  -0.0818997 0 -0.135043 0 0.0172876 0
33.11 22.5689 0 -0.270058 0.999936 0 -0.0112896 0 1 0 0.0112896 0 0.999936  -0.0801711 0 -0.132309 0 0.0242513 0
33.12 22.5681 0 -0.271375 0.999939 0 -0.0110113 0 1 0 0.0110113 0 0.999939  -0.0783781 0 -0.130674 0 0.0313612 0
33.13 22.5673 0 -0.272667 0.999943 0 -0.0106631 0 1 0 0.0106631 0 0.999943  -0.0770716 0 -0.128246 0 0.0383549 0
33.14 22.5666 0 -0.273931 0.999948 0 -0.0102449 0 1 0 0.0102449 0 0.999948  -0.0749715 0 -0.125162 0 0.0453198 0
33.15 22.5658 0 -0.275175 0.999952 0 -0.00975404 0 1 0 0.00975404 0 0.999952  -0.0732856 0 -0.123315 0 0.0526092 0
33.16 22.5651 0 -0.276385 0.999958 0 -0.00919439 0 1 0 0.00919439 0 0.999958  -0.0712961 0 -0.119696 0 0.0595231 0
33.17 22.5644 0 -0.277579 0.999963 0 -0.0085614 0 1 0 0.0085614 0 0.999963  -0.0699055 0 -0.118162 0 0.0668841 0
33.18 22.5637 0 -0.278736 0.999969 0 -0.00786035 0 1 0 0.00786035 0 0.999969  -0.0673144 0 -0.114528 0 0.0736596 0
33.19 22.563 0 -0.279871 0.999975 0 -0.00708714 0 1 0 0.00708714 0 0.999975  -0.0655066 0 -0.112287 0 0.0808566 0
33.2 22.5624 0 -0.280981 0.999981 0 -0.00624152 0 1 0 0.00624152 0 0.999981  -0.0634621 0 -0.109896 0 0.0881581 0
33.21 22.5618 0 -0.28205 0.999986 0 -0.00532872 0 1 0 0.00532872 0 0.999986  -0.0609818 0 -0.105453 0 0.0948027 0
33.22 22.5612 0 -0.283107 0.999991 0 -0.0043409 0 1 0 0.0043409 0 0.999991  -0.0592253 0 -0.104352 0 0.102349 0
33.23 22.5606 0 -0.284106 0.999995 0 -0.00329177 0 1 0 0.00329177 0 0.999995  -0.0567442 0 -0.0982647 0 0.108358 0
33.24 22.56 0 -0.285097 0.999998 0 -0.00216908 0 1 0 0.00216908 0 0.999998  -0.0551275 0 -0.0973604 0 0.115624 0
33.25 22.5595 0 -0.286034 1 0 -0.000981971 0 1 0 0.000981971 0 1  -0.0525758 0 -0.0921984 0 0.122141 0
33.26 22.559 0 -0.286946 1 0 0.00027292 0 1 0 -0.00027292 0 1  -0.0505822 0 -0.0893181 0 0.128846 0
33.27 22.5585 0 -0.287822 0.999999 0 0.0015931 0 1 0 -0.0015931 0 0.999999  -0.0484308 0 -0.0858927 0 0.135336 0
33.28 22.558 0 -0.288653 0.999996 0 0.00297674 0 1 0 -0.00297674 0 0.999996  -0.0460476 0 -0.0812844 0 0.141558 0
33.29 22.5576 0 -0.289453 0.99999 0 0.00442419 0 1 0 -0.00442419 0 0.99999  -0.0443251 0 -0.0779845 0 0.147885 0
33.3 22.5571 0 -0.290209 0.999982 0 0.00593056 0 1 0 -0.00593056 0 0.999982  -0.0420583 0 -0.0736951 0 0.15373 0
33.31 22.5567 0 -0.290931 0.999972 0 0.00749795 0 1 0 -0.00749795 0 0.999972  -0.0398906 0 -0.0702925 0 0.159743 0
33.32 22.5563 0 -0.291607 0.999958 0 0.00912216 0 1 0 -0.00912216 0 0.999958  -0.0375194 0 -0.0656349 0 0.165345 0
33.33 22.556 0 -0.292251 0.999942 0 0.0108033 0 1 0 -0.0108033 0 0.999942  -0.035523 0 -0.062455 0 0.170961 0
33.34 22.5556 0 -0.292853 0.999921 0 0.0125409 0 1 0 -0.0125409 0 0.999921  -0.0330214 0 -0.058403 0 0.17659 0
33.35 22.5553 0 -0.293417 0.999897 0 0.0143326 0 1 0 -0.0143326 0 0.999897  -0.030955 0 -0.054535 0 0.181988 0
33.36 22.555 0 -0.293939 0.999869 0 0.016177 0 1 0 -0.016177 0 0.999869  -0.0286563 0 -0.0501025 0 0.187145 0
33.37 22.5547 0 -0.294426 0.999837 0 0.0180754 0 1 0 -0.0180754 0 0.999837  -0.0267664 0 -0.0467972 0 0.192489 0
33.38 22.5545 0 -0.294869 0.9998 0 0.0200226 0 1 0 -0.0200226 0 0.9998  -0.0240173 0 -0.0423123 0 0.19729 0
33.39 22.5543 0 -0.295276 0.999757 0 0.0220218 0 1 0 -0.0220218 0 0.999757  -0.0219102 0 -0.038728 0 0.202445 0
33.4 22.554 0 -0.295646 0.99971 0 0.0240691 0 1 0 -0.0240691 0 0.99971  -0.0195566 0 -0.0350989 0 0.207281 0
33.41 22.5539 0 -0.295967 0.999658 0 0.0261626 0 1 0 -0.0261626 0 0.999658  -0.0174775 0 -0.0299431 0 0.211829 0
33.42 22.5537 0 -0.296262 0.999599 0 0.0283042 0 1 0 -0.0283042 0 0.999599  -0.0154036 0 -0.0274164 0 0.216566 0
33.43 22.5536 0 -0.296506 0.999535 0 0.0304886 0 1 0 -0.0304886 0 0.999535  -0.0127972 0 -0.0223695 0 0.220816 0
33.44 22.5534 0 -0.296716 0.999465 0 0.0327184 0 1 0 -0.0327184 0 0.999465  -0.0111129 0 -0.0188735 0 0.225296 0
33.45 22.5533 0 -0.296883 0.999388 0 0.0349889 0 1 0 -0.0349889 0 0.999388  -0.00851207 0 -0.0145797 0 0.229311 0
33.46 22.5533 0 -0.297016 0.999304 0 0.0373008 0 1 0 -0.0373008 0 0.999304  -0.00642793 0 -0.0112761 0 0.233389 0
33.47 22.5532 0 -0.297099 0.999214 0 0.0396486 0 1 0 -0.0396486 0 0.999214  -0.00399242 0 -0.00628411 0 0.236918 0
33.48 22.5532 0 -0.297152 0.999116 0 0.0420378 0 1 0 -0.0420378 0 0.999116  -0.00199926 0 -0.0032658 0 0.241068 0
33.49 22.5532 0 -0.297151 0.999011 0 0.0444621 0 1 0 -0.0444621 0 0.999011  0.000565113 -0 0.00220404 0 0.244568 0
33.5 22.5532 0 -0.29712 0.998899 0 0.0469228 0 1 0 -0.0469228 0 0.998899  0.00262748 -0 0.00530479 0 0.248146 0
33.51 22.5532 0 -0.297036 0.998778 0 0.0494174 0 1 0 -0.0494174 0 0.998778  0.0049635 -0 0.0105909 0 0.251495 0
33.52 22.5533 0 -0.296907 0.99865 0 0.0519474 0 1 0 -0.0519474 0 0.99865  0.00709153 -0 0.015277 0 0.255059 0
33.53 22.5534 0 -0.296742 0.998513 0 0.0545096 0 1 0 -0.0545096 0 0.998513  0.00904242 0 0.0185687 0 0.258319 0
33.54 22.5535 0 -0.296528 0.998368 0 0.0570997 0 1 0 -0.0570997 0 0.998368  0.0119424 0 0.0235906 0 0.261035 0
33.55 22.5536 0 -0.296277 0.998215 0 0.059722 0 1 0 -0.059722 0 0.998215  0.0136215 0 0.027269 0 0.26421 0
33.56 22.5538 0 -0.295987 0.998053 0 0.0623719 0 1 0 -0.0623719 0 0.998053  0.0160023 -0 0.031028 0 0.266972 0
33.57 22.5539 0 -0.295645 0.997882 0 0.0650451 0 1 0 -0.0650451 0 0.997882  0.0185334 0 0.0362796 0 0.269181 0
33.58 22.5541 0 -0.295285 0.997703 0 0.0677474 0 1 0 -0.0677474 0 0.997703  0.0199653 0 0.0379036 0 0.272163 0
33.59 22.5543 0 -0.294872 0.997514 0 0.070469 0 1 0 -0.070469 0 0.997514  0.022946 -0 0.0430186 0 0.274092 0
33.6 22.5546 0 -0.294433 0.997316 0 0.0732129 0 1 0 -0.0732129 0 0.997316  0.0249196 -0 0.0457761 0 0.276178 0
33.61 22.5548 0 -0.293938 0.99711 0 0.075976 0 1 0 -0.075976 0 0.99711  0.027411 0 0.0514473 0 0.278085 0
33.62 22.5551 0 -0.29343 0.996894 0 0.0787611 0 1 0 -0.0787611 0 0.996894  0.0284922 0 0.0526582 0 0.280406 0
33.63 22.5554 0 -0.292872 0.996668 0 0.0815593 0 1 0 -0.0815593 0 0.996668  0.0311982 -0 0.0573386 0 0.281675 0
33.64 22.5557 0 -0.292262 0.996434 0 0.084376 0 1 0 -0.084376 0 0.996434  0.0341113 0 0.0633964 0 0.283464 0
33.65 22.5561 0 -0.29167 0.99619 0 0.0872093 0 1 0 -0.0872093 0 0.99619  0.0345148 -0 0.060582 0 0.28529 0
33.66 22.5565 0 -0.290956 0.995937 0 0.0900498 0 1 0 -0.0900498 0 0.995937  0.0393636 -0 0.0734991 0 0.285872 0
33.67 22.5568 0 -0.290314 0.995674 0 0.0929108 0 1 0 -0.0929108 0 0.995674  0.0382636 -0 0.06577 0 0.287943 0
33.68 22.5573 0 -0.289543 0.995404 0 0.0957693 0 1 0 -0.0957693 0 0.995404  0.0435574 0 0.0785497 0 0.287661 0
33.69 22.5577 0 -0.288806 0.995123 0 0.0986463 0 1 0 -0.0986463 0 0.995123  0.0434015 -0 0.0758469 0 0.289547 0
33.7 22.5581 0 -0.288009 0.994833 0 0.101524 0 1 0 -0.101524 0 0.994833  0.0463309 -0 0.0808994 0 0.289758 0
33.71 22.5586 0 -0.287174 0.994535 0 0.104407 0 1 0 -0.104407 0 0.994535  0.0488696 -0 0.0855467 0 0.290163 0
33.72 22.5591 0 -0.286341 0.994227 0 0.107299 0 1 0 -0.107299 0 0.994227  0.0495227 -0 0.0845819 0 0.291098 0
33.73 22.5596 0 -0.285434 0.993911 0 0.110185 0 1 0 -0.110185 0 0.993911  0.0534785 -0 0.0923058 0 0.290541 0
33.74 22.5602 0 -0.28454 0.993586 0 0.113076 0 1 0 -0.113076 0 0.993586  0.0536616 0 0.0910046 0 0.29106 0
33.75 22.5607 0 -0.283589 0.993253 0 0.115964 0 1 0 -0.115964 0 0.993253  0.0564929 -0 0.0962859 0 0.290708 0
33.76 22.5613 0 -0.282626 0.992912 0 0.118849 0 1 0 -0.118849 0 0.992912  0.0579824 0 0.0978201 0 0.290376 0
33.77 22.5619 0 -0.281631 0.992563 0 0.121731 0 1 0 -0.121731 0 0.992563  0.0598644 -0 0.100796 0 0.290162 0
33.78 22.5625 0 -0.280604 0.992207 0 0.124604 0 1 0 -0.124604 0 0.992207  0.0622394 -0 0.104153 0 0.289287 0
33.79 22.5631 0 -0.279553 0.991842 0 0.127475 0 1 0 -0.127475 0 0.991842  0.0635447 -0 0.106518 0 0.289197 0
33.8 22.5638 0 -0.278482 0.99147 0 0.130334 0 1 0 -0.130334 0 0.99147  0.0653094 0 0.108289 0 0.288058 0
33.81 22.5644 0 -0.277373 0.991091 0 0.133184 0 1 0 -0.133184 0 0.991091  0.0674885 0 0.112192 0 0.286949 0
33.82 22.5651 0 -0.27626 0.990706 0 0.136023 0 1 0 -0.136023 0 0.990706  0.0686239 0 0.112486 0 0.286023 0
33.83 22.5658 0 -0.275106 0.990314 0 0.138847 0 1 0 -0.138847 0 0.990314  0.0708889 0 0.116512 0 0.284576 0
33.84 22.5665 0 -0.273942 0.989916 0 0.141659 0 1 0 -0.141659 0 0.989916  0.0721557 -0 0.117672 0 0.28334 0
33.85 22.5672 0 -0.272753 0.989512 0 0.144453 0 1 0 -0.144453 0 0.989512  0.0739349 0 0.119938 0 0.281686 0
33.86 22.568 0 -0.271528 0.989102 0 0.147232 0 1 0 -0.147232 0 0.989102  0.0761044 0 0.123895 0 0.280162 0
33.87 22.5688 0 -0.2703 0.988687 0 0.149996 0 1 0 -0.149996 0 0.988687  0.0767829 0 0.124028 0 0.278774 0
33.88 22.5695 0 -0.269013 0.988266 0 0.152741 0 1 0 -0.152741 0 0.988266  0.0794085 0 0.130061 0 0.276903 0
33.89 22.5703 0 -0.267752 0.987842 0 0.155464 0 1 0 -0.155464 0 0.987842  0.0796409 0 0.127191 0 0.274644 0
33.9 22.5712 0 -0.266422 0.987413 0 0.158165 0 1 0 -0.158165 0 0.987413  0.0829545 0 0.134023 0 0.272324 0
33.91 22.572 0 -0.265088 0.986979 0 0.160851 0 1 0 -0.160851 0 0.986979  0.0831712 0 0.135203 0 0.271176 0
33.92 22.5728 0 -0.263744 0.986542 0 0.163508 0 1 0 -0.163508 0 0.986542  0.0846089 0 0.135125 0 0.268347 0
33.93 22.5737 0 -0.262366 0.986103 0 0.166134 0 1 0 -0.166134 0 0.986103  0.0870662 0 0.138552 0 0.264749 0
33.94 22.5745 0 -0.260979 0.985661 0 0.168737 0 1 0 -0.168737 0 0.985661  0.0876911 0 0.139742 0 0.262702 0
33.95 22.5754 0 -0.259589 0.985218 0 0.171308 0 1 0 -0.171308 0 0.985218  0.0887543 -0 0.139507 0 0.259536 0
33.96 22.5763 0 -0.258156 0.984773 0 0.173846 0 1 0 -0.173846 0 0.984773  0.0914354 0 0.144159 0 0.256069 0
33.97 22.5772 0 -0.256744 0.984326 0 0.176357 0 1 0 -0.176357 0 0.984326  0.091178 0 0.141997 0 0.253458 0
33.98 22.5782 0 -0.255297 0.98388 0 0.178828 0 1 0 -0.178828 0 0.98388  0.0933467 0 0.145099 0 0.249442 0
33.99 22.5791 0 -0.253779 0.983432 0 0.181276 0 1 0 -0.181276 0 0.983432  0.0962551 0 0.154504 0 0.247303 0
34 22.58 0 -0.252347 0.982983 0 0.183695 0 1 0 -0.183695 0 0.982983  0.0930949 0 0.14435 0 0.244702 0
34.01 22.581 0 -0.250877 0.98254 0 0.18605 0 1 0 -0.18605 0 0.98254  0.0967113 0 0.146033 0 0.237448 0
34.02 22.582 0 -0.249367 0.982097 0 0.188374 0 1 0 -0.188374 0 0.982097  0.0994123 0 0.151928 0 0.234119 0
34.03 22.583 0 -0.247921 0.981654 0 0.190669 0 1 0 -0.190669 0 0.981654  0.0965911 0 0.144739 0 0.232052 0
34.04 22.584 0 -0.246396 0.981218 0 0.192904 0 1 0 -0.192904 0 0.981218  0.101161 0 0.152716 0 0.225771 0
34.05 22.585 0 -0.244908 0.980782 0 0.195108 0 1 0 -0.195108 0 0.980782  0.100211 0 0.149799 0 0.222422 0
34.06 22.586 0 -0.243382 0.980349 0 0.19727 0 1 0 -0.19727 0 0.980349  0.101599 0 0.152912 0 0.218558 0
34.07 22.587 0 -0.241876 0.979922 0 0.199383 0 1 0 -0.199383 0 0.979922  0.102192 0 0.15093 0 0.2134 0
34.08 22.588 0 -0.240334 0.979498 0 0.201452 0 1 0 -0.201452 0 0.979498  0.104123 0 0.154765 0 0.208905 0
34.09 22.5891 0 -0.238814 0.97908 0 0.203478 0 1 0 -0.203478 0 0.97908  0.103608 -0 0.152495 0 0.204631 0
34.1 22.5901 0 -0.237254 0.978667 0 0.205454 0 1 0 -0.205454 0 0.978667  0.105778 -0 0.156564 0 0.199629 0
34.11 22.5912 0 -0.235709 0.978259 0 0.207386 0 1 0 -0.207386 0 0.978259  0.105663 0 0.155306 0 0.19505 0
34.12 22.5922 0 -0.234141 0.977858 0 0.209269 0 1 0 -0.209269 0 0.977858  0.106828 0 0.157084 0 0.190151 0
34.13 22.5933 0 -0.232578 0.977464 0 0.2111 0 1 0 -0.2111 0 0.977464  0.107544 0 0.156661 0 0.184755 0
34.14 22.5944 0 -0.231004 0.977078 0 0.212881 0 1 0 -0.212881 0 0.977078  0.108452 0 0.157695 0 0.179666 0
34.15 22.5955 0 -0.229463 0.9767 0 0.21461 0 1 0 -0.21461 0 0.9767  0.108152 0 0.153673 0 0.174337 0
34.16 22.5966 0 -0.227871 0.976331 0 0.21628 0 1 0 -0.21628 0 0.976331  0.111036 0 0.159414 0 0.168239 0
34.17 22.5976 0 -0.226329 0.975971 0 0.217903 0 1 0 -0.217903 0 0.975971  0.108914 0 0.154383 0 0.163517 0
34.18 22.5988 0 -0.224732 0.97562 0 0.219465 0 1 0 -0.219465 0 0.97562  0.111692 0 0.16 0 0.157441 0
34.19 22.5999 0 -0.223178 0.975279 0 0.220978 0 1 0 -0.220978 0 0.975279  0.110569 0 0.155634 0 0.15229 0
34.2 22.601 0 -0.22161 0.97495 0 0.222426 0 1 0 -0.222426 0 0.97495  0.111713 0 0.156313 0 0.145656 0
34.21 22.6021 0 -0.22003 0.974631 0 0.223819 0 1 0 -0.223819 0 0.974631  0.113109 0 0.158358 0 0.139839 0
34.22 22.6032 0 -0.218486 0.974322 0 0.225159 0 1 0 -0.225159 0 0.974322  0.1116 0 0.154542 0 0.134654 0
34.23 22.6044 0 -0.216897 0.974027 0 0.226432 0 1 0 -0.226432 0 0.974027  0.114258 0 0.159112 0 0.127603 0
34.24 22.6055 0 -0.215365 0.973742 0 0.227655 0 1 0 -0.227655 0 0.973742  0.11153 0 0.152828 0 0.122564 0
34.25 22.6066 0 -0.2138 0.973471 0 0.228809 0 1 0 -0.228809 0 0.973471  0.113428 -0 0.155845 0 0.115522 0
34.26 22.6077 0 -0.212257 0.973213 0 0.229907 0 1 0 -0.229907 0 0.973213  0.113454 0 0.154354 0 0.109588 0
34.27 22.6089 0 -0.210739 0.972967 0 0.230945 0 1 0 -0.230945 0 0.972967  0.112535 0 0.151158 0 0.103714 0
34.28 22.61 0 -0.209185 0.972736 0 0.231915 0 1 0 -0.231915 0 0.972736  0.114773 0 0.155344 0 0.0964466 0
34.29 22.6111 0 -0.20771 0.972518 0 0.232829 0 1 0 -0.232829 0 0.972518  0.111811 0 0.146976 0 0.090757 0
34.3 22.6123 0 -0.206181 0.972316 0 0.233671 0 1 0 -0.233671 0 0.972316  0.114921 0 0.152256 0 0.0833985 0
34.31 22.6134 0 -0.204705 0.972126 0 0.234458 0 1 0 -0.234458 0 0.972126  0.112719 0 0.147357 0 0.0776062 0
34.32 22.6145 0 -0.20322 0.971953 0 0.235177 0 1 0 -0.235177 0 0.971953  0.113487 0 0.147713 0 0.0707475 0
34.33 22.6157 0 -0.201754 0.971794 0 0.235832 0 1 0 -0.235832 0 0.971794  0.113239 0 0.146371 0 0.064047 0
34.34 22.6168 0 -0.200299 0.97165 0 0.236424 0 1 0 -0.236424 0 0.97165  0.11288 0 0.144792 0 0.0576829 0
34.35 22.6179 0 -0.198865 0.971521 0 0.236953 0 1 0 -0.236953 0 0.971521  0.112573 0 0.142603 0 0.0511731 0
34.36 22.6191 0 -0.197435 0.971409 0 0.237414 0 1 0 -0.237414 0 0.971409  0.113089 0 0.142303 0 0.044123 0
34.37 22.6202 0 -0.196032 0.971311 0 0.237814 0 1 0 -0.237814 0 0.971311  0.111565 0 0.139527 0 0.0378335 0
34.38 22.6213 0 -0.194624 0.97123 0 0.238145 0 1 0 -0.238145 0 0.97123  0.112322 0 0.140457 0 0.0307372 0
34.39 22.6224 0 -0.193246 0.971163 0 0.238416 0 1 0 -0.238416 0 0.971163  0.110667 0 0.137469 0 0.0246118 0
34.4 22.6235 0 -0.19189 0.971113 0 0.23862 0 1 0 -0.23862 0 0.971113  0.110437 0 0.13428 0 0.0176556 0
34.41 22.6246 0 -0.190534 0.97108 0 0.238756 0 1 0 -0.238756 0 0.97108  0.110965 0 0.134622 0 0.0105913 0
34.42 22.6257 0 -0.1892 0.971061 0 0.238831 0 1 0 -0.238831 0 0.971061  0.10912 0 0.132908 0 0.00439248 0
34.43 22.6268 0 -0.187899 0.971059 0 0.238841 0 1 0 -0.238841 0 0.971059  0.107968 0 0.129087 0 -0.00228216 0
34.44 22.6279 0 -0.186575 0.971074 0 0.238777 0 1 0 -0.238777 0 0.971074  0.10973 0 0.132089 0 -0.0101213 0
34.45 22.629 0 -0.185309 0.971104 0 0.238657 0 1 0 -0.238657 0 0.971104  0.106073 0 0.126623 0 -0.0158042 0
34.46 22.63 0 -0.184018 0.97115 0 0.238467 0 1 0 -0.238467 0 0.97115  0.106547 0 0.128522 0 -0.0229088 0
34.47 22.6311 0 -0.1828 0.971211 0 0.23822 0 1 0 -0.23822 0 0.971211  0.104097 0 0.120347 0 -0.0288698 0
34.48 22.6322 0 -0.181554 0.971291 0 0.237893 0 1 0 -0.237893 0 0.971291  0.107089 -0 0.123281 0 -0.0370478 0
34.49 22.6332 0 -0.180368 0.971384 0 0.237513 0 1 0 -0.237513 0 0.971384  0.102596 -0 0.117727 0 -0.0424753 0
34.5 22.6342 0 -0.179184 0.971495 0 0.237061 0 1 0 -0.237061 0 0.971495  0.102879 -0 0.117194 0 -0.0496612 0
34.51 22.6352 0 -0.178027 0.97162 0 0.236547 0 1 0 -0.236547 0 0.97162  0.101877 0 0.11484 0 -0.0562421 0
34.52 22.6363 0 -0.176897 0.971761 0 0.235967 0 1 0 -0.235967 0 0.971761  0.100063 -0 0.113648 0 -0.0633791 0
34.53 22.6373 0 -0.175752 0.971919 0 0.235317 0 1 0 -0.235317 0 0.971919  0.100792 -0 0.113826 0 -0.0702803 0
34.54 22.6382 0 -0.17473 0.972086 0 0.234624 0 1 0 -0.234624 0 0.972086  0.0933036 -0 0.0971818 0 -0.0738007 0
34.55 22.6392 0 -0.173565 0.972276 0 0.233836 0 1 0 -0.233836 0 0.972276  0.101059 -0 0.114975 0 -0.0841286 0
34.56 22.6402 0 -0.172579 0.972474 0 0.23301 0 1 0 -0.23301 0 0.972474  0.0927337 0 0.0989317 0 -0.0885309 0
34.57 22.6411 0 -0.171526 0.97269 0 0.232108 0 1 0 -0.232108 0 0.97269  0.0949081 0 0.103507 0 -0.0959507 0
34.58 22.642 0 -0.170541 0.972919 0 0.231147 0 1 0 -0.231147 0 0.972919  0.0925462 0 0.0984917 -0 -0.102165 0
34.59 22.643 0 -0.169563 0.973162 0 0.230122 0 1 0 -0.230122 0 0.973162  0.0914674 0 0.0961137 0 -0.108429 0
34.6 22.6439 0 -0.168637 0.973417 0 0.229041 0 1 0 -0.229041 0 0.973417  0.0873912 0 0.0903151 -0 -0.114045 0
34.61 22.6448 0 -0.167747 0.973683 0 0.227905 0 1 0 -0.227905 0 0.973683  0.0889744 0 0.0884498 0 -0.119804 0
34.62 22.6456 0 -0.166867 0.973964 0 0.226703 0 1 0 -0.226703 0 0.973964  0.0877311 0 0.0871647 -0 -0.126529 0
34.63 22.6465 0 -0.166088 0.974253 0 0.225458 0 1 0 -0.225458 0 0.974253  0.0817589 -0 0.0750719 0 -0.13051 0
34.64 22.6473 0 -0.165233 0.974558 0 0.224135 0 1 0 -0.224135 0 0.974558  0.0859573 0 0.0841617 0 -0.138673 0
34.65 22.6481 0 -0.164519 0.97487 0 0.222774 0 1 0 -0.222774 0 0.97487  0.079368 -0 0.0703881 0 -0.142646 0
34.66 22.6489 0 -0.163764 0.975196 0 0.221344 0 1 0 -0.221344 0 0.975196  0.0803115 0 0.0733433 0 -0.149521 0
34.67 22.6497 0 -0.163075 0.97553 0 0.219867 0 1 0 -0.219867 0 0.97553  0.0776807 -0 0.0678304 0 -0.154352 0
34.68 22.6505 0 -0.162425 0.975875 0 0.218332 0 1 0 -0.218332 0 0.975875  0.0747924 -0 0.0629798 -0 -0.160131 0
34.69 22.6512 0 -0.161776 0.97623 0 0.216739 0 1 0 -0.216739 0 0.97623  0.0744358 0 0.063486 0 -0.166014 0
34.7 22.652 0 -0.161199 0.976592 0 0.215101 0 1 0 -0.215101 0 0.976592  0.0706599 -0 0.0561078 0 -0.170423 0
34.71 22.6527 0 -0.160624 0.976964 0 0.213406 0 1 0 -0.213406 0 0.976964  0.0698528 -0 0.0562756 -0 -0.17625 0
34.72 22.6534 0 -0.160097 0.977343 0 0.211662 0 1 0 -0.211662 0 0.977343  0.0677463 -0 0.051506 0 -0.181055 0
34.73 22.654 0 -0.159624 0.977728 0 0.209874 0 1 0 -0.209874 0 0.977728  0.0642621 -0 0.0443564 0 -0.185159 0
34.74 22.6547 0 -0.159135 0.978123 0 0.208025 0 1 0 -0.208025 0 0.978123  0.0652087 -0 0.0472653 0 -0.191518 0
34.75 22.6553 0 -0.158734 0.978523 0 0.206139 0 1 0 -0.206139 0 0.978523  0.060134 0 0.038686 0 -0.195261 0
34.76 22.6559 0 -0.158324 0.978929 0 0.204199 0 1 0 -0.204199 0 0.978929  0.059313 -0 0.0393416 0 -0.200636 0
34.77 22.6565 0 -0.157965 0.979341 0 0.202214 0 1 0 -0.202214 0 0.979341  0.0563333 -0 0.0357683 0 -0.205425 0
34.78 22.657 0 -0.15763 0.979759 0 0.20018 0 1 0 -0.20018 0 0.979759  0.054066 -0 0.0327978 0 -0.2102 0
34.79 22.6575 0 -0.157338 0.98018 0 0.198109 0 1 0 -0.198109 0 0.98018  0.0504499 -0 0.0273218 0 -0.213557 0
34.8 22.658 0 -0.157059 0.980606 0 0.195988 0 1 0 -0.195988 0 0.980606  0.0495311 -0 0.0262086 0 -0.21846 0
34.81 22.6585 0 -0.156822 0.981036 0 0.193826 0 1 0 -0.193826 0 0.981036  0.0460433 -0 0.0223817 -0 -0.222562 0
34.82 22.659 0 -0.156651 0.981466 0 0.191638 0 1 0 -0.191638 0 0.981466  0.0434107 -0 0.0146268 0 -0.224831 0
34.83 22.6594 0 -0.156464 0.9819 0 0.189398 0 1 0 -0.189398 0 0.9819  0.043003 0 0.016939 0 -0.229984 0
34.84 22.6598 0 -0.156364 0.982336 0 0.187128 0 1 0 -0.187128 0 0.982336  0.0380478 0 0.00872283 0 -0.233149 0
34.85 22.6602 0 -0.156258 0.982774 0 0.184809 0 1 0 -0.184809 0 0.982774  0.0372282 0 0.00856386 0 -0.23802 0
34.86 22.6605 0 -0.156216 0.983213 0 0.182464 0 1 0 -0.182464 0 0.983213  0.0333056 -0 0.00190393 0 -0.240315 0
34.87 22.6609 0 -0.156185 0.983653 0 0.180076 0 1 0 -0.180076 0 0.983653  0.0317269 -0 0.00132963 0 -0.244424 0
34.88 22.6612 0 -0.156211 0.984091 0 0.177665 0 1 0 -0.177665 0 0.984091  0.0289327 0 -0.00414166 0 -0.246623 0
34.89 22.6614 0 -0.156256 0.98453 0 0.175216 0 1 0 -0.175216 0 0.98453  0.0263318 0 -0.00617665 0 -0.25028 0
34.9 22.6617 0 -0.156352 0.984968 0 0.172737 0 1 0 -0.172737 0 0.984968  0.0233169 0 -0.0112592 0 -0.253399 0
34.91 22.6619 0 -0.156471 0.985405 0 0.170225 0 1 0 -0.170225 0 0.985405  0.0211732 0 -0.0136196 0 -0.256449 0
34.92 22.6621 0 -0.156638 0.985841 0 0.167685 0 1 0 -0.167685 0 0.985841  0.0179398 0 -0.0184088 0 -0.259213 0
34.93 22.6623 0 -0.156817 0.986274 0 0.165117 0 1 0 -0.165117 0 0.986274  0.0159163 0 -0.0180154 -0 -0.262057 0
34.94 22.6624 0 -0.157011 0.986706 0 0.162518 0 1 0 -0.162518 0 0.986706  0.0138036 0 -0.0200173 0 -0.264813 0
34.95 22.6625 0 -0.157317 0.987133 0 0.159903 0 1 0 -0.159903 0 0.987133  0.00682641 0 -0.0353658 0 -0.265803 0
34.96 22.6626 0 -0.157515 0.98756 0 0.157244 0 1 0 -0.157244 0 0.98756  0.0107501 0 -0.0216614 0 -0.270502 0
34.97 22.6627 0 -0.15787 0.98798 0 0.154585 0 1 0 -0.154585 0 0.98798  0.00303501 0 -0.0359949 0 -0.270433 0
34.98 22.6627 0 -0.158243 0.988396 0 0.151897 0 1 0 -0.151897 0 0.988396  0.00194692 0 -0.0407507 0 -0.272791 0
34.99 22.6627 0 -0.15859 0.98881 0 0.149179 0 1 0 -0.149179 0 0.98881  0.00201426 0 -0.0357308 0 -0.276185 0
35 22.6627 0 -0.159067 0.989217 0 0.146456 0 1 0 -0.146456 0 0.989217  -0.00469208 0 -0.0498465 0 -0.276171 0
35.01 22.6627 0 -0.159495 0.989621 0 0.143701 0 1 0 -0.143701 0 0.989621  -0.0052731 0 -0.0459682 0 -0.279152 0
35.02 22.6626 0 -0.160005 0.990018 0 0.140941 0 1 0 -0.140941 0 0.990018  -0.00844901 0 -0.0524475 0 -0.279704 0
35.03 22.6625 0 -0.160542 0.99041 0 0.138162 0 1 0 -0.138162 0 0.99041  -0.0106352 0 -0.0559094 -0 -0.281353 0
35.04 22.6624 0 -0.161106 0.990795 0 0.135369 0 1 0 -0.135369 0 0.990795  -0.0130418 0 -0.0579408 0 -0.282653 0
35.05 22.6622 0 -0.161709 0.991174 0 0.132569 0 1 0 -0.132569 0 0.991174  -0.0164212 0 -0.0617782 0 -0.283002 0
35.06 22.6621 0 -0.162357 0.991545 0 0.129764 0 1 0 -0.129764 0 0.991545  -0.018573 0 -0.0667517 -0 -0.283142 0
35.07 22.6619 0 -0.163004 0.99191 0 0.126943 0 1 0 -0.126943 0 0.99191  -0.0203189 0 -0.0658614 -0 -0.284801 0
35.08 22.6616 0 -0.16373 0.992267 0 0.124122 0 1 0 -0.124122 0 0.992267  -0.0246733 0 -0.0741471 -0 -0.284836 0
35.09 22.6614 0 -0.164439 0.992618 0 0.121285 0 1 0 -0.121285 0 0.992618  -0.0253621 0 -0.0722943 -0 -0.286148 0
35.1 22.6611 0 -0.165214 0.99296 0 0.11845 0 1 0 -0.11845 0 0.99296  -0.0293244 0 -0.0787827 -0 -0.285907 0
35.11 22.6608 0 -0.165995 0.993294 0 0.115612 0 1 0 -0.115612 0 0.993294  -0.030859 0 -0.0797806 -0 -0.28573 0
35.12 22.6605 0 -0.166812 0.993621 0 0.112767 0 1 0 -0.112767 0 0.993621  -0.0335025 0 -0.0830209 -0 -0.286529 0
35.13 22.6601 0 -0.167653 0.99394 0 0.109922 0 1 0 -0.109922 0 0.99394  -0.0364408 0 -0.0855578 -0 -0.286405 0
35.14 22.6598 0 -0.168515 0.99425 0 0.107081 0 1 0 -0.107081 0 0.99425  -0.0385876 0 -0.0875948 -0 -0.285664 0
35.15 22.6594 0 -0.169421 0.994552 0 0.104241 0 1 0 -0.104241 0 0.994552  -0.0413984 0 -0.0920759 -0 -0.285388 0
35.16 22.6589 0 -0.170335 0.994845 0 0.101405 0 1 0 -0.101405 0 0.994845  -0.0429373 0 -0.0925055 -0 -0.285042 0
35.17 22.6585 0 -0.171301 0.995129 0 0.0985776 0 1 0 -0.0985776 0 0.995129  -0.0466227 0 -0.0979977 -0 -0.283816 0
35.18 22.658 0 -0.172296 0.995406 0 0.0957482 0 1 0 -0.0957482 0 0.995406  -0.0483578 0 -0.101648 0 -0.283995 0
35.19 22.6575 0 -0.173302 0.995673 0 0.0929282 0 1 0 -0.0929282 0 0.995673  -0.0503537 0 -0.102066 0 -0.282999 0
35.2 22.657 0 -0.174327 0.995931 0 0.090124 0 1 0 -0.090124 0 0.995931  -0.0527205 0 -0.103206 0 -0.280972 0
35.21 22.6565 0 -0.175402 0.996179 0 0.0873302 0 1 0 -0.0873302 0 0.996179  -0.0560276 0 -0.108635 0 -0.279713 0
35.22 22.6559 0 -0.176475 0.99642 0 0.084544 0 1 0 -0.084544 0 0.99642  -0.0572226 0 -0.108368 0 -0.279092 0
35.23 22.6553 0 -0.17759 0.996651 0 0.0817786 0 1 0 -0.0817786 0 0.996651  -0.0597307 0 -0.112449 -0 -0.276809 0
35.24 22.6547 0 -0.178737 0.996873 0 0.0790266 0 1 0 -0.0790266 0 0.996873  -0.0622005 0 -0.116382 0 -0.275202 0
35.25 22.6541 0 -0.179892 0.997085 0 0.0762949 0 1 0 -0.0762949 0 0.997085  -0.0623497 0 -0.116551 -0 -0.27303 0
35.26 22.6534 0 -0.181123 0.997289 0 0.0735797 0 1 0 -0.0735797 0 0.997289  -0.0664282 0 -0.1247 -0 -0.271339 0
35.27 22.6528 0 -0.182325 0.997485 0 0.0708756 0 1 0 -0.0708756 0 0.997485  -0.066422 0 -0.121429 -0 -0.270424 0
35.28 22.6521 0 -0.183582 0.997671 0 0.0682036 0 1 0 -0.0682036 0 0.997671  -0.0696008 0 -0.126358 -0 -0.26682 0
35.29 22.6514 0 -0.184866 0.997849 0 0.0655497 0 1 0 -0.0655497 0 0.997849  -0.0708604 0 -0.129843 -0 -0.264638 0
35.3 22.6507 0 -0.186159 0.998019 0 0.0629121 0 1 0 -0.0629121 0 0.998019  -0.0720396 0 -0.130308 0 -0.263281 0
35.31 22.6499 0 -0.187492 0.99818 0 0.0603075 0 1 0 -0.0603075 0 0.99818  -0.0748359 0 -0.134424 0 -0.259833 0
35.32 22.6492 0 -0.188817 0.998332 0 0.0577302 0 1 0 -0.0577302 0 0.998332  -0.0758528 0 -0.133097 -0 -0.256705 0
35.33 22.6484 0 -0.190232 0.998477 0 0.0551777 0 1 0 -0.0551777 0 0.998477  -0.0788656 0 -0.142966 0 -0.254306 0
35.34 22.6476 0 -0.191605 0.998613 0 0.0526451 0 1 0 -0.0526451 0 0.998613  -0.0781597 0 -0.138699 0 -0.252524 0
35.35 22.6468 0 -0.19306 0.998742 0 0.0501506 0 1 0 -0.0501506 0 0.998742  -0.0814126 0 -0.146474 0 -0.24837 0
35.36 22.646 0 -0.1945 0.998863 0 0.0476807 0 1 0 -0.0476807 0 0.998863  -0.082195 0 -0.145479 -0 -0.245648 0
35.37 22.6452 0 -0.195983 0.998976 0 0.0452442 0 1 0 -0.0452442 0 0.998976  -0.0837978 0 -0.149235 0 -0.242399 0
35.38 22.6443 0 -0.197482 0.999082 0 0.0428412 0 1 0 -0.0428412 0 0.999082  -0.0849112 0 -0.151243 0 -0.238932 0
35.39 22.6435 0 -0.198991 0.999181 0 0.0404725 0 1 0 -0.0404725 0 0.999181  -0.085971 0 -0.151733 -0 -0.235391 0
35.4 22.6426 0 -0.200521 0.999272 0 0.038145 0 1 0 -0.038145 0 0.999272  -0.0877587 0 -0.153738 -0 -0.231072 0
35.41 22.6417 0 -0.202061 0.999357 0 0.0358536 0 1 0 -0.0358536 0 0.999357  -0.088128 0 -0.154752 -0 -0.227296 0
35.42 22.6409 0 -0.203634 0.999435 0 0.0336016 0 1 0 -0.0336016 0 0.999435  -0.0897765 0 -0.158264 0 -0.223391 0
35.43 22.64 0 -0.205197 0.999507 0 0.0313893 0 1 0 -0.0313893 0 0.999507  -0.0902412 0 -0.156983 0 -0.219428 0
35.44 22.639 0 -0.206792 0.999573 0 0.0292226 0 1 0 -0.0292226 0 0.999573  -0.0914485 0 -0.160101 -0 -0.214657 0
35.45 22.6381 0 -0.208396 0.999633 0 0.0270975 0 1 0 -0.0270975 0 0.999633  -0.0925925 0 -0.161267 -0 -0.210383 0
35.46 22.6372 0 -0.210005 0.999687 0 0.0250162 0 1 0 -0.0250162 0 0.999687  -0.0929363 0 -0.161396 -0 -0.206035 0
35.47 22.6363 0 -0.211641 0.999736 0 0.0229829 0 1 0 -0.0229829 0 0.999736  -0.0941857 0 -0.164223 -0 -0.201071 0
35.48 22.6353 0 -0.213266 0.99978 0 0.0209965 0 1 0 -0.0209965 0 0.99978  -0.0945932 0 -0.162945 -0 -0.19625 0
35.49 22.6344 0 -0.214915 0.999818 0 0.0190611 0 1 0 -0.0190611 0 0.999818  -0.0953272 0 -0.165144 -0 -0.191132 0
35.5 22.6334 0 -0.216559 0.999852 0 0.0171753 0 1 0 -0.0171753 0 0.999852  -0.0955029 0 -0.164879 -0 -0.186145 0
35.51 22.6325 0 -0.218213 0.999882 0 0.0153434 0 1 0 -0.0153434 0 0.999882  -0.0962421 0 -0.165571 -0 -0.180639 0
35.52 22.6315 0 -0.219864 0.999908 0 0.0135653 0 1 0 -0.0135653 0 0.999908  -0.0964719 0 -0.165206 -0 -0.17515 0
35.53 22.6305 0 -0.221533 0.99993 0 0.0118402 0 1 0 -0.0118402 0 0.99993  -0.0970072 0 -0.167223 -0 -0.16985 0
35.54 22.6296 0 -0.223191 0.999948 0 0.0101694 0 1 0 -0.0101694 0 0.999948  -0.0969447 0 -0.166108 -0 -0.164459 0
35.55 22.6286 0 -0.224864 0.999963 0 0.00855526 0 1 0 -0.00855526 0 0.999963  -0.0974703 0 -0.167483 -0 -0.158672 0
35.56 22.6276 0 -0.226522 0.999976 0 0.00699777 0 1 0 -0.00699777 0 0.999976  -0.0972171 0 -0.165795 0 -0.152907 0
35.57 22.6266 0 -0.228197 0.999985 0 0.00549957 0 1 0 -0.00549957 0 0.999985  -0.0976585 0 -0.167495 -0 -0.146941 0
35.58 22.6257 0 -0.229865 0.999992 0 0.00405692 0 1 0 -0.00405692 0 0.999992  -0.0973221 0 -0.16699 -0 -0.141385 0
35.59 22.6247 0 -0.231538 0.999996 0 0.00267308 0 1 0 -0.00267308 0 0.999996  -0.0973114 0 -0.167294 -0 -0.135517 0
35.6 22.6237 0 -0.233227 0.999999 0 0.00134415 0 1 0 -0.00134415 0 0.999999  -0.0973778 0 -0.169403 0 -0.130056 0
35.61 22.6227 0 -0.234888 1 0 7.5227e-05 0 1 0 -7.5227e-05 0 1  -0.0965116 0 -0.165978 0 -0.124002 0
35.62 22.6218 0 -0.236582 0.999999 0 -0.00112898 0 1 0 0.00112898 0 0.999999  -0.0970339 0 -0.169398 0 -0.1173 -0
35.63 22.6208 0 -0.238242 0.999997 0 -0.00227602 0 1 0 0.00227602 0 0.999997  -0.0960051 0 -0.166011 0 -0.111571 0
35.64 22.6199 0 -0.239911 0.999994 0 -0.00335627 0 1 0 0.00335627 0 0.999994  -0.0959118 0 -0.166546 0 -0.104911 0
35.65 22.6189 0 -0.241561 0.99999 0 -0.00437202 0 1 0 0.00437202 0 0.99999  -0.0952313 0 -0.164655 0 -0.0983408 0
35.66 22.6179 0 -0.243199 0.999986 0 -0.00532053 0 1 0 0.00532053 0 0.999986  -0.0948069 0 -0.163202 0 -0.0915589 -0
35.67 22.617 0 -0.244831 0.999981 0 -0.00620226 0 1 0 0.00620226 0 0.999981  -0.0944634 0 -0.162613 0 -0.0848163 -0
35.68 22.6161 0 -0.246441 0.999975 0 -0.00701727 0 1 0 0.00701727 0 0.999975  -0.0936433 0 -0.160372 0 -0.0781425 0
35.69 22.6151 0 -0.248045 0.99997 0 -0.00776331 0 1 0 0.00776331 0 0.99997  -0.0929755 0 -0.159648 0 -0.0712466 0
35.7 22.6142 0 -0.249632 0.999964 0 -0.00844371 0 1 0 0.00844371 0 0.999964  -0.0919087 0 -0.158171 0 -0.064669 0
35.71 22.6133 0 -0.2512 0.999959 0 -0.00905523 0 1 0 0.00905523 0 0.999959  -0.0911544 0 -0.155974 0 -0.0577629 0
35.72 22.6124 0 -0.252758 0.999954 0 -0.00959637 0 1 0 0.00959637 0 0.999954  -0.0906525 0 -0.154976 0 -0.050624 0
35.73 22.6115 0 -0.25429 0.999949 0 -0.0100695 0 1 0 0.0100695 0 0.999949  -0.089386 0 -0.15227 0 -0.0438163 0
35.74 22.6106 0 -0.255802 0.999945 0 -0.0104715 0 1 0 0.0104715 0 0.999945  -0.0883994 0 -0.150134 0 -0.0367084 0
35.75 22.6097 0 -0.2573 0.999942 0 -0.0108025 0 1 0 0.0108025 0 0.999942  -0.087522 0 -0.148762 0 -0.0295631 0
35.76 22.6088 0 -0.258766 0.999939 0 -0.0110643 0 1 0 0.0110643 0 0.999939  -0.0861083 0 -0.14553 0 -0.0226848 0
35.77 22.608 0 -0.260219 0.999937 0 -0.011256 0 1 0 0.011256 0 0.999937  -0.0848812 0 -0.144197 0 -0.0156763 0
35.78 22.6071 0 -0.261646 0.999935 0 -0.0113777 0 1 0 0.0113777 0 0.999935  -0.0836938 0 -0.14166 0 -0.00865572 0
35.79 22.6063 0 -0.263049 0.999935 0 -0.0114298 0 1 0 0.0114298 0 0.999935  -0.0823041 0 -0.139163 0 -0.00173759 0
35.8 22.6055 0 -0.264434 0.999935 0 -0.0114125 0 1 0 0.0114125 0 0.999935  -0.0811201 0 -0.137396 0 0.0051789 0
35.81 22.6047 0 -0.265797 0.999936 0 -0.0113271 0 1 0 0.0113271 0 0.999936  -0.0795011 0 -0.135349 0 0.0120333 0
35.82 22.6039 0 -0.26714 0.999938 0 -0.0111705 0 1 0 0.0111705 0 0.999938  -0.0781225 0 -0.133367 0 0.0191836 0
35.83 22.6031 0 -0.268452 0.99994 0 -0.0109459 0 1 0 0.0109459 0 0.99994  -0.0763767 0 -0.130038 0 0.0259692 0
35.84 22.6024 0 -0.269754 0.999943 0 -0.0106492 0 1 0 0.0106492 0 0.999943  -0.0750511 0 -0.12916 0 0.033168 0
35.85 22.6016 0 -0.271016 0.999947 0 -0.0102835 0 1 0 0.0102835 0 0.999947  -0.0731075 0 -0.125095 0 0.0400868 0
35.86 22.6009 0 -0.272268 0.999952 0 -0.00984705 0 1 0 0.00984705 0 0.999952  -0.0715551 0 -0.124022 0 0.0471538 0
35.87 22.6002 0 -0.273485 0.999956 0 -0.00934085 0 1 0 0.00934085 0 0.999956  -0.0698656 0 -0.120682 0 0.05412 0
35.88 22.5995 0 -0.274676 0.999962 0 -0.00876363 0 1 0 0.00876363 0 0.999962  -0.0681305 0 -0.1178 0 0.0612205 0
35.89 22.5989 0 -0.275848 0.999967 0 -0.00811679 0 1 0 0.00811679 0 0.999967  -0.0662621 0 -0.116005 0 0.0681934 0
35.9 22.5982 0 -0.276983 0.999973 0 -0.0074008 0 1 0 0.0074008 0 0.999973  -0.0643262 0 -0.112238 0 0.0751026 0
35.91 22.5976 0 -0.278099 0.999978 0 -0.0066138 0 1 0 0.0066138 0 0.999978  -0.0626166 0 -0.11042 0 0.0822428 0
35.92 22.5969 0 -0.279179 0.999983 0 -0.00575721 0 1 0 0.00575721 0 0.999983  -0.060662 0 -0.106878 0 0.0892031 0
35.93 22.5964 0 -0.280239 0.999988 0 -0.00482957 0 1 0 0.00482957 0 0.999988  -0.0584015 0 -0.104599 0 0.0962989 0
35.94 22.5958 0 -0.281264 0.999993 0 -0.00383327 0 1 0 0.00383327 0 0.999993  -0.0564164 0 -0.101131 0 0.103124 0
35.95 22.5952 0 -0.282261 0.999996 0 -0.00276633 0 1 0 0.00276633 0 0.999996  -0.0542648 0 -0.0983213 0 0.110163 0
35.96 22.5947 0 -0.28322 0.999999 0 -0.0016342 0 1 0 0.0016342 0 0.999999  -0.0522919 0 -0.0943129 0 0.116612 0
35.97 22.5942 0 -0.284152 1 0 -0.000435036 0 1 0 0.000435036 0 1  -0.0503489 0 -0.0915592 0 0.123217 0
35.98 22.5937 0 -0.285046 1 0 0.000829533 0 1 0 -0.000829533 0 1  -0.0481676 0 -0.0877478 0 0.129744 0
35.99 22.5932 0 -0.285905 0.999998 0 0.0021581 0 1 0 -0.0021581 0 0.999998  -0.0460168 0 -0.0841477 0 0.136095 0
36 22.5928 0 -0.28673 0.999994 0 0.00354882 0 1 0 -0.00354882 0 0.999994  -0.0442107 0 -0.080699 0 0.14223 0
36.01 22.5923 0 -0.287516 0.999987 0 0.00500075 0 1 0 -0.00500075 0 0.999987  -0.0418803 0 -0.0767548 0 0.148276 0
36.02 22.5919 0 -0.288268 0.999979 0 0.00651324 0 1 0 -0.00651324 0 0.999979  -0.0398585 0 -0.0734535 0 0.154297 0
36.03 22.5915 0 -0.28898 0.999967 0 0.00808389 0 1 0 -0.00808389 0 0.999967  -0.0377191 0 -0.0693009 0 0.160053 0
36.04 22.5912 0 -0.289654 0.999953 0 0.00971223 0 1 0 -0.00971223 0 0.999953  -0.035788 0 -0.065558 0 0.165734 0
36.05 22.5908 0 -0.29029 0.999935 0 0.0113972 0 1 0 -0.0113972 0 0.999935  -0.0338386 0 -0.0617314 0 0.171332 0
36.06 22.5905 0 -0.290887 0.999914 0 0.0131346 0 1 0 -0.0131346 0 0.999914  -0.0313898 0 -0.0577787 0 0.17648 0
36.07 22.5902 0 -0.291442 0.999889 0 0.0149271 0 1 0 -0.0149271 0 0.999889  -0.0296114 0 -0.0534488 0 0.181939 0
36.08 22.5899 0 -0.291966 0.999859 0 0.016771 0 1 0 -0.016771 0 0.999859  -0.027748 0 -0.0504783 0 0.187054 0
36.09 22.5896 0 -0.292438 0.999826 0 0.0186664 0 1 0 -0.0186664 0 0.999826  -0.0252062 0 -0.0452326 0 0.192144 0
36.1 22.5894 0 -0.292886 0.999788 0 0.0206129 0 1 0 -0.0206129 0 0.999788  -0.0235296 0 -0.0428268 0 0.197245 0
36.11 22.5892 0 -0.293283 0.999744 0 0.0226058 0 1 0 -0.0226058 0 0.999744  -0.0209036 0 -0.0378788 0 0.201781 0
36.12 22.589 0 -0.29365 0.999696 0 0.0246481 0 1 0 -0.0246481 0 0.999696  -0.018904 0 -0.0345832 0 0.206634 0
36.13 22.5888 0 -0.293976 0.999642 0 0.0267375 0 1 0 -0.0267375 0 0.999642  -0.0165837 0 -0.0306999 0 0.211396 0
36.14 22.5886 0 -0.294258 0.999583 0 0.0288691 0 1 0 -0.0288691 0 0.999583  -0.0146892 0 -0.0261014 0 0.215552 0
36.15 22.5885 0 -0.294511 0.999518 0 0.0310472 0 1 0 -0.0310472 0 0.999518  -0.0123821 0 -0.0232091 0 0.22013 0
36.16 22.5884 0 -0.294717 0.999447 0 0.0332668 0 1 0 -0.0332668 0 0.999447  -0.0098724 0 -0.0186641 0 0.224242 0
36.17 22.5883 0 -0.294887 0.999369 0 0.0355279 0 1 0 -0.0355279 0 0.999369  -0.00770588 0 -0.0149973 0 0.228297 0
36.18 22.5882 0 -0.295017 0.999284 0 0.0378289 0 1 0 -0.0378289 0 0.999284  -0.00547447 0 -0.0110155 0 0.23228 0
36.19 22.5882 0 -0.295105 0.999193 0 0.0401691 0 1 0 -0.0401691 0 0.999193  -0.0031976 0 -0.00677999 0 0.236166 0
36.2 22.5882 0 -0.295158 0.999095 0 0.0425457 0 1 0 -0.0425457 0 0.999095  -0.00100166 0 -0.00329461 0 0.239763 0
36.21 22.5882 0 -0.295166 0.998989 0 0.0449583 0 1 0 -0.0449583 0 0.998989  0.00134401 0 0.00133359 0 0.243332 0
36.22 22.5882 0 -0.295139 0.998876 0 0.0474058 0 1 0 -0.0474058 0 0.998876  0.00355247 0 0.00466416 0 0.246807 0
36.23 22.5883 0 -0.295062 0.998755 0 0.0498875 0 1 0 -0.0498875 0 0.998755  0.00599744 0 0.0098914 0 0.250222 0
36.24 22.5883 0 -0.294947 0.998626 0 0.0524043 0 1 0 -0.0524043 0 0.998626  0.00771406 0 0.0136358 0 0.253732 0
36.25 22.5884 0 -0.294792 0.998489 0 0.0549504 0 1 0 -0.0549504 0 0.998489  0.0104448 0 0.0174747 0 0.256595 0
36.26 22.5885 0 -0.294595 0.998344 0 0.0575273 0 1 0 -0.0575273 0 0.998344  0.0125516 0 0.0216708 0 0.259611 0
36.27 22.5887 0 -0.294364 0.99819 0 0.0601335 0 1 0 -0.0601335 0 0.99819  0.0144921 0 0.0251305 0 0.262535 0
36.28 22.5888 0 -0.294088 0.998028 0 0.0627656 0 1 0 -0.0627656 0 0.998028  0.0170287 0 0.0294601 0 0.265097 0
36.29 22.589 0 -0.29378 0.997858 0 0.0654232 0 1 0 -0.0654232 0 0.997858  0.0189336 0 0.0327002 0 0.267577 0
36.3 22.5892 0 -0.293432 0.997678 0 0.0681053 0 1 0 -0.0681053 0 0.997678  0.0215392 0 0.0367078 0 0.270033 0
36.31 22.5894 0 -0.29305 0.99749 0 0.0708096 0 1 0 -0.0708096 0 0.99749  0.0236209 0 0.0399737 0 0.27226 0
36.32 22.5897 0 -0.292628 0.997293 0 0.0735343 0 1 0 -0.0735343 0 0.997293  0.0258826 0 0.044102 0 0.274296 0
36.33 22.5899 0 -0.292178 0.997087 0 0.0762788 0 1 0 -0.0762788 0 0.997087  0.0280513 0 0.0467772 0 0.2763 0
36.34 22.5902 0 -0.291684 0.996872 0 0.0790388 0 1 0 -0.0790388 0 0.996872  0.0303659 0 0.0511654 0 0.277764 0
36.35 22.5905 0 -0.291168 0.996647 0 0.0818162 0 1 0 -0.0818162 0 0.996647  0.0322238 0 0.0533387 0 0.279499 0
36.36 22.5909 0 -0.290605 0.996414 0 0.0846069 0 1 0 -0.0846069 0 0.996414  0.0347588 0 0.057926 0 0.280826 0
36.37 22.5912 0 -0.290018 0.996172 0 0.0874124 0 1 0 -0.0874124 0 0.996172  0.0367312 0 0.0605214 0 0.282334 0
36.38 22.5916 0 -0.289386 0.995921 0 0.0902305 0 1 0 -0.0902305 0 0.995921  0.0390332 0 0.0649537 0 0.283657 0
36.39 22.592 0 -0.288733 0.995661 0 0.0930588 0 1 0 -0.0930588 0 0.995661  0.0409239 0 0.0670437 0 0.284617 0
36.4 22.5924 0 -0.288025 0.995391 0 0.0958975 0 1 0 -0.0958975 0 0.995391  0.0435398 0 0.0726745 0 0.285687 0
36.41 22.5929 0 -0.287316 0.995113 0 0.0987458 0 1 0 -0.0987458 0 0.995113  0.0446798 0 0.0724399 0 0.286755 0
36.42 22.5934 0 -0.286531 0.994826 0 0.101598 0 1 0 -0.101598 0 0.994826  0.0480669 0 0.0802975 0 0.287067 0
36.43 22.5938 0 -0.285755 0.994529 0 0.104461 0 1 0 -0.104461 0 0.994529  0.0488924 0 0.0792947 0 0.288177 0
36.44 22.5943 0 -0.284941 0.994225 0 0.10732 0 1 0 -0.10732 0 0.994225  0.0512276 0 0.0822529 0 0.287658 0
36.45 22.5949 0 -0.284085 0.993912 0 0.110179 0 1 0 -0.110179 0 0.993912  0.0539344 0 0.0872751 0 0.287671 0
36.46 22.5954 0 -0.283239 0.99359 0 0.113042 0 1 0 -0.113042 0 0.99359  0.0543956 0 0.0857492 0 0.288197 0
36.47 22.596 0 -0.282299 0.993261 0 0.1159 0 1 0 -0.1159 0 0.993261  0.058286 0 0.0957752 0 0.287757 0
36.48 22.5965 0 -0.281385 0.992922 0 0.118766 0 1 0 -0.118766 0 0.992922  0.0581511 0 0.0933504 0 0.288713 0
36.49 22.5972 0 -0.280387 0.992576 0 0.121626 0 1 0 -0.121626 0 0.992576  0.0618684 0 0.101438 0 0.288256 0
36.5 22.5978 0 -0.279388 0.992221 0 0.124488 0 1 0 -0.124488 0 0.992221  0.0626182 0 0.101945 0 0.288265 0
36.51 22.5984 0 -0.278305 0.991859 0 0.127343 0 1 0 -0.127343 0 0.991859  0.0661664 0 0.109472 0 0.287711 0
36.52 22.5991 0 -0.277246 0.991488 0 0.130199 0 1 0 -0.130199 0 0.991488  0.0654961 0 0.106205 0 0.287936 0
36.53 22.5998 0 -0.276154 0.991112 0 0.133027 0 1 0 -0.133027 0 0.991112  0.0689805 0 0.10925 0 0.284781 0
36.54 22.6005 0 -0.275025 0.99073 0 0.135845 0 1 0 -0.135845 0 0.99073  0.0721162 0 0.114337 0 0.283417 0
36.55 22.6012 0 -0.273925 0.99034 0 0.138658 0 1 0 -0.138658 0 0.99034  0.0710926 0 0.110704 0 0.283414 0
36.56 22.6019 0 -0.272743 0.989946 0 0.141444 0 1 0 -0.141444 0 0.989946  0.075497 0 0.1192 0 0.28075 0
36.57 22.6027 0 -0.271597 0.989545 0 0.144222 0 1 0 -0.144222 0 0.989545  0.0753385 0 0.115827 0 0.279847 0
36.58 22.6034 0 -0.270389 0.98914 0 0.146979 0 1 0 -0.146979 0 0.98914  0.0782351 0 0.121548 0 0.277911 0
36.59 22.6042 0 -0.269182 0.988728 0 0.14972 0 1 0 -0.14972 0 0.988728  0.0791116 0 0.121967 0 0.276337 0
36.6 22.605 0 -0.267941 0.988312 0 0.152442 0 1 0 -0.152442 0 0.988312  0.0813229 0 0.125166 0 0.274449 0
36.61 22.6058 0 -0.266684 0.987892 0 0.155143 0 1 0 -0.155143 0 0.987892  0.0827474 0 0.126931 0 0.272461 0
36.62 22.6067 0 -0.265401 0.987467 0 0.157825 0 1 0 -0.157825 0 0.987467  0.0842044 0 0.129499 0 0.270667 0
36.63 22.6075 0 -0.264106 0.987039 0 0.160482 0 1 0 -0.160482 0 0.987039  0.0858391 0 0.130729 0 0.268142 0
36.64 22.6084 0 -0.262779 0.986607 0 0.163116 0 1 0 -0.163116 0 0.986607  0.0875708 0 0.133741 0 0.265708 0
36.65 22.6093 0 -0.261438 0.986172 0 0.165727 0 1 0 -0.165727 0 0.986172  0.0888553 0 0.13522 0 0.263486 0
36.66 22.6102 0 -0.260093 0.985735 0 0.168307 0 1 0 -0.168307 0 0.985735  0.0899825 0 0.134957 0 0.26039 0
36.67 22.6111 0 -0.258708 0.985296 0 0.170856 0 1 0 -0.170856 0 0.985296  0.0925118 0 0.139435 0 0.257097 0
36.68 22.612 0 -0.257316 0.984855 0 0.173382 0 1 0 -0.173382 0 0.984855  0.0930295 0 0.140521 0 0.255142 0
36.69 22.6129 0 -0.255911 0.984412 0 0.175876 0 1 0 -0.175876 0 0.984412  0.094146 0 0.141476 0 0.251968 0
36.7 22.6139 0 -0.254476 0.98397 0 0.178335 0 1 0 -0.178335 0 0.98397  0.0965797 0 0.144525 0 0.248227 0
36.71 22.6149 0 -0.253024 0.983525 0 0.18077 0 1 0 -0.18077 0 0.983525  0.0972808 0 0.146909 0 0.245961 0
36.72 22.6158 0 -0.251564 0.983082 0 0.183163 0 1 0 -0.183163 0 0.983082  0.0985638 0 0.147392 0 0.241867 0
36.73 22.6168 0 -0.250101 0.98264 0 0.185521 0 1 0 -0.185521 0 0.98264  0.0992293 0 0.146565 0 0.238031 0
36.74 22.6178 0 -0.248626 0.9822 0 0.187838 0 1 0 -0.187838 0 0.9822  0.101245 0 0.147659 0 0.233803 0
36.75 22.6188 0 -0.247152 0.981762 0 0.190114 0 1 0 -0.190114 0 0.981762  0.10219 -0 0.147614 0 0.229732 0
36.76 22.6199 0 -0.245636 0.981326 0 0.192352 0 1 0 -0.192352 0 0.981326  0.104096 -0 0.152445 0 0.226039 0
36.77 22.6209 0 -0.244146 0.980892 0 0.194552 0 1 0 -0.194552 0 0.980892  0.103431 0 0.149726 0 0.222344 0
36.78 22.622 0 -0.242611 0.980463 0 0.196706 0 1 0 -0.196706 0 0.980463  0.10579 0 0.154109 0 0.217557 0
36.79 22.623 0 -0.241095 0.980035 0 0.198823 0 1 0 -0.198823 0 0.980035  0.106066 0 0.152141 0 0.213803 0
36.8 22.6241 0 -0.239548 0.979613 0 0.200892 0 1 0 -0.200892 0 0.979613  0.10783 0 0.155221 0 0.209096 0
36.81 22.6252 0 -0.238019 0.979196 0 0.202916 0 1 0 -0.202916 0 0.979196  0.107983 0 0.153405 0 0.204268 0
36.82 22.6262 0 -0.236467 0.978783 0 0.204901 0 1 0 -0.204901 0 0.978783  0.108613 0 0.157786 0 0.200471 0
36.83 22.6273 0 -0.234889 0.978378 0 0.206827 0 1 0 -0.206827 0 0.978378  0.111577 0 0.15954 0 0.194277 0
36.84 22.6284 0 -0.233387 0.977974 0 0.208724 0 1 0 -0.208724 0 0.977974  0.106525 0 0.147613 0 0.191744 0
36.85 22.6296 0 -0.231732 0.977585 0 0.210542 0 1 0 -0.210542 0 0.977585  0.11573 0 0.165686 0 0.183332 0
36.86 22.6307 0 -0.230222 0.977197 0 0.212337 0 1 0 -0.212337 0 0.977197  0.109694 0 0.151665 0 0.18102 0
36.87 22.6318 0 -0.228684 0.976821 0 0.214056 0 1 0 -0.214056 0 0.976821  0.112751 0 0.152523 0 0.173307 0
36.88 22.6329 0 -0.227073 0.976455 0 0.21572 0 1 0 -0.21572 0 0.976455  0.117221 0 0.162275 0 0.167226 0
36.89 22.634 0 -0.225616 0.976093 0 0.217351 0 1 0 -0.217351 0 0.976093  0.109406 0 0.144799 0 0.164545 0
36.9 22.6352 0 -0.223999 0.975748 0 0.218898 0 1 0 -0.218898 0 0.975748  0.118639 0 0.161282 0 0.155661 0
36.91 22.6364 0 -0.222499 0.975407 0 0.220412 0 1 0 -0.220412 0 0.975407  0.113648 0 0.150854 0 0.152159 0
36.92 22.6375 0 -0.220982 0.975079 0 0.221858 0 1 0 -0.221858 0 0.975079  0.114763 -0 0.150177 0 0.145606 0
36.93 22.6387 0 -0.219412 0.974763 0 0.223242 0 1 0 -0.223242 0 0.974763  0.118585 -0 0.157605 0 0.138782 0
36.94 22.6398 0 -0.217949 0.974455 0 0.224584 0 1 0 -0.224584 0 0.974455  0.113432 0 0.145824 0 0.134865 0
36.95 22.641 0 -0.216377 0.974162 0 0.22585 0 1 0 -0.22585 0 0.974162  0.119142 0 0.15684 0 0.126973 0
36.96 22.6422 0 -0.214906 0.973878 0 0.227071 0 1 0 -0.227071 0 0.973878  0.115174 0 0.147221 0 0.122305 0
36.97 22.6433 0 -0.213389 0.973609 0 0.228223 0 1 0 -0.228223 0 0.973609  0.117446 0 0.150887 0 0.115326 0
36.98 22.6445 0 -0.211887 0.973351 0 0.229319 0 1 0 -0.229319 0 0.973351  0.117642 0 0.150464 0 0.109416 0
36.99 22.6457 0 -0.210424 0.973106 0 0.230357 0 1 0 -0.230357 0 0.973106  0.115787 0 0.14543 0 0.103666 0
37 22.6468 0 -0.208922 0.972877 0 0.231325 0 1 0 -0.231325 0 0.972877  0.118517 0 0.14983 0 0.0962624 0
37.01 22.648 0 -0.207482 0.972659 0 0.232239 0 1 0 -0.232239 0 0.972659  0.115893 0 0.143797 0 0.0906898 0
37.02 22.6492 0 -0.206013 0.972457 0 0.233084 0 1 0 -0.233084 0 0.972457  0.117837 0 0.14623 0 0.0837535 0
37.03 22.6503 0 -0.204586 0.972268 0 0.23387 0 1 0 -0.23387 0 0.972268  0.116623 0 0.142152 0 0.0776408 0
37.04 22.6515 0 -0.20314 0.972094 0 0.23459 0 1 0 -0.23459 0 0.972094  0.117764 -0 0.144178 0 0.0707414 0
37.05 22.6527 0 -0.201742 0.971935 0 0.235249 0 1 0 -0.235249 0 0.971935  0.115937 -0 0.139296 0 0.0644528 0
37.06 22.6539 0 -0.200315 0.971792 0 0.235838 0 1 0 -0.235838 0 0.971792  0.118007 -0 0.142265 0 0.0572922 0
37.07 22.655 0 -0.198949 0.971663 0 0.236372 0 1 0 -0.236372 0 0.971663  0.115272 -0 0.135783 0 0.0516892 0
37.08 22.6562 0 -0.197569 0.97155 0 0.236835 0 1 0 -0.236835 0 0.97155  0.116702 0 0.136881 0 0.0443937 0
37.09 22.6573 0 -0.196228 0.971453 0 0.237234 0 1 0 -0.237234 0 0.971453  0.115778 0 0.133343 0 0.0377067 0
37.1 22.6585 0 -0.194888 0.97137 0 0.237571 0 1 0 -0.237571 0 0.97137  0.11535 0 0.133161 0 0.0313544 0
37.11 22.6596 0 -0.193573 0.971303 0 0.237844 0 1 0 -0.237844 0 0.971303  0.114642 0 0.131045 0 0.0248308 0
37.12 22.6608 0 -0.192251 0.971253 0 0.238049 0 1 0 -0.238049 0 0.971253  0.11446 0 0.131612 0 0.0177089 0
37.13 22.6619 0 -0.190976 0.971217 0 0.238195 0 1 0 -0.238195 0 0.971217  0.112305 -0 0.126074 0 0.0118754 0
37.14 22.6631 0 -0.189664 0.971199 0 0.238271 0 1 0 -0.238271 0 0.971199  0.114139 0 0.130667 0 0.00449518 0
37.15 22.6642 0 -0.18842 0.971194 0 0.23829 0 1 0 -0.23829 0 0.971194  0.111223 0 0.123709 0 -0.00135841 0
37.16 22.6653 0 -0.187171 0.971207 0 0.238236 0 1 0 -0.238236 0 0.971207  0.111641 0 0.123385 0 -0.00881763 0
37.17 22.6664 0 -0.185929 0.971236 0 0.238119 0 1 0 -0.238119 0 0.971236  0.111586 -0 0.123782 0 -0.0155724 0
37.18 22.6675 0 -0.184718 0.97128 0 0.237941 0 1 0 -0.237941 0 0.97128  0.108977 -0 0.120779 0 -0.0217261 0
37.19 22.6686 0 -0.183488 0.971341 0 0.237689 0 1 0 -0.237689 0 0.971341  0.109944 -0 0.122951 -0 -0.0294001 0
37.2 22.6697 0 -0.182334 0.971416 0 0.237383 0 1 0 -0.237383 0 0.971416  0.106174 -0 0.113917 0 -0.0347633 0
37.21 22.6708 0 -0.181135 0.97151 0 0.236997 0 1 0 -0.236997 0 0.97151  0.108816 -0 0.118601 0 -0.0430473 0
37.22 22.6718 0 -0.180008 0.971617 0 0.236558 0 1 0 -0.236558 0 0.971617  0.105226 -0 0.112042 0 -0.0486053 0
37.23 22.6729 0 -0.178873 0.971741 0 0.236051 0 1 0 -0.236051 0 0.971741  0.104574 0 0.112183 0 -0.0553405 0
37.24 22.6739 0 -0.177752 0.97188 0 0.235476 0 1 0 -0.235476 0 0.97188  0.104547 -0 0.111594 0 -0.0626595 0
37.25 22.675 0 -0.176705 0.972032 0 0.234847 0 1 0 -0.234847 0 0.972032  0.101167 -0 0.102771 0 -0.0678039 0
37.26 22.676 0 -0.175611 0.972203 0 0.23414 0 1 0 -0.23414 0 0.972203  0.103119 -0 0.108081 0 -0.0760657 0
37.27 22.677 0 -0.174595 0.972386 0 0.23338 0 1 0 -0.23338 0 0.972386  0.0995263 -0 0.100945 -0 -0.0816074 0
37.28 22.678 0 -0.17358 0.972584 0 0.232552 0 1 0 -0.232552 0 0.972584  0.0988986 -0 0.0996824 0 -0.0881551 0
37.29 22.679 0 -0.172608 0.972794 0 0.23167 0 1 0 -0.23167 0 0.972794  0.0976264 -0 0.0955193 0 -0.0937624 0
37.3 22.6799 0 -0.17165 0.97302 0 0.230723 0 1 0 -0.230723 0 0.97302  0.0962762 -0 0.0944255 0 -0.100389 0
37.31 22.6809 0 -0.170716 0.973258 0 0.229716 0 1 0 -0.229716 0 0.973258  0.0943861 -0 0.0924342 0 -0.106635 0
37.32 22.6818 0 -0.169827 0.973508 0 0.228652 0 1 0 -0.228652 0 0.973508  0.0922171 -0 0.0871793 0 -0.112372 0
37.33 22.6828 0 -0.168934 0.973773 0 0.227522 0 1 0 -0.227522 0 0.973773  0.0924485 -0 0.0879939 0 -0.119202 0
37.34 22.6836 0 -0.168117 0.974048 0 0.226343 0 1 0 -0.226343 0 0.974048  0.0888862 -0 0.0799771 0 -0.124116 0
37.35 22.6845 0 -0.167284 0.974337 0 0.225096 0 1 0 -0.225096 0 0.974337  0.0891977 0 0.0817502 0 -0.13097 0
37.36 22.6854 0 -0.166518 0.974635 0 0.223799 0 1 0 -0.223799 0 0.974635  0.0860435 0 0.0755071 0 -0.136064 0
37.37 22.6863 0 -0.16574 0.974947 0 0.222435 0 1 0 -0.222435 0 0.974947  0.0848809 0 0.0771386 0 -0.143055 0
37.38 22.6871 0 -0.16502 0.975269 0 0.22102 0 1 0 -0.22102 0 0.975269  0.0823584 0 0.0715181 0 -0.148386 0
37.39 22.6879 0 -0.164327 0.975601 0 0.219552 0 1 0 -0.219552 0 0.975601  0.0805469 0 0.0672822 0 -0.153233 0
37.4 22.6887 0 -0.163645 0.975944 0 0.218022 0 1 0 -0.218022 0 0.975944  0.0791597 -0 0.0666156 0 -0.159435 0
37.41 22.6895 0 -0.163019 0.976294 0 0.21645 0 1 0 -0.21645 0 0.976294  0.075805 -0 0.0610876 0 -0.163736 0
37.42 22.6902 0 -0.162403 0.976654 0 0.214818 0 1 0 -0.214818 0 0.976654  0.0751717 -0 0.0597941 0 -0.169824 0
37.43 22.691 0 -0.161829 0.977023 0 0.213135 0 1 0 -0.213135 0 0.977023  0.0727357 -0 0.055944 0 -0.175046 0
37.44 22.6917 0 -0.161283 0.9774 0 0.211396 0 1 0 -0.211396 0 0.9774  0.0704453 -0 0.053255 0 -0.180698 0
37.45 22.6924 0 -0.160771 0.977785 0 0.20961 0 1 0 -0.20961 0 0.977785  0.068823 -0 0.0496001 0 -0.185322 0
37.46 22.6931 0 -0.160297 0.978176 0 0.207777 0 1 0 -0.207777 0 0.978176  0.0659696 -0 0.04535 0 -0.189743 0
37.47 22.6937 0 -0.159829 0.978576 0 0.205884 0 1 0 -0.205884 0 0.978576  0.0656629 -0 0.04545 0 -0.19606 0
37.48 22.6944 0 -0.159424 0.978981 0 0.203953 0 1 0 -0.203953 0 0.978981  0.0611225 -0 0.0392103 0 -0.199798 0
37.49 22.695 0 -0.159019 0.979392 0 0.201969 0 1 0 -0.201969 0 0.979392  0.0600523 -0 0.0393928 0 -0.205024 0
37.5 22.6956 0 -0.158655 0.979808 0 0.199941 0 1 0 -0.199941 0 0.979808  0.0573894 -0 0.0354416 0 -0.209352 0
37.51 22.6961 0 -0.158329 0.980228 0 0.19787 0 1 0 -0.19787 0 0.980228  0.0542167 -0 0.0308575 0 -0.213568 0
37.52 22.6967 0 -0.158014 0.980654 0 0.195749 0 1 0 -0.195749 0 0.980654  0.053464 -0 0.030141 0 -0.21851 0
37.53 22.6972 0 -0.157747 0.981081 0 0.193597 0 1 0 -0.193597 0 0.981081  0.0498253 -0 0.0253248 0 -0.221519 0
37.54 22.6977 0 -0.157511 0.981512 0 0.191402 0 1 0 -0.191402 0 0.981512  0.0472494 0 0.021797 0 -0.225517 0
37.55 22.6981 0 -0.157301 0.981945 0 0.189168 0 1 0 -0.189168 0 0.981945  0.0454382 -0 0.0194043 0 -0.229407 0
37.56 22.6986 0 -0.157137 0.982379 0 0.1869 0 1 0 -0.1869 0 0.982379  0.042086 -0 0.0146603 0 -0.232931 0
37.57 22.699 0 -0.15699 0.982816 0 0.184588 0 1 0 -0.184588 0 0.982816  0.0399634 -0 0.0132028 0 -0.237173 0
37.58 22.6993 0 -0.156929 0.983251 0 0.182256 0 1 0 -0.182256 0 0.983251  0.0365433 -0 0.00376104 0 -0.238891 0
37.59 22.6997 0 -0.156846 0.98369 0 0.179873 0 1 0 -0.179873 0 0.98369  0.036276 -0 0.00621618 0 -0.243979 0
37.6 22.7 0 -0.156856 0.984125 0 0.177476 0 1 0 -0.177476 0 0.984125  0.0309824 0 -0.00281341 0 -0.245314 0
37.61 22.7004 0 -0.156855 0.984562 0 0.175035 0 1 0 -0.175035 0 0.984562  0.030371 0 -0.00197712 0 -0.24939 0
37.62 22.7006 0 -0.156919 0.984998 0 0.172568 0 1 0 -0.172568 0 0.984998  0.026805 0 -0.00790728 0 -0.252202 0
37.63 22.7009 0 -0.157008 0.985432 0 0.170069 0 1 0 -0.170069 0 0.985432  0.0241617 0 -0.0107345 0 -0.255177 0
37.64 22.7011 0 -0.15713 0.985866 0 0.167538 0 1 0 -0.167538 0 0.985866  0.0222684 0 -0.0136964 0 -0.258259 0
37.65 22.7013 0 -0.157298 0.986296 0 0.164985 0 1 0 -0.164985 0 0.986296  0.0185237 0 -0.018526 0 -0.260189 0
37.66 22.7015 0 -0.157446 0.986726 0 0.162395 0 1 0 -0.162395 0 0.986726  0.0169797 0 -0.0154843 0 -0.263967 0
37.67 22.7016 0 -0.157686 0.987151 0 0.159792 0 1 0 -0.159792 0 0.987151  0.0115065 0 -0.0252533 0 -0.265143 0
37.68 22.7018 0 -0.157908 0.987573 0 0.157159 0 1 0 -0.157159 0 0.987573  0.0112315 0 -0.023922 0 -0.267787 0
37.69 22.7019 0 -0.158173 0.987992 0 0.154505 0 1 0 -0.154505 0 0.987992  0.00773755 0 -0.0274585 0 -0.26986 0
37.7 22.7019 0 -0.158495 0.988406 0 0.151836 0 1 0 -0.151836 0 0.988406  0.00373727 0 -0.0340999 -0 -0.270986 0
37.71 22.7019 0 -0.158852 0.988816 0 0.149139 0 1 0 -0.149139 0 0.988816  0.00256046 0 -0.0384103 0 -0.273791 0
37.72 22.702 0 -0.159251 0.989222 0 0.146423 0 1 0 -0.146423 0 0.989222  0.000268351 0 -0.0421203 -0 -0.275726 0
37.73 22.7019 0 -0.159686 0.989623 0 0.143689 0 1 0 -0.143689 0 0.989623  -0.00291229 0 -0.0448038 0 -0.277223 0
37.74 22.7019 0 -0.160167 0.990018 0 0.140941 0 1 0 -0.140941 0 0.990018  -0.00611811 0 -0.0498919 0 -0.278385 0
37.75 22.7018 0 -0.160671 0.990408 0 0.138171 0 1 0 -0.138171 0 0.990408  -0.00798718 0 -0.0522073 0 -0.2805 0
37.76 22.7017 0 -0.161214 0.990792 0 0.135395 0 1 0 -0.135395 0 0.990792  -0.0115112 0 -0.0559657 0 -0.280995 0
37.77 22.7016 0 -0.161786 0.991169 0 0.132606 0 1 0 -0.132606 0 0.991169  -0.0135787 0 -0.0588259 0 -0.281904 0
37.78 22.7015 0 -0.16241 0.991538 0 0.129816 0 1 0 -0.129816 0 0.991538  -0.0163847 0 -0.0644085 0 -0.281692 0
37.79 22.7013 0 -0.163033 0.991902 0 0.127007 0 1 0 -0.127007 0 0.991902  -0.0177601 0 -0.0637089 0 -0.283581 0
37.8 22.7011 0 -0.163722 0.992257 0 0.124199 0 1 0 -0.124199 0 0.992257  -0.0220456 0 -0.0700533 -0 -0.283492 0
37.81 22.7009 0 -0.164416 0.992606 0 0.121378 0 1 0 -0.121378 0 0.992606  -0.0235631 0 -0.0709013 0 -0.284562 0
37.82 22.7006 0 -0.165161 0.992947 0 0.118555 0 1 0 -0.118555 0 0.992947  -0.0267723 0 -0.075784 -0 -0.284653 0
37.83 22.7003 0 -0.165929 0.993281 0 0.115729 0 1 0 -0.115729 0 0.993281  -0.0287364 0 -0.0787144 0 -0.284665 0
37.84 22.7 0 -0.166726 0.993607 0 0.112899 0 1 0 -0.112899 0 0.993607  -0.0316883 0 -0.0813248 0 -0.284949 0
37.85 22.6997 0 -0.167545 0.993924 0 0.110065 0 1 0 -0.110065 0 0.993924  -0.0340606 0 -0.0828358 0 -0.285282 0
37.86 22.6993 0 -0.168395 0.994234 0 0.107236 0 1 0 -0.107236 0 0.994234  -0.0368386 0 -0.0865186 0 -0.284382 0
37.87 22.699 0 -0.169283 0.994535 0 0.104407 0 1 0 -0.104407 0 0.994535  -0.0398601 0 -0.0909256 0 -0.284232 0
37.88 22.6986 0 -0.170181 0.994828 0 0.101578 0 1 0 -0.101578 0 0.994828  -0.0407916 0 -0.0911167 -0 -0.284368 0
37.89 22.6981 0 -0.171138 0.995111 0 0.0987603 0 1 0 -0.0987603 0 0.995111  -0.0446891 0 -0.0970628 0 -0.282978 0
37.9 22.6977 0 -0.172105 0.995387 0 0.0959421 0 1 0 -0.0959421 0 0.995387  -0.046359 0 -0.0983764 0 -0.282849 0
37.91 22.6972 0 -0.173119 0.995653 0 0.093137 0 1 0 -0.093137 0 0.995653  -0.0491432 0 -0.103068 -0 -0.281379 0
37.92 22.6967 0 -0.17414 0.995911 0 0.0903391 0 1 0 -0.0903391 0 0.995911  -0.0508501 0 -0.103658 -0 -0.280475 0
37.93 22.6962 0 -0.175209 0.99616 0 0.0875527 0 1 0 -0.0875527 0 0.99616  -0.0542795 0 -0.108019 0 -0.279302 0
37.94 22.6956 0 -0.176324 0.9964 0 0.0847758 0 1 0 -0.0847758 0 0.9964  -0.0568108 0 -0.113471 0 -0.278282 0
37.95 22.695 0 -0.177432 0.996632 0 0.0820098 0 1 0 -0.0820098 0 0.996632  -0.0576083 0 -0.11221 0 -0.277054 0
37.96 22.6944 0 -0.178618 0.996853 0 0.079266 0 1 0 -0.079266 0 0.996853  -0.061605 0 -0.120264 0 -0.274485 0
37.97 22.6938 0 -0.179776 0.997067 0 0.0765361 0 1 0 -0.0765361 0 0.997067  -0.0611643 0 -0.117087 -0 -0.272879 0
37.98 22.6932 0 -0.18099 0.997271 0 0.0738301 0 1 0 -0.0738301 0 0.997271  -0.065 0 -0.121444 -0 -0.270441 0
37.99 22.6925 0 -0.18221 0.997466 0 0.0711391 0 1 0 -0.0711391 0 0.997466  -0.0665523 0 -0.122897 0 -0.268851 0
38 22.6919 0 -0.183486 0.997653 0 0.0684715 0 1 0 -0.0684715 0 0.997653  -0.0690121 0 -0.129815 0 -0.266399 0
38.01 22.6912 0 -0.184749 0.997831 0 0.0658234 0 1 0 -0.0658234 0 0.997831  -0.069961 0 -0.127679 0 -0.264338 0
38.02 22.6904 0 -0.186044 0.998001 0 0.0632019 0 1 0 -0.0632019 0 0.998001  -0.0722936 0 -0.129984 0 -0.261544 0
38.03 22.6897 0 -0.187369 0.998162 0 0.0606079 0 1 0 -0.0606079 0 0.998162  -0.0745138 0 -0.133662 0 -0.258594 0
38.04 22.689 0 -0.188701 0.998315 0 0.0580343 0 1 0 -0.0580343 0 0.998315  -0.0751536 0 -0.134135 -0 -0.256539 0
38.05 22.6882 0 -0.190064 0.998459 0 0.055493 0 1 0 -0.055493 0 0.998459  -0.0774877 0 -0.137285 -0 -0.253218 0
38.06 22.6874 0 -0.191448 0.998596 0 0.0529798 0 1 0 -0.0529798 0 0.998596  -0.0794749 0 -0.139602 0 -0.250214 0
38.07 22.6866 0 -0.192835 0.998724 0 0.0504962 0 1 0 -0.0504962 0 0.998724  -0.080186 0 -0.139417 0 -0.247213 0
38.08 22.6858 0 -0.19427 0.998845 0 0.0480472 0 1 0 -0.0480472 0 0.998845  -0.0826444 0 -0.14462 0 -0.24363 0
38.09 22.685 0 -0.195691 0.998959 0 0.045627 0 1 0 -0.045627 0 0.998959  -0.0833174 0 -0.143074 0 -0.2407 0
38.1 22.6841 0 -0.197157 0.999064 0 0.0432452 0 1 0 -0.0432452 0 0.999064  -0.0853677 0 -0.14736 0 -0.236743 0
38.11 22.6833 0 -0.19862 0.999163 0 0.0408968 0 1 0 -0.0408968 0 0.999163  -0.0861674 0 -0.147382 0 -0.233287 0
38.12 22.6824 0 -0.200089 0.999255 0 0.0385891 0 1 0 -0.0385891 0 0.999255  -0.0874404 0 -0.147228 0 -0.229117 0
38.13 22.6815 0 -0.201596 0.99934 0 0.0363214 0 1 0 -0.0363214 0 0.99934  -0.0893268 0 -0.151462 -0 -0.22493 0
38.14 22.6806 0 -0.203095 0.999419 0 0.0340893 0 1 0 -0.0340893 0 0.999419  -0.0895814 0 -0.150812 0 -0.22142 0
38.15 22.6797 0 -0.204623 0.999491 0 0.0319015 0 1 0 -0.0319015 0 0.999491  -0.0914106 0 -0.153449 0 -0.216951 0
38.16 22.6788 0 -0.206155 0.999557 0 0.0297547 0 1 0 -0.0297547 0 0.999557  -0.0920727 0 -0.153917 0 -0.212675 0
38.17 22.6779 0 -0.207694 0.999618 0 0.0276532 0 1 0 -0.0276532 0 0.999618  -0.0930868 0 -0.154285 0 -0.208063 0
38.18 22.6769 0 -0.209236 0.999672 0 0.0256 0 1 0 -0.0256 0 0.999672  -0.0941026 0 -0.15443 0 -0.203089 0
38.19 22.676 0 -0.210798 0.999722 0 0.0235937 0 1 0 -0.0235937 0 0.999722  -0.0952177 0 -0.156604 0 -0.198321 0
38.2 22.675 0 -0.212377 0.999766 0 0.0216307 0 1 0 -0.0216307 0 0.999766  -0.0955699 0 -0.158871 0 -0.194101 0
38.21 22.6741 0 -0.213936 0.999806 0 0.0197168 0 1 0 -0.0197168 0 0.999806  -0.0957073 0 -0.156026 0 -0.189149 0
38.22 22.6731 0 -0.215539 0.999841 0 0.0178585 0 1 0 -0.0178585 0 0.999841  -0.0974868 0 -0.160717 0 -0.183311 0
38.23 22.6721 0 -0.217107 0.999871 0 0.0160452 0 1 0 -0.0160452 0 0.999871  -0.096849 0 -0.157091 0 -0.17875 0
38.24 22.6712 0 -0.218707 0.999898 0 0.0142915 0 1 0 -0.0142915 0 0.999898  -0.0981207 0 -0.15987 0 -0.172761 0
38.25 22.6702 0 -0.220299 0.999921 0 0.012588 0 1 0 -0.012588 0 0.999921  -0.0979359 0 -0.159646 0 -0.16764 0
38.26 22.6692 0 -0.221902 0.99994 0 0.010937 0 1 0 -0.010937 0 0.99994  -0.0981461 0 -0.160511 0 -0.162501 0
38.27 22.6682 0 -0.223512 0.999956 0 0.00934241 0 1 0 -0.00934241 0 0.999956  -0.0986514 0 -0.161425 -0 -0.156814 0
38.28 22.6672 0 -0.225114 0.99997 0 0.00780245 0 1 0 -0.00780245 0 0.99997  -0.0984603 0 -0.160263 -0 -0.151259 0
38.29 22.6663 0 -0.226735 0.99998 0 0.00632176 0 1 0 -0.00632176 0 0.99998  -0.0989714 0 -0.162325 0 -0.145256 0
38.3 22.6653 0 -0.228347 0.999988 0 0.00489497 0 1 0 -0.00489497 0 0.999988  -0.0986849 0 -0.161484 0 -0.139844 0
38.31 22.6643 0 -0.230032 0.999994 0 0.00352253 0 1 0 -0.00352253 0 0.999994  -0.099305 0 -0.169852 0 -0.134532 0
38.32 22.6633 0 -0.23159 0.999998 0 0.00220133 0 1 0 -0.00220133 0 0.999998  -0.0966252 0 -0.15521 0 -0.129468 0
38.33 22.6623 0 -0.233312 1 0 0.000955766 0 1 0 -0.000955766 0 1  -0.100835 0 -0.172391 0 -0.121466 0
38.34 22.6613 0 -0.234888 1 0 -0.000250486 0 1 0 0.000250486 0 1  -0.0968609 0 -0.158228 0 -0.11764 0
38.35 22.6603 0 -0.236559 0.999999 0 -0.00138056 0 1 0 0.00138056 0 0.999999  -0.0983964 0 -0.166428 0 -0.110136 0
38.36 22.6594 0 -0.238193 0.999997 0 -0.00245387 0 1 0 0.00245387 0 0.999997  -0.0977383 0 -0.164219 0 -0.104116 0
38.37 22.6584 0 -0.239804 0.999994 0 -0.0034673 0 1 0 0.0034673 0 0.999994  -0.0965297 0 -0.160395 0 -0.0982463 0
38.38 22.6574 0 -0.241437 0.99999 0 -0.00440624 0 1 0 0.00440624 0 0.99999  -0.0972516 0 -0.162866 0 -0.0905784 0
38.39 22.6565 0 -0.24302 0.999986 0 -0.00528429 0 1 0 0.00528429 0 0.999986  -0.0957325 0 -0.157675 0 -0.0843986 0
38.4 22.6555 0 -0.244619 0.999981 0 -0.00609021 0 1 0 0.00609021 0 0.999981  -0.0958184 0 -0.159119 0 -0.0772649 0
38.41 22.6545 0 -0.24619 0.999977 0 -0.00683049 0 1 0 0.00683049 0 0.999977  -0.0949579 0 -0.156644 0 -0.070654 0
38.42 22.6536 0 -0.247745 0.999972 0 -0.00750224 0 1 0 0.00750224 0 0.999972  -0.0941732 0 -0.154647 0 -0.0638359 0
38.43 22.6527 0 -0.249298 0.999967 0 -0.00810423 0 1 0 0.00810423 0 0.999967  -0.0937691 0 -0.154727 0 -0.0568044 0
38.44 22.6517 0 -0.250817 0.999963 0 -0.00864021 0 1 0 0.00864021 0 0.999963  -0.0924861 0 -0.15107 0 -0.050227 0
38.45 22.6508 0 -0.252335 0.999959 0 -0.00910429 0 1 0 0.00910429 0 0.999959  -0.0919671 0 -0.150984 0 -0.0430084 0
38.46 22.6499 0 -0.253825 0.999955 0 -0.00950012 0 1 0 0.00950012 0 0.999955  -0.0910941 0 -0.148258 0 -0.0361126 0
38.47 22.649 0 -0.255292 0.999952 0 -0.00982566 0 1 0 0.00982566 0 0.999952  -0.0899589 0 -0.14558 0 -0.0290959 0
38.48 22.6481 0 -0.256755 0.999949 0 -0.0100789 0 1 0 0.0100789 0 0.999949  -0.0893285 0 -0.145408 0 -0.0217998 0
38.49 22.6472 0 -0.258176 0.999947 0 -0.0102655 0 1 0 0.0102655 0 0.999947  -0.0877174 0 -0.141165 0 -0.0151865 0
38.5 22.6463 0 -0.259599 0.999946 0 -0.0103793 0 1 0 0.0103793 0 0.999946  -0.087016 0 -0.141221 0 -0.00794473 0
38.51 22.6455 0 -0.260984 0.999946 0 -0.010425 0 1 0 0.010425 0 0.999946  -0.085435 0 -0.137596 0 -0.00111162 0
38.52 22.6446 0 -0.262355 0.999946 0 -0.0104 0 1 0 0.0104 0 0.999946  -0.084388 0 -0.136008 0 0.00593583 0
38.53 22.6438 0 -0.263706 0.999947 0 -0.0103061 0 1 0 0.0103061 0 0.999947  -0.0830417 0 -0.134122 0 0.0128207 0
38.54 22.643 0 -0.26504 0.999949 0 -0.0101441 0 1 0 0.0101441 0 0.999949  -0.081434 0 -0.13256 0 0.0196283 0
38.55 22.6421 0 -0.266352 0.999951 0 -0.00991285 0 1 0 0.00991285 0 0.999951  -0.080354 0 -0.130428 0 0.0265677 0
38.56 22.6414 0 -0.267639 0.999954 0 -0.00961497 0 1 0 0.00961497 0 0.999954  -0.0782167 0 -0.127651 0 0.0332261 0
38.57 22.6406 0 -0.268908 0.999957 0 -0.00924387 0 1 0 0.00924387 0 0.999957  -0.0771823 0 -0.125756 0 0.0406169 0
38.58 22.6398 0 -0.270145 0.999961 0 -0.00880426 0 1 0 0.00880426 0 0.999961  -0.075668 0 -0.122592 0 0.0474738 0
38.59 22.6391 0 -0.271363 0.999966 0 -0.00829393 0 1 0 0.00829393 0 0.999966  -0.0741003 0 -0.120295 0 0.0544648 0
38.6 22.6383 0 -0.272564 0.99997 0 -0.00771444 0 1 0 0.00771444 0 0.99997  -0.0722709 0 -0.119015 0 0.0613919 0
38.61 22.6376 0 -0.273719 0.999975 0 -0.00706603 0 1 0 0.00706603 0 0.999975  -0.0705074 0 -0.114277 0 0.0683162 0
38.62 22.6369 0 -0.274869 0.99998 0 -0.00634578 0 1 0 0.00634578 0 0.99998  -0.0692645 0 -0.113783 0 0.0755537 0
38.63 22.6362 0 -0.275976 0.999985 0 -0.00556152 0 1 0 0.00556152 0 0.999985  -0.0663572 0 -0.109521 0 0.08185 0
38.64 22.6356 0 -0.277064 0.999989 0 -0.00470644 0 1 0 0.00470644 0 0.999989  -0.0649858 0 -0.107575 0 0.0889353 0
38.65 22.6349 0 -0.278126 0.999993 0 -0.00378153 0 1 0 0.00378153 0 0.999993  -0.0631741 0 -0.10523 0 0.0960232 0
38.66 22.6343 0 -0.279148 0.999996 0 -0.00278959 0 1 0 0.00278959 0 0.999996  -0.0603776 0 -0.10066 0 0.102662 0
38.67 22.6337 0 -0.280162 0.999999 0 -0.00172427 0 1 0 0.00172427 0 0.999999  -0.0589063 0 -0.100099 0 0.11005 0
38.68 22.6332 0 -0.281116 1 0 -0.000600068 0 1 0 0.000600068 0 1  -0.0561213 0 -0.0938183 0 0.115781 0
38.69 22.6326 0 -0.282064 1 0 0.000595072 0 1 0 -0.000595072 0 1  -0.0547764 0 -0.0931588 0 0.122765 0
38.7 22.6321 0 -0.28296 0.999998 0 0.00185126 0 1 0 -0.00185126 0 0.999998  -0.0520687 0 -0.0882 0 0.128916 0
38.71 22.6316 0 -0.283831 0.999995 0 0.00317327 0 1 0 -0.00317327 0 0.999995  -0.0503713 0 -0.0853159 0 0.135411 0
38.72 22.6311 0 -0.284668 0.99999 0 0.00455815 0 1 0 -0.00455815 0 0.99999  -0.0483391 0 -0.0820026 0 0.141681 0
38.73 22.6306 0 -0.285462 0.999982 0 0.00600224 0 1 0 -0.00600224 0 0.999982  -0.0460124 0 -0.0776483 0 0.147477 0
38.74 22.6301 0 -0.286231 0.999972 0 0.0075074 0 1 0 -0.0075074 0 0.999972  -0.0440406 0 -0.0752383 0 0.15353 0
38.75 22.6297 0 -0.286958 0.999959 0 0.00906917 0 1 0 -0.00906917 0 0.999959  -0.0421762 0 -0.0709846 0 0.159141 0
38.76 22.6293 0 -0.287651 0.999943 0 0.0106875 0 1 0 -0.0106875 0 0.999943  -0.0396492 0 -0.0673816 0 0.164685 0
38.77 22.6289 0 -0.288308 0.999924 0 0.0123621 0 1 0 -0.0123621 0 0.999924  -0.0378365 0 -0.0639923 0 0.17028 0
38.78 22.6286 0 -0.288923 0.999901 0 0.0140892 0 1 0 -0.0140892 0 0.999901  -0.0353527 0 -0.0595222 0 0.17544 0
38.79 22.6282 0 -0.289508 0.999874 0 0.015872 0 1 0 -0.015872 0 0.999874  -0.0332277 0 -0.0567106 0 0.181001 0
38.8 22.6279 0 -0.290046 0.999843 0 0.0177039 0 1 0 -0.0177039 0 0.999843  -0.0308587 0 -0.05174 0 0.185844 0
38.81 22.6276 0 -0.290552 0.999808 0 0.0195872 0 1 0 -0.0195872 0 0.999808  -0.029195 0 -0.0486196 0 0.19087 0
38.82 22.6273 0 -0.29102 0.999768 0 0.021521 0 1 0 -0.021521 0 0.999768  -0.0268079 0 -0.0449999 0 0.195894 0
38.83 22.6271 0 -0.291445 0.999724 0 0.0235017 0 1 0 -0.0235017 0 0.999724  -0.0243314 0 -0.0405196 0 0.200572 0
38.84 22.6268 0 -0.291839 0.999674 0 0.02553 0 1 0 -0.02553 0 0.999674  -0.0224704 0 -0.0374701 0 0.205267 0
38.85 22.6266 0 -0.292196 0.999619 0 0.0276066 0 1 0 -0.0276066 0 0.999619  -0.0199566 0 -0.0338557 0 0.210091 0
38.86 22.6264 0 -0.292509 0.999558 0 0.0297247 0 1 0 -0.0297247 0 0.999558  -0.0175723 0 -0.0293283 0 0.214143 0
38.87 22.6263 0 -0.292794 0.999491 0 0.0318885 0 1 0 -0.0318885 0 0.999491  -0.0155977 0 -0.0265708 0 0.218623 0
38.88 22.6261 0 -0.293037 0.999419 0 0.0340916 0 1 0 -0.0340916 0 0.999419  -0.01308 0 -0.0224419 0 0.222524 0
38.89 22.626 0 -0.293243 0.99934 0 0.0363365 0 1 0 -0.0363365 0 0.99934  -0.0107993 0 -0.018618 0 0.226675 0
38.9 22.6259 0 -0.293413 0.999254 0 0.0386189 0 1 0 -0.0386189 0 0.999254  -0.00856182 0 -0.0151623 0 0.230394 0
38.91 22.6258 0 -0.293543 0.999162 0 0.0409402 0 1 0 -0.0409402 0 0.999162  -0.00622879 0 -0.0110468 0 0.234211 0
38.92 22.6258 0 -0.293634 0.999062 0 0.043298 0 1 0 -0.043298 0 0.999062  -0.00399884 0 -0.00715696 0 0.237889 0
38.93 22.6257 0 -0.293686 0.998956 0 0.0456915 0 1 0 -0.0456915 0 0.998956  -0.0017127 0 -0.00311679 0 0.241405 0
38.94 22.6257 0 -0.293694 0.998842 0 0.0481199 0 1 0 -0.0481199 0 0.998842  0.000630768 -0 0.0012321 0 0.244845 0
38.95 22.6258 0 -0.29367 0.99872 0 0.0505813 0 1 0 -0.0505813 0 0.99872  0.00289886 -0 0.00429292 0 0.248154 0
38.96 22.6258 0 -0.293592 0.998591 0 0.0530735 0 1 0 -0.0530735 0 0.998591  0.0055132 -0 0.0099685 0 0.251202 0
38.97 22.6259 0 -0.293492 0.998453 0 0.0555985 0 1 0 -0.0555985 0 0.998453  0.00717135 -0 0.0119611 0 0.254483 0
38.98 22.6259 0 -0.293335 0.998308 0 0.0581507 0 1 0 -0.0581507 0 0.998308  0.0100726 -0 0.0176886 0 0.257151 0
38.99 22.6261 0 -0.293151 0.998154 0 0.0607335 0 1 0 -0.0607335 0 0.998154  0.012171 -0 0.020431 0 0.260158 0
39 22.6262 0 -0.292937 0.997992 0 0.0633414 0 1 0 -0.0633414 0 0.997992  0.0142295 -0 0.0230555 0 0.262652 0
39.01 22.6263 0 -0.29267 0.997822 0 0.0659701 0 1 0 -0.0659701 0 0.997822  0.0170035 -0 0.028564 0 0.264642 0
39.02 22.6265 0 -0.292387 0.997642 0 0.0686262 0 1 0 -0.0686262 0 0.997642  0.0188047 -0 0.0302142 0 0.267469 0
39.03 22.6267 0 -0.29205 0.997455 0 0.0713019 0 1 0 -0.0713019 0 0.997455  0.0215205 -0 0.0354444 0 0.269446 0
39.04 22.6269 0 -0.291694 0.997258 0 0.0739988 0 1 0 -0.0739988 0 0.997258  0.0233881 -0 0.0374594 0 0.27146 0
39.05 22.6272 0 -0.291293 0.997053 0 0.0767131 0 1 0 -0.0767131 0 0.997053  0.0260551 -0 0.0418382 0 0.273193 0
39.06 22.6275 0 -0.290862 0.996839 0 0.0794468 0 1 0 -0.0794468 0 0.996839  0.0276739 -0 0.045029 0 0.275144 0
39.07 22.6278 0 -0.2904 0.996616 0 0.0821958 0 1 0 -0.0821958 0 0.996616  0.030102 -0 0.0478175 0 0.276664 0
39.08 22.6281 0 -0.289896 0.996385 0 0.0849578 0 1 0 -0.0849578 0 0.996385  0.0324207 0 0.0521128 0 0.277899 0
39.09 22.6284 0 -0.289364 0.996144 0 0.0877347 0 1 0 -0.0877347 0 0.996144  0.034457 0 0.0548996 0 0.279441 0
39.1 22.6288 0 -0.288797 0.995894 0 0.090523 0 1 0 -0.090523 0 0.995894  0.0367388 -0 0.0584158 0 0.28064 0
39.11 22.6291 0 -0.288193 0.995636 0 0.0933209 0 1 0 -0.0933209 0 0.995636  0.0389112 -0 0.0621758 0 0.281545 0
39.12 22.6295 0 -0.28756 0.995369 0 0.0961303 0 1 0 -0.0961303 0 0.995369  0.040842 -0 0.0649649 0 0.282726 0
39.13 22.63 0 -0.286895 0.995093 0 0.0989449 0 1 0 -0.0989449 0 0.995093  0.0432784 -0 0.0681303 0 0.283285 0
39.14 22.6304 0 -0.286195 0.994808 0 0.101765 0 1 0 -0.101765 0 0.994808  0.0456175 -0 0.0716355 0 0.28378 0
39.15 22.6309 0 -0.285472 0.994515 0 0.104591 0 1 0 -0.104591 0 0.994515  0.0474521 -0 0.0737701 0 0.284417 0
39.16 22.6314 0 -0.284708 0.994214 0 0.107418 0 1 0 -0.107418 0 0.994214  0.0498757 -0 0.0779708 0 0.284576 0
39.17 22.6319 0 -0.283926 0.993904 0 0.110249 0 1 0 -0.110249 0 0.993904  0.0515602 -0 0.079724 0 0.284929 0
39.18 22.6324 0 -0.283102 0.993586 0 0.113079 0 1 0 -0.113079 0 0.993586  0.0539707 -0 0.0838467 0 0.284901 0
39.19 22.6329 0 -0.282252 0.99326 0 0.115909 0 1 0 -0.115909 0 0.99326  0.0558625 -0 0.0865887 0 0.284873 0
39.2 22.6335 0 -0.281369 0.992926 0 0.118738 0 1 0 -0.118738 0 0.992926  0.0579554 -0 0.0899606 0 0.284935 0
39.21 22.6341 0 -0.280458 0.992583 0 0.121565 0 1 0 -0.121565 0 0.992583  0.0598334 -0 0.0926116 0 0.284742 0
39.22 22.6347 0 -0.279502 0.992234 0 0.124389 0 1 0 -0.124389 0 0.992234  0.0624794 -0 0.0973103 0 0.284382 0
39.23 22.6353 0 -0.278549 0.991876 0 0.127205 0 1 0 -0.127205 0 0.991876  0.0632592 0 0.0966117 0 0.283655 0
39.24 22.636 0 -0.277519 0.991512 0 0.130013 0 1 0 -0.130013 0 0.991512  0.0669994 -0 0.104602 0 0.282828 0
39.25 22.6366 0 -0.276543 0.991141 0 0.132813 0 1 0 -0.132813 0 0.991141  0.0664107 -0 0.0985167 0 0.282118 0
39.26 22.6373 0 -0.275472 0.990765 0 0.135591 0 1 0 -0.135591 0 0.990765  0.0711039 0 0.107932 0 0.279643 0
39.27 22.6381 0 -0.274398 0.99038 0 0.138371 0 1 0 -0.138371 0 0.99038  0.0717528 -0 0.10961 0 0.280056 0
39.28 22.6388 0 -0.273314 0.98999 0 0.141136 0 1 0 -0.141136 0 0.98999  0.0726943 0 0.109396 0 0.279016 0
39.29 22.6395 0 -0.272193 0.989596 0 0.143875 0 1 0 -0.143875 0 0.989596  0.0759307 -0 0.112955 0 0.275855 0
39.3 22.6403 0 -0.271055 0.989195 0 0.146604 0 1 0 -0.146604 0 0.989195  0.0772359 -0 0.115006 0 0.274872 0
39.31 22.6411 0 -0.269891 0.988789 0 0.149317 0 1 0 -0.149317 0 0.988789  0.0790642 -0 0.117639 0 0.273564 0
39.32 22.6419 0 -0.268704 0.988379 0 0.152007 0 1 0 -0.152007 0 0.988379  0.0807603 -0 0.119821 0 0.271332 0
39.33 22.6427 0 -0.267511 0.987965 0 0.154676 0 1 0 -0.154676 0 0.987965  0.0821788 -0 0.120113 0 0.26904 0
39.34 22.6435 0 -0.266273 0.987547 0 0.157324 0 1 0 -0.157324 0 0.987547  0.0846055 -0 0.124978 0 0.266959 0
39.35 22.6444 0 -0.265026 0.987124 0 0.159955 0 1 0 -0.159955 0 0.987124  0.0852104 -0 0.126294 0 0.265593 0
39.36 22.6452 0 -0.26376 0.986699 0 0.162558 0 1 0 -0.162558 0 0.986699  0.0870828 -0 0.12777 0 0.262757 0
39.37 22.6461 0 -0.262453 0.986271 0 0.165138 0 1 0 -0.165138 0 0.986271  0.0894404 0 0.132053 0 0.260204 0
39.38 22.647 0 -0.261168 0.985839 0 0.167693 0 1 0 -0.167693 0 0.985839  0.0890912 0 0.129043 0 0.257894 0
39.39 22.6479 0 -0.259821 0.985408 0 0.170211 0 1 0 -0.170211 0 0.985408  0.092981 -0 0.135539 0 0.254127 0
39.4 22.6488 0 -0.258509 0.984974 0 0.172704 0 1 0 -0.172704 0 0.984974  0.092278 0 0.131868 0 0.251499 0
39.41 22.6498 0 -0.257138 0.98454 0 0.175162 0 1 0 -0.175162 0 0.98454  0.0954537 0 0.137803 0 0.248166 0
39.42 22.6507 0 -0.255791 0.984105 0 0.17759 0 1 0 -0.17759 0 0.984105  0.0958091 -0 0.135567 0 0.245008 0
39.43 22.6517 0 -0.254415 0.983671 0 0.179978 0 1 0 -0.179978 0 0.983671  0.0976377 0 0.137827 0 0.240977 0
39.44 22.6527 0 -0.253015 0.983237 0 0.182335 0 1 0 -0.182335 0 0.983237  0.0992746 0 0.140973 0 0.237897 0
39.45 22.6537 0 -0.251642 0.982803 0 0.184657 0 1 0 -0.184657 0 0.982803  0.0989658 -0 0.137598 0 0.234566 0
39.46 22.6547 0 -0.250219 0.982372 0 0.186934 0 1 0 -0.186934 0 0.982372  0.102249 0 0.142729 0 0.229881 0
39.47 22.6557 0 -0.248826 0.981943 0 0.189178 0 1 0 -0.189178 0 0.981943  0.101739 0 0.139866 0 0.226456 0
39.48 22.6567 0 -0.247397 0.981516 0 0.191378 0 1 0 -0.191378 0 0.981516  0.103877 0 0.143277 0 0.222223 0
39.49 22.6578 0 -0.245957 0.981093 0 0.193539 0 1 0 -0.193539 0 0.981093  0.105135 -0 0.145089 0 0.218311 0
39.5 22.6588 0 -0.244533 0.980672 0 0.195661 0 1 0 -0.195661 0 0.980672  0.104942 0 0.14266 0 0.214312 0
39.51 22.6599 0 -0.243052 0.980255 0 0.197736 0 1 0 -0.197736 0 0.980255  0.10817 0 0.148881 0 0.209514 0
39.52 22.661 0 -0.241622 0.979842 0 0.199775 0 1 0 -0.199775 0 0.979842  0.106543 0 0.143526 0 0.205906 0
39.53 22.6621 0 -0.24014 0.979435 0 0.201758 0 1 0 -0.201758 0 0.979435  0.110004 0 0.148272 0 0.200221 0
39.54 22.6631 0 -0.238665 0.979033 0 0.203703 0 1 0 -0.203703 0 0.979033  0.109822 0 0.148318 0 0.19629 0
39.55 22.6642 0 -0.237228 0.978636 0 0.2056 0 1 0 -0.2056 0 0.978636  0.108974 0 0.143136 0 0.191529 0
39.56 22.6654 0 -0.235675 0.978247 0 0.207443 0 1 0 -0.207443 0 0.978247  0.114658 0 0.15664 0 0.185795 0
39.57 22.6665 0 -0.23426 0.977861 0 0.209254 0 1 0 -0.209254 0 0.977861  0.108831 0 0.141893 0 0.182887 0
39.58 22.6676 0 -0.232723 0.977488 0 0.210993 0 1 0 -0.210993 0 0.977488  0.115171 -0 0.153298 0 0.175377 0
39.59 22.6687 0 -0.231251 0.977119 0 0.212696 0 1 0 -0.212696 0 0.977119  0.113248 0 0.148214 0 0.171448 0
39.6 22.6699 0 -0.229778 0.976759 0 0.214341 0 1 0 -0.214341 0 0.976759  0.113454 -0 0.146673 0 0.165919 0
39.61 22.671 0 -0.22825 0.976409 0 0.215929 0 1 0 -0.215929 0 0.976409  0.117008 -0 0.153545 0 0.159836 0
39.62 22.6722 0 -0.226796 0.976066 0 0.217475 0 1 0 -0.217475 0 0.976066  0.113791 -0 0.145646 0 0.155722 0
39.63 22.6733 0 -0.225264 0.975735 0 0.218954 0 1 0 -0.218954 0 0.975735  0.117422 0 0.153195 0 0.148828 0
39.64 22.6745 0 -0.223773 0.975412 0 0.22039 0 1 0 -0.22039 0 0.975412  0.116068 0 0.150175 0 0.144353 0
39.65 22.6757 0 -0.222262 0.9751 0 0.221768 0 1 0 -0.221768 0 0.9751  0.116766 0 0.151181 0 0.138567 0
39.66 22.6768 0 -0.220748 0.974799 0 0.223086 0 1 0 -0.223086 0 0.974799  0.117549 -0 0.151578 0 0.132323 0
39.67 22.678 0 -0.219243 0.974508 0 0.224352 0 1 0 -0.224352 0 0.974508  0.117264 -0 0.150586 0 0.126933 0
39.68 22.6792 0 -0.217722 0.97423 0 0.225557 0 1 0 -0.225557 0 0.97423  0.118328 0 0.152213 0 0.120751 0
39.69 22.6803 0 -0.216304 0.973961 0 0.226715 0 1 0 -0.226715 0 0.973961  0.11507 0 0.145009 0 0.115599 0
39.7 22.6815 0 -0.214763 0.973712 0 0.227782 0 1 0 -0.227782 0 0.973712  0.123867 0 0.157783 0 0.10573 0
39.71 22.6826 0 -0.213448 0.973464 0 0.228838 0 1 0 -0.228838 0 0.973464  0.108934 0 0.129193 0 0.105606 0
39.72 22.6839 0 -0.211913 0.973242 0 0.229782 0 1 0 -0.229782 0 0.973242  0.123127 0 0.153375 0 0.0939227 0
39.73 22.685 0 -0.210534 0.973025 0 0.230698 0 1 0 -0.230698 0 0.973025  0.115314 0 0.139118 0 0.0905043 0
39.74 22.6862 0 -0.209145 0.972824 0 0.231545 0 1 0 -0.231545 0 0.972824  0.114665 0 0.136559 0 0.0843067 0
39.75 22.6874 0 -0.207704 0.972641 0 0.232314 0 1 0 -0.232314 0 0.972641  0.120049 0 0.144272 0 0.0755337 0
39.76 22.6885 0 -0.206378 0.972467 0 0.233041 0 1 0 -0.233041 0 0.972467  0.113908 -0 0.131827 0 0.071524 0
39.77 22.6897 0 -0.204967 0.972312 0 0.233689 0 1 0 -0.233689 0 0.972312  0.118155 -0 0.140175 0 0.063486 0
39.78 22.6908 0 -0.203633 0.972168 0 0.234283 0 1 0 -0.234283 0 0.972168  0.115409 -0 0.133519 0 0.0578842 0
39.79 22.692 0 -0.202288 0.972041 0 0.234812 0 1 0 -0.234812 0 0.972041  0.115654 -0 0.133387 0 0.0512469 0
39.8 22.6932 0 -0.200947 0.971929 0 0.235274 0 1 0 -0.235274 0 0.971929  0.11602 0 0.133778 0 0.0441531 0
39.81 22.6943 0 -0.199656 0.971831 0 0.235678 0 1 0 -0.235678 0 0.971831  0.114572 -0 0.128448 0 0.0383493 0
39.82 22.6955 0 -0.198327 0.97175 0 0.236011 0 1 0 -0.236011 0 0.97175  0.116257 -0 0.132223 0 0.0310312 0
39.83 22.6966 0 -0.197075 0.971682 0 0.23629 0 1 0 -0.23629 0 0.971682  0.112621 -0 0.124161 0 0.0255337 0
39.84 22.6978 0 -0.195773 0.971633 0 0.236493 0 1 0 -0.236493 0 0.971633  0.115567 0 0.129458 0 0.0174944 0
39.85 22.6989 0 -0.194534 0.971597 0 0.236642 0 1 0 -0.236642 0 0.971597  0.112371 0 0.123723 0 0.0120202 0
39.86 22.7 0 -0.193284 0.971578 0 0.236721 0 1 0 -0.236721 0 0.971578  0.112816 0 0.124083 0 0.00498855 0
39.87 22.7011 0 -0.192054 0.971573 0 0.236738 0 1 0 -0.236738 0 0.971573  0.112339 0 0.122628 -0 -0.00162035 0
39.88 22.7022 0 -0.190877 0.971583 0 0.236697 0 1 0 -0.236697 0 0.971583  0.110864 -0 0.116098 -0 -0.00739246 0
39.89 22.7034 0 -0.189684 0.97161 0 0.236587 0 1 0 -0.236587 0 0.97161  0.111601 0 0.117497 -0 -0.0144874 0
39.9 22.7045 0 -0.188522 0.971652 0 0.236414 0 1 0 -0.236414 0 0.971652  0.110306 0 0.115593 0 -0.0211539 0
39.91 22.7056 0 -0.187387 0.971709 0 0.23618 0 1 0 -0.23618 0 0.971709  0.108579 0 0.112252 0 -0.0273585 0
39.92 22.7067 0 -0.186254 0.971783 0 0.235877 0 1 0 -0.235877 0 0.971783  0.109172 0 0.11225 -0 -0.0345462 0
39.93 22.7077 0 -0.185131 0.971871 0 0.235513 0 1 0 -0.235513 0 0.971871  0.107305 -0 0.112335 0 -0.0409215 0
39.94 22.7088 0 -0.184047 0.971975 0 0.235085 0 1 0 -0.235085 0 0.971975  0.10579 -0 0.107697 0 -0.0472695 0
39.95 22.7099 0 -0.182967 0.972094 0 0.234593 0 1 0 -0.234593 0 0.972094  0.105127 -0 0.106743 0 -0.0537793 0
39.96 22.7109 0 -0.181895 0.972228 0 0.234036 0 1 0 -0.234036 0 0.972228  0.104683 -0 0.106448 0 -0.0605671 0
39.97 22.7119 0 -0.18088 0.972375 0 0.233424 0 1 0 -0.233424 0 0.972375  0.101529 -0 0.0998417 -0 -0.0661574 0
39.98 22.713 0 -0.179833 0.972539 0 0.232739 0 1 0 -0.232739 0 0.972539  0.103284 0 0.103553 -0 -0.073625 0
39.99 22.714 0 -0.178857 0.972716 0 0.232 0 1 0 -0.232 0 0.972716  0.0992513 0 0.096693 -0 -0.0793726 0
40 22.715 0 -0.17786 0.972908 0 0.231193 0 1 0 -0.231193 0 0.972908  0.0994589 0 0.0984856 0 -0.0861584 0
