*************************Generated by extractMotion.sh**********************
*      Wed Jul  2 13:43:52 MDT 2025 - Case: heave/mesh_4x/
* Note: Data was extracted from log.overInterDyMFoam using extractMotion.sh
*       Can be visualized with plotMotion.py                            
****************************************************************************
Time X(x3) Orientation(x9) dX(x3) dX_angular(x3)
0.01 16.7233 0 -0.28614 1 0 0 0 1 0 0 0 1  0 0 -0.0280827 0 0 0
0.02 16.7233 0 -0.286214 1 0 0 0 1 0 0 0 1  0 0 -0.0256493 0 0 0
0.03 16.7233 0 -0.286211 1 0 0 0 1 0 0 0 1  0 0 -0.00163974 0 0 0
0.04 16.7233 0 -0.28652 1 0 0 0 1 0 0 0 1  0 0 -0.033027 0 0 0
0.05 16.7233 0 -0.28667 1 0 0 0 1 0 0 0 1  0 0 -0.0185487 0 0 0
0.06 16.7233 0 -0.286957 1 0 0 0 1 0 0 0 1  0 0 -0.029195 0 0 0
0.07 16.7233 0 -0.287314 1 0 0 0 1 0 0 0 1  0 0 -0.0393596 0 0 0
0.08 16.7233 0 -0.287625 1 0 0 0 1 0 0 0 1  0 0 -0.0329665 0 0 0
0.09 16.7233 0 -0.288126 1 0 0 0 1 0 0 0 1  0 0 -0.053034 0 0 0
0.1 16.7233 0 -0.288567 1 0 0 0 1 0 0 0 1  0 0 -0.047494 0 0 0
0.11 16.7233 0 -0.289133 1 0 0 0 1 0 0 0 1  0 0 -0.0586117 0 0 0
0.12 16.7233 0 -0.289742 1 0 0 0 1 0 0 0 1  0 0 -0.0644964 0 0 0
0.13 16.7233 0 -0.290362 1 0 0 0 1 0 0 0 1  0 0 -0.0639297 0 0 0
0.14 16.7233 0 -0.291129 1 0 0 0 1 0 0 0 1  0 0 -0.0800379 0 0 0
0.15 16.7233 0 -0.291846 1 0 0 0 1 0 0 0 1  0 0 -0.0747684 0 0 0
0.16 16.7233 0 -0.292695 1 0 0 0 1 0 0 0 1  0 0 -0.0877257 0 0 0
0.17 16.7233 0 -0.293556 1 0 0 0 1 0 0 0 1  0 0 -0.0899934 0 0 0
0.18 16.7233 0 -0.294459 1 0 0 0 1 0 0 0 1  0 0 -0.0925659 0 0 0
0.19 16.7233 0 -0.295432 1 0 0 0 1 0 0 0 1  0 0 -0.100733 0 0 0
0.2 16.7233 0 -0.296422 1 0 0 0 1 0 0 0 1  0 0 -0.102031 0 0 0
0.21 16.7233 0 -0.297476 1 0 0 0 1 0 0 0 1  0 0 -0.106567 0 0 0
0.22 16.7233 0 -0.298587 1 0 0 0 1 0 0 0 1  0 0 -0.113758 0 0 0
0.23 16.7233 0 -0.299734 1 0 0 0 1 0 0 0 1  0 0 -0.117372 0 0 0
0.24 16.7233 0 -0.300998 1 0 0 0 1 0 0 0 1  0 0 -0.131255 0 0 0
0.25 16.7233 0 -0.302178 1 0 0 0 1 0 0 0 1  0 0 -0.120721 0 0 0
0.26 16.7233 0 -0.303512 1 0 0 0 1 0 0 0 1  0 0 -0.1346 0 0 0
0.27 16.7233 0 -0.304824 1 0 0 0 1 0 0 0 1  0 0 -0.134118 0 0 0
0.28 16.7233 0 -0.306175 1 0 0 0 1 0 0 0 1  0 0 -0.136317 0 0 0
0.29 16.7233 0 -0.30757 1 0 0 0 1 0 0 0 1  0 0 -0.142245 0 0 0
0.3 16.7233 0 -0.308969 1 0 0 0 1 0 0 0 1  0 0 -0.142665 0 0 0
0.31 16.7233 0 -0.310478 1 0 0 0 1 0 0 0 1  0 0 -0.152005 0 0 0
0.32 16.7233 0 -0.311889 1 0 0 0 1 0 0 0 1  0 0 -0.141331 0 0 0
0.33 16.7233 0 -0.31352 1 0 0 0 1 0 0 0 1  0 0 -0.16795 0 0 0
0.34 16.7233 0 -0.314949 1 0 0 0 1 0 0 0 1  0 0 -0.145334 0 0 0
0.35 16.7233 0 -0.316659 1 0 0 0 1 0 0 0 1  0 0 -0.170417 0 0 0
0.36 16.7233 0 -0.318223 1 0 0 0 1 0 0 0 1  0 0 -0.157689 0 0 0
0.37 16.7233 0 -0.319949 1 0 0 0 1 0 0 0 1  0 0 -0.175026 0 0 0
0.38 16.7233 0 -0.32159 1 0 0 0 1 0 0 0 1  0 0 -0.167352 0 0 0
0.39 16.7233 0 -0.323319 1 0 0 0 1 0 0 0 1  0 0 -0.17459 0 0 0
0.4 16.7233 0 -0.325061 1 0 0 0 1 0 0 0 1  0 0 -0.176513 0 0 0
0.41 16.7233 0 -0.326812 1 0 0 0 1 0 0 0 1  0 0 -0.176486 0 0 0
0.42 16.7233 0 -0.328687 1 0 0 0 1 0 0 0 1  0 0 -0.190583 0 0 0
0.43 16.7233 0 -0.330503 1 0 0 0 1 0 0 0 1  0 0 -0.183444 0 0 0
0.44 16.7233 0 -0.332432 1 0 0 0 1 0 0 0 1  0 0 -0.193616 0 0 0
0.45 16.7233 0 -0.3344 1 0 0 0 1 0 0 0 1  0 0 -0.199495 0 0 0
0.46 16.7233 0 -0.336138 1 0 0 0 1 0 0 0 1  0 0 -0.170094 0 0 0
0.47 16.7233 0 -0.33828 1 0 0 0 1 0 0 0 1  0 0 -0.215882 0 0 0
0.48 16.7233 0 -0.340091 1 0 0 0 1 0 0 0 1  0 0 -0.184848 0 0 0
0.49 16.7233 0 -0.342143 1 0 0 0 1 0 0 0 1  0 0 -0.204412 0 0 0
0.5 16.7233 0 -0.344167 1 0 0 0 1 0 0 0 1  0 0 -0.206006 0 0 0
0.51 16.7233 0 -0.346202 1 0 0 0 1 0 0 0 1  0 0 -0.205221 0 0 0
0.52 16.7233 0 -0.348313 1 0 0 0 1 0 0 0 1  0 0 -0.213388 0 0 0
0.53 16.7233 0 -0.350469 1 0 0 0 1 0 0 0 1  0 0 -0.219371 0 0 0
0.54 16.7233 0 -0.352277 1 0 0 0 1 0 0 0 1  0 0 -0.178438 0 0 0
0.55 16.7233 0 -0.354636 1 0 0 0 1 0 0 0 1  0 0 -0.24148 0 0 0
0.56 16.7233 0 -0.356404 1 0 0 0 1 0 0 0 1  0 0 -0.179315 0 0 0
0.57 16.7233 0 -0.358645 1 0 0 0 1 0 0 0 1  0 0 -0.221635 0 0 0
0.58 16.7233 0 -0.360708 1 0 0 0 1 0 0 0 1  0 0 -0.210929 0 0 0
0.59 16.7233 0 -0.362724 1 0 0 0 1 0 0 0 1  0 0 -0.200735 0 0 0
0.6 16.7233 0 -0.36498 1 0 0 0 1 0 0 0 1  0 0 -0.228612 0 0 0
0.61 16.7233 0 -0.366973 1 0 0 0 1 0 0 0 1  0 0 -0.20153 0 0 0
0.62 16.7233 0 -0.369052 1 0 0 0 1 0 0 0 1  0 0 -0.207246 0 0 0
0.63 16.7233 0 -0.3712 1 0 0 0 1 0 0 0 1  0 0 -0.217393 0 0 0
0.64 16.7233 0 -0.373158 1 0 0 0 1 0 0 0 1  0 0 -0.194371 0 0 0
0.65 16.7233 0 -0.375371 1 0 0 0 1 0 0 0 1  0 0 -0.221497 0 0 0
0.66 16.7233 0 -0.37735 1 0 0 0 1 0 0 0 1  0 0 -0.19883 0 0 0
0.67 16.7233 0 -0.379473 1 0 0 0 1 0 0 0 1  0 0 -0.210844 0 0 0
0.68 16.7233 0 -0.38157 1 0 0 0 1 0 0 0 1  0 0 -0.211544 0 0 0
0.69 16.7233 0 -0.383642 1 0 0 0 1 0 0 0 1  0 0 -0.207214 0 0 0
0.7 16.7233 0 -0.385813 1 0 0 0 1 0 0 0 1  0 0 -0.218454 0 0 0
0.71 16.7233 0 -0.387858 1 0 0 0 1 0 0 0 1  0 0 -0.204537 0 0 0
0.72 16.7233 0 -0.389983 1 0 0 0 1 0 0 0 1  0 0 -0.211386 0 0 0
0.73 16.7233 0 -0.392126 1 0 0 0 1 0 0 0 1  0 0 -0.21578 0 0 0
0.74 16.7233 0 -0.394171 1 0 0 0 1 0 0 0 1  0 0 -0.203753 0 0 0
0.75 16.7233 0 -0.396313 1 0 0 0 1 0 0 0 1  0 0 -0.213614 0 0 0
0.76 16.7233 0 -0.398359 1 0 0 0 1 0 0 0 1  0 0 -0.204759 0 0 0
0.77 16.7233 0 -0.400458 1 0 0 0 1 0 0 0 1  0 0 -0.209289 0 0 0
0.78 16.7233 0 -0.402537 1 0 0 0 1 0 0 0 1  0 0 -0.208295 0 0 0
0.79 16.7233 0 -0.404574 1 0 0 0 1 0 0 0 1  0 0 -0.202756 0 0 0
0.8 16.7233 0 -0.406628 1 0 0 0 1 0 0 0 1  0 0 -0.204331 0 0 0
0.81 16.7233 0 -0.408675 1 0 0 0 1 0 0 0 1  0 0 -0.204778 0 0 0
0.82 16.7233 0 -0.410686 1 0 0 0 1 0 0 0 1  0 0 -0.200406 0 0 0
0.83 16.7233 0 -0.412702 1 0 0 0 1 0 0 0 1  0 0 -0.200697 0 0 0
0.84 16.7233 0 -0.414665 1 0 0 0 1 0 0 0 1  0 0 -0.195098 0 0 0
0.85 16.7233 0 -0.41664 1 0 0 0 1 0 0 0 1  0 0 -0.196588 0 0 0
0.86 16.7233 0 -0.418575 1 0 0 0 1 0 0 0 1  0 0 -0.192865 0 0 0
0.87 16.7233 0 -0.420504 1 0 0 0 1 0 0 0 1  0 0 -0.191767 0 0 0
0.88 16.7233 0 -0.422421 1 0 0 0 1 0 0 0 1  0 0 -0.190972 0 0 0
0.89 16.7233 0 -0.424313 1 0 0 0 1 0 0 0 1  0 0 -0.188368 0 0 0
0.9 16.7233 0 -0.426213 1 0 0 0 1 0 0 0 1  0 0 -0.189369 0 0 0
0.91 16.7233 0 -0.428092 1 0 0 0 1 0 0 0 1  0 0 -0.187589 0 0 0
0.92 16.7233 0 -0.429928 1 0 0 0 1 0 0 0 1  0 0 -0.182247 0 0 0
0.93 16.7233 0 -0.431768 1 0 0 0 1 0 0 0 1  0 0 -0.182613 0 0 0
0.94 16.7233 0 -0.433566 1 0 0 0 1 0 0 0 1  0 0 -0.178855 0 0 0
0.95 16.7233 0 -0.435319 1 0 0 0 1 0 0 0 1  0 0 -0.17345 0 0 0
0.96 16.7233 0 -0.437089 1 0 0 0 1 0 0 0 1  0 0 -0.175995 0 0 0
0.97 16.7233 0 -0.438802 1 0 0 0 1 0 0 0 1  0 0 -0.170565 0 0 0
0.98 16.7233 0 -0.440529 1 0 0 0 1 0 0 0 1  0 0 -0.171852 0 0 0
0.99 16.7233 0 -0.442198 1 0 0 0 1 0 0 0 1  0 0 -0.165853 0 0 0
1 16.7233 0 -0.443881 1 0 0 0 1 0 0 0 1  0 0 -0.167278 0 0 0
1.01 16.7233 0 -0.445557 1 0 0 0 1 0 0 0 1  0 0 -0.167391 0 0 0
1.02 16.7233 0 -0.447152 1 0 0 0 1 0 0 0 1  0 0 -0.157757 0 0 0
1.03 16.7233 0 -0.448786 1 0 0 0 1 0 0 0 1  0 0 -0.162323 0 0 0
1.04 16.7233 0 -0.450347 1 0 0 0 1 0 0 0 1  0 0 -0.15591 0 0 0
1.05 16.7233 0 -0.451878 1 0 0 0 1 0 0 0 1  0 0 -0.151115 0 0 0
1.06 16.7233 0 -0.453444 1 0 0 0 1 0 0 0 1  0 0 -0.156013 0 0 0
1.07 16.7233 0 -0.45492 1 0 0 0 1 0 0 0 1  0 0 -0.146695 0 0 0
1.08 16.7233 0 -0.456451 1 0 0 0 1 0 0 0 1  0 0 -0.152225 0 0 0
1.09 16.7233 0 -0.457889 1 0 0 0 1 0 0 0 1  0 0 -0.142947 0 0 0
1.1 16.7233 0 -0.45937 1 0 0 0 1 0 0 0 1  0 0 -0.146923 0 0 0
1.11 16.7233 0 -0.460803 1 0 0 0 1 0 0 0 1  0 0 -0.142875 0 0 0
1.12 16.7233 0 -0.46225 1 0 0 0 1 0 0 0 1  0 0 -0.144097 0 0 0
1.13 16.7233 0 -0.463657 1 0 0 0 1 0 0 0 1  0 0 -0.139961 0 0 0
1.14 16.7233 0 -0.465068 1 0 0 0 1 0 0 0 1  0 0 -0.140338 0 0 0
1.15 16.7233 0 -0.466439 1 0 0 0 1 0 0 0 1  0 0 -0.136401 0 0 0
1.16 16.7233 0 -0.467785 1 0 0 0 1 0 0 0 1  0 0 -0.133129 0 0 0
1.17 16.7233 0 -0.469138 1 0 0 0 1 0 0 0 1  0 0 -0.134528 0 0 0
1.18 16.7233 0 -0.470432 1 0 0 0 1 0 0 0 1  0 0 -0.128352 0 0 0
1.19 16.7233 0 -0.471731 1 0 0 0 1 0 0 0 1  0 0 -0.128415 0 0 0
1.2 16.7233 0 -0.47302 1 0 0 0 1 0 0 0 1  0 0 -0.128497 0 0 0
1.21 16.7233 0 -0.474255 1 0 0 0 1 0 0 0 1  0 0 -0.122339 0 0 0
1.22 16.7233 0 -0.475492 1 0 0 0 1 0 0 0 1  0 0 -0.122239 0 0 0
1.23 16.7233 0 -0.47671 1 0 0 0 1 0 0 0 1  0 0 -0.121138 0 0 0
1.24 16.7233 0 -0.477892 1 0 0 0 1 0 0 0 1  0 0 -0.117115 0 0 0
1.25 16.7233 0 -0.479079 1 0 0 0 1 0 0 0 1  0 0 -0.117738 0 0 0
1.26 16.7233 0 -0.48021 1 0 0 0 1 0 0 0 1  0 0 -0.111895 0 0 0
1.27 16.7233 0 -0.481352 1 0 0 0 1 0 0 0 1  0 0 -0.112921 0 0 0
1.28 16.7233 0 -0.482449 1 0 0 0 1 0 0 0 1  0 0 -0.108764 0 0 0
1.29 16.7233 0 -0.483543 1 0 0 0 1 0 0 0 1  0 0 -0.108056 0 0 0
1.3 16.7233 0 -0.484591 1 0 0 0 1 0 0 0 1  0 0 -0.103269 0 0 0
1.31 16.7233 0 -0.48564 1 0 0 0 1 0 0 0 1  0 0 -0.103619 0 0 0
1.32 16.7233 0 -0.486645 1 0 0 0 1 0 0 0 1  0 0 -0.0994741 0 0 0
1.33 16.7233 0 -0.48763 1 0 0 0 1 0 0 0 1  0 0 -0.0970884 0 0 0
1.34 16.7233 0 -0.488608 1 0 0 0 1 0 0 0 1  0 0 -0.0968791 0 0 0
1.35 16.7233 0 -0.489535 1 0 0 0 1 0 0 0 1  0 0 -0.0914615 0 0 0
1.36 16.7233 0 -0.490482 1 0 0 0 1 0 0 0 1  0 0 -0.0937571 0 0 0
1.37 16.7233 0 -0.491371 1 0 0 0 1 0 0 0 1  0 0 -0.0881186 0 0 0
1.38 16.7233 0 -0.492269 1 0 0 0 1 0 0 0 1  0 0 -0.0886342 0 0 0
1.39 16.7233 0 -0.493141 1 0 0 0 1 0 0 0 1  0 0 -0.0865679 0 0 0
1.4 16.7233 0 -0.493989 1 0 0 0 1 0 0 0 1  0 0 -0.0836654 0 0 0
1.41 16.7233 0 -0.494835 1 0 0 0 1 0 0 0 1  0 0 -0.0837709 0 0 0
1.42 16.7233 0 -0.495644 1 0 0 0 1 0 0 0 1  0 0 -0.0799997 0 0 0
1.43 16.7233 0 -0.496437 1 0 0 0 1 0 0 0 1  0 0 -0.0779601 0 0 0
1.44 16.7233 0 -0.497218 1 0 0 0 1 0 0 0 1  0 0 -0.0772134 0 0 0
1.45 16.7233 0 -0.497962 1 0 0 0 1 0 0 0 1  0 0 -0.0734281 0 0 0
1.46 16.7233 0 -0.498701 1 0 0 0 1 0 0 0 1  0 0 -0.0727421 0 0 0
1.47 16.7233 0 -0.499409 1 0 0 0 1 0 0 0 1  0 0 -0.0698914 0 0 0
1.48 16.7233 0 -0.500099 1 0 0 0 1 0 0 0 1  0 0 -0.0677664 0 0 0
1.49 16.7233 0 -0.500773 1 0 0 0 1 0 0 0 1  0 0 -0.0665363 0 0 0
1.5 16.7233 0 -0.50142 1 0 0 0 1 0 0 0 1  0 0 -0.0636542 0 0 0
1.51 16.7233 0 -0.502056 1 0 0 0 1 0 0 0 1  0 0 -0.062553 0 0 0
1.52 16.7233 0 -0.502664 1 0 0 0 1 0 0 0 1  0 0 -0.0598668 0 0 0
1.53 16.7233 0 -0.503254 1 0 0 0 1 0 0 0 1  0 0 -0.057872 0 0 0
1.54 16.7233 0 -0.503828 1 0 0 0 1 0 0 0 1  -0 -0 -0.0564796 0 0 0
1.55 16.7233 0 -0.504373 1 0 0 0 1 0 0 0 1  -0 -0 -0.0534212 0 0 0
1.56 16.7233 0 -0.504916 1 0 0 0 1 0 0 0 1  -0 -0 -0.0533963 0 0 0
1.57 16.7233 0 -0.505423 1 0 0 0 1 0 0 0 1  -0 -0 -0.0498097 0 0 0
1.58 16.7233 0 -0.505932 1 0 0 0 1 0 0 0 1  -0 -0 -0.0499801 0 0 0
1.59 16.7233 0 -0.506412 1 0 0 0 1 0 0 0 1  -0 -0 -0.047393 0 0 0
1.6 16.7233 0 -0.506872 1 0 0 0 1 0 0 0 1  -0 -0 -0.0449097 0 0 0
1.61 16.7233 0 -0.507338 1 0 0 0 1 0 0 0 1  0 0 -0.0459833 0 0 0
1.62 16.7233 0 -0.507761 1 0 0 0 1 0 0 0 1  0 0 -0.0415864 0 0 0
1.63 16.7233 0 -0.50819 1 0 0 0 1 0 0 0 1  0 0 -0.0420802 0 0 0
1.64 16.7233 0 -0.508595 1 0 0 0 1 0 0 0 1  0 0 -0.0400104 0 0 0
1.65 16.7233 0 -0.508983 1 0 0 0 1 0 0 0 1  0 0 -0.0379279 0 0 0
1.66 16.7233 0 -0.509368 1 0 0 0 1 0 0 0 1  0 0 -0.0378272 0 0 0
1.67 16.7233 0 -0.509728 1 0 0 0 1 0 0 0 1  0 0 -0.0353965 0 0 0
1.68 16.7233 0 -0.510083 1 0 0 0 1 0 0 0 1  0 0 -0.0346744 0 0 0
1.69 16.7233 0 -0.510421 1 0 0 0 1 0 0 0 1  0 0 -0.0332709 0 0 0
1.7 16.7233 0 -0.510747 1 0 0 0 1 0 0 0 1  0 0 -0.0318324 0 0 0
1.71 16.7233 0 -0.511062 1 0 0 0 1 0 0 0 1  0 0 -0.030886 0 0 0
1.72 16.7233 0 -0.511362 1 0 0 0 1 0 0 0 1  0 0 -0.0293988 0 0 0
1.73 16.7233 0 -0.511652 1 0 0 0 1 0 0 0 1  0 0 -0.0283087 0 0 0
1.74 16.7233 0 -0.511929 1 0 0 0 1 0 0 0 1  0 0 -0.0272244 0 0 0
1.75 16.7233 0 -0.512194 1 0 0 0 1 0 0 0 1  0 0 -0.0258298 0 0 0
1.76 16.7233 0 -0.512448 1 0 0 0 1 0 0 0 1  0 0 -0.0247902 0 0 0
1.77 16.7233 0 -0.512689 1 0 0 0 1 0 0 0 1  0 0 -0.0235775 0 0 0
1.78 16.7233 0 -0.512921 1 0 0 0 1 0 0 0 1  0 0 -0.0226246 0 0 0
1.79 16.7233 0 -0.513141 1 0 0 0 1 0 0 0 1  0 0 -0.0214641 0 0 0
1.8 16.7233 0 -0.513352 1 0 0 0 1 0 0 0 1  0 0 -0.0205652 0 0 0
1.81 16.7233 0 -0.513552 1 0 0 0 1 0 0 0 1  0 0 -0.0195289 0 0 0
1.82 16.7233 0 -0.513743 1 0 0 0 1 0 0 0 1  0 0 -0.0186326 0 0 0
1.83 16.7233 0 -0.513925 1 0 0 0 1 0 0 0 1  0 0 -0.0177139 0 0 0
1.84 16.7233 0 -0.514098 1 0 0 0 1 0 0 0 1  0 0 -0.0168794 0 0 0
1.85 16.7233 0 -0.514263 1 0 0 0 1 0 0 0 1  0 0 -0.0160063 0 0 0
1.86 16.7233 0 -0.51442 1 0 0 0 1 0 0 0 1  0 0 -0.0152982 0 0 0
1.87 16.7233 0 -0.514568 1 0 0 0 1 0 0 0 1  0 0 -0.0144005 0 0 0
1.88 16.7233 0 -0.51471 1 0 0 0 1 0 0 0 1  0 0 -0.0138514 0 0 0
1.89 16.7233 0 -0.514844 1 0 0 0 1 0 0 0 1  0 0 -0.013035 0 0 0
1.9 16.7233 0 -0.514971 1 0 0 0 1 0 0 0 1  0 0 -0.0124253 0 0 0
1.91 16.7233 0 -0.515093 1 0 0 0 1 0 0 0 1  0 0 -0.0118208 0 0 0
1.92 16.7233 0 -0.515208 1 0 0 0 1 0 0 0 1  0 0 -0.011192 0 0 0
1.93 16.7233 0 -0.515317 1 0 0 0 1 0 0 0 1  0 0 -0.010602 0 0 0
1.94 16.7233 0 -0.515421 1 0 0 0 1 0 0 0 1  0 0 -0.0101084 0 0 0
1.95 16.7233 0 -0.51552 1 0 0 0 1 0 0 0 1  0 0 -0.00962821 0 0 0
1.96 16.7233 0 -0.515613 1 0 0 0 1 0 0 0 1  0 0 -0.00912665 0 0 0
1.97 16.7233 0 -0.515703 1 0 0 0 1 0 0 0 1  0 0 -0.00868509 0 0 0
1.98 16.7233 0 -0.515788 1 0 0 0 1 0 0 0 1  0 0 -0.00833605 0 0 0
1.99 16.7233 0 -0.515869 1 0 0 0 1 0 0 0 1  0 0 -0.00792321 0 0 0
2 16.7233 0 -0.515947 1 0 0 0 1 0 0 0 1  0 0 -0.00765763 0 0 0
2.01 16.7233 0 -0.516022 1 0 0 0 1 0 0 0 1  0 0 -0.00731227 0 0 0
2.02 16.7233 0 -0.516094 1 0 0 0 1 0 0 0 1  0 0 -0.00704094 0 0 0
2.03 16.7233 0 -0.516163 1 0 0 0 1 0 0 0 1  -0 -0 -0.00680782 0 0 0
2.04 16.7233 0 -0.51623 1 0 0 0 1 0 0 0 1  -0 -0 -0.00658507 0 0 0
2.05 16.7233 0 -0.516295 1 0 0 0 1 0 0 0 1  -0 -0 -0.00633641 0 0 0
2.06 16.7233 0 -0.516358 1 0 0 0 1 0 0 0 1  -0 -0 -0.00620153 0 0 0
2.07 16.7233 0 -0.51642 1 0 0 0 1 0 0 0 1  -0 -0 -0.00603015 0 0 0
2.08 16.7233 0 -0.516479 1 0 0 0 1 0 0 0 1  -0 -0 -0.00589874 0 0 0
2.09 16.7233 0 -0.516539 1 0 0 0 1 0 0 0 1  -0 -0 -0.00583403 0 0 0
2.1 16.7233 0 -0.516596 1 0 0 0 1 0 0 0 1  -0 -0 -0.00573558 0 0 0
2.11 16.7233 0 -0.516654 1 0 0 0 1 0 0 0 1  -0 -0 -0.00574244 0 0 0
2.12 16.7233 0 -0.516711 1 0 0 0 1 0 0 0 1  -0 -0 -0.00568335 0 0 0
2.13 16.7233 0 -0.516768 1 0 0 0 1 0 0 0 1  -0 -0 -0.0056581 0 0 0
2.14 16.7233 0 -0.516825 1 0 0 0 1 0 0 0 1  -0 -0 -0.00573081 0 0 0
2.15 16.7233 0 -0.516883 1 0 0 0 1 0 0 0 1  -0 -0 -0.00577962 0 0 0
2.16 16.7233 0 -0.51694 1 0 0 0 1 0 0 0 1  -0 -0 -0.00575847 0 0 0
2.17 16.7233 0 -0.516999 1 0 0 0 1 0 0 0 1  -0 -0 -0.00591919 0 0 0
2.18 16.7233 0 -0.517058 1 0 0 0 1 0 0 0 1  -0 -0 -0.00596388 0 0 0
2.19 16.7233 0 -0.517119 1 0 0 0 1 0 0 0 1  -0 -0 -0.00605686 0 0 0
2.2 16.7233 0 -0.517181 1 0 0 0 1 0 0 0 1  -0 -0 -0.00622365 0 0 0
2.21 16.7233 0 -0.517243 1 0 0 0 1 0 0 0 1  -0 -0 -0.00632179 0 0 0
2.22 16.7233 0 -0.517308 1 0 0 0 1 0 0 0 1  -0 -0 -0.00656579 0 0 0
2.23 16.7233 0 -0.517375 1 0 0 0 1 0 0 0 1  -0 -0 -0.00673151 0 0 0
2.24 16.7233 0 -0.517443 1 0 0 0 1 0 0 0 1  -0 -0 -0.00695996 0 0 0
2.25 16.7233 0 -0.517514 1 0 0 0 1 0 0 0 1  -0 -0 -0.00719939 0 0 0
2.26 16.7233 0 -0.517588 1 0 0 0 1 0 0 0 1  -0 -0 -0.00743493 0 0 0
2.27 16.7233 0 -0.517664 1 0 0 0 1 0 0 0 1  -0 -0 -0.00773539 0 0 0
2.28 16.7233 0 -0.517742 1 0 0 0 1 0 0 0 1  0 0 -0.00797867 0 0 0
2.29 16.7233 0 -0.517824 1 0 0 0 1 0 0 0 1  0 0 -0.0083045 0 0 0
2.3 16.7233 0 -0.517908 1 0 0 0 1 0 0 0 1  0 0 -0.00860715 0 0 0
2.31 16.7233 0 -0.517995 1 0 0 0 1 0 0 0 1  0 0 -0.00885225 0 0 0
2.32 16.7233 0 -0.518086 1 0 0 0 1 0 0 0 1  0 0 -0.00923851 0 0 0
2.33 16.7233 0 -0.51818 1 0 0 0 1 0 0 0 1  0 0 -0.00953698 0 0 0
2.34 16.7233 0 -0.518267 1 0 0 0 1 0 0 0 1  0 0 -0.00872795 0 0 0
2.35 16.7233 0 -0.518373 1 0 0 0 1 0 0 0 1  0 0 -0.0108123 0 0 0
2.36 16.7233 0 -0.518466 1 0 0 0 1 0 0 0 1  0 0 -0.009477 0 0 0
2.37 16.7233 0 -0.518574 1 0 0 0 1 0 0 0 1  0 0 -0.0108353 0 0 0
2.38 16.7233 0 -0.518681 1 0 0 0 1 0 0 0 1  0 0 -0.0110031 0 0 0
2.39 16.7233 0 -0.51879 1 0 0 0 1 0 0 0 1  0 0 -0.0109541 0 0 0
2.4 16.7233 0 -0.518908 1 0 0 0 1 0 0 0 1  0 0 -0.012033 0 0 0
2.41 16.7233 0 -0.519024 1 0 0 0 1 0 0 0 1  0 0 -0.011776 0 0 0
2.42 16.7233 0 -0.519148 1 0 0 0 1 0 0 0 1  0 0 -0.0126237 0 0 0
2.43 16.7233 0 -0.519275 1 0 0 0 1 0 0 0 1  0 0 -0.0128771 0 0 0
2.44 16.7233 0 -0.519405 1 0 0 0 1 0 0 0 1  0 0 -0.0131619 0 0 0
2.45 16.7233 0 -0.519541 1 0 0 0 1 0 0 0 1  0 0 -0.0138925 0 0 0
2.46 16.7233 0 -0.519679 1 0 0 0 1 0 0 0 1  0 0 -0.0139465 0 0 0
2.47 16.7233 0 -0.519823 1 0 0 0 1 0 0 0 1  0 0 -0.014616 0 0 0
2.48 16.7233 0 -0.51997 1 0 0 0 1 0 0 0 1  0 0 -0.0149777 0 0 0
2.49 16.7233 0 -0.520121 1 0 0 0 1 0 0 0 1  0 0 -0.0152669 0 0 0
2.5 16.7233 0 -0.520278 1 0 0 0 1 0 0 0 1  0 0 -0.015882 0 0 0
2.51 16.7233 0 -0.520437 1 0 0 0 1 0 0 0 1  0 0 -0.0161003 0 0 0
2.52 16.7233 0 -0.520601 1 0 0 0 1 0 0 0 1  0 0 -0.0166174 0 0 0
2.53 16.7233 0 -0.520769 1 0 0 0 1 0 0 0 1  0 0 -0.0169734 0 0 0
2.54 16.7233 0 -0.52094 1 0 0 0 1 0 0 0 1  0 0 -0.0173904 0 0 0
2.55 16.7233 0 -0.521116 1 0 0 0 1 0 0 0 1  0 0 -0.0177712 0 0 0
2.56 16.7233 0 -0.521296 1 0 0 0 1 0 0 0 1  0 0 -0.0181781 0 0 0
2.57 16.7233 0 -0.521479 1 0 0 0 1 0 0 0 1  0 0 -0.018551 0 0 0
2.58 16.7233 0 -0.521667 1 0 0 0 1 0 0 0 1  0 0 -0.0189422 0 0 0
2.59 16.7233 0 -0.521858 1 0 0 0 1 0 0 0 1  0 0 -0.019334 0 0 0
2.6 16.7233 0 -0.522053 1 0 0 0 1 0 0 0 1  0 0 -0.019695 0 0 0
2.61 16.7233 0 -0.522256 1 0 0 0 1 0 0 0 1  0 0 -0.0204751 0 0 0
2.62 16.7233 0 -0.522456 1 0 0 0 1 0 0 0 1  0 0 -0.0202183 0 0 0
2.63 16.7233 0 -0.522667 1 0 0 0 1 0 0 0 1  0 0 -0.0212636 0 0 0
2.64 16.7233 0 -0.522876 1 0 0 0 1 0 0 0 1  0 0 -0.0210843 0 0 0
2.65 16.7233 0 -0.523091 1 0 0 0 1 0 0 0 1  0 0 -0.0217149 0 0 0
2.66 16.7233 0 -0.523309 1 0 0 0 1 0 0 0 1  0 0 -0.0220306 0 0 0
2.67 16.7233 0 -0.523531 1 0 0 0 1 0 0 0 1  0 0 -0.0223467 0 0 0
2.68 16.7233 0 -0.523758 1 0 0 0 1 0 0 0 1  0 0 -0.0227764 0 0 0
2.69 16.7233 0 -0.523981 1 0 0 0 1 0 0 0 1  0 0 -0.0225154 0 0 0
2.7 16.7233 0 -0.524216 1 0 0 0 1 0 0 0 1  0 0 -0.0237283 0 0 0
2.71 16.7233 0 -0.524442 1 0 0 0 1 0 0 0 1  0 0 -0.0226543 0 0 0
2.72 16.7233 0 -0.52468 1 0 0 0 1 0 0 0 1  0 0 -0.0239002 0 0 0
2.73 16.7233 0 -0.524915 1 0 0 0 1 0 0 0 1  0 0 -0.0236494 0 0 0
2.74 16.7233 0 -0.52516 1 0 0 0 1 0 0 0 1  0 0 -0.0247865 0 0 0
2.75 16.7233 0 -0.525401 1 0 0 0 1 0 0 0 1  0 0 -0.024287 0 0 0
2.76 16.7233 0 -0.52564 1 0 0 0 1 0 0 0 1  0 0 -0.0237585 0 0 0
2.77 16.7233 0 -0.525893 1 0 0 0 1 0 0 0 1  0 0 -0.0254291 0 0 0
2.78 16.7233 0 -0.526136 1 0 0 0 1 0 0 0 1  0 0 -0.0245093 0 0 0
2.79 16.7233 0 -0.526388 1 0 0 0 1 0 0 0 1  0 0 -0.0251727 0 0 0
2.8 16.7233 0 -0.526641 1 0 0 0 1 0 0 0 1  0 0 -0.0255265 0 0 0
2.81 16.7233 0 -0.526892 1 0 0 0 1 0 0 0 1  0 0 -0.0251063 0 0 0
2.82 16.7233 0 -0.527149 1 0 0 0 1 0 0 0 1  0 0 -0.0258669 0 0 0
2.83 16.7233 0 -0.527404 1 0 0 0 1 0 0 0 1  0 0 -0.0255826 0 0 0
2.84 16.7233 0 -0.527662 1 0 0 0 1 0 0 0 1  0 0 -0.0257718 0 0 0
2.85 16.7233 0 -0.527921 1 0 0 0 1 0 0 0 1  0 0 -0.0260473 0 0 0
2.86 16.7233 0 -0.528179 1 0 0 0 1 0 0 0 1  0 0 -0.0258284 0 0 0
2.87 16.7233 0 -0.528447 1 0 0 0 1 0 0 0 1  0 0 -0.0269491 0 0 0
2.88 16.7233 0 -0.528705 1 0 0 0 1 0 0 0 1  0 0 -0.0258793 0 0 0
2.89 16.7233 0 -0.528973 1 0 0 0 1 0 0 0 1  0 0 -0.0267974 0 0 0
2.9 16.7233 0 -0.529237 1 0 0 0 1 0 0 0 1  0 0 -0.0264377 0 0 0
2.91 16.7233 0 -0.529511 1 0 0 0 1 0 0 0 1  0 0 -0.0276098 0 0 0
2.92 16.7233 0 -0.529771 1 0 0 0 1 0 0 0 1  0 0 -0.0260252 0 0 0
2.93 16.7233 0 -0.530044 1 0 0 0 1 0 0 0 1  0 0 -0.0271889 0 0 0
2.94 16.7233 0 -0.530307 1 0 0 0 1 0 0 0 1  0 0 -0.0263541 0 0 0
2.95 16.7233 0 -0.530575 1 0 0 0 1 0 0 0 1  0 0 -0.0267022 0 0 0
2.96 16.7233 0 -0.530841 1 0 0 0 1 0 0 0 1  0 0 -0.0265785 0 0 0
2.97 16.7233 0 -0.531104 1 0 0 0 1 0 0 0 1  0 0 -0.0262569 0 0 0
2.98 16.7233 0 -0.531369 1 0 0 0 1 0 0 0 1  0 0 -0.0265017 0 0 0
2.99 16.7233 0 -0.531631 1 0 0 0 1 0 0 0 1  0 0 -0.0260864 0 0 0
3 16.7233 0 -0.531893 1 0 0 0 1 0 0 0 1  0 0 -0.0261139 0 0 0
3.01 16.7233 0 -0.532154 1 0 0 0 1 0 0 0 1  0 0 -0.0260368 0 0 0
3.02 16.7233 0 -0.532411 1 0 0 0 1 0 0 0 1  0 0 -0.0256827 0 0 0
3.03 16.7233 0 -0.53267 1 0 0 0 1 0 0 0 1  0 0 -0.025778 0 0 0
3.04 16.7233 0 -0.532923 1 0 0 0 1 0 0 0 1  0 0 -0.0252663 0 0 0
3.05 16.7233 0 -0.533177 1 0 0 0 1 0 0 0 1  0 0 -0.0252186 0 0 0
3.06 16.7233 0 -0.533427 1 0 0 0 1 0 0 0 1  0 0 -0.0248776 0 0 0
3.07 16.7233 0 -0.533674 1 0 0 0 1 0 0 0 1  0 0 -0.0245004 0 0 0
3.08 16.7233 0 -0.533918 1 0 0 0 1 0 0 0 1  0 0 -0.0243176 0 0 0
3.09 16.7233 0 -0.534159 1 0 0 0 1 0 0 0 1  0 0 -0.0238528 0 0 0
3.1 16.7233 0 -0.534396 1 0 0 0 1 0 0 0 1  0 0 -0.0235591 0 0 0
3.11 16.7233 0 -0.534629 1 0 0 0 1 0 0 0 1  0 0 -0.0231162 0 0 0
3.12 16.7233 0 -0.534858 1 0 0 0 1 0 0 0 1  0 0 -0.0226899 0 0 0
3.13 16.7233 0 -0.535082 1 0 0 0 1 0 0 0 1  0 0 -0.0222039 0 0 0
3.14 16.7233 0 -0.535302 1 0 0 0 1 0 0 0 1  0 0 -0.0217431 0 0 0
3.15 16.7233 0 -0.535504 1 0 0 0 1 0 0 0 1  0 0 -0.0196903 0 0 0
3.16 16.7233 0 -0.535721 1 0 0 0 1 0 0 0 1  0 0 -0.0215025 0 0 0
3.17 16.7233 0 -0.53591 1 0 0 0 1 0 0 0 1  0 0 -0.0186657 0 0 0
3.18 16.7233 0 -0.536111 1 0 0 0 1 0 0 0 1  0 0 -0.0196707 0 0 0
3.19 16.7233 0 -0.536297 1 0 0 0 1 0 0 0 1  0 0 -0.0184723 0 0 0
3.2 16.7233 0 -0.536477 1 0 0 0 1 0 0 0 1  0 0 -0.0175398 0 0 0
3.21 16.7233 0 -0.536657 1 0 0 0 1 0 0 0 1  0 0 -0.0177758 0 0 0
3.22 16.7233 0 -0.536822 1 0 0 0 1 0 0 0 1  0 0 -0.0161848 0 0 0
3.23 16.7233 0 -0.536987 1 0 0 0 1 0 0 0 1  0 0 -0.0161657 0 0 0
3.24 16.7233 0 -0.537142 1 0 0 0 1 0 0 0 1  0 0 -0.0152416 0 0 0
3.25 16.7233 0 -0.537289 1 0 0 0 1 0 0 0 1  0 0 -0.0142477 0 0 0
3.26 16.7233 0 -0.53743 1 0 0 0 1 0 0 0 1  0 0 -0.0137387 0 0 0
3.27 16.7233 0 -0.537562 1 0 0 0 1 0 0 0 1  0 0 -0.012785 0 0 0
3.28 16.7233 0 -0.537685 1 0 0 0 1 0 0 0 1  -0 -0 -0.011834 0 0 0
3.29 16.7233 0 -0.537802 1 0 0 0 1 0 0 0 1  -0 -0 -0.0113413 0 0 0
3.3 16.7233 0 -0.537909 1 0 0 0 1 0 0 0 1  -0 -0 -0.0103254 0 0 0
3.31 16.7233 0 -0.538009 1 0 0 0 1 0 0 0 1  -0 -0 -0.00950246 0 0 0
3.32 16.7233 0 -0.538101 1 0 0 0 1 0 0 0 1  -0 -0 -0.0088192 0 0 0
3.33 16.7233 0 -0.538183 1 0 0 0 1 0 0 0 1  -0 -0 -0.00776769 0 0 0
3.34 16.7233 0 -0.538258 1 0 0 0 1 0 0 0 1  -0 -0 -0.00708821 0 0 0
3.35 16.7233 0 -0.538324 1 0 0 0 1 0 0 0 1  -0 -0 -0.00615953 0 0 0
3.36 16.7233 0 -0.538381 1 0 0 0 1 0 0 0 1  -0 -0 -0.00521148 0 0 0
3.37 16.7233 0 -0.538429 1 0 0 0 1 0 0 0 1  -0 -0 -0.00444108 0 0 0
3.38 16.7233 0 -0.538467 1 0 0 0 1 0 0 0 1  -0 -0 -0.00334059 0 0 0
3.39 16.7233 0 -0.538497 1 0 0 0 1 0 0 0 1  -0 -0 -0.0025006 0 0 0
3.4 16.7233 0 -0.538517 1 0 0 0 1 0 0 0 1  -0 -0 -0.0014609 0 0 0
3.41 16.7233 0 -0.538525 1 0 0 0 1 0 0 0 1  -0 -0 -0.000272596 0 0 0
3.42 16.7233 0 -0.538524 1 0 0 0 1 0 0 0 1  0 0 0.000815449 0 0 0
3.43 16.7233 0 -0.538515 1 0 0 0 1 0 0 0 1  0 0 0.00131984 0 0 0
3.44 16.7233 0 -0.538491 1 0 0 0 1 0 0 0 1  0 0 0.00287433 0 0 0
3.45 16.7233 0 -0.538459 1 0 0 0 1 0 0 0 1  0 0 0.00378343 0 0 0
3.46 16.7233 0 -0.538416 1 0 0 0 1 0 0 0 1  0 0 0.00483495 0 0 0
3.47 16.7233 0 -0.538361 1 0 0 0 1 0 0 0 1  0 0 0.00613801 0 0 0
3.48 16.7233 0 -0.538295 1 0 0 0 1 0 0 0 1  0 0 0.00709752 0 0 0
3.49 16.7233 0 -0.538217 1 0 0 0 1 0 0 0 1  0 0 0.00838845 0 0 0
3.5 16.7233 0 -0.538127 1 0 0 0 1 0 0 0 1  0 0 0.0095653 0 0 0
3.51 16.7233 0 -0.538026 1 0 0 0 1 0 0 0 1  0 0 0.0106859 0 0 0
3.52 16.7233 0 -0.537912 1 0 0 0 1 0 0 0 1  0 0 0.0120211 0 0 0
3.53 16.7233 0 -0.537787 1 0 0 0 1 0 0 0 1  0 0 0.0131073 0 0 0
3.54 16.7233 0 -0.53765 1 0 0 0 1 0 0 0 1  0 0 0.0143442 0 0 0
3.55 16.7233 0 -0.5375 1 0 0 0 1 0 0 0 1  0 0 0.0156364 0 0 0
3.56 16.7233 0 -0.537338 1 0 0 0 1 0 0 0 1  0 0 0.0168288 0 0 0
3.57 16.7233 0 -0.537161 1 0 0 0 1 0 0 0 1  0 0 0.0182905 0 0 0
3.58 16.7233 0 -0.536975 1 0 0 0 1 0 0 0 1  0 0 0.0193144 0 0 0
3.59 16.7233 0 -0.536774 1 0 0 0 1 0 0 0 1  0 0 0.0206389 0 0 0
3.6 16.7233 0 -0.536561 1 0 0 0 1 0 0 0 1  0 0 0.0219775 0 0 0
3.61 16.7233 0 -0.536337 1 0 0 0 1 0 0 0 1  0 0 0.0230602 0 0 0
3.62 16.7233 0 -0.536097 1 0 0 0 1 0 0 0 1  0 0 0.0246555 0 0 0
3.63 16.7233 0 -0.535847 1 0 0 0 1 0 0 0 1  0 0 0.0256707 0 0 0
3.64 16.7233 0 -0.535582 1 0 0 0 1 0 0 0 1  0 0 0.0271104 0 0 0
3.65 16.7233 0 -0.535305 1 0 0 0 1 0 0 0 1  0 0 0.028371 0 0 0
3.66 16.7233 0 -0.535015 1 0 0 0 1 0 0 0 1  0 0 0.0295953 0 0 0
3.67 16.7233 0 -0.534717 1 0 0 0 1 0 0 0 1  0 0 0.0302877 0 0 0
3.68 16.7233 0 -0.534399 1 0 0 0 1 0 0 0 1  0 0 0.0324868 0 0 0
3.69 16.7233 0 -0.534076 1 0 0 0 1 0 0 0 1  0 0 0.0329781 0 0 0
3.7 16.7233 0 -0.533735 1 0 0 0 1 0 0 0 1  0 0 0.0346469 0 0 0
3.71 16.7233 0 -0.533382 1 0 0 0 1 0 0 0 1  0 0 0.0360055 0 0 0
3.72 16.7233 0 -0.533019 1 0 0 0 1 0 0 0 1  0 0 0.0369975 0 0 0
3.73 16.7233 0 -0.532638 1 0 0 0 1 0 0 0 1  0 0 0.0386624 0 0 0
3.74 16.7233 0 -0.532247 1 0 0 0 1 0 0 0 1  0 0 0.0397746 0 0 0
3.75 16.7233 0 -0.531843 1 0 0 0 1 0 0 0 1  0 0 0.0411168 0 0 0
3.76 16.7233 0 -0.531423 1 0 0 0 1 0 0 0 1  0 0 0.0426788 0 0 0
3.77 16.7233 0 -0.530991 1 0 0 0 1 0 0 0 1  0 0 0.0438849 0 0 0
3.78 16.7233 0 -0.530544 1 0 0 0 1 0 0 0 1  0 0 0.0453566 0 0 0
3.79 16.7233 0 -0.530084 1 0 0 0 1 0 0 0 1  0 0 0.046681 0 0 0
3.8 16.7233 0 -0.529611 1 0 0 0 1 0 0 0 1  0 0 0.0480181 0 0 0
3.81 16.7233 0 -0.529123 1 0 0 0 1 0 0 0 1  0 0 0.0494322 0 0 0
3.82 16.7233 0 -0.528621 1 0 0 0 1 0 0 0 1  0 0 0.0509092 0 0 0
3.83 16.7233 0 -0.528108 1 0 0 0 1 0 0 0 1  0 0 0.0520113 0 0 0
3.84 16.7233 0 -0.527578 1 0 0 0 1 0 0 0 1  0 0 0.0536143 0 0 0
3.85 16.7233 0 -0.527036 1 0 0 0 1 0 0 0 1  0 0 0.0549065 0 0 0
3.86 16.7233 0 -0.526478 1 0 0 0 1 0 0 0 1  0 0 0.0565683 0 0 0
3.87 16.7233 0 -0.525904 1 0 0 0 1 0 0 0 1  0 0 0.0582645 0 0 0
3.88 16.7233 0 -0.525316 1 0 0 0 1 0 0 0 1  0 0 0.0596199 0 0 0
3.89 16.7233 0 -0.524708 1 0 0 0 1 0 0 0 1  0 0 0.0616562 0 0 0
3.9 16.7233 0 -0.524075 1 0 0 0 1 0 0 0 1  0 0 0.064486 0 0 0
3.91 16.7233 0 -0.523457 1 0 0 0 1 0 0 0 1  0 0 0.0623497 0 0 0
3.92 16.7233 0 -0.522784 1 0 0 0 1 0 0 0 1  0 0 0.0680934 0 0 0
3.93 16.7233 0 -0.522133 1 0 0 0 1 0 0 0 1  0 0 0.0659815 0 0 0
3.94 16.7233 0 -0.521456 1 0 0 0 1 0 0 0 1  0 0 0.0679361 0 0 0
3.95 16.7233 0 -0.520755 1 0 0 0 1 0 0 0 1  0 0 0.0711035 0 0 0
3.96 16.7233 0 -0.520072 1 0 0 0 1 0 0 0 1  0 0 0.0687632 0 0 0
3.97 16.7233 0 -0.519345 1 0 0 0 1 0 0 0 1  0 0 0.0732362 0 0 0
3.98 16.7233 0 -0.518632 1 0 0 0 1 0 0 0 1  0 0 0.072022 0 0 0
3.99 16.7233 0 -0.517895 1 0 0 0 1 0 0 0 1  0 0 0.0740384 0 0 0
4 16.7233 0 -0.517147 1 0 0 0 1 0 0 0 1  0 0 0.0755378 0 0 0
4.01 16.7233 0 -0.516399 1 0 0 0 1 0 0 0 1  0 0 0.0752978 0 0 0
4.02 16.7233 0 -0.515626 1 0 0 0 1 0 0 0 1  0 0 0.0777585 0 0 0
4.03 16.7233 0 -0.514853 1 0 0 0 1 0 0 0 1  0 0 0.0778847 0 0 0
4.04 16.7233 0 -0.514066 1 0 0 0 1 0 0 0 1  0 0 0.0790795 0 0 0
4.05 16.7233 0 -0.513267 1 0 0 0 1 0 0 0 1  0 0 0.0805525 0 0 0
4.06 16.7233 0 -0.512465 1 0 0 0 1 0 0 0 1  0 0 0.0806595 0 0 0
4.07 16.7233 0 -0.511646 1 0 0 0 1 0 0 0 1  0 0 0.0823173 0 0 0
4.08 16.7233 0 -0.510822 1 0 0 0 1 0 0 0 1  0 0 0.0828979 0 0 0
4.09 16.7233 0 -0.509988 1 0 0 0 1 0 0 0 1  0 0 0.0838175 0 0 0
4.1 16.7233 0 -0.509135 1 0 0 0 1 0 0 0 1  0 0 0.0860333 0 0 0
4.11 16.7233 0 -0.508277 1 0 0 0 1 0 0 0 1  0 0 0.0865522 0 0 0
4.12 16.7233 0 -0.507405 1 0 0 0 1 0 0 0 1  0 0 0.087703 0 0 0
4.13 16.7233 0 -0.506521 1 0 0 0 1 0 0 0 1  0 0 0.0890288 0 0 0
4.14 16.7233 0 -0.505612 1 0 0 0 1 0 0 0 1  0 0 0.0919329 0 0 0
4.15 16.7233 0 -0.50473 1 0 0 0 1 0 0 0 1  0 0 0.0884594 0 0 0
4.16 16.7233 0 -0.503776 1 0 0 0 1 0 0 0 1  0 0 0.0961828 0 0 0
4.17 16.7233 0 -0.5029 1 0 0 0 1 0 0 0 1  0 0 0.0879111 0 0 0
4.18 16.7233 0 -0.501945 1 0 0 0 1 0 0 0 1  0 0 0.0954827 0 0 0
4.19 16.7233 0 -0.501029 1 0 0 0 1 0 0 0 1  0 0 0.09236 0 0 0
4.2 16.7233 0 -0.500092 1 0 0 0 1 0 0 0 1  0 0 0.0936315 0 0 0
4.21 16.7233 0 -0.499141 1 0 0 0 1 0 0 0 1  0 0 0.0955616 0 0 0
4.22 16.7233 0 -0.498207 1 0 0 0 1 0 0 0 1  0 0 0.0935833 0 0 0
4.23 16.7233 0 -0.497246 1 0 0 0 1 0 0 0 1  0 0 0.0963009 0 0 0
4.24 16.7233 0 -0.496294 1 0 0 0 1 0 0 0 1  0 0 0.0955814 0 0 0
4.25 16.7233 0 -0.495335 1 0 0 0 1 0 0 0 1  0 0 0.0958868 0 0 0
4.26 16.7233 0 -0.494366 1 0 0 0 1 0 0 0 1  0 0 0.0972652 0 0 0
4.27 16.7233 0 -0.4934 1 0 0 0 1 0 0 0 1  0 0 0.0967889 0 0 0
4.28 16.7233 0 -0.492422 1 0 0 0 1 0 0 0 1  0 0 0.0980503 0 0 0
4.29 16.7233 0 -0.491439 1 0 0 0 1 0 0 0 1  0 0 0.0987619 0 0 0
4.3 16.7233 0 -0.490451 1 0 0 0 1 0 0 0 1  0 0 0.0992131 0 0 0
4.31 16.7233 0 -0.489457 1 0 0 0 1 0 0 0 1  0 0 0.0997546 0 0 0
4.32 16.7233 0 -0.488456 1 0 0 0 1 0 0 0 1  0 0 0.100373 0 0 0
4.33 16.7233 0 -0.487428 1 0 0 0 1 0 0 0 1  0 0 0.103592 0 0 0
4.34 16.7233 0 -0.486432 1 0 0 0 1 0 0 0 1  0 0 0.0998925 0 0 0
4.35 16.7233 0 -0.485415 1 0 0 0 1 0 0 0 1  0 0 0.101502 0 0 0
4.36 16.7233 0 -0.484393 1 0 0 0 1 0 0 0 1  0 0 0.102639 0 0 0
4.37 16.7233 0 -0.483392 1 0 0 0 1 0 0 0 1  0 0 0.099938 0 0 0
4.38 16.7233 0 -0.482351 1 0 0 0 1 0 0 0 1  0 0 0.104316 0 0 0
4.39 16.7233 0 -0.481353 1 0 0 0 1 0 0 0 1  0 0 0.0998778 0 0 0
4.4 16.7233 0 -0.480318 1 0 0 0 1 0 0 0 1  0 0 0.103348 0 0 0
4.41 16.7233 0 -0.479305 1 0 0 0 1 0 0 0 1  0 0 0.101468 0 0 0
4.42 16.7233 0 -0.478287 1 0 0 0 1 0 0 0 1  0 0 0.101644 0 0 0
4.43 16.7233 0 -0.477262 1 0 0 0 1 0 0 0 1  0 0 0.10265 0 0 0
4.44 16.7233 0 -0.476249 1 0 0 0 1 0 0 0 1  0 0 0.101279 0 0 0
4.45 16.7233 0 -0.475224 1 0 0 0 1 0 0 0 1  0 0 0.102436 0 0 0
4.46 16.7233 0 -0.474204 1 0 0 0 1 0 0 0 1  0 0 0.102239 0 0 0
4.47 16.7233 0 -0.473183 1 0 0 0 1 0 0 0 1  0 0 0.102119 0 0 0
4.48 16.7233 0 -0.472153 1 0 0 0 1 0 0 0 1  0 0 0.103202 0 0 0
4.49 16.7233 0 -0.471133 1 0 0 0 1 0 0 0 1  0 0 0.102137 0 0 0
4.5 16.7233 0 -0.470101 1 0 0 0 1 0 0 0 1  0 0 0.103182 0 0 0
4.51 16.7233 0 -0.469049 1 0 0 0 1 0 0 0 1  0 0 0.105925 0 0 0
4.52 16.7233 0 -0.468043 1 0 0 0 1 0 0 0 1  0 0 0.100301 0 0 0
4.53 16.7233 0 -0.467007 1 0 0 0 1 0 0 0 1  0 0 0.103128 0 0 0
4.54 16.7233 0 -0.465975 1 0 0 0 1 0 0 0 1  0 0 0.103714 0 0 0
4.55 16.7233 0 -0.464978 1 0 0 0 1 0 0 0 1  0 0 0.0991384 0 0 0
4.56 16.7233 0 -0.463939 1 0 0 0 1 0 0 0 1  0 0 0.103721 0 0 0
4.57 16.7233 0 -0.462948 1 0 0 0 1 0 0 0 1  0 0 0.0989398 0 0 0
4.58 16.7233 0 -0.461936 1 0 0 0 1 0 0 0 1  0 0 0.100757 0 0 0
4.59 16.7233 0 -0.460936 1 0 0 0 1 0 0 0 1  0 0 0.099912 0 0 0
4.6 16.7233 0 -0.45995 1 0 0 0 1 0 0 0 1  0 0 0.0981699 0 0 0
4.61 16.7233 0 -0.458953 1 0 0 0 1 0 0 0 1  0 0 0.0994785 0 0 0
4.62 16.7233 0 -0.457977 1 0 0 0 1 0 0 0 1  0 0 0.0973671 0 0 0
4.63 16.7233 0 -0.456996 1 0 0 0 1 0 0 0 1  0 0 0.0977523 0 0 0
4.64 16.7233 0 -0.456021 1 0 0 0 1 0 0 0 1  0 0 0.0974596 0 0 0
4.65 16.7233 0 -0.455046 1 0 0 0 1 0 0 0 1  0 0 0.0974478 0 0 0
4.66 16.7233 0 -0.454076 1 0 0 0 1 0 0 0 1  0 0 0.0969657 0 0 0
4.67 16.7233 0 -0.453107 1 0 0 0 1 0 0 0 1  0 0 0.0967155 0 0 0
4.68 16.7233 0 -0.452142 1 0 0 0 1 0 0 0 1  0 0 0.0964718 0 0 0
4.69 16.7233 0 -0.451158 1 0 0 0 1 0 0 0 1  0 0 0.0987287 0 0 0
4.7 16.7233 0 -0.450223 1 0 0 0 1 0 0 0 1  0 0 0.0931145 0 0 0
4.71 16.7233 0 -0.449261 1 0 0 0 1 0 0 0 1  0 0 0.095668 0 0 0
4.72 16.7233 0 -0.448324 1 0 0 0 1 0 0 0 1  0 0 0.0936317 0 0 0
4.73 16.7233 0 -0.447397 1 0 0 0 1 0 0 0 1  0 0 0.091972 0 0 0
4.74 16.7233 0 -0.446465 1 0 0 0 1 0 0 0 1  0 0 0.0928406 0 0 0
4.75 16.7233 0 -0.445564 1 0 0 0 1 0 0 0 1  0 0 0.0896532 0 0 0
4.76 16.7233 0 -0.444654 1 0 0 0 1 0 0 0 1  0 0 0.0903556 0 0 0
4.77 16.7233 0 -0.443765 1 0 0 0 1 0 0 0 1  0 0 0.0885621 0 0 0
4.78 16.7233 0 -0.442883 1 0 0 0 1 0 0 0 1  0 0 0.0876008 0 0 0
4.79 16.7233 0 -0.442009 1 0 0 0 1 0 0 0 1  0 0 0.0869745 0 0 0
4.8 16.7233 0 -0.44115 1 0 0 0 1 0 0 0 1  0 0 0.0852912 0 0 0
4.81 16.7233 0 -0.440297 1 0 0 0 1 0 0 0 1  0 0 0.0848005 0 0 0
4.82 16.7233 0 -0.439457 1 0 0 0 1 0 0 0 1  0 0 0.0834512 0 0 0
4.83 16.7233 0 -0.438625 1 0 0 0 1 0 0 0 1  0 0 0.0827146 0 0 0
4.84 16.7233 0 -0.437803 1 0 0 0 1 0 0 0 1  0 0 0.0816991 0 0 0
4.85 16.7233 0 -0.436991 1 0 0 0 1 0 0 0 1  0 0 0.0807405 0 0 0
4.86 16.7233 0 -0.436183 1 0 0 0 1 0 0 0 1  0 0 0.0805489 0 0 0
4.87 16.7233 0 -0.435382 1 0 0 0 1 0 0 0 1  0 0 0.0798985 0 0 0
4.88 16.7233 0 -0.434588 1 0 0 0 1 0 0 0 1  0 0 0.0790757 0 0 0
4.89 16.7233 0 -0.433812 1 0 0 0 1 0 0 0 1  0 0 0.0770618 0 0 0
4.9 16.7233 0 -0.433011 1 0 0 0 1 0 0 0 1  0 0 0.0801396 0 0 0
4.91 16.7233 0 -0.432273 1 0 0 0 1 0 0 0 1  0 0 0.0730894 0 0 0
4.92 16.7233 0 -0.431492 1 0 0 0 1 0 0 0 1  0 0 0.0773863 0 0 0
4.93 16.7233 0 -0.430762 1 0 0 0 1 0 0 0 1  0 0 0.0728021 0 0 0
4.94 16.7233 0 -0.430028 1 0 0 0 1 0 0 0 1  0 0 0.0724305 0 0 0
4.95 16.7233 0 -0.429301 1 0 0 0 1 0 0 0 1  0 0 0.0722914 0 0 0
4.96 16.7233 0 -0.428608 1 0 0 0 1 0 0 0 1  0 0 0.0685697 0 0 0
4.97 16.7233 0 -0.427903 1 0 0 0 1 0 0 0 1  0 0 0.069835 0 0 0
4.98 16.7233 0 -0.427233 1 0 0 0 1 0 0 0 1  0 0 0.0664068 0 0 0
4.99 16.7233 0 -0.426564 1 0 0 0 1 0 0 0 1  0 0 0.0660003 0 0 0
5 16.7233 0 -0.425909 1 0 0 0 1 0 0 0 1  0 0 0.0650783 0 0 0
5.01 16.7233 0 -0.425277 1 0 0 0 1 0 0 0 1  0 0 0.0623573 0 0 0
5.02 16.7233 0 -0.424646 1 0 0 0 1 0 0 0 1  0 0 0.0624628 0 0 0
5.03 16.7233 0 -0.424039 1 0 0 0 1 0 0 0 1  0 0 0.060022 0 0 0
5.04 16.7233 0 -0.423441 1 0 0 0 1 0 0 0 1  0 0 0.0590709 0 0 0
5.05 16.7233 0 -0.422856 1 0 0 0 1 0 0 0 1  0 0 0.0578965 0 0 0
5.06 16.7233 0 -0.422289 1 0 0 0 1 0 0 0 1  0 0 0.0559762 0 0 0
5.07 16.7233 0 -0.421728 1 0 0 0 1 0 0 0 1  0 0 0.0553476 0 0 0
5.08 16.7233 0 -0.421187 1 0 0 0 1 0 0 0 1  0 0 0.053442 0 0 0
5.09 16.7233 0 -0.420657 1 0 0 0 1 0 0 0 1  0 0 0.0522745 0 0 0
5.1 16.7233 0 -0.420142 1 0 0 0 1 0 0 0 1  0 0 0.0508553 0 0 0
5.11 16.7233 0 -0.419641 1 0 0 0 1 0 0 0 1  0 0 0.0493593 0 0 0
5.12 16.7233 0 -0.419154 1 0 0 0 1 0 0 0 1  0 0 0.048002 0 0 0
5.13 16.7233 0 -0.418681 1 0 0 0 1 0 0 0 1  0 0 0.0466218 0 0 0
5.14 16.7233 0 -0.418222 1 0 0 0 1 0 0 0 1  0 0 0.0451564 0 0 0
5.15 16.7233 0 -0.417777 1 0 0 0 1 0 0 0 1  0 0 0.0438052 0 0 0
5.16 16.7233 0 -0.417347 1 0 0 0 1 0 0 0 1  0 0 0.0423218 0 0 0
5.17 16.7233 0 -0.416922 1 0 0 0 1 0 0 0 1  0 0 0.0419375 0 0 0
5.18 16.7233 0 -0.416524 1 0 0 0 1 0 0 0 1  0 0 0.0390972 0 0 0
5.19 16.7233 0 -0.416147 1 0 0 0 1 0 0 0 1  0 0 0.0365068 0 0 0
5.2 16.7233 0 -0.415727 1 0 0 0 1 0 0 0 1  0 0 0.0419881 0 0 0
5.21 16.7233 0 -0.415436 1 0 0 0 1 0 0 0 1  0 0 0.0275422 0 0 0
5.22 16.7233 0 -0.415024 1 0 0 0 1 0 0 0 1  0 0 0.0404422 0 0 0
5.23 16.7233 0 -0.414756 1 0 0 0 1 0 0 0 1  0 0 0.0264413 0 0 0
5.24 16.7233 0 -0.414412 1 0 0 0 1 0 0 0 1  0 0 0.0330991 0 0 0
5.25 16.7233 0 -0.414124 1 0 0 0 1 0 0 0 1  0 0 0.0287741 0 0 0
5.26 16.7233 0 -0.413857 1 0 0 0 1 0 0 0 1  0 0 0.0253653 0 0 0
5.27 16.7233 0 -0.413565 1 0 0 0 1 0 0 0 1  0 0 0.0287404 0 0 0
5.28 16.7233 0 -0.413341 1 0 0 0 1 0 0 0 1  0 0 0.0216703 0 0 0
5.29 16.7233 0 -0.413085 1 0 0 0 1 0 0 0 1  0 0 0.0246589 0 0 0
5.3 16.7233 0 -0.412873 1 0 0 0 1 0 0 0 1  0 0 0.0206742 0 0 0
5.31 16.7233 0 -0.412668 1 0 0 0 1 0 0 0 1  0 0 0.0195376 0 0 0
5.32 16.7233 0 -0.41247 1 0 0 0 1 0 0 0 1  0 0 0.0191546 0 0 0
5.33 16.7233 0 -0.412305 1 0 0 0 1 0 0 0 1  0 0 0.0156745 0 0 0
5.34 16.7233 0 -0.412138 1 0 0 0 1 0 0 0 1  0 0 0.0159097 0 0 0
5.35 16.7233 0 -0.412 1 0 0 0 1 0 0 0 1  0 0 0.0130309 0 0 0
5.36 16.7233 0 -0.411873 1 0 0 0 1 0 0 0 1  0 0 0.0118539 0 0 0
5.37 16.7233 0 -0.41176 1 0 0 0 1 0 0 0 1  0 0 0.010546 0 0 0
5.38 16.7233 0 -0.411669 1 0 0 0 1 0 0 0 1  0 0 0.00822562 0 0 0
5.39 16.7233 0 -0.411587 1 0 0 0 1 0 0 0 1  0 0 0.00740893 0 0 0
5.4 16.7233 0 -0.411527 1 0 0 0 1 0 0 0 1  0 0 0.00529636 0 0 0
5.41 16.7233 0 -0.411479 1 0 0 0 1 0 0 0 1  0 0 0.00393695 0 0 0
5.42 16.7233 0 -0.411447 1 0 0 0 1 0 0 0 1  0 0 0.00251175 0 0 0
5.43 16.7233 0 -0.411432 1 0 0 0 1 0 0 0 1  0 0 0.00069429 0 0 0
5.44 16.7233 0 -0.411429 1 0 0 0 1 0 0 0 1  0 0 -0.000497219 0 0 0
5.45 16.7233 0 -0.411444 1 0 0 0 1 0 0 0 1  0 0 -0.00220894 0 0 0
5.46 16.7233 0 -0.411472 1 0 0 0 1 0 0 0 1  0 0 -0.00358345 0 0 0
5.47 16.7233 0 -0.411515 1 0 0 0 1 0 0 0 1  0 0 -0.00497694 0 0 0
5.48 16.7233 0 -0.411573 1 0 0 0 1 0 0 0 1  0 0 -0.00650805 0 0 0
5.49 16.7233 0 -0.411643 1 0 0 0 1 0 0 0 1  0 0 -0.0077589 0 0 0
5.5 16.7233 0 -0.411728 1 0 0 0 1 0 0 0 1  0 0 -0.00921032 0 0 0
5.51 16.7233 0 -0.411826 1 0 0 0 1 0 0 0 1  0 0 -0.0105002 0 0 0
5.52 16.7233 0 -0.411938 1 0 0 0 1 0 0 0 1  0 0 -0.011776 0 0 0
5.53 16.7233 0 -0.412062 1 0 0 0 1 0 0 0 1  0 0 -0.0131018 0 0 0
5.54 16.7233 0 -0.412199 1 0 0 0 1 0 0 0 1  0 0 -0.0142895 0 0 0
5.55 16.7233 0 -0.412348 1 0 0 0 1 0 0 0 1  0 0 -0.0155456 0 0 0
5.56 16.7233 0 -0.412509 1 0 0 0 1 0 0 0 1  0 0 -0.0167217 0 0 0
5.57 16.7233 0 -0.412682 1 0 0 0 1 0 0 0 1  0 0 -0.017863 0 0 0
5.58 16.7233 0 -0.412866 1 0 0 0 1 0 0 0 1  0 0 -0.0190138 0 0 0
5.59 16.7233 0 -0.413061 1 0 0 0 1 0 0 0 1  0 0 -0.0200142 0 0 0
5.6 16.7233 0 -0.413267 1 0 0 0 1 0 0 0 1  0 0 -0.0212163 0 0 0
5.61 16.7233 0 -0.413484 1 0 0 0 1 0 0 0 1  0 0 -0.0221906 0 0 0
5.62 16.7233 0 -0.413711 1 0 0 0 1 0 0 0 1  0 0 -0.0232573 0 0 0
5.63 16.7233 0 -0.413949 1 0 0 0 1 0 0 0 1  0 0 -0.0242825 0 0 0
5.64 16.7233 0 -0.414196 1 0 0 0 1 0 0 0 1  0 0 -0.0252428 0 0 0
5.65 16.7233 0 -0.414453 1 0 0 0 1 0 0 0 1  0 0 -0.0262282 0 0 0
5.66 16.7233 0 -0.414719 1 0 0 0 1 0 0 0 1  0 0 -0.0270446 0 0 0
5.67 16.7233 0 -0.414995 1 0 0 0 1 0 0 0 1  0 0 -0.0281151 0 0 0
5.68 16.7233 0 -0.415279 1 0 0 0 1 0 0 0 1  0 0 -0.0288197 0 0 0
5.69 16.7233 0 -0.415573 1 0 0 0 1 0 0 0 1  0 0 -0.0298087 0 0 0
5.7 16.7233 0 -0.415876 1 0 0 0 1 0 0 0 1  0 0 -0.0308026 0 0 0
5.71 16.7233 0 -0.416189 1 0 0 0 1 0 0 0 1  0 0 -0.0316557 0 0 0
5.72 16.7233 0 -0.41648 1 0 0 0 1 0 0 0 1  0 0 -0.0289489 0 0 0
5.73 16.7233 0 -0.416846 1 0 0 0 1 0 0 0 1  0 0 -0.0378512 0 0 0
5.74 16.7233 0 -0.417133 1 0 0 0 1 0 0 0 1  0 0 -0.0291663 0 0 0
5.75 16.7233 0 -0.417495 1 0 0 0 1 0 0 0 1  0 0 -0.0360267 0 0 0
5.76 16.7233 0 -0.417846 1 0 0 0 1 0 0 0 1  0 0 -0.0361519 0 0 0
5.77 16.7233 0 -0.418183 1 0 0 0 1 0 0 0 1  0 0 -0.0336855 0 0 0
5.78 16.7233 0 -0.418574 1 0 0 0 1 0 0 0 1  0 0 -0.0396678 0 0 0
5.79 16.7233 0 -0.418923 1 0 0 0 1 0 0 0 1  0 0 -0.0353627 0 0 0
5.8 16.7233 0 -0.419317 1 0 0 0 1 0 0 0 1  0 0 -0.0395306 0 0 0
5.81 16.7233 0 -0.4197 1 0 0 0 1 0 0 0 1  0 0 -0.0389591 0 0 0
5.82 16.7233 0 -0.420088 1 0 0 0 1 0 0 0 1  0 0 -0.0389481 0 0 0
5.83 16.7233 0 -0.420491 1 0 0 0 1 0 0 0 1  0 0 -0.0407056 0 0 0
5.84 16.7233 0 -0.420891 1 0 0 0 1 0 0 0 1  0 0 -0.0403429 0 0 0
5.85 16.7233 0 -0.421304 1 0 0 0 1 0 0 0 1  0 0 -0.0415729 0 0 0
5.86 16.7233 0 -0.42172 1 0 0 0 1 0 0 0 1  0 0 -0.0419203 0 0 0
5.87 16.7233 0 -0.422136 1 0 0 0 1 0 0 0 1  0 0 -0.0419002 0 0 0
5.88 16.7233 0 -0.422565 1 0 0 0 1 0 0 0 1  0 0 -0.043245 0 0 0
5.89 16.7233 0 -0.422993 1 0 0 0 1 0 0 0 1  0 0 -0.0430486 0 0 0
5.9 16.7233 0 -0.423429 1 0 0 0 1 0 0 0 1  0 0 -0.0437463 0 0 0
5.91 16.7233 0 -0.423872 1 0 0 0 1 0 0 0 1  0 0 -0.0445694 0 0 0
5.92 16.7233 0 -0.424316 1 0 0 0 1 0 0 0 1  0 0 -0.0446242 0 0 0
5.93 16.7233 0 -0.42477 1 0 0 0 1 0 0 0 1  0 0 -0.0456784 0 0 0
5.94 16.7233 0 -0.425226 1 0 0 0 1 0 0 0 1  0 0 -0.0458821 0 0 0
5.95 16.7233 0 -0.425688 1 0 0 0 1 0 0 0 1  0 0 -0.0464561 0 0 0
5.96 16.7233 0 -0.426157 1 0 0 0 1 0 0 0 1  0 0 -0.0471755 0 0 0
5.97 16.7233 0 -0.426627 1 0 0 0 1 0 0 0 1  0 0 -0.0472726 0 0 0
5.98 16.7233 0 -0.427106 1 0 0 0 1 0 0 0 1  0 0 -0.0480395 0 0 0
5.99 16.7233 0 -0.427586 1 0 0 0 1 0 0 0 1  0 0 -0.0482853 0 0 0
6 16.7233 0 -0.42807 1 0 0 0 1 0 0 0 1  0 0 -0.0485694 0 0 0
6.01 16.7233 0 -0.42856 1 0 0 0 1 0 0 0 1  0 0 -0.0492282 0 0 0
6.02 16.7233 0 -0.429051 1 0 0 0 1 0 0 0 1  0 0 -0.049266 0 0 0
6.03 16.7233 0 -0.429548 1 0 0 0 1 0 0 0 1  0 0 -0.0498794 0 0 0
6.04 16.7233 0 -0.430047 1 0 0 0 1 0 0 0 1  0 0 -0.0500986 0 0 0
6.05 16.7233 0 -0.430549 1 0 0 0 1 0 0 0 1  0 0 -0.0502491 0 0 0
6.06 16.7233 0 -0.431055 1 0 0 0 1 0 0 0 1  0 0 -0.0508055 0 0 0
6.07 16.7233 0 -0.431562 1 0 0 0 1 0 0 0 1  0 0 -0.0509001 0 0 0
6.08 16.7233 0 -0.432067 1 0 0 0 1 0 0 0 1  0 0 -0.0504315 0 0 0
6.09 16.7233 0 -0.432581 1 0 0 0 1 0 0 0 1  0 0 -0.0515932 0 0 0
6.1 16.7233 0 -0.433078 1 0 0 0 1 0 0 0 1  0 0 -0.0495738 0 0 0
6.11 16.7233 0 -0.4336 1 0 0 0 1 0 0 0 1  0 0 -0.0522981 0 0 0
6.12 16.7233 0 -0.434089 1 0 0 0 1 0 0 0 1  0 0 -0.0487114 0 0 0
6.13 16.7233 0 -0.434605 1 0 0 0 1 0 0 0 1  0 0 -0.0514957 0 0 0
6.14 16.7233 0 -0.435126 1 0 0 0 1 0 0 0 1  0 0 -0.0526991 0 0 0
6.15 16.7233 0 -0.435603 1 0 0 0 1 0 0 0 1  0 0 -0.0470441 0 0 0
6.16 16.7233 0 -0.436152 1 0 0 0 1 0 0 0 1  0 0 -0.0551085 0 0 0
6.17 16.7233 0 -0.43663 1 0 0 0 1 0 0 0 1  0 0 -0.0480756 0 0 0
6.18 16.7233 0 -0.437162 1 0 0 0 1 0 0 0 1  0 0 -0.0529182 0 0 0
6.19 16.7233 0 -0.437668 1 0 0 0 1 0 0 0 1  0 0 -0.0509543 0 0 0
6.2 16.7233 0 -0.438178 1 0 0 0 1 0 0 0 1  0 0 -0.0507047 0 0 0
6.21 16.7233 0 -0.438705 1 0 0 0 1 0 0 0 1  0 0 -0.0529727 0 0 0
6.22 16.7233 0 -0.439209 1 0 0 0 1 0 0 0 1  0 0 -0.0504348 0 0 0
6.23 16.7233 0 -0.439735 1 0 0 0 1 0 0 0 1  0 0 -0.0526022 0 0 0
6.24 16.7233 0 -0.44025 1 0 0 0 1 0 0 0 1  0 0 -0.0517479 0 0 0
6.25 16.7233 0 -0.440768 1 0 0 0 1 0 0 0 1  0 0 -0.0516284 0 0 0
6.26 16.7233 0 -0.441293 1 0 0 0 1 0 0 0 1  0 0 -0.0526394 0 0 0
6.27 16.7233 0 -0.441808 1 0 0 0 1 0 0 0 1  0 0 -0.0515313 0 0 0
6.28 16.7233 0 -0.442332 1 0 0 0 1 0 0 0 1  0 0 -0.0524533 0 0 0
6.29 16.7233 0 -0.442853 1 0 0 0 1 0 0 0 1  0 0 -0.0521638 0 0 0
6.3 16.7233 0 -0.443373 1 0 0 0 1 0 0 0 1  0 0 -0.0519776 0 0 0
6.31 16.7233 0 -0.443897 1 0 0 0 1 0 0 0 1  0 0 -0.0524343 0 0 0
6.32 16.7233 0 -0.444417 1 0 0 0 1 0 0 0 1  0 0 -0.0518977 0 0 0
6.33 16.7233 0 -0.444936 1 0 0 0 1 0 0 0 1  0 0 -0.0518331 0 0 0
6.34 16.7233 0 -0.445457 1 0 0 0 1 0 0 0 1  0 0 -0.0520676 0 0 0
6.35 16.7233 0 -0.445972 1 0 0 0 1 0 0 0 1  0 0 -0.0514468 0 0 0
6.36 16.7233 0 -0.44649 1 0 0 0 1 0 0 0 1  0 0 -0.0517468 0 0 0
6.37 16.7233 0 -0.447004 1 0 0 0 1 0 0 0 1  0 0 -0.0513956 0 0 0
6.38 16.7233 0 -0.447518 1 0 0 0 1 0 0 0 1  0 0 -0.051215 0 0 0
6.39 16.7233 0 -0.44803 1 0 0 0 1 0 0 0 1  0 0 -0.0511667 0 0 0
6.4 16.7233 0 -0.448539 1 0 0 0 1 0 0 0 1  0 0 -0.0508448 0 0 0
6.41 16.7233 0 -0.449049 1 0 0 0 1 0 0 0 1  0 0 -0.0508157 0 0 0
6.42 16.7233 0 -0.449555 1 0 0 0 1 0 0 0 1  0 0 -0.0505625 0 0 0
6.43 16.7233 0 -0.45006 1 0 0 0 1 0 0 0 1  0 0 -0.0503855 0 0 0
6.44 16.7233 0 -0.450563 1 0 0 0 1 0 0 0 1  0 0 -0.0502151 0 0 0
6.45 16.7233 0 -0.451051 1 0 0 0 1 0 0 0 1  0 0 -0.0484452 0 0 0
6.46 16.7233 0 -0.451563 1 0 0 0 1 0 0 0 1  0 0 -0.0511455 0 0 0
6.47 16.7233 0 -0.452044 1 0 0 0 1 0 0 0 1  0 0 -0.0479704 0 0 0
6.48 16.7233 0 -0.45254 1 0 0 0 1 0 0 0 1  0 0 -0.0493145 0 0 0
6.49 16.7233 0 -0.453044 1 0 0 0 1 0 0 0 1  0 0 -0.0507464 0 0 0
6.5 16.7233 0 -0.453511 1 0 0 0 1 0 0 0 1  0 0 -0.0462728 0 0 0
6.51 16.7233 0 -0.454023 1 0 0 0 1 0 0 0 1  0 0 -0.0511181 0 0 0
6.52 16.7233 0 -0.454489 1 0 0 0 1 0 0 0 1  0 0 -0.0465915 0 0 0
6.53 16.7233 0 -0.454983 1 0 0 0 1 0 0 0 1  0 0 -0.0491153 0 0 0
6.54 16.7233 0 -0.455464 1 0 0 0 1 0 0 0 1  0 0 -0.0482179 0 0 0
6.55 16.7233 0 -0.455938 1 0 0 0 1 0 0 0 1  0 0 -0.0471726 0 0 0
6.56 16.7233 0 -0.456426 1 0 0 0 1 0 0 0 1  0 0 -0.048737 0 0 0
6.57 16.7233 0 -0.456894 1 0 0 0 1 0 0 0 1  0 0 -0.0467775 0 0 0
6.58 16.7233 0 -0.457372 1 0 0 0 1 0 0 0 1  0 0 -0.0475951 0 0 0
6.59 16.7233 0 -0.457844 1 0 0 0 1 0 0 0 1  0 0 -0.0472465 0 0 0
6.6 16.7233 0 -0.45831 1 0 0 0 1 0 0 0 1  0 0 -0.0464046 0 0 0
6.61 16.7233 0 -0.458781 1 0 0 0 1 0 0 0 1  0 0 -0.0469798 0 0 0
6.62 16.7233 0 -0.459242 1 0 0 0 1 0 0 0 1  0 0 -0.0459707 0 0 0
6.63 16.7233 0 -0.459704 1 0 0 0 1 0 0 0 1  0 0 -0.0460297 0 0 0
6.64 16.7233 0 -0.460164 1 0 0 0 1 0 0 0 1  0 0 -0.0458372 0 0 0
6.65 16.7233 0 -0.460617 1 0 0 0 1 0 0 0 1  0 0 -0.0451201 0 0 0
6.66 16.7233 0 -0.461071 1 0 0 0 1 0 0 0 1  0 0 -0.0452712 0 0 0
6.67 16.7233 0 -0.461517 1 0 0 0 1 0 0 0 1  0 0 -0.0444882 0 0 0
6.68 16.7233 0 -0.461962 1 0 0 0 1 0 0 0 1  0 0 -0.0442831 0 0 0
6.69 16.7233 0 -0.462404 1 0 0 0 1 0 0 0 1  0 0 -0.0440633 0 0 0
6.7 16.7233 0 -0.462841 1 0 0 0 1 0 0 0 1  0 0 -0.0434178 0 0 0
6.71 16.7233 0 -0.463276 1 0 0 0 1 0 0 0 1  0 0 -0.0433414 0 0 0
6.72 16.7233 0 -0.463706 1 0 0 0 1 0 0 0 1  0 0 -0.0428085 0 0 0
6.73 16.7233 0 -0.464132 1 0 0 0 1 0 0 0 1  0 0 -0.0424687 0 0 0
6.74 16.7233 0 -0.464556 1 0 0 0 1 0 0 0 1  0 0 -0.0422113 0 0 0
6.75 16.7233 0 -0.464974 1 0 0 0 1 0 0 0 1  0 0 -0.0415551 0 0 0
6.76 16.7233 0 -0.465391 1 0 0 0 1 0 0 0 1  0 0 -0.0415398 0 0 0
6.77 16.7233 0 -0.465802 1 0 0 0 1 0 0 0 1  0 0 -0.0409331 0 0 0
6.78 16.7233 0 -0.466212 1 0 0 0 1 0 0 0 1  0 0 -0.0407691 0 0 0
6.79 16.7233 0 -0.466618 1 0 0 0 1 0 0 0 1  0 0 -0.0404278 0 0 0
6.8 16.7233 0 -0.46702 1 0 0 0 1 0 0 0 1  0 0 -0.0400295 0 0 0
6.81 16.7233 0 -0.46742 1 0 0 0 1 0 0 0 1  0 0 -0.0398637 0 0 0
6.82 16.7233 0 -0.467816 1 0 0 0 1 0 0 0 1  0 0 -0.0393548 0 0 0
6.83 16.7233 0 -0.46821 1 0 0 0 1 0 0 0 1  0 0 -0.0392056 0 0 0
6.84 16.7233 0 -0.4686 1 0 0 0 1 0 0 0 1  0 0 -0.0389438 0 0 0
6.85 16.7233 0 -0.468974 1 0 0 0 1 0 0 0 1  0 0 -0.0369993 0 0 0
6.86 16.7233 0 -0.469366 1 0 0 0 1 0 0 0 1  0 0 -0.0390485 0 0 0
6.87 16.7233 0 -0.46973 1 0 0 0 1 0 0 0 1  0 0 -0.0362358 0 0 0
6.88 16.7233 0 -0.470112 1 0 0 0 1 0 0 0 1  0 0 -0.0379653 0 0 0
6.89 16.7233 0 -0.470475 1 0 0 0 1 0 0 0 1  0 0 -0.0360513 0 0 0
6.9 16.7233 0 -0.470843 1 0 0 0 1 0 0 0 1  0 0 -0.0364993 0 0 0
6.91 16.7233 0 -0.471218 1 0 0 0 1 0 0 0 1  0 0 -0.0375305 0 0 0
6.92 16.7233 0 -0.471569 1 0 0 0 1 0 0 0 1  0 0 -0.0348855 0 0 0
6.93 16.7233 0 -0.471943 1 0 0 0 1 0 0 0 1  0 0 -0.0372414 0 0 0
6.94 16.7233 0 -0.472295 1 0 0 0 1 0 0 0 1  0 0 -0.0351529 0 0 0
6.95 16.7233 0 -0.472656 1 0 0 0 1 0 0 0 1  0 0 -0.035879 0 0 0
6.96 16.7233 0 -0.473015 1 0 0 0 1 0 0 0 1  0 0 -0.0358893 0 0 0
6.97 16.7233 0 -0.473364 1 0 0 0 1 0 0 0 1  0 0 -0.0347814 0 0 0
6.98 16.7233 0 -0.473722 1 0 0 0 1 0 0 0 1  0 0 -0.0357189 0 0 0
6.99 16.7233 0 -0.474068 1 0 0 0 1 0 0 0 1  0 0 -0.0344769 0 0 0
7 16.7233 0 -0.474419 1 0 0 0 1 0 0 0 1  0 0 -0.0349918 0 0 0
7.01 16.7233 0 -0.474765 1 0 0 0 1 0 0 0 1  0 0 -0.0345424 0 0 0
7.02 16.7233 0 -0.475108 1 0 0 0 1 0 0 0 1  0 0 -0.0341624 0 0 0
7.03 16.7233 0 -0.475453 1 0 0 0 1 0 0 0 1  0 0 -0.0343441 0 0 0
7.04 16.7233 0 -0.475791 1 0 0 0 1 0 0 0 1  0 0 -0.0337083 0 0 0
7.05 16.7233 0 -0.47613 1 0 0 0 1 0 0 0 1  0 0 -0.0337326 0 0 0
7.06 16.7233 0 -0.476465 1 0 0 0 1 0 0 0 1  0 0 -0.0334259 0 0 0
7.07 16.7233 0 -0.476797 1 0 0 0 1 0 0 0 1  0 0 -0.0331127 0 0 0
7.08 16.7233 0 -0.477128 1 0 0 0 1 0 0 0 1  0 0 -0.0329749 0 0 0
7.09 16.7233 0 -0.477455 1 0 0 0 1 0 0 0 1  0 0 -0.0325489 0 0 0
7.1 16.7233 0 -0.47778 1 0 0 0 1 0 0 0 1  0 0 -0.0323684 0 0 0
7.11 16.7233 0 -0.478102 1 0 0 0 1 0 0 0 1  0 0 -0.032017 0 0 0
7.12 16.7233 0 -0.47842 1 0 0 0 1 0 0 0 1  0 0 -0.031629 0 0 0
7.13 16.7233 0 -0.478735 1 0 0 0 1 0 0 0 1  0 0 -0.0313306 0 0 0
7.14 16.7233 0 -0.479046 1 0 0 0 1 0 0 0 1  0 0 -0.0310014 0 0 0
7.15 16.7233 0 -0.479354 1 0 0 0 1 0 0 0 1  0 0 -0.0306281 0 0 0
7.16 16.7233 0 -0.479659 1 0 0 0 1 0 0 0 1  0 0 -0.0303166 0 0 0
7.17 16.7233 0 -0.47996 1 0 0 0 1 0 0 0 1  0 0 -0.0299211 0 0 0
7.18 16.7233 0 -0.480258 1 0 0 0 1 0 0 0 1  0 0 -0.0295966 0 0 0
7.19 16.7233 0 -0.480552 1 0 0 0 1 0 0 0 1  0 0 -0.029217 0 0 0
7.2 16.7233 0 -0.480842 1 0 0 0 1 0 0 0 1  0 0 -0.0288539 0 0 0
7.21 16.7233 0 -0.481128 1 0 0 0 1 0 0 0 1  0 0 -0.0284247 0 0 0
7.22 16.7233 0 -0.481412 1 0 0 0 1 0 0 0 1  0 0 -0.028144 0 0 0
7.23 16.7233 0 -0.481689 1 0 0 0 1 0 0 0 1  0 0 -0.0275594 0 0 0
7.24 16.7233 0 -0.481966 1 0 0 0 1 0 0 0 1  0 0 -0.0274435 0 0 0
7.25 16.7233 0 -0.482236 1 0 0 0 1 0 0 0 1  0 0 -0.026848 0 0 0
7.26 16.7233 0 -0.482504 1 0 0 0 1 0 0 0 1  0 0 -0.0265913 0 0 0
7.27 16.7233 0 -0.482768 1 0 0 0 1 0 0 0 1  0 0 -0.0262356 0 0 0
7.28 16.7233 0 -0.483028 1 0 0 0 1 0 0 0 1  0 0 -0.0257762 0 0 0
7.29 16.7233 0 -0.483285 1 0 0 0 1 0 0 0 1  0 0 -0.0255359 0 0 0
7.3 16.7233 0 -0.483538 1 0 0 0 1 0 0 0 1  0 0 -0.025097 0 0 0
7.31 16.7233 0 -0.483787 1 0 0 0 1 0 0 0 1  0 0 -0.0247816 0 0 0
7.32 16.7233 0 -0.484034 1 0 0 0 1 0 0 0 1  0 0 -0.024465 0 0 0
7.33 16.7233 0 -0.484276 1 0 0 0 1 0 0 0 1  0 0 -0.0240718 0 0 0
7.34 16.7233 0 -0.484517 1 0 0 0 1 0 0 0 1  0 0 -0.0239428 0 0 0
7.35 16.7233 0 -0.484752 1 0 0 0 1 0 0 0 1  0 0 -0.0233632 0 0 0
7.36 16.7233 0 -0.484986 1 0 0 0 1 0 0 0 1  0 0 -0.0232334 0 0 0
7.37 16.7233 0 -0.485216 1 0 0 0 1 0 0 0 1  0 0 -0.0227477 0 0 0
7.38 16.7233 0 -0.485442 1 0 0 0 1 0 0 0 1  0 0 -0.0224612 0 0 0
7.39 16.7233 0 -0.485665 1 0 0 0 1 0 0 0 1  0 0 -0.0221382 0 0 0
7.4 16.7233 0 -0.485884 1 0 0 0 1 0 0 0 1  -0 -0 -0.0217853 0 0 0
7.41 16.7233 0 -0.486101 1 0 0 0 1 0 0 0 1  0 0 -0.0215532 0 0 0
7.42 16.7233 0 -0.486315 1 0 0 0 1 0 0 0 1  0 0 -0.021193 0 0 0
7.43 16.7233 0 -0.486525 1 0 0 0 1 0 0 0 1  0 0 -0.0208894 0 0 0
7.44 16.7233 0 -0.486731 1 0 0 0 1 0 0 0 1  0 0 -0.0204335 0 0 0
7.45 16.7233 0 -0.486936 1 0 0 0 1 0 0 0 1  -0 -0 -0.0203441 0 0 0
7.46 16.7233 0 -0.487137 1 0 0 0 1 0 0 0 1  0 0 -0.0199447 0 0 0
7.47 16.7233 0 -0.487339 1 0 0 0 1 0 0 0 1  0 0 -0.0200419 0 0 0
7.48 16.7233 0 -0.487535 1 0 0 0 1 0 0 0 1  0 0 -0.0194404 0 0 0
7.49 16.7233 0 -0.487732 1 0 0 0 1 0 0 0 1  0 0 -0.0195679 0 0 0
7.5 16.7233 0 -0.48792 1 0 0 0 1 0 0 0 1  -0 -0 -0.0187124 0 0 0
7.51 16.7233 0 -0.48811 1 0 0 0 1 0 0 0 1  -0 -0 -0.018797 0 0 0
7.52 16.7233 0 -0.488292 1 0 0 0 1 0 0 0 1  -0 -0 -0.0180429 0 0 0
7.53 16.7233 0 -0.488475 1 0 0 0 1 0 0 0 1  -0 -0 -0.0181119 0 0 0
7.54 16.7233 0 -0.488652 1 0 0 0 1 0 0 0 1  -0 -0 -0.0175701 0 0 0
7.55 16.7233 0 -0.488839 1 0 0 0 1 0 0 0 1  -0 -0 -0.0189796 0 0 0
7.56 16.7233 0 -0.489007 1 0 0 0 1 0 0 0 1  -0 -0 -0.0166219 0 0 0
7.57 16.7233 0 -0.48919 1 0 0 0 1 0 0 0 1  -0 -0 -0.018162 0 0 0
7.58 16.7233 0 -0.489353 1 0 0 0 1 0 0 0 1  -0 -0 -0.0161357 0 0 0
7.59 16.7233 0 -0.489527 1 0 0 0 1 0 0 0 1  -0 -0 -0.0171567 0 0 0
7.6 16.7233 0 -0.489691 1 0 0 0 1 0 0 0 1  -0 -0 -0.0164193 0 0 0
7.61 16.7233 0 -0.489859 1 0 0 0 1 0 0 0 1  -0 -0 -0.0167532 0 0 0
7.62 16.7233 0 -0.490023 1 0 0 0 1 0 0 0 1  -0 -0 -0.0162793 0 0 0
7.63 16.7233 0 -0.490185 1 0 0 0 1 0 0 0 1  -0 -0 -0.0161516 0 0 0
7.64 16.7233 0 -0.490347 1 0 0 0 1 0 0 0 1  -0 -0 -0.0160954 0 0 0
7.65 16.7233 0 -0.490505 1 0 0 0 1 0 0 0 1  -0 -0 -0.0156859 0 0 0
7.66 16.7233 0 -0.490663 1 0 0 0 1 0 0 0 1  -0 -0 -0.0156716 0 0 0
7.67 16.7233 0 -0.490817 1 0 0 0 1 0 0 0 1  -0 -0 -0.0153208 0 0 0
7.68 16.7233 0 -0.49097 1 0 0 0 1 0 0 0 1  -0 -0 -0.01524 0 0 0
7.69 16.7233 0 -0.491121 1 0 0 0 1 0 0 0 1  -0 -0 -0.0149967 0 0 0
7.7 16.7233 0 -0.49127 1 0 0 0 1 0 0 0 1  -0 -0 -0.0147691 0 0 0
7.71 16.7233 0 -0.491417 1 0 0 0 1 0 0 0 1  -0 -0 -0.0146347 0 0 0
7.72 16.7233 0 -0.491562 1 0 0 0 1 0 0 0 1  -0 -0 -0.0143643 0 0 0
7.73 16.7233 0 -0.491705 1 0 0 0 1 0 0 0 1  -0 -0 -0.0142211 0 0 0
7.74 16.7233 0 -0.491846 1 0 0 0 1 0 0 0 1  -0 -0 -0.0140252 0 0 0
7.75 16.7233 0 -0.491985 1 0 0 0 1 0 0 0 1  -0 -0 -0.0138179 0 0 0
7.76 16.7233 0 -0.492123 1 0 0 0 1 0 0 0 1  -0 -0 -0.0136848 0 0 0
7.77 16.7233 0 -0.492259 1 0 0 0 1 0 0 0 1  -0 -0 -0.0134663 0 0 0
7.78 16.7233 0 -0.492393 1 0 0 0 1 0 0 0 1  -0 -0 -0.0133266 0 0 0
7.79 16.7233 0 -0.492525 1 0 0 0 1 0 0 0 1  -0 -0 -0.0131642 0 0 0
7.8 16.7233 0 -0.492656 1 0 0 0 1 0 0 0 1  -0 -0 -0.0129836 0 0 0
7.81 16.7233 0 -0.492785 1 0 0 0 1 0 0 0 1  -0 -0 -0.0128524 0 0 0
7.82 16.7233 0 -0.492913 1 0 0 0 1 0 0 0 1  -0 -0 -0.0126731 0 0 0
7.83 16.7233 0 -0.493039 1 0 0 0 1 0 0 0 1  -0 -0 -0.0125308 0 0 0
7.84 16.7233 0 -0.493164 1 0 0 0 1 0 0 0 1  -0 -0 -0.0123789 0 0 0
7.85 16.7233 0 -0.493287 1 0 0 0 1 0 0 0 1  -0 -0 -0.0122202 0 0 0
7.86 16.7233 0 -0.493408 1 0 0 0 1 0 0 0 1  -0 -0 -0.0120867 0 0 0
7.87 16.7233 0 -0.493528 1 0 0 0 1 0 0 0 1  -0 -0 -0.0119332 0 0 0
7.88 16.7233 0 -0.493647 1 0 0 0 1 0 0 0 1  -0 -0 -0.0117948 0 0 0
7.89 16.7233 0 -0.493764 1 0 0 0 1 0 0 0 1  -0 -0 -0.0116553 0 0 0
7.9 16.7233 0 -0.49388 1 0 0 0 1 0 0 0 1  -0 -0 -0.0115131 0 0 0
7.91 16.7233 0 -0.493995 1 0 0 0 1 0 0 0 1  -0 -0 -0.0113806 0 0 0
7.92 16.7233 0 -0.494108 1 0 0 0 1 0 0 0 1  -0 -0 -0.0112455 0 0 0
7.93 16.7233 0 -0.49422 1 0 0 0 1 0 0 0 1  -0 -0 -0.0111134 0 0 0
7.94 16.7233 0 -0.49433 1 0 0 0 1 0 0 0 1  -0 -0 -0.0109865 0 0 0
7.95 16.7233 0 -0.494439 1 0 0 0 1 0 0 0 1  -0 -0 -0.0108556 0 0 0
7.96 16.7233 0 -0.494547 1 0 0 0 1 0 0 0 1  -0 -0 -0.0107334 0 0 0
7.97 16.7233 0 -0.494654 1 0 0 0 1 0 0 0 1  -0 -0 -0.0106152 0 0 0
7.98 16.7233 0 -0.49476 1 0 0 0 1 0 0 0 1  -0 -0 -0.0104809 0 0 0
7.99 16.7233 0 -0.494864 1 0 0 0 1 0 0 0 1  -0 -0 -0.0103766 0 0 0
8 16.7233 0 -0.494967 1 0 0 0 1 0 0 0 1  -0 -0 -0.0102588 0 0 0
8.01 16.7233 0 -0.495068 1 0 0 0 1 0 0 0 1  -0 -0 -0.0100739 0 0 0
8.02 16.7233 0 -0.495169 1 0 0 0 1 0 0 0 1  -0 -0 -0.0100445 0 0 0
8.03 16.7233 0 -0.495268 1 0 0 0 1 0 0 0 1  -0 -0 -0.00984259 0 0 0
8.04 16.7233 0 -0.495366 1 0 0 0 1 0 0 0 1  -0 -0 -0.0096924 0 0 0
8.05 16.7233 0 -0.495464 1 0 0 0 1 0 0 0 1  -0 -0 -0.00968989 0 0 0
8.06 16.7233 0 -0.495558 1 0 0 0 1 0 0 0 1  -0 -0 -0.00941601 0 0 0
8.07 16.7233 0 -0.495653 1 0 0 0 1 0 0 0 1  -0 -0 -0.00941936 0 0 0
8.08 16.7233 0 -0.495746 1 0 0 0 1 0 0 0 1  -0 -0 -0.0092387 0 0 0
8.09 16.7233 0 -0.495838 1 0 0 0 1 0 0 0 1  -0 -0 -0.0091076 0 0 0
8.1 16.7233 0 -0.495929 1 0 0 0 1 0 0 0 1  -0 -0 -0.00904556 0 0 0
8.11 16.7233 0 -0.496018 1 0 0 0 1 0 0 0 1  -0 -0 -0.00885805 0 0 0
8.12 16.7233 0 -0.496107 1 0 0 0 1 0 0 0 1  0 0 -0.00877892 0 0 0
8.13 16.7233 0 -0.496194 1 0 0 0 1 0 0 0 1  -0 -0 -0.00866302 0 0 0
8.14 16.7233 0 -0.496279 1 0 0 0 1 0 0 0 1  -0 -0 -0.00851614 0 0 0
8.15 16.7233 0 -0.496364 1 0 0 0 1 0 0 0 1  -0 -0 -0.00843491 0 0 0
8.16 16.7233 0 -0.496448 1 0 0 0 1 0 0 0 1  -0 -0 -0.00829009 0 0 0
8.17 16.7233 0 -0.49653 1 0 0 0 1 0 0 0 1  -0 -0 -0.00818453 0 0 0
8.18 16.7233 0 -0.496612 1 0 0 0 1 0 0 0 1  -0 -0 -0.00807181 0 0 0
8.19 16.7233 0 -0.496692 1 0 0 0 1 0 0 0 1  -0 -0 -0.00794126 0 0 0
8.2 16.7233 0 -0.496771 1 0 0 0 1 0 0 0 1  -0 -0 -0.00784122 0 0 0
8.21 16.7233 0 -0.496848 1 0 0 0 1 0 0 0 1  -0 -0 -0.00770715 0 0 0
8.22 16.7233 0 -0.496925 1 0 0 0 1 0 0 0 1  -0 -0 -0.00759301 0 0 0
8.23 16.7233 0 -0.497 1 0 0 0 1 0 0 0 1  -0 -0 -0.00747341 0 0 0
8.24 16.7233 0 -0.497074 1 0 0 0 1 0 0 0 1  -0 -0 -0.00734132 0 0 0
8.25 16.7233 0 -0.497147 1 0 0 0 1 0 0 0 1  -0 -0 -0.00722303 0 0 0
8.26 16.7233 0 -0.497218 1 0 0 0 1 0 0 0 1  -0 -0 -0.00708875 0 0 0
8.27 16.7233 0 -0.497289 1 0 0 0 1 0 0 0 1  -0 -0 -0.00695727 0 0 0
8.28 16.7233 0 -0.497358 1 0 0 0 1 0 0 0 1  -0 -0 -0.00682459 0 0 0
8.29 16.7233 0 -0.497425 1 0 0 0 1 0 0 0 1  -0 -0 -0.00668583 0 0 0
8.3 16.7233 0 -0.497491 1 0 0 0 1 0 0 0 1  -0 -0 -0.00655129 0 0 0
8.31 16.7233 0 -0.497556 1 0 0 0 1 0 0 0 1  -0 -0 -0.00640782 0 0 0
8.32 16.7233 0 -0.497619 1 0 0 0 1 0 0 0 1  -0 -0 -0.00626835 0 0 0
8.33 16.7233 0 -0.497681 1 0 0 0 1 0 0 0 1  -0 -0 -0.00612587 0 0 0
8.34 16.7233 0 -0.497742 1 0 0 0 1 0 0 0 1  -0 -0 -0.00598123 0 0 0
8.35 16.7233 0 -0.497801 1 0 0 0 1 0 0 0 1  -0 -0 -0.00583492 0 0 0
8.36 16.7233 0 -0.497859 1 0 0 0 1 0 0 0 1  -0 -0 -0.0057164 0 0 0
8.37 16.7233 0 -0.497915 1 0 0 0 1 0 0 0 1  -0 -0 -0.00551804 0 0 0
8.38 16.7233 0 -0.49797 1 0 0 0 1 0 0 0 1  -0 -0 -0.00541485 0 0 0
8.39 16.7233 0 -0.498023 1 0 0 0 1 0 0 0 1  -0 -0 -0.00523454 0 0 0
8.4 16.7233 0 -0.498075 1 0 0 0 1 0 0 0 1  -0 -0 -0.00508955 0 0 0
8.41 16.7233 0 -0.498125 1 0 0 0 1 0 0 0 1  -0 -0 -0.0049448 0 0 0
8.42 16.7233 0 -0.498173 1 0 0 0 1 0 0 0 1  -0 -0 -0.00476898 0 0 0
8.43 16.7233 0 -0.498221 1 0 0 0 1 0 0 0 1  -0 -0 -0.0046676 0 0 0
8.44 16.7233 0 -0.498266 1 0 0 0 1 0 0 0 1  -0 -0 -0.00443297 0 0 0
8.45 16.7233 0 -0.49831 1 0 0 0 1 0 0 0 1  -0 -0 -0.00433344 0 0 0
8.46 16.7233 0 -0.498352 1 0 0 0 1 0 0 0 1  -0 -0 -0.00413415 0 0 0
8.47 16.7233 0 -0.498393 1 0 0 0 1 0 0 0 1  -0 -0 -0.00396917 0 0 0
8.48 16.7233 0 -0.498432 1 0 0 0 1 0 0 0 1  -0 -0 -0.00382019 0 0 0
8.49 16.7233 0 -0.498469 1 0 0 0 1 0 0 0 1  -0 -0 -0.00362036 0 0 0
8.5 16.7233 0 -0.498504 1 0 0 0 1 0 0 0 1  -0 -0 -0.00347183 0 0 0
8.51 16.7233 0 -0.498538 1 0 0 0 1 0 0 0 1  -0 -0 -0.0032817 0 0 0
8.52 16.7233 0 -0.49857 1 0 0 0 1 0 0 0 1  -0 -0 -0.00310438 0 0 0
8.53 16.7233 0 -0.4986 1 0 0 0 1 0 0 0 1  -0 -0 -0.00292954 0 0 0
8.54 16.7233 0 -0.498628 1 0 0 0 1 0 0 0 1  -0 -0 -0.00273801 0 0 0
8.55 16.7233 0 -0.498655 1 0 0 0 1 0 0 0 1  -0 -0 -0.00255972 0 0 0
8.56 16.7233 0 -0.498679 1 0 0 0 1 0 0 0 1  -0 -0 -0.00236884 0 0 0
8.57 16.7233 0 -0.498702 1 0 0 0 1 0 0 0 1  -0 -0 -0.00217881 0 0 0
8.58 16.7233 0 -0.498723 1 0 0 0 1 0 0 0 1  -0 -0 -0.00198655 0 0 0
8.59 16.7233 0 -0.498742 1 0 0 0 1 0 0 0 1  -0 -0 -0.00178817 0 0 0
8.6 16.7233 0 -0.498759 1 0 0 0 1 0 0 0 1  -0 -0 -0.0015935 0 0 0
8.61 16.7233 0 -0.498774 1 0 0 0 1 0 0 0 1  -0 -0 -0.00138841 0 0 0
8.62 16.7233 0 -0.498787 1 0 0 0 1 0 0 0 1  -0 -0 -0.00118348 0 0 0
8.63 16.7233 0 -0.498797 1 0 0 0 1 0 0 0 1  -0 -0 -0.000976501 0 0 0
8.64 16.7233 0 -0.498806 1 0 0 0 1 0 0 0 1  -0 -0 -0.000762717 0 0 0
8.65 16.7233 0 -0.498813 1 0 0 0 1 0 0 0 1  -0 -0 -0.000548019 0 0 0
8.66 16.7233 0 -0.498817 1 0 0 0 1 0 0 0 1  -0 -0 -0.000327467 0 0 0
8.67 16.7233 0 -0.498819 1 0 0 0 1 0 0 0 1  -0 -0 -0.000104255 0 0 0
8.68 16.7233 0 -0.498819 1 0 0 0 1 0 0 0 1  0 0 0.000119897 0 0 0
8.69 16.7233 0 -0.498817 1 0 0 0 1 0 0 0 1  0 0 0.000352991 0 0 0
8.7 16.7233 0 -0.498812 1 0 0 0 1 0 0 0 1  0 0 0.000586533 0 0 0
8.71 16.7233 0 -0.498805 1 0 0 0 1 0 0 0 1  0 0 0.000828869 0 0 0
8.72 16.7233 0 -0.498795 1 0 0 0 1 0 0 0 1  0 0 0.00107377 0 0 0
8.73 16.7233 0 -0.498783 1 0 0 0 1 0 0 0 1  0 0 0.00132483 0 0 0
8.74 16.7233 0 -0.498769 1 0 0 0 1 0 0 0 1  0 0 0.00157505 0 0 0
8.75 16.7233 0 -0.498752 1 0 0 0 1 0 0 0 1  0 0 0.00183128 0 0 0
8.76 16.7233 0 -0.498732 1 0 0 0 1 0 0 0 1  0 0 0.00209183 0 0 0
8.77 16.7233 0 -0.49871 1 0 0 0 1 0 0 0 1  0 0 0.00235487 0 0 0
8.78 16.7233 0 -0.498685 1 0 0 0 1 0 0 0 1  0 0 0.00262608 0 0 0
8.79 16.7233 0 -0.498657 1 0 0 0 1 0 0 0 1  0 0 0.00290366 0 0 0
8.8 16.7233 0 -0.498627 1 0 0 0 1 0 0 0 1  0 0 0.00317434 0 0 0
8.81 16.7233 0 -0.498594 1 0 0 0 1 0 0 0 1  0 0 0.00346178 0 0 0
8.82 16.7233 0 -0.498558 1 0 0 0 1 0 0 0 1  0 0 0.00374794 0 0 0
8.83 16.7233 0 -0.498519 1 0 0 0 1 0 0 0 1  0 0 0.00401702 0 0 0
8.84 16.7233 0 -0.498477 1 0 0 0 1 0 0 0 1  0 0 0.00432459 0 0 0
8.85 16.7233 0 -0.498432 1 0 0 0 1 0 0 0 1  0 0 0.00461071 0 0 0
8.86 16.7233 0 -0.498385 1 0 0 0 1 0 0 0 1  0 0 0.00489868 0 0 0
8.87 16.7233 0 -0.498334 1 0 0 0 1 0 0 0 1  0 0 0.00520901 0 0 0
8.88 16.7233 0 -0.498281 1 0 0 0 1 0 0 0 1  0 0 0.00549596 0 0 0
8.89 16.7233 0 -0.498224 1 0 0 0 1 0 0 0 1  0 0 0.00580466 0 0 0
8.9 16.7233 0 -0.498165 1 0 0 0 1 0 0 0 1  0 0 0.00610193 0 0 0
8.91 16.7233 0 -0.498102 1 0 0 0 1 0 0 0 1  0 0 0.00639596 0 0 0
8.92 16.7233 0 -0.498037 1 0 0 0 1 0 0 0 1  0 0 0.00670975 0 0 0
8.93 16.7233 0 -0.497968 1 0 0 0 1 0 0 0 1  0 0 0.00699959 0 0 0
8.94 16.7233 0 -0.497897 1 0 0 0 1 0 0 0 1  0 0 0.00731 0 0 0
8.95 16.7233 0 -0.497822 1 0 0 0 1 0 0 0 1  0 0 0.00761186 0 0 0
8.96 16.7233 0 -0.497744 1 0 0 0 1 0 0 0 1  0 0 0.00791371 0 0 0
8.97 16.7233 0 -0.497663 1 0 0 0 1 0 0 0 1  0 0 0.00827433 0 0 0
8.98 16.7233 0 -0.49758 1 0 0 0 1 0 0 0 1  0 0 0.00849881 0 0 0
8.99 16.7233 0 -0.497493 1 0 0 0 1 0 0 0 1  0 0 0.0088816 0 0 0
9 16.7233 0 -0.497403 1 0 0 0 1 0 0 0 1  0 0 0.00914666 0 0 0
9.01 16.7233 0 -0.49731 1 0 0 0 1 0 0 0 1  0 0 0.00946126 0 0 0
9.02 16.7233 0 -0.497213 1 0 0 0 1 0 0 0 1  0 0 0.00979685 0 0 0
9.03 16.7233 0 -0.497114 1 0 0 0 1 0 0 0 1  0 0 0.0100712 0 0 0
9.04 16.7233 0 -0.497011 1 0 0 0 1 0 0 0 1  0 0 0.0104206 0 0 0
9.05 16.7233 0 -0.496906 1 0 0 0 1 0 0 0 1  0 0 0.0107113 0 0 0
9.06 16.7233 0 -0.496797 1 0 0 0 1 0 0 0 1  0 0 0.0110326 0 0 0
9.07 16.7233 0 -0.496685 1 0 0 0 1 0 0 0 1  0 0 0.0113584 0 0 0
9.08 16.7233 0 -0.49657 1 0 0 0 1 0 0 0 1  0 0 0.0116597 0 0 0
9.09 16.7233 0 -0.496452 1 0 0 0 1 0 0 0 1  0 0 0.0119976 0 0 0
9.1 16.7233 0 -0.49633 1 0 0 0 1 0 0 0 1  0 0 0.012305 0 0 0
9.11 16.7233 0 -0.496205 1 0 0 0 1 0 0 0 1  0 0 0.0126325 0 0 0
9.12 16.7233 0 -0.496077 1 0 0 0 1 0 0 0 1  0 0 0.0129642 0 0 0
9.13 16.7233 0 -0.495946 1 0 0 0 1 0 0 0 1  0 0 0.0132974 0 0 0
9.14 16.7233 0 -0.495811 1 0 0 0 1 0 0 0 1  0 0 0.0136402 0 0 0
9.15 16.7233 0 -0.495673 1 0 0 0 1 0 0 0 1  0 0 0.0139946 0 0 0
9.16 16.7233 0 -0.495531 1 0 0 0 1 0 0 0 1  0 0 0.0143702 0 0 0
9.17 16.7233 0 -0.495386 1 0 0 0 1 0 0 0 1  0 0 0.014752 0 0 0
9.18 16.7233 0 -0.495236 1 0 0 0 1 0 0 0 1  0 0 0.0151759 0 0 0
9.19 16.7233 0 -0.495083 1 0 0 0 1 0 0 0 1  0 0 0.0155188 0 0 0
9.2 16.7233 0 -0.494925 1 0 0 0 1 0 0 0 1  0 0 0.0159354 0 0 0
9.21 16.7233 0 -0.494764 1 0 0 0 1 0 0 0 1  0 0 0.0163063 0 0 0
9.22 16.7233 0 -0.4946 1 0 0 0 1 0 0 0 1  0 0 0.0166188 0 0 0
9.23 16.7233 0 -0.494432 1 0 0 0 1 0 0 0 1  0 0 0.0169966 0 0 0
9.24 16.7233 0 -0.49426 1 0 0 0 1 0 0 0 1  0 0 0.0173224 0 0 0
9.25 16.7233 0 -0.494085 1 0 0 0 1 0 0 0 1  0 0 0.0176581 0 0 0
9.26 16.7233 0 -0.493907 1 0 0 0 1 0 0 0 1  0 0 0.0180067 0 0 0
9.27 16.7233 0 -0.493725 1 0 0 0 1 0 0 0 1  0 0 0.0183231 0 0 0
9.28 16.7233 0 -0.49354 1 0 0 0 1 0 0 0 1  0 0 0.0186626 0 0 0
9.29 16.7233 0 -0.493352 1 0 0 0 1 0 0 0 1  0 0 0.0189874 0 0 0
9.3 16.7233 0 -0.493161 1 0 0 0 1 0 0 0 1  0 0 0.0193117 0 0 0
9.31 16.7233 0 -0.492966 1 0 0 0 1 0 0 0 1  0 0 0.0196459 0 0 0
9.32 16.7233 0 -0.492768 1 0 0 0 1 0 0 0 1  0 0 0.0199652 0 0 0
9.33 16.7233 0 -0.492566 1 0 0 0 1 0 0 0 1  0 0 0.0203085 0 0 0
9.34 16.7233 0 -0.492362 1 0 0 0 1 0 0 0 1  0 0 0.0206318 0 0 0
9.35 16.7233 0 -0.492153 1 0 0 0 1 0 0 0 1  0 0 0.0209956 0 0 0
9.36 16.7233 0 -0.491942 1 0 0 0 1 0 0 0 1  0 0 0.0213616 0 0 0
9.37 16.7233 0 -0.491726 1 0 0 0 1 0 0 0 1  0 0 0.0217577 0 0 0
9.38 16.7233 0 -0.491506 1 0 0 0 1 0 0 0 1  0 0 0.0221945 0 0 0
9.39 16.7233 0 -0.491282 1 0 0 0 1 0 0 0 1  0 0 0.022587 0 0 0
9.4 16.7233 0 -0.491054 1 0 0 0 1 0 0 0 1  0 0 0.0230257 0 0 0
9.41 16.7233 0 -0.490822 1 0 0 0 1 0 0 0 1  0 0 0.0234118 0 0 0
9.42 16.7233 0 -0.490587 1 0 0 0 1 0 0 0 1  0 0 0.0237549 0 0 0
9.43 16.7233 0 -0.490347 1 0 0 0 1 0 0 0 1  0 0 0.0241625 0 0 0
9.44 16.7233 0 -0.490104 1 0 0 0 1 0 0 0 1  0 0 0.0245694 0 0 0
9.45 16.7233 0 -0.489856 1 0 0 0 1 0 0 0 1  0 0 0.0249919 0 0 0
9.46 16.7233 0 -0.489604 1 0 0 0 1 0 0 0 1  0 0 0.0254693 0 0 0
9.47 16.7233 0 -0.489348 1 0 0 0 1 0 0 0 1  0 0 0.0257383 0 0 0
9.48 16.7233 0 -0.489088 1 0 0 0 1 0 0 0 1  0 0 0.0261749 0 0 0
9.49 16.7233 0 -0.48883 1 0 0 0 1 0 0 0 1  0 0 0.0259796 0 0 0
9.5 16.7233 0 -0.488563 1 0 0 0 1 0 0 0 1  0 0 0.0268288 0 0 0
9.51 16.7233 0 -0.48828 1 0 0 0 1 0 0 0 1  0 0 0.0288253 0 0 0
9.52 16.7233 0 -0.488016 1 0 0 0 1 0 0 0 1  0 0 0.0265858 0 0 0
9.53 16.7233 0 -0.487729 1 0 0 0 1 0 0 0 1  0 0 0.0287669 0 0 0
9.54 16.7233 0 -0.487447 1 0 0 0 1 0 0 0 1  0 0 0.0284666 0 0 0
9.55 16.7233 0 -0.487161 1 0 0 0 1 0 0 0 1  0 0 0.0287082 0 0 0
9.56 16.7233 0 -0.486866 1 0 0 0 1 0 0 0 1  0 0 0.0297557 0 0 0
9.57 16.7233 0 -0.486574 1 0 0 0 1 0 0 0 1  0 0 0.0293329 0 0 0
9.58 16.7233 0 -0.486274 1 0 0 0 1 0 0 0 1  0 0 0.0301736 0 0 0
9.59 16.7233 0 -0.485981 1 0 0 0 1 0 0 0 1  0 0 0.0293807 0 0 0
9.6 16.7233 0 -0.485676 1 0 0 0 1 0 0 0 1  0 0 0.030573 0 0 0
9.61 16.7233 0 -0.485376 1 0 0 0 1 0 0 0 1  0 0 0.0301103 0 0 0
9.62 16.7233 0 -0.485072 1 0 0 0 1 0 0 0 1  0 0 0.0304402 0 0 0
9.63 16.7233 0 -0.484765 1 0 0 0 1 0 0 0 1  0 0 0.0308855 0 0 0
9.64 16.7233 0 -0.484459 1 0 0 0 1 0 0 0 1  0 0 0.0305989 0 0 0
9.65 16.7233 0 -0.484148 1 0 0 0 1 0 0 0 1  0 0 0.031198 0 0 0
9.66 16.7233 0 -0.483838 1 0 0 0 1 0 0 0 1  0 0 0.0310897 0 0 0
9.67 16.7233 0 -0.483534 1 0 0 0 1 0 0 0 1  0 0 0.0303359 0 0 0
9.68 16.7233 0 -0.483214 1 0 0 0 1 0 0 0 1  0 0 0.0321465 0 0 0
9.69 16.7233 0 -0.482908 1 0 0 0 1 0 0 0 1  0 0 0.0306697 0 0 0
9.7 16.7233 0 -0.48259 1 0 0 0 1 0 0 0 1  0 0 0.0318286 0 0 0
9.71 16.7233 0 -0.482274 1 0 0 0 1 0 0 0 1  0 0 0.0317074 0 0 0
9.72 16.7233 0 -0.48196 1 0 0 0 1 0 0 0 1  0 0 0.0314536 0 0 0
9.73 16.7233 0 -0.481638 1 0 0 0 1 0 0 0 1  0 0 0.0322531 0 0 0
9.74 16.7233 0 -0.481322 1 0 0 0 1 0 0 0 1  0 0 0.0317109 0 0 0
9.75 16.7233 0 -0.481 1 0 0 0 1 0 0 0 1  0 0 0.032196 0 0 0
9.76 16.7233 0 -0.480678 1 0 0 0 1 0 0 0 1  0 0 0.0322838 0 0 0
9.77 16.7233 0 -0.480356 1 0 0 0 1 0 0 0 1  0 0 0.032272 0 0 0
9.78 16.7233 0 -0.480032 1 0 0 0 1 0 0 0 1  0 0 0.0324417 0 0 0
9.79 16.7233 0 -0.479707 1 0 0 0 1 0 0 0 1  0 0 0.0324674 0 0 0
9.8 16.7233 0 -0.479382 1 0 0 0 1 0 0 0 1  0 0 0.0325217 0 0 0
9.81 16.7233 0 -0.479056 1 0 0 0 1 0 0 0 1  0 0 0.0326448 0 0 0
9.82 16.7233 0 -0.47873 1 0 0 0 1 0 0 0 1  0 0 0.0326343 0 0 0
9.83 16.7233 0 -0.478403 1 0 0 0 1 0 0 0 1  0 0 0.0327555 0 0 0
9.84 16.7233 0 -0.478075 1 0 0 0 1 0 0 0 1  0 0 0.0328152 0 0 0
9.85 16.7233 0 -0.477746 1 0 0 0 1 0 0 0 1  0 0 0.0329785 0 0 0
9.86 16.7233 0 -0.477417 1 0 0 0 1 0 0 0 1  0 0 0.0329762 0 0 0
9.87 16.7233 0 -0.477086 1 0 0 0 1 0 0 0 1  0 0 0.0330874 0 0 0
9.88 16.7233 0 -0.476755 1 0 0 0 1 0 0 0 1  0 0 0.0331658 0 0 0
9.89 16.7233 0 -0.476423 1 0 0 0 1 0 0 0 1  0 0 0.0332459 0 0 0
9.9 16.7233 0 -0.47609 1 0 0 0 1 0 0 0 1  0 0 0.0333539 0 0 0
9.91 16.7233 0 -0.475755 1 0 0 0 1 0 0 0 1  0 0 0.0335539 0 0 0
9.92 16.7233 0 -0.47542 1 0 0 0 1 0 0 0 1  0 0 0.0335938 0 0 0
9.93 16.7233 0 -0.475081 1 0 0 0 1 0 0 0 1  0 0 0.0339359 0 0 0
9.94 16.7233 0 -0.474741 1 0 0 0 1 0 0 0 1  0 0 0.0341336 0 0 0
9.95 16.7233 0 -0.4744 1 0 0 0 1 0 0 0 1  0 0 0.0342278 0 0 0
9.96 16.7233 0 -0.474057 1 0 0 0 1 0 0 0 1  0 0 0.034468 0 0 0
9.97 16.7233 0 -0.473711 1 0 0 0 1 0 0 0 1  0 0 0.0347266 0 0 0
9.98 16.7233 0 -0.473361 1 0 0 0 1 0 0 0 1  0 0 0.0351493 0 0 0
9.99 16.7233 0 -0.47301 1 0 0 0 1 0 0 0 1  0 0 0.0352292 0 0 0
10 16.7233 0 -0.472656 1 0 0 0 1 0 0 0 1  0 0 0.0355578 0 0 0
10.01 16.7233 0 -0.4723 1 0 0 0 1 0 0 0 1  0 0 0.0357125 0 0 0
10.02 16.7233 0 -0.471942 1 0 0 0 1 0 0 0 1  0 0 0.0358925 0 0 0
10.03 16.7233 0 -0.471582 1 0 0 0 1 0 0 0 1  0 0 0.0361514 0 0 0
10.04 16.7233 0 -0.471219 1 0 0 0 1 0 0 0 1  0 0 0.0363836 0 0 0
10.05 16.7233 0 -0.470855 1 0 0 0 1 0 0 0 1  0 0 0.0365052 0 0 0
10.06 16.7233 0 -0.470491 1 0 0 0 1 0 0 0 1  0 0 0.0364163 0 0 0
10.07 16.7233 0 -0.470105 1 0 0 0 1 0 0 0 1  0 0 0.0391449 0 0 0
10.08 16.7233 0 -0.469746 1 0 0 0 1 0 0 0 1  0 0 0.0361964 0 0 0
10.09 16.7233 0 -0.469367 1 0 0 0 1 0 0 0 1  0 0 0.0376536 0 0 0
10.1 16.7233 0 -0.468985 1 0 0 0 1 0 0 0 1  0 0 0.038487 0 0 0
10.11 16.7233 0 -0.468618 1 0 0 0 1 0 0 0 1  0 0 0.0366876 0 0 0
10.12 16.7233 0 -0.468228 1 0 0 0 1 0 0 0 1  0 0 0.0390251 0 0 0
10.13 16.7233 0 -0.467869 1 0 0 0 1 0 0 0 1  0 0 0.0358091 0 0 0
10.14 16.7233 0 -0.467481 1 0 0 0 1 0 0 0 1  0 0 0.0387208 0 0 0
10.15 16.7233 0 -0.467115 1 0 0 0 1 0 0 0 1  0 0 0.036713 0 0 0
10.16 16.7233 0 -0.46674 1 0 0 0 1 0 0 0 1  0 0 0.0372526 0 0 0
10.17 16.7233 0 -0.466367 1 0 0 0 1 0 0 0 1  0 0 0.0373434 0 0 0
10.18 16.7233 0 -0.465999 1 0 0 0 1 0 0 0 1  0 0 0.0368136 0 0 0
10.19 16.7233 0 -0.465625 1 0 0 0 1 0 0 0 1  0 0 0.0372814 0 0 0
10.2 16.7233 0 -0.465257 1 0 0 0 1 0 0 0 1  0 0 0.0368176 0 0 0
10.21 16.7233 0 -0.464887 1 0 0 0 1 0 0 0 1  0 0 0.0369127 0 0 0
10.22 16.7233 0 -0.464518 1 0 0 0 1 0 0 0 1  0 0 0.0368647 0 0 0
10.23 16.7233 0 -0.464152 1 0 0 0 1 0 0 0 1  0 0 0.0365828 0 0 0
10.24 16.7233 0 -0.463784 1 0 0 0 1 0 0 0 1  0 0 0.0367192 0 0 0
10.25 16.7233 0 -0.46342 1 0 0 0 1 0 0 0 1  0 0 0.0363844 0 0 0
10.26 16.7233 0 -0.463054 1 0 0 0 1 0 0 0 1  0 0 0.0365357 0 0 0
10.27 16.7233 0 -0.462692 1 0 0 0 1 0 0 0 1  0 0 0.0361455 0 0 0
10.28 16.7233 0 -0.462329 1 0 0 0 1 0 0 0 1  0 0 0.0361577 0 0 0
10.29 16.7233 0 -0.461969 1 0 0 0 1 0 0 0 1  0 0 0.0359871 0 0 0
10.3 16.7233 0 -0.46161 1 0 0 0 1 0 0 0 1  0 0 0.0357657 0 0 0
10.31 16.7233 0 -0.461252 1 0 0 0 1 0 0 0 1  0 0 0.0357437 0 0 0
10.32 16.7233 0 -0.460896 1 0 0 0 1 0 0 0 1  0 0 0.0355274 0 0 0
10.33 16.7233 0 -0.460541 1 0 0 0 1 0 0 0 1  0 0 0.0355253 0 0 0
10.34 16.7233 0 -0.460187 1 0 0 0 1 0 0 0 1  0 0 0.0352507 0 0 0
10.35 16.7233 0 -0.459834 1 0 0 0 1 0 0 0 1  0 0 0.0352193 0 0 0
10.36 16.7233 0 -0.459483 1 0 0 0 1 0 0 0 1  0 0 0.0350417 0 0 0
10.37 16.7233 0 -0.459134 1 0 0 0 1 0 0 0 1  0 0 0.034895 0 0 0
10.38 16.7233 0 -0.458785 1 0 0 0 1 0 0 0 1  0 0 0.0348397 0 0 0
10.39 16.7233 0 -0.458438 1 0 0 0 1 0 0 0 1  0 0 0.0345989 0 0 0
10.4 16.7233 0 -0.458092 1 0 0 0 1 0 0 0 1  0 0 0.0345586 0 0 0
10.41 16.7233 0 -0.457747 1 0 0 0 1 0 0 0 1  0 0 0.0343834 0 0 0
10.42 16.7233 0 -0.457404 1 0 0 0 1 0 0 0 1  0 0 0.0342268 0 0 0
10.43 16.7233 0 -0.457062 1 0 0 0 1 0 0 0 1  0 0 0.0341383 0 0 0
10.44 16.7233 0 -0.456722 1 0 0 0 1 0 0 0 1  0 0 0.033956 0 0 0
10.45 16.7233 0 -0.456383 1 0 0 0 1 0 0 0 1  0 0 0.0338554 0 0 0
10.46 16.7233 0 -0.456044 1 0 0 0 1 0 0 0 1  0 0 0.0338394 0 0 0
10.47 16.7233 0 -0.455707 1 0 0 0 1 0 0 0 1  0 0 0.0335923 0 0 0
10.48 16.7233 0 -0.455371 1 0 0 0 1 0 0 0 1  0 0 0.0336104 0 0 0
10.49 16.7233 0 -0.455036 1 0 0 0 1 0 0 0 1  0 0 0.0334931 0 0 0
10.5 16.7233 0 -0.4547 1 0 0 0 1 0 0 0 1  0 0 0.0335072 0 0 0
10.51 16.7233 0 -0.454364 1 0 0 0 1 0 0 0 1  0 0 0.0335795 0 0 0
10.52 16.7233 0 -0.454029 1 0 0 0 1 0 0 0 1  0 0 0.0335116 0 0 0
10.53 16.7233 0 -0.453693 1 0 0 0 1 0 0 0 1  0 0 0.0336813 0 0 0
10.54 16.7233 0 -0.453355 1 0 0 0 1 0 0 0 1  0 0 0.0338746 0 0 0
10.55 16.7233 0 -0.453018 1 0 0 0 1 0 0 0 1  0 0 0.0337121 0 0 0
10.56 16.7233 0 -0.452687 1 0 0 0 1 0 0 0 1  0 0 0.0330344 0 0 0
10.57 16.7233 0 -0.452354 1 0 0 0 1 0 0 0 1  0 0 0.0331443 0 0 0
10.58 16.7233 0 -0.452009 1 0 0 0 1 0 0 0 1  0 0 0.0348727 0 0 0
10.59 16.7233 0 -0.45169 1 0 0 0 1 0 0 0 1  0 0 0.0317983 0 0 0
10.6 16.7233 0 -0.451363 1 0 0 0 1 0 0 0 1  0 0 0.0322002 0 0 0
10.61 16.7233 0 -0.451036 1 0 0 0 1 0 0 0 1  0 0 0.032818 0 0 0
10.62 16.7233 0 -0.450722 1 0 0 0 1 0 0 0 1  0 0 0.0312869 0 0 0
10.63 16.7233 0 -0.450399 1 0 0 0 1 0 0 0 1  0 0 0.0321823 0 0 0
10.64 16.7233 0 -0.450086 1 0 0 0 1 0 0 0 1  0 0 0.0312269 0 0 0
10.65 16.7233 0 -0.449795 1 0 0 0 1 0 0 0 1  0 0 0.0284556 0 0 0
10.66 16.7233 0 -0.449466 1 0 0 0 1 0 0 0 1  0 0 0.0329954 0 0 0
10.67 16.7233 0 -0.44919 1 0 0 0 1 0 0 0 1  0 0 0.0275547 0 0 0
10.68 16.7233 0 -0.448875 1 0 0 0 1 0 0 0 1  0 0 0.0311144 0 0 0
10.69 16.7233 0 -0.448587 1 0 0 0 1 0 0 0 1  0 0 0.028926 0 0 0
10.7 16.7233 0 -0.448298 1 0 0 0 1 0 0 0 1  0 0 0.0284367 0 0 0
10.71 16.7233 0 -0.448002 1 0 0 0 1 0 0 0 1  0 0 0.0296058 0 0 0
10.72 16.7233 0 -0.447728 1 0 0 0 1 0 0 0 1  0 0 0.0271608 0 0 0
10.73 16.7233 0 -0.44744 1 0 0 0 1 0 0 0 1  0 0 0.0285587 0 0 0
10.74 16.7233 0 -0.447168 1 0 0 0 1 0 0 0 1  0 0 0.027076 0 0 0
10.75 16.7233 0 -0.446897 1 0 0 0 1 0 0 0 1  0 0 0.0268357 0 0 0
10.76 16.7233 0 -0.446627 1 0 0 0 1 0 0 0 1  0 0 0.0268684 0 0 0
10.77 16.7233 0 -0.446368 1 0 0 0 1 0 0 0 1  0 0 0.0256225 0 0 0
10.78 16.7233 0 -0.446107 1 0 0 0 1 0 0 0 1  0 0 0.025872 0 0 0
10.79 16.7233 0 -0.445855 1 0 0 0 1 0 0 0 1  0 0 0.0249324 0 0 0
10.8 16.7233 0 -0.445607 1 0 0 0 1 0 0 0 1  0 0 0.0245496 0 0 0
10.81 16.7233 0 -0.445363 1 0 0 0 1 0 0 0 1  0 0 0.0241996 0 0 0
10.82 16.7233 0 -0.445126 1 0 0 0 1 0 0 0 1  0 0 0.0233797 0 0 0
10.83 16.7233 0 -0.444892 1 0 0 0 1 0 0 0 1  0 0 0.0231602 0 0 0
10.84 16.7233 0 -0.444666 1 0 0 0 1 0 0 0 1  0 0 0.022389 0 0 0
10.85 16.7233 0 -0.444443 1 0 0 0 1 0 0 0 1  0 0 0.0219681 0 0 0
10.86 16.7233 0 -0.444226 1 0 0 0 1 0 0 0 1  0 0 0.0214208 0 0 0
10.87 16.7233 0 -0.444016 1 0 0 0 1 0 0 0 1  0 0 0.0207183 0 0 0
10.88 16.7233 0 -0.44381 1 0 0 0 1 0 0 0 1  0 0 0.0203732 0 0 0
10.89 16.7233 0 -0.44361 1 0 0 0 1 0 0 0 1  0 0 0.0197586 0 0 0
10.9 16.7233 0 -0.443416 1 0 0 0 1 0 0 0 1  0 0 0.0191053 0 0 0
10.91 16.7233 0 -0.443226 1 0 0 0 1 0 0 0 1  0 0 0.0187209 0 0 0
10.92 16.7233 0 -0.443043 1 0 0 0 1 0 0 0 1  0 0 0.017972 0 0 0
10.93 16.7233 0 -0.442865 1 0 0 0 1 0 0 0 1  0 0 0.0175286 0 0 0
10.94 16.7233 0 -0.442693 1 0 0 0 1 0 0 0 1  0 0 0.0169037 0 0 0
10.95 16.7233 0 -0.442527 1 0 0 0 1 0 0 0 1  0 0 0.0163047 0 0 0
10.96 16.7233 0 -0.442367 1 0 0 0 1 0 0 0 1  0 0 0.0157855 0 0 0
10.97 16.7233 0 -0.442212 1 0 0 0 1 0 0 0 1  0 0 0.0151249 0 0 0
10.98 16.7233 0 -0.442063 1 0 0 0 1 0 0 0 1  0 0 0.0146022 0 0 0
10.99 16.7233 0 -0.441921 1 0 0 0 1 0 0 0 1  0 0 0.0139586 0 0 0
11 16.7233 0 -0.441784 1 0 0 0 1 0 0 0 1  0 0 0.0133763 0 0 0
11.01 16.7233 0 -0.441653 1 0 0 0 1 0 0 0 1  0 0 0.012769 0 0 0
11.02 16.7233 0 -0.441529 1 0 0 0 1 0 0 0 1  0 0 0.0121462 0 0 0
11.03 16.7233 0 -0.44141 1 0 0 0 1 0 0 0 1  0 0 0.0115401 0 0 0
11.04 16.7233 0 -0.441298 1 0 0 0 1 0 0 0 1  0 0 0.0109211 0 0 0
11.05 16.7233 0 -0.441192 1 0 0 0 1 0 0 0 1  0 0 0.0102853 0 0 0
11.06 16.7233 0 -0.441092 1 0 0 0 1 0 0 0 1  0 0 0.00965919 0 0 0
11.07 16.7233 0 -0.440999 1 0 0 0 1 0 0 0 1  0 0 0.00901365 0 0 0
11.08 16.7233 0 -0.440912 1 0 0 0 1 0 0 0 1  0 0 0.0083666 0 0 0
11.09 16.7233 0 -0.440832 1 0 0 0 1 0 0 0 1  0 0 0.00772072 0 0 0
11.1 16.7233 0 -0.440758 1 0 0 0 1 0 0 0 1  0 0 0.007055 0 0 0
11.11 16.7233 0 -0.440691 1 0 0 0 1 0 0 0 1  0 0 0.00639444 0 0 0
11.12 16.7233 0 -0.44063 1 0 0 0 1 0 0 0 1  0 0 0.00572773 0 0 0
11.13 16.7233 0 -0.440576 1 0 0 0 1 0 0 0 1  0 0 0.00504938 0 0 0
11.14 16.7233 0 -0.440529 1 0 0 0 1 0 0 0 1  0 0 0.00437518 0 0 0
11.15 16.7233 0 -0.440489 1 0 0 0 1 0 0 0 1  0 0 0.00368969 0 0 0
11.16 16.7233 0 -0.440455 1 0 0 0 1 0 0 0 1  0 0 0.00301025 0 0 0
11.17 16.7233 0 -0.440429 1 0 0 0 1 0 0 0 1  0 0 0.00231685 0 0 0
11.18 16.7233 0 -0.440409 1 0 0 0 1 0 0 0 1  0 0 0.00165098 0 0 0
11.19 16.7233 0 -0.440396 1 0 0 0 1 0 0 0 1  0 0 0.000982514 0 0 0
11.2 16.7233 0 -0.440389 1 0 0 0 1 0 0 0 1  0 0 0.000296073 0 0 0
11.21 16.7233 0 -0.44039 1 0 0 0 1 0 0 0 1  0 0 -0.000357578 0 0 0
11.22 16.7233 0 -0.440397 1 0 0 0 1 0 0 0 1  0 0 -0.0010341 0 0 0
11.23 16.7233 0 -0.44041 1 0 0 0 1 0 0 0 1  0 0 -0.0016795 0 0 0
11.24 16.7233 0 -0.44043 1 0 0 0 1 0 0 0 1  0 0 -0.00233145 0 0 0
11.25 16.7233 0 -0.440457 1 0 0 0 1 0 0 0 1  0 0 -0.00298489 0 0 0
11.26 16.7233 0 -0.44049 1 0 0 0 1 0 0 0 1  0 0 -0.00361358 0 0 0
11.27 16.7233 0 -0.440529 1 0 0 0 1 0 0 0 1  0 0 -0.00426297 0 0 0
11.28 16.7233 0 -0.440575 1 0 0 0 1 0 0 0 1  0 0 -0.00489144 0 0 0
11.29 16.7233 0 -0.440627 1 0 0 0 1 0 0 0 1  0 0 -0.00551975 0 0 0
11.3 16.7233 0 -0.440685 1 0 0 0 1 0 0 0 1  0 0 -0.00615357 0 0 0
11.31 16.7233 0 -0.44075 1 0 0 0 1 0 0 0 1  0 0 -0.00676534 0 0 0
11.32 16.7233 0 -0.44082 1 0 0 0 1 0 0 0 1  0 0 -0.00739033 0 0 0
11.33 16.7233 0 -0.440897 1 0 0 0 1 0 0 0 1  0 0 -0.00799806 0 0 0
11.34 16.7233 0 -0.44098 1 0 0 0 1 0 0 0 1  0 0 -0.00861829 0 0 0
11.35 16.7233 0 -0.44107 1 0 0 0 1 0 0 0 1  0 0 -0.00922362 0 0 0
11.36 16.7233 0 -0.441165 1 0 0 0 1 0 0 0 1  0 0 -0.00982819 0 0 0
11.37 16.7233 0 -0.441266 1 0 0 0 1 0 0 0 1  0 0 -0.0104392 0 0 0
11.38 16.7233 0 -0.441374 1 0 0 0 1 0 0 0 1  0 0 -0.0110323 0 0 0
11.39 16.7233 0 -0.441487 1 0 0 0 1 0 0 0 1  0 0 -0.0116403 0 0 0
11.4 16.7233 0 -0.441606 1 0 0 0 1 0 0 0 1  0 0 -0.0122319 0 0 0
11.41 16.7233 0 -0.441732 1 0 0 0 1 0 0 0 1  0 0 -0.0128265 0 0 0
11.42 16.7233 0 -0.441863 1 0 0 0 1 0 0 0 1  0 0 -0.0134176 0 0 0
11.43 16.7233 0 -0.442 1 0 0 0 1 0 0 0 1  0 0 -0.0140026 0 0 0
11.44 16.7233 0 -0.442143 1 0 0 0 1 0 0 0 1  0 0 -0.0145888 0 0 0
11.45 16.7233 0 -0.442292 1 0 0 0 1 0 0 0 1  0 0 -0.0151707 0 0 0
11.46 16.7233 0 -0.442446 1 0 0 0 1 0 0 0 1  0 0 -0.0157544 0 0 0
11.47 16.7233 0 -0.442607 1 0 0 0 1 0 0 0 1  0 0 -0.0163377 0 0 0
11.48 16.7233 0 -0.442773 1 0 0 0 1 0 0 0 1  0 0 -0.0169039 0 0 0
11.49 16.7233 0 -0.442945 1 0 0 0 1 0 0 0 1  0 0 -0.0174866 0 0 0
11.5 16.7233 0 -0.443122 1 0 0 0 1 0 0 0 1  0 0 -0.0180433 0 0 0
11.51 16.7233 0 -0.443306 1 0 0 0 1 0 0 0 1  0 0 -0.0186124 0 0 0
11.52 16.7233 0 -0.443495 1 0 0 0 1 0 0 0 1  0 0 -0.0191657 0 0 0
11.53 16.7233 0 -0.443689 1 0 0 0 1 0 0 0 1  0 0 -0.0197111 0 0 0
11.54 16.7233 0 -0.443889 1 0 0 0 1 0 0 0 1  0 0 -0.0202625 0 0 0
11.55 16.7233 0 -0.444094 1 0 0 0 1 0 0 0 1  0 0 -0.0207912 0 0 0
11.56 16.7233 0 -0.444305 1 0 0 0 1 0 0 0 1  0 0 -0.0213932 0 0 0
11.57 16.7233 0 -0.44452 1 0 0 0 1 0 0 0 1  0 0 -0.021741 0 0 0
11.58 16.7233 0 -0.444742 1 0 0 0 1 0 0 0 1  0 0 -0.0225152 0 0 0
11.59 16.7233 0 -0.444968 1 0 0 0 1 0 0 0 1  0 0 -0.0228185 0 0 0
11.6 16.7233 0 -0.4452 1 0 0 0 1 0 0 0 1  0 0 -0.0234525 0 0 0
11.61 16.7233 0 -0.445437 1 0 0 0 1 0 0 0 1  0 0 -0.0239184 0 0 0
11.62 16.7233 0 -0.445678 1 0 0 0 1 0 0 0 1  0 0 -0.0243927 0 0 0
11.63 16.7233 0 -0.445925 1 0 0 0 1 0 0 0 1  0 0 -0.024948 0 0 0
11.64 16.7233 0 -0.446176 1 0 0 0 1 0 0 0 1  0 0 -0.025367 0 0 0
11.65 16.7233 0 -0.446433 1 0 0 0 1 0 0 0 1  0 0 -0.0258982 0 0 0
11.66 16.7233 0 -0.446694 1 0 0 0 1 0 0 0 1  0 0 -0.0263538 0 0 0
11.67 16.7233 0 -0.44696 1 0 0 0 1 0 0 0 1  0 0 -0.0268085 0 0 0
11.68 16.7233 0 -0.447231 1 0 0 0 1 0 0 0 1  0 0 -0.0273539 0 0 0
11.69 16.7233 0 -0.447506 1 0 0 0 1 0 0 0 1  0 0 -0.0277397 0 0 0
11.7 16.7233 0 -0.447785 1 0 0 0 1 0 0 0 1  0 0 -0.0281778 0 0 0
11.71 16.7233 0 -0.448069 1 0 0 0 1 0 0 0 1  0 0 -0.0286147 0 0 0
11.72 16.7233 0 -0.448357 1 0 0 0 1 0 0 0 1  0 0 -0.0290128 0 0 0
11.73 16.7233 0 -0.44865 1 0 0 0 1 0 0 0 1  0 0 -0.029423 0 0 0
11.74 16.7233 0 -0.448946 1 0 0 0 1 0 0 0 1  0 0 -0.0298035 0 0 0
11.75 16.7233 0 -0.449246 1 0 0 0 1 0 0 0 1  0 0 -0.0301872 0 0 0
11.76 16.7233 0 -0.449549 1 0 0 0 1 0 0 0 1  0 0 -0.0305508 0 0 0
11.77 16.7233 0 -0.449856 1 0 0 0 1 0 0 0 1  0 0 -0.0308908 0 0 0
11.78 16.7233 0 -0.450167 1 0 0 0 1 0 0 0 1  0 0 -0.0312506 0 0 0
11.79 16.7233 0 -0.450467 1 0 0 0 1 0 0 0 1  0 0 -0.0298802 0 0 0
11.8 16.7233 0 -0.450793 1 0 0 0 1 0 0 0 1  0 0 -0.0327745 0 0 0
11.81 16.7233 0 -0.4511 1 0 0 0 1 0 0 0 1  0 0 -0.0309533 0 0 0
11.82 16.7233 0 -0.45143 1 0 0 0 1 0 0 0 1  0 0 -0.0331495 0 0 0
11.83 16.7233 0 -0.451755 1 0 0 0 1 0 0 0 1  0 0 -0.0328571 0 0 0
11.84 16.7233 0 -0.452085 1 0 0 0 1 0 0 0 1  0 0 -0.0330266 0 0 0
11.85 16.7233 0 -0.45242 1 0 0 0 1 0 0 0 1  0 0 -0.0336569 0 0 0
11.86 16.7233 0 -0.452755 1 0 0 0 1 0 0 0 1  0 0 -0.033713 0 0 0
11.87 16.7233 0 -0.453114 1 0 0 0 1 0 0 0 1  0 0 -0.0363771 0 0 0
11.88 16.7233 0 -0.453436 1 0 0 0 1 0 0 0 1  0 0 -0.0321077 0 0 0
11.89 16.7233 0 -0.453808 1 0 0 0 1 0 0 0 1  0 0 -0.0373723 0 0 0
11.9 16.7233 0 -0.454147 1 0 0 0 1 0 0 0 1  0 0 -0.0342738 0 0 0
11.91 16.7233 0 -0.454505 1 0 0 0 1 0 0 0 1  0 0 -0.0356676 0 0 0
11.92 16.7233 0 -0.45487 1 0 0 0 1 0 0 0 1  0 0 -0.0369514 0 0 0
11.93 16.7233 0 -0.455221 1 0 0 0 1 0 0 0 1  0 0 -0.0351032 0 0 0
11.94 16.7233 0 -0.455597 1 0 0 0 1 0 0 0 1  0 0 -0.0377125 0 0 0
11.95 16.7233 0 -0.455957 1 0 0 0 1 0 0 0 1  0 0 -0.0362671 0 0 0
11.96 16.7233 0 -0.456329 1 0 0 0 1 0 0 0 1  0 0 -0.0372383 0 0 0
11.97 16.7233 0 -0.456703 1 0 0 0 1 0 0 0 1  0 0 -0.0376007 0 0 0
11.98 16.7233 0 -0.457074 1 0 0 0 1 0 0 0 1  0 0 -0.0371445 0 0 0
11.99 16.7233 0 -0.457454 1 0 0 0 1 0 0 0 1  0 0 -0.038172 0 0 0
12 16.7233 0 -0.45783 1 0 0 0 1 0 0 0 1  0 0 -0.0377181 0 0 0
12.01 16.7233 0 -0.458212 1 0 0 0 1 0 0 0 1  0 0 -0.0381954 0 0 0
12.02 16.7233 0 -0.458595 1 0 0 0 1 0 0 0 1  0 0 -0.0384204 0 0 0
12.03 16.7233 0 -0.458977 1 0 0 0 1 0 0 0 1  0 0 -0.0382954 0 0 0
12.04 16.7233 0 -0.459364 1 0 0 0 1 0 0 0 1  0 0 -0.0387817 0 0 0
12.05 16.7233 0 -0.45975 1 0 0 0 1 0 0 0 1  0 0 -0.038696 0 0 0
12.06 16.7233 0 -0.460138 1 0 0 0 1 0 0 0 1  0 0 -0.0388805 0 0 0
12.07 16.7233 0 -0.460528 1 0 0 0 1 0 0 0 1  0 0 -0.039047 0 0 0
12.08 16.7233 0 -0.460918 1 0 0 0 1 0 0 0 1  0 0 -0.039004 0 0 0
12.09 16.7233 0 -0.461309 1 0 0 0 1 0 0 0 1  0 0 -0.0392094 0 0 0
12.1 16.7233 0 -0.461699 1 0 0 0 1 0 0 0 1  0 0 -0.0389892 0 0 0
12.11 16.7233 0 -0.462092 1 0 0 0 1 0 0 0 1  0 0 -0.0393074 0 0 0
12.12 16.7233 0 -0.462483 1 0 0 0 1 0 0 0 1  0 0 -0.0390881 0 0 0
12.13 16.7233 0 -0.462875 1 0 0 0 1 0 0 0 1  0 0 -0.0391843 0 0 0
12.14 16.7233 0 -0.463266 1 0 0 0 1 0 0 0 1  0 0 -0.0391681 0 0 0
12.15 16.7233 0 -0.463657 1 0 0 0 1 0 0 0 1  0 0 -0.0390246 0 0 0
12.16 16.7233 0 -0.464048 1 0 0 0 1 0 0 0 1  0 0 -0.0390719 0 0 0
12.17 16.7233 0 -0.464438 1 0 0 0 1 0 0 0 1  0 0 -0.0389674 0 0 0
12.18 16.7233 0 -0.464826 1 0 0 0 1 0 0 0 1  0 0 -0.0388025 0 0 0
12.19 16.7233 0 -0.465214 1 0 0 0 1 0 0 0 1  0 0 -0.0387436 0 0 0
12.2 16.7233 0 -0.4656 1 0 0 0 1 0 0 0 1  0 0 -0.0385797 0 0 0
12.21 16.7233 0 -0.465986 1 0 0 0 1 0 0 0 1  0 0 -0.0384457 0 0 0
12.22 16.7233 0 -0.466369 1 0 0 0 1 0 0 0 1  0 0 -0.0383153 0 0 0
12.23 16.7233 0 -0.466752 1 0 0 0 1 0 0 0 1  0 0 -0.0382184 0 0 0
12.24 16.7233 0 -0.467134 1 0 0 0 1 0 0 0 1  0 0 -0.0381187 0 0 0
12.25 16.7233 0 -0.467504 1 0 0 0 1 0 0 0 1  0 0 -0.0366804 0 0 0
12.26 16.7233 0 -0.46789 1 0 0 0 1 0 0 0 1  0 0 -0.0386205 0 0 0
12.27 16.7233 0 -0.468257 1 0 0 0 1 0 0 0 1  0 0 -0.0366552 0 0 0
12.28 16.7233 0 -0.468636 1 0 0 0 1 0 0 0 1  0 0 -0.0376873 0 0 0
12.29 16.7233 0 -0.469004 1 0 0 0 1 0 0 0 1  0 0 -0.0367992 0 0 0
12.3 16.7233 0 -0.469381 1 0 0 0 1 0 0 0 1  0 0 -0.0376232 0 0 0
12.31 16.7233 0 -0.469749 1 0 0 0 1 0 0 0 1  0 0 -0.0367712 0 0 0
12.32 16.7233 0 -0.47012 1 0 0 0 1 0 0 0 1  0 0 -0.0370442 0 0 0
12.33 16.7233 0 -0.470485 1 0 0 0 1 0 0 0 1  0 0 -0.0363534 0 0 0
12.34 16.7233 0 -0.470852 1 0 0 0 1 0 0 0 1  0 0 -0.0366281 0 0 0
12.35 16.7233 0 -0.47123 1 0 0 0 1 0 0 0 1  0 0 -0.0380808 0 0 0
12.36 16.7233 0 -0.471574 1 0 0 0 1 0 0 0 1  0 0 -0.034096 0 0 0
12.37 16.7233 0 -0.471958 1 0 0 0 1 0 0 0 1  0 0 -0.0382823 0 0 0
12.38 16.7233 0 -0.472306 1 0 0 0 1 0 0 0 1  0 0 -0.0349035 0 0 0
12.39 16.7233 0 -0.472671 1 0 0 0 1 0 0 0 1  0 0 -0.0362476 0 0 0
12.4 16.7233 0 -0.473033 1 0 0 0 1 0 0 0 1  0 0 -0.0363204 0 0 0
12.41 16.7233 0 -0.473383 1 0 0 0 1 0 0 0 1  0 0 -0.0347471 0 0 0
12.42 16.7233 0 -0.473746 1 0 0 0 1 0 0 0 1  0 0 -0.0362844 0 0 0
12.43 16.7233 0 -0.474094 1 0 0 0 1 0 0 0 1  0 0 -0.0347118 0 0 0
12.44 16.7233 0 -0.474447 1 0 0 0 1 0 0 0 1  0 0 -0.0351532 0 0 0
12.45 16.7233 0 -0.474797 1 0 0 0 1 0 0 0 1  0 0 -0.0349968 0 0 0
12.46 16.7233 0 -0.475141 1 0 0 0 1 0 0 0 1  0 0 -0.034187 0 0 0
12.47 16.7233 0 -0.475488 1 0 0 0 1 0 0 0 1  0 0 -0.0346686 0 0 0
12.48 16.7233 0 -0.475828 1 0 0 0 1 0 0 0 1  0 0 -0.0338611 0 0 0
12.49 16.7233 0 -0.476168 1 0 0 0 1 0 0 0 1  0 0 -0.0338572 0 0 0
12.5 16.7233 0 -0.476506 1 0 0 0 1 0 0 0 1  0 0 -0.0336367 0 0 0
12.51 16.7233 0 -0.476839 1 0 0 0 1 0 0 0 1  0 0 -0.0331389 0 0 0
12.52 16.7233 0 -0.477171 1 0 0 0 1 0 0 0 1  0 0 -0.0331186 0 0 0
12.53 16.7233 0 -0.477498 1 0 0 0 1 0 0 0 1  0 0 -0.0326003 0 0 0
12.54 16.7233 0 -0.477824 1 0 0 0 1 0 0 0 1  0 0 -0.0323959 0 0 0
12.55 16.7233 0 -0.478146 1 0 0 0 1 0 0 0 1  0 0 -0.0320856 0 0 0
12.56 16.7233 0 -0.478464 1 0 0 0 1 0 0 0 1  0 0 -0.0315343 0 0 0
12.57 16.7233 0 -0.478779 1 0 0 0 1 0 0 0 1  0 0 -0.0313505 0 0 0
12.58 16.7233 0 -0.47909 1 0 0 0 1 0 0 0 1  0 0 -0.0309224 0 0 0
12.59 16.7233 0 -0.479397 1 0 0 0 1 0 0 0 1  0 0 -0.0305007 0 0 0
12.6 16.7233 0 -0.479701 1 0 0 0 1 0 0 0 1  0 0 -0.0302283 0 0 0
12.61 16.7233 0 -0.48 1 0 0 0 1 0 0 0 1  0 0 -0.029719 0 0 0
12.62 16.7233 0 -0.480296 1 0 0 0 1 0 0 0 1  0 0 -0.0293993 0 0 0
12.63 16.7233 0 -0.480588 1 0 0 0 1 0 0 0 1  0 0 -0.0289589 0 0 0
12.64 16.7233 0 -0.480875 1 0 0 0 1 0 0 0 1  0 0 -0.0285276 0 0 0
12.65 16.7233 0 -0.481159 1 0 0 0 1 0 0 0 1  0 0 -0.0282097 0 0 0
12.66 16.7233 0 -0.481438 1 0 0 0 1 0 0 0 1  0 0 -0.0276279 0 0 0
12.67 16.7233 0 -0.481713 1 0 0 0 1 0 0 0 1  0 0 -0.0273225 0 0 0
12.68 16.7233 0 -0.481983 1 0 0 0 1 0 0 0 1  0 0 -0.0267896 0 0 0
12.69 16.7233 0 -0.482249 1 0 0 0 1 0 0 0 1  0 0 -0.0263636 0 0 0
12.7 16.7233 0 -0.48251 1 0 0 0 1 0 0 0 1  0 0 -0.0259383 0 0 0
12.71 16.7233 0 -0.482767 1 0 0 0 1 0 0 0 1  0 0 -0.0254312 0 0 0
12.72 16.7233 0 -0.48302 1 0 0 0 1 0 0 0 1  0 0 -0.0250212 0 0 0
12.73 16.7233 0 -0.483267 1 0 0 0 1 0 0 0 1  0 0 -0.024527 0 0 0
12.74 16.7233 0 -0.48351 1 0 0 0 1 0 0 0 1  -0 -0 -0.0240696 0 0 0
12.75 16.7233 0 -0.483749 1 0 0 0 1 0 0 0 1  -0 -0 -0.0236075 0 0 0
12.76 16.7233 0 -0.483982 1 0 0 0 1 0 0 0 1  -0 -0 -0.0231146 0 0 0
12.77 16.7233 0 -0.484211 1 0 0 0 1 0 0 0 1  -0 -0 -0.0226463 0 0 0
12.78 16.7233 0 -0.48443 1 0 0 0 1 0 0 0 1  -0 -0 -0.021539 0 0 0
12.79 16.7233 0 -0.484652 1 0 0 0 1 0 0 0 1  -0 -0 -0.0219969 0 0 0
12.8 16.7233 0 -0.484861 1 0 0 0 1 0 0 0 1  -0 -0 -0.0206605 0 0 0
12.81 16.7233 0 -0.485071 1 0 0 0 1 0 0 0 1  -0 -0 -0.0207126 0 0 0
12.82 16.7233 0 -0.485274 1 0 0 0 1 0 0 0 1  -0 -0 -0.020161 0 0 0
12.83 16.7233 0 -0.485471 1 0 0 0 1 0 0 0 1  -0 -0 -0.0194825 0 0 0
12.84 16.7233 0 -0.485668 1 0 0 0 1 0 0 0 1  -0 -0 -0.019408 0 0 0
12.85 16.7233 0 -0.485856 1 0 0 0 1 0 0 0 1  -0 -0 -0.0186123 0 0 0
12.86 16.7233 0 -0.486042 1 0 0 0 1 0 0 0 1  -0 -0 -0.0183848 0 0 0
12.87 16.7233 0 -0.486223 1 0 0 0 1 0 0 0 1  -0 -0 -0.0179188 0 0 0
12.88 16.7233 0 -0.486399 1 0 0 0 1 0 0 0 1  -0 -0 -0.0173614 0 0 0
12.89 16.7233 0 -0.486573 1 0 0 0 1 0 0 0 1  -0 -0 -0.0171154 0 0 0
12.9 16.7233 0 -0.486737 1 0 0 0 1 0 0 0 1  -0 -0 -0.0161178 0 0 0
12.91 16.7233 0 -0.486902 1 0 0 0 1 0 0 0 1  -0 -0 -0.0162912 0 0 0
12.92 16.7233 0 -0.487059 1 0 0 0 1 0 0 0 1  -0 -0 -0.0154795 0 0 0
12.93 16.7233 0 -0.487215 1 0 0 0 1 0 0 0 1  -0 -0 -0.0154877 0 0 0
12.94 16.7233 0 -0.487366 1 0 0 0 1 0 0 0 1  -0 -0 -0.0148517 0 0 0
12.95 16.7233 0 -0.487514 1 0 0 0 1 0 0 0 1  -0 -0 -0.0146122 0 0 0
12.96 16.7233 0 -0.487659 1 0 0 0 1 0 0 0 1  -0 -0 -0.0142937 0 0 0
12.97 16.7233 0 -0.487799 1 0 0 0 1 0 0 0 1  -0 -0 -0.0138795 0 0 0
12.98 16.7233 0 -0.487937 1 0 0 0 1 0 0 0 1  -0 -0 -0.0135896 0 0 0
12.99 16.7233 0 -0.48807 1 0 0 0 1 0 0 0 1  -0 -0 -0.0130938 0 0 0
13 16.7233 0 -0.488199 1 0 0 0 1 0 0 0 1  -0 -0 -0.0127966 0 0 0
13.01 16.7233 0 -0.488322 1 0 0 0 1 0 0 0 1  -0 -0 -0.0120113 0 0 0
13.02 16.7233 0 -0.488445 1 0 0 0 1 0 0 0 1  -0 -0 -0.0120657 0 0 0
13.03 16.7233 0 -0.488559 1 0 0 0 1 0 0 0 1  -0 -0 -0.0112204 0 0 0
13.04 16.7233 0 -0.488672 1 0 0 0 1 0 0 0 1  -0 -0 -0.0110395 0 0 0
13.05 16.7233 0 -0.488788 1 0 0 0 1 0 0 0 1  -0 -0 -0.0116645 0 0 0
13.06 16.7233 0 -0.488887 1 0 0 0 1 0 0 0 1  -0 -0 -0.00968212 0 0 0
13.07 16.7233 0 -0.488998 1 0 0 0 1 0 0 0 1  -0 -0 -0.0108418 0 0 0
13.08 16.7233 0 -0.489093 1 0 0 0 1 0 0 0 1  -0 -0 -0.00948284 0 0 0
13.09 16.7233 0 -0.489189 1 0 0 0 1 0 0 0 1  -0 -0 -0.0092098 0 0 0
13.1 16.7233 0 -0.48928 1 0 0 0 1 0 0 0 1  -0 -0 -0.00890995 0 0 0
13.11 16.7233 0 -0.489364 1 0 0 0 1 0 0 0 1  -0 -0 -0.00826011 0 0 0
13.12 16.7233 0 -0.489447 1 0 0 0 1 0 0 0 1  -0 -0 -0.0080644 0 0 0
13.13 16.7233 0 -0.489524 1 0 0 0 1 0 0 0 1  -0 -0 -0.00751615 0 0 0
13.14 16.7233 0 -0.489598 1 0 0 0 1 0 0 0 1  -0 -0 -0.00714795 0 0 0
13.15 16.7233 0 -0.489668 1 0 0 0 1 0 0 0 1  -0 -0 -0.00679766 0 0 0
13.16 16.7233 0 -0.489733 1 0 0 0 1 0 0 0 1  -0 -0 -0.00630947 0 0 0
13.17 16.7233 0 -0.489797 1 0 0 0 1 0 0 0 1  -0 -0 -0.00622492 0 0 0
13.18 16.7233 0 -0.489854 1 0 0 0 1 0 0 0 1  -0 -0 -0.00551779 0 0 0
13.19 16.7233 0 -0.48991 1 0 0 0 1 0 0 0 1  -0 -0 -0.00539611 0 0 0
13.2 16.7233 0 -0.489961 1 0 0 0 1 0 0 0 1  -0 -0 -0.0049178 0 0 0
13.21 16.7233 0 -0.490008 1 0 0 0 1 0 0 0 1  -0 -0 -0.00452318 0 0 0
13.22 16.7233 0 -0.490052 1 0 0 0 1 0 0 0 1  -0 -0 -0.00426293 0 0 0
13.23 16.7233 0 -0.490092 1 0 0 0 1 0 0 0 1  -0 -0 -0.00377432 0 0 0
13.24 16.7233 0 -0.490129 1 0 0 0 1 0 0 0 1  -0 -0 -0.00350992 0 0 0
13.25 16.7233 0 -0.490162 1 0 0 0 1 0 0 0 1  -0 -0 -0.00309162 0 0 0
13.26 16.7233 0 -0.490191 1 0 0 0 1 0 0 0 1  -0 -0 -0.00275932 0 0 0
13.27 16.7233 0 -0.490217 1 0 0 0 1 0 0 0 1  -0 -0 -0.00242237 0 0 0
13.28 16.7233 0 -0.490239 1 0 0 0 1 0 0 0 1  -0 -0 -0.00204081 0 0 0
13.29 16.7233 0 -0.490258 1 0 0 0 1 0 0 0 1  -0 -0 -0.00173179 0 0 0
13.3 16.7233 0 -0.490274 1 0 0 0 1 0 0 0 1  -0 -0 -0.0013675 0 0 0
13.31 16.7233 0 -0.490286 1 0 0 0 1 0 0 0 1  -0 -0 -0.00103657 0 0 0
13.32 16.7233 0 -0.490295 1 0 0 0 1 0 0 0 1  -0 -0 -0.000709949 0 0 0
13.33 16.7233 0 -0.4903 1 0 0 0 1 0 0 0 1  -0 -0 -0.0003664 0 0 0
13.34 16.7233 0 -0.490302 1 0 0 0 1 0 0 0 1  -0 -0 -5.67466e-05 0 0 0
13.35 16.7233 0 -0.490301 1 0 0 0 1 0 0 0 1  0 0 0.000272533 0 0 0
13.36 16.7233 0 -0.490297 1 0 0 0 1 0 0 0 1  0 0 0.000580222 0 0 0
13.37 16.7233 0 -0.49029 1 0 0 0 1 0 0 0 1  0 0 0.000888212 0 0 0
13.38 16.7233 0 -0.490279 1 0 0 0 1 0 0 0 1  0 0 0.00119825 0 0 0
13.39 16.7233 0 -0.490266 1 0 0 0 1 0 0 0 1  0 0 0.00149065 0 0 0
13.4 16.7233 0 -0.490249 1 0 0 0 1 0 0 0 1  0 0 0.00179199 0 0 0
13.41 16.7233 0 -0.49023 1 0 0 0 1 0 0 0 1  0 0 0.00207811 0 0 0
13.42 16.7233 0 -0.490208 1 0 0 0 1 0 0 0 1  0 0 0.00236086 0 0 0
13.43 16.7233 0 -0.490183 1 0 0 0 1 0 0 0 1  0 0 0.00264394 0 0 0
13.44 16.7233 0 -0.490155 1 0 0 0 1 0 0 0 1  0 0 0.00291612 0 0 0
13.45 16.7233 0 -0.490125 1 0 0 0 1 0 0 0 1  0 0 0.0031878 0 0 0
13.46 16.7233 0 -0.490092 1 0 0 0 1 0 0 0 1  0 0 0.00345181 0 0 0
13.47 16.7233 0 -0.490056 1 0 0 0 1 0 0 0 1  0 0 0.00371349 0 0 0
13.48 16.7233 0 -0.490017 1 0 0 0 1 0 0 0 1  0 0 0.00396434 0 0 0
13.49 16.7233 0 -0.489977 1 0 0 0 1 0 0 0 1  0 0 0.004214 0 0 0
13.5 16.7233 0 -0.489933 1 0 0 0 1 0 0 0 1  0 0 0.00445825 0 0 0
13.51 16.7233 0 -0.489887 1 0 0 0 1 0 0 0 1  0 0 0.00469426 0 0 0
13.52 16.7233 0 -0.489839 1 0 0 0 1 0 0 0 1  0 0 0.0049257 0 0 0
13.53 16.7233 0 -0.489789 1 0 0 0 1 0 0 0 1  0 0 0.00515345 0 0 0
13.54 16.7233 0 -0.489736 1 0 0 0 1 0 0 0 1  0 0 0.00537092 0 0 0
13.55 16.7233 0 -0.489682 1 0 0 0 1 0 0 0 1  0 0 0.00558664 0 0 0
13.56 16.7233 0 -0.489625 1 0 0 0 1 0 0 0 1  0 0 0.00579321 0 0 0
13.57 16.7233 0 -0.489563 1 0 0 0 1 0 0 0 1  0 0 0.00637226 0 0 0
13.58 16.7233 0 -0.489503 1 0 0 0 1 0 0 0 1  0 0 0.00612642 0 0 0
13.59 16.7233 0 -0.489437 1 0 0 0 1 0 0 0 1  0 0 0.00672628 0 0 0
13.6 16.7233 0 -0.489371 1 0 0 0 1 0 0 0 1  0 0 0.00671917 0 0 0
13.61 16.7233 0 -0.489302 1 0 0 0 1 0 0 0 1  0 0 0.00694522 0 0 0
13.62 16.7233 0 -0.489231 1 0 0 0 1 0 0 0 1  0 0 0.00725854 0 0 0
13.63 16.7233 0 -0.489159 1 0 0 0 1 0 0 0 1  0 0 0.00726441 0 0 0
13.64 16.7233 0 -0.489084 1 0 0 0 1 0 0 0 1  0 0 0.00761232 0 0 0
13.65 16.7233 0 -0.489012 1 0 0 0 1 0 0 0 1  0 0 0.00721264 0 0 0
13.66 16.7233 0 -0.488933 1 0 0 0 1 0 0 0 1  0 0 0.00794363 0 0 0
13.67 16.7233 0 -0.488857 1 0 0 0 1 0 0 0 1  0 0 0.00764761 0 0 0
13.68 16.7233 0 -0.488778 1 0 0 0 1 0 0 0 1  0 0 0.00799337 0 0 0
13.69 16.7233 0 -0.488697 1 0 0 0 1 0 0 0 1  0 0 0.00814669 0 0 0
13.7 16.7233 0 -0.488616 1 0 0 0 1 0 0 0 1  0 0 0.00811862 0 0 0
13.71 16.7233 0 -0.488533 1 0 0 0 1 0 0 0 1  0 0 0.00844684 0 0 0
13.72 16.7233 0 -0.488443 1 0 0 0 1 0 0 0 1  0 0 0.00913853 0 0 0
13.73 16.7233 0 -0.488361 1 0 0 0 1 0 0 0 1  0 0 0.00819071 0 0 0
13.74 16.7233 0 -0.488266 1 0 0 0 1 0 0 0 1  0 0 0.00952898 0 0 0
13.75 16.7233 0 -0.488179 1 0 0 0 1 0 0 0 1  0 0 0.00878269 0 0 0
13.76 16.7233 0 -0.488086 1 0 0 0 1 0 0 0 1  0 0 0.00927753 0 0 0
13.77 16.7233 0 -0.487993 1 0 0 0 1 0 0 0 1  0 0 0.00951299 0 0 0
13.78 16.7233 0 -0.487904 1 0 0 0 1 0 0 0 1  0 0 0.00879092 0 0 0
13.79 16.7233 0 -0.487806 1 0 0 0 1 0 0 0 1  0 0 0.0098325 0 0 0
13.8 16.7233 0 -0.487716 1 0 0 0 1 0 0 0 1  0 0 0.00905339 0 0 0
13.81 16.7233 0 -0.48762 1 0 0 0 1 0 0 0 1  0 0 0.00955695 0 0 0
13.82 16.7233 0 -0.487526 1 0 0 0 1 0 0 0 1  0 0 0.00955098 0 0 0
13.83 16.7233 0 -0.487435 1 0 0 0 1 0 0 0 1  0 0 0.00899733 0 0 0
13.84 16.7233 0 -0.487335 1 0 0 0 1 0 0 0 1  0 0 0.0101797 0 0 0
13.85 16.7233 0 -0.487245 1 0 0 0 1 0 0 0 1  0 0 0.00904081 0 0 0
13.86 16.7233 0 -0.487145 1 0 0 0 1 0 0 0 1  0 0 0.00996284 0 0 0
13.87 16.7233 0 -0.487048 1 0 0 0 1 0 0 0 1  0 0 0.0097084 0 0 0
13.88 16.7233 0 -0.486952 1 0 0 0 1 0 0 0 1  0 0 0.00958877 0 0 0
13.89 16.7233 0 -0.486852 1 0 0 0 1 0 0 0 1  0 0 0.0100978 0 0 0
13.9 16.7233 0 -0.486756 1 0 0 0 1 0 0 0 1  0 0 0.00958594 0 0 0
13.91 16.7233 0 -0.486655 1 0 0 0 1 0 0 0 1  0 0 0.010078 0 0 0
13.92 16.7233 0 -0.486557 1 0 0 0 1 0 0 0 1  0 0 0.00984846 0 0 0
13.93 16.7233 0 -0.486458 1 0 0 0 1 0 0 0 1  0 0 0.00989064 0 0 0
13.94 16.7233 0 -0.486359 1 0 0 0 1 0 0 0 1  0 0 0.00993373 0 0 0
13.95 16.7233 0 -0.48626 1 0 0 0 1 0 0 0 1  0 0 0.00985314 0 0 0
13.96 16.7233 0 -0.486161 1 0 0 0 1 0 0 0 1  0 0 0.00988351 0 0 0
13.97 16.7233 0 -0.486063 1 0 0 0 1 0 0 0 1  0 0 0.00982975 0 0 0
13.98 16.7233 0 -0.485965 1 0 0 0 1 0 0 0 1  0 0 0.00978258 0 0 0
13.99 16.7233 0 -0.485867 1 0 0 0 1 0 0 0 1  0 0 0.0097546 0 0 0
14 16.7233 0 -0.48577 1 0 0 0 1 0 0 0 1  0 0 0.00970814 0 0 0
14.01 16.7233 0 -0.485673 1 0 0 0 1 0 0 0 1  0 0 0.00963719 0 0 0
14.02 16.7233 0 -0.485576 1 0 0 0 1 0 0 0 1  0 0 0.00963038 0 0 0
14.03 16.7233 0 -0.485481 1 0 0 0 1 0 0 0 1  0 0 0.00952818 0 0 0
14.04 16.7233 0 -0.485386 1 0 0 0 1 0 0 0 1  0 0 0.00948061 0 0 0
14.05 16.7233 0 -0.485291 1 0 0 0 1 0 0 0 1  0 0 0.0094323 0 0 0
14.06 16.7233 0 -0.485197 1 0 0 0 1 0 0 0 1  0 0 0.00932468 0 0 0
14.07 16.7233 0 -0.485104 1 0 0 0 1 0 0 0 1  0 0 0.00928247 0 0 0
14.08 16.7233 0 -0.485012 1 0 0 0 1 0 0 0 1  0 0 0.00917733 0 0 0
14.09 16.7233 0 -0.484921 1 0 0 0 1 0 0 0 1  0 0 0.00909754 0 0 0
14.1 16.7233 0 -0.48483 1 0 0 0 1 0 0 0 1  0 0 0.00900082 0 0 0
14.11 16.7233 0 -0.48474 1 0 0 0 1 0 0 0 1  0 0 0.00891959 0 0 0
14.12 16.7233 0 -0.484652 1 0 0 0 1 0 0 0 1  0 0 0.00882067 0 0 0
14.13 16.7233 0 -0.484564 1 0 0 0 1 0 0 0 1  0 0 0.00871765 0 0 0
14.14 16.7233 0 -0.484477 1 0 0 0 1 0 0 0 1  0 0 0.0086255 0 0 0
14.15 16.7233 0 -0.484392 1 0 0 0 1 0 0 0 1  0 0 0.00850866 0 0 0
14.16 16.7233 0 -0.484307 1 0 0 0 1 0 0 0 1  0 0 0.00841496 0 0 0
14.17 16.7233 0 -0.484224 1 0 0 0 1 0 0 0 1  0 0 0.00829119 0 0 0
14.18 16.7233 0 -0.484141 1 0 0 0 1 0 0 0 1  0 0 0.00819446 0 0 0
14.19 16.7233 0 -0.48406 1 0 0 0 1 0 0 0 1  0 0 0.00807795 0 0 0
14.2 16.7233 0 -0.483991 1 0 0 0 1 0 0 0 1  0 0 0.00657312 0 0 0
14.21 16.7233 0 -0.483904 1 0 0 0 1 0 0 0 1  0 0 0.00870712 0 0 0
14.22 16.7233 0 -0.48384 1 0 0 0 1 0 0 0 1  0 0 0.00632264 0 0 0
14.23 16.7233 0 -0.483761 1 0 0 0 1 0 0 0 1  0 0 0.00781612 0 0 0
14.24 16.7233 0 -0.483691 1 0 0 0 1 0 0 0 1  0 0 0.00700482 0 0 0
14.25 16.7233 0 -0.483623 1 0 0 0 1 0 0 0 1  0 0 0.00668219 0 0 0
14.26 16.7233 0 -0.483549 1 0 0 0 1 0 0 0 1  0 0 0.00732549 0 0 0
14.27 16.7233 0 -0.483486 1 0 0 0 1 0 0 0 1  0 0 0.00626166 0 0 0
14.28 16.7233 0 -0.483416 1 0 0 0 1 0 0 0 1  0 0 0.00690302 0 0 0
14.29 16.7233 0 -0.483352 1 0 0 0 1 0 0 0 1  0 0 0.00637513 0 0 0
14.3 16.7233 0 -0.483289 1 0 0 0 1 0 0 0 1  0 0 0.00627092 0 0 0
14.31 16.7233 0 -0.483224 1 0 0 0 1 0 0 0 1  0 0 0.00641115 0 0 0
14.32 16.7233 0 -0.483164 1 0 0 0 1 0 0 0 1  0 0 0.0059162 0 0 0
14.33 16.7233 0 -0.483102 1 0 0 0 1 0 0 0 1  0 0 0.00614463 0 0 0
14.34 16.7233 0 -0.483044 1 0 0 0 1 0 0 0 1  0 0 0.00581547 0 0 0
14.35 16.7233 0 -0.482985 1 0 0 0 1 0 0 0 1  0 0 0.0057537 0 0 0
14.36 16.7233 0 -0.482928 1 0 0 0 1 0 0 0 1  0 0 0.00571967 0 0 0
14.37 16.7233 0 -0.482872 1 0 0 0 1 0 0 0 1  0 0 0.00546287 0 0 0
14.38 16.7233 0 -0.482817 1 0 0 0 1 0 0 0 1  0 0 0.00550337 0 0 0
14.39 16.7233 0 -0.482763 1 0 0 0 1 0 0 0 1  0 0 0.00529473 0 0 0
14.4 16.7233 0 -0.482711 1 0 0 0 1 0 0 0 1  0 0 0.00522656 0 0 0
14.41 16.7233 0 -0.482659 1 0 0 0 1 0 0 0 1  0 0 0.00514556 0 0 0
14.42 16.7233 0 -0.482608 1 0 0 0 1 0 0 0 1  0 0 0.00498798 0 0 0
14.43 16.7233 0 -0.482558 1 0 0 0 1 0 0 0 1  0 0 0.00493675 0 0 0
14.44 16.7233 0 -0.48251 1 0 0 0 1 0 0 0 1  0 0 0.00481583 0 0 0
14.45 16.7233 0 -0.482462 1 0 0 0 1 0 0 0 1  0 0 0.00472284 0 0 0
14.46 16.7233 0 -0.482415 1 0 0 0 1 0 0 0 1  0 0 0.00465201 0 0 0
14.47 16.7233 0 -0.482369 1 0 0 0 1 0 0 0 1  0 0 0.00454028 0 0 0
14.48 16.7233 0 -0.482324 1 0 0 0 1 0 0 0 1  0 0 0.00447799 0 0 0
14.49 16.7233 0 -0.48228 1 0 0 0 1 0 0 0 1  0 0 0.00438453 0 0 0
14.5 16.7233 0 -0.482236 1 0 0 0 1 0 0 0 1  0 0 0.00430887 0 0 0
14.51 16.7233 0 -0.482193 1 0 0 0 1 0 0 0 1  0 0 0.00423953 0 0 0
14.52 16.7233 0 -0.482152 1 0 0 0 1 0 0 0 1  0 0 0.00415078 0 0 0
14.53 16.7233 0 -0.48211 1 0 0 0 1 0 0 0 1  0 0 0.00409104 0 0 0
14.54 16.7233 0 -0.48207 1 0 0 0 1 0 0 0 1  0 0 0.00400974 0 0 0
14.55 16.7233 0 -0.48203 1 0 0 0 1 0 0 0 1  0 0 0.00394461 0 0 0
14.56 16.7233 0 -0.481991 1 0 0 0 1 0 0 0 1  0 0 0.00388279 0 0 0
14.57 16.7233 0 -0.481952 1 0 0 0 1 0 0 0 1  0 0 0.00381282 0 0 0
14.58 16.7233 0 -0.481914 1 0 0 0 1 0 0 0 1  0 0 0.0037629 0 0 0
14.59 16.7233 0 -0.481877 1 0 0 0 1 0 0 0 1  0 0 0.00370268 0 0 0
14.6 16.7233 0 -0.48184 1 0 0 0 1 0 0 0 1  0 0 0.00365275 0 0 0
14.61 16.7233 0 -0.481804 1 0 0 0 1 0 0 0 1  0 0 0.00360799 0 0 0
14.62 16.7233 0 -0.481768 1 0 0 0 1 0 0 0 1  0 0 0.0035613 0 0 0
14.63 16.7233 0 -0.481733 1 0 0 0 1 0 0 0 1  0 0 0.00352631 0 0 0
14.64 16.7233 0 -0.481698 1 0 0 0 1 0 0 0 1  0 0 0.00349025 0 0 0
14.65 16.7233 0 -0.481663 1 0 0 0 1 0 0 0 1  0 0 0.0034603 0 0 0
14.66 16.7233 0 -0.481628 1 0 0 0 1 0 0 0 1  0 0 0.00343738 0 0 0
14.67 16.7233 0 -0.481594 1 0 0 0 1 0 0 0 1  0 0 0.00341479 0 0 0
14.68 16.7233 0 -0.48156 1 0 0 0 1 0 0 0 1  0 0 0.00340209 0 0 0
14.69 16.7233 0 -0.481526 1 0 0 0 1 0 0 0 1  0 0 0.00336387 0 0 0
14.7 16.7233 0 -0.481492 1 0 0 0 1 0 0 0 1  0 0 0.00338027 0 0 0
14.71 16.7233 0 -0.481459 1 0 0 0 1 0 0 0 1  0 0 0.00337164 0 0 0
14.72 16.7233 0 -0.481425 1 0 0 0 1 0 0 0 1  0 0 0.00337532 0 0 0
14.73 16.7233 0 -0.481391 1 0 0 0 1 0 0 0 1  0 0 0.00339919 0 0 0
14.74 16.7233 0 -0.481357 1 0 0 0 1 0 0 0 1  0 0 0.00340807 0 0 0
14.75 16.7233 0 -0.481322 1 0 0 0 1 0 0 0 1  0 0 0.0034484 0 0 0
14.76 16.7233 0 -0.481288 1 0 0 0 1 0 0 0 1  0 0 0.00348479 0 0 0
14.77 16.7233 0 -0.481253 1 0 0 0 1 0 0 0 1  0 0 0.00353423 0 0 0
14.78 16.7233 0 -0.481217 1 0 0 0 1 0 0 0 1  0 0 0.00358192 0 0 0
14.79 16.7233 0 -0.481181 1 0 0 0 1 0 0 0 1  0 0 0.00364235 0 0 0
14.8 16.7233 0 -0.481144 1 0 0 0 1 0 0 0 1  0 0 0.00375059 0 0 0
14.81 16.7233 0 -0.481106 1 0 0 0 1 0 0 0 1  0 0 0.00377822 0 0 0
14.82 16.7233 0 -0.481068 1 0 0 0 1 0 0 0 1  0 0 0.00385004 0 0 0
14.83 16.7233 0 -0.481029 1 0 0 0 1 0 0 0 1  0 0 0.00393233 0 0 0
14.84 16.7233 0 -0.48099 1 0 0 0 1 0 0 0 1  0 0 0.00396429 0 0 0
14.85 16.7233 0 -0.480949 1 0 0 0 1 0 0 0 1  0 0 0.00408656 0 0 0
14.86 16.7233 0 -0.480908 1 0 0 0 1 0 0 0 1  0 0 0.00413785 0 0 0
14.87 16.7233 0 -0.480866 1 0 0 0 1 0 0 0 1  0 0 0.00422971 0 0 0
14.88 16.7233 0 -0.480823 1 0 0 0 1 0 0 0 1  0 0 0.00433017 0 0 0
14.89 16.7233 0 -0.48078 1 0 0 0 1 0 0 0 1  0 0 0.00440637 0 0 0
14.9 16.7233 0 -0.480735 1 0 0 0 1 0 0 0 1  0 0 0.00452854 0 0 0
14.91 16.7233 0 -0.480689 1 0 0 0 1 0 0 0 1  0 0 0.00465933 0 0 0
14.92 16.7233 0 -0.480642 1 0 0 0 1 0 0 0 1  0 0 0.00471957 0 0 0
14.93 16.7233 0 -0.480594 1 0 0 0 1 0 0 0 1  0 0 0.00489167 0 0 0
14.94 16.7233 0 -0.480545 1 0 0 0 1 0 0 0 1  0 0 0.00497618 0 0 0
14.95 16.7233 0 -0.480494 1 0 0 0 1 0 0 0 1  0 0 0.00511632 0 0 0
14.96 16.7233 0 -0.480442 1 0 0 0 1 0 0 0 1  0 0 0.00525817 0 0 0
14.97 16.7233 0 -0.480389 1 0 0 0 1 0 0 0 1  0 0 0.00537223 0 0 0
14.98 16.7233 0 -0.480335 1 0 0 0 1 0 0 0 1  0 0 0.00554007 0 0 0
14.99 16.7233 0 -0.480279 1 0 0 0 1 0 0 0 1  0 0 0.00566747 0 0 0
15 16.7233 0 -0.480221 1 0 0 0 1 0 0 0 1  0 0 0.00582752 0 0 0
15.01 16.7233 0 -0.480162 1 0 0 0 1 0 0 0 1  0 0 0.00598554 0 0 0
15.02 16.7233 0 -0.480101 1 0 0 0 1 0 0 0 1  0 0 0.00613784 0 0 0
15.03 16.7233 0 -0.480039 1 0 0 0 1 0 0 0 1  0 0 0.00631276 0 0 0
15.04 16.7233 0 -0.479975 1 0 0 0 1 0 0 0 1  0 0 0.00647354 0 0 0
15.05 16.7233 0 -0.479909 1 0 0 0 1 0 0 0 1  0 0 0.00665169 0 0 0
15.06 16.7233 0 -0.479842 1 0 0 0 1 0 0 0 1  0 0 0.00682972 0 0 0
15.07 16.7233 0 -0.479773 1 0 0 0 1 0 0 0 1  0 0 0.00700857 0 0 0
15.08 16.7233 0 -0.479702 1 0 0 0 1 0 0 0 1  0 0 0.00720026 0 0 0
15.09 16.7233 0 -0.479629 1 0 0 0 1 0 0 0 1  0 0 0.00738451 0 0 0
15.1 16.7233 0 -0.479554 1 0 0 0 1 0 0 0 1  0 0 0.00758308 0 0 0
15.11 16.7233 0 -0.479477 1 0 0 0 1 0 0 0 1  0 0 0.00777999 0 0 0
15.12 16.7233 0 -0.479398 1 0 0 0 1 0 0 0 1  0 0 0.00798138 0 0 0
15.13 16.7233 0 -0.479317 1 0 0 0 1 0 0 0 1  0 0 0.0081896 0 0 0
15.14 16.7233 0 -0.479234 1 0 0 0 1 0 0 0 1  0 0 0.00839738 0 0 0
15.15 16.7233 0 -0.479149 1 0 0 0 1 0 0 0 1  0 0 0.00861325 0 0 0
15.16 16.7233 0 -0.479062 1 0 0 0 1 0 0 0 1  0 0 0.0088296 0 0 0
15.17 16.7233 0 -0.478973 1 0 0 0 1 0 0 0 1  0 0 0.00905082 0 0 0
15.18 16.7233 0 -0.478881 1 0 0 0 1 0 0 0 1  0 0 0.00925212 0 0 0
15.19 16.7233 0 -0.478787 1 0 0 0 1 0 0 0 1  0 0 0.00951473 0 0 0
15.2 16.7233 0 -0.478691 1 0 0 0 1 0 0 0 1  0 0 0.00971577 0 0 0
15.21 16.7233 0 -0.478593 1 0 0 0 1 0 0 0 1  0 0 0.00997079 0 0 0
15.22 16.7233 0 -0.478492 1 0 0 0 1 0 0 0 1  0 0 0.0102109 0 0 0
15.23 16.7233 0 -0.478388 1 0 0 0 1 0 0 0 1  0 0 0.0104529 0 0 0
15.24 16.7233 0 -0.478282 1 0 0 0 1 0 0 0 1  0 0 0.0107251 0 0 0
15.25 16.7233 0 -0.478174 1 0 0 0 1 0 0 0 1  0 0 0.0109619 0 0 0
15.26 16.7233 0 -0.478063 1 0 0 0 1 0 0 0 1  0 0 0.0112745 0 0 0
15.27 16.7233 0 -0.47795 1 0 0 0 1 0 0 0 1  0 0 0.0114444 0 0 0
15.28 16.7233 0 -0.477833 1 0 0 0 1 0 0 0 1  0 0 0.0117646 0 0 0
15.29 16.7233 0 -0.477714 1 0 0 0 1 0 0 0 1  0 0 0.0119961 0 0 0
15.3 16.7233 0 -0.477593 1 0 0 0 1 0 0 0 1  0 0 0.012225 0 0 0
15.31 16.7233 0 -0.47747 1 0 0 0 1 0 0 0 1  0 0 0.0125186 0 0 0
15.32 16.7233 0 -0.477344 1 0 0 0 1 0 0 0 1  0 0 0.0127321 0 0 0
15.33 16.7233 0 -0.477215 1 0 0 0 1 0 0 0 1  0 0 0.013012 0 0 0
15.34 16.7233 0 -0.477083 1 0 0 0 1 0 0 0 1  0 0 0.0132625 0 0 0
15.35 16.7233 0 -0.476949 1 0 0 0 1 0 0 0 1  0 0 0.0135117 0 0 0
15.36 16.7233 0 -0.476813 1 0 0 0 1 0 0 0 1  0 0 0.0137915 0 0 0
15.37 16.7233 0 -0.476674 1 0 0 0 1 0 0 0 1  0 0 0.0140333 0 0 0
15.38 16.7233 0 -0.476532 1 0 0 0 1 0 0 0 1  0 0 0.0143128 0 0 0
15.39 16.7233 0 -0.476388 1 0 0 0 1 0 0 0 1  0 0 0.0145731 0 0 0
15.4 16.7233 0 -0.476241 1 0 0 0 1 0 0 0 1  0 0 0.0148354 0 0 0
15.41 16.7233 0 -0.476091 1 0 0 0 1 0 0 0 1  0 0 0.0151272 0 0 0
15.42 16.7233 0 -0.475938 1 0 0 0 1 0 0 0 1  0 0 0.0153699 0 0 0
15.43 16.7233 0 -0.475783 1 0 0 0 1 0 0 0 1  0 0 0.0156647 0 0 0
15.44 16.7233 0 -0.475625 1 0 0 0 1 0 0 0 1  0 0 0.0159313 0 0 0
15.45 16.7233 0 -0.475464 1 0 0 0 1 0 0 0 1  0 0 0.0162094 0 0 0
15.46 16.7233 0 -0.475301 1 0 0 0 1 0 0 0 1  0 0 0.0165062 0 0 0
15.47 16.7233 0 -0.475134 1 0 0 0 1 0 0 0 1  0 0 0.0167969 0 0 0
15.48 16.7233 0 -0.474965 1 0 0 0 1 0 0 0 1  0 0 0.0171046 0 0 0
15.49 16.7233 0 -0.474792 1 0 0 0 1 0 0 0 1  0 0 0.0174179 0 0 0
15.5 16.7233 0 -0.474616 1 0 0 0 1 0 0 0 1  0 0 0.017745 0 0 0
15.51 16.7233 0 -0.474437 1 0 0 0 1 0 0 0 1  0 0 0.0181061 0 0 0
15.52 16.7233 0 -0.474254 1 0 0 0 1 0 0 0 1  0 0 0.0184511 0 0 0
15.53 16.7233 0 -0.474068 1 0 0 0 1 0 0 0 1  0 0 0.0188162 0 0 0
15.54 16.7233 0 -0.473879 1 0 0 0 1 0 0 0 1  0 0 0.0191054 0 0 0
15.55 16.7233 0 -0.473686 1 0 0 0 1 0 0 0 1  0 0 0.0194267 0 0 0
15.56 16.7233 0 -0.47349 1 0 0 0 1 0 0 0 1  0 0 0.0197427 0 0 0
15.57 16.7233 0 -0.473291 1 0 0 0 1 0 0 0 1  0 0 0.0201473 0 0 0
15.58 16.7233 0 -0.473088 1 0 0 0 1 0 0 0 1  0 0 0.0203946 0 0 0
15.59 16.7233 0 -0.472881 1 0 0 0 1 0 0 0 1  0 0 0.020936 0 0 0
15.6 16.7233 0 -0.472672 1 0 0 0 1 0 0 0 1  0 0 0.0211189 0 0 0
15.61 16.7233 0 -0.472458 1 0 0 0 1 0 0 0 1  0 0 0.0214774 0 0 0
15.62 16.7233 0 -0.472242 1 0 0 0 1 0 0 0 1  0 0 0.0218439 0 0 0
15.63 16.7233 0 -0.472023 1 0 0 0 1 0 0 0 1  0 0 0.0220491 0 0 0
15.64 16.7233 0 -0.4718 1 0 0 0 1 0 0 0 1  0 0 0.0224534 0 0 0
15.65 16.7233 0 -0.471575 1 0 0 0 1 0 0 0 1  0 0 0.0226586 0 0 0
15.66 16.7233 0 -0.471346 1 0 0 0 1 0 0 0 1  0 0 0.0229742 0 0 0
15.67 16.7233 0 -0.471115 1 0 0 0 1 0 0 0 1  0 0 0.0233325 0 0 0
15.68 16.7233 0 -0.470881 1 0 0 0 1 0 0 0 1  0 0 0.0234984 0 0 0
15.69 16.7233 0 -0.470647 1 0 0 0 1 0 0 0 1  0 0 0.0234162 0 0 0
15.7 16.7233 0 -0.470407 1 0 0 0 1 0 0 0 1  0 0 0.024217 0 0 0
15.71 16.7233 0 -0.470154 1 0 0 0 1 0 0 0 1  0 0 0.0257264 0 0 0
15.72 16.7233 0 -0.469916 1 0 0 0 1 0 0 0 1  0 0 0.0238846 0 0 0
15.73 16.7233 0 -0.469662 1 0 0 0 1 0 0 0 1  0 0 0.025413 0 0 0
15.74 16.7233 0 -0.469412 1 0 0 0 1 0 0 0 1  0 0 0.0252224 0 0 0
15.75 16.7233 0 -0.469158 1 0 0 0 1 0 0 0 1  0 0 0.0254548 0 0 0
15.76 16.7233 0 -0.468899 1 0 0 0 1 0 0 0 1  0 0 0.0260008 0 0 0
15.77 16.7233 0 -0.468643 1 0 0 0 1 0 0 0 1  0 0 0.0257681 0 0 0
15.78 16.7233 0 -0.468381 1 0 0 0 1 0 0 0 1  0 0 0.0262692 0 0 0
15.79 16.7233 0 -0.468127 1 0 0 0 1 0 0 0 1  0 0 0.0253524 0 0 0
15.8 16.7233 0 -0.467861 1 0 0 0 1 0 0 0 1  0 0 0.0266767 0 0 0
15.81 16.7233 0 -0.467604 1 0 0 0 1 0 0 0 1  0 0 0.0257765 0 0 0
15.82 16.7233 0 -0.46734 1 0 0 0 1 0 0 0 1  0 0 0.0263392 0 0 0
15.83 16.7233 0 -0.467078 1 0 0 0 1 0 0 0 1  0 0 0.0263298 0 0 0
15.84 16.7233 0 -0.466826 1 0 0 0 1 0 0 0 1  0 0 0.0250264 0 0 0
15.85 16.7233 0 -0.466554 1 0 0 0 1 0 0 0 1  0 0 0.02731 0 0 0
15.86 16.7233 0 -0.466303 1 0 0 0 1 0 0 0 1  0 0 0.0251697 0 0 0
15.87 16.7233 0 -0.466036 1 0 0 0 1 0 0 0 1  0 0 0.0266554 0 0 0
15.88 16.7233 0 -0.465775 1 0 0 0 1 0 0 0 1  0 0 0.0261982 0 0 0
15.89 16.7233 0 -0.465516 1 0 0 0 1 0 0 0 1  0 0 0.0258522 0 0 0
15.9 16.7233 0 -0.465249 1 0 0 0 1 0 0 0 1  0 0 0.0266987 0 0 0
15.91 16.7233 0 -0.464991 1 0 0 0 1 0 0 0 1  0 0 0.0258019 0 0 0
15.92 16.7233 0 -0.464726 1 0 0 0 1 0 0 0 1  0 0 0.0264481 0 0 0
15.93 16.7233 0 -0.464465 1 0 0 0 1 0 0 0 1  0 0 0.0261658 0 0 0
15.94 16.7233 0 -0.464204 1 0 0 0 1 0 0 0 1  0 0 0.0260307 0 0 0
15.95 16.7233 0 -0.463941 1 0 0 0 1 0 0 0 1  0 0 0.0263465 0 0 0
15.96 16.7233 0 -0.463681 1 0 0 0 1 0 0 0 1  0 0 0.0259268 0 0 0
15.97 16.7233 0 -0.463418 1 0 0 0 1 0 0 0 1  0 0 0.0263138 0 0 0
15.98 16.7233 0 -0.463159 1 0 0 0 1 0 0 0 1  0 0 0.0259113 0 0 0
15.99 16.7233 0 -0.462898 1 0 0 0 1 0 0 0 1  0 0 0.0260365 0 0 0
16 16.7233 0 -0.462638 1 0 0 0 1 0 0 0 1  0 0 0.0259626 0 0 0
16.01 16.7233 0 -0.46238 1 0 0 0 1 0 0 0 1  0 0 0.0257728 0 0 0
16.02 16.7233 0 -0.462121 1 0 0 0 1 0 0 0 1  0 0 0.0258654 0 0 0
16.03 16.7233 0 -0.461864 1 0 0 0 1 0 0 0 1  0 0 0.0256283 0 0 0
16.04 16.7233 0 -0.461607 1 0 0 0 1 0 0 0 1  0 0 0.025616 0 0 0
16.05 16.7233 0 -0.461352 1 0 0 0 1 0 0 0 1  0 0 0.0255269 0 0 0
16.06 16.7233 0 -0.461098 1 0 0 0 1 0 0 0 1  0 0 0.0253722 0 0 0
16.07 16.7233 0 -0.460843 1 0 0 0 1 0 0 0 1  0 0 0.0253924 0 0 0
16.08 16.7233 0 -0.46059 1 0 0 0 1 0 0 0 1  0 0 0.0252402 0 0 0
16.09 16.7233 0 -0.460338 1 0 0 0 1 0 0 0 1  0 0 0.0251226 0 0 0
16.1 16.7233 0 -0.460087 1 0 0 0 1 0 0 0 1  0 0 0.0250775 0 0 0
16.11 16.7233 0 -0.459838 1 0 0 0 1 0 0 0 1  0 0 0.0248939 0 0 0
16.12 16.7233 0 -0.459589 1 0 0 0 1 0 0 0 1  0 0 0.0248388 0 0 0
16.13 16.7233 0 -0.459341 1 0 0 0 1 0 0 0 1  0 0 0.0246892 0 0 0
16.14 16.7233 0 -0.459095 1 0 0 0 1 0 0 0 1  0 0 0.024565 0 0 0
16.15 16.7233 0 -0.45885 1 0 0 0 1 0 0 0 1  0 0 0.0244823 0 0 0
16.16 16.7233 0 -0.458606 1 0 0 0 1 0 0 0 1  0 0 0.0242789 0 0 0
16.17 16.7233 0 -0.458363 1 0 0 0 1 0 0 0 1  0 0 0.0241946 0 0 0
16.18 16.7233 0 -0.458123 1 0 0 0 1 0 0 0 1  0 0 0.0240088 0 0 0
16.19 16.7233 0 -0.457883 1 0 0 0 1 0 0 0 1  0 0 0.0238596 0 0 0
16.2 16.7233 0 -0.457645 1 0 0 0 1 0 0 0 1  0 0 0.0237021 0 0 0
16.21 16.7233 0 -0.457409 1 0 0 0 1 0 0 0 1  0 0 0.0235153 0 0 0
16.22 16.7233 0 -0.457175 1 0 0 0 1 0 0 0 1  0 0 0.0233454 0 0 0
16.23 16.7233 0 -0.456943 1 0 0 0 1 0 0 0 1  0 0 0.023164 0 0 0
16.24 16.7233 0 -0.456712 1 0 0 0 1 0 0 0 1  0 0 0.0229649 0 0 0
16.25 16.7233 0 -0.456483 1 0 0 0 1 0 0 0 1  0 0 0.0227759 0 0 0
16.26 16.7233 0 -0.456256 1 0 0 0 1 0 0 0 1  0 0 0.022629 0 0 0
16.27 16.7233 0 -0.456032 1 0 0 0 1 0 0 0 1  0 0 0.0223247 0 0 0
16.28 16.7233 0 -0.455809 1 0 0 0 1 0 0 0 1  0 0 0.0222245 0 0 0
16.29 16.7233 0 -0.455588 1 0 0 0 1 0 0 0 1  0 0 0.0219128 0 0 0
16.3 16.7233 0 -0.45537 1 0 0 0 1 0 0 0 1  0 0 0.0217242 0 0 0
16.31 16.7233 0 -0.455154 1 0 0 0 1 0 0 0 1  0 0 0.0214872 0 0 0
16.32 16.7233 0 -0.454941 1 0 0 0 1 0 0 0 1  0 0 0.0212279 0 0 0
16.33 16.7233 0 -0.454729 1 0 0 0 1 0 0 0 1  0 0 0.0210394 0 0 0
16.34 16.7233 0 -0.454521 1 0 0 0 1 0 0 0 1  0 0 0.0207436 0 0 0
16.35 16.7233 0 -0.454313 1 0 0 0 1 0 0 0 1  0 0 0.020647 0 0 0
16.36 16.7233 0 -0.454109 1 0 0 0 1 0 0 0 1  0 0 0.0203352 0 0 0
16.37 16.7233 0 -0.453906 1 0 0 0 1 0 0 0 1  0 0 0.0201834 0 0 0
16.38 16.7233 0 -0.453705 1 0 0 0 1 0 0 0 1  0 0 0.0199913 0 0 0
16.39 16.7233 0 -0.453507 1 0 0 0 1 0 0 0 1  0 0 0.0196725 0 0 0
16.4 16.7233 0 -0.453309 1 0 0 0 1 0 0 0 1  0 0 0.0197245 0 0 0
16.41 16.7233 0 -0.453117 1 0 0 0 1 0 0 0 1  0 0 0.0191313 0 0 0
16.42 16.7233 0 -0.452924 1 0 0 0 1 0 0 0 1  0 0 0.0191313 0 0 0
16.43 16.7233 0 -0.452742 1 0 0 0 1 0 0 0 1  0 0 0.017983 0 0 0
16.44 16.7233 0 -0.452555 1 0 0 0 1 0 0 0 1  0 0 0.0184841 0 0 0
16.45 16.7233 0 -0.452378 1 0 0 0 1 0 0 0 1  0 0 0.0175229 0 0 0
16.46 16.7233 0 -0.452191 1 0 0 0 1 0 0 0 1  0 0 0.0187756 0 0 0
16.47 16.7233 0 -0.452025 1 0 0 0 1 0 0 0 1  0 0 0.0163371 0 0 0
16.48 16.7233 0 -0.451844 1 0 0 0 1 0 0 0 1  0 0 0.0178631 0 0 0
16.49 16.7233 0 -0.45169 1 0 0 0 1 0 0 0 1  0 0 0.0151874 0 0 0
16.5 16.7233 0 -0.451525 1 0 0 0 1 0 0 0 1  0 0 0.0161085 0 0 0
16.51 16.7233 0 -0.451372 1 0 0 0 1 0 0 0 1  0 0 0.0151167 0 0 0
16.52 16.7233 0 -0.451226 1 0 0 0 1 0 0 0 1  0 0 0.0142832 0 0 0
16.53 16.7233 0 -0.451077 1 0 0 0 1 0 0 0 1  0 0 0.0148215 0 0 0
16.54 16.7233 0 -0.450943 1 0 0 0 1 0 0 0 1  0 0 0.0131013 0 0 0
16.55 16.7233 0 -0.450805 1 0 0 0 1 0 0 0 1  0 0 0.0135977 0 0 0
16.56 16.7233 0 -0.450675 1 0 0 0 1 0 0 0 1  0 0 0.0127796 0 0 0
16.57 16.7233 0 -0.450552 1 0 0 0 1 0 0 0 1  0 0 0.0120499 0 0 0
16.58 16.7233 0 -0.450428 1 0 0 0 1 0 0 0 1  0 0 0.0121331 0 0 0
16.59 16.7233 0 -0.450316 1 0 0 0 1 0 0 0 1  0 0 0.0109583 0 0 0
16.6 16.7233 0 -0.450206 1 0 0 0 1 0 0 0 1  0 0 0.0107127 0 0 0
16.61 16.7233 0 -0.450101 1 0 0 0 1 0 0 0 1  0 0 0.0102209 0 0 0
16.62 16.7233 0 -0.450006 1 0 0 0 1 0 0 0 1  0 0 0.00890927 0 0 0
16.63 16.7233 0 -0.44991 1 0 0 0 1 0 0 0 1  0 0 0.00902165 0 0 0
16.64 16.7233 0 -0.449822 1 0 0 0 1 0 0 0 1  0 0 0.00852143 0 0 0
16.65 16.7233 0 -0.449741 1 0 0 0 1 0 0 0 1  0 0 0.00785031 0 0 0
16.66 16.7233 0 -0.449664 1 0 0 0 1 0 0 0 1  0 0 0.00740056 0 0 0
16.67 16.7233 0 -0.449594 1 0 0 0 1 0 0 0 1  0 0 0.00675185 0 0 0
16.68 16.7233 0 -0.449529 1 0 0 0 1 0 0 0 1  0 0 0.00620977 0 0 0
16.69 16.7233 0 -0.44947 1 0 0 0 1 0 0 0 1  0 0 0.00564333 0 0 0
16.7 16.7233 0 -0.449416 1 0 0 0 1 0 0 0 1  0 0 0.00502019 0 0 0
16.71 16.7233 0 -0.449369 1 0 0 0 1 0 0 0 1  0 0 0.00447986 0 0 0
16.72 16.7233 0 -0.449327 1 0 0 0 1 0 0 0 1  0 0 0.0038498 0 0 0
16.73 16.7233 0 -0.449292 1 0 0 0 1 0 0 0 1  0 0 0.00327348 0 0 0
16.74 16.7233 0 -0.449262 1 0 0 0 1 0 0 0 1  0 0 0.00267322 0 0 0
16.75 16.7233 0 -0.449238 1 0 0 0 1 0 0 0 1  0 0 0.00205798 0 0 0
16.76 16.7233 0 -0.44922 1 0 0 0 1 0 0 0 1  0 0 0.0014719 0 0 0
16.77 16.7233 0 -0.449209 1 0 0 0 1 0 0 0 1  0 0 0.00084634 0 0 0
16.78 16.7233 0 -0.449203 1 0 0 0 1 0 0 0 1  0 0 0.000266882 0 0 0
16.79 16.7233 0 -0.449204 1 0 0 0 1 0 0 0 1  0 0 -0.000326718 0 0 0
16.8 16.7233 0 -0.44921 1 0 0 0 1 0 0 0 1  0 0 -0.00092994 0 0 0
16.81 16.7233 0 -0.449222 1 0 0 0 1 0 0 0 1  0 0 -0.00149372 0 0 0
16.82 16.7233 0 -0.44924 1 0 0 0 1 0 0 0 1  0 0 -0.00208666 0 0 0
16.83 16.7233 0 -0.449264 1 0 0 0 1 0 0 0 1  0 0 -0.00265522 0 0 0
16.84 16.7233 0 -0.449293 1 0 0 0 1 0 0 0 1  0 0 -0.00324937 0 0 0
16.85 16.7233 0 -0.449328 1 0 0 0 1 0 0 0 1  0 0 -0.00382773 0 0 0
16.86 16.7233 0 -0.44937 1 0 0 0 1 0 0 0 1  0 0 -0.00440348 0 0 0
16.87 16.7233 0 -0.449417 1 0 0 0 1 0 0 0 1  0 0 -0.00498392 0 0 0
16.88 16.7233 0 -0.449469 1 0 0 0 1 0 0 0 1  0 0 -0.00554261 0 0 0
16.89 16.7233 0 -0.449527 1 0 0 0 1 0 0 0 1  0 0 -0.00611123 0 0 0
16.9 16.7233 0 -0.449591 1 0 0 0 1 0 0 0 1  0 0 -0.00667222 0 0 0
16.91 16.7233 0 -0.449661 1 0 0 0 1 0 0 0 1  0 0 -0.00722327 0 0 0
16.92 16.7233 0 -0.449736 1 0 0 0 1 0 0 0 1  0 0 -0.00777653 0 0 0
16.93 16.7233 0 -0.449816 1 0 0 0 1 0 0 0 1  0 0 -0.0083133 0 0 0
16.94 16.7233 0 -0.449902 1 0 0 0 1 0 0 0 1  0 0 -0.00885191 0 0 0
16.95 16.7233 0 -0.449993 1 0 0 0 1 0 0 0 1  0 0 -0.00937856 0 0 0
16.96 16.7233 0 -0.450089 1 0 0 0 1 0 0 0 1  0 0 -0.00990201 0 0 0
16.97 16.7233 0 -0.450191 1 0 0 0 1 0 0 0 1  0 0 -0.0104178 0 0 0
16.98 16.7233 0 -0.450292 1 0 0 0 1 0 0 0 1  0 0 -0.0102091 0 0 0
16.99 16.7233 0 -0.450407 1 0 0 0 1 0 0 0 1  0 0 -0.0118666 0 0 0
17 16.7233 0 -0.450517 1 0 0 0 1 0 0 0 1  0 0 -0.0112075 0 0 0
17.01 16.7233 0 -0.45064 1 0 0 0 1 0 0 0 1  0 0 -0.0124548 0 0 0
17.02 16.7233 0 -0.450763 1 0 0 0 1 0 0 0 1  0 0 -0.0127023 0 0 0
17.03 16.7233 0 -0.450891 1 0 0 0 1 0 0 0 1  0 0 -0.0129752 0 0 0
17.04 16.7233 0 -0.451028 1 0 0 0 1 0 0 0 1  0 0 -0.0139376 0 0 0
17.05 16.7233 0 -0.451167 1 0 0 0 1 0 0 0 1  0 0 -0.0141727 0 0 0
17.06 16.7233 0 -0.451312 1 0 0 0 1 0 0 0 1  0 0 -0.0147157 0 0 0
17.07 16.7233 0 -0.451463 1 0 0 0 1 0 0 0 1  0 0 -0.0154363 0 0 0
17.08 16.7233 0 -0.451618 1 0 0 0 1 0 0 0 1  0 0 -0.0157251 0 0 0
17.09 16.7233 0 -0.451779 1 0 0 0 1 0 0 0 1  0 0 -0.0163757 0 0 0
17.1 16.7233 0 -0.451943 1 0 0 0 1 0 0 0 1  0 0 -0.0166573 0 0 0
17.11 16.7233 0 -0.452112 1 0 0 0 1 0 0 0 1  0 0 -0.0171075 0 0 0
17.12 16.7233 0 -0.452282 1 0 0 0 1 0 0 0 1  0 0 -0.0171194 0 0 0
17.13 16.7233 0 -0.452459 1 0 0 0 1 0 0 0 1  0 0 -0.0178893 0 0 0
17.14 16.7233 0 -0.452636 1 0 0 0 1 0 0 0 1  0 0 -0.0179226 0 0 0
17.15 16.7233 0 -0.452834 1 0 0 0 1 0 0 0 1  0 0 -0.0202214 0 0 0
17.16 16.7233 0 -0.453015 1 0 0 0 1 0 0 0 1  0 0 -0.0183017 0 0 0
17.17 16.7233 0 -0.453215 1 0 0 0 1 0 0 0 1  0 0 -0.0201514 0 0 0
17.18 16.7233 0 -0.453406 1 0 0 0 1 0 0 0 1  0 0 -0.0192615 0 0 0
17.19 16.7233 0 -0.453607 1 0 0 0 1 0 0 0 1  0 0 -0.0202085 0 0 0
17.2 16.7233 0 -0.453814 1 0 0 0 1 0 0 0 1  0 0 -0.021078 0 0 0
17.21 16.7233 0 -0.454016 1 0 0 0 1 0 0 0 1  0 0 -0.020322 0 0 0
17.22 16.7233 0 -0.454232 1 0 0 0 1 0 0 0 1  0 0 -0.0217572 0 0 0
17.23 16.7233 0 -0.454446 1 0 0 0 1 0 0 0 1  0 0 -0.0216142 0 0 0
17.24 16.7233 0 -0.454664 1 0 0 0 1 0 0 0 1  0 0 -0.0219604 0 0 0
17.25 16.7233 0 -0.454889 1 0 0 0 1 0 0 0 1  0 0 -0.0227733 0 0 0
17.26 16.7233 0 -0.455113 1 0 0 0 1 0 0 0 1  0 0 -0.0225638 0 0 0
17.27 16.7233 0 -0.455346 1 0 0 0 1 0 0 0 1  0 0 -0.0234097 0 0 0
17.28 16.7233 0 -0.455579 1 0 0 0 1 0 0 0 1  0 0 -0.0234958 0 0 0
17.29 16.7233 0 -0.455816 1 0 0 0 1 0 0 0 1  0 0 -0.0238501 0 0 0
17.3 16.7233 0 -0.456057 1 0 0 0 1 0 0 0 1  0 0 -0.0243442 0 0 0
17.31 16.7233 0 -0.4563 1 0 0 0 1 0 0 0 1  0 0 -0.0244301 0 0 0
17.32 16.7233 0 -0.456547 1 0 0 0 1 0 0 0 1  0 0 -0.0249096 0 0 0
17.33 16.7233 0 -0.456798 1 0 0 0 1 0 0 0 1  0 0 -0.0251759 0 0 0
17.34 16.7233 0 -0.45705 1 0 0 0 1 0 0 0 1  0 0 -0.0254235 0 0 0
17.35 16.7233 0 -0.457307 1 0 0 0 1 0 0 0 1  0 0 -0.0257994 0 0 0
17.36 16.7233 0 -0.457565 1 0 0 0 1 0 0 0 1  0 0 -0.0259826 0 0 0
17.37 16.7233 0 -0.457827 1 0 0 0 1 0 0 0 1  0 0 -0.0263028 0 0 0
17.38 16.7233 0 -0.458091 1 0 0 0 1 0 0 0 1  0 0 -0.0265213 0 0 0
17.39 16.7233 0 -0.458357 1 0 0 0 1 0 0 0 1  0 0 -0.0267082 0 0 0
17.4 16.7233 0 -0.458624 1 0 0 0 1 0 0 0 1  0 0 -0.0268329 0 0 0
17.41 16.7233 0 -0.458894 1 0 0 0 1 0 0 0 1  0 0 -0.0271324 0 0 0
17.42 16.7233 0 -0.459166 1 0 0 0 1 0 0 0 1  0 0 -0.0272437 0 0 0
17.43 16.7233 0 -0.45944 1 0 0 0 1 0 0 0 1  0 0 -0.0275147 0 0 0
17.44 16.7233 0 -0.459716 1 0 0 0 1 0 0 0 1  0 0 -0.0277236 0 0 0
17.45 16.7233 0 -0.459994 1 0 0 0 1 0 0 0 1  0 0 -0.0278681 0 0 0
17.46 16.7233 0 -0.460274 1 0 0 0 1 0 0 0 1  0 0 -0.0281239 0 0 0
17.47 16.7233 0 -0.460556 1 0 0 0 1 0 0 0 1  0 0 -0.028248 0 0 0
17.48 16.7233 0 -0.460839 1 0 0 0 1 0 0 0 1  0 0 -0.0284524 0 0 0
17.49 16.7233 0 -0.461124 1 0 0 0 1 0 0 0 1  0 0 -0.0286109 0 0 0
17.5 16.7233 0 -0.461411 1 0 0 0 1 0 0 0 1  0 0 -0.0286709 0 0 0
17.51 16.7233 0 -0.461698 1 0 0 0 1 0 0 0 1  0 0 -0.0288421 0 0 0
17.52 16.7233 0 -0.461988 1 0 0 0 1 0 0 0 1  0 0 -0.0290081 0 0 0
17.53 16.7233 0 -0.462278 1 0 0 0 1 0 0 0 1  0 0 -0.0290366 0 0 0
17.54 16.7233 0 -0.462569 1 0 0 0 1 0 0 0 1  0 0 -0.0291851 0 0 0
17.55 16.7233 0 -0.462861 1 0 0 0 1 0 0 0 1  0 0 -0.0292797 0 0 0
17.56 16.7233 0 -0.463154 1 0 0 0 1 0 0 0 1  0 0 -0.0293132 0 0 0
17.57 16.7233 0 -0.463448 1 0 0 0 1 0 0 0 1  0 0 -0.0294505 0 0 0
17.58 16.7233 0 -0.463743 1 0 0 0 1 0 0 0 1  0 0 -0.0295003 0 0 0
17.59 16.7233 0 -0.464038 1 0 0 0 1 0 0 0 1  0 0 -0.0295849 0 0 0
17.6 16.7233 0 -0.464334 1 0 0 0 1 0 0 0 1  0 0 -0.0296408 0 0 0
17.61 16.7233 0 -0.464632 1 0 0 0 1 0 0 0 1  0 0 -0.0298918 0 0 0
17.62 16.7233 0 -0.464928 1 0 0 0 1 0 0 0 1  0 0 -0.0296105 0 0 0
17.63 16.7233 0 -0.465228 1 0 0 0 1 0 0 0 1  0 0 -0.0299955 0 0 0
17.64 16.7233 0 -0.465526 1 0 0 0 1 0 0 0 1  0 0 -0.0297972 0 0 0
17.65 16.7233 0 -0.465825 1 0 0 0 1 0 0 0 1  0 0 -0.0298986 0 0 0
17.66 16.7233 0 -0.466124 1 0 0 0 1 0 0 0 1  0 0 -0.0299361 0 0 0
17.67 16.7233 0 -0.466422 1 0 0 0 1 0 0 0 1  0 0 -0.0298367 0 0 0
17.68 16.7233 0 -0.466722 1 0 0 0 1 0 0 0 1  0 0 -0.0299272 0 0 0
17.69 16.7233 0 -0.46702 1 0 0 0 1 0 0 0 1  0 0 -0.0298171 0 0 0
17.7 16.7233 0 -0.467318 1 0 0 0 1 0 0 0 1  0 0 -0.0298095 0 0 0
17.71 16.7233 0 -0.467597 1 0 0 0 1 0 0 0 1  0 0 -0.0275279 0 0 0
17.72 16.7233 0 -0.467906 1 0 0 0 1 0 0 0 1  0 0 -0.0309622 0 0 0
17.73 16.7233 0 -0.468181 1 0 0 0 1 0 0 0 1  0 0 -0.0274302 0 0 0
17.74 16.7233 0 -0.46848 1 0 0 0 1 0 0 0 1  0 0 -0.0297429 0 0 0
17.75 16.7233 0 -0.468767 1 0 0 0 1 0 0 0 1  0 0 -0.0288645 0 0 0
17.76 16.7233 0 -0.469054 1 0 0 0 1 0 0 0 1  0 0 -0.0285182 0 0 0
17.77 16.7233 0 -0.469352 1 0 0 0 1 0 0 0 1  0 0 -0.0299953 0 0 0
17.78 16.7233 0 -0.469635 1 0 0 0 1 0 0 0 1  0 0 -0.0281652 0 0 0
17.79 16.7233 0 -0.469936 1 0 0 0 1 0 0 0 1  0 0 -0.0301351 0 0 0
17.8 16.7233 0 -0.470222 1 0 0 0 1 0 0 0 1  0 0 -0.0287332 0 0 0
17.81 16.7233 0 -0.47051 1 0 0 0 1 0 0 0 1  0 0 -0.0285729 0 0 0
17.82 16.7233 0 -0.470806 1 0 0 0 1 0 0 0 1  0 0 -0.0296071 0 0 0
17.83 16.7233 0 -0.471104 1 0 0 0 1 0 0 0 1  0 0 -0.030107 0 0 0
17.84 16.7233 0 -0.471376 1 0 0 0 1 0 0 0 1  0 0 -0.0269152 0 0 0
17.85 16.7233 0 -0.471686 1 0 0 0 1 0 0 0 1  0 0 -0.0309606 0 0 0
17.86 16.7233 0 -0.47196 1 0 0 0 1 0 0 0 1  0 0 -0.0275108 0 0 0
17.87 16.7233 0 -0.472255 1 0 0 0 1 0 0 0 1  0 0 -0.0292666 0 0 0
17.88 16.7233 0 -0.472544 1 0 0 0 1 0 0 0 1  0 0 -0.0290816 0 0 0
17.89 16.7233 0 -0.472824 1 0 0 0 1 0 0 0 1  0 0 -0.0278294 0 0 0
17.9 16.7233 0 -0.473118 1 0 0 0 1 0 0 0 1  0 0 -0.0294077 0 0 0
17.91 16.7233 0 -0.473396 1 0 0 0 1 0 0 0 1  0 0 -0.0277696 0 0 0
17.92 16.7233 0 -0.473682 1 0 0 0 1 0 0 0 1  0 0 -0.0284873 0 0 0
17.93 16.7233 0 -0.473964 1 0 0 0 1 0 0 0 1  0 0 -0.0282453 0 0 0
17.94 16.7233 0 -0.474242 1 0 0 0 1 0 0 0 1  0 0 -0.0276136 0 0 0
17.95 16.7233 0 -0.474524 1 0 0 0 1 0 0 0 1  0 0 -0.0281729 0 0 0
17.96 16.7233 0 -0.474798 1 0 0 0 1 0 0 0 1  0 0 -0.0273427 0 0 0
17.97 16.7233 0 -0.475075 1 0 0 0 1 0 0 0 1  0 0 -0.0275468 0 0 0
17.98 16.7233 0 -0.475348 1 0 0 0 1 0 0 0 1  0 0 -0.0272804 0 0 0
17.99 16.7233 0 -0.475619 1 0 0 0 1 0 0 0 1  0 0 -0.0269149 0 0 0
18 16.7233 0 -0.47589 1 0 0 0 1 0 0 0 1  0 0 -0.0269917 0 0 0
18.01 16.7233 0 -0.476155 1 0 0 0 1 0 0 0 1  0 0 -0.026491 0 0 0
18.02 16.7233 0 -0.476421 1 0 0 0 1 0 0 0 1  0 0 -0.0264632 0 0 0
18.03 16.7233 0 -0.476684 1 0 0 0 1 0 0 0 1  0 0 -0.0261918 0 0 0
18.04 16.7233 0 -0.476944 1 0 0 0 1 0 0 0 1  0 0 -0.0258712 0 0 0
18.05 16.7233 0 -0.477203 1 0 0 0 1 0 0 0 1  0 0 -0.0257815 0 0 0
18.06 16.7233 0 -0.477458 1 0 0 0 1 0 0 0 1  0 0 -0.0253901 0 0 0
18.07 16.7233 0 -0.477712 1 0 0 0 1 0 0 0 1  0 0 -0.0252365 0 0 0
18.08 16.7233 0 -0.477962 1 0 0 0 1 0 0 0 1  0 0 -0.0249467 0 0 0
18.09 16.7233 0 -0.47821 1 0 0 0 1 0 0 0 1  0 0 -0.0245553 0 0 0
18.1 16.7233 0 -0.478455 1 0 0 0 1 0 0 0 1  0 0 -0.0244605 0 0 0
18.11 16.7233 0 -0.478696 1 0 0 0 1 0 0 0 1  0 0 -0.0239005 0 0 0
18.12 16.7233 0 -0.478936 1 0 0 0 1 0 0 0 1  0 0 -0.0238843 0 0 0
18.13 16.7233 0 -0.479172 1 0 0 0 1 0 0 0 1  0 0 -0.0233977 0 0 0
18.14 16.7233 0 -0.479405 1 0 0 0 1 0 0 0 1  0 0 -0.0231535 0 0 0
18.15 16.7233 0 -0.479635 1 0 0 0 1 0 0 0 1  0 0 -0.0228995 0 0 0
18.16 16.7233 0 -0.479862 1 0 0 0 1 0 0 0 1  0 0 -0.0224708 0 0 0
18.17 16.7233 0 -0.480086 1 0 0 0 1 0 0 0 1  0 0 -0.0222718 0 0 0
18.18 16.7233 0 -0.480306 1 0 0 0 1 0 0 0 1  0 0 -0.0218605 0 0 0
18.19 16.7233 0 -0.480523 1 0 0 0 1 0 0 0 1  0 0 -0.0215615 0 0 0
18.2 16.7233 0 -0.480737 1 0 0 0 1 0 0 0 1  0 0 -0.0212403 0 0 0
18.21 16.7233 0 -0.480948 1 0 0 0 1 0 0 0 1  0 0 -0.0208553 0 0 0
18.22 16.7233 0 -0.481155 1 0 0 0 1 0 0 0 1  0 0 -0.0205484 0 0 0
18.23 16.7233 0 -0.481358 1 0 0 0 1 0 0 0 1  0 0 -0.0201616 0 0 0
18.24 16.7233 0 -0.481559 1 0 0 0 1 0 0 0 1  0 0 -0.0198551 0 0 0
18.25 16.7233 0 -0.481755 1 0 0 0 1 0 0 0 1  0 0 -0.0194366 0 0 0
18.26 16.7233 0 -0.481948 1 0 0 0 1 0 0 0 1  0 0 -0.0191121 0 0 0
18.27 16.7233 0 -0.482137 1 0 0 0 1 0 0 0 1  0 0 -0.0187283 0 0 0
18.28 16.7233 0 -0.482322 1 0 0 0 1 0 0 0 1  0 0 -0.0183526 0 0 0
18.29 16.7233 0 -0.482504 1 0 0 0 1 0 0 0 1  0 0 -0.017997 0 0 0
18.3 16.7233 0 -0.482682 1 0 0 0 1 0 0 0 1  0 0 -0.0176068 0 0 0
18.31 16.7233 0 -0.482856 1 0 0 0 1 0 0 0 1  0 0 -0.0172411 0 0 0
18.32 16.7233 0 -0.483027 1 0 0 0 1 0 0 0 1  0 0 -0.0168615 0 0 0
18.33 16.7233 0 -0.483194 1 0 0 0 1 0 0 0 1  0 0 -0.016477 0 0 0
18.34 16.7233 0 -0.483357 1 0 0 0 1 0 0 0 1  0 0 -0.016103 0 0 0
18.35 16.7233 0 -0.483516 1 0 0 0 1 0 0 0 1  0 0 -0.0157128 0 0 0
18.36 16.7233 0 -0.483671 1 0 0 0 1 0 0 0 1  0 0 -0.0153325 0 0 0
18.37 16.7233 0 -0.483822 1 0 0 0 1 0 0 0 1  0 0 -0.0149474 0 0 0
18.38 16.7233 0 -0.48397 1 0 0 0 1 0 0 0 1  0 0 -0.0145572 0 0 0
18.39 16.7233 0 -0.484113 1 0 0 0 1 0 0 0 1  0 0 -0.0141751 0 0 0
18.4 16.7233 0 -0.484251 1 0 0 0 1 0 0 0 1  0 0 -0.0134956 0 0 0
18.41 16.7233 0 -0.484388 1 0 0 0 1 0 0 0 1  0 0 -0.0135639 0 0 0
18.42 16.7233 0 -0.484518 1 0 0 0 1 0 0 0 1  0 0 -0.0127494 0 0 0
18.43 16.7233 0 -0.484646 1 0 0 0 1 0 0 0 1  0 0 -0.0126233 0 0 0
18.44 16.7233 0 -0.48477 1 0 0 0 1 0 0 0 1  0 0 -0.0121796 0 0 0
18.45 16.7233 0 -0.484889 1 0 0 0 1 0 0 0 1  0 0 -0.0116894 0 0 0
18.46 16.7233 0 -0.485005 1 0 0 0 1 0 0 0 1  0 0 -0.0114858 0 0 0
18.47 16.7233 0 -0.485116 1 0 0 0 1 0 0 0 1  0 0 -0.0109262 0 0 0
18.48 16.7233 0 -0.485225 1 0 0 0 1 0 0 0 1  0 0 -0.010656 0 0 0
18.49 16.7233 0 -0.485329 1 0 0 0 1 0 0 0 1  0 0 -0.010246 0 0 0
18.5 16.7233 0 -0.485429 1 0 0 0 1 0 0 0 1  0 0 -0.00982785 0 0 0
18.51 16.7233 0 -0.485527 1 0 0 0 1 0 0 0 1  0 0 -0.00952196 0 0 0
18.52 16.7233 0 -0.485619 1 0 0 0 1 0 0 0 1  0 0 -0.00907765 0 0 0
18.53 16.7233 0 -0.485709 1 0 0 0 1 0 0 0 1  0 0 -0.00875044 0 0 0
18.54 16.7233 0 -0.485794 1 0 0 0 1 0 0 0 1  0 0 -0.00836563 0 0 0
18.55 16.7233 0 -0.485876 1 0 0 0 1 0 0 0 1  0 0 -0.00798219 0 0 0
18.56 16.7233 0 -0.485954 1 0 0 0 1 0 0 0 1  0 0 -0.00764023 0 0 0
18.57 16.7233 0 -0.486028 1 0 0 0 1 0 0 0 1  0 0 -0.00726108 0 0 0
18.58 16.7233 0 -0.486099 1 0 0 0 1 0 0 0 1  0 0 -0.0069252 0 0 0
18.59 16.7233 0 -0.486167 1 0 0 0 1 0 0 0 1  0 0 -0.00656474 0 0 0
18.6 16.7233 0 -0.486231 1 0 0 0 1 0 0 0 1  0 0 -0.00621279 0 0 0
18.61 16.7233 0 -0.486291 1 0 0 0 1 0 0 0 1  0 0 -0.00588296 0 0 0
18.62 16.7233 0 -0.486348 1 0 0 0 1 0 0 0 1  0 0 -0.00552959 0 0 0
18.63 16.7233 0 -0.486402 1 0 0 0 1 0 0 0 1  0 0 -0.00519597 0 0 0
18.64 16.7233 0 -0.486452 1 0 0 0 1 0 0 0 1  0 0 -0.00485716 0 0 0
18.65 16.7233 0 -0.486499 1 0 0 0 1 0 0 0 1  0 0 -0.00451725 0 0 0
18.66 16.7233 0 -0.486541 1 0 0 0 1 0 0 0 1  0 0 -0.0040013 0 0 0
18.67 16.7233 0 -0.486582 1 0 0 0 1 0 0 0 1  0 0 -0.00392036 0 0 0
18.68 16.7233 0 -0.486617 1 0 0 0 1 0 0 0 1  0 0 -0.00336333 0 0 0
18.69 16.7233 0 -0.486651 1 0 0 0 1 0 0 0 1  0 0 -0.0031547 0 0 0
18.7 16.7233 0 -0.48668 1 0 0 0 1 0 0 0 1  0 0 -0.00280095 0 0 0
18.71 16.7233 0 -0.486706 1 0 0 0 1 0 0 0 1  0 0 -0.00241109 0 0 0
18.72 16.7233 0 -0.48673 1 0 0 0 1 0 0 0 1  0 0 -0.00217851 0 0 0
18.73 16.7233 0 -0.486749 1 0 0 0 1 0 0 0 1  0 0 -0.00176417 0 0 0
18.74 16.7233 0 -0.486765 1 0 0 0 1 0 0 0 1  0 0 -0.00149031 0 0 0
18.75 16.7233 0 -0.486779 1 0 0 0 1 0 0 0 1  0 0 -0.00116399 0 0 0
18.76 16.7233 0 -0.486788 1 0 0 0 1 0 0 0 1  0 0 -0.000816598 0 0 0
18.77 16.7233 0 -0.486795 1 0 0 0 1 0 0 0 1  0 0 -0.00054188 0 0 0
18.78 16.7233 0 -0.486799 1 0 0 0 1 0 0 0 1  0 0 -0.000189141 0 0 0
18.79 16.7233 0 -0.486799 1 0 0 0 1 0 0 0 1  0 0 0.000104162 0 0 0
18.8 16.7233 0 -0.486797 1 0 0 0 1 0 0 0 1  0 0 0.000417501 0 0 0
18.81 16.7233 0 -0.486791 1 0 0 0 1 0 0 0 1  0 0 0.000734795 0 0 0
18.82 16.7233 0 -0.486782 1 0 0 0 1 0 0 0 1  0 0 0.00102561 0 0 0
18.83 16.7233 0 -0.48677 1 0 0 0 1 0 0 0 1  0 0 0.00133521 0 0 0
18.84 16.7233 0 -0.486756 1 0 0 0 1 0 0 0 1  0 0 0.00162571 0 0 0
18.85 16.7233 0 -0.486738 1 0 0 0 1 0 0 0 1  0 0 0.00191697 0 0 0
18.86 16.7233 0 -0.486717 1 0 0 0 1 0 0 0 1  0 0 0.00220779 0 0 0
18.87 16.7233 0 -0.486694 1 0 0 0 1 0 0 0 1  0 0 0.00248083 0 0 0
18.88 16.7233 0 -0.486668 1 0 0 0 1 0 0 0 1  0 0 0.0027738 0 0 0
18.89 16.7233 0 -0.486639 1 0 0 0 1 0 0 0 1  0 0 0.00303915 0 0 0
18.9 16.7233 0 -0.486607 1 0 0 0 1 0 0 0 1  0 0 0.00331876 0 0 0
18.91 16.7233 0 -0.486572 1 0 0 0 1 0 0 0 1  0 0 0.00358947 0 0 0
18.92 16.7233 0 -0.486535 1 0 0 0 1 0 0 0 1  0 0 0.00385499 0 0 0
18.93 16.7233 0 -0.486495 1 0 0 0 1 0 0 0 1  0 0 0.00412747 0 0 0
18.94 16.7233 0 -0.486453 1 0 0 0 1 0 0 0 1  0 0 0.00438707 0 0 0
18.95 16.7233 0 -0.486408 1 0 0 0 1 0 0 0 1  0 0 0.00456035 0 0 0
18.96 16.7233 0 -0.48636 1 0 0 0 1 0 0 0 1  0 0 0.00488965 0 0 0
18.97 16.7233 0 -0.486311 1 0 0 0 1 0 0 0 1  0 0 0.00506395 0 0 0
18.98 16.7233 0 -0.486259 1 0 0 0 1 0 0 0 1  0 0 0.00534035 0 0 0
18.99 16.7233 0 -0.486204 1 0 0 0 1 0 0 0 1  0 0 0.00557062 0 0 0
19 16.7233 0 -0.486148 1 0 0 0 1 0 0 0 1  0 0 0.00578736 0 0 0
19.01 16.7233 0 -0.486088 1 0 0 0 1 0 0 0 1  0 0 0.00604628 0 0 0
19.02 16.7233 0 -0.486027 1 0 0 0 1 0 0 0 1  0 0 0.00624838 0 0 0
19.03 16.7233 0 -0.485963 1 0 0 0 1 0 0 0 1  0 0 0.00650823 0 0 0
19.04 16.7233 0 -0.485897 1 0 0 0 1 0 0 0 1  0 0 0.00672907 0 0 0
19.05 16.7233 0 -0.485829 1 0 0 0 1 0 0 0 1  0 0 0.0069339 0 0 0
19.06 16.7233 0 -0.485758 1 0 0 0 1 0 0 0 1  0 0 0.00714712 0 0 0
19.07 16.7233 0 -0.485686 1 0 0 0 1 0 0 0 1  0 0 0.00735059 0 0 0
19.08 16.7233 0 -0.485611 1 0 0 0 1 0 0 0 1  0 0 0.00752778 0 0 0
19.09 16.7233 0 -0.485535 1 0 0 0 1 0 0 0 1  0 0 0.00772276 0 0 0
19.1 16.7233 0 -0.485457 1 0 0 0 1 0 0 0 1  0 0 0.00789047 0 0 0
19.11 16.7233 0 -0.485377 1 0 0 0 1 0 0 0 1  0 0 0.00806241 0 0 0
19.12 16.7233 0 -0.485296 1 0 0 0 1 0 0 0 1  0 0 0.00823197 0 0 0
19.13 16.7233 0 -0.485213 1 0 0 0 1 0 0 0 1  0 0 0.00838479 0 0 0
19.14 16.7233 0 -0.485128 1 0 0 0 1 0 0 0 1  0 0 0.00854136 0 0 0
19.15 16.7233 0 -0.485042 1 0 0 0 1 0 0 0 1  0 0 0.00868851 0 0 0
19.16 16.7233 0 -0.484955 1 0 0 0 1 0 0 0 1  0 0 0.00882702 0 0 0
19.17 16.7233 0 -0.484866 1 0 0 0 1 0 0 0 1  0 0 0.00896758 0 0 0
19.18 16.7233 0 -0.484775 1 0 0 0 1 0 0 0 1  0 0 0.00909159 0 0 0
19.19 16.7233 0 -0.484684 1 0 0 0 1 0 0 0 1  0 0 0.00922064 0 0 0
19.2 16.7233 0 -0.484591 1 0 0 0 1 0 0 0 1  0 0 0.00933526 0 0 0
19.21 16.7233 0 -0.484497 1 0 0 0 1 0 0 0 1  0 0 0.00945032 0 0 0
19.22 16.7233 0 -0.484402 1 0 0 0 1 0 0 0 1  0 0 0.00955707 0 0 0
19.23 16.7233 0 -0.484306 1 0 0 0 1 0 0 0 1  0 0 0.00965674 0 0 0
19.24 16.7233 0 -0.484209 1 0 0 0 1 0 0 0 1  0 0 0.00975559 0 0 0
19.25 16.7233 0 -0.484111 1 0 0 0 1 0 0 0 1  0 0 0.00984493 0 0 0
19.26 16.7233 0 -0.484012 1 0 0 0 1 0 0 0 1  0 0 0.0099299 0 0 0
19.27 16.7233 0 -0.483924 1 0 0 0 1 0 0 0 1  0 0 0.00868095 0 0 0
19.28 16.7233 0 -0.483816 1 0 0 0 1 0 0 0 1  0 0 0.010847 0 0 0
19.29 16.7233 0 -0.483728 1 0 0 0 1 0 0 0 1  0 0 0.00881022 0 0 0
19.3 16.7233 0 -0.483624 1 0 0 0 1 0 0 0 1  0 0 0.0103364 0 0 0
19.31 16.7233 0 -0.483528 1 0 0 0 1 0 0 0 1  0 0 0.00978622 0 0 0
19.32 16.7233 0 -0.483431 1 0 0 0 1 0 0 0 1  0 0 0.00962257 0 0 0
19.33 16.7233 0 -0.483328 1 0 0 0 1 0 0 0 1  0 0 0.0104005 0 0 0
19.34 16.7233 0 -0.483232 1 0 0 0 1 0 0 0 1  0 0 0.0095634 0 0 0
19.35 16.7233 0 -0.483129 1 0 0 0 1 0 0 0 1  0 0 0.0103199 0 0 0
19.36 16.7233 0 -0.48303 1 0 0 0 1 0 0 0 1  0 0 0.00996772 0 0 0
19.37 16.7233 0 -0.482929 1 0 0 0 1 0 0 0 1  0 0 0.0100292 0 0 0
19.38 16.7233 0 -0.482827 1 0 0 0 1 0 0 0 1  0 0 0.0102826 0 0 0
19.39 16.7233 0 -0.482727 1 0 0 0 1 0 0 0 1  0 0 0.00995528 0 0 0
19.4 16.7233 0 -0.482624 1 0 0 0 1 0 0 0 1  0 0 0.0102979 0 0 0
19.41 16.7233 0 -0.482524 1 0 0 0 1 0 0 0 1  0 0 0.0100805 0 0 0
19.42 16.7233 0 -0.482422 1 0 0 0 1 0 0 0 1  0 0 0.010185 0 0 0
19.43 16.7233 0 -0.48232 1 0 0 0 1 0 0 0 1  0 0 0.0102216 0 0 0
19.44 16.7233 0 -0.482219 1 0 0 0 1 0 0 0 1  0 0 0.0101109 0 0 0
19.45 16.7233 0 -0.482116 1 0 0 0 1 0 0 0 1  0 0 0.0102449 0 0 0
19.46 16.7233 0 -0.482015 1 0 0 0 1 0 0 0 1  0 0 0.0101241 0 0 0
19.47 16.7233 0 -0.481913 1 0 0 0 1 0 0 0 1  0 0 0.0101784 0 0 0
19.48 16.7233 0 -0.481812 1 0 0 0 1 0 0 0 1  0 0 0.01015 0 0 0
19.49 16.7233 0 -0.48171 1 0 0 0 1 0 0 0 1  0 0 0.010102 0 0 0
19.5 16.7233 0 -0.481609 1 0 0 0 1 0 0 0 1  0 0 0.010127 0 0 0
19.51 16.7233 0 -0.481509 1 0 0 0 1 0 0 0 1  0 0 0.0100483 0 0 0
19.52 16.7233 0 -0.481408 1 0 0 0 1 0 0 0 1  0 0 0.0100045 0 0 0
19.53 16.7233 0 -0.481308 1 0 0 0 1 0 0 0 1  0 0 0.0100128 0 0 0
19.54 16.7233 0 -0.481209 1 0 0 0 1 0 0 0 1  0 0 0.00989556 0 0 0
19.55 16.7233 0 -0.48111 1 0 0 0 1 0 0 0 1  0 0 0.0099033 0 0 0
19.56 16.7233 0 -0.481011 1 0 0 0 1 0 0 0 1  0 0 0.0098191 0 0 0
19.57 16.7233 0 -0.480913 1 0 0 0 1 0 0 0 1  0 0 0.00974844 0 0 0
19.58 16.7233 0 -0.480816 1 0 0 0 1 0 0 0 1  0 0 0.00971487 0 0 0
19.59 16.7233 0 -0.480719 1 0 0 0 1 0 0 0 1  0 0 0.00960668 0 0 0
19.6 16.7233 0 -0.480624 1 0 0 0 1 0 0 0 1  0 0 0.00953367 0 0 0
19.61 16.7233 0 -0.480529 1 0 0 0 1 0 0 0 1  0 0 0.00948183 0 0 0
19.62 16.7233 0 -0.480435 1 0 0 0 1 0 0 0 1  0 0 0.00936132 0 0 0
19.63 16.7233 0 -0.480341 1 0 0 0 1 0 0 0 1  0 0 0.00931339 0 0 0
19.64 16.7233 0 -0.480249 1 0 0 0 1 0 0 0 1  0 0 0.00920024 0 0 0
19.65 16.7233 0 -0.480157 1 0 0 0 1 0 0 0 1  0 0 0.00911941 0 0 0
19.66 16.7233 0 -0.480066 1 0 0 0 1 0 0 0 1  0 0 0.0090309 0 0 0
19.67 16.7233 0 -0.479976 1 0 0 0 1 0 0 0 1  0 0 0.00892425 0 0 0
19.68 16.7233 0 -0.479888 1 0 0 0 1 0 0 0 1  0 0 0.00883577 0 0 0
19.69 16.7233 0 -0.4798 1 0 0 0 1 0 0 0 1  0 0 0.00872718 0 0 0
19.7 16.7233 0 -0.479713 1 0 0 0 1 0 0 0 1  0 0 0.00862585 0 0 0
19.71 16.7233 0 -0.479627 1 0 0 0 1 0 0 0 1  0 0 0.0085212 0 0 0
