*************************Generated by extractForces.sh*************************
*      Wed Oct 15 15:28:08 MDT 2025 - Case: surge/T6.25/
* Note: Data was extracted from log.overInterDyMFoam using extractForces.sh
*       Can be visualized with plotForces.py
*******************************************************************************
Time X(x3) Force(x3) Moment(x3)
0.01              -161420 -8.96644 -102864              -3.45761 -601144 27.3529
0.02              -7602.19 -4.26 3537.35              1.80657 22702.1 22.758
0.03              -4149.58 1.88913 4724.1              1.58671 29269.8 -12.895
0.04              -3628.16 3.67814 4954.07              1.56418 30514.3 -23.7993
0.05              -3351.16 0.556316 5149.29              1.64887 31569.7 -4.51112
0.06              -3158.93 -0.994243 5254.22              1.76353 32088.7 3.86568
0.07              -2936.8 -1.29297 5356.85              1.33484 32591 5.60829
0.08              -2732.6 7.17658 5486.85              1.01207 33260.8 -39.3632
0.09              -2603.09 -3.22158 5503.45              1.08797 33285 18.0094
0.1              -2366.15 -0.55318 5674.74              1.43453 34192.7 2.25502
0.11              -2100.24 3.86192 5820.64              0.754 34972.6 -23.4513
0.12              -1809.4 -1.1676 6008.54              1.13511 35990 6.51234
0.13              -1572.02 -2.545 6104.48              1.30546 36469.8 13.7058
0.14              -1221.63 -5.59228 6312.06              1.21678 37594.2 30.4568
0.15              -986.606 6.40753 6400.62              0.472979 38035.9 -33.5982
0.16              -688.216 1.462 6523.47              -0.138614 38679.3 -6.98984
0.17              -393.046 7.58859 6667.81              0.99166 39445.6 -41.7
0.18              -138.769 -4.44492 6767.91              -0.316125 39953.8 23.9926
0.19              147.537 5.08591 6870.62              -0.0604952 40481.1 -29.4481
0.2              425.997 -0.996583 6991.45              0.520107 41116 6.24644
0.21              711.652 0.835666 7097.78              0.448313 41660.6 -3.97691
0.22              932.484 -11.2746 7163.72              1.14282 41977.8 61.9881
0.23              1317.61 0.129358 7354.23              0.170111 43003 0.72289
0.24              1545.21 9.85943 7437.73              -0.400536 43423.8 -51.727
0.25              1854.91 1.83938 7570.69              0.538065 44129.1 -9.41421
0.26              2065.05 -4.8083 7575.88              0.55266 44113 28.1399
0.27              2348.08 6.44724 7744.53              1.04864 45018.1 -33.6393
0.28              2599.33 -1.31075 7839.26              -0.699112 45517.1 7.26347
0.29              2810.67 5.56278 7871.14              -1.02896 45657 -31.3663
0.3              3042.66 -0.325218 7965.93              0.238553 46165 2.81572
0.31              3247.66 -0.606417 8032.77              0.290478 46509.2 4.6841
0.32              3428.09 -0.58924 8080.54              0.311343 46746 4.73548
0.33              3594.85 -0.0848824 8115.69              0.353831 46916.1 1.81565
0.34              3759.67 0.942194 8152.98              0.36382 47104 -3.74322
0.35              3931.37 -0.0273608 8206.3              0.472119 47385 1.77267
0.36              4040.65 -0.102795 8195.84              0.493297 47309.1 2.36396
0.37              4150.92 -3.083 8197.94              0.82714 47297 18.5029
0.38              4285.75 -0.530318 8198.97              0.530105 47289.7 5.21991
0.39              4424.48 -0.532884 8221.08              0.617885 47392.6 5.41807
0.4              4513.07 -0.385278 8166.01              0.60631 47064.8 4.63096
0.41              4619.98 -0.248708 8117.34              0.612637 46773.4 3.94121
0.42              4732.48 -0.167329 8073.28              0.657501 46498.7 3.7382
0.43              4846.75 -0.134258 8004.18              0.72038 46089.6 3.72437
0.44              4984.15 -0.272697 7966              0.931896 45840.8 4.51331
0.45              5123.79 -0.411775 7905.46              0.974068 45470.9 5.69459
0.46              5272.75 -0.514638 7846.52              1.06534 45110 6.53397
0.47              5416.82 -0.51017 7783.78              1.18883 44723.3 6.62458
0.48              5544.26 -1.19665 7663.27              1.15595 44021.1 10.5133
0.49              5725.19 -0.919302 7626.06              1.41018 43772.9 9.09538
0.5              5885.15 0.56171 7530.23              1.55985 43206 0.515699
0.51              6015.38 0.332939 7383.72              1.30338 42362.2 2.2443
0.52              6226.7 -3.75791 7362.65              1.45303 42217.1 26.4587
0.53              6387.7 2.12208 7252.01              2.25938 41568.9 -7.23001
0.54              6586.52 9.86288 7158.23              4.77008 41022.1 -46.2776
0.55              6740.88 -12.1521 7029.46              -1.31157 40279.3 68.0096
0.56              6966.7 4.73884 7082.36              1.47175 40536 -22.6794
0.57              7076.29 -1.24097 6869.34              1.2387 39286.4 12.1955
0.58              7274.79 -4.45426 6827.15              2.41739 39040.8 26.1258
0.59              7413.96 2.18584 6727.8              1.99059 38477 -7.39943
0.6              7619.57 11.3137 6712.48              1.63843 38386.3 -55.2611
0.61              7688.82 4.13348 6614.87              2.04481 37830.6 -17.7633
0.62              7787.68 4.99394 6528.85              2.06367 37340.2 -22.8451
0.63              8071.92 3.86253 6697.97              1.87157 38312.8 -16.0598
0.64              8265.94 10.6489 6756.37              5.84684 38686.3 -51.2091
0.65              8218.65 -4.25949 6540.08              0.513279 37462.2 27.1878
0.66              8195.99 4.40447 6410.4              1.30668 36702.2 -17.1672
0.67              8389.69 -1.89303 6512.75              2.54678 37316.9 12.3461
0.68              8484.21 4.73628 6547.1              1.84895 37557.1 -20.5279
0.69              8416.96 5.66303 6491.01              1.69843 37267.6 -26.0231
0.7              8573.04 3.4696 6694.2              2.14516 38496.4 -13.3359
0.71              8539.23 10.2248 6683.02              1.03791 38476 -52.7454
0.72              8561.31 8.08047 6733.96              2.24445 38838.8 -41.0102
0.73              8400.93 -0.96571 6568.01              2.3353 37891.5 12.9413
0.74              8237.92 6.1182 6536.82              1.57727 37764.5 -27.4573
0.75              8404.57 -2.09179 6768.69              2.13677 39191.5 15.2698
0.76              8274.86 4.37401 6802.03              1.50151 39457.6 -18.5616
0.77              8235.92 2.10897 6913.88              1.47435 40186.5 -5.11881
0.78              8529.11 12.1455 7297.68              1.26362 42540.6 -64.1648
0.79              8010.84 -1.19472 6985.38              1.58405 40767.1 13.6561
0.8              7941.58 10.55 7082.61              1.24171 41418.7 -48.2051
0.81              7901.05 1.55688 7177.47              2.06474 42064.6 -6.3512
0.82              7705.24 -4.30926 7258.67              2.02047 42646 27.6702
0.83              7495.31 1.59689 7280.79              1.26433 42875.6 -3.86466
0.84              7583.39 8.87859 7531.76              0.649895 44477.4 -47.0329
0.85              7425.71 0.571984 7626.02              2.15811 45149.6 1.37524
0.86              7001.54 1.06935 7422.05              1.7462 44023.7 -1.31915
0.87              6684.03 -0.335213 7299.21              1.54078 43376.5 5.53028
0.88              6558.73 3.63364 7416.8              1.31579 44187.7 -17.0409
0.89              6301.96 2.7543 7446.47              1.37858 44476.1 -12.6944
0.9              5894.38 3.06968 7336.6              1.20101 43919.3 -15.0854
0.91              5946.52 5.51145 7575.65              0.99157 45468 -30.1174
0.92              5539.71 3.5389 7444.25              1.42862 44779.7 -19.45
0.93              5142.1 3.1463 7264.03              1.48774 43793.1 -16.893
0.94              4707.75 2.72477 7040.96              1.30603 42533.3 -15.1647
0.95              4558.08 3.89961 7129.93              1.38228 43170.6 -22.4289
0.96              4282.88 3.44582 7111.72              1.4622 43161.4 -20.1164
0.97              3912.18 3.58014 6976.97              1.31762 42436.5 -21.1825
0.98              3406.62 9.61781 6714.54              0.466417 40935.8 -58.159
0.99              3295.25 3.54631 6796.1              1.52039 41518.7 -21.948
1              2806.25 6.67806 6546.73              1.22057 40085.8 -40.96
1.01              2705.85 -1.73808 6568.33              2.10342 40292 9.75403
1.02              2152.5 7.62433 6240.09              1.09633 38360.8 -44.5846
1.03              1856.87 4.39537 6118.93              1.23788 37689.2 -28.0238
1.04              1166.16 -1.37611 5685.09              1.06473 35121.6 3.34168
1.05              1359.5 1.33807 6017.69              1.42136 37203.6 -10.4652
1.06              338.057 4.24099 5249.67              0.458394 32602 -28.6047
1.07              497.457 2.06593 5555.36              1.09861 34513.1 -15.2816
1.08              -418.724 3.84027 4873.7              0.315668 30437 -26.8612
1.09              -297.548 9.24193 5149.22              0.0514593 32157.8 -60.2116
1.1              -997.097 2.61424 4681.87              -0.0637679 29382 -21.6176
1.11              -1208.19 8.91135 4685.86              1.53464 29469.2 -56.907
1.12              -1878.8 8.18062 4201.96              0.115327 26628.4 -55.2832
1.13              -1877.45 -2.79753 4359.68              2.16763 27677.4 11.8381
1.14              -2391.33 5.82173 4086.06              1.15454 26111 -41.388
1.15              -2451.85 4.22659 4278.54              1.45469 27339.8 -32.062
1.16              -2858.06 12.685 4161.48              1.23608 26683.5 -82.2965
1.17              -3218.54 6.98462 4064.68              0.905216 26147.2 -49.5537
1.18              -3550.48 7.20411 4033.17              0.905552 26002.7 -50.5783
1.19              -3622.66 4.01741 4348              1.22381 27940 -31.3432
1.2              -3987.11 5.23306 4314.76              0.72379 27782.2 -38.2431
1.21              -4402.06 6.34471 4192.13              0.126845 27096.6 -44.981
1.22              -4355.57 1.41045 4759.24              1.63432 30541.6 -16.2038
1.23              -4654.74 1.08266 4809.29              1.27658 30884.2 -14.6204
1.24              -4848.84 -0.438182 5013.81              1.49842 32153.8 -5.86831
1.25              -5142.99 -0.445647 5036.14              1.0598 32337.7 -5.65899
1.26              -5310.31 -0.857932 5284.57              1.50187 33866.9 -2.67533
1.27              -5549.3 -9.35792 5321.7              1.06204 34139 47.6191
1.28              -5708.94 -1.20888 5603.56              1.47279 35850.4 0.214904
1.29              -5987.06 -0.59172 5549.13              1.00717 35565.4 -3.94325
1.3              -6128.83 6.32857 5768.42              0.406815 36917.9 -45.6626
1.31              -6376.39 0.393828 5763.44              1.16711 36895.9 -9.73894
1.32              -6487.69 -1.28803 6059.14              2.06572 38665.2 0.322543
1.33              -6771.16 -1.93834 5849.97              1.50749 37443.5 3.49326
1.34              -6906.29 -4.686 6075.57              2.96035 38779.5 20.8586
1.35              -7124.46 -0.93979 6026.81              1.92394 38483 -1.54614
1.36              -7288.83 -0.411205 6094.36              2.36953 38869.4 -4.81928
1.37              -7510.53 -1.16399 5968.89              2.38697 38115.7 -0.572881
1.38              -7706.4 -1.08624 5898.92              2.47454 37675.5 -0.948788
1.39              -7915.3 3.47513 5787.18              2.47503 36993.5 -28.2045
1.4              -8119.05 -1.48607 5664.43              2.98747 36241 -0.100602
1.41              -8316 -5.14809 5605.25              2.85105 35837.6 23.2852
1.42              -8547.12 -0.133767 5486.47              2.00173 35102.6 -6.26362
1.43              -8747.28 4.66385 5360.94              3.66975 34301.8 -32.317
1.44              -8994.39 -8.33144 5120.56              2.41176 32839.6 40.2224
1.45              -9075.9 -6.86031 5285.15              3.68776 33765.4 34.1546
1.46              -9277.34 -3.88922 5083.12              2.96347 32522.4 16.6677
1.47              -9466 -4.13216 4902.69              2.87401 31404.9 18.0996
1.48              -9630.73 0.158657 4685.14              2.99567 30079.6 -7.39313
1.49              -9830.81 -2.26899 4502.2              3.28083 28947.8 7.22483
1.5              -9966.85 -0.485246 4378              3.27935 28154.7 -3.89328
1.51              -10076.3 -2.09491 4332.35              4.21274 27819.3 5.99487
1.52              -10141.1 -4.31424 4234.6              4.27913 27204.2 18.5911
1.53              -10197.7 -3.70351 4193.65              4.30754 26918.6 15.6199
1.54              -10169.6 -4.39138 4247.61              4.57582 27177.7 20.0502
1.55              -10188.4 -4.59159 4155.01              4.37 26584.2 21.1226
1.56              -10259.1 -1.65319 3949.75              3.23017 25315.1 5.81499
1.57              -10244.8 -2.73883 3916              2.44041 25060.7 12.0892
1.58              -10200.6 -4.99146 3885.96              2.78469 24809.7 25.6793
1.59              -10081.6 -3.40486 3898.04              2.40909 24836.4 15.9488
1.6              -9965.79 -4.10755 3880.69              1.64914 24682.4 21.2694
1.61              -9769.64 -6.87318 3983.7              2.15901 25218 37.1721
1.62              -9638.21 -4.28126 3888.19              1.06484 24602.3 22.8071
1.63              -9428.48 0.504601 3963.54              1.08886 24979.9 -3.78154
1.64              -9216.22 1.15132 3992.28              1 25069.7 -5.39332
1.65              -8979.2 -2.93166 4027.58              -0.101214 25216.1 13.1125
1.66              -8661.61 -5.16878 4152.86              1.43823 25895.3 28.6125
1.67              -8400.14 -3.19251 4182.37              1.48489 26012.6 17.1831
1.68              -8109.47 -9.24546 4215.24              2.71856 26137.8 50.9111
1.69              -7783.77 4.77117 4306.23              2.02196 26602.8 -26.868
1.7              -7462.97 -8.85041 4335.55              2.55745 26704.6 51.1771
1.71              -7160.6 -2.14916 4432.19              1.96446 27195.4 11.6019
1.72              -6837.35 0.639585 4445.9              1.31879 27228.3 -5.6854
1.73              -6435.72 -6.18924 4600.52              1.87219 28070.1 35.4549
1.74              -6168.41 -3.45099 4560.41              1.89659 27786.3 19.7072
1.75              -5992.17 -12.1534 4467.26              2.34777 27209.9 67.5505
1.76              -5686.39 -2.7079 4499.72              1.36733 27366.1 15.3904
1.77              -5224.44 3.39169 4775.11              1.26465 28913.6 -17.5148
1.78              -4698.62 -2.33858 5094.47              1.17703 30703 14.61
1.79              -4531.77 -4.29717 4859.3              1.58335 29300.7 24.1125
1.8              -3993.64 -1.22272 5131.89              1.72697 30833.3 6.59738
1.81              -3503.85 -5.66132 5310.1              2.04903 31832.9 32.7217
1.82              -3245.66 -3.96877 5103.75              1.79363 30621.6 22.8602
1.83              -2791.08 -5.07531 5173.42              2.11973 30992.5 28.7605
1.84              -2298.79 -4.1765 5332.1              2.21118 31870.7 22.7968
1.85              -1601.01 -6.592 5783.68              2.52097 34435.6 37.5507
1.86              -1354.83 -2.24304 5573.73              1.73492 33203.3 13.9273
1.87              -772.241 -0.639307 5779.3              1.76435 34356.4 4.89712
1.88              -272.631 -6.17925 5842.3              1.39721 34693.8 35.2073
1.89              292.445 -4.91082 6028.1              3.22665 35699 29.6812
1.9              835.343 -8.55289 6220.66              3.98731 36703.7 51.073
1.91              1197.57 -12.3678 6111.74              4.5254 35943.6 73.7766
1.92              1568.83 -9.52012 5941.43              4.35994 34827.9 58.8441
1.93              2020.72 -8.69658 5793.89              5.12459 33853.6 54.1967
1.94              2401.53 -12.5322 5443.67              5.8544 31756.6 79.7623
1.95              3239.43 -16.0098 5630.58              7.36121 32763.7 101.378
1.96              3893.03 -15.927 5532.51              7.92638 32223 103.867
1.97              4515.79 -14.703 5404.58              7.09233 31581.7 98.5574
1.98              5306.37 -10.7099 5586.27              5.89861 32769.2 74.8564
1.99              5973.83 -2.5983 5799.56              2.26975 34138.2 24.6051
2              6460.02 -0.375429 6068.62              1.07379 35768.2 5.22477
2.01              6847.5 0.931698 6404.56              -0.36277 37736.6 -4.92108
2.02              7117.01 0.460157 6603.88              -0.925257 38930.6 -0.892429
2.03              7550.12 -5.59313 6958.44              -4.15239 41033.7 43.7252
2.04              8077.8 -8.49403 7314.24              -4.57576 43197.2 62.118
2.05              8561.13 -5.7936 7634.05              -1.20899 45128.4 39.2026
2.06              8845.22 -6.53503 7809.34              2.40406 46136.1 37.2709
2.07              9017.82 -3.11061 7924.99              3.29232 46740.1 16.4125
2.08              9153.28 0.316838 8027.45              4.83729 47224.4 -5.30885
2.09              9202.37 3.1468 7990.93              4.81709 46903.2 -21.9447
2.1              9270.08 7.17998 8041.85              5.49356 47049 -46.5624
2.11              9199.06 9.93836 7866.71              5.57827 45918.6 -62.5506
2.12              9187.43 11.256 7731.3              4.89122 45012.9 -69.4281
2.13              9147.41 11.266 7571.23              4.47357 43975 -68.7007
2.14              9151.62 10.0419 7402.15              3.31767 42885 -60.5129
2.15              9213.68 7.59813 7286.56              3.35694 42122.4 -44.9274
2.16              9243.78 5.85914 7101.96              3.76067 41009.6 -33.2787
2.17              9368.57 7.35035 7053.96              2.39089 40681.4 -39.9247
2.18              9472.85 3.81492 6925.54              2.62473 39884.5 -18.7349
2.19              9599.2 1.84813 6908.25              2.22971 39751.2 -6.72414
2.2              9771.48 2.20873 6877.95              3.03075 39550.8 -12.1008
2.21              9908.04 9.25568 6884.26              2.62865 39568.8 -47.9675
2.22              10028.5 4.83225 6885.46              2.80382 39549.9 -24.0498
2.23              10061.2 6.79546 6797.63              2.84256 39034.2 -35.6504
2.24              10048.8 5.41917 6694.41              1.7812 38431.3 -27.407
2.25              10097.6 9.68939 6641.98              3.14757 38130.4 -51.4977
2.26              10179.1 4.63748 6660.49              2.36034 38233.8 -24.859
2.27              9977.92 9.28012 6361.95              1.38782 36498.3 -48.901
2.28              10093.4 -4.14625 6406.99              2.10153 36776.8 21.6771
2.29              10217.4 13.7274 6490.94              1.74595 37294.3 -69.8112
2.3              10073.5 5.60361 6419.1              1.70286 36893.5 -24.7882
2.31              9858.88 6.66829 6277.7              1.18143 36097.4 -32.2598
2.32              9679.34 0.823034 6171.01              -0.49457 35516.6 3.7327
2.33              9732.88 4.19779 6241.42              0.672591 35987.1 -18.2307
2.34              9375.47 11.3708 6008.89              -1.79455 34651.1 -59.3
2.35              8796.65 3.68651 5492.65              -2.04872 31632.9 -18.0538
2.36              9290.9 10.3843 5931.47              -0.572544 34287.6 -52.6884
2.37              8641.41 10.8683 5569.18              -1.32786 32208.8 -55.762
2.38              8824.11 10.7595 5830.95              -0.452267 33824.6 -55.9993
2.39              8291.31 13.1497 5523.93              -1.39898 32055.4 -69.3921
2.4              8546.39 8.65532 5828.32              0.415056 33937.5 -43.7631
2.41              7809.96 10.501 5309.63              -1.76506 30904.5 -53.5494
2.42              8016.55 6.64689 5618.04              -0.505848 32817.2 -31.2801
2.43              7808.01 9.54598 5609.59              -0.582318 32840.1 -48.8451
2.44              7343.11 10.8844 5469.57              -0.664587 32084.4 -58.081
2.45              6983.63 10.8624 5377.22              -0.662762 31606 -58.4315
2.46              6949.66 10.8928 5547.55              0.468069 32716.4 -58.4984
2.47              6438.69 10.87 5360.86              -0.996672 31680 -59.5527
2.48              5686.32 7.13346 4923.45              -0.392399 29114 -37.1969
2.49              5651.66 7.33275 5088.82              0.532249 30190.2 -41.4597
2.5              5290.41 12.2191 5061.97              -0.300354 30114.3 -65.9855
2.51              4850.5 7.36326 4971.65              -1.10886 29649.7 -37.4243
2.52              4408.11 14.1426 4851.71              -3.11521 29003.9 -79.5985
2.53              4360.63 5.64101 5067.62              -0.0759482 30397.3 -27.7157
2.54              3769 4.14953 4841.32              -1.14342 29114 -18.6791
2.55              3295.12 4.22746 4667.78              -1.50646 28133.1 -18.6661
2.56              2845.38 3.95752 4553.8              -0.861933 27522.9 -19.2032
2.57              2418.83 6.65729 4507.17              -1.04889 27322.6 -34.3386
2.58              2125.99 6.27976 4557.15              -0.704308 27706.8 -33.5873
2.59              1764.35 4.93053 4532.27              -0.6412 27634.6 -25.4917
2.6              1337.3 8.35636 4456.51              -1.6447 27255 -46.4524
2.61              670.838 7.9986 4163.52              -1.85125 25550.5 -45.2993
2.62              456.527 -2.23667 4193.21              -1.06892 25803.7 18.8969
2.63              -117.761 10.7652 3966.36              -3.46447 24493.9 -56.5545
2.64              -70.6321 3.95072 4234.8              -3.78579 26198.8 -19.3239
2.65              -655.529 -2.50992 4025.63              -4.96012 24994 14.757
2.66              -489.266 0.320571 4399.88              -5.23007 27339.8 0.216894
2.67              -1230.42 3.38534 4013.14              -6.21993 25054.2 -17.286
2.68              -1279.79 1.78248 4225.27              -5.73032 26408.7 -6.98196
2.69              -1966.75 5.11696 3867.32              -6.73878 24299 -27.8395
2.7              -1793.04 11.7261 4253.27              -7.11251 26705.4 -67.8484
2.71              -2273.52 4.04437 4082.91              -6.66019 25736.7 -20.935
2.72              -2381.62 3.22443 4245.93              -5.92316 26789.1 -15.9544
2.73              -2816 11.251 4087.34              -4.88028 25888.3 -62.5085
2.74              -2706.39 7.94979 4430.67              -3.05033 28043.5 -43.3577
2.75              -3148.94 6.36907 4206.52              -1.49863 26732.3 -33.3742
2.76              -3169.16 13.8913 4465.31              0.365679 28367.2 -79.8866
2.77              -3675.31 18.2985 4145.54              1.07843 26477.3 -107.176
2.78              -3493.24 24.0982 4626.56              4.69689 29439.9 -142.872
2.79              -3831.09 26.9436 4490.3              6.69911 28654.9 -161.282
2.8              -3828.03 30.6797 4781.08              11.8226 30448.4 -185.713
2.81              -4008.15 32.2822 4852.81              13.0386 30915.7 -195.999
2.82              -4096.15 34.561 5068              17.5054 32246.9 -212.327
2.83              -4266.53 43.3738 5189.59              24.7568 33013.6 -269.389
2.84              -4473.57 57.4331 5264.84              35.0001 33501.3 -357.798
2.85              -4659.25 70.5286 5365.73              44.549 34141.9 -439.637
2.86              -4882.24 73.8892 5436.68              48.5479 34603.4 -462.513
2.87              -5139.83 68.8383 5450              49.6632 34716.8 -434.594
2.88              -5397.6 69.1182 5464.98              47.7898 34830 -437.479
2.89              -5654.28 64.8766 5483.87              44.6082 34970.5 -413.103
2.9              -5922.06 55.8358 5472.21              39.0911 34911.7 -357.44
2.91              -6174.94 41.9593 5462.28              27.007 34877.5 -269.821
2.92              -6428.84 28.5938 5491.32              16.2017 35058.9 -183.838
2.93              -6674.93 29.9332 5504.93              7.27466 35135.7 -181.562
2.94              -6936.93 10.5801 5436.72              -2.62 34726.6 -65.541
2.95              -7192.66 14.2316 5372.93              1.18885 34345.2 -86.265
2.96              -7440.41 22.5873 5321.81              14.0107 34030.7 -143.292
2.97              -7709.81 25.0456 5218.47              25.8727 33402.4 -165.241
2.98              -7938.28 15.5332 5182.62              30.7162 33169 -112.059
2.99              -8195.76 3.64871 5095.09              35.9169 32628.4 -44.0602
3              -8457.11 -6.8756 4990.67              40.9208 31996.5 15.6785
3.01              -8614.39 -16.54 4964.45              37.9709 31835.3 72.1994
3.02              -8869.15 -31.4239 4856.84              35.817 31178.3 159.675
3.03              -9084.22 -43.7812 4781.58              34.1055 30707.9 233.935
3.04              -9314.15 -54.0168 4682.25              29.3799 30079.9 299.368
3.05              -9523.8 -73.1904 4601.12              26.8508 29575.7 409.075
3.06              -9751.53 -81.457 4434.35              18.1665 28555.1 464.766
3.07              -9971.71 -92.5188 4259.46              10.9721 27483.2 535.944
3.08              -10194.3 -96.029 4077.02              4.02183 26363.8 561.398
3.09              -10397.8 -104.872 3923.15              -12.959 25406.2 623.931
3.1              -10538.9 -99.5156 3749.25              -25.882 24331 600.368
3.11              -10709.7 -92.2415 3597.11              -40.7776 23373.4 567.31
3.12              -10814.5 -83.1209 3490.2              -48.3999 22685.5 518.408
3.13              -10828.9 -79.6159 3474.09              -42.9321 22559.9 489.727
3.14              -10798.9 -62.8053 3467.58              -31.7385 22493.3 383.764
3.15              -10769.1 -59.4516 3483.76              -23.2281 22575.4 358.559
3.16              -10717.2 -62.4996 3495.99              -18.7057 22619 372.684
3.17              -10685.5 -54.4368 3494.54              -15.8577 22603.6 321.728
3.18              -10628 -49.8302 3522.91              -17.5914 22737.7 296.614
3.19              -10584.5 -43.5063 3589.78              -20.0445 23122.2 259.506
3.2              -10516.3 -44.9154 3623.9              -27.9079 23320 265.521
3.21              -10381.1 -45.2149 3765.36              -33.0403 24160.7 271.526
3.22              -10230.3 -38.4982 3851.88              -35.2476 24653.5 232.714
3.23              -10085.3 -39.5291 3905.61              -31.7757 24944.7 236.081
3.24              -9856.32 -17.4575 3945.71              -22.3756 25125.9 104.591
3.25              -9646.73 -16.8907 3983.71              -13.306 25303.9 96.9027
3.26              -9348.55 -8.64525 4109.44              -7.43461 25976.8 46.3256
3.27              -9009.91 -2.38157 4178.68              -7.04184 26332.3 8.26116
3.28              -8626.61 -8.13459 4273.58              -4.95015 26815.4 42.837
3.29              -8178.6 -18.0983 4363.64              -3.15742 27236.3 99.2455
3.3              -7819.11 -7.58599 4313.06              -3.74252 26853 39.8185
3.31              -7425.17 3.38875 4358.29              -4.18279 27019.6 -21.4648
3.32              -7054.53 -7.56879 4300.88              -3.59283 26567 43.1827
3.33              -6558.91 -10.9239 4419.53              -3.96319 27160.1 59.0548
3.34              -6162.76 1.87283 4388.03              -2.06375 26888.2 -14.6375
3.35              -5818.15 -4.234 4345.66              0.653047 26564 22.4783
3.36              -5405.24 -11.7448 4433.98              2.17168 26996.7 64.2683
3.37              -5005.28 -2.87904 4416.65              1.1696 26808.2 15.8291
3.38              -4561.64 1.69698 4494.88              1.6315 27176.1 -7.37305
3.39              -4037.03 -1.39665 4653.52              1.9058 28010.9 12.1309
3.4              -3484.02 2.61904 4838.88              2.13569 29026.7 -10.238
3.41              -2828.94 9.16909 5117.04              3.33898 30556.3 -49.2463
3.42              -2299.64 11.8723 5138.25              5.05858 30609.9 -65.401
3.43              -1830.05 13.8861 4965.66              7.26306 29548 -79.5867
3.44              -1214.9 13.4269 4805.15              5.57238 28562.9 -83.3574
3.45              -476.856 6.5876 4656.5              7.00077 27659.9 -48.4114
3.46              186.637 15.3616 4405.12              1.14914 26212.3 -107.677
3.47              941.069 -4.58322 4417.46              1.95561 26306.7 13.8553
3.48              1682.2 -21.3535 4687.14              -0.613467 27907.3 117.789
3.49              2218.15 -31.9702 4936.17              -2.40044 29384.6 182.786
3.5              2852.4 -32.1012 5404.05              -3.18585 32116.3 184.203
3.51              3338.23 -23.1852 5699.08              -2.59731 33856.3 130.102
3.52              3873.82 -7.55348 6009.26              -1.03967 35698.8 33.8383
3.53              4413.7 -7.16235 6319.23              0.999335 37552 34.4646
3.54              4902.4 -1.15307 6611.53              -0.504148 39285.8 1.5759
3.55              5347.67 10.9027 6915.25              -1.72129 41054.1 -72.8281
3.56              5579.29 16.9215 7006.69              -1.23685 41584.3 -111.199
3.57              5884.89 18.9792 7266.22              0.80987 43030.5 -122.342
3.58              6131.78 11.9711 7493.78              1.45887 44257.5 -77.3191
3.59              6265.96 9.09313 7588.15              1.58782 44709.2 -55.713
3.6              6384.25 4.76788 7659.89              0.990438 45021.6 -27.2392
3.61              6499.81 1.67741 7706.1              0.821593 45186 -6.80254
3.62              6580.74 -2.51583 7681.93              -0.388047 44955.5 18.873
3.63              6714.34 -3.06868 7696.4              -1.39071 44943.5 24.2587
3.64              6831.99 0.667165 7652.89              -1.22175 44611.9 2.72682
3.65              6961.65 -1.7975 7610.44              -1.99655 44290.2 18.9545
3.66              7106.18 0.833048 7570.05              -2.51276 43985.4 1.75552
3.67              7268.39 5.36438 7515.51              -3.00682 43607 -25.1116
3.68              7417.42 -2.13781 7429.24              -2.74931 43057.2 21.1824
3.69              7605.12 -4.26884 7390.81              -1.63381 42775.7 33.701
3.7              7798.14 -1.18805 7338.91              -2.27973 42422 13.8632
3.71              8009.21 4.8042 7327.64              -2.88506 42295.1 -21.8619
3.72              8192.75 10.123 7267.56              -3.66617 41901.6 -52.9173
3.73              8376.68 13.4262 7227.94              -4.29698 41628.7 -72.5172
3.74              8544.66 16.5903 7184.64              -5.15167 41342.5 -91.4708
3.75              8738.08 15.3131 7150.95              -5.62489 41111.9 -84.2994
3.76              8918.83 20.8965 7132.16              -4.08501 40982 -116.331
3.77              9074.93 16.9065 7055.43              -2.80962 40543.8 -97.5131
3.78              9224.72 32.0084 7067.61              1.86958 40572 -191.807
3.79              9410.06 46.8528 7069.96              3.98783 40572.5 -283.564
3.8              9511.41 50.1845 6983.79              6.15681 40045.4 -303.705
3.81              9729.91 34.4911 7028.92              6.45647 40296.8 -216.286
3.82              9844.78 41.9266 6988.2              6.86173 40079.5 -249.326
3.83              9995.42 39.7457 7057.08              7.55095 40468.3 -237.094
3.84              10091.3 20.6292 7042              0.757546 40390.2 -115.833
3.85              10155.7 26.3003 7006.42              1.40011 40198 -150.14
3.86              10190.7 26.2824 6948.33              0.42609 39883.3 -146.761
3.87              10292.5 38.479 6935.61              3.18003 39851.5 -227.035
3.88              10341.1 27.6525 6944.87              -4.15696 39902 -152.983
3.89              10162.2 33.2578 6693.16              -2.39011 38469.6 -193.967
3.9              10239.2 42.288 6697.98              -0.541595 38525.1 -250.267
3.91              10404.5 45.541 6858.1              -2.99687 39506.1 -251.921
3.92              10081.6 32.4732 6628.27              -3.10316 38210.9 -178.869
3.93              9967.19 31.8398 6561.8              -2.00356 37866 -173.737
3.94              9922.55 33.9269 6536.33              -0.720596 37773 -181.53
3.95              9705.18 22.1088 6391.9              -4.02828 36979.1 -115.159
3.96              9133.64 21.047 5925.03              -2.02045 34251.6 -106.793
3.97              9327.47 10.7407 6126.73              0.24578 35491.2 -50.3592
3.98              9460.26 8.5023 6346.45              0.380222 36845.4 -34.0497
3.99              8962.9 11.1425 6082.9              -0.345765 35353.2 -49.9327
4              8851.75 16.7646 6091.01              -0.717046 35459.8 -86.276
4.01              8843.21 11.8437 6218.07              2.09608 36299.5 -62.8872
4.02              8352.77 15.5935 5948.08              0.963586 34746.8 -85.5938
4.03              7910.6 18.1741 5683.76              0.218497 33223.1 -100.251
4.04              8237 16.9455 6036.32              1.87468 35397.9 -98.2399
4.05              7735.02 21.9559 5854.47              1.24612 34386.4 -127.969
4.06              7435.75 23.7555 5792.1              1.24514 34086.4 -138.503
4.07              7113.92 29.7051 5705.25              0.0568775 33641.7 -173.437
4.08              6811.67 29.8171 5638.11              -0.500396 33330 -174.7
4.09              6064.81 28.1122 5178.23              -2.4285 30617.9 -161.384
4.1              6061.13 28.5309 5359.39              -3.98927 31785.2 -163.072
4.11              5871.51 31.2562 5406.41              -5.76987 32147.9 -176.894
4.12              5237.83 30.1072 5154.15              -6.72653 30705.9 -168.514
4.13              4871.17 28.9948 5080.76              -6.97982 30342.2 -161.37
4.14              4641.88 31.1144 5085.26              -7.64108 30452 -172.031
4.15              4189.35 24.1722 4961.92              -8.50909 29796 -131.688
4.16              3510.98 16.9338 4573.5              -8.17441 27509.3 -86.5996
4.17              3228.6 12.6751 4578.7              -6.88857 27622.3 -60.3708
4.18              2847.56 11.52 4509.93              -6.22632 27291.6 -55.6641
4.19              2306.71 8.12192 4344.02              -5.53259 26373.5 -35.8985
4.2              1944.37 1.93418 4295.01              -3.81984 26161.4 -0.114294
4.21              1345 4.21359 4049.66              -3.2025 24753.4 -15.6629
4.22              1386.12 -9.26166 4354.36              -0.586173 26696.9 64.3959
4.23              694.555 -14.8377 4050.47              -0.911753 24932.7 97.6768
4.24              375.072 -29.2157 3969.39              -0.086024 24509.7 184.621
4.25              -116.533 -27.223 3900.69              -0.847255 24181.7 174.926
4.26              -570.503 -38.6997 3749.47              -0.6502 23337.5 239.454
4.27              -736.645 -63.149 3927.76              -0.670637 24505.2 380.503
4.28              -1100.41 -67.1136 3886.77              -3.51262 24339 409.412
4.29              -1251.65 -78.4421 4049.94              -6.88039 25416 478.796
4.3              -1800.43 -91.0527 3853.9              -12.9454 24306.7 555.09
4.31              -2136.89 -96.0087 3807.21              -20.5748 24106.4 585.577
4.32              -2012.58 -117.571 4219.74              -26.6095 26707.4 718.832
4.33              -2379.42 -127.849 4161.92              -36.4722 26435.2 780.804
4.34              -2648.72 -138.822 4181.68              -50.4644 26634.7 852.361
4.35              -2541.48 -153.165 4535.42              -61.1088 28884 939.002
4.36              -3040.41 -164.308 4266.37              -67.7811 27311.2 1008.95
4.37              -2909.27 -158.947 4704.98              -74.8638 30057 978.926
4.38              -3365.06 -150.591 4472.01              -83.1349 28710.7 932.125
4.39              -3146.08 -133.352 5022.9              -86.995 32116.2 832.755
4.4              -3520.14 -118.154 4868.12              -88.3209 31231.2 742.228
4.41              -3228.01 -104.84 5526.27              -87.0226 35250 662.902
4.42              -3692.62 -79.429 5263.24              -86.2558 33701.5 511.179
4.43              -3703.09 -63.3643 5577.34              -83.5419 35638.5 413.93
4.44              -3946.68 -47.3365 5590.56              -80.9006 35762.7 315.03
4.45              -3906.8 -32.7998 6033.47              -73.462 38470.5 223.745
4.46              -4147.9 -10.5603 6066.37              -63.0038 38713.9 85.5862
4.47              -4178.59 13.9301 6470.04              -48.6106 41179.1 -65.1161
4.48              -4422.15 48.953 6525.36              -27.2882 41555.1 -281.335
4.49              -4619.95 82.0447 6612.36              -2.14354 42121.9 -485.658
4.5              -4883.84 134.685 6680.96              26.8101 42561.1 -807.453
4.51              -5086.97 177.207 6830.89              57.8456 43473.1 -1071.44
4.52              -5366.27 214.935 6800.93              86.2801 43297.7 -1307.23
4.53              -5490.06 242.095 7176.26              105.068 45515.5 -1478.95
4.54              -5861.31 240.507 6972              118.083 44283.2 -1478.02
4.55              -6143.05 241.877 7009.4              127.202 44474.7 -1492.62
4.56              -6524.16 229.745 6784.26              131.247 43122.7 -1429.54
4.57              -6905.46 211.195 6567.75              122.326 41837.4 -1318.8
4.58              -7294.54 189.854 6489.75              105.983 41361.8 -1190.46
4.59              -7700.59 157.919 6201.5              83.8802 39638.2 -996.649
4.6              -8031.1 112.889 6013.1              56.2052 38486.5 -720.919
4.61              -8340.29 84.4238 5838.06              41.8951 37412.2 -547.545
4.62              -8596.09 68.472 5658.65              30.6996 36319.7 -447.562
4.63              -8885.25 50.2262 5448.02              25.6636 35019.4 -338.315
4.64              -9148.36 36.0814 5331.51              19.1656 34273.7 -249.717
4.65              -9392.7 21.1387 5171.88              10.2002 33274.4 -156.757
4.66              -9617.36 5.9343 5073.08              3.0509 32607.7 -60.684
4.67              -9918.23 -3.32559 4752.24              1.10981 30688.5 -5.11168
4.68              -10106.3 -9.1645 4758.55              0.217624 30684 31.9222
4.69              -10361.1 -14.3416 4524.03              -4.05613 29263 66.3532
4.7              -10543.9 -24.0519 4492.11              -6.81892 29030.8 128.042
4.71              -10815.1 -26.0537 4159.47              -7.02334 27050.9 141.275
4.72              -10962.1 -30.3386 4137.11              -7.80539 26869.3 169.701
4.73              -11088.8 -33.886 4026.62              -10.4895 26172.4 193.243
4.74              -11110.4 -38.326 4030.79              -8.21948 26126.6 220.326
4.75              -11117.1 -37.9338 3921.99              -7.44936 25437.2 217.32
4.76              -11064.2 -39.9908 3836.57              -8.84986 24864 232.325
4.77              -11010.6 -41.92 3825.94              -9.18251 24747.6 244.447
4.78              -10948.7 -40.6403 3742.31              -7.27202 24210 236.547
4.79              -10796.3 -35.4121 3699.32              -7.05857 23868.3 207.275
4.8              -10637.4 -31.1218 3665.27              -6.42135 23579.8 184.744
4.81              -10395.1 -40.4755 3666.26              -7.90168 23513.1 233.836
4.82              -10083.5 -30.2761 3719.5              -6.37357 23745.3 175.014
4.83              -9788.43 -30.5377 3738.96              -6.14179 23779.5 177.11
4.84              -9518.94 -34.076 3738.62              -5.6879 23704.3 196.274
4.85              -9208.85 -27.0732 3816.53              -5.82602 24104.6 155.834
4.86              -8940.38 -24.4749 3955.86              -5.30508 24873.5 142.487
4.87              -8696.47 -20.0607 4064.05              -4.23018 25448.8 115.2
4.88              -8392.7 -15.8747 4033.24              -4.4967 25225.2 89.1728
4.89              -8034.55 -19.3845 4166.37              -2.87722 25956.3 110.635
4.9              -7800.17 -16.1505 4151.59              -2.79719 25840.8 91.5986
4.91              -7582.23 -23.558 4054.92              -2.26169 25227.5 132.713
4.92              -7150.02 -10.3644 4191.8              -2.61565 25950.5 59.5784
4.93              -6835.47 -18.4456 4227.17              -2.93014 26104.5 105.741
4.94              -6501.2 -15.1606 4249.12              -3.6716 26175.3 87.0317
4.95              -6133 -12.1143 4299.41              -2.88867 26418.4 69.0544
4.96              -5740.25 -13.7204 4331.6              -2.32871 26538.9 78.6875
4.97              -5297.05 -13.7702 4482.82              -2.34617 27358.1 79.2551
4.98              -4649.65 -15.1981 4867.91              -1.58613 29493.2 87.552
4.99              -4126.27 -17.4124 5087.29              -1.31706 30688.4 101.724
5              -3671.6 -17.6732 5148.72              -1.52259 30969.6 104.286
5.01              -3365.02 -21.4016 5001.62              -3.02224 30055.4 127.612
5.02              -2556.57 -28.1901 5741.59              -0.67002 34267.1 171.432
5.03              -2216.19 -34.4901 5701.89              -1.60069 33984 208.026
5.04              -1873.24 -30.0103 5627.48              -1.68367 33496.7 182.189
5.05              -1179.94 -34.0281 6128.52              -0.0384667 36317.8 205.26
5.06              -629.429 -30.4779 6399.82              1.04066 37819.8 185.06
5.07              -226.082 -35.5181 6387.19              1.92539 37679.2 212.353
5.08              213.394 -28.8673 6383.54              3.05281 37569 171.589
5.09              673.63 -21.7402 6304.28              3.82404 37028.2 128.239
5.1              1404.8 -3.25615 6265.8              0.985195 36713.5 14.7712
5.11              2039.92 3.47326 5668.33              -1.37081 33248.2 -32.9656
5.12              2923.18 -16.7104 5561.37              3.64689 32681.6 83.2034
5.13              3696.61 -32.9437 5758.64              5.36179 33877.6 184.138
5.14              4222.27 -49.9837 5994.13              10.9401 35278.7 298.247
5.15              4641.51 -57.5029 6255.86              13.9658 36818 348.897
5.16              5052.93 -51.1895 6573.63              14.0107 38670.8 310.265
5.17              5284.57 -43.655 6633.78              15.2305 39067.4 263.2
5.18              5724.48 -40.6752 6987.17              16.2543 41133 243.96
5.19              6155.08 -38.7574 7270.89              15.4759 42811.3 234.28
5.2              6595.61 -37.8809 7559.21              12.8629 44504.5 233.197
5.21              6933.2 -37.7936 7753.3              9.79258 45621.6 236.558
5.22              7212.64 -34.3337 7936.98              7.01551 46635.7 216.925
5.23              7371.41 -33.2708 7996.16              3.82189 46914.5 211.277
5.24              7528.47 -29.8755 8069.06              2.68185 47263.5 190.407
5.25              7679.72 -25.5726 8144.33              4.20692 47620.1 163.565
5.26              7807.59 -23.3211 8180.78              5.80737 47750.7 148.732
5.27              7904.96 -22.8514 8193.07              7.11709 47726.1 144.524
5.28              7976.41 -4.84795 8133.07              9.3694 47294.5 32.8061
5.29              8068.18 4.76845 8091.29              9.0797 46976.6 -25.9315
5.3              8270.21 3.2517 8194.51              8.99318 47479.3 -16.2367
5.31              8367.4 2.79577 8091.58              8.78615 46834.5 -12.9323
5.32              8509.63 -6.96916 8031.22              8.03456 46430 47.6604
5.33              8704 -6.59653 8038.57              8.08235 46415.6 46.3017
5.34              8842.79 -5.69679 7969.23              7.23633 45970.7 41.9514
5.35              8983.85 -4.13807 7916.63              7.37432 45625.8 32.7059
5.36              9120.44 -8.71933 7846.56              7.34994 45181.9 60.3922
5.37              9259.61 -2.5196 7773.93              9.42688 44735.5 23.9775
5.38              9424.52 -3.87005 7728.42              9.80752 44442.7 33.013
5.39              9540.5 -14.5991 7663.7              9.05123 44052.5 93.7462
5.4              9704.02 -11.2701 7668.1              8.76718 44047.4 79.5898
5.41              9817.18 -14.7637 7568.95              9.98376 43443.6 100.202
5.42              9992.85 -20.5901 7586.64              10.7897 43540.8 128.366
5.43              10032.4 -14.2916 7488.85              10.2771 42984.9 97.6634
5.44              10182.6 -4.98511 7493.51              9.20065 43009.2 48.5407
5.45              10244.4 -7.4984 7441.21              9.68987 42711.6 58.283
5.46              10281.1 -4.75585 7369.59              9.5102 42307.6 41.9184
5.47              10315.3 -5.61554 7314.63              8.13285 42002 47.2145
5.48              10351.7 0.433183 7280.7              10.0889 41830.7 14.064
5.49              10431.8 -4.33752 7292.53              7.74296 41919.3 38.7115
5.5              10256.2 -1.17698 7017.51              7.80759 40327.3 18.4523
5.51              10376.7 2.5131 7078.7              9.01358 40711.2 -7.35744
5.52              10460.2 23.4251 7116.68              8.57743 40978.1 -115.702
5.53              10240.4 13.2001 6987.47              9.89169 40260.9 -64.91
5.54              10012.8 19.0741 6833.36              8.98408 39408.6 -101.155
5.55              9941.69 17.1005 6804.49              10.3206 39289.6 -90.8656
5.56              9861.4 15.109 6788              10.6744 39268.4 -82.2475
5.57              9317.95 30.8319 6373.24              9.77717 36856.7 -175.699
5.58              9421.84 15.5415 6449.26              10.5731 37351.4 -98.1689
5.59              9212.97 43.2521 6373.71              8.97301 36972.9 -244.81
5.6              8919 39.4539 6315.87              10.1763 36697.9 -233.023
5.61              8386.39 46.7694 6036.99              11.1628 35113.2 -280.357
5.62              8474.51 50.757 6209.37              13.2036 36214.1 -305.74
5.63              7891.17 51.6265 5911.23              11.6595 34517.5 -317.087
5.64              7813.94 56.2258 5913.58              12.1496 34589.7 -341.256
5.65              7457.74 57.5682 5777.53              12.0089 33852 -359.274
5.66              7843.89 55.0933 6260.68              13.3433 36826.2 -341.108
5.67              6704.66 58.7501 5614.27              10.9469 33039.6 -362.119
5.68              6922.45 61.2483 5934.87              11.6322 35046 -376.762
5.69              6561.67 53.828 5880.42              14.0993 34822.7 -333.513
5.7              5936.9 54.7298 5597.72              12.8742 33197.1 -336.744
5.71              5535.57 50.2493 5399.95              13.2205 32082.3 -313.244
5.72              5740.56 55.3577 5794.69              13.8345 34551.8 -340.837
5.73              5047.92 54.5338 5543.8              13.4424 33133.5 -336.207
5.74              4653.84 53.9164 5476.92              13.0367 32814.8 -332.909
5.75              4273.3 54.7188 5419.32              12.762 32555.9 -337.594
5.76              4003.58 48.1286 5446.17              14.0584 32818 -297.428
5.77              3286.5 49.7169 5122.46              13.188 30932.9 -305.846
5.78              2885.04 45.1637 4990.03              13.2392 30204.5 -277.81
5.79              3200.76 41.8437 5452.5              13.9027 33095.5 -257.566
5.8              2327.99 44.7852 5029.56              12.852 30617.3 -273.459
5.81              2147.4 43.7071 5130.09              12.9162 31318.3 -267.291
5.82              1337.3 42.6806 4740.94              12.9137 29043.9 -259.755
5.83              1508.5 46.6404 5080.55              13.5967 31198 -284.595
5.84              629.28 48.2841 4627.28              14.3862 28529.2 -295.404
5.85              669.531 40.3591 4830.13              16.3594 29847.3 -246.701
5.86              101.732 51.7101 4606.57              15.9315 28561.6 -311.228
5.87              31.9805 46.0038 4777.67              17.4016 29689.4 -280.971
5.88              -692.84 36.3631 4445.22              17.8811 27744.3 -228.242
5.89              -583.099 39.543 4761.77              18.8654 29761 -243.114
5.9              -1106.46 46.7151 4562.64              19.2384 28633.8 -284.392
5.91              -873.669 45.3319 4996.78              20.4921 31358.8 -273.481
5.92              -1496.89 47.1797 4708.35              19.009 29683.6 -281.996
5.93              -1197.89 51.3627 5192.18              16.5145 32695.3 -306.048
5.94              -2036.68 39.5375 4697.36              14.1035 29759.4 -233.667
5.95              -1676.07 42.4635 5259.8              15.6809 33248.5 -244.517
5.96              -2488.15 33.2525 4705.85              9.62462 29953.2 -189.396
5.97              -2185.4 13.9474 5156.42              8.50943 32742.4 -69.9197
5.98              -2902.87 25.0524 4701.06              5.72498 30039.7 -136.619
5.99              -2391.74 21.077 5438.54              5.77482 34560.9 -110.377
6              -3015.12 26.2508 5044.49              0.00144915 32217.5 -139.295
6.01              -2938.05 1.67568 5356.57              -6.80742 34146.3 6.69628
6.02              -3269.16 -9.30816 5240.53              -13.6545 33478 71.5257
6.03              -3188.59 -21.0267 5610.08              -14.6514 35743.6 141.041
6.04              -3473.62 -30.208 5549.71              -12.8109 35413.6 194.9
6.05              -3556.11 -42.5801 5756.92              -9.65343 36700.4 266.419
6.06              -3834.75 -53.8088 5700.94              -6.5761 36401.6 327.175
6.07              -3967.94 -75.8079 5877.23              -7.03054 37501.3 452.108
6.08              -4122.04 -100.938 6040.65              -8.24201 38519.2 596.178
6.09              -4226.97 -122.553 6339.01              -8.01836 40336.5 722.617
6.1              -4429.15 -133.05 6517.4              -4.06285 41435.6 787.692
6.11              -4742.04 -140.33 6441.76              -0.385924 41021.5 835.024
6.12              -5050.89 -144.004 6422.42              0.346686 40940.7 861.668
6.13              -5354.03 -156.363 6407.41              -6.40992 40876.7 938.876
6.14              -5596.79 -160.71 6515.13              -18.0611 41551.3 967.326
6.15              -5909.55 -163.89 6486.27              -26.2454 41381.4 991.239
6.16              -6242.92 -144.829 6397.94              -33.0241 40858.2 886.931
6.17              -6602.11 -147.003 6268.83              -43.0377 40099.7 900.079
6.18              -6968.09 -122.673 6081.4              -49.1109 38990.7 760.368
6.19              -7294.69 -105.822 5989.3              -49.524 38431.3 661.98
6.2              -7640.92 -87.6035 5796.64              -46.3542 37260 551.532
6.21              -7952.43 -77.2214 5632.08              -37.6806 36241.6 484.939
6.22              -8245.11 -66.9222 5478.57              -26.3105 35285.7 417.609
6.23              -8556.4 -58.1259 5241.91              -16.9401 33836.6 359.013
6.24              -8779.88 -47.1299 5102.84              -7.19291 32961.4 285.956
6.25              -9078.12 -29.8493 4922.42              0.943498 31827.4 177.439
6.26              -9367.02 -11.4795 4730.52              4.02044 30649.1 64.5776
6.27              -9628.48 11.1832 4548.48              11.0258 29493.5 -71.7999
6.28              -9882.34 4.15408 4338.14              11.5452 28207.2 -38.7873
6.29              -10062.2 17.0038 4214.46              10.4911 27428.9 -113.691
6.3              -10249.2 23.9348 4023.91              9.48552 26248 -155.792
6.31              -10400.2 29.4357 3877.89              7.55774 25323.7 -188.835
6.32              -10527.7 32.9682 3745.15              5.97765 24488.8 -211.433
6.33              -10640.7 39.6 3642.96              3.96443 23830.5 -249.667
6.34              -10722.2 39.3504 3477.67              1.77718 22795.6 -248.485
6.35              -10752.2 41.7839 3505.04              0.924505 22894.9 -263.418
6.36              -10756.1 43.382 3397.62              0.217044 22217.6 -274.105
6.37              -10699.5 39.7969 3397.31              -0.464682 22169.2 -251.906
6.38              -10638.1 38.7499 3391.05              -1.54198 22088.6 -245.219
6.39              -10531.3 34.0046 3448.03              -2.71059 22383.6 -217.181
6.4              -10466.8 38.8193 3353.62              -4.57696 21777.8 -242.98
6.41              -10339.8 31.333 3315.68              -4.38392 21491.3 -198.584
6.42              -10157.6 30.9433 3384.42              -5.04915 21837.1 -195.982
6.43              -9967.36 30.0758 3410.25              -5.9122 21958.8 -191.371
6.44              -9694.48 25.615 3550.06              -5.37214 22730.7 -163.094
6.45              -9463.24 21.5431 3557.04              -5.60624 22711.4 -139.146
6.46              -9181.94 16.9414 3611.53              -5.22819 22970.7 -111.294
6.47              -8886.93 20.0025 3730.04              -5.15232 23604.6 -127.152
6.48              -8631 18.1083 3766.01              -4.545 23745.9 -113.465
6.49              -8310.93 8.8587 3886.55              -5.40962 24405.7 -63.2955
6.5              -7976.5 17.2685 3978.81              -4.51187 24891.5 -110.577
6.51              -7692.23 13.6029 4005.47              -4.19499 24996.9 -87.9747
6.52              -7466.73 6.22919 3966.05              -3.66569 24717.9 -46.002
6.53              -7196.11 11.5653 3880.41              -4.67856 24154.1 -75.8844
6.54              -6923.6 13.1367 3886.92              -5.33466 24137.2 -82.6096
6.55              -6456.97 10.6643 4198.15              -4.53513 25881.7 -68.9119
6.56              -6055.27 10.2553 4366.86              -3.71631 26807.6 -67.0198
6.57              -5711.59 7.26538 4417.57              -3.83989 27043.9 -48.4565
6.58              -5382.55 9.01872 4430.86              -4.02423 27058.7 -58.4267
6.59              -4864.12 5.99301 4752.71              -3.77428 28855.5 -41.3923
6.6              -4467.22 5.5461 4835.24              -4.1239 29261.1 -38.7048
6.61              -4070.1 6.34729 4907.86              -4.59187 29610.3 -42.6371
6.62              -3636.48 10.3269 5054.15              -4.45895 30376.4 -66.0722
6.63              -3252.58 10.0645 5102.31              -3.71463 30584.5 -65.6204
6.64              -2828.11 8.63092 5241.53              -4.57403 31307.7 -56.6201
6.65              -2456.73 12.5716 5244.56              -4.72421 31241.8 -78.1915
6.66              -2001.55 14.4854 5349.81              -4.23325 31776.9 -87.8295
6.67              -1514.02 24.7909 5379.14              -3.66927 31874.6 -146.296
6.68              -816.895 30.3444 5518.82              -0.695652 32598.9 -177.277
6.69              -354.078 27.0912 5276.58              -2.07828 31162.3 -158.76
6.7              271.016 32.9057 5080              -7.26737 29990.6 -197.486
6.71              1099.61 22.7006 5204.66              -8.361 30697 -134.227
6.72              1766.27 16.8453 5116.57              -9.4632 30210.8 -103.564
6.73              2433.33 10.0419 5239.42              -10.1782 30965.7 -67.2236
6.74              3049.91 9.85547 5501.46              -10.4774 32526.2 -68.9626
6.75              3585.07 4.74138 5793.91              -10.638 34257.4 -40.2478
6.76              4078.19 -1.61279 6104.73              -10.0981 36087.8 -0.730694
6.77              4545.59 -8.3486 6415              -8.49067 37904.7 40.4618
6.78              4849.34 -9.6684 6506.25              -5.9733 38470.7 47.5649
6.79              5189.74 -9.51199 6683.19              -2.23447 39516.8 43.9322
6.8              5596.23 -9.31132 6965.11              0.147697 41153.7 39.7374
6.81              5932.81 -8.28627 7179.36              1.06727 42390.6 33.3931
6.82              6169.77 -4.21125 7298.3              1.78446 43050.3 8.89279
6.83              6374.74 -2.923 7418.53              0.819784 43693.8 2.67555
6.84              6553.18 0.451919 7527.88              -2.03782 44257.6 -14.4428
6.85              6700.67 3.1282 7620.89              -3.16983 44712.8 -29.0085
6.86              6808.48 5.69725 7637.45              -4.65472 44730.1 -43.1184
6.87              6914.46 7.72956 7642.93              -5.89487 44679 -53.7726
6.88              7029.66 8.19797 7639.09              -8.05848 44570.1 -54.9229
6.89              7152.87 8.53257 7634.42              -8.59514 44457.9 -56.0637
6.9              7275.89 12.7165 7612.59              -6.61475 44252.5 -82.5465
6.91              7403.94 13.4438 7577.17              -6.34468 43973.1 -87.5285
6.92              7545.23 13.2819 7544.29              -6.78499 43708.4 -86.6893
6.93              7680.22 10.4437 7493.47              -7.42795 43347.8 -71.1813
6.94              7851.86 11.3194 7487.91              -8.89388 43248.2 -73.6836
6.95              7984.2 14.5414 7412.24              -8.27703 42758.1 -91.935
6.96              8122.29 17.4133 7343.71              -9.16859 42310.1 -107.076
6.97              8273.12 18.5784 7290.76              -9.67826 41956.1 -112.17
6.98              8436.77 17.6839 7251.22              -8.47496 41689 -107.395
6.99              8600.7 24.6519 7202.85              -7.51859 41381.4 -143.511
7              8732.36 17.3026 7123.59              -7.91335 40898.8 -106.86
7.01              8915.62 27.7903 7150.25              -6.9864 41018 -163.778
7.02              8989.49 21.0271 6992.91              -6.63476 40083 -123.222
7.03              9129.55 18.6828 6945.73              -6.83779 39787.5 -109.843
7.04              9283.2 18.3024 6937.13              -5.70674 39740.7 -109.731
7.05              9412.18 26.8078 6883.18              -6.67814 39421.8 -148.371
7.06              9482.38 15.558 6846.58              -6.17435 39210.9 -82.8874
7.07              9567.54 13.0991 6801.02              -5.45492 38951.9 -66.1714
7.08              9655.22 10.2103 6775.91              -5.30308 38817.3 -47.8114
7.09              9730.58 7.25578 6755.57              -4.78883 38722.8 -29.7726
7.1              9852.11 5.5248 6780.83              -6.92511 38895.8 -22.4055
7.11              9724.63 6.41472 6618.11              -10.0979 37968.9 -23.94
7.12              9692.61 -7.32251 6428.93              -7.54465 36873.1 47.8003
7.13              9750.76 11.0717 6473.63              -10.7916 37183.7 -42.7071
7.14              9603.43 5.28411 6401.82              -12.526 36799.6 -12.3719
7.15              9466.39 6.90749 6321.76              -13.0557 36375.6 -22.5755
7.16              9355.03 1.54857 6255.04              -16.1811 36028.5 11.2043
7.17              9228.55 1.62501 6193.66              -14.6117 35726 13.4302
7.18              9020.28 -0.78358 6051.92              -19.191 34940.8 25.4452
7.19              8482.75 0.226039 5626.79              -19.0781 32465.8 21.8081
7.2              9044.08 -0.818487 6109.77              -18.2467 35368.6 25.3818
7.21              8446.88 0.864569 5784.01              -20.9755 33506.3 19.4812
7.22              8601.93 -0.471418 6028.24              -20.9772 35015.1 27.9576
7.23              8161.01 4.51772 5786.46              -21.0454 33644.7 -0.540615
7.24              8221.43 -2.37598 5963.09              -18.4019 34768.4 37.8059
7.25              7511.85 -0.318288 5468.6              -19.4466 31880.2 26.1181
7.26              7663.88 -3.82965 5733.87              -18.8262 33528.6 43.436
7.27              7548.51 1.94456 5789.22              -19.1832 33926.4 9.48823
7.28              6986.02 2.62142 5568.88              -19.8681 32688.4 4.11499
7.29              6647.81 2.93397 5514.79              -19.7678 32445.8 1.8658
7.3              6589.51 5.97161 5644.51              -18.6644 33301.9 -16.7745
7.31              6038.66 3.09041 5419.49              -18.2348 32034.6 -2.26198
7.32              5260.77 6.47501 4960.3              -17.7558 29336.3 -21.7469
7.33              5454.73 3.7936 5284.01              -15.1063 31354.7 -11.3417
7.34              5170.75 6.68577 5330.73              -13.9307 31721.4 -27.7141
7.35              4654.65 5.36234 5173.2              -13.1232 30851.5 -20.9097
7.36              4199.88 10.4442 5048.3              -12.6404 30178 -54.0567
7.37              4231 5.38334 5314.36              -8.58935 31869.8 -25.0066
7.38              3603.4 3.17941 5040.75              -8.98137 30300.2 -12.0834
7.39              2916.01 1.56138 4671.1              -7.83678 28129.2 -3.67564
7.4              2661.13 3.27909 4681.31              -6.30187 28268.3 -16.7323
7.41              2375.32 4.11335 4714.66              -5.58723 28555.1 -20.0274
7.42              1935.71 0.604974 4598.13              -4.56508 27927.4 1.24968
7.43              1480.2 -1.43623 4475.01              -3.79898 27260.5 13.3024
7.44              1344.8 1.02908 4584.3              -3.06315 28003.8 -1.94359
7.45              909.144 -6.08848 4476.08              0.154788 27431.9 40.7549
7.46              670.472 -9.09529 4495.16              2.08715 27626.4 59.2022
7.47              81.6582 -3.71645 4207.08              2.99445 25948.9 25.7099
7.48              -103.537 -0.0138446 4305.29              5.27572 26626.6 5.54944
7.49              -577.91 -2.2115 4152.61              7.83193 25782.5 12.8186
7.5              -556.02 -14.2695 4448.16              11.3225 27660.4 77.8447
7.51              -1012.8 -5.87807 4291.78              13.8052 26791.1 26.8767
7.52              -1187.8 -6.33333 4403.88              16.3284 27555 27.6633
7.53              -1698.59 -3.00475 4210.16              17.5581 26462.6 5.10526
7.54              -1953.05 5.52642 4223.35              17.8114 26620.6 -48.3891
7.55              -2071.17 -12.7672 4381.71              15.9639 27663 59.2566
7.56              -2245.69 -17.4357 4473.68              14.5781 28293.7 83.6427
7.57              -2553.33 -6.95906 4443.46              16.6945 28184.4 22.5648
7.58              -2557.4 -0.178396 4686.25              20.6076 29732.7 -17.1085
7.59              -3044.07 6.89161 4415.31              25.4468 28140.5 -58.8218
7.6              -2932.06 14.3783 4798.71              29.353 30537.9 -103.903
7.61              -3388.53 9.43258 4529.57              28.8755 28971.6 -77.5123
7.62              -3126.29 7.9626 5104.55              30.823 32509 -70.7774
7.63              -3714.45 18.5282 4659.45              34.3981 29872.5 -135.675
7.64              -3446.49 30.4187 5255.85              42.2162 33520.6 -205.78
7.65              -3722.36 46.3643 5219.44              47.6668 33350.2 -299.275
7.66              -3735.27 50.4037 5554.68              50.9318 35423 -321.466
7.67              -4077.47 68.7781 5417.96              57.6208 34660.3 -430.518
7.68              -4026.9 84.3747 5874.98              66.8216 37453.9 -523.547
7.69              -4200.49 98.3244 6047.84              71.1483 38542.2 -605.947
7.7              -4286.37 106.693 6399.39              71.9947 40688.7 -654.836
7.71              -4515.63 103.254 6467.59              69.7913 41135.1 -634.196
7.72              -4686.23 82.7464 6688.33              67.7881 42491.4 -511.921
7.73              -4915.55 62.0098 6739.91              63.3721 42829.5 -388.765
7.74              -5200.18 35.2027 6699.42              56.0856 42616.9 -228.786
7.75              -5437.75 7.72475 6701.61              47.2588 42660.6 -65.1129
7.76              -5675.05 -23.559 6749.18              33.6952 42942.6 122.394
7.77              -5928.45 -45.5649 6763.27              13.77 43014.3 261.033
7.78              -6207.61 -82.6387 6727.42              -11.9697 42796.2 482.165
7.79              -6498.23 -98.0353 6556.92              -29.1795 41769.6 580.121
7.8              -6787.46 -105.074 6448.51              -39.5456 41100.6 624.736
7.81              -7104.53 -115.976 6269.54              -52.801 39999 694.725
7.82              -7444.63 -112.814 6027.13              -58.4177 38517.5 678.892
7.83              -7748.24 -89.3575 5841.6              -47.5082 37365.3 537.103
7.84              -8073.93 -69.477 5579.07              -32.8539 35758.1 414.957
7.85              -8315.59 -43.9976 5400.95              -21.0255 34656 259.735
7.86              -8618.57 -38.3413 5239.38              -10.3004 33651.3 221.058
7.87              -8907.14 -26.8946 5113.51              -5.76831 32848 152.516
7.88              -9173.84 -9.3604 4904.06              7.37518 31549.5 41.047
7.89              -9376.89 3.54866 4816.02              15.7948 30947 -39.1947
7.9              -9657.32 0.889741 4544.13              11.4966 29313.1 -22.0926
7.91              -9876.4 -2.90342 4396.89              9.28508 28403.6 2.82413
7.92              -10052.8 -6.97352 4230.85              6.58243 27368.5 29.4448
7.93              -10252.7 -18.0605 4119.21              4.34595 26673.7 97.1837
7.94              -10351.1 -19.7544 3969.99              2.71514 25744.9 108.666
7.95              -10491.2 -17.25 3863.57              2.19558 25058.5 96.7329
7.96              -10591.8 -22.8717 3749.29              3.66237 24322.4 132.03
7.97              -10616.3 -32.7745 3711.86              3.78417 24062.3 185.772
7.98              -10603.2 -25.1638 3646.82              6.14064 23631.2 140.671
7.99              -10558.7 -28.1158 3605.33              7.54952 23337.5 157.974
8              -10487.4 -34.6369 3607.56              8.67357 23295.9 195.946
8.01              -10373.1 -32.1373 3562.23              9.37076 22979.4 180.925
8.02              -10223.3 -26.4675 3580.86              9.66919 23017.9 149.515
8.03              -10056.5 -28.7851 3547.33              11.1807 22738.1 164.201
8.04              -9885.11 -26.7145 3541.97              9.08901 22662.3 146.281
8.05              -9593.06 -30.5242 3664.47              11.2405 23332.9 170.701
8.06              -9323.2 -27.8241 3715.47              11.5185 23572.7 154.383
8.07              -9076.55 -36.1133 3773.61              11.7524 23859.4 201.976
8.08              -8815.54 -21.101 3862.94              11.311 24335.6 116.045
8.09              -8591.96 -30.8152 3875.38              10.9336 24357.5 172.497
8.1              -8344.26 -24.1793 3975.31              10.7107 24896.5 133.233
8.11              -8100.97 -15.3819 3978.5              9.77765 24895.6 80.2816
8.12              -7789.07 -22.2051 4046.02              10.283 25245.4 121.76
8.13              -7515.71 -23.045 4077.78              10.5266 25384.1 125.75
8.14              -7115.41 -27.0484 4209.02              9.82021 26078.8 148.979
8.15              -6735.82 -14.6536 4328.94              9.02047 26711.1 79.2803
8.16              -6418.15 -21.8509 4366.01              7.83171 26864.7 121.375
8.17              -6086.09 -22.7934 4405.66              7.15411 27051.2 125.261
8.18              -5697.02 -15.3524 4501.34              6.41295 27547.2 82.4048
8.19              -5300.02 -17.9773 4607.14              6.33487 28101.5 98.4175
8.2              -4872.66 -18.6895 4783.55              6.47962 29066.9 102.512
8.21              -4434.93 -19.5897 4930.36              5.96751 29854.4 107.753
8.22              -3976.13 -18.8228 5141.52              5.20045 31015.6 104.258
8.23              -3589.76 -18.4582 5250.48              4.46494 31587.4 102.414
8.24              -3129.03 -22.2216 5446.61              3.88651 32671 124.185
8.25              -2593.94 -25.7738 5849.77              5.03929 34934.8 145.571
8.26              -2254.05 -25.1634 5898.67              3.52387 35159.3 142.582
8.27              -1909.15 -28.1938 5914.52              3.06385 35191.9 163.036
8.28              -1508.92 -28.7102 5989.65              3.06065 35562.3 167.138
8.29              -976.748 -28.4871 6223.67              3.9395 36835.3 166.253
8.3              -561.105 -40.6101 6252.73              6.76712 36924.7 238.647
8.31              -137.223 -51.1461 6247.32              9.40003 36807 302.565
8.32              378.584 -73.3897 6202.97              16.184 36443.3 443.523
8.33              981.261 -95.9452 6040.31              26.8904 35408.4 591.251
8.34              1565.08 -119.868 5556.27              36.2965 32582.6 753.257
8.35              2487.76 -109.349 5499.44              39.227 32265.7 706.758
8.36              3300.07 -69.2783 5521.59              26.7163 32456.2 470.211
8.37              4011.15 -5.08891 5719.83              5.96869 33667.2 68.1139
8.38              4534.48 45.9119 5929.07              -12.7338 34941.2 -265.493
8.39              5001.46 66.0747 6269.77              -22.8134 36947.4 -402.854
8.4              5231.6 52.2845 6369.12              -23.6245 37574.1 -314.394
8.41              5678.91 38.2602 6745.4              -27.9032 39763.8 -216.842
8.42              6066.35 27.5684 7009.87              -34.3674 41326 -138.732
8.43              6435.42 21.0515 7255.66              -38.1947 42776.7 -92.2515
8.44              6818.7 16.4108 7526.42              -29.8726 44353.9 -74.2192
8.45              7164.3 17.523 7783.57              -14.9577 45820.2 -102.925
8.46              7358.02 23.9515 7875.66              -4.46082 46320.5 -157.631
8.47              7560.33 33.0104 8014.19              0.670931 47046.9 -218.975
8.48              7697.45 40.3714 8067.96              2.72539 47275.5 -264.604
8.49              7804.83 45.3593 8066.55              2.61559 47178.3 -293.655
8.5              7908.75 50.6083 8066.45              2.68511 47082.8 -323.461
8.51              7992.73 50.4899 8020.46              3.36753 46729.2 -318.877
8.52              8076.95 53.527 7958.47              2.70296 46289.2 -334.342
8.53              8170.32 53.4823 7881.25              1.54206 45769.7 -330.825
8.54              8309.63 49.4521 7851.37              -0.309111 45517.1 -302.846
8.55              8487.84 45.4847 7861.46              -1.51697 45491.8 -276.559
8.56              8623.51 46.0851 7803.6              -3.88082 45092.9 -276.675
8.57              8748.74 47.5706 7724.84              -5.07677 44590.4 -283.749
8.58              8876.7 43.2656 7647.83              -5.18646 44094.5 -256.171
8.59              9020.73 35.1096 7602.61              -6.22557 43795.9 -205.602
8.6              9166.13 36.9285 7547.38              -7.27438 43443.7 -212.172
8.61              9277.85 36.694 7471.08              -8.27828 42980.5 -209.802
8.62              9374.09 31.437 7383.4              -10.8648 42456.2 -179.296
8.63              9510.6 35.6529 7360              -11.2425 42294.6 -199.473
8.64              9599 29.6659 7247.08              -10.2355 41599.8 -162.173
8.65              9756.82 22.3436 7243.96              -9.96864 41573.7 -122.74
8.66              9868.92 30.756 7205.16              -11.8189 41352 -162.585
8.67              9890.67 28.6516 7150.53              -12.3614 41027.6 -151.347
8.68              9965.01 20.9993 7109.6              -12.7671 40785.9 -104.089
8.69              9943.64 23.1984 6991.55              -12.3478 40113.9 -117.682
8.7              9940.41 21.0516 6943.56              -12.3944 39855.7 -104.582
8.71              10064.3 18.3464 6973.6              -11.9055 40033.3 -90.298
8.72              10018.6 19.0554 6889.46              -12.1228 39550.2 -92.5601
8.73              9761.27 19.2205 6587.84              -12.427 37816.2 -94.446
8.74              9841.02 17.342 6597.86              -11.1061 37888.6 -85.2486
8.75              9980.61 21.8338 6739.36              -11.2366 38750.7 -97.375
8.76              9667.54 15.9932 6546.22              -10.7874 37668.7 -68.6275
8.77              9590.53 17.5671 6517.36              -11.0093 37539.6 -78.5192
8.78              9393.8 17.8194 6375.39              -10.3444 36757.3 -80.1264
8.79              9204.71 20.9744 6275.52              -12.5581 36222.6 -105.223
8.8              8585.21 25.0214 5791.38              -13.668 33407.9 -130.449
8.81              8627.42 23.2033 5843.97              -11.7479 33757 -126.142
8.82              8756.13 29.728 6078.32              -11.2093 35201.7 -160.71
8.83              8213.24 33.0705 5795.7              -11.6769 33590.4 -182.05
8.84              8118.97 31.7642 5845              -10.1673 33946.9 -173.464
8.85              8044.68 20.7816 5939.05              -5.29775 34581.1 -108.314
8.86              7746.93 13.3967 5806.76              -5.62719 33859.8 -64.2249
8.87              6986.4 11.8392 5339.79              -5.1973 31137.7 -51.5111
8.88              7410.14 -0.113243 5770.59              -2.84341 33778.7 16.9955
8.89              6916.16 -0.28134 5635.69              -3.28895 33056.6 21.535
8.9              6634.56 2.92392 5616.59              -3.42417 33021.2 1.47825
8.91              6358.16 10.9685 5588.09              -3.29284 32927.8 -49.1415
8.92              6111.99 3.83542 5604.24              -2.32611 33117.4 -6.93177
8.93              5353.73 0.156692 5155.48              -2.44406 30488.4 15.7033
8.94              5416.09 -17.5806 5392.97              -0.0198208 31993.3 116.474
8.95              5244.66 -12.3545 5481.11              0.427999 32605.6 90.2138
8.96              4560.06 -20.6496 5219.17              1.31321 31113.4 134.733
8.97              4238.72 -21.6448 5198.03              1.75732 31067.4 138.583
8.98              3982.58 -18.5196 5239.27              1.57243 31407.2 116.681
8.99              3528.76 -21.6426 5103.29              2.90583 30679.9 133.865
9              2958.17 -28.3563 4814.91              3.10267 29000.4 177.22
9.01              2709.84 -35.6797 4852.15              4.07835 29311 223.778
9.02              2268.16 -37.0757 4735.12              3.5237 28687.3 230.77
9.03              1896.9 -33.9834 4672.67              2.51476 28392.2 212.809
9.04              1538.93 -32.7494 4625.11              1.84345 28191.6 204.491
9.05              1090.88 -17.8347 4483.52              -0.455425 27419.4 113.294
9.06              1389.51 -23.7019 4989.97              -0.174959 30585.6 147.332
9.07              662.894 -10.0493 4630.54              -1.63616 28489.7 64.5698
9.08              541.92 -13.948 4717.51              -1.25246 29097.8 87.2547
9.09              66.6621 8.80634 4590.74              -3.27249 28410.9 -45.7932
9.1              -355.464 11.896 4452.34              -3.83023 27654.8 -69.7149
9.11              -261.332 3.29912 4839.04              -3.74013 30092.8 -24.7434
9.12              -799.18 21.8913 4613.11              -4.35167 28809.1 -132.165
9.13              -970.524 29.0216 4722.52              -2.72739 29562.1 -174.033
9.14              -1478.15 32.2556 4516.26              -2.03106 28391.4 -191.261
9.15              -1691.03 38.1738 4571.41              -0.97354 28808.6 -225.265
9.16              -1687.63 47.914 4811.1              -0.890746 30334.3 -283.798
9.17              -2079.06 38.0855 4705.69              -1.0941 29771.7 -225.417
9.18              -2130.89 34.9144 4917.33              -3.48041 31124.9 -202.881
9.19              -2397.47 27.041 4877.45              -8.47809 30967.2 -156.531
9.2              -2619.37 17.748 4858.44              -8.85867 30904.4 -96.9765
9.21              -2774.77 33.7873 4952.7              -8.89258 31546.3 -191.148
9.22              -3065.83 35.1352 4853.93              -9.56789 30997.1 -197.448
9.23              -3061.26 48.3596 5133.36              -8.69098 32730.3 -275.739
9.24              -3231.72 37.7483 5183.8              -10.1195 33066.4 -212.746
9.25              -3335.82 34.0235 5324.85              -10.0757 33945.7 -189.386
9.26              -3491.93 48.2467 5410.81              -8.80452 34487 -274.893
9.27              -3741.66 50.0969 5353.61              -9.08021 34168.5 -287.495
9.28              -3851.47 45.3198 5494.57              -10.8632 35041.7 -260.958
9.29              -3987.32 42.3485 5616.58              -12.7532 35801.7 -246.557
9.3              -4156.79 32.5359 5704.77              -15.1277 36356.5 -189.952
9.31              -4274.49 28.2543 5898.32              -15.2096 37538.9 -165.063
9.32              -4515.5 22.8795 5895.26              -16.7641 37548.4 -131.654
9.33              -4741.92 28.9188 5901.24              -16.2383 37616.5 -168.251
9.34              -4907.15 14.1667 6016.69              -15.6773 38338.6 -78.9016
9.35              -5079.19 23.5898 6289.36              -9.38379 39982.9 -135.025
9.36              -5323.79 33.8447 6370.13              -2.52211 40478.5 -198.859
9.37              -5499.88 41.6602 6589.96              1.23488 41794.6 -249.018
9.38              -5815.04 32.2006 6519.54              3.64528 41379.7 -196.177
9.39              -6107.28 32.4962 6462.96              5.86206 41043.8 -199.757
9.4              -6418.89 19.1315 6360.7              7.54694 40445.1 -126.553
9.41              -6722.06 20.2991 6234.46              10.5046 39718.9 -136.37
9.42              -6977.78 17.447 6242.31              7.887 39765 -118.98
9.43              -7266.01 -5.23152 6114.76              6.21323 39008.9 14.4739
9.44              -7546.9 -63.0147 6010.17              5.99853 38371.2 357.587
9.45              -7858.79 -137.128 5780.6              6.45925 36969.6 797.659
9.46              -8141.52 -179.988 5534.89              7.83712 35472.1 1053
9.47              -8475.77 -182.457 5288.38              10.9329 33937.8 1066.62
9.48              -8751.37 -136.831 5098.48              11.6783 32725.9 797.616
9.49              -9035.43 -105.641 4850.94              12.5174 31179.3 612.318
9.5              -9284.49 -96.1287 4717.58              15.4743 30290.2 557.389
9.51              -9552.3 -93.9093 4341.89              16.898 28014 542.501
9.52              -9690.79 -86.5355 4310.42              17.9075 27768.2 500.955
9.53              -9880.98 -69.0126 4073.88              18.9886 26313.6 397.724
9.54              -10029 -53.7823 3932.8              19.8325 25420.1 306.971
9.55              -10152.3 -41.1035 3738.1              19.8764 24223.1 232.626
9.56              -10269 -33.4846 3666.4              19.2346 23742.3 189.819
9.57              -10353.5 -32.7736 3573.38              18.784 23144.1 185.136
9.58              -10374.2 -29.0976 3631.65              18.872 23434.3 163.932
9.59              -10387 -23.3123 3520.29              17.2085 22744.3 128.303
9.6              -10331.2 -22.6762 3552.02              15.5273 22892.6 125.935
9.61              -10277.6 -21.2305 3554.71              13.8759 22866.5 117.777
9.62              -10165.2 -15.1748 3529.88              11.6017 22676.1 82.1442
9.63              -10117.8 -5.07618 3438              9.36329 22085.4 23.7895
9.64              -9987.41 -10.0228 3417.18              7.92722 21910.1 53.2885
9.65              -9799.19 -4.50607 3518.36              5.62091 22449 20.0751
9.66              -9564.76 4.30851 3617.34              3.602 23003 -32.1959
9.67              -9315.76 1.09114 3689.86              3.17433 23381.7 -11.9411
9.68              -9101.91 -3.7924 3720.4              2.04209 23511.2 15.8296
9.69              -8806.02 1.16301 3817.21              -0.280658 24033.2 -12.1452
9.7              -8551.51 6.45176 3938.25              0.187472 24692.5 -39.745
9.71              -8280.51 9.25754 4009.13              0.238816 25043.2 -54.8964
9.72              -8031.09 5.24834 4017.05              -2.99336 25046.3 -36.5141
9.73              -7663.07 0.823425 4200.45              -1.36457 26083.6 -6.80441
9.74              -7363.57 3.55511 4218.08              -1.35036 26132.6 -22.1538
9.75              -7130.68 -7.58169 4161.44              -1.10613 25751.8 41.1146
9.76              -6803.97 9.24067 4201.15              -2.55523 25925.3 -52.4978
9.77              -6460.39 -5.06506 4266.94              -2.31889 26240.5 29.9519
9.78              -5987.07 1.14254 4592.22              -3.21582 28072.1 -5.98626
9.79              -5716.77 5.95859 4490.48              -4.27248 27435.7 -34.7958
9.8              -5376.69 -0.289257 4534.7              -3.6413 27644.8 2.77112
9.81              -5040.8 1.47396 4575.68              -3.80317 27828.8 -7.26633
9.82              -4588.88 -5.0314 4809.71              -3.09201 29120.2 29.3185
9.83              -4096.72 -5.29954 5045.79              -3.06617 30424 31.9399
9.84              -3643.73 -1.20907 5264.4              -3.23075 31630 10.0834
9.85              -3257.7 -2.16616 5324.38              -4.01252 31912 14.4297
9.86              -2747.97 -3.88469 5610.64              -1.94957 33495.1 25.0419
9.87              -2413.98 -0.894923 5592.06              -2.80883 33317 6.35185
9.88              -2055.06 1.34674 5621.91              -4.14299 33420.4 -6.60609
9.89              -1752.41 5.01219 5550.24              -5.18473 32938.7 -28.9648
9.9              -1205.43 16.6345 5871.46              -7.32615 34714.4 -100.008
9.91              -803.262 33.415 5916.23              -11.9744 34901.3 -204.557
9.92              -283.121 69.5762 6103.9              -21.671 35909.5 -428.15
9.93              173.128 103.449 6120.73              -32.5342 35937.8 -641.644
9.94              661.832 133.391 6037.19              -44.0613 35395.5 -838.146
9.95              1184.63 98.3104 5752.59              -43.1971 33713.6 -645.919
9.96              1843.54 36.1463 5540.51              -26.0292 32471.7 -273.537
9.97              2629.86 -41.9245 5473.68              -0.949725 32106.2 214.125
9.98              3424.16 -94.6391 5546.35              21.2343 32584.1 553.545
9.99              4170.32 -103.392 5727.5              30.2337 33714.8 625.372
10              4783.64 -88.6762 5997.16              30.0237 35347.9 540.928
10.01              5157.75 -75.1169 6144.87              27.5007 36276.9 462.423
10.02              5531.37 -54.9608 6456.32              23.6374 38105.4 335.091
10.03              5886.63 -37.9081 6755.22              17.6586 39850.7 228.992
10.04              6209.44 -25.7393 7007.22              15.5467 41317.9 152.042
10.05              6589.55 -19.9821 7319.03              13.9531 43127.3 117.212
10.06              6948.59 -15.1781 7591.67              12.1735 44705.6 87.8848
10.07              7208.51 -14.295 7741.59              9.71975 45566.5 85.386
10.08              7437 -13.0728 7899.77              8.86419 46434.1 78.9138
10.09              7584.48 -9.16594 7979.14              9.17841 46827.5 54.5715
10.1              7717.92 -5.9986 8020.6              8.82958 46987.4 36.1417
10.11              7793.48 -4.27841 7997.52              8.35712 46768.9 26.9942
10.12              7865.1 -5.03346 7962.96              6.47416 46483.9 34.819
10.13              7924.99 -6.15926 7898.43              5.5713 46026.1 41.9102
10.14              7995.8 -6.445 7814.4              4.51844 45464.1 44.442
10.15              8111.9 -5.73482 7775.57              3.33166 45161.8 41.1199
10.16              8241.62 -6.66533 7702.24              2.78759 44664.3 46.1565
10.17              8393.86 -3.8167 7710.04              2.06821 44644.6 29.9224
10.18              8542.77 -1.06766 7614.37              1.01791 44028.8 14.4233
10.19              8629.81 -0.0246909 7559.71              1.10388 43673.8 7.94423
10.2              8817.9 2.51739 7452.96              -0.199672 42991.6 -7.17494
10.21              8852.03 4.16215 7388.32              -0.140742 42615.9 -17.1856
10.22              9092.51 7.9275 7326.55              0.0923281 42187.8 -40.3678
10.23              9065.51 1.14238 7241.54              -0.24513 41715 -4.12755
10.24              9347.28 11.4668 7230.72              -0.173544 41578.2 -62.3654
10.25              9331.85 10.4412 7137.74              0.104685 41042.4 -58.2865
10.26              9592.04 6.99727 7098.57              0.865271 40765.9 -43.8873
10.27              9516.22 12.3528 7005.59              0.745576 40268.2 -73.1682
10.28              9812.37 17.8406 7002.04              0.751232 40187.6 -100.95
10.29              9697.1 16.798 6947.65              0.731471 39913.7 -99.1788
10.3              9784.57 20.4018 6876.2              1.07371 39484 -121.707
10.31              9754.46 19.0616 6787.68              0.767418 38987.9 -112.93
10.32              9753.02 23.3612 6720.47              2.06341 38618.4 -137.032
10.33              9782.84 17.0186 6679.55              0.396077 38384.2 -103.205
10.34              9582.99 23.3207 6404.41              -0.408526 36784.8 -140.331
10.35              9810.33 17.8674 6563.8              1.38461 37728.3 -121.349
10.36              9874.92 32.3542 6602.64              1.60838 37986.4 -195.109
10.37              9664.46 22.7367 6489.16              4.61198 37353.8 -149.574
10.38              9447.43 22.3459 6362.83              7.18768 36659.1 -150.86
10.39              9389.9 19.9603 6330.21              7.31096 36502.5 -136.48
10.4              9250.48 18.4235 6280.58              7.65174 36276.1 -129.228
10.41              8624.11 36.2689 5858.13              5.68857 33822.1 -232.646
10.42              8545.65 26.9478 5730.36              8.63393 33095.3 -189.602
10.43              8595.98 47.9827 5887.42              10.0475 34081.5 -304.965
10.44              8440.12 45.973 5925.61              12.0937 34362.5 -300.585
10.45              7682.83 50.431 5474.67              11.9999 31749.2 -328.108
10.46              7883.49 53.247 5732.35              12.3932 33335.3 -345.252
10.47              7314.08 55.9325 5423.8              12.4971 31573.5 -363.344
10.48              7096.49 58.509 5327.41              11.4854 31045.8 -373.458
10.49              6864.28 57.1515 5285.57              11.4007 30865.9 -372.985
10.5              7145.94 56.5555 5696.22              11.2196 33393.2 -365.807
10.51              6285.35 61.5606 5236.97              8.079 30720.2 -393.026
10.52              6331.99 65.6868 5440.15              6.57639 32012.6 -415.35
10.53              5974.57 60.4728 5364.99              6.59889 31641.2 -381.301
10.54              5774.28 56.1056 5383.61              3.01448 31834 -350.973
10.55              4878.83 54.1648 4834.24              0.787836 28590.8 -334.208
10.56              5323.68 50.288 5340.04              -0.551445 31714.1 -308.728
10.57              4645.79 49.0911 5093.9              -2.87053 30316.5 -296.497
10.58              4415.89 43.4302 5150.84              -4.44801 30742.6 -258.043
10.59              3987.55 42.5139 5026.21              -7.04357 30070.4 -247.56
10.6              3953.74 32.8177 5233.46              -6.51879 31418 -186.917
10.61              3231.13 32.4354 4886.01              -8.87868 29391.8 -179.564
10.62              2712.25 27.2095 4640.69              -10.1059 27978.1 -144.98
10.63              2339.69 27.4725 4549.08              -10.8616 27502.1 -144.869
10.64              2136.01 22.247 4663.36              -11.6371 28284.2 -110.621
10.65              1681.75 20.7722 4548.29              -12.4807 27672.1 -98.3854
10.66              1282.74 17.4498 4476.6              -13.0374 27322.3 -76.4699
10.67              1183.19 18.7771 4623              -13.951 28292.9 -84.0383
10.68              770.4 14.6458 4547.8              -12.793 27922.6 -59.6961
10.69              386.522 8.37189 4437.58              -11.8044 27332.8 -22.2175
10.7              -13.1594 17.2785 4348.51              -11.4576 26871.3 -73.7104
10.71              -387.481 13.6688 4281.34              -9.89364 26547.7 -55.9854
10.72              -538.155 4.39547 4429.77              -7.59634 27536.8 -6.34598
10.73              -818.049 9.37049 4450.94              -4.22701 27765.6 -35.0856
10.74              -1060.44 12.8938 4489.95              -1.0521 28099.2 -58.6366
10.75              -1468.84 8.23043 4392.49              -0.670877 27600.5 -33.8203
10.76              -1751.52 5.78132 4396.75              0.185699 27713.9 -22.9295
10.77              -1960.08 8.95643 4444.47              -1.54025 28081.1 -46.4917
10.78              -1921.67 -5.40929 4778.36              -1.86964 30188 38.4706
10.79              -2299.56 -6.17561 4669.62              -3.35492 29603.5 42.6397
10.8              -2452.05 -3.07658 4800.85              -4.21107 30464.9 23.6985
10.81              -2746.7 -14.1127 4705.47              -5.48071 29947.3 88.3989
10.82              -2974.1 -10.7699 4728.19              -6.25937 30144.5 66.0129
10.83              -3148.61 -15.7375 4764.94              -8.56665 30412.7 95.1605
10.84              -3408.65 -19.7924 4715.35              -10.5755 30160.8 118.569
10.85              -3367.17 -14.2866 5017.25              -8.75249 32021.2 83.317
10.86              -3621.58 -12.9705 4933.71              -5.39393 31544.3 71.6677
10.87              -3663.8 -9.31806 5133.51              1.14888 32772.8 45.5085
10.88              -3906.15 -2.59879 5069.58              8.24178 32405.7 -0.00777662
10.89              -3983.94 -3.50794 5238.88              13.8724 33446.5 3.69209
10.9              -4176.4 -3.98964 5253.69              19.2455 33560.5 6.07544
10.91              -4273.6 5.65366 5437.21              28.6946 34687.6 -53.2227
10.92              -4314.55 13.45 5757.07              38.768 36620.8 -100.706
10.93              -4527.56 11.4116 5804.16              44.949 36918.5 -85.7182
10.94              -4602.82 -0.950131 6152.57              49.195 39019.7 -6.83104
10.95              -4826.46 -17.4179 6195.3              47.7064 39299.8 96.2229
10.96              -5071.88 -22.1862 6229.41              45.4728 39535.7 132.05
10.97              -5317.99 -30.5934 6259.79              38.8454 39742.4 190.332
10.98              -5567.64 -38.2714 6271.41              31.4682 39855.9 243.308
10.99              -5812.03 -49.5695 6317.08              26.6646 40142.4 316.497
11              -6060.94 -48.3576 6343.51              19.2646 40316.3 317.289
11.01              -6289.67 -72.3195 6379.57              7.59931 40550.2 458.036
11.02              -6530.56 -80.8095 6291.52              -4.45142 40040.2 514.575
11.03              -6749.89 -85.9872 6307.65              -16.3612 40135 550.355
11.04              -7011 -91.2915 6207.44              -26.4416 39528.7 585.424
11.05              -7265 -99.3763 6097.03              -38.0234 38850 636.185
11.06              -7543.55 -112.249 5960.8              -52.1036 38015.7 715.898
11.07              -7849.54 -131.379 5676.74              -68.2882 36275.4 833.931
11.08              -8144.65 -129.515 5420.93              -74.0263 34700.2 822.267
11.09              -8498.94 -116.914 5151.82              -65.7866 33014.1 740.956
11.1              -8837.07 -111.729 4836.9              -57.1658 31071.2 704.289
11.11              -9139.88 -52.4581 4657.55              -20.0989 29919.2 332.299
11.12              -9410.64 -11.9354 4406.49              14.7449 28370.4 60.035
11.13              -9647.23 31.4919 4237.56              35.4234 27322.1 -214.91
11.14              -9868.47 48.5491 4053.01              39.1096 26187.5 -325.654
11.15              -10065.6 62.8387 3889.34              42.2377 25176.2 -417.865
11.16              -10268.9 57.3109 3726.15              37.6767 24176.5 -385.958
11.17              -10428.6 46.7575 3611.82              24.6592 23458 -314.817
11.18              -10543.3 25.9573 3490.86              14.7688 22699.7 -184.099
11.19              -10588.5 27.5406 3518.74              11.7367 22808.8 -188.603
11.2              -10642.7 14.553 3441.96              5.31969 22318.2 -112.815
11.21              -10630 6.56081 3477.77              2.36809 22511.3 -59.5149
11.22              -10570.5 2.72904 3459.19              -0.800075 22357.9 -34.1768
11.23              -10509.7 -3.69037 3482.62              -1.1857 22466.6 4.12201
11.24              -10467 7.1393 3419.86              -3.4349 22058 -56.6816
11.25              -10400.1 -2.91916 3375.1              -3.06862 21766.7 3.16392
11.26              -10219.9 3.71002 3526.14              -4.98314 22596.4 -35.871
11.27              -10049.6 7.84201 3534.88              -5.30753 22633.3 -60.6203
11.28              -9794.22 0.876429 3720.41              -4.45042 23697.3 -18.0006
11.29              -9589.21 -0.376587 3752.46              -3.52983 23844.6 -11.0074
11.3              -9334.74 -3.69174 3790.95              -4.12245 24023.7 9.69369
11.31              -9139.05 9.00268 3907.46              -3.53586 24686.7 -63.1918
11.32              -9002.02 -2.33186 4008.5              -3.9546 25286.6 3.98944
11.33              -8816.36 1.4393 4146.67              -3.43663 26082.5 -18.4589
11.34              -8537.12 9.39687 4287.87              -4.16311 26906.9 -65.1915
11.35              -8230.88 1.32749 4378.16              -2.65754 27399.7 -15.6564
11.36              -7922.33 -7.72361 4444.63              -1.0987 27734 35.942
11.37              -7489.49 2.2882 4528.2              -1.83037 28142.8 -20.593
11.38              -7113.12 12.5078 4606.04              -1.44955 28520.4 -76.9196
11.39              -6652.55 -2.85219 4768.07              -0.443186 29370.4 12.8634
11.4              -6370.33 3.37922 4681.05              -2.41074 28812.1 -25.5129
11.41              -6011.62 -2.45787 4817.84              -1.20114 29573.9 10.2361
11.42              -5738.21 -0.5139 4960.99              -0.999202 30395.4 -0.439125
11.43              -5360.18 -8.63556 5181.73              0.0084078 31634.7 45.5268
11.44              -5025.24 -4.09041 5296.09              0.0346445 32261.4 21.4238
11.45              -4702.7 -3.26382 5585.3              0.332393 33930.2 18.6963
11.46              -4393.88 -5.15366 5790.01              -0.0351381 35096.1 29.2038
11.47              -4058.27 -9.65995 6072.82              1.02969 36733.3 54.4235
11.48              -3629.8 -7.88365 6279.7              2.89989 37861.6 44.5979
11.49              -3195.15 -12.3481 6266.7              3.07857 37670.1 71.6079
11.5              -2806.05 -13.0891 6188.37              3.44742 37106.6 76.3437
11.51              -2265.58 -13.8946 6248.97              3.72828 37314.8 80.2305
11.52              -1630.49 -13.9375 6367.3              3.88837 37831.3 80.6777
11.53              -1013.09 -16.5344 6494.05              3.37817 38410.4 95.5319
11.54              -534.419 -15.96 6406.36              2.27417 37760.3 93.2122
11.55              58.5901 -7.18241 6472.94              -0.79111 38003.2 40.1481
11.56              672.592 -4.46689 6421.44              -3.60174 37560.8 17.7595
11.57              1143.24 1.84133 5918.82              -7.76135 34573.9 -27.4954
11.58              1918.82 6.2669 5723.75              -10.5321 33391.7 -62.6656
11.59              2761.23 8.04664 5558.14              -9.89797 32463.1 -82.6439
11.6              3605.51 9.04631 5501.98              -5.58639 32235.2 -94.0856
11.61              4412.46 2.80147 5675.31              -0.0067822 33359.4 -55.8386
11.62              5041.73 -12.6733 5918.69              7.4233 34874.9 46.3976
11.63              5531.36 -23.0896 6196.95              12.8641 36560.5 115.449
11.64              5968.06 -33.9718 6552.41              16.5032 38646.7 190.055
11.65              6359.33 -36.928 6900.46              17.4083 40660.7 213.091
11.66              6717.24 -38.9954 7181.83              18.1233 42284.7 227.919
11.67              7047.62 -36.7681 7453.43              16.6586 43838.2 216.977
11.68              7323.16 -33.5264 7629.52              15.5382 44846.1 196.739
11.69              7611.31 -25.9048 7831.25              10.9711 45989.6 153.284
11.7              7816.62 -21.4767 7945.46              4.83281 46609.9 133.747
11.71              8001.03 -19.6404 8038.76              -0.793139 47080.6 129.977
11.72              8124.84 -18.8749 8057.59              -4.0948 47112.2 128.506
11.73              8213.2 -18.0033 8026.83              -6.45287 46857.9 125.147
11.74              8328.72 -15.1245 8029.52              -7.06142 46786.4 107.611
11.75              8408.18 -11.0865 7956.79              -7.66516 46292.3 82.0255
11.76              8526.26 -4.85303 7940.26              -8.30734 46120.8 43.2845
11.77              8648.25 0.242464 7891.77              -8.63863 45768.7 10.9831
11.78              8817.98 4.20243 7892.31              -8.87206 45690.8 -13.3013
11.79              8917.27 8.83773 7775.85              -9.4566 44967.3 -41.8095
11.8              9037.67 12.2384 7693.39              -9.27389 44439.7 -62.6232
11.81              9168.84 16.6794 7619.15              -9.06844 43961.1 -89.9655
11.82              9300.98 18.7796 7546.13              -9.06616 43498.6 -103.723
11.83              9430.81 23.9158 7475.86              -8.80515 43057.5 -134.35
11.84              9532.63 25.7356 7379.97              -9.33683 42476.2 -146.52
11.85              9629.73 28.9901 7317.42              -10.076 42084.1 -163.94
11.86              9740.53 29.7362 7256.58              -10.4772 41703.5 -167.435
11.87              9797.93 25.54 7138.62              -9.56076 40984 -141.162
11.88              10059.1 21.3596 7245.22              -7.91277 41571.3 -122.246
11.89              10169.2 27.4354 7228.23              -9.48501 41467.3 -149.638
11.9              10129 29.1264 7121.39              -11.0598 40852 -160.763
11.91              10174.3 34.1621 7062.15              -12.4242 40507 -191.281
11.92              10202.7 37.4858 7015.88              -13.9325 40239.9 -211.996
11.93              10183.6 37.7782 6940.78              -15.142 39817.6 -212.935
11.94              10133.2 36.2692 6862.57              -15.7497 39384 -206.27
11.95              10042 42.8346 6746.15              -16.3772 38719.6 -244.392
11.96              10019.4 36.8434 6636.41              -15.9972 38077.1 -211.648
11.97              10052.1 38.3599 6655.2              -15.7533 38214.1 -223.204
11.98              10255.2 43.5315 6850.08              -16.0739 39376.4 -243.833
11.99              9830.33 37.1928 6579.46              -15.4109 37845.9 -212.069
12              9804.48 35.0976 6588.18              -15.8603 37928.7 -199.652
12.01              9644.37 40.4878 6521.77              -14.8787 37596.6 -230.388
12.02              9435.24 41.3319 6425.73              -18.921 37085.6 -236.565
12.03              8832.02 34.0497 5917.2              -19.9958 34116.8 -195.122
12.04              8852.9 36.618 6029.02              -19.1685 34837.6 -210.559
12.05              9094.16 43.2409 6321.51              -19.8915 36623.3 -241.939
12.06              8267.72 39.4363 5826.16              -21.2529 33753.3 -222.355
12.07              8277.9 39.8427 5954.81              -21.9279 34581.4 -225.287
12.08              7971.61 39.1001 5868.1              -21.3717 34150.7 -223.666
12.09              7474 39.5156 5614.76              -22.4893 32701.4 -223.01
12.1              7133.26 33.9842 5410.16              -21.7138 31540.5 -193.326
12.11              7639.83 31.3093 5966.54              -19.8269 34939.8 -178.045
12.12              6802.03 32.5663 5549.33              -19.7215 32532.9 -184.566
12.13              6594.86 25.9503 5577.02              -18.6559 32779.7 -143.173
12.14              6228.84 28.46 5479.38              -18.5457 32282.3 -157.928
12.15              5964.9 20.5493 5465.74              -16.5498 32288 -113.996
12.16              5116.28 20.2685 4940.43              -16.9261 29198.9 -107.918
12.17              5076.26 14.1711 5073.04              -15.5325 30077 -79.2628
12.18              5123.11 5.88739 5364.48              -14.3191 31921.6 -30.0718
12.19              4389.85 4.90103 5004.78              -14.6483 29834.5 -19.2399
12.2              4346.79 7.91541 5178.78              -14.4058 30972.5 -36.1543
12.21              3922.47 -1.4527 5100.55              -11.9947 30594.9 21.5726
12.22              3477.88 -9.11036 4942.97              -10.3745 29731.5 70.7395
12.23              2738.61 -0.271763 4541.78              -10.6341 27379.1 23.7781
12.24              2548.66 -4.08165 4588.37              -9.23603 27750.6 41.8374
12.25              2365.79 -9.85838 4702.6              -9.21467 28533.1 74.8805
12.26              1911.98 0.78658 4567.91              -9.61941 27810.8 16.617
12.27              1646.6 -0.8351 4609.31              -8.60395 28159.2 27.7113
12.28              1361.17 8.9756 4589.91              -9.60846 28129.9 -32.5939
12.29              1155.88 -0.18204 4712.61              -7.84762 28975.3 20.1208
12.3              767.277 0.677266 4598.33              -6.75467 28372.5 15.0131
12.31              366.005 14.1894 4515.8              -6.3226 27977.7 -70.4997
12.32              201.503 33.244 4673.12              -2.36212 29040.6 -180.879
12.33              -43.9256 31.9998 4741.8              0.249578 29571.1 -184.819
12.34              -304.196 14.5081 4842.37              1.15861 30285.8 -89.9337
12.35              -739.252 20.1607 4717.6              0.283194 29630.4 -119.943
12.36              -846.645 17.8402 4909.35              0.372516 30888.8 -105.785
12.37              -1259.09 15.26 4826.17              -0.538552 30475.5 -88.9666
12.38              -1508.68 12.5226 4850.12              -6.60673 30700.3 -73.6702
12.39              -1469.75 -5.95428 5193.52              -9.01567 32858.1 38.9615
12.4              -1904.73 -12.1194 5046.44              -11.6077 32028.6 74.9836
12.41              -1898.6 -10.8149 5352.32              -11.1809 33941.1 73.2548
12.42              -2327.51 -17.4294 5127.9              -13.0057 32652.5 111.143
12.43              -2469 -16.1993 5195.96              -12.4859 33098.1 103.537
12.44              -2673.07 -12.6243 5226.11              -13.3465 33331.9 81.6788
12.45              -2874.08 -13.6855 5217.14              -14.1401 33309.5 88.0467
12.46              -2786.19 -11.7437 5599.66              -13.3789 35646.2 77.1326
12.47              -3079.84 -13.2317 5478.58              -13.5517 34936.3 85.6957
12.48              -3147.34 -14.1363 5652.58              -13.0624 36005.2 91.2105
12.49              -3555.74 -11.3258 5347.1              -14.5654 34189.7 74.7745
12.5              -3410.63 -10.5839 5865.21              -12.4108 37327.9 70.6037
12.51              -3768.05 -4.68829 5635.79              -10.6436 35971.4 34.483
12.52              -3706.23 0.674193 6097.35              -6.27163 38759.6 -0.203009
12.53              -4043.44 2.51532 5879.72              -5.57906 37479.3 -12.7311
12.54              -4113.15 -1.27695 6178.86              -4.05852 39295.1 9.42674
12.55              -4376.98 -6.47542 6112.07              -2.9938 38921.6 40.9029
12.56              -4471.78 -17.5397 6376.38              -1.37738 40530.5 107.241
12.57              -4734.02 -9.34743 6392.58              -1.82762 40648.9 58.7429
12.58              -4958.99 -8.33485 6454              -1.37574 41036 52.7697
12.59              -5110.96 -4.7384 6670.35              -0.262927 42365.2 28.5428
12.6              -5279.39 -7.84881 6951.39              2.54323 44019 45.2554
12.61              -5475.33 -12.2283 7123.46              3.92329 45040.4 71.0556
12.62              -5774.36 -28.04 6974.6              4.60479 44162 162.807
12.63              -6095.62 -49.2774 6740.52              6.97276 42770.7 292.155
12.64              -6362.14 -80.1739 6703.57              10.2144 42530.2 480.544
12.65              -6704.68 -103.988 6467.66              12.7599 41083.3 622.81
12.66              -7047.56 -108.111 6198.13              13.9104 39425.2 646.213
12.67              -7372.54 -89.3573 6006.01              13.3838 38223.8 532.398
12.68              -7737.16 -58.7072 5683.4              12.3873 36252 346.704
12.69              -8054.79 0.812037 5355.91              8.38421 34257.5 -12.9181
12.7              -8390.89 43.2131 5122.23              6.19309 32807.8 -271.304
12.71              -8691.83 82.5388 4979.42              3.40031 31889 -508.779
12.72              -8998.49 72.7676 4760.67              3.3057 30538.3 -451.509
12.73              -9249.73 53.2763 4696.11              6.13731 30065.9 -334.145
12.74              -9532.55 34.0775 4345.88              6.60131 27968.1 -221.602
12.75              -9765.88 17.4441 4156.96              7.40158 26800.7 -119.501
12.76              -9968.13 -13.6127 3968              10.593 25634.8 70.0826
12.77              -10144.4 -38.7571 3812.65              13.9422 24669.7 221.991
12.78              -10227.8 -46.2541 3696.34              14.5707 23940.1 268.552
12.79              -10297.1 -50.8162 3713.67              15.2044 23982.6 297.788
12.8              -10385.8 -56.8907 3569.11              15.895 23083.2 333.289
12.81              -10372.9 -54.8113 3655.95              15.9815 23538.9 318.702
12.82              -10323.4 -44.1146 3636.01              14.5486 23392.8 253.013
12.83              -10266.7 -39.0421 3642.39              13.8063 23395 221.98
12.84              -10181.4 -31.7304 3637.6              12.2015 23319 174.639
12.85              -10083.6 -22.8608 3571.32              10.4578 22895.8 121.387
12.86              -9957.68 -12.357 3639.48              8.81523 23242.5 60.2327
12.87              -9814.71 -6.21496 3642.12              9.43379 23186.8 26.0698
12.88              -9623.3 -17.7699 3691.79              5.44397 23450 86.3415
12.89              -9371.35 -5.7814 3814.71              5.40866 24133.3 17.6387
12.9              -9112.9 -8.99372 3904.33              5.51576 24612.5 37.7047
12.91              -8901.26 -20.3652 3911.45              4.93177 24606.4 103.902
12.92              -8625.45 -4.07167 4027.13              3.33558 25232.7 11.3005
12.93              -8381.12 -16.9536 4021.47              4.07399 25136.5 88.0745
12.94              -8075.49 -7.62784 4174.09              2.92127 25960.3 33.5556
12.95              -7820.89 -6.0143 4107.32              2.02746 25540 23.6642
12.96              -7449.55 -13.5752 4293.56              3.88756 26583.8 70.83
12.97              -7169.95 -15.2857 4299.35              4.47822 26564.8 80.1397
12.98              -6884.39 -18.7532 4287.25              4.04367 26442.7 100.913
12.99              -6517.23 -1.76142 4407.41              3.47745 27076.9 5.17899
13              -6092.84 -17.7707 4642.63              3.9246 28378.6 98.1227
13.01              -5734.64 -12.6332 4765.69              3.65821 29037.4 67.3665
13.02              -5466.72 -1.16228 4661.04              2.04936 28390.3 0.0893502
13.03              -5131.53 -9.01929 4704.99              2.21123 28598.8 47.5483
13.04              -4792.02 -10.5074 4757.6              2.43305 28847.6 56.2489
13.05              -4367.17 -14.3041 4915.82              2.36309 29702.3 79.0194
13.06              -3906.22 -8.10045 5158.75              2.02945 31045.7 46.5026
13.07              -3363.48 -16.1271 5487.46              1.93882 32878.4 92.9541
13.08              -2796.7 -16.0977 5880.01              1.76526 35072.4 92.6344
13.09              -2491.56 -19.1326 5837.65              2.35359 34774.1 111.509
13.1              -2155.17 -16.6049 5828.5              1.90474 34652.5 96.6036
13.11              -1880.03 -18.5543 5712.73              1.41971 33920.5 108.417
13.12              -1504.6 -20.7115 5781.82              1.9385 34245 121.163
13.13              -1093.49 -22.1639 5934.04              2.59887 35050.1 128.712
13.14              -628.361 -26.2347 6145.13              3.79977 36187.4 153.41
13.15              -230.352 -32.9072 6269.45              4.52347 36835.3 193.989
13.16              200.66 -36.5385 6413.03              5.41063 37581.2 218.688
13.17              658.212 -41.8083 6568.92              6.30148 38396.6 254.851
13.18              1113.38 -65.5317 6620.62              8.2997 38612.3 398.489
13.19              1537.2 -78.2794 6470.99              10.993 37684.4 485.744
13.2              1978.58 -85.3454 6106.51              8.90933 35561.8 538.894
13.21              2658.7 -77.4367 5879.83              1.76561 34269.7 504.344
13.22              3404.07 -43.706 5704.23              -14.0937 33336.5 305.65
13.23              4224.76 -9.30281 5833.66              -29.4396 34177.7 91.2023
13.24              4808.49 -11.159 5843.4              -31.909 34362 98.354
13.25              5504.88 -2.75843 6253.68              -33.7144 36795.7 37.8475
13.26              5969.26 4.23378 6543.11              -33.7854 38520.8 -12.4984
13.27              6392.66 11.3293 6898.49              -30.6573 40591.2 -65.0523
13.28              6721.16 19.0878 7177.73              -23.4115 42206.8 -120.46
13.29              7022.89 23.4179 7420.34              -13.9029 43613.7 -160.539
13.3              7225.69 25.6962 7554.52              -5.5896 44390.1 -179.735
13.31              7497.72 29.3582 7755.45              2.54168 45543.2 -208.324
13.32              7736.62 35.9616 7908.43              10.1992 46416.1 -254.895
13.33              7974.15 36.3951 8033.19              12.276 47112.3 -254.776
13.34              8135.5 33.3851 8086.91              11.0519 47378.9 -229.442
13.35              8257.51 28.778 8100.56              7.38631 47395.2 -191.25
13.36              8333.56 23.7778 8053.81              3.40955 47055 -153.053
13.37              8421.19 20.7254 8004.47              -0.506639 46692.3 -127.551
13.38              8506.48 18.0046 7945.91              -3.66592 46271.6 -106.559
13.39              8606.06 15.816 7895.72              -6.19756 45902 -91.0102
13.4              8717.54 14.882 7835.23              -6.82343 45479 -83.8266
13.41              8799.51 14.6155 7737.58              -7.26625 44855.6 -81.0964
13.42              8887.05 13.7076 7626.6              -7.97593 44156.9 -74.6924
13.43              8975.36 8.06704 7547.96              -8.23874 43658.1 -40.6486
13.44              9063.07 12.3475 7442.38              -8.19959 43010.6 -63.7848
13.45              9172.62 6.35332 7406.87              -7.63902 42761.7 -27.9379
13.46              9275.09 6.07803 7280.79              -9.17352 41987.8 -25.9429
13.47              9333.78 9.85652 7250.17              -9.55557 41789.6 -44.5161
13.48              9386.89 8.16725 7109.61              -10.1849 40937.3 -34.0262
13.49              9668.09 -0.555982 7163.68              -8.28185 41201.6 12.825
13.5              9581.81 12.9717 6987.64              -9.92584 40198.7 -62.5156
13.51              9800.1 12.9005 7028.32              -9.36781 40403.4 -56.4091
13.52              9737.64 19.1315 6918.62              -9.89401 39774.1 -98.7558
13.53              9754.17 16.3001 6783.63              -8.91649 38972.4 -81.1904
13.54              9746.64 23.5823 6760.11              -9.35094 38856.4 -125.99
13.55              9782.64 21.1337 6698.18              -7.81709 38492.9 -111.535
13.56              9714.89 25.1165 6657.69              -9.45256 38289.4 -139.274
13.57              9554.13 23.1405 6327.72              -8.33533 36342 -130.188
13.58              9568.25 28.6242 6407.24              -5.76422 36846 -169.193
13.59              9837.32 42.7135 6596.74              -5.66298 37959.8 -238.815
13.6              9380.18 35.8361 6331.45              -5.38864 36450 -204.153
13.61              9313.29 37.797 6302.7              -5.86203 36306.6 -212.159
13.62              9180.85 33.0428 6263.33              -7.792 36122 -178.088
13.63              9016.59 28.9941 6154.88              -9.91614 35537.5 -149.497
13.64              8563.62 33.296 5811.61              -12.3875 33532.4 -171.049
13.65              8660.77 11.868 5906.71              -10.8606 34138.3 -59.2928
13.66              8618.42 33.0807 5957.91              -10.6631 34496.9 -166.613
13.67              8036.06 20.594 5698.83              -10.6765 33023.3 -101.755
13.68              7664.87 19.6674 5568.03              -10.7661 32314.1 -95.4784
13.69              7451.65 20.6995 5536.24              -10.1728 32197.3 -99.1773
13.7              7292.47 18.4966 5505.56              -12.1206 32071.8 -88.8815
13.71              6436.1 22.9753 4980.74              -12.5042 29001.4 -113.72
13.72              6880.42 19.2785 5397.6              -10.8075 31553.9 -99.3393
13.73              6318.39 21.8655 5197.21              -11.8215 30433.1 -112.351
13.74              6521.4 20.2009 5511.01              -11.8946 32384.3 -101.555
13.75              5864.4 27.5378 5195.06              -14.6237 30567.6 -145.522
13.76              5958.41 18.3921 5460.42              -14.3671 32252 -91.7771
13.77              4867.47 21.0764 4797.36              -17.7381 28327.4 -106.51
13.78              5060.44 16.4998 5045.14              -18.3169 29889 -78.4303
13.79              4909.34 13.5253 5155.16              -19.5497 30635 -61.4945
13.8              4503.85 14.0522 5077.8              -20.9901 30251.6 -65.3451
13.81              4014.88 12.9796 4922.67              -22.0328 29398.3 -60.8052
13.82              3965.56 14.4084 5083.78              -23.3596 30454.2 -71.3376
13.83              3503.34 9.03291 4936.27              -24.7311 29651.9 -39.0073
13.84              3002.24 6.54823 4675.32              -27.1567 28141.6 -22.8105
13.85              2528.91 7.05412 4527.88              -28.8017 27326.1 -26.2108
13.86              2556.12 4.38224 4778.66              -29.1865 28930.3 -14.487
13.87              1811.69 5.37896 4450.87              -31.0972 27033.3 -19.7407
13.88              1745.08 3.50998 4631.78              -33.6972 28217.5 -7.29502
13.89              950.783 10.3444 4216.54              -37.5489 25778.4 -46.2887
13.9              1259.14 -0.964905 4725.26              -37.6522 28962.1 21.7658
13.91              681.704 1.40603 4495.37              -39.4871 27648 8.57569
13.92              523.29 -5.96751 4570.6              -39.2321 28192.7 54.5076
13.93              -208.405 9.07658 4202.73              -39.5146 26042.1 -30.5675
13.94              -251.671 11.0591 4398.87              -36.6454 27334.9 -43.6912
13.95              -925.397 4.26478 4104.67              -37.3741 25652.1 -7.7365
13.96              -517.874 0.865093 4721.94              -40.5526 29512.6 13.3945
13.97              -1468.24 3.19969 4142.17              -41.8723 26078.8 -1.76562
13.98              -1201.36 1.39269 4668.33              -38.715 29365.9 10.5656
13.99              -2158.42 4.99462 4061.52              -36.0701 25757.8 -12.6251
14              -1565.96 15.7863 4892.69              -29.38 30882.5 -78.689
14.01              -2455.46 20.2163 4315.79              -22.1892 27451.3 -107.081
14.02              -2147.87 30.8022 4909.26              -13.0311 31119.7 -168.813
14.03              -2980.82 37.8652 4305.8              -7.96936 27521.3 -216.864
14.04              -2786.85 33.7353 4750.65              0.205096 30256.4 -193.138
14.05              -3424.58 48.6046 4313.14              5.1267 27647.9 -285.808
14.06              -3236.75 52.6387 4744.51              11.4915 30300 -313.283
14.07              -3698.83 62.7134 4464.76              14.9549 28638.6 -379.179
14.08              -3494.53 53.8582 4923.98              20.0908 31444.6 -332.47
14.09              -3899.2 66.2024 4656.13              25.4373 29843.7 -412.389
14.1              -3812.19 72.9874 5020.27              34.7483 32058.1 -459.786
14.11              -4189.12 89.9929 4754.94              45.3763 30472.2 -571.219
14.12              -4164.42 92.2905 5069.78              54.7469 32387.5 -592.876
14.13              -4306.09 93.715 5165.67              62.4234 32980.5 -608.968
14.14              -4443.49 89.779 5279.78              66.3784 33685.3 -589.346
14.15              -4487.77 80.9186 5586.67              68.8964 35544.4 -537.96
14.16              -4585.56 69.9308 5845.9              69.8743 37113.1 -470.305
14.17              -4759.15 59.2342 5976.88              67.5685 37918.2 -400.861
14.18              -4966.05 42.2311 6013.09              62.4849 38164.5 -292.911
14.19              -5164.55 31.2534 6120.98              54.9757 38845.7 -220.607
14.2              -5387.67 7.86901 6119.58              41.9175 38866.5 -72.1083
14.21              -5593.79 -13.4852 6156.26              25.7135 39123.8 66.4714
14.22              -5791.64 -36.7199 6238.24              10.9298 39632 216.156
14.23              -6014.49 -55.4031 6274.44              -6.87971 39854.9 342.356
14.24              -6242 -105.627 6282.96              -31.49 39924.1 648.053
14.25              -6499.5 -142.976 6168.83              -58.7437 39265.1 887.689
14.26              -6729.25 -197.065 6201.92              -99.9369 39457.9 1231.93
14.27              -7017.34 -246.362 6045.49              -141.687 38520.2 1548.62
14.28              -7276.49 -265.802 5960.87              -164.012 37989.8 1676.92
14.29              -7589.82 -231.632 5708.06              -144.764 36451.8 1467.03
14.3              -7960.64 -159.461 5368.36              -89.619 34371.1 1012.41
14.31              -8271.47 -48.7292 5029.18              -6.1951 32281.1 308.222
14.32              -8644.43 51.7043 4772              69.3816 30654.5 -335.516
14.33              -9017.36 69.4134 4454.69              85.717 28691.7 -457.013
14.34              -9296.46 50.451 4284.44              63.137 27605.3 -332.479
14.35              -9597.24 14.1532 4005.62              41.6399 25895.7 -114.665
14.36              -9801.92 -3.62413 3871.48              22.0133 25062.1 5.24053
14.37              -10020 -5.22935 3675.05              22.8198 23861.3 15.7132
14.38              -10211.1 -13.6129 3511.05              17.8885 22849.3 70.1356
14.39              -10325 -11.9026 3446.98              17.2611 22443.6 61.3857
14.4              -10460.5 -1.1126 3342.15              20.0551 21775.9 -4.00758
14.41              -10554.8 -1.11497 3273.21              24.5236 21330.5 -7.18649
14.42              -10596.8 6.7392 3335.12              28.4847 21660.9 -56.7562
14.43              -10617.3 8.97365 3252.26              30.0488 21146.6 -72.4822
14.44              -10578.1 3.54995 3297.9              29.2257 21386.3 -38.2485
14.45              -10535.7 1.95796 3320.82              28.6774 21492 -28.4067
14.46              -10520.4 -7.22617 3337.57              27.9821 21580.9 25.1488
14.47              -10510.1 0.598948 3288.22              24.6173 21267.1 -16.4171
14.48              -10419.2 -10.5763 3307.26              24.2074 21347 49.9637
14.49              -10259.4 -11.4555 3456.02              22.6774 22190.8 55.4343
14.5              -10123.2 -6.4403 3513.92              21.7875 22533.4 25.5621
14.51              -9977.6 -16.1277 3633.71              20.924 23238 84.5527
14.52              -9825.25 -25.7538 3733.22              20.7952 23810.4 140.152
14.53              -9595.13 -18.9836 3771.78              19.6845 24009.2 101.024
14.54              -9382.89 -10.3686 3934.31              19.8406 24942.6 51.9915
14.55              -9158.92 -19.9494 4015.65              19.4007 25374.6 110.031
14.56              -8977.07 -13.9957 4030.67              16.174 25455.5 69.6843
14.57              -8675.21 -22.053 4237.33              17.6216 26660.5 119.223
14.58              -8385.06 -19.4537 4324.58              17.0989 27135.7 103.652
14.59              -8104.54 -29.0288 4403.15              17.7856 27553.5 157.877
14.6              -7735.66 -10.342 4550.15              17.1279 28358.5 51.8736
14.61              -7523.15 -25.63 4656.34              17.67 28974.5 139.877
14.62              -7237.43 -14.4923 5065.72              16.4688 31383.8 73.6419
14.63              -7142.7 -10.7513 5057.52              14.5888 31370 50.7911
14.64              -7001.37 -17.1997 5301.35              14.9101 32846.1 89.7661
14.65              -6919.5 -14.965 5533.68              14.5237 34271.1 76.653
14.66              -6649.97 -22.2287 5781.75              14.2162 35715.2 117.068
14.67              -6190.38 -16.498 5892.57              13.261 36272.1 85.174
14.68              -5651.61 -10.8813 6014.18              12.5205 36859.7 54.5645
14.69              -4954.5 -18.7208 6303.3              12.2189 38395.4 98.9551
14.7              -4457.34 -19.1707 6298.18              12.8223 38241.1 101.655
14.71              -3871.15 -15.2933 6391.16              12.7168 38630 79.5044
14.72              -3350.64 -15.259 6279.82              12.2898 37817.4 79.1168
14.73              -2828.16 -16.4909 6210.44              11.9472 37251.4 86.0037
14.74              -2212.26 -17.5241 6271.11              12.4642 37423.2 91.2355
14.75              -1612.63 -15.8154 6313.75              12.6267 37497.1 82.2775
14.76              -978.77 -19.9032 6440.66              12.9878 38065.6 106.045
14.77              -389.05 -19.3404 6451.13              13.3385 37958 103.934
14.78              267.101 -21.8296 6540.73              15.0656 38310.2 122.408
14.79              798.316 -29.4279 6325.84              17.5364 36934 170.678
14.8              1441.03 -33.6013 6107.96              20.2919 35566.8 201.269
14.81              2203.28 -39.6769 6024.8              22.2008 35034.7 244.615
14.82              2891.36 -43.0477 5780.77              23.0053 33671.4 270.293
14.83              3709.68 -43.7352 5795.82              21.9312 33854 279.487
14.84              4460.14 -42.2094 5924.8              17.4203 34729.4 273.111
14.85              4996.82 -36.3776 6008.31              11.8131 35338.5 239.124
14.86              5551.74 -31.5244 6284.32              6.03158 37026.9 206.86
14.87              6017.21 -25.7253 6579.18              1.92198 38770 164.803
14.88              6344.86 -19.3455 6831.93              1.06326 40230.6 117.027
14.89              6635.35 -15.3537 7040.87              3.48378 41400.9 83.2221
14.9              6878.23 -11.524 7192.19              4.83607 42231.2 57.3047
14.91              7179.33 -8.99226 7368.65              6.23333 43191.1 39.4978
14.92              7440.34 -7.35083 7515.76              5.27519 43988.3 31.9806
14.93              7708.88 -5.8277 7680.53              5.16489 44884.7 24.3192
14.94              7942.5 -5.56626 7811.65              4.59367 45592.3 23.4725
14.95              8156.9 -3.63285 7878.99              6.92686 45917.7 9.41032
14.96              8336.84 -0.576183 7895.5              8.32583 45944.1 -9.69255
14.97              8471.38 4.6855 7861.13              8.60042 45688 -40.6062
14.98              8643.75 8.28879 7804.75              7.89239 45290.5 -61.0734
14.99              8784.65 13.3025 7777.95              7.2872 45078.8 -90.1881
15              8915.67 17.2712 7749.64              5.67787 44865.2 -113.209
15.01              9052.74 21.7723 7766              4.31638 44907.5 -138.235
15.02              9171.44 25.6131 7708.11              2.59696 44529.2 -159.835
15.03              9278.17 28.0544 7579.15              0.856566 43744.2 -173.138
15.04              9439.3 29.2814 7553.6              -0.0295101 43539 -178.968
15.05              9587.03 30.0163 7493.23              -0.536564 43142.9 -181.969
15.06              9710.2 31.9302 7424.15              -0.664472 42708.7 -191.809
15.07              9783.99 25.7814 7302.68              -1.3281 41984.2 -158.518
15.08              9936.26 32.8056 7288              -2.095 41850.1 -196.356
15.09              9999.69 33.2447 7153.91              -2.43804 41030.7 -198.512
15.1              10109.9 32.056 7141.63              -1.98122 40934.5 -191.214
15.11              10263.1 31.8176 7127.9              -0.525529 40833.5 -192.401
15.12              10512.3 34.969 7271.5              0.456518 41625.6 -205.052
15.13              10515.2 33.7023 7181.1              0.542209 41100.4 -197.633
15.14              10464.5 39.8956 7042.76              -1.19245 40307.4 -232.719
15.15              10459.2 43.2162 6969.5              -2.22827 39888.3 -251.796
15.16              10476.4 50.6461 6934.74              -0.968698 39704.3 -292.676
15.17              10404.9 45.4784 6831.38              -3.18558 39120.7 -266.962
15.18              10245.3 51.9896 6611.71              -2.74847 37847.4 -302.54
15.19              10326.4 46.0058 6654.91              -1.29613 38114 -276.282
15.2              10485.2 59.4799 6813.48              -0.901432 39069.6 -341.587
15.21              10424.8 56.1285 6840.43              -0.10018 39257.6 -325.466
15.22              10046.7 55.7274 6597.42              1.27493 37890.1 -324.286
15.23              9987.77 52.5386 6606.2              2.99079 37987 -306.18
15.24              9827.33 52.7827 6543.27              4.15036 37684.4 -310.429
15.25              9486.38 60.882 6364.86              3.46696 36673.6 -358.213
15.26              9197.36 52.7666 6050.23              4.88645 34842.9 -322.175
15.27              9351.92 70.7182 6316.29              5.00979 36483.6 -415.608
15.28              9130.79 69.0187 6299.13              5.26135 36444.9 -410.533
15.29              8520.69 72.7867 5977.85              4.41853 34613.4 -434.983
15.3              8582.14 72.9456 6161.81              4.26132 35779.1 -436.694
15.31              8056.49 73.197 5901.92              3.58574 34322.3 -442.352
15.32              7872.61 74.5165 5820.14              2.42365 33894.9 -451.464
15.33              7717.94 71.8141 5871.34              1.95194 34276.1 -437.975
15.34              7945.63 70.9459 6212.88              1.8723 36400.8 -430.241
15.35              6916.85 66.2565 5648.65              -0.0576682 33112.7 -399.607
15.36              6951.16 63.0941 5846.62              -1.08758 34385 -378.163
15.37              6448.14 52.3523 5691.06              0.443604 33551.3 -311.992
15.38              6274.68 41.3246 5717.4              -0.925405 33801.4 -244.641
15.39              5349.75 43.817 5182.66              -2.73329 30664 -254.717
15.4              5607.56 34.1078 5551.83              -2.34645 32977.7 -204.55
15.41              5309.21 23.5025 5573.09              -3.12587 33197.4 -142.078
15.42              4834.99 23.6585 5417.68              -4.6796 32350 -142.668
15.43              4339.45 26.7547 5260.58              -7.18632 31500.3 -161.825
15.44              4400.6 12.5585 5548.97              -6.31497 33345.7 -76.452
15.45              3811.99 10.3633 5289.52              -8.87428 31867.8 -62.2131
15.46              3224.42 18.3231 5028.35              -12.0559 30375.8 -108.443
15.47              2807.9 15.5347 4898.43              -13.68 29680 -97.1828
15.48              2438.23 11.6285 4867.98              -15.851 29592 -76.4636
15.49              2035.72 16.39 4777.04              -18.4046 29139.7 -102.884
15.5              1669.82 13.9789 4720.88              -20.16 28901.1 -87.9967
15.51              1613.8 20.4052 4907.14              -22.4401 30132.7 -127.484
15.52              1221.63 11.1791 4850.27              -20.7107 29887.4 -69.8916
15.53              989.418 -6.66888 4844.36              -16.825 29962.1 43.5708
15.54              391.951 -8.68631 4621.6              -13.9236 28716.3 69.1149
15.55              268.086 -35.5633 4779.4              -11.1581 29788 232.634
15.56              20.1879 -58.0708 4895.45              -8.64288 30591.3 366.965
15.57              -326.546 -54.4651 4871.76              -7.19019 30549.1 352.742
15.58              -355.339 -49.9503 5134.4              -6.73439 32233.7 327.121
15.59              -1214.43 -46.2529 4630.24              -6.56069 29249.1 302.546
15.6              -822.342 -42.5828 5276.1              -2.16685 33250 277.887
15.61              -1736.35 -24.9124 4666.27              -1.95784 29625.2 167.147
15.62              -1124.15 -29.2421 5565.56              2.48899 35156.2 190.256
15.63              -1983.57 -29.0383 4979.76              0.462689 31671.5 182.886
15.64              -1624.53 -26.412 5638.38              0.683448 35724.7 168.459
15.65              -2427.71 -31.9444 4995.11              -3.4089 31894 195.3
15.66              -2238.36 -41.4624 5427.47              -1.3749 34535.5 252.194
15.67              -2778.64 -34.0763 5060.04              -1.43659 32357.3 204.985
15.68              -2608.74 -37.1141 5495.3              0.735099 35010.9 222.025
15.69              -2965.13 -28.1539 5324.83              1.36905 34006.5 167.007
15.7              -2735.46 -43.8508 5892.82              2.2352 37448.3 259.933
15.71              -3225.95 -41.3951 5493.62              2.3817 35062.7 244.743
15.72              -3233.15 -43.7385 5775.87              5.56582 36782.8 258.685
15.73              -3603.28 -37.9782 5520.74              6.52539 35276.8 222.075
15.74              -3477.24 -38.0934 6069.44              9.83343 38592.1 220.556
15.75              -3794.33 -40.5125 5908.87              9.83078 37656.6 233.009
15.76              -3833.95 -42.0042 6249.34              12.3332 39722.5 240.779
15.77              -4131.98 -38.9884 6126.81              13.2417 39019.7 222.536
15.78              -4231.74 -35.7892 6441.65              14.639 40932 201.834
15.79              -4490.04 -41.9567 6399.36              15.0438 40720.6 238.115
15.8              -4634.23 -28.1659 6725.52              15.8416 42689.5 155.677
15.81              -4867 -23.0163 6825.17              16.0264 43309.9 124.965
15.82              -5071.44 -9.52191 6914.94              14.6916 43885.8 43.7524
15.83              -5198.1 -8.43126 7335.83              15.7231 46369.2 37.3482
15.84              -5478.21 9.98249 7285.61              14.9201 46086.4 -71.8593
15.85              -5738.84 8.21801 7268.32              10.8279 45997.1 -67.0107
15.86              -6069.29 29.3445 6997.38              8.02964 44411.7 -193.244
15.87              -6308.44 37.7524 7053.04              6.72891 44728.7 -242.031
15.88              -6638.8 33.6998 6849.88              6.27806 43489.3 -215.527
15.89              -6996 29.1499 6647.68              5.93222 42248 -185.866
15.9              -7381.59 10.5902 6354.04              6.36047 40447.1 -71.7516
15.91              -7831.76 -0.95588 5958.1              7.26482 38039.7 -2.88184
15.92              -8266.22 -17.8084 5567.86              8.96513 35655.8 99.3348
15.93              -8730.41 -27.0179 5183.08              9.73514 33274 153.411
15.94              -9142.65 -43.4892 4848.76              10.9472 31223.5 251.264
15.95              -9475.74 -34.1659 4703.12              12.5957 30292.9 198.461
15.96              -9728.82 -48.4714 4617.59              10.4435 29749.1 274.343
15.97              -9966.87 -34.3116 4364.65              10.3776 28213.1 188.618
15.98              -10164.9 -33.0466 4193.42              10.7212 27152.6 180.11
15.99              -10286.8 -32.3611 4035.77              10.9215 26152.3 175.2
16              -10398.8 -30.0282 3973.45              11.309 25736.9 159.366
16.01              -10528.4 -25.7197 3773.01              10.6798 24505.6 132.726
16.02              -10589.6 -19.9666 3796.69              10.2281 24590.3 99.9123
16.03              -10624.4 -14.8793 3775.79              11.6762 24400.6 72.0763
16.04              -10629.5 -21.1005 3695.54              8.58331 23884.4 102.578
16.05              -10551 -18.5203 3750.27              8.37386 24171.2 89.7094
16.06              -10451.9 -13.3747 3766.65              7.34837 24215.6 59.4718
16.07              -10358.2 -15.9292 3728.16              7.35743 23937.3 73.9065
16.08              -10206 -10.3106 3735.46              7.17225 23938.2 40.8376
16.09              -10066.7 -6.52293 3751.48              7.11775 23965.9 22.8242
16.1              -9879.84 0.911039 3824.45              8.09704 24331 -18.8123
16.11              -9691.59 -7.37732 3812.2              5.20525 24207.9 23.936
16.12              -9392.82 -10.7643 3968.92              7.3833 25086.1 48.3144
16.13              -9135.88 -9.48573 4041.94              7.33593 25460.8 41.9712
16.14              -8908.24 -18.5637 4047.64              7.97311 25438.7 95.4515
16.15              -8630.18 -2.30999 4119.89              6.74624 25801.3 3.56844
16.16              -8338.25 -12.7531 4165.05              6.42362 25996.6 65.8861
16.17              -8098.58 -9.49233 4191.81              6.1942 26087.2 46.3869
16.18              -7738.1 -0.520502 4301.89              5.13317 26690 -6.70144
16.19              -7406.47 -9.0793 4398.68              5.35093 27205.7 45.3579
