*************************Generated by extractForces.sh*************************
*      Sun Mar 30 15:54:33 MDT 2025 - Case: surge/T12.5
* Note: Data was extracted from log.overInterDyMFoam using extractForces.sh
*       Can be visualized with plotForces.py
*******************************************************************************
Time X(x3) Force(x3) Moment(x3)
0.01              -79613.8 3.1285 -48133.2              -1.76813 -281108 -31.5722
0.02              -3225.77 -6.66024 5017.53              1.43739 30703.7 37.644
0.03              -1692.5 -1.83859 5302.82              0.671416 32151.4 10.2666
0.04              -1551.62 -2.51582 5335.62              0.334377 32314.6 14.7394
0.05              -1512.52 3.13841 5344.45              0.484803 32319.1 -17.7449
0.06              -1546.98 -0.569536 5336.71              0.273302 32244 2.3683
0.07              -1594.62 -1.20424 5311.95              0.45631 32068 6.54366
0.08              -1630.28 3.05988 5288.53              0.303889 31897.5 -18.4911
0.09              -1696.63 -0.509155 5249.8              0.535584 31641.7 2.74832
0.1              -1754.84 -0.249412 5211.84              0.439137 31388.3 1.3167
0.11              -1789.38 0.718809 5193.28              0.42404 31249.8 -4.24369
0.12              -1832.28 -2.09313 5165.06              0.65933 31055.7 11.251
0.13              -1895.33 -3.48894 5107.2              0.452894 30689.5 19.0219
0.14              -1845.58 1.54822 5165.55              0.211468 31001.3 -8.2536
0.15              -1869.51 -0.804262 5150.06              0.538806 30882.2 4.23291
0.16              -1920.25 4.40013 5101.15              0.107489 30568.6 -23.3299
0.17              -1977.63 -5.36935 5014.65              0.732154 30034.6 31.0357
0.18              -1961.95 0.0739488 5040.15              0.120467 30166.4 -0.460111
0.19              -1957.32 3.17595 5070.69              1.0695 30308.5 -17.1245
0.2              -1981.34 -2.9633 5037.06              -0.121921 30090.5 16.0524
0.21              -1971.82 3.20935 5030.14              -0.333898 30026.1 -19.1286
0.22              -1957.81 -1.14369 5041.63              0.384887 30072.2 6.62533
0.23              -1971.11 -1.29733 5018.61              0.298424 29916.5 7.77306
0.24              -1954.58 -0.791148 5021.53              0.350235 29908.9 4.79228
0.25              -1951.5 0.187085 4996.54              0.286843 29737.2 -0.684628
0.26              -1956.28 -3.18409 4971.42              0.55791 29567.2 17.8112
0.27              -1968.36 -5.95723 4947              0.524546 29404.5 32.8177
0.28              -1889.83 0.403069 4986.37              0.0840345 29603.7 -1.44837
0.29              -1892.47 -1.80913 4953.97              0.432903 29394.8 10.367
0.3              -1912.42 5.96134 4912.87              -0.250154 29134.8 -30.9763
0.31              -1850.67 -0.630402 4920.13              0.525792 29152.3 3.84832
0.32              -1830.42 -1.16894 4910.8              -0.334303 29077.4 8.15681
0.33              -1775.9 2.15489 4916.8              -0.239166 29097.7 -11.7901
0.34              -1782.71 7.54102 4903.82              1.61223 28987.5 -39.966
0.35              -1725.23 -3.71882 4911.69              -0.967695 29011.4 19.6336
0.36              -1697.9 -3.13865 4877.4              -0.621445 28798.6 17.5511
0.37              -1647.86 4.9359 4875.67              -0.582613 28769.6 -28.4596
0.38              -1581.42 -1.08539 4895.57              0.225442 28865.7 6.56141
0.39              -1543.86 -1.39534 4881.7              0.160941 28767.8 8.57004
0.4              -1533.51 -0.666187 4821.92              0.169578 28409.4 4.30998
0.41              -1462.09 0.321907 4847.76              0.163941 28536.1 -1.18452
0.42              -1394.62 -0.547586 4862.25              0.207376 28598.7 3.69109
0.43              -1345.56 -3.41651 4858.7              0.463702 28556.3 19.2481
0.44              -1327.96 -7.22835 4821.31              0.421372 28324.7 39.7497
0.45              -1204.48 -0.331098 4883.7              0.0321726 28655.6 2.98385
0.46              -1160.55 -0.251541 4860.68              0.126836 28511.3 2.32361
0.47              -1096.73 0.174113 4869.16              0.0574855 28541.4 -0.0252884
0.48              -1073.56 7.63686 4842.14              -0.390483 28369.3 -39.313
0.49              -957.13 -0.242651 4882.32              0.201724 28583.6 1.98308
0.5              -887.802 0.977285 4896.57              0.510546 28646 -4.55095
0.51              -824.542 -6.29809 4887.29              0.696516 28570.1 36.6589
0.52              -712.162 0.176924 4930.6              -0.0266503 28819.2 -0.186874
0.53              -649.841 11.5114 4989.68              2.7649 29112.9 -59.5262
0.54              -598.916 1.91825 4931.35              0.385272 28789.7 -9.44871
0.55              -497.837 -8.4867 5001.73              -2.0876 29163.6 44.8216
0.56              -390.35 -2.07139 5036.52              -0.343371 29355.8 12.0756
0.57              -334.169 -3.82483 5022.63              -1.4083 29265 21.0918
0.58              -252.808 5.29552 5026.49              -0.89681 29277.5 -30.0425
0.59              -152.406 -1.11872 5077.01              0.111336 29558.5 6.97309
0.6              -71.9566 -1.11846 5093.62              0.170671 29645.2 7.11526
0.61              11.1518 -0.997735 5114.62              0.221186 29755.5 6.51902
0.62              93.8988 -1.16974 5131.7              0.197078 29846.1 7.61718
0.63              183.365 -1.06065 5159.1              0.202095 29993.4 7.01684
0.64              271.991 -0.608442 5184.36              0.243525 30130.6 4.38094
0.65              363.738 -0.493763 5213.45              0.253173 30289.5 3.73922
0.66              445.242 -0.385332 5225.73              0.249277 30356.6 3.1147
0.67              548.559 0.565841 5276.09              0.22909 30632.5 -2.15716
0.68              659.841 -0.29858 5336.24              0.245399 30963.6 2.66959
0.69              750.916 -0.262953 5360.93              0.248711 31101.2 2.45111
0.7              844.94 -0.267887 5387.43              0.251901 31249.7 2.46642
0.71              955.108 -0.305504 5445.62              0.273166 31572.4 2.70198
0.72              1066.17 -0.315356 5501.4              0.298323 31879.9 2.77626
0.73              1174.39 -0.337591 5568.65              0.317855 32252.6 2.93174
0.74              1255.42 -2.40458 5597.6              0.49919 32412.3 14.0356
0.75              1363.71 -0.489221 5632.44              0.314553 32609.8 3.8442
0.76              1454.02 -0.349071 5671.85              0.332679 32835.2 3.05744
0.77              1549.67 -0.278938 5711.32              0.349604 33058.5 2.65652
0.78              1646.63 -0.186735 5755.93              0.372489 33309.7 2.12405
0.79              1751.63 -0.224413 5796.18              0.387331 33534.8 2.31626
0.8              1849.62 -0.157315 5841.46              0.394767 33791 1.93947
0.81              1942.75 -0.117244 5879.75              0.399262 34009.8 1.69437
0.82              2033.99 -0.0626805 5920.54              0.396436 34242.4 1.3493
0.83              2125.27 -0.0751135 5964.41              0.419235 34491.4 1.41023
0.84              2213.95 -0.0498551 5999.63              0.409849 34694 1.29433
0.85              2291.51 0.022559 6032.24              0.424734 34886.9 0.861889
0.86              2381.14 -0.05438 6084.53              0.450817 35181.2 1.29628
0.87              2465.76 -0.08464 6133.63              0.46972 35460.2 1.46523
0.88              2563.78 0.268981 6182.25              0.501571 35733.1 -0.614187
0.89              2644.92 -0.0573724 6237.91              0.530538 36052.4 1.11379
0.9              2728.15 0.0849642 6256.31              0.495793 36168.1 0.357487
0.91              2819.49 0.031796 6311.99              0.510678 36480.6 0.715757
0.92              2890.92 0.0498583 6349.45              0.511097 36700.4 0.656277
0.93              2959.47 0.319161 6376.99              0.523703 36864 -0.877892
0.94              3026.78 0.27035 6406.43              0.518311 37036.6 -0.532075
0.95              3093.85 -0.566245 6439.4              0.484474 37228.5 4.24137
0.96              3152.78 0.18179 6467.85              0.515479 37396.1 0.0260641
0.97              3209.84 0.331398 6494.95              0.514712 37558.6 -0.808405
0.98              3263.71 0.43694 6521.83              0.522003 37717.3 -1.35995
0.99              3316.85 1.13391 6554.13              0.598307 37906.8 -5.44747
1              3365.94 1.35658 6582.64              0.633822 38074.7 -6.72502
1.01              3412.01 0.818554 6605.44              0.549963 38211.5 -3.46107
1.02              3453.59 0.806853 6628.98              0.553577 38354.1 -3.33412
1.03              3492.25 0.891399 6648.78              0.557039 38476.5 -3.82164
1.04              3540.93 -4.43194 6694.34              0.833722 38745.9 27.2504
1.05              3568.54 0.182908 6703.11              0.520639 38803.3 0.528904
1.06              3608.44 5.33133 6728.65              2.21787 38961.1 -27.271
1.07              3644.68 33.1499 6680.44              8.00744 38735.5 -171.553
1.08              3710.67 3.46922 6851.88              1.13896 39666.8 -16.9811
1.09              3715.71 -35.0628 6729.11              -8.12456 39046.2 184.167
1.1              3730.32 -3.83998 6851.04              -0.0792292 39692.1 21.5856
1.11              3736.49 1.84655 6882.19              0.523732 39874.3 -9.58552
1.12              3770.93 5.03031 6912.89              0.623602 40079.9 -27.6184
1.13              3746.53 1.75845 6879.01              0.345649 39893.5 -8.63808
1.14              3816.22 -7.6059 6913.75              0.669719 40095.5 42.3177
1.15              3803.1 -0.516215 6970.97              0.563719 40442.1 4.90276
1.16              3805.71 -0.749254 6965.19              0.839683 40429.9 4.57471
1.17              3772.07 1.07108 6932.47              0.672295 40271.7 -4.51753
1.18              3766.71 2.27567 6962.65              0.655994 40462.8 -11.0117
1.19              3859.82 14.6485 7030.67              0.397698 40874.3 -77.8574
1.2              3790.11 4.31454 7021.45              0.739896 40841 -22.5753
1.21              3793.83 1.57254 7044.32              0.734524 40991.5 -7.2391
1.22              3766.48 2.19499 7066.89              0.656806 41154.2 -10.6937
1.23              3765.65 2.58916 7092.31              0.717673 41322.2 -13.1237
1.24              3776.55 2.52073 7116.84              0.704983 41484.9 -12.747
1.25              3764.48 1.78624 7155.72              0.634301 41742.6 -8.39384
1.26              3772.56 -2.93764 7214.03              0.818431 42109.5 19.1904
1.27              3770.17 3.83628 7236.49              1.5517 42273.9 -19.118
1.28              3751.82 21.9615 7209.46              5.73687 42179.4 -115.208
1.29              3763.73 -17.4101 7234.46              -4.24012 42363.3 93.6913
1.3              3759.76 0.121204 7351.9              0.538067 43043.1 -0.303143
1.31              3747.19 -1.32704 7387.76              0.224336 43279.5 8.64297
1.32              3768.74 -6.72479 7422.63              0.233562 43506.5 38.471
1.33              3744.38 -1.04626 7474.6              0.248603 43851.2 7.0659
1.34              3704.87 0.956929 7486.22              0.124804 43957.9 -4.44493
1.35              3781.52 9.1064 7603.13              0.00217045 44682.5 -48.0226
1.36              3787.61 5.57265 7688.99              -0.0346616 45219.2 -29.4263
1.37              3754.59 3.00675 7719.2              -0.0224665 45438 -15.5464
1.38              3748.43 1.00694 7771.67              -0.0629092 45790 -4.25833
1.39              3720.1 3.42126 7802.52              0.0287852 46014.4 -18.3629
1.4              3710.43 2.56733 7866.15              0.00549075 46435 -13.2102
1.41              3700.3 -2.07198 7908.2              0.285508 46725.1 14.0926
1.42              3724.15 4.42891 8006.09              0.839333 47347.7 -23.5928
1.43              3716.69 14.8267 8024.63              3.90287 47522.8 -78.84
1.44              3714 -8.92678 8048.4              -2.03776 47716.3 47.8471
1.45              3680.9 6.15889 8110.95              0.708188 48109.3 -35.2531
1.46              3609.55 4.98492 8067.32              0.634704 47890.6 -28.0501
1.47              3654.53 -1.86588 8207.68              1.0602 48764.4 10.4047
1.48              3556.56 3.55206 8136.59              0.957665 48392.9 -21.0425
1.49              3548.57 5.59601 8205.26              1.04694 48843.1 -31.8902
1.5              3589.61 9.38261 8309.13              0.960393 49500.5 -52.3699
1.51              3637.83 3.98019 8460.37              1.34639 50431.7 -22.3755
1.52              3589.27 3.72583 8477.15              1.08407 50576.9 -21.0651
1.53              3592.73 3.23661 8554.06              1.07099 51070.2 -18.4902
1.54              3500.79 2.98366 8500.36              0.638235 50798.4 -17.156
1.55              3425.96 4.58586 8471.62              0.388237 50672.3 -26.2179
1.56              3377.24 11.3857 8438.46              2.11784 50532.8 -62.763
1.57              3388.36 -5.23425 8511.44              -1.11833 51006 27.5507
1.58              3354.66 -1.7183 8531.81              0.0794224 51150.1 10.055
1.59              3326 0.334596 8569.54              -0.139528 51407 -1.93101
1.6              3350.63 3.49511 8678.91              -0.2219 52081.5 -18.3537
1.61              3282.37 -0.919427 8622.75              0.0760743 51787.7 4.52581
1.62              3276.58 0.910688 8675.23              0.0153178 52133.8 -5.37035
1.63              3274.89 -5.6898 8757.92              0.400338 52660.4 32.2305
1.64              3244.89 -1.44418 8760.33              0.180713 52714.8 8.9023
1.65              3199.39 0.273458 8753.26              0.237596 52714.2 -1.17109
1.66              3079.24 -0.577594 8640.1              -0.0814482 52087 3.89272
1.67              3154.89 -0.443403 8798.7              0.314751 53064 3.0002
1.68              2906.65 10.8767 8482.84              -1.48773 51235.9 -64.5272
1.69              3112.46 1.61013 8833.06              0.757478 53348.8 -9.11442
1.7              2917.51 5.14328 8604.44              0.216434 52037.1 -29.2946
1.71              2881.88 -11.0527 8533.65              1.31635 51654 65.7111
1.72              2930.58 -1.08257 8681.58              0.159762 52572.5 6.86705
1.73              2694.73 12.3459 8421.95              -0.172704 51068.1 -68.4894
1.74              2960.4 -0.744787 8808.77              1.15342 53392.1 4.37493
1.75              2636.73 3.09757 8351.46              -0.0338074 50732.3 -18.2683
1.76              3057.02 -16.5547 9094.04              1.59957 55153.9 94.6153
1.77              2691.93 -2.56615 8521.46              0.101302 51810.8 15.1042
1.78              3030 -0.288133 9074.07              1.00251 55116 2.12678
1.79              2520.94 -0.651454 8316.44              -0.270503 50678.8 4.01139
1.8              3059.93 -2.46531 9189.37              0.985721 55875.5 15.4235
1.81              2350.73 16.2934 8077.7              -2.25722 49337.3 -98.2703
1.82              3103.34 -3.7758 9333.05              0.581152 56794.9 22.1084
1.83              2543.3 -18.4332 8504              -3.50691 51907.8 99.0405
1.84              3001.15 27.4875 9324.78              5.69363 56781.5 -151.596
1.85              2368.91 -13.5544 8156.4              1.28266 49935.6 80.6699
1.86              2927.28 -1.78339 9141.62              1.49161 55806.3 11.1913
1.87              2285.49 9.41226 8136.05              -0.942818 49884.1 -54.0361
1.88              3025.74 -2.52875 9385.73              2.32748 57298.9 15.259
1.89              2270.31 1.03315 8087.64              -0.844252 49659.6 -7.24486
1.9              3065.76 -9.95199 9585.9              2.4967 58533.9 58.1155
1.91              2378.51 -5.39531 8348.11              -0.168265 51252.8 30.2946
1.92              2914.39 -1.17986 9364.19              1.7599 57279 6.98162
1.93              2293.72 -1.18687 8192.99              -0.641601 50398.9 5.48538
1.94              2864.5 -2.65977 9337.3              1.6275 57178.8 16.2425
1.95              2255.95 -0.646167 8158.19              -0.768513 50248.3 2.15978
1.96              2753.36 10.0814 9193.05              0.541106 56373.1 -61.4906
1.97              2304.61 -3.88834 8325.33              -2.22207 51276.7 18.967
1.98              2655.83 -37.1927 9241.89              -4.78912 56670.5 205.283
1.99              2228.51 44.336 8439.04              7.90992 51924.9 -247.765
2              2577.88 4.59219 9056.81              1.93368 55678.4 -27.5154
2.01              2134.78 -8.22861 8074.29              0.332184 49893.5 47.5038
2.02              2462.13 0.235374 8941.04              2.04911 55033.1 -1.76713
2.03              2011.91 -1.33251 7912.68              -0.98367 48990.1 5.05151
2.04              2388.53 3.79653 8961.38              1.78777 55191 -23.2488
2.05              1910.84 -0.601922 7824.65              -1.2289 48508.7 0.168398
2.06              2310.46 0.74853 8965.3              2.1149 55252 -5.6405
2.07              1816.74 -0.304056 7717.98              -1.52079 47927.5 -2.02912
2.08              2222.12 -3.26221 9026.85              2.64331 55643 18.4132
2.09              1748.32 -2.07396 7768.39              -1.24516 48259.1 8.4164
2.1              2063.57 0.787504 8868.59              2.34098 54742.4 -6.12623
2.11              1585.25 -0.357082 7534.18              -1.77955 46915.9 -2.59929
2.12              1922.72 1.67124 8798.98              2.69205 54365 -11.505
2.13              1450.43 -0.596518 7411.97              -1.78156 46229.5 -1.466
2.14              1753.51 1.41207 8684.09              2.63684 53711.2 -10.1089
2.15              1327.19 0.361446 7361.52              -1.58144 45962.3 -7.46514
2.16              1571.48 1.85318 8573.49              2.78467 53075.3 -13.1301
2.17              1152.88 2.90856 7235.7              -2.78538 45224.6 -24.0014
2.18              1395.56 -5.70863 8573.62              0.724441 53073.8 28.7576
2.19              1020.14 -0.417244 7267.93              -1.65269 45438.3 -3.85164
2.2              1135.16 -55.149 8404.19              -7.32822 52036.4 304.72
2.21              843.473 -5.43394 7226.58              -1.82529 45198.2 24.4329
2.22              900.594 82.9184 8352.77              18.6393 51693.8 -467.589
2.23              619.817 9.03853 7053.77              0.172297 44184.6 -57.8174
2.24              667.673 2.15648 7851.47              2.35968 48853.8 -17.0185
2.25              389.485 2.77816 6809.5              -1.38605 42762.5 -22.5699
2.26              438.472 1.0333 7759.75              2.46776 48298.4 -9.97735
2.27              160.493 1.8155 6747.07              -0.990555 42371.9 -17.1157
2.28              152.542 3.78406 7528.17              3.47961 46915 -26.4827
2.29              -95.5389 2.44834 6616.99              -0.685612 41588.8 -20.6249
2.3              -127.513 1.15068 7371.6              2.33147 45972.9 -11.1044
2.31              -376.919 2.31515 6432.56              -0.860229 40483.9 -20.0462
2.32              -397.222 -1.62647 7287.24              2.64967 45449.2 4.34287
2.33              -675.751 1.50686 6227.15              -1.10316 39253.6 -15.5563
2.34              -708.963 -0.524788 7212.8              2.62202 44968.9 -0.844715
2.35              -999.071 1.76523 5966.43              -1.53383 37694.4 -16.8733
2.36              -1005.18 -0.229571 7178.52              3.08323 44723.2 -1.54405
2.37              -1305.52 1.57647 5910.45              -1.3203 37322.4 -15.2681
2.38              -1321.89 -0.24283 7023.44              2.50387 43771.6 -1.33585
2.39              -1615.4 1.5332 5839.26              -1.29187 36860.2 -14.4882
2.4              -1638.38 -0.844087 6858.47              2.17492 42757.9 2.40607
2.41              -1906.29 0.809638 5906.41              -0.836559 37199.2 -9.38585
2.42              -1983.19 -0.525636 6462.56              1.17221 40408 0.278698
2.43              -2154.38 -0.313734 6224.6              0.34016 38997.7 -1.45455
2.44              -2259.56 -1.00826 6527.54              1.14354 40724.5 3.55732
2.45              -2459.62 -0.588662 6125.62              0.087526 38364.5 0.530035
2.46              -2564.3 -0.952869 6274.58              0.628011 39198.9 3.14068
2.47              -2715.87 -0.681576 6169.48              0.327496 38566.2 1.56164
2.48              -2791.56 -1.88127 6468.87              0.986816 40274.5 9.39821
2.49              -2944.83 -2.16321 6257.85              0.436228 39021 10.6365
2.5              -3089.88 -1.93295 6122.97              0.323225 38209.4 9.4097
2.51              -3219.42 -1.62758 6017.24              0.340176 37570.9 7.83046
2.52              -3343.42 -1.65475 5920.72              0.311674 36981.2 8.13371
2.53              -3451.07 -5.01668 5812.06              0.147198 36326.5 28.4388
2.54              -3568.57 -3.02504 5712.32              0.0450119 35719 16.5517
2.55              -3679.43 -2.61098 5625.71              0.0264792 35187 14.071
2.56              -3787.4 -2.55327 5558.78              0.0891192 34771.6 13.8404
2.57              -3882.6 -1.66252 5508.5              0.56474 34447 8.59078
2.58              -3976.94 -2.95501 5440.86              0.313493 34029 16.4787
2.59              -4044.86 5.10133 5341.17              -1.36971 33453.7 -32.9111
2.6              -4156.74 0.68865 5258.07              -0.169325 32925.8 -5.78148
2.61              -4256.99 -0.483347 5192.39              -0.0573166 32502.5 1.35135
2.62              -4341.84 -2.12445 5160.86              0.13843 32292.3 11.6638
2.63              -4466.48 23.925 5100.76              6.14548 31883.5 -133.903
2.64              -4559.1 3.5999 4880.88              1.52262 30596.1 -20.4261
2.65              -4649.89 -21.095 4893.2              -3.55735 30624.9 118.376
2.66              -4726.71 -6.39671 4798.45              -0.16997 30060 36.2238
2.67              -4832.47 -7.59893 4652.68              -0.955222 29180 42.7855
2.68              -4900.05 -11.85 4659.86              0.944104 29203.4 70.1683
2.69              -4998.52 -7.56269 4563.13              0.700952 28607.4 44.7281
2.7              -5094.63 -6.28582 4485.57              0.751524 28126.6 37.2207
2.71              -5191.39 -5.59724 4368.57              0.764218 27411.8 33.1798
2.72              -5288.78 -4.74747 4276.79              0.832747 26847.4 28.0383
2.73              -5369.8 -4.61031 4208.28              0.892273 26414 27.3739
2.74              -5462.65 -4.64206 4104.9              0.900128 25779.8 27.6289
2.75              -5550.56 -4.69225 4039.56              0.95426 25368.3 27.9977
2.76              -5623.49 -4.62687 3984.15              1.01975 25012.2 27.7898
2.77              -5718.82 -4.08534 3862.71              1.20231 24268.2 23.9646
2.78              -5799.19 -2.30138 3776.93              0.96953 23741.5 14.3494
2.79              -5867.94 -3.33912 3731.87              1.17381 23449.5 20.1172
2.8              -5943 -4.76924 3648.67              1.37669 22932 28.1447
2.81              -6017.97 -4.07748 3578.32              1.19799 22489.9 24.5005
2.82              -6101.16 -2.61996 3468.07              1.1378 21809.6 16.8692
2.83              -6170.31 -3.94323 3385.84              1.53933 21302.2 24.015
2.84              -6229.66 -4.06353 3325.92              1.25124 20921.3 24.611
2.85              -6276.94 -1.35025 3269.06              0.789243 20566.1 8.69615
2.86              -6341.7 9.57508 3233.7              4.24755 20309.5 -51.4398
2.87              -6374.6 -10.3348 3206.05              -0.59406 20121.9 59.5132
2.88              -6419.77 -5.84465 3107.74              0.576708 19528.9 34.8754
2.89              -6442.29 -4.24092 3069.59              1.26855 19287.2 26.1528
2.9              -6449.39 -5.3265 3038.53              1.63046 19078.5 33.004
2.91              -6491.82 -4.61185 2931.96              1.54219 18427.9 28.8996
2.92              -6516.13 -3.85972 2856.06              1.57345 17959 24.4667
2.93              -6551.63 -2.94017 2743.91              1.4797 17274.9 19.052
2.94              -6587.95 -5.15622 2638.29              1.64721 16631.9 31.5318
2.95              -6649.05 -5.61302 2445.21              1.40684 15472.7 33.7387
2.96              -6588.51 -0.846149 2476.8              1.19883 15635.7 7.43184
2.97              -6576.4 -3.4653 2448.09              1.45435 15445.3 21.419
2.98              -6591.94 2.95453 2376.83              1.20815 15001 -13.6952
2.99              -6556.38 -2.2966 2337.14              1.66804 14746 15.2142
3              -6573.92 -5.29557 2239.53              2.02542 14142 33.3576
3.01              -6523.47 6.82099 2260.47              2.70574 14244.2 -35.8339
3.02              -6476.46 -4.09866 2253.98              0.144323 14187.2 24.3966
3.03              -6436.1 -2.95884 2202.44              1.08283 13875.1 18.9151
3.04              -6398.67 2.4837 2155.97              0.865864 13582.5 -13.2855
3.05              -6347.03 -2.38031 2131.16              1.59576 13424.2 16.0376
3.06              -6335.28 -2.23812 2022.55              1.41939 12767.8 15.3918
3.07              -6327.37 -0.527941 1902.95              1.3948 12046.4 5.1893
3.08              -6332.73 -0.687072 1759.31              1.26374 11182.4 5.99541
3.09              -6384.49 -7.5437 1575.34              1.48856 10078.2 44.2417
3.1              -6309.61 2.01984 1515.55              0.824934 9707.52 -9.18009
3.11              -6278.54 0.176646 1439.31              0.998932 9243.41 0.0273062
3.12              -6300.92 6.84476 1303.48              0.51543 8423.06 -36.5827
3.13              -6189.89 2.68425 1349.37              0.855481 8681.72 -13.9313
3.14              -6079.48 -0.179457 1404.63              1.0808 8990.07 2.97356
3.15              -5973.2 -0.45374 1427.5              -0.000498666 9121.88 3.38325
3.16              -5961.48 3.58461 1301.88              1.53324 8368.9 -18.7085
3.17              -5899.47 3.82984 1268.31              1.03869 8155.39 -20.752
3.18              -5825.73 3.56896 1247.42              0.740296 8019.15 -19.3168
3.19              -5715.17 3.09529 1289.47              0.835712 8256.41 -16.5646
3.2              -5577.35 2.63807 1369.6              0.981196 8720.2 -13.6646
3.21              -5407.67 1.88049 1505.6              1.20297 9514.47 -9.02231
3.22              -5213.51 2.76604 1671.24              1.46822 10485.1 -13.7781
3.23              -5133.49 1.33676 1654.56              1.30117 10375.1 -5.95908
3.24              -5045.8 -0.29623 1636              1.43274 10264 2.48746
3.25              -4992.22 0.661238 1584.52              1.02334 9955.36 -2.23328
3.26              -4928.35 3.07362 1537.68              0.730203 9676.98 -15.7749
3.27              -4829.41 6.49361 1543.95              0.390851 9719.96 -35.9622
3.28              -4657.79 0.16123 1659.94              -0.170841 10402.1 -0.15121
3.29              -4718.9 4.33848 1423.7              0.965312 9014.61 -23.6131
3.3              -4676.63 2.44585 1364.44              0.933936 8664.25 -13.0771
3.31              -4618.43 4.9067 1325.4              0.249081 8434.56 -27.4784
3.32              -4450.52 4.79185 1458.19              0.53737 9212.4 -26.7699
3.33              -4205.03 3.39613 1721.58              0.991815 10750.2 -18.1418
3.34              -4040.58 2.75835 1854.71              1.09153 11524.7 -14.3489
3.35              -3910.92 3.19223 1941.39              1.13376 12027 -16.813
3.36              -3837.99 4.66989 1914.52              0.828364 11859.3 -25.4135
3.37              -3826.59 3.02678 1830.05              0.713363 11364.8 -17.0712
3.38              -3788.37 4.10139 1781.58              0.378923 11082.8 -22.8576
3.39              -3793.18 4.57756 1642.28              0.217267 10280 -26.051
3.4              -3628.93 5.24624 1800.56              -0.00547073 11201 -29.6101
3.41              -3597.7 6.056 1700.4              -0.110976 10635.1 -34.6805
3.42              -3484.22 4.63964 1798.36              0.369933 11191.1 -26.7573
3.43              -3359.07 3.10043 1907.95              0.396697 11817.5 -17.8844
3.44              -3287.97 2.79921 1942.01              0.450446 12002.2 -16.1365
3.45              -3224.7 3.23118 1978.44              0.288008 12193.9 -18.4593
3.46              -3181.85 3.55034 1987.9              0.173771 12227.8 -20.4069
3.47              -3178.91 4.10187 1932.07              -0.0741222 11888.4 -23.6304
3.48              -3151.39 4.22536 1917.7              -0.0750638 11787.8 -24.6752
3.49              -3102.26 3.91784 1944.86              0.23218 11924.6 -23.5626
3.5              -3063.71 3.73306 1946.4              -0.210537 11916.4 -22.0491
3.51              -2980.37 3.78242 2036.92              -0.330519 12398.9 -21.7398
3.52              -2941.81 3.16527 2029.35              0.0418245 12348.6 -19.117
3.53              -3053.69 6.42705 1745.21              -0.722663 10741.5 -37.8816
3.54              -3094.29 7.34151 1563.25              -1.06476 9723.96 -43.8873
3.55              -2958.8 5.82894 1679.83              -0.239857 10392.2 -35.4886
3.56              -2602.49 -7.32568 2248.2              -1.86065 13576.6 36.1828
3.57              -2648.65 0.491118 2092.36              -0.189752 12693.8 -6.07213
3.58              -2546.44 8.65361 2149.35              2.11182 13024.6 -48.6262
3.59              -2527.86 3.43345 2097.32              1.65573 12731.6 -21.3207
3.6              -2466.67 4.6674 2110.32              0.759878 12800.5 -29.3389
3.61              -2388.08 4.52515 2145.1              0.672773 12995 -29.0757
3.62              -2311 4.10886 2170.97              0.349926 13141.3 -26.574
3.63              -2240.77 3.67913 2186.91              0.113815 13231.1 -24.1027
3.64              -2128.2 2.94603 2277.48              0.200941 13732.9 -19.999
3.65              -2010.28 2.69223 2388.93              0.00178647 14346.8 -18.1308
3.66              -1958.94 4.66386 2341.61              -0.492896 14088 -28.8431
3.67              -1840.15 8.09971 2426.61              -0.762744 14552.9 -46.9858
3.68              -1704.5 -0.252647 2640.04              -0.732843 15700.4 -0.814339
3.69              -1620.76 -1.38731 2666.01              -0.734884 15845.4 5.5421
3.7              -1521.26 0.0161597 2750.58              -0.660709 16298.4 -1.04244
3.71              -1417.12 -5.83656 2787.29              -0.719131 16497.4 29.957
3.72              -1337.7 -0.413728 2850.59              -1.33505 16830.4 2.13217
3.73              -1264.59 -0.279574 2869.66              -1.17746 16921.6 1.04928
3.74              -1166.48 4.27215 2874.77              -1.68702 16959.8 -24.6364
3.75              -1112.34 -0.00542086 2901              -1.23474 17065.8 -0.375496
3.76              -1106.18 -5.74267 2722.58              -2.29224 16092.8 29.0825
3.77              -1022.16 -2.48551 2776.4              -1.5562 16366.2 12.5493
3.78              -939.816 5.41904 2761.97              0.305829 16286.9 -28.1733
3.79              -864.885 1.32035 2810.94              -0.81148 16530.6 -7.16373
3.8              -800.504 1.62682 2794.57              -0.504501 16436.1 -8.66135
3.81              -707.949 -3.34682 2846.71              -0.411804 16708.3 19.2368
3.82              -627.359 0.271392 2874.8              -0.853225 16840.5 -1.67821
3.83              -531.637 0.420641 2944.35              -0.755007 17202.7 -2.73388
3.84              -451.469 0.399826 2947.78              -0.695736 17212 -2.62386
3.85              -422.176 0.874447 2778.51              -0.686092 16308.3 -5.3808
3.86              -392.369 2.30863 2596.2              -0.822248 15337.9 -13.7707
3.87              -325.392 1.99764 2538.33              -0.716102 15028.2 -11.9699
3.88              -243.947 1.68094 2527.5              -0.540223 14965.1 -10.0681
3.89              -72.3715 0.628001 2866.73              -0.210796 16736.5 -3.86776
3.9              81.481 -1.32407 3099.49              -0.00713461 17963.2 7.25987
3.91              202.223 -0.0497554 3264.04              0.0122981 18832.8 0.464666
3.92              313.038 -0.232592 3354.6              0.0748965 19309.6 1.49431
3.93              410.729 -0.349235 3428.41              0.135924 19699.9 2.279
3.94              509.731 -0.35614 3522.72              0.217446 20197.3 2.47021
3.95              623.767 -0.793069 3683.53              0.419977 21042.1 5.15406
3.96              710.76 -0.294849 3741.55              0.388637 21350.9 2.35382
3.97              831.767 3.12524 3881.67              0.138523 22099.2 -15.6401
3.98              895.999 -0.777136 3956.71              0.773648 22481.4 5.0803
3.99              975.776 -0.967238 4026.21              0.863296 22850.3 6.42853
4              1048.36 -1.68394 4059.87              1.08867 23030.5 10.9909
4.01              1133.42 -1.13017 4107.65              1.10615 23288.9 7.71952
4.02              1217.92 -0.0900524 4183.71              0.975772 23693.6 1.49737
4.03              1311.77 -1.18377 4310.89              1.25786 24368.5 8.58737
4.04              1400.74 -0.733037 4421.25              1.20648 24957.6 5.82397
4.05              1481.93 -0.721337 4484.24              1.22294 25297.7 5.87545
4.06              1559.43 -0.725897 4487.02              1.24401 25329.8 5.98356
4.07              1636.31 -0.476778 4505.54              1.19944 25445.9 4.4834
4.08              1708.58 0.305466 4453.73              0.988655 25200.4 -0.0230666
4.09              1806.38 -0.314724 4496.21              1.14767 25442.7 3.7851
4.1              1895.57 0.582562 4501.09              0.958998 25492.7 -1.33912
4.11              2012.39 2.65258 4560.23              0.949201 25836.7 -12.0605
4.12              2081.97 0.977914 4593.54              0.973616 26040.6 -3.26192
4.13              2180 0.633192 4614.06              1.01727 26175.8 -1.27069
4.14              2275.55 0.166138 4684.81              1.07984 26570.9 1.81393
4.15              2384.94 0.142375 4731.51              1.15716 26841.9 2.16834
4.16              2468.15 -0.14606 4801.32              1.35947 27242.1 3.99154
4.17              2565.21 0.130332 4839.08              1.33403 27472.6 2.71418
4.18              2674.77 -1.20907 4897              1.2982 27809.2 9.99397
4.19              2767.65 -0.351509 4952.57              1.39807 28137.8 5.58965
4.2              2861.33 0.153698 4995.13              1.41653 28395.7 2.87748
4.21              2957.96 -0.615493 5090.26              1.58622 28932 7.82915
4.22              3060.8 1.36161 5186.07              1.62762 29475.1 -3.87674
4.23              3157.37 -0.439898 5264.04              2.10313 29926.2 7.19645
4.24              3246.77 0.132643 5319.27              1.72858 30260.2 4.88255
4.25              3348.39 -0.601928 5384.67              2.0671 30648.7 8.40675
4.26              3434.01 1.17849 5470.25              1.82994 31147.2 -2.11991
4.27              3534.85 -5.10857 5555.74              2.20266 31652.3 34.4966
4.28              3613.83 1.85702 5610.12              2.9106 31980 -4.41481
4.29              3701.89 2.62589 5674.46              1.79525 32367.1 -10.2678
4.3              3787.19 28.7126 5650.25              8.94439 32295.4 -145.362
4.31              3856.39 1.39902 5788.69              1.82234 33067.4 -2.42807
4.32              3942.68 -31.5543 5762.74              -6.21095 32991.3 170.87
4.33              3985.43 -1.38268 5868.87              1.44009 33579.5 12.0025
4.34              4077.04 5.95826 5968.62              1.75796 34180.1 -29.0364
4.35              4175.4 1.29406 6120.91              2.16644 35039.6 -2.26937
4.36              4197.73 2.13081 6063.08              1.6847 34742.6 -6.46356
4.37              4295.58 -1.05555 6201.52              2.03931 35563.3 10.8298
4.38              4323.05 1.23037 6191.06              1.53224 35549.1 -1.68419
4.39              4496.97 -0.261717 6543.82              2.34026 37530.3 5.9284
4.4              4477.65 2.05836 6427.61              1.71433 36956.9 -6.26306
4.41              4629.44 4.43441 6719.35              1.95353 38610.1 -17.8129
4.42              4616.3 3.58647 6645.71              1.51925 38256.5 -13.8997
4.43              4754.16 2.2393 6945.57              2.04296 39959.1 -6.65002
4.44              4744.46 2.502 6850.95              1.56784 39491.1 -8.43284
4.45              4831.83 1.89379 7050.01              1.95256 40649.5 -4.62932
4.46              4867.73 3.12247 7110.45              1.86007 41042.3 -12.141
4.47              4941.07 2.51858 7204.12              1.91927 41606.1 -8.93823
4.48              4975.58 2.10217 7279.15              1.62962 42086.4 -6.14912
4.49              5026.69 4.36242 7364.9              2.24466 42621.7 -19.4025
4.5              5069.44 15.8517 7398.9              4.89013 42885.4 -80.0412
4.51              5041.58 -9.23818 7363.96              -0.895409 42757.5 52.3291
4.52              5161.06 1.60361 7664.78              1.89426 44476.7 -4.88114
4.53              5131.39 2.9509 7590.59              1.91272 44120 -12.4129
4.54              5175.36 3.02012 7686.4              2.1372 44691.6 -12.7672
4.55              5002.74 6.57409 7404.31              0.910354 43194.4 -32.6168
4.56              5242.83 2.10874 7873.96              2.38555 45876.1 -8.93876
4.57              5114.62 6.31809 7632.65              1.29069 44608.9 -32.693
4.58              5378.56 1.40755 8236.31              2.49445 48040.2 -4.36592
4.59              5255.09 4.66004 8022.5              1.6155 46916.8 -22.9882
4.6              5444.12 4.06549 8427.49              2.35283 49250.1 -19.3711
4.61              5274.37 5.32041 8121.27              1.37219 47606.1 -26.8121
4.62              5437.6 3.69038 8500.24              1.90241 49799.8 -17.1812
4.63              5153.2 5.81432 7996.13              0.506267 47043.1 -29.7548
4.64              5391.72 10.1749 8516.51              0.495298 50029.6 -54.9992
4.65              5305.35 -3.84961 8416.07              -0.821656 49535 22.2277
4.66              5475.63 14.4045 8802.64              3.71855 51785.8 -74.592
4.67              5320.63 6.17699 8531.33              0.309146 50336.1 -31.7576
4.68              5483.74 -1.96794 8902.76              1.4029 52480.4 16.3382
4.69              5388.83 9.17908 8837.61              0.817162 52176.5 -45.8298
4.7              5489.58 2.09361 9075.31              1.25128 53609.7 -7.86052
4.71              5311.89 3.45845 8779.28              0.415578 52000.6 -16.0493
4.72              5499.07 -2.77596 9232.73              1.28773 54656.6 19.3446
4.73              5112.06 1.37435 8539.55              -0.61781 50799 -4.49021
4.74              5708.81 1.65523 9742.43              1.88809 57702.8 -4.64594
4.75              4989.17 3.25021 8435.88              -1.3053 50355.9 -15.5513
4.76              5801.89 -0.261081 10064.6              2.09161 59693.7 6.25708
4.77              5039.03 11.1566 8675.09              -2.40587 51850.3 -62.6784
4.78              5814.33 -0.847284 10280.8              1.64329 61078 8.71466
4.79              5230.05 -23.8433 9279.88              -5.10214 55424 129.458
4.8              5614.65 29.8631 10162.5              5.89686 60526.2 -158.571
4.81              5200.3 0.3801 9337.25              -0.522738 55893.7 1.40813
4.82              5427.47 -0.0748046 9842.42              0.808029 58859.6 3.23691
4.83              5220.89 8.7961 9594              -0.681982 57508.9 -46.6086
4.84              5347.12 -0.284902 9881.66              0.532872 59227.2 2.69804
4.85              5170.4 -3.37157 9649.91              -0.270851 57974.9 19.4134
4.86              5481.39 -3.55278 10364              1.307 62132.8 21.7203
4.87              5167.07 1.36246 9809.79              -0.266926 59023.4 -7.1499
4.88              5386.86 -0.404425 10351.8              0.771902 62207.4 3.32653
4.89              5081.04 0.230062 9804.04              -0.514456 59127.4 -0.916485
4.9              5353.14 -0.547007 10469.5              0.963682 63022 3.82385
4.91              5138.63 4.40858 10124.4              -1.49761 61085 -27.2372
4.92              5266.47 -33.8115 10608.4              -4.68724 63916.7 181.993
4.93              5052.61 38.1886 10317.5              5.99204 62287.2 -209.288
4.94              5138.43 -2.38487 10425.5              2.63872 63001.4 14.8674
4.95              4961.13 1.67103 10117.7              1.03606 61290.7 -10.4414
4.96              5039.87 6.45295 10439.9              0.788258 63218.8 -36.6037
4.97              4895.78 0.522797 10171.5              0.97268 61726.3 -5.10855
4.98              5018.06 1.96575 10521.6              1.25767 63815 -13.3799
4.99              4859.48 -5.31012 10312.2              1.05195 62656.6 27.7407
5              5044.59 -0.676628 10819.7              1.64734 65649.3 2.023
5.01              4829.92 1.11364 10417.2              0.712015 63377.8 -9.17193
5.02              4895.94 0.0655429 10679.2              1.27389 64947.2 -2.58331
5.03              4744.41 0.883103 10400.3              0.717985 63391.4 -8.25222
5.04              4777.44 7.97094 10593.3              0.212502 64545.6 -50.6464
5.05              4731.42 -3.08412 10575.1              -0.135004 64501.3 13.2952
5.06              4710.34 -46.268 10763.2              -5.69063 65597 249.152
5.07              4602.76 49.7344 10658.8              8.41563 65020.2 -277.065
5.08              4606.05 -0.255095 10557.8              2.92587 64519.6 0.151726
5.09              4495.48 1.04122 10336.6              1.16728 63291 -9.78767
5.1              4547.9 4.56542 10632.4              0.995353 65051.2 -29.5933
5.11              4409.97 -0.183654 10301.9              1.10027 63168.7 -3.57359
5.12              4526.42 0.785393 10722.1              1.5141 65649.1 -8.82248
5.13              4341.18 -3.69204 10316              0.647382 63327.4 16.7129
5.14              4530.06 -2.62521 10989.1              2.01013 67269.8 11.5097
5.15              4254.7 -0.362611 10267.1              0.251256 63111.7 -2.9286
5.16              4375.88 -0.568678 10741.5              1.48616 65907.5 -0.830757
5.17              4124.45 -1.88772 10082.6              -0.119311 62111.9 6.07376
5.18              4263.98 -1.08098 10644.1              1.35977 65410.7 2.23996
5.19              4011.97 4.04219 9986.51              -0.838983 61606.8 -30.1377
5.2              4186.27 -8.77102 10739.3              -0.496872 66011.6 45.3821
5.21              3912.67 -64.656 10121              -9.36042 62407 351.668
5.22              4032.29 64.8939 10819.2              12.4343 66465.5 -361.166
5.23              3828.04 4.24522 10002              0.504066 61817.8 -29.1469
5.24              3867.71 -5.70168 10403.1              2.07317 64151.1 30.909
5.25              3702.67 -0.453695 9998.26              0.878226 61829.2 -1.78695
5.26              3723.47 -0.553993 10353.5              1.17353 63917.2 -0.64476
5.27              3568.63 -2.49013 10010.6              0.0770831 61937.7 9.98522
5.28              3571.27 -4.32797 10300.1              0.936776 63643.1 21.6997
5.29              3405.65 -2.94978 9926.39              -0.115357 61478.1 12.7985
5.3              3405.56 -5.17018 10258.9              0.788413 63437.3 27.221
5.31              3234.9 -4.14288 9870.96              -0.0731408 61192.4 20.1262
5.32              3260.3 -3.87492 10371.1              1.34237 64117.9 19.9641
5.33              3023.49 -3.3343 9681.1              -0.463235 60118.5 15.0618
5.34              3034.62 -3.35439 10148.4              1.0164 62847.9 16.7676
5.35              2803.79 -3.75708 9450.16              -0.867244 58798.9 17.4717
5.36              2826.15 -3.90644 10056.5              1.09993 62336.3 20.4656
5.37              2582.72 -3.95611 9253.31              -1.22992 57668.3 18.5697
5.38              2614.24 -3.63527 9946.68              1.35666 61710 18.9597
5.39              2361.53 -4.15368 9100.08              -1.27725 56787 19.7304
5.4              2363.32 -3.00218 9747.2              0.338817 60544.3 14.3316
5.41              2139.17 -15.1723 9007.63              -4.22182 56243.8 81.8216
5.42              2157.89 -4.09772 9755.88              1.8246 60601.9 22.0748
5.43              1880.23 -76.4375 8921.47              -11.738 55694.3 423.287
5.44              1919.77 -4.00359 9709.71              2.40561 60318.8 22.2892
5.45              1598.72 83.8893 8689.98              12.4741 54304.8 -470.972
5.46              1676.42 2.43369 9689.22              3.72372 60194.3 -14.1523
5.47              1315.78 -2.08904 7912.98              -3.31708 49859.4 7.1602
5.48              1425.07 -4.22488 9621.82              3.0596 59785.7 24.0701
5.49              1072.95 -3.07642 7830.99              -3.39923 49348.9 12.7464
5.5              1145.74 -4.80928 9457.48              3.07313 58796.6 27.0239
5.51              830.925 -0.400515 8041.62              -1.02163 50536.3 -2.51224
5.52              838.599 -3.73781 9206.02              2.62115 57290.7 20.1683
5.53              578.587 -2.73261 8156.19              -1.11416 51160.3 11.2141
5.54              527.708 -3.04967 8882.43              1.9489 55359.8 14.9859
5.55              295.065 -3.64214 7874.14              -1.18792 49479 14.637
5.56              234.959 -3.2565 8719.93              2.20742 54367.1 15.389
5.57              -19.3456 -2.12771 7686.8              -1.31379 48337.6 6.12962
5.58              -61.4965 -1.45687 8582.48              2.89314 53510.6 5.29969
5.59              -299.815 -1.00827 7712.95              -0.425962 48429.3 0.0398761
5.6              -394.3 -1.4756 8163.47              1.76809 51018.2 4.2027
5.61              -578.718 -0.222624 7690.81              0.124141 48243.6 -4.42358
5.62              -717.444 -0.8338 7783.02              0.960318 48748.2 -0.0874926
5.63              -876.631 -0.291776 7598.26              0.499716 47644.4 -3.55736
5.64              -1007.69 -1.0117 7630.4              0.789804 47796.1 1.14364
5.65              -1175.45 -0.136257 7415.62              0.571766 46518.7 -4.28212
5.66              -1298.66 -1.50581 7546.69              0.993932 47244.9 4.72475
5.67              -1478.15 -0.273047 7106.15              -0.0577893 44649.4 -3.35304
5.68              -1577.67 -1.83062 7578.95              1.62284 47367.1 7.50507
5.69              -1794.75 -0.240678 6875.42              -0.509494 43246.3 -3.71616
5.7              -1846.74 -1.55528 7523.44              1.81247 46974 6.36836
5.71              -2080.05 -0.425087 6756.95              -0.561595 42488.2 -2.11036
5.72              -2132.87 -3.50578 7454.15              1.60321 46503.5 17.9836
5.73              -2369.99 -0.971211 6628.8              -0.703893 41670.5 1.35437
5.74              -2409.56 -2.40845 7353.84              1.94526 45846.2 12.5454
5.75              -2657.88 -0.816251 6376.43              -1.12165 40125.5 0.866092
5.76              -2653.71 -10.6795 7239.56              2.01495 45111.9 61.8018
5.77              -2957.47 -2.48706 6134.08              -1.72071 38646 11.4458
5.78              -2930.81 -3.14968 7210.93              1.94819 44861 18.6597
5.79              -3211.52 -1.94025 6101.31              -1.39687 38374.6 8.43391
5.8              -3231.29 -3.45978 6881.94              0.82988 42874.2 20.0557
5.81              -3384.93 -4.44282 6599.83              0.173836 41187.1 25.5275
5.82              -3365.88 6.29687 7417.31              0.591901 45934.6 -38.0278
5.83              -3576.08 0.389996 6961.96              0.887427 43208.5 -2.60366
5.84              -3683.3 -2.56542 7113.15              1.56104 44045.7 16.0906
5.85              -3823.1 -3.93699 6909.4              1.09764 42820.3 24.1141
5.86              -3945.95 17.1951 6918.42              5.39694 42809 -93.8895
5.87              -4070.85 0.327387 6782.72              1.8123 41993 0.924976
5.88              -4218.18 -22.963 6716.78              -2.33503 41557.6 130.807
5.89              -4312.91 -5.73183 6612.64              0.598116 40922.3 34.3286
5.9              -4461.83 -7.7947 6381.5              -0.795015 39531 45.5029
5.91              -4553.9 -10.4035 6359              2.01985 39381.9 63.5875
5.92              -4713.93 -5.8156 6087.39              1.03762 37756.7 35.6124
5.93              -4822.44 -4.64252 6044.12              0.835197 37468.2 29.0386
5.94              -4955.36 -1.84133 5845.55              1.34466 36274.4 11.7953
5.95              -5063.97 -1.31562 5762.54              1.37574 35754.2 8.60736
5.96              -5161.7 -1.69237 5708.76              1.60334 35401.5 10.9285
5.97              -5298.95 -1.63715 5464.83              1.18136 33950.1 10.5839
5.98              -5407.31 -1.19384 5355.28              1.40314 33274.8 7.78799
5.99              -5497.54 -2.61696 5277.34              1.07408 32779.6 16.1419
6              -5614.96 -0.802441 5063.53              0.806515 31502.8 5.14676
6.01              -5677.1 -1.34914 5082.03              0.884539 31582.9 8.92082
6.02              -5786.46 -1.88631 5000.83              1.06671 31071.9 12.0944
6.03              -5854.06 -4.44934 4926.38              1.04138 30596.3 26.1376
6.04              -5969.14 -1.57122 4786.65              1.22457 29753.2 10.6529
6.05              -6044.63 -3.77799 4715.31              1.17561 29300 23.0202
6.06              -6172.55 -2.33232 4453.61              1.25883 27744.9 14.4836
6.07              -6200.09 -2.07474 4593.84              0.961514 28531.9 13.0044
6.08              -6334.2 24.2332 4382.34              5.95763 27240.4 -134.045
6.09              -6381.37 4.57673 4291.2              2.16812 26706.3 -24.5941
6.1              -6466.33 -19.2991 4257.48              -3.30085 26456.3 108.658
6.11              -6539.69 -6.68296 4074.77              -0.651702 25370.7 38.0791
6.12              -6588.24 -6.25922 4082.09              0.791072 25394.1 37.388
6.13              -6637.45 -3.76598 4040.53              0.998147 25115.5 23.0814
6.14              -6708.23 -2.62425 3907.79              1.29411 24303.6 16.438
6.15              -6769.94 -2.27307 3854.25              0.881695 23960.1 14.4829
6.16              -6819.39 -2.39652 3739.18              1.15877 23248.2 15.259
6.17              -6882.21 -3.81906 3679.8              1.4948 22871 23.3114
6.18              -6968.67 -4.96316 3476.16              1.28982 21650.6 29.6766
6.19              -6959.44 -0.359582 3458.16              1.09916 21518.7 3.74017
6.2              -6995.54 -2.48182 3368.43              1.28714 20964.6 14.7986
6.21              -7075.63 5.35769 3225.91              1.2306 20098 -29.0149
6.22              -7080.68 1.96847 3169.41              1.61882 19740.9 -11.1633
6.23              -7129.09 0.136423 3041.18              1.73053 18945.5 -0.823975
6.24              -7139.66 18.0804 3003.93              3.46507 18676.4 -102.275
6.25              -7091.22 -4.7766 3069.72              -1.57068 19004.4 24.659
6.26              -7052.15 -1.68056 2983.22              0.238266 18459.1 9.12278
6.27              -7044.49 3.68749 2801.92              0.891818 17364.6 -22.2419
6.28              -6993.81 -2.17281 2725.05              2.11728 16885.3 14.0228
6.29              -6957.3 -1.76124 2611.43              2.29439 16194.8 11.958
6.3              -6937.51 -1.29823 2452.87              2.42729 15245.5 10.0182
6.31              -6907.99 -3.41364 2344.3              2.70887 14589 21.6296
6.32              -6900.12 -6.41375 2161.13              2.39164 13502.9 39.0851
6.33              -6837.16 0.962195 2023.93              1.88656 12687.5 -2.54173
6.34              -6818.21 -0.880322 1848.07              1.82354 11651.3 6.87593
6.35              -6829.9 7.1394 1669.38              1.46276 10588 -36.814
6.36              -6759 -1.49188 1574.87              1.77526 10024.7 11.7483
6.37              -6700.83 3.18622 1498.01              0.939844 9563.56 -16.5019
6.38              -6477.72 0.0996551 1799.04              1.55024 11298.9 1.52888
6.39              -6512.87 4.17729 1481.08              2.03994 9444.49 -21.1372
6.4              -6508.79 5.24982 1283.56              0.966986 8287.16 -28.6006
6.41              -6423.54 3.87283 1271.18              1.12766 8203.53 -20.3177
6.42              -6352.09 3.96822 1202.9              1.05787 7794.72 -20.7661
6.43              -6225.92 3.97108 1269.09              1.2112 8165.03 -20.7288
6.44              -6082 3.87649 1373.37              1.53414 8756.49 -19.7145
6.45              -5824.18 4.71258 1718.08              2.25117 10739.7 -24.2
6.46              -5641.48 1.43503 1901.91              2.52445 11788.5 -5.41977
6.47              -5503.18 -0.600738 1957.21              2.534 12100.9 5.50766
6.48              -5426.79 1.31158 1908.9              2.30106 11812.5 -4.64353
6.49              -5313.58 3.68477 1941.08              1.9654 11996.2 -17.6911
6.5              -5193.6 6.60279 1959.91              1.42436 12104.2 -35.0378
6.51              -5121.63 1.31698 1877.28              0.814298 11625.9 -6.26288
6.52              -5004.97 3.42155 1910.88              2.05001 11814.1 -16.7238
6.53              -4944.5 3.60665 1820.23              2.01317 11288.7 -18.2221
6.54              -4904.65 4.76794 1704.3              1.52182 10617.1 -24.997
6.55              -4834.26 5.47196 1641.53              1.28995 10253.5 -29.1936
6.56              -4816.66 6.51638 1478.97              0.774119 9320.97 -35.3406
6.57              -4659.28 6.00003 1579.69              0.821963 9905.63 -31.7995
6.58              -4402.11 4.6561 1845.4              1.35129 11440.5 -23.423
6.59              -4135.85 3.28661 2111.51              1.67218 12971.6 -15.1486
6.6              -4004.57 1.2427 2137.1              1.83069 13129.9 -4.34114
6.61              -3941.31 4.98039 2091.88              1.55316 12871.9 -24.8493
6.62              -3847.05 3.42579 2057.26              2.11922 12676.4 -17.3894
6.63              -3767.71 0.695987 2030.27              1.69937 12525 -2.40654
6.64              -3770.02 11.2191 1908.05              3.41606 11809 -61.201
6.65              -3662.58 1.1045 1942.58              -0.0832718 12004.3 -7.88083
6.66              -3568.5 2.55735 1960.22              1.13499 12100.3 -15.4852
6.67              -3502.03 7.67097 1942.01              1.57806 11987.1 -44.7733
6.68              -3407.45 3.91179 1981.35              2.24442 12203 -22.6172
6.69              -3362.45 4.20399 1947.09              1.98595 11991.9 -24.1888
6.7              -3345.5 6.03403 1883.22              1.95883 11604.6 -34.9334
6.71              -3277.14 5.28113 1903.81              2.19094 11700 -30.9023
6.72              -3294.22 -2.76523 1837.17              2.26234 11295.9 13.0381
6.73              -3162.18 6.67463 1911.81              1.48768 11690.7 -37.4916
6.74              -3117.54 5.47494 1908.35              1.71943 11648.9 -31.3093
6.75              -3075.83 4.6634 1900.35              2.04498 11580.9 -27.2375
6.76              -3093.71 13.0386 1803.73              1.73109 11018.1 -72.6278
6.77              -2979.61 6.64774 1869.6              2.80674 11379.5 -39.1523
6.78              -2894.82 5.40889 1882.59              1.94966 11452.9 -31.9351
6.79              -2973.77 14.3831 1712.07              3.85108 10473.3 -81.2952
6.8              -2813.9 4.39183 1880.01              1.41103 11412.4 -28.4016
6.81              -2708.88 3.42478 1962.48              2.16007 11870.7 -22.4075
6.82              -2625.07 9.43372 2009.4              2.57883 12126.6 -57.0931
6.83              -2544.95 5.47383 2060              3.45319 12410.3 -34.3559
6.84              -2469.06 5.66225 2097.36              3.70577 12617.4 -35.8421
6.85              -2392.39 6.26805 2136.83              3.98447 12836.3 -39.913
6.86              -2351.73 7.70855 2113.1              4.30573 12707 -49.1222
6.87              -2265.23 8.15504 2166.46              4.52394 13003.8 -51.8257
6.88              -2182.94 7.2938 2212.29              4.56034 13258.4 -47.1702
6.89              -2193.93 1.76307 2139.78              4.81413 12851.7 -18.9012
6.9              -2021.34 7.69927 2273.39              4.01865 13590.2 -49.4375
6.91              -1937.91 5.84466 2384.47              3.44917 14188.5 -38.0616
6.92              -1836.03 3.92089 2444.65              3.0722 14519.7 -26.6236
6.93              -1738.19 3.68675 2525.21              2.17835 14954.8 -23.9062
6.94              -1730.1 2.73939 2455.08              0.441494 14568.7 -11.8723
6.95              -1605.28 -1.70596 2513.82              1.25187 14903.4 10.2163
6.96              -1529.21 -4.12099 2544.92              0.886659 15070.4 24.3672
6.97              -1458.66 -1.89257 2507.35              0.822109 14878.3 11.1901
6.98              -1466.42 -0.444658 2355.65              -0.236602 14059 4.02862
6.99              -1422.38 3.27842 2274.31              1.3717 13627.2 -16.095
7              -1359.03 0.0912982 2209.46              -0.169616 13290.8 -0.613102
7.01              -1234.21 6.10689 2313.38              1.66446 13846.8 -31.9425
7.02              -1108.11 1.18587 2486.69              1.18399 14756.7 -5.65255
7.03              -1008.81 0.370051 2555.19              0.813776 15116.4 -1.84487
7.04              -910.554 0.87605 2650.37              0.676512 15610.6 -4.8924
7.05              -842.636 0.0999939 2646.35              0.764692 15583.3 -0.341927
7.06              -745.26 -0.101542 2736.26              0.870051 16049.4 1.08087
7.07              -673.079 -0.505064 2742.52              1.01907 16073.1 3.41035
7.08              -588.344 -1.11462 2792.32              1.0356 16325.8 7.06414
7.09              -512.1 -0.653813 2816.06              0.984896 16439.5 4.31709
7.1              -452.522 -0.946212 2777.08              1.20206 16225.4 6.49325
7.11              -386.86 -0.889304 2772.71              1.18106 16192.5 6.72705
7.12              -329.268 -0.606173 2700.28              0.918195 15806.8 5.26532
7.13              -226.405 -0.564822 2847.72              0.820668 16560.8 5.25952
7.14              -144.792 -0.437031 2880.18              0.781001 16717.2 4.37943
7.15              -61.1089 -0.47409 2940.99              0.790698 17021.3 4.61202
7.16              18.2553 -0.502407 2984.5              0.883682 17236.1 4.78474
7.17              92.9888 -0.563626 3012.08              0.821528 17369.8 5.20324
7.18              144.588 -0.632791 2870.4              0.711445 16628.1 5.8219
7.19              203.615 -0.440161 2710.7              0.489311 15800.9 4.85361
7.2              313.893 0.57578 2877.39              0.399787 16652.5 -0.340251
7.21              395.199 -0.662954 2964.95              0.781454 17087.5 6.08218
7.22              481.425 -0.720105 3012.25              0.930925 17321.4 6.41189
7.23              563.77 -0.696405 3048.92              1.06557 17502 6.25522
7.24              648.212 -0.900275 3131.89              1.1438 17921.1 7.49239
7.25              730.942 -1.03814 3189.81              1.31552 18209.5 8.36134
7.26              813.87 -1.09987 3298.86              1.62612 18763.4 8.73809
7.27              892.786 -1.23888 3377.71              1.95113 19164.6 9.72752
7.28              976.129 -1.53323 3475.97              2.22843 19666.2 11.5408
7.29              1054.62 -1.84187 3563.04              2.44345 20117 13.3529
7.3              1126.82 -1.57012 3641.34              2.5392 20525.3 11.7703
7.31              1191.28 -2.34595 3742.53              2.81643 21062.5 16.2794
7.32              1277.44 -3.03918 3822.72              3.01478 21478.5 20.3736
7.33              1350.58 -2.82702 3940.56              3.16195 22103.5 19.1667
7.34              1424.31 -3.6545 4071.48              3.46111 22798.1 24.2783
7.35              1483.71 -3.41402 4073.73              3.57432 22825.9 23.0634
7.36              1538.6 -4.22216 4039.41              3.80912 22661.7 27.9737
7.37              1602.14 -3.64293 4022.08              3.78758 22584.7 24.5317
7.38              1670.57 -3.16905 4038.84              3.77979 22689.1 21.683
7.39              1718.06 -3.79193 4051.75              3.93057 22783.4 25.2831
7.4              1790.5 -4.78291 4082.6              4.02902 22966.3 31.0706
7.41              1864.46 -4.45103 4115.91              4.13629 23159.5 29.1238
7.42              1939.13 -4.06679 4151.21              4.17419 23369.4 26.7178
7.43              2008.82 -4.23128 4190.43              4.22135 23601.9 27.3916
7.44              2080.23 -4.15798 4236              4.22354 23869.8 26.8265
7.45              2153.85 -3.82883 4270.42              4.18391 24078.2 24.904
7.46              2234.61 -3.0645 4261.67              4.09167 24057.3 19.6527
7.47              2300.91 -3.45985 4266.76              3.79299 24107.8 22.2797
7.48              2345.91 -4.50315 4187.6              3.58009 23714 28.9237
7.49              2407.56 -2.98608 4146.25              3.13065 23515.2 19.4894
7.5              2503.66 -4.39433 4317.63              2.98891 24457.4 27.5136
7.51              2540.41 -3.78006 4238.86              2.75126 24067.3 24.3092
7.52              2708.41 -4.39184 4656.79              3.3684 26346.1 27.6599
7.53              2647.89 -1.26876 4167.1              2.40044 23747.4 11.1298
7.54              2886.23 -2.49273 4875.63              4.01316 27594.2 17.9381
7.55              2807.34 -6.5396 4388.99              1.23893 24999.7 37.9693
7.56              3055.19 -6.46821 5036.38              1.95318 28536.5 38.2805
7.57              2996.95 -6.39482 4625.86              1.05517 26336.5 38.4393
7.58              3192.45 -5.48004 5135.83              2.30178 29150.2 34.1692
7.59              3176.92 -5.32914 4921.03              1.49565 27997.4 32.9474
7.6              3327.64 -0.658489 5315.6              1.86113 30194.6 8.71214
7.61              3348.75 -4.8615 5196.09              1.52377 29594.2 30.3675
7.62              3461.19 -4.87174 5364.09              1.95948 30552.1 30.3586
7.63              3509.25 -3.36951 5360.46              1.77697 30597.5 22.4923
7.64              3607.83 -5.83003 5585.66              2.09783 31863.1 36.5037
7.65              3687.77 -3.87719 5679.84              1.99928 32430.1 26.4597
7.66              3749.31 -3.26559 5763.61              2.0075 32942.5 23.3237
7.67              3832.1 -2.20967 5842.54              2.08398 33421.6 17.496
7.68              3881.33 -1.98623 5929.49              2.04098 33962.1 16.3757
7.69              3951.69 -1.13414 6003.28              1.8773 34410.7 10.9293
7.7              4004.31 -0.635385 6099.6              1.86514 34999.3 8.39219
7.71              4041.85 3.60137 6175.6              0.96758 35473.2 -16.0561
7.72              4162.17 -2.02354 6378.97              1.17654 36646.3 15.7177
7.73              4173.08 -9.22843 6343.3              -0.466575 36507.8 52.8383
7.74              4262.26 11.0776 6560.75              4.57123 37774.1 -54.637
7.75              4263.76 3.65379 6485.54              1.76409 37425.8 -15.6721
7.76              4373.14 2.05304 6710.84              1.95419 38722.2 -7.17769
7.77              4366.58 3.6069 6686.56              2.17648 38635.9 -16.0766
7.78              4487.3 5.32915 6966.74              2.021 40261.5 -24.6812
7.79              4521.29 2.31371 6945.28              2.16478 40198.8 -10.7976
7.8              4556.52 4.65234 7057.55              1.95313 40909.9 -23.5144
7.81              4616.24 3.53467 7171.81              2.02985 41602.8 -17.1924
7.82              4659.03 4.65281 7329.47              2.04419 42561.8 -23.654
7.83              4632.39 5.26935 7224.5              1.71462 42046 -27.2676
7.84              4653.58 6.04101 7282.99              1.60615 42448.5 -31.6472
7.85              4674.86 5.64817 7336.83              1.62509 42814.6 -29.7972
7.86              4759.16 6.44692 7563.53              1.8823 44153.7 -33.8938
7.87              4803.24 9.47242 7704.66              0.588619 45001.3 -52.9054
7.88              4867.12 -8.74142 7914.04              -0.561965 46247.4 46.6917
7.89              4844.53 23.6527 7916.21              5.23608 46331.7 -127.718
7.9              4854.2 7.20195 7896.39              1.99221 46300.7 -38.6748
7.91              4821.69 9.9685 7862              1.86566 46191.8 -55.1531
7.92              4841.44 12.1448 7979.08              1.63701 46905.3 -65.9151
7.93              4863.44 7.63455 7998.71              2.02024 47095.1 -42.9926
7.94              4971.24 9.33261 8255.74              1.9566 48632.1 -52.3694
7.95              4948.27 3.72759 8288.59              1.9871 48882 -20.6989
7.96              5019.64 7.74716 8490.77              1.87563 50107.2 -42.4784
7.97              4964.31 8.78079 8449.39              1.48038 49958.1 -48.5606
7.98              5060.35 7.1787 8721.99              1.9045 51575.1 -39.0576
7.99              5009.69 7.15943 8682.04              1.52232 51432.1 -38.8514
8              4911.08 15.4305 8488.51              0.0659388 50410.3 -88.2247
8.01              5133.9 4.6729 9083.67              1.26641 53862.8 -25.778
8.02              4849.49 -25.6941 8576.05              -5.06754 51048.1 135.17
8.03              5330.17 44.7154 9804.06              9.64777 58069.8 -242.577
8.04              4725.43 8.18159 8386.22              0.204883 50124.9 -45.196
8.05              5340.75 12.7192 9875.58              3.87594 58661.2 -69.2488
8.06              4743.17 8.95313 8532.28              0.109635 51126.4 -52.1874
8.07              5306.58 5.59836 9866.32              3.02854 58787.2 -31.7515
8.08              4866.12 3.42323 8953.73              0.585765 53681 -21.3012
8.09              5264.44 2.51241 9997.53              2.70423 59700.5 -14.5906
8.1              4884.73 7.3934 9156.43              0.248541 54999.7 -43.9373
8.11              5185.48 3.96 9964.47              1.94328 59682.9 -22.5964
8.12              4923.87 5.8124 9419.02              0.410409 56657.1 -34.6506
8.13              5157.87 12.7385 10098              0.834748 60594.9 -75.332
8.14              5020.15 1.39455 9879.97              -0.140917 59435.5 -10.3421
8.15              5153.09 -37.5305 10426.3              -4.90814 62602.6 200.609
8.16              5013.68 48.9977 10260.7              8.4556 61717.4 -270.077
8.17              5038.54 4.53843 10246.1              3.23094 61734.4 -25.0912
8.18              4967.26 5.8007 10124.4              2.22032 61121 -34.2306
8.19              4958.1 9.06223 10249.2              1.09462 61918 -51.7778
8.2              4988.76 3.28051 10350.5              1.64104 62565.8 -20.5557
8.21              4888.88 0.3044 10220.6              0.495829 61896.8 -3.78009
8.22              5047.92 1.10067 10744.3              1.41707 64975.2 -7.68394
8.23              4828.19 3.07028 10227.3              -0.118591 62079 -19.7505
8.24              4934.94 1.82586 10599.3              0.298997 64291.6 -12.0727
8.25              4820.24 1.22648 10382.5              -0.32402 63111.1 -8.73749
8.26              4878.85 0.948229 10635.6              -0.117491 64638.1 -7.08235
8.27              4867.18 1.12531 10744.9              -2.34354 65312.9 -10.3118
8.28              4895.65 -46.1283 11052.3              -7.27364 67125 251.05
8.29              4726.63 44.7426 10731.6              6.51369 65314.5 -246.641
8.3              4801.1 4.51815 10832.6              -0.0166477 66020.3 -26.6785
8.31              4692.84 -2.89033 10619.7              -0.198802 64822 16.3614
8.32              4730.49 -0.886562 10803.1              -0.469133 65948.1 4.16569
8.33              4694.8 1.64398 10828.5              -1.33397 66146.1 -9.83027
8.34              4681.86 -3.09423 10848.9              -0.871066 66316.9 16.3883
8.35              4680.17 -1.99905 10922.9              -1.29584 66792.5 10.1783
8.36              4660.11 -6.25395 11001              -1.12365 67288.9 35.0049
8.37              4692.21 -4.43741 11178.9              -1.23416 68370.5 25.0929
8.38              4603.84 -3.70783 10984.3              -1.853 67286.6 20.3622
8.39              4567.27 -4.51923 10941.4              -1.99449 67086.8 25.1711
8.4              4539.48 -5.45411 10931.7              -2.18713 67071.2 30.999
8.41              4476.45 -5.53918 10786.7              -2.45647 66273.7 31.209
8.42              4455.16 -2.55533 10815.8              -3.06554 66468.9 13.1039
8.43              4486.56 -12.6827 11036.4              -3.60593 67784.8 72.0159
8.44              4358.32 -58.4931 10780.9              -10.1958 66306 323.701
8.45              4425.04 48.0954 11230.5              6.9498 68925.4 -262.84
8.46              4310.4 -1.79712 10681.5              -2.07878 65833.2 10.7805
8.47              4323.27 -8.68698 10897.1              -1.48937 67092.3 51.9346
8.48              4245.63 -5.35955 10736.9              -1.87823 66194.7 31.4801
8.49              4235.58 -6.32802 10879.8              -2.37104 67055.1 37.3162
8.5              4171.45 -7.68442 10796.1              -2.40656 66590 45.2518
8.51              4125.2 -8.31327 10801.8              -2.48651 66647.6 49.1307
8.52              4074.86 -8.09422 10780.6              -2.7489 66539 47.868
8.53              4039.51 -8.70255 10923.2              -2.3121 67390.3 52.1709
8.54              3921.7 -9.40388 10666.5              -2.96424 65926.2 55.8897
8.55              3945.69 -8.33624 11087.5              -1.8311 68390.3 50.8821
8.56              3735.87 -8.80754 10419.1              -3.58923 64525.5 52.0982
8.57              3751.57 -8.03339 10833.9              -2.01553 66957.5 48.992
8.58              3541.04 -9.0784 10159.5              -3.87895 63057.6 53.5592
8.59              3575.36 -8.08069 10722              -1.83341 66343.2 49.6402
8.6              3360.51 -8.89848 10029              -3.87586 62329.4 52.4773
8.61              3391.65 -7.39778 10648.8              -1.41656 65947.8 45.7062
8.62              3175.55 -7.2294 9927.37              -3.73139 61764.2 42.2075
8.63              3203.88 -8.03512 10608.1              -1.54454 65722.2 49.2543
8.64              3020.86 -16.2755 10110.7              -4.9427 62838.4 93.7057
8.65              2992.57 -7.25309 10514.5              -0.794199 65197.8 44.4464
8.66              2790.96 -61.3051 10073.7              -9.96996 62601.1 344.144
8.67              2767.77 -8.22432 10425.9              -0.415513 64681.5 49.9828
8.68              2541.32 61.3649 9918.1              8.91344 61679.3 -340.332
8.69              2522.05 0.920662 10288.5              0.764146 63885.9 -2.63287
8.7              2263.77 -3.17294 9246.38              -2.97335 57838 17.4487
8.71              2267.99 -3.73186 10062              -0.179845 62569 22.7506
8.72              2009.41 -3.90127 9040.45              -3.00892 56621.7 20.546
8.73              1998.87 -4.49795 9887.95              0.169677 61542.4 26.4901
8.74              1731.73 -0.398395 8764.5              -2.37467 54997.1 -0.608852
8.75              1752.89 -2.99416 9916.92              1.28723 61685.5 17.9447
8.76              1425.96 -1.41037 8385.99              -3.65029 52779.1 4.01624
8.77              1493.35 -2.68233 10052.2              2.61842 62445.5 15.8021
8.78              1147.96 -3.0121 8131.54              -3.69276 51272.7 11.2468
8.79              1193 -3.01608 9903.18              3.00329 61544.1 16.8151
8.8              876.658 -0.621254 8380.16              -2.33358 52676.7 -1.8128
8.81              869.248 0.508477 9644              3.06312 59990.5 -5.03652
8.82              598.595 1.56463 8468.83              -1.00823 53141.3 -15.5344
8.83              528.135 1.6743 9389.22              2.6274 58464.8 -13.9695
8.84              258.673 3.92903 8145.77              -1.28451 51224.4 -30.9795
8.85              212.122 3.44999 9283.15              3.2035 57798.2 -25.1544
8.86              -80.7902 4.38626 7985.52              -0.872622 50240.2 -34.3817
8.87              -123.879 4.29983 9096.55              3.27279 56657 -30.6307
8.88              -380.867 5.16796 8098.61              0.176781 50832.1 -38.5729
8.89              -489.933 5.43356 8635.38              2.30907 53921.3 -38.6436
8.9              -708.382 5.71758 8114.58              0.797465 50867.9 -41.7061
8.91              -824.336 5.35792 8415.82              2.012 52580.9 -38.2337
8.92              -1027.28 5.90921 7908.73              0.552763 49604.7 -42.4766
8.93              -1151.77 4.90094 8292.13              2.02568 51800.2 -35.2323
8.94              -1387.07 5.07175 7677.2              0.187487 48198.6 -37.0526
8.95              -1486.84 3.0684 8119.79              1.37873 50732.4 -23.8231
8.96              -1721.39 4.74068 7480.38              -0.0433453 46987.4 -34.6537
8.97              -1817.52 4.20949 7890.55              1.48865 49333.5 -29.6092
8.98              -2011.99 -1.58551 7429.52              0.17551 46625.4 4.03892
8.99              -2128.88 2.83887 7740.29              1.07792 48385.7 -19.95
9              -2337.47 3.23807 7419.67              0.308971 46493.3 -22.8915
9.01              -2448.9 2.70236 7640.46              0.872624 47733.6 -18.4374
9.02              -2654.53 3.05085 7226.35              -0.0777486 45290.2 -21.0114
9.03              -2752.33 2.36876 7532.62              0.873453 47028.8 -15.6545
9.04              -2940.38 1.31451 7223.13              0.0968881 45193.5 -9.45964
9.05              -3005.12 9.17991 7466.28              -0.276431 46589.8 -56.2366
9.06              -3192.65 3.20391 7359.53              0.612984 45906.3 -19.757
9.07              -3349.45 1.88183 7242.45              0.534191 45186.3 -11.2445
9.08              -3511.8 1.44515 7065.98              0.235849 44122.5 -8.27704
9.09              -3656.03 24.4971 7006.07              5.1851 43699.8 -136.511
9.1              -3815.21 5.61285 6818.18              1.49476 42595 -30.7599
9.11              -3960.01 -19.4247 6706.28              -3.6858 41883.6 110.074
9.12              -4112.01 -5.25645 6501.94              -1.1779 40674.5 30.4172
9.13              -4256.58 -3.21046 6349.85              -0.874773 39749 19.7367
9.14              -4372.2 -5.9623 6311.25              0.599819 39499.7 37.2784
9.15              -4493.3 -1.86227 6268.06              0.547436 39198 13.0893
9.16              -4598.02 -2.24634 6263.83              0.468513 39129.8 15.9241
9.17              -4756.21 -0.545092 6027.69              0.561895 37716.1 5.34216
9.18              -4876.95 -1.09634 5940.08              0.456968 37168 8.72411
9.19              -4991.31 -1.35276 5849.13              0.333373 36595.6 10.3852
9.2              -5107.52 -0.232104 5771.43              0.742893 36104.7 3.92574
9.21              -5207.08 -0.446619 5743.45              1.06339 35895.2 5.3931
9.22              -5345.32 -1.19924 5509.77              0.837425 34493.6 9.37731
9.23              -5470.99 0.650929 5301.57              0.672054 33245.1 -1.8302
9.24              -5538.11 1.32535 5310.59              1.08266 33267.1 -5.34736
9.25              -5655.48 2.2793 5219.84              1.84027 32695.6 -10.9506
9.26              -5758.81 -0.704907 5109.38              1.40703 32013.2 5.46981
9.27              -5866.74 2.53205 4987.71              1.44282 31260.8 -11.8955
9.28              -5967.17 0.0917316 4895.05              1.65704 30680 1.8299
9.29              -6065.51 -0.383245 4766.4              0.802702 29899.7 4.73
9.3              -6137.2 0.627793 4754.01              0.657117 29780.9 -1.38941
9.31              -6244.37 22.2434 4705.91              5.99429 29430.5 -121.199
9.32              -6348.53 -14.4431 4549.38              -2.56853 28485.8 82.6218
9.33              -6445.15 -5.12221 4331.72              -0.524046 27200.1 31.0861
9.34              -6491.44 -1.78664 4338.08              0.572178 27199 12.4627
9.35              -6512.55 -2.65126 4344.73              1.30072 27194.6 18.5093
9.36              -6577.75 -1.37344 4257.39              1.13358 26644.7 10.9043
9.37              -6650.59 -0.959626 4170.14              1.73978 26104.6 8.63818
9.38              -6704.79 -0.965444 4105.26              1.11244 25688.4 8.77497
9.39              -6744.37 -0.364953 4049.14              1.60278 25318.1 5.21614
9.4              -6872.36 -6.43875 3877.68              1.56006 24287.2 39.482
9.41              -6888.08 2.1838 3728.42              1.19054 23393.3 -9.28463
9.42              -6936.91 1.09942 3650.39              1.58672 22889.3 -3.77151
9.43              -6992.27 0.648883 3574.48              1.28214 22414.5 -1.34576
9.44              -7073.54 7.16559 3453.79              1.21333 21667.8 -37.3746
9.45              -7101.42 -1.99002 3370.88              1.54252 21141.5 14.7223
9.46              -7117.22 2.19192 3363.6              0.731599 21064.5 -10.2615
9.47              -7164.41 14.8047 3312.87              4.68538 20709.7 -79.8733
9.48              -7190.4 -7.59701 3263.94              -1.15296 20387.5 44.203
9.49              -7189.79 2.8378 3220.38              0.168386 20106.2 -15.5845
9.5              -7187.34 -0.228203 3178.79              1.41562 19837.5 3.45515
9.51              -7217.26 1.55644 3058.44              1.39366 19100.7 -7.26925
9.52              -7247.03 4.34481 2928.83              1.21496 18312.2 -24.5699
9.53              -7259.13 6.35557 2829.07              1.11409 17686.9 -37.0042
9.54              -7266.9 3.84415 2725.01              1.01214 17031.4 -23.6451
9.55              -7260.04 -0.254224 2577.31              0.471699 16120.2 -0.800582
9.56              -7185 3.28728 2493.73              0.438713 15577.9 -19.4597
9.57              -7209.58 9.40058 2281.51              0.899132 14292.8 -52.1962
9.58              -7129.02 1.22587 2160.3              2.22401 13553.2 -6.14102
9.59              -7114.39 -3.60078 1974.46              2.61954 12437 22.6678
9.6              -6874.3 1.57651 2281.62              2.89591 14187.8 -6.56732
9.61              -6899.04 1.30743 2007.45              2.72517 12567.3 -6.06097
9.62              -6835.48 -0.0679201 1868.43              2.86242 11758.1 2.82601
9.63              -6821.62 4.81198 1644.82              2.21258 10447.8 -26.2667
9.64              -6751.94 0.651002 1554.6              2.53975 9918.96 -1.60126
9.65              -6659.74 0.681369 1509.69              2.50789 9642.14 -1.6834
9.66              -6606.79 1.64332 1365.72              2.27392 8797.58 -7.29216
9.67              -6510.35 0.434718 1336.81              2.50106 8611.69 -0.735368
9.68              -6392.98 0.0720523 1331.14              2.5232 8561.46 1.47662
9.69              -6249.18 1.67699 1367.89              2.47451 8762.85 -6.87756
9.7              -6051.24 -0.577267 1523.29              3.07522 9636.82 5.11562
9.71              -5924.97 1.20242 1556.42              2.99082 9812.94 -3.22221
9.72              -5698.36 3.20564 1772.19              2.89829 11049.7 -14.6722
9.73              -5498.09 0.612511 1943.17              3.68042 12012.2 0.444944
9.74              -5454.56 -0.0989022 1731.85              2.96443 10814.3 3.34883
9.75              -5355.75 0.644919 1721.33              3.47206 10736.5 -0.440677
9.76              -5248.15 1.15871 1688.6              3.24834 10541.2 -3.61765
9.77              -5158.45 2.16245 1627.55              2.75127 10185.3 -9.92703
9.78              -4974.61 1.77669 1757.61              2.91473 10927.5 -7.22265
9.79              -4810.34 1.57893 1835.89              2.90137 11377.2 -5.83495
9.8              -4665.51 1.4012 1856              2.62483 11495.7 -4.27635
9.81              -4463.22 -1.90864 1995.13              2.54412 12299.4 15.2258
9.82              -4241.86 -0.372007 2091.81              1.67842 12865.8 8.79364
9.83              -4145.46 -2.21503 2023.38              1.30437 12493.3 18.6147
9.84              -4073 3.34894 1938.28              1.03607 12018.5 -11.5672
9.85              -3926.99 -0.899624 1947.3              1.54992 12090 11.0749
9.86              -3797.23 -6.25341 1947.82              1.34505 12107.7 40.6261
9.87              -3708.2 4.46648 1932.77              2.92171 12025.4 -19.0977
9.88              -3572.85 -5.05195 1963.59              -0.379204 12212.1 31.1486
9.89              -3446.56 -3.34769 2004.52              1.04799 12452.4 21.1744
9.9              -3359.26 2.8835 1997.48              1.47936 12408.7 -15.0086
9.91              -3278.61 -1.19796 2013.54              2.43612 12490.5 8.49362
9.92              -3235.17 0.406696 1990.2              2.74517 12335.6 -1.71668
9.93              -3161.14 2.42049 2026.44              3.3849 12507.5 -14.2834
9.94              -3114.89 1.67579 2024.28              3.30166 12458.1 -9.71587
9.95              -3147.69 -4.80625 1947.96              4.10621 11985.1 23.7474
9.96              -3030.82 4.31739 2031.69              3.85289 12411.9 -25.6952
9.97              -3007.76 1.49678 1984.89              3.67766 12116 -9.52737
9.98              -3027.36 10.1725 1912.48              3.27656 11669.6 -56.2881
9.99              -2956.38 4.50617 1903.07              4.59237 11584.8 -27.1604
10              -2886.83 4.33911 1941.44              3.43325 11765.1 -25.2915
10.01              -2857.25 5.00169 1882.57              3.92309 11409.9 -29.7179
10.02              -2920.31 10.9706 1745.95              5.14031 10605.1 -61.1895
10.03              -2800.71 1.37783 1852.22              2.5515 11180.9 -10.0069
10.04              -2730.67 0.551616 1881.75              2.82052 11327.6 -4.36341
10.05              -2665.91 6.48462 1902.99              2.91203 11427.4 -38.3417
10.06              -2577.13 2.31604 1976.65              3.73978 11827.9 -14.2302
10.07              -2513.38 2.31456 2004.51              3.93361 11970.6 -14.3289
10.08              -2453.43 2.74419 2026.67              4.10593 12083.8 -16.997
10.09              -2416.85 3.64094 2011.73              4.14652 11993.7 -22.297
10.1              -2329.36 2.97895 2074.32              4.3704 12336.8 -18.9214
10.11              -2278.91 1.35348 2091.5              4.6881 12425.2 -10.4104
10.12              -2290.72 -1.56753 1997.41              4.69398 11907.1 4.68907
10.13              -2169.66 4.5239 2086.98              4.38075 12402.2 -27.7392
10.14              -2104.36 4.12452 2089.42              4.38027 12428.3 -25.5564
10.15              -2019.02 5.01492 2134.19              4.87985 12676.7 -30.2031
10.16              -1964.71 8.32628 2156.77              4.13362 12798.9 -47.9716
10.17              -1805.73 3.57588 2300.81              4.6655 13594.2 -23.075
10.18              -1696.55 3.002 2393.71              4.94305 14102.8 -19.8159
10.19              -1597.91 1.50662 2477.54              5.12853 14551.6 -11.5395
10.2              -1519.97 2.91548 2473.2              5.16845 14534 -20.2779
10.21              -1521.61 4.59858 2364.62              4.91682 13941.5 -30.0014
10.22              -1373.56 8.83795 2555.57              7.24358 14964.5 -51.6252
10.23              -1302.91 -2.34064 2563.9              3.17395 15005.5 5.55651
10.24              -1277.77 3.7169 2431.61              4.80534 14300.2 -26.458
10.25              -1181.32 1.66567 2479.91              4.31679 14556.1 -14.6301
10.26              -1110.79 6.04299 2466.28              4.25867 14476.5 -39.2616
10.27              -982.803 2.07098 2588.8              4.78882 15132.9 -16.2262
10.28              -917.614 1.5439 2565.35              4.49826 15008.4 -12.9553
10.29              -826.33 1.26675 2596.33              4.29557 15171.9 -11.3473
10.3              -738.393 1.17581 2612.78              4.17155 15255.4 -10.6077
10.31              -656.413 0.871539 2626.57              4.28984 15329.1 -8.69335
10.32              -560.657 0.909491 2668.11              3.87027 15545 -8.7694
10.33              -471.841 0.471855 2678.16              3.82197 15595.9 -6.01505
10.34              -387.02 0.493536 2706.52              3.78629 15746.1 -6.08979
10.35              -308.589 0.628839 2684.41              3.39412 15630.7 -6.46221
10.36              -197.871 0.480354 2770.78              3.13942 16076.9 -4.98899
10.37              -108.309 0.0114396 2786.03              3.15325 16156.5 -1.96638
10.38              -20.6684 0.118582 2818.31              3.0899 16324.6 -2.48003
10.39              51.02 0.322155 2739.37              2.69459 15911.9 -3.13146
10.4              141.46 -0.00444459 2765.34              2.6154 16049.7 -0.652821
10.41              241.681 0.0621951 2807.29              2.42346 16262.6 -0.641631
10.42              334.659 0.103235 2861.16              1.93693 16541.6 -0.197873
10.43              439.793 -1.15341 2954.48              2.02153 17014.9 8.63966
10.44              525.871 -0.635761 3007.19              1.7682 17284.6 5.24994
10.45              612.797 -0.484813 3048.96              1.60691 17497.2 4.60176
10.46              698.316 -0.790141 3093.51              1.46998 17724.4 7.55949
10.47              784.472 -0.765896 3172.15              1.24808 18122.9 7.84176
10.48              872.164 -1.19609 3279.57              1.09539 18671.7 10.8708
10.49              949.079 -1.22551 3310.82              0.882733 18828.9 11.5006
10.5              1018.64 -1.26702 3336.46              0.857734 18956.1 12.8211
10.51              1092.12 -1.22447 3386.53              0.699523 19210.2 12.5998
10.52              1168 -0.896763 3435.31              0.517725 19457.3 10.7219
10.53              1235.42 -1.53829 3470.24              0.563698 19636.9 14.5973
10.54              1310.99 -2.06686 3528.45              0.590578 19935.9 17.711
10.55              1383.72 -0.792495 3624.01              0.294469 20431.5 10.1002
10.56              1446.77 -2.20467 3622.49              0.611308 20423.9 18.8346
10.57              1510.68 -1.86672 3649.07              0.729711 20561.6 16.6986
10.58              1570.98 -3.46573 3669.74              1.02311 20670.3 26.4361
10.59              1631.7 -3.28174 3666.05              1.08418 20655.1 24.9637
10.6              1704.67 -2.66294 3701.48              1.10937 20842.2 21.9659
10.61              1770.7 -2.68863 3726.56              1.40373 20978.1 20.9131
10.62              1820.86 -4.45319 3764.04              1.95654 21193.4 32.6575
10.63              1888.84 -4.40261 3785.93              1.99805 21319.5 31.7673
10.64              1955.2 -4.02017 3804.75              2.33332 21426.7 29.8476
10.65              2022.02 -4.23373 3832.21              2.58115 21585.5 30.9783
10.66              2089.15 -4.05366 3855.91              2.63963 21722.4 29.8116
10.67              2151.11 -4.78541 3889.25              3.16534 21912.3 34.1813
10.68              2234.02 -4.33186 3979.36              3.93279 22408.7 32.218
10.69              2282.36 -5.33426 3999.56              4.29812 22531.3 38.1075
10.7              2346.8 -5.43983 4020.71              4.61411 22664.8 38.7681
10.71              2399.13 -5.43627 4036.49              5.10995 22770.4 38.6644
10.72              2473.96 -9.0297 4076.76              5.58633 23004.7 60.1909
10.73              2507.9 -5.92459 4088.97              5.74077 23094.4 41.1618
10.74              2549.02 -3.51799 4041.36              7.2379 22865.4 28.946
10.75              2603.12 -6.64006 4070.04              7.07364 23045.5 46.0944
10.76              2644.19 11.806 4031.47              12.0765 22879.1 -50.7839
10.77              2661.62 -21.5396 3938.46              3.93532 22404.7 122.256
10.78              2829.45 -8.98435 4420.76              8.76047 25029.9 57.1691
10.79              2759.23 -5.27584 4111.27              8.78697 23394.5 36.6
10.8              2984.03 -7.09107 4647.48              11.253 26325.5 47.1873
10.81              2912.57 -2.93602 4344.67              10.6046 24737.5 22.464
10.82              3103.83 -4.09507 4816.21              12.9211 27322.1 29.5078
10.83              3004.71 2.84574 4516.91              12.1582 25754.9 -9.05787
10.84              3267.17 -2.47183 5086.15              14.0893 28905.1 17.6905
10.85              3124.93 0.678902 4628.86              13.4799 26481 -0.0565778
10.86              3402.58 0.419766 5262.5              14.7543 29999.5 0.864966
10.87              3265.72 -0.587393 4887.59              13.5165 28016.1 4.83719
10.88              3562.22 -0.0766281 5587.28              14.3093 31892.2 2.2166
10.89              3445.4 1.40681 5174.64              11.8709 29705 -5.83681
10.9              3673.05 0.840022 5725.12              11.2653 32780 -2.19834
10.91              3573.56 -1.08307 5367.04              8.4911 30884.8 7.83639
10.92              3820.71 -2.40084 5974.2              7.84946 34271.6 16.5928
10.93              3687.44 -2.46386 5580.85              5.59719 32178 16.3452
10.94              3920.27 1.99499 6158.57              3.07319 35396.4 -7.51743
10.95              3858.64 -8.28906 5950.96              0.873935 34322.9 52.2283
10.96              4030.15 -18.8119 6375.75              -1.80098 36710.6 108.139
10.97              3942.57 6.57209 6168.83              3.16566 35627.4 -26.167
10.98              4102.04 -5.83321 6467.89              0.275394 37343.5 39.3758
10.99              4057.32 -6.35331 6378.2              -0.290948 36885.7 42.5676
11              4136.54 -7.6102 6550.4              -0.228999 37885.1 48.3216
11.01              4154.79 -4.53909 6624.85              -0.465026 38357.4 31.9206
11.02              4226.86 -9.66097 6753.81              0.143299 39135.4 58.1151
11.03              4222.09 -6.2967 6699.04              0.110491 38903.6 37.378
11.04              4342.05 -7.76036 7045.28              1.86691 40879.3 44.8708
11.05              4318.97 -2.91163 6991.75              3.27084 40659 17.0971
11.06              4445.65 0.379383 7284.84              5.13248 42352.3 -2.16613
11.07              4331.27 3.6982 7021.63              5.65321 40964 -21.872
11.08              4510.1 4.2346 7443.43              7.21256 43382.3 -24.1576
11.09              4339.79 11.6429 7034.52              5.83158 41172.2 -67.7747
11.1              4575.9 4.41999 7623.45              6.94916 44534.3 -26.7145
11.11              4442.63 -13.7901 7407.41              2.64999 43395.5 70.3244
11.12              4610.17 27.9463 7845.67              11.7667 45908.6 -151.873
11.13              4492.53 5.11033 7539.12              6.35663 44281 -28.7643
11.14              4616.7 6.94133 7814.54              6.65854 45890 -39.9083
11.15              4515.68 10.7234 7704.58              4.79265 45363.8 -60.6213
11.16              4595.47 4.21332 7839.01              5.5429 46190.9 -25.4982
11.17              4601.69 5.73339 7861.39              4.77356 46406.5 -34.1093
11.18              4725.65 -1.58973 8248.54              5.49728 48647.4 6.70715
11.19              4721.98 3.35299 8267.79              4.74137 48846.1 -20.5398
11.2              4789.81 5.36568 8470.15              4.65085 50066.3 -32.338
11.21              4633.98 3.99448 8161.18              3.43684 48409.9 -23.9217
11.22              4823.82 4.1829 8625              4.36221 51105.2 -25.3257
11.23              4621.46 12.2048 8242.71              1.87501 49015 -73.4788
11.24              4898.4 -36.2228 9104.18              -2.85974 53943.4 192.991
11.25              4700.63 41.1557 8769.04              10.503 52111.8 -225.499
11.26              4859.16 9.24875 9021.48              4.38219 53668.3 -54.2681
11.27              4745.18 3.37439 8857.65              3.71025 52796.1 -20.0611
11.28              4774.29 9.20123 9014.02              3.33718 53762.6 -52.9934
11.29              4851.88 3.74779 9221.35              4.02738 55022.5 -24.0867
11.3              4827.76 5.91959 9227.23              3.17565 55143.9 -36.6222
11.31              4860.33 -0.983022 9466.13              3.82747 56572.1 1.85968
11.32              4769.13 3.80039 9271.49              2.87952 55556.1 -25.0979
11.33              4842.51 5.87312 9515.03              2.98481 57023.6 -37.2163
11.34              4767.35 4.53967 9393.99              2.49419 56413.8 -29.6199
11.35              4828.52 5.96565 9631.31              2.8001 57851.6 -38.5036
11.36              4793.57 13.6014 9616.13              1.42836 57822.5 -84.5321
11.37              4913.77 2.342 10032.8              1.93481 60288.5 -18.9495
11.38              4861.26 9.33569 10371.1              3.9349 62201.5 -58.0103
11.39              4842.78 8.16344 10069.6              2.88126 60655.1 -52.7767
11.4              4834.22 3.91938 10136.5              4.71164 61086.8 -26.6303
11.41              4787.06 10.8798 10104              3.57587 60982.9 -66.4273
11.42              4826.3 5.60404 10238              4.16029 61831.2 -38.2289
11.43              4857.01 7.27556 10415.9              3.87926 62932.8 -48.0541
11.44              4873.98 3.33428 10562.9              3.95749 63844.3 -25.593
11.45              4889.87 4.60943 10698.6              4.15055 64697.9 -33.1354
11.46              4778.04 6.89051 10450.2              3.3601 63346.3 -46.9509
11.47              4794.78 6.25143 10551.3              3.71044 64001.3 -43.1737
11.48              4740.03 5.64103 10466.8              3.29154 63583.3 -39.773
11.49              4747.18 5.79881 10540              3.45077 64074.9 -41.1144
11.5              4771.32 3.68996 10720.6              1.49095 65160.3 -30.9394
11.51              4738.63 -47.0906 10815              -4.79952 65745.1 247.393
11.52              4726.79 57.3414 10937.2              12.3498 66483 -323.147
11.53              4695.05 6.56008 10697.8              4.84108 65207.9 -43.8709
11.54              4729.23 8.65438 10850.4              4.51847 66160 -57.4167
11.55              4713.13 8.77082 10916.6              3.70784 66591.9 -57.5236
11.56              4704.01 4.9772 10917.2              3.85363 66650.8 -36.7444
11.57              4728.51 4.51015 11062.6              4.29079 67540.5 -33.7865
11.58              4687.08 3.771 10995.1              3.7969 67194.9 -29.784
11.59              4773.76 4.25273 11372              4.64792 69423.8 -31.8101
11.6              4679.59 4.6837 11107.4              3.64195 67943.8 -34.7454
11.61              4678.86 4.86082 11169              3.67191 68345.2 -35.5457
11.62              4651.34 4.51593 11128              3.51552 68151.5 -33.5335
11.63              4652.06 3.74333 11195              3.49496 68580.6 -28.5221
11.64              4589.34 3.72641 11015.8              3.02901 67584.2 -28.7166
11.65              4637.26 -0.0529779 11296.2              1.45159 69230.6 -8.35055
11.66              4605.95 2.50111 11202.6              3.16144 68734.3 -20.9658
11.67              4547.03 -47.9138 11183.8              -4.30936 68620.1 257.621
11.68              4560.11 55.4394 11387.4              11.8422 69813.5 -312.013
11.69              4509.31 4.67089 11059.9              3.672 67992.7 -30.9654
11.7              4493.93 2.63254 11070.2              2.92692 68085.5 -20.0575
11.71              4457.29 2.81036 11044.8              3.10905 67959.9 -20.7883
11.72              4439.66 0.795647 11103.2              2.33274 68326.7 -9.0558
11.73              4403.55 -0.464649 11073.8              2.4502 68173.2 -0.967181
11.74              4366.38 -0.84558 11070.4              2.07788 68183.1 1.662
11.75              4328.93 -1.33663 11070.7              1.75524 68198.7 4.9667
11.76              4291.21 -1.4047 11100              1.68382 68389.4 6.0665
11.77              4236.11 -2.97047 11115.9              1.49816 68509.3 15.8573
11.78              4153.22 -3.05432 10945.4              0.84283 67537.8 16.3265
11.79              4076.79 -3.69405 10880.8              0.59947 67182.1 20.5338
11.8              4004.53 -3.95652 10808.3              0.395079 66781.8 22.4193
11.81              3920.23 -4.44782 10748.1              0.196479 66452.2 25.6968
11.82              3832.53 -4.88253 10674.4              -0.0329825 66041.6 28.5633
11.83              3739.91 -4.9998 10566.9              -0.212775 65430.7 29.4531
11.84              3660.57 -5.15871 10571.4              -0.0194988 65475.9 30.8431
11.85              3563.25 -5.05098 10495              -0.353483 65041.4 30.169
11.86              3510.98 -14.1881 10783.7              -1.95661 66719.2 82.6415
11.87              3348.02 -7.36492 10320.8              -0.972444 64048.4 43.8905
11.88              3307.91 -58.0688 10816.6              -6.40964 66907.5 328.142
11.89              3127.05 -10.6058 10232.3              -0.787744 63546.4 62.3798
11.9              3089.26 61.1858 10890.8              12.5179 67327.7 -336.111
11.91              2854.58 0.346026 9904.78              -0.302571 61653.3 0.271411
11.92              2834.53 -5.24747 10518              1.31418 65228.2 33.5734
11.93              2570.37 -5.41174 9497.29              -1.88163 59302.7 31.893
11.94              2580.49 -5.57099 10415.7              1.33834 64635.4 35.0728
11.95              2279.95 -6.04026 9227.74              -2.11522 57721.4 34.6474
11.96              2281.08 -6.3501 10174.1              1.5525 63228.1 39.2159
11.97              1998.62 -3.50377 9094.2              -1.15506 56933.2 19.9285
11.98              1992.71 -5.70335 10119.1              2.30086 62894.1 35.3833
11.99              1679.55 -5.82535 8763.27              -2.35 54998.7 32.3004
12              1718.18 -8.23639 10155.3              3.22607 63090.2 49.1765
12.01              1341.39 -6.53155 8384.03              -3.1197 52773.7 35.1495
12.02              1401.78 -6.79329 10125.5              3.77124 62884.3 41.0126
12.03              1026.74 -6.20213 8344.14              -2.49877 52510.9 32.3628
12.04              1042.27 -4.44165 9836.87              3.99475 61174.5 26.1824
12.05              763.941 -4.66113 8757.01              -0.217613 54869.1 23.4813
12.06              688.6 -4.0356 9684.7              3.40901 60248.8 21.5416
12.07              419.433 -2.81032 8622.2              -0.0796041 54048.7 11.09
12.08              356.376 -2.20201 9577.9              3.57636 59579.7 9.74688
12.09              44.9338 -1.62502 8341.62              -0.114324 52369.9 2.59248
12.1              -13.9465 -1.57145 9346.12              3.61567 58185.6 5.17578
12.11              -314.245 -0.466301 8222.22              0.165436 51628.4 -4.57973
12.12              -358.993 -0.181442 9230.27              3.62008 57460.9 -3.7254
12.13              -646.236 0.525657 8124.25              0.231388 50998.9 -10.7932
12.14              -720.513 1.03905 8854.9              2.91932 55222 -11.7347
12.15              -975.887 1.76499 8100.52              0.739994 50808.9 -18.4282
12.16              -1075.61 1.50086 8578.68              2.57311 53556.7 -14.9503
12.17              -1320.38 2.06047 7944.58              0.696196 49842 -19.5608
12.18              -1422.86 1.1277 8286.28              1.70727 51794.8 -13.3795
12.19              -1641.97 2.63326 7782.36              0.540248 48832.7 -22.3897
12.2              -1745.47 2.81223 8086.72              1.6477 50567.9 -22.2051
12.21              -1934.3 -3.38433 7684.21              0.484786 48198.3 13.5988
12.22              -2051.54 2.15781 8011.58              1.43282 50060.4 -16.7865
12.23              -2259.11 2.13339 7674.85              0.350611 48071.6 -17.3888
12.24              -2358.36 2.81353 7926.7              1.23761 49492.2 -20.2009
12.25              -2559.89 2.27065 7583.07              0.176864 47458.3 -17.296
12.26              -2678.9 1.76423 7745.29              0.818704 48368 -13.3583
12.27              -2838.44 2.05545 7648.39              0.566501 47764.8 -14.7708
12.28              -2935.35 9.283 7725.95              -0.198967 48201.3 -58.0261
12.29              -3116.23 3.66915 7592.73              0.427652 47361.9 -23.7883
12.3              -3275.27 2.40497 7417.45              0.266146 46302.4 -15.8476
12.31              -3444.98 26.7283 7373.45              5.29873 45982.6 -151.106
12.32              -3574.79 8.04323 7193.1              1.49815 44906.3 -46.7607
12.33              -3751.67 -19.5167 7011.45              -4.06605 43795.1 108.205
12.34              -3896.15 -2.40637 6809.58              -0.636 42597.2 12.8941
12.35              -4043.78 -3.62904 6717.19              -1.59212 42026.9 19.5728
12.36              -4159.78 -0.899284 6686.85              -0.646331 41800 5.04898
12.37              -4284.81 -3.23796 6571.34              0.733223 41101 20.0286
12.38              -4428.04 -2.31207 6457.52              -0.338564 40394.2 14.6313
12.39              -4581.2 -0.00917863 6278.56              0.0722001 39315.8 0.978474
12.4              -4703.35 0.395785 6219.73              0.139866 38930.5 -1.27161
12.41              -4832.17 0.100946 6074.49              -0.189725 38043.9 0.607241
12.42              -4945.61 1.04141 5991.53              0.347089 37519.1 -4.72362
12.43              -5070.67 0.952613 5892.45              0.196022 36901.8 -4.11717
12.44              -5188.76 1.40397 5707.16              0.485987 35777.2 -6.92528
12.45              -5302.44 -0.148903 5616.17              0.262658 35203.5 2.31723
12.46              -5441.31 -1.06603 5388.37              -0.686688 33841.6 7.67074
12.47              -5507.18 2.35031 5378.17              0.178005 33752.7 -11.9716
12.48              -5609.59 1.6506 5311.2              0.538159 33315 -8.22105
12.49              -5722.52 0.221567 5181.81              0.219666 32523.7 0.117235
12.5              -5849.22 5.21497 5025.46              0.788054 31568.9 -28.0917
12.51              -5930.97 2.66148 4932.17              1.22531 30982 -13.8834
12.52              -6044.12 2.09115 4792.26              0.628656 30132.9 -10.1937
12.53              -6105.82 5.08035 4793.6              0.435944 30102.8 -28.0754
12.54              -6213.33 26.4418 4747.26              6.12627 29759.7 -146.247
12.55              -6314.27 -11.3874 4601.59              -2.8042 28874.3 64.2954
12.56              -6390.04 -1.99701 4381.65              -0.692838 27569.6 12.6233
12.57              -6430.37 1.58636 4399.59              0.172645 27631.5 -7.55439
12.58              -6465.86 -0.543169 4405.81              0.877992 27632.9 6.07255
12.59              -6531.68 0.27351 4285.42              0.864751 26888.2 1.37454
12.6              -6598.51 0.204401 4215.13              0.603696 26443.4 2.06614
12.61              -6684.03 2.29648 4094.17              1.17047 25707.6 -10.1793
12.62              -6735.12 1.3437 3991.36              0.483089 25066.9 -4.6732
12.63              -6852.85 -4.93921 3800.63              0.976386 23910.5 30.7559
12.64              -6818.08 2.81495 3815.55              0.464746 23970.4 -12.3013
12.65              -6877.97 1.86092 3722.22              1.10416 23386.9 -7.87787
12.66              -6965.36 8.48223 3586.91              0.351848 22556.4 -44.4216
12.67              -6988.14 2.60644 3494.66              1.16864 21980.9 -12.1551
12.68              -7062.31 -2.33027 3346.36              0.850427 21072.4 17.5207
12.69              -7070.8 4.42698 3318.81              0.324338 20883 -22.4323
12.7              -7101.97 14.9457 3331.1              4.06511 20897.7 -79.9095
12.71              -7120.3 -6.07595 3303.92              -1.37212 20699.4 36.4152
12.72              -7138.83 5.20724 3195.94              0.182458 20044.6 -27.8273
12.73              -7137.64 1.03191 3170.36              1.08 19869.5 -2.34944
12.74              -7166.73 0.833058 3054.92              0.747233 19161.3 -1.07728
12.75              -7194.53 2.14308 2953.65              0.951599 18539.4 -9.0307
12.76              -7215.5 3.95064 2855.06              0.8869 17927.7 -19.9707
12.77              -7269.29 -4.37971 2755.9              1.44379 17308.4 26.4634
12.78              -7202.38 5.64161 2688.55              0.699189 16882.1 -29.7678
12.79              -7217.25 3.95946 2558.71              1.06441 16082.4 -21.4371
12.8              -7263.27 11.6612 2380.59              0.376723 14997.3 -63.5359
12.81              -7220.94 4.06686 2248.08              0.865325 14179.7 -21.8723
12.82              -7233.71 -1.06902 2037.2              1.37786 12891.2 8.97268
12.83              -6963.79 4.7737 2394.07              2.38452 14904.1 -23.3971
12.84              -6986.08 0.776833 2091.25              0.894535 13114.1 -1.82679
12.85              -6946.15 0.544086 1903.82              1.63457 12006.9 0.306623
12.86              -6917.35 5.76011 1701.66              1.25285 10816.1 -30.7283
12.87              -6806.45 0.913083 1674.2              2.09071 10640.7 -1.10961
12.88              -6754.33 1.77832 1514.8              1.78728 9701.98 -6.6236
12.89              -6670.38 2.52566 1428.63              1.71968 9184.24 -10.8866
12.9              -6550.13 0.976871 1415.64              1.99813 9087.21 -2.22389
12.91              -6436.81 0.857882 1362.59              1.82592 8770.78 -1.87737
12.92              -6235.81 0.879841 1512.27              2.2878 9609.23 -1.39072
12.93              -6160.75 3.79307 1435.21              1.78776 9146.84 -17.0237
12.94              -6042.43 3.20394 1403.29              1.55871 8948 -14.0218
12.95              -5854.66 3.46765 1535.1              2.0151 9695.83 -15.3226
12.96              -5530.58 -6.54864 1872.07              0.615678 11629.1 39.7379
12.97              -5555.89 5.32693 1593.11              3.157 10018.6 -24.9972
12.98              -5415.83 2.30131 1639.11              3.02289 10272.2 -8.22519
12.99              -5219.26 1.61712 1780.69              2.83584 11076.3 -4.54423
13              -5068.2 1.91528 1816.84              2.60927 11277.5 -6.17558
13.01              -4966.24 2.31838 1763.97              2.20485 10973.9 -9.17606
13.02              -4830.54 2.78653 1782.4              2.10589 11077.3 -11.9377
13.03              -4682.36 1.75795 1817.86              2.2027 11280.8 -6.26872
13.04              -4522.49 0.733007 1865.09              2.0807 11553.1 -0.60344
13.05              -4337.14 2.15995 1904.89              1.13307 11794.4 -6.25464
13.06              -4207.14 -0.00571572 1883.94              0.644047 11692 6.24218
13.07              -4105.32 5.03877 1830.64              0.214163 11411.9 -20.8364
13.08              -3935.91 -3.0915 1877.35              0.671506 11700.9 23.8161
13.09              -3787.65 -0.182569 1884.38              0.387069 11768.1 7.29428
13.1              -3689.73 3.87027 1853.6              1.94979 11607.9 -15.5821
13.11              -3501.62 -3.15626 1960.27              -0.480258 12236.4 21.9284
13.12              -3386.94 1.22132 1979.26              0.0175801 12354.9 -4.75302
13.13              -3256.86 -1.10253 2053.11              1.17155 12775.6 8.86187
13.14              -3175.5 -1.14524 2076.79              1.19429 12894.1 8.98375
13.15              -3138.25 0.562751 2061.07              1.17551 12779.7 -2.00335
13.16              -3108.28 3.89046 2057.18              2.16191 12708.8 -23.5472
13.17              -3098.38 4.47365 2034.07              3.45295 12530 -29.9102
13.18              -3113.75 2.36596 1980.56              3.17307 12174.3 -18.796
13.19              -3053.45 6.59414 2010.47              2.35225 12283.8 -40.135
13.2              -3047.74 5.53352 1953.06              2.97786 11909.4 -34.9523
13.21              -3057.21 11.4555 1899.89              2.98193 11557.5 -66.4213
13.22              -2984.59 6.49322 1905.54              3.5964 11549.7 -40.5478
13.23              -2906.92 3.93485 1966.42              2.53604 11856.8 -23.9304
13.24              -2891.64 5.56407 1882.75              2.54378 11366.1 -33.7125
13.25              -2919.98 9.71701 1802.93              4.24111 10878.5 -56.0054
13.26              -2812.01 0.489719 1904.26              1.4864 11420.6 -6.01591
13.27              -2723.23 -0.963514 1972.55              1.61768 11780.8 3.31162
13.28              -2665.47 4.71386 1988.35              1.62716 11848.5 -28.7369
13.29              -2599.94 -0.0453905 2028.96              2.30906 12063.8 -1.0539
13.3              -2538.88 -0.761237 2057.34              2.28829 12208.7 3.3021
13.31              -2532.67 -0.432984 1993.97              2.19995 11846.3 1.38358
13.32              -2464.93 -0.195608 2029.5              2.20255 12035.6 0.282417
13.33              -2407 -1.52372 2044.32              2.21734 12113.4 7.95053
13.34              -2371.52 -3.58502 2036.11              2.39417 12061.8 18.8635
13.35              -2376.12 -6.31851 1953.02              2.38002 11603.2 33.012
13.36              -2212.63 -0.562952 2127.43              2.09746 12560.2 2.62812
13.37              -2129.13 -0.509773 2164.92              2.33372 12770.8 1.78442
13.38              -2066.68 0.977944 2179              2.81476 12845.4 -6.27921
13.39              -2058.94 5.26885 2116              2.10716 12498 -28.9398
13.4              -1925.97 -0.683253 2199.99              2.53413 12969.7 2.30801
13.41              -1834.57 -1.06131 2262.27              2.70348 13310.8 5.11146
13.42              -1727.3 -5.54864 2357.08              3.1037 13821.2 30.3733
13.43              -1640.49 -1.98805 2353.6              2.64559 13815.5 9.89014
13.44              -1687.79 2.90586 2145.67              3.78378 12688 -16.6951
13.45              -1572.18 -0.500209 2212.53              2.71542 13056.9 0.733764
13.46              -1438.94 2.07989 2327.54              3.02215 13674.8 -13.4176
13.47              -1344.45 0.890041 2384.27              2.96672 13974.4 -8.37966
13.48              -1248.55 -0.664293 2420.08              3.07542 14167.5 1.35747
13.49              -1137.31 1.19272 2504.36              2.63021 14610.5 -9.55337
13.5              -1050.29 -0.835322 2531.36              2.815 14757 2.06019
13.51              -937.207 -1.69411 2617.86              2.83891 15214.2 7.25527
13.52              -833.296 -1.98624 2674.86              2.55279 15515.1 9.11926
13.53              -745.597 -2.15382 2694.52              2.28539 15616.6 10.1777
13.54              -667.026 -2.49416 2690.78              2.42169 15593.8 12.377
13.55              -584.787 -2.38478 2686.49              2.30764 15568.5 11.7686
13.56              -483.704 -2.47566 2743.4              2.15607 15867 12.3032
13.57              -403.183 -2.25611 2745.8              2.08478 15878.8 10.9892
13.58              -303.532 -2.23022 2781.48              2.27921 16060.9 11.2445
13.59              -222.835 -2.30619 2773.89              2.0674 16020.8 11.7348
13.6              -153.828 -2.51395 2716.28              1.93373 15721.7 13.5207
13.61              -54.0704 -2.57049 2727.84              2.00631 15780.4 14.1914
13.62              37.3097 -2.62907 2726.28              2.04749 15772.9 14.4671
13.63              143.277 -2.70722 2789.88              1.85438 16104.5 15.2866
13.64              253.316 -2.73467 2898.32              1.82596 16670.2 15.7019
13.65              350.187 -2.84399 2950.59              1.86615 16939.7 16.6443
13.66              452.889 -3.51158 3023.43              1.65549 17314.1 21.3442
13.67              543.691 -3.33075 3039.5              1.57177 17395.8 20.9862
13.68              636.944 -3.19679 3100.58              1.65612 17710.2 20.1524
13.69              722.753 -3.20484 3119.42              1.58798 17808.4 20.6039
13.7              819.957 -3.61189 3222.25              1.45324 18337.5 23.2099
13.71              913.661 -3.63426 3295.89              1.50866 18716.9 23.661
13.72              995.495 -3.10612 3340.56              1.43069 18945.8 21.1882
13.73              1080.9 -2.94566 3404.31              1.3752 19272.6 20.7376
13.74              1161.43 -3.33484 3465.62              1.55003 19588 23.8611
13.75              1240.69 -3.05525 3513.76              1.45553 19834.3 22.9389
13.76              1304.51 -2.08183 3533.84              1.20035 19938.7 17.0378
13.77              1378.48 -3.86126 3591.13              1.52236 20231.6 27.9194
13.78              1443.66 -2.122 3625.09              1.26769 20408.9 17.7736
13.79              1514.05 -1.92167 3621.2              1.34727 20383.9 17.1221
13.8              1575.18 -2.88654 3643.73              1.56478 20507.3 23.0727
13.81              1646.86 -2.26637 3637.41              1.43814 20476.5 19.5814
13.82              1718.54 -2.35528 3682.34              1.47191 20708.7 19.8245
13.83              1793.29 -1.785 3725.31              1.47991 20940 16.8596
13.84              1845.12 -1.11979 3777.11              1.46406 21229.8 12.7717
13.85              1918.74 -1.35117 3811.88              1.55163 21421.3 14.2227
13.86              1989.29 -2.03663 3839.95              1.57177 21578.4 18.0494
13.87              2057.16 -0.672591 3859.25              1.50837 21693.5 10.0997
13.88              2129.4 -0.581012 3873.71              1.71094 21780.3 9.79593
13.89              2208.38 -0.733453 3932.42              1.86105 22106.9 10.7238
13.9              2258.23 -0.666388 3920.54              2.14428 22059.7 10.4456
13.91              2315.57 0.159523 3886.57              1.92193 21892.4 5.97121
13.92              2356.28 -0.439649 3824.28              2.04501 21582.9 9.23491
13.93              2412.1 0.263002 3840.33              2.09508 21688.7 4.89075
13.94              2507.23 0.67056 4033.88              2.50766 22731.7 3.12128
13.95              2529.6 1.58802 3911.44              1.95696 22105.8 -2.41365
13.96              2675.26 0.730833 4282.2              3.22437 24101.8 2.8476
13.97              2642.49 0.640613 3957.67              2.87196 22409.2 3.50759
13.98              2818.84 8.37192 4420.02              5.47591 24904.4 -37.8703
13.99              2762.68 1.4754 4062.76              3.40632 23034.2 -1.32576
14              2957.89 0.377821 4611.49              5.17229 26009.4 3.43051
14.01              2893.29 -0.0864246 4261.23              3.77057 24173.7 5.9141
14.02              3100.8 0.350084 4785.35              5.78318 27035.3 3.3335
14.03              3015.95 1.23892 4443.75              5.31053 25226.9 0.149157
14.04              3202.76 3.62588 4887.13              7.03356 27672.5 -15.0566
14.05              3160.89 9.36805 4727.97              6.65194 26841.9 -45.8534
14.06              3333.93 6.45171 5073.05              7.82305 28783.6 -31.5931
14.07              3309.07 6.4307 4901.24              8.31617 27915.6 -33.3549
14.08              3464.64 9.00716 5239.74              9.8035 29816.5 -47.2891
14.09              3445.58 11.7597 5094.63              10.1894 29093.8 -64.3398
14.1              3592.09 9.11829 5488.03              11.5643 31292.1 -49.8524
14.11              3614.3 13.2014 5425.31              11.8429 31027 -72.6766
14.12              3753.55 14.2095 5734.23              12.6008 32784.5 -78.1397
14.13              3730.97 13.4355 5600.73              11.7092 32129.8 -73.9217
14.14              3891.74 11.0312 5969.56              11.8926 34210 -60.4083
14.15              3826.47 10.1832 5752.25              10.6182 33097.8 -56.076
14.16              4038.72 7.11149 6224.59              10.5749 35753.8 -38.6324
14.17              3932.46 7.04509 5939.18              6.81607 34253.9 -37.8597
14.18              4174.21 -6.18458 6514.87              3.93391 37484.9 38.1666
14.19              4066.43 -23.0791 6214.11              -2.27033 35887.5 130.916
14.2              4233.35 -5.78448 6661.5              -1.54187 38412.1 42.7473
14.21              4179.27 -25.665 6452.8              -8.85161 37330.2 152.816
14.22              4291.98 -28.4558 6735.48              -10.7795 38954.5 167.868
14.23              4299.58 -25.2909 6747.09              -10.6692 39050.4 151.574
14.24              4380.16 -23.0891 6927.8              -7.09323 40131.9 135.657
14.25              4335.45 -14.3742 6808.08              -4.66559 39527.1 84.655
14.26              4475.2 -7.25605 7153.22              -0.873723 41515 43.2951
14.27              4464.14 -0.0632364 7151.45              1.65066 41573.6 2.2512
14.28              4565.55 2.02504 7397.06              2.56407 43003.3 -10.1052
14.29              4479.76 5.33222 7221.77              2.5329 42105.6 -29.5345
14.3              4620.24 5.07121 7571.99              3.69137 44120.2 -27.6598
14.31              4495.84 6.76944 7299.56              2.80305 42679.6 -38.5471
14.32              4585.7 12.3241 7541.88              3.09487 44090.2 -70.4385
14.33              4621.81 6.74572 7650.26              3.68192 44779.1 -38.7564
14.34              4738.56 -8.51048 7988.77              1.26469 46727 42.3333
14.35              4649.45 28.3422 7876.17              7.47753 46173.4 -155.511
14.36              4769.69 5.81588 8053.18              3.48296 47241.6 -31.9918
14.37              4659.09 6.55235 7858.14              2.6515 46226 -37.3186
14.38              4776.86 10.0754 8203.56              2.09383 48252.3 -55.0191
14.39              4679.83 4.42762 7978.09              1.85518 47063.8 -26.5575
14.4              4850.66 5.58321 8345.09              1.90562 49214.9 -32.3418
14.41              4862.36 -0.799396 8496.06              2.03465 50139.2 2.73382
14.42              4922.8 3.90086 8663.03              1.60556 51167.1 -22.6622
14.43              4764.4 4.26735 8331.34              0.339944 49384.7 -24.6582
14.44              4939.83 2.95418 8783.54              1.04242 52015.2 -17.2435
14.45              4807.58 3.98302 8555.8              0.0354227 50816.3 -23.7359
14.46              4987.79 7.5544 9012.89              -1.09409 53454.9 -45.7575
14.47              4854.96 -30.9402 8921.47              -6.00372 53013.2 164.379
14.48              4901.86 38.0724 9147.79              6.90248 54356 -207.136
14.49              4973.88 0.583224 9225.84              0.991817 54899.3 -1.94015
14.5              4848.94 3.81503 9014.56              -0.0552818 53791.6 -21.6957
14.51              5056.5 6.32299 9582.66              0.604493 57084 -34.391
14.52              4788.34 2.34351 9006.24              -0.0881282 53891 -14.742
14.53              5127.26 2.65338 9834.79              1.08569 58687.8 -16.0076
14.54              4867.32 -4.00433 9386.61              0.110832 56211.5 20.5296
14.55              5017.12 0.153596 9762.3              0.363991 58438.3 -1.85697
14.56              4940.79 1.94433 9644.43              -0.272174 57845.4 -12.4753
14.57              4914.87 -0.259679 9644.63              -0.576302 57926.3 0.563794
14.58              4998.12 0.367018 9921.52              -0.0885184 59587.5 -3.37481
14.59              4981.09 2.6519 9994.29              -2.38151 60062.1 -19.3168
14.6              5076.76 -45.4325 10452.9              -7.18424 62736.2 244.992
14.61              4950.45 45.1699 10304.8              7.81331 61947.1 -247.412
14.62              5008.67 -1.25701 10340.7              1.85988 62261.7 7.82718
14.63              4949.11 2.03361 10257.6              0.560766 61879.7 -13.0268
14.64              5000.12 3.17703 10514.9              0.277722 63419.4 -18.3364
14.65              4958.56 -0.979148 10436.5              0.532296 63044.8 3.58066
14.66              5032.84 -0.544628 10697.1              0.272233 64616.6 1.16429
14.67              4964.97 -5.91195 10646.3              -0.0449335 64393.9 31.5072
14.68              5004.55 -1.70578 10799.9              0.172599 65355.4 7.57018
14.69              4915.58 -0.607853 10617.5              -0.372064 64376.9 0.922139
14.7              4923.8 -2.02154 10682.1              -0.58963 64815.9 9.34218
14.71              4898.45 -1.89263 10706.3              -0.636412 65026.3 8.5827
14.72              4869.16 3.63457 10682.9              -1.20578 64950.1 -24.7276
14.73              4956.22 -6.8905 11019.5              -1.69943 66949.9 36.0246
14.74              4872.16 -48.7148 10967.8              -7.7494 66685.3 263.932
14.75              4900.87 46.4765 11189.1              7.67767 67999.6 -256.806
14.76              4841.98 0.0729959 10905.2              1.14775 66458.4 -1.26569
14.77              4829.77 2.11634 10914.1              0.411025 66577.5 -14.5698
14.78              4823.11 2.89932 10990.2              -0.211786 67065.7 -18.8196
14.79              4826.25 -0.518521 10998.4              0.620181 67160.3 0.094195
14.8              4825 0.202519 11043.7              0.258395 67472.8 -4.26748
14.81              4834.97 -1.88841 11173              0.668796 68269.5 7.97611
14.82              4837.33 -1.83468 11247.2              0.817552 68748.8 7.84543
14.83              4786.55 -0.0483237 11140.1              0.387915 68174.3 -2.8583
14.84              4790.58 -0.352934 11200.4              0.494961 68567.6 -0.93854
14.85              4728.63 -0.549583 11054.8              0.126637 67766.3 0.0502396
14.86              4745.48 -0.1908 11162.5              0.4179 68428.9 -2.00356
14.87              4675.05 3.68522 10976.5              -0.342021 67384.1 -25.8979
14.88              4765.75 -6.31175 11377.1              -0.984112 69736.5 32.1182
14.89              4633.28 -50.0851 11093.2              -7.28145 68097.5 273.085
14.9              4699.23 51.4381 11489.1              9.67532 70403.9 -286.088
14.91              4585.4 4.87134 10971.3              0.463585 67482.7 -31.0214
14.92              4623.97 -2.54802 11178.9              1.35675 68718.3 13.1307
14.93              4511.97 1.55786 10886.6              0.614889 67046 -12.2418
14.94              4533.07 -0.73596 11082.1              0.794062 68209.8 1.69255
14.95              4452.33 0.251297 10944.5              0.16068 67432 -4.47553
14.96              4439.74 -1.65849 11045.2              0.568101 68042.4 6.88081
14.97              4366.11 -1.36224 10912.3              -0.0107382 67290.1 5.03429
14.98              4345.41 -1.33075 11037.3              0.363978 68040.5 5.43853
14.99              4211.84 -2.55996 10718.7              -0.71429 66211.1 12.3054
15              4271.23 -1.62102 11249.9              1.03517 69325.8 8.22316
15.01              4021.63 -2.89718 10418.5              -1.69018 64512.7 13.7776
15.02              4108.76 -1.38817 11135.7              0.881499 68703.9 6.96992
15.03              3844.08 -3.07209 10230.6              -2.01204 63460.3 14.7738
15.04              3933.69 -1.77246 11045.8              0.92 68222.6 9.61354
15.05              3649.02 -3.87032 10043.5              -2.448 62405.9 19.5684
15.06              3746.97 -1.8425 10977.3              1.19495 67858.8 10.3515
15.07              3455.35 -3.85447 9950.32              -2.35487 61894.8 19.4591
15.08              3509.83 -1.50159 10777.4              0.324584 66713.5 7.40489
15.09              3259.66 -12.5573 9964.56              -4.36301 61991.1 68.0816
15.1              3313.88 -2.29174 10872.4              1.7058 67291.6 13.4972
15.11              3032.39 -60.2744 10008              -9.65476 62230.2 334.65
15.12              3046.2 -2.99468 10662.4              1.71903 66080.3 17.4021
15.13              2766.12 66.213 9921.62              9.99358 61711.1 -370.446
15.14              2761.42 3.10994 10430.4              2.06418 64743 -17.6846
15.15              2464.33 -1.67627 9368.58              -2.30287 58560.7 6.56102
15.16              2471.04 -2.20111 10223.4              1.35154 63554.1 12.1097
15.17              2165.51 -2.1256 9097.21              -2.7072 56979.7 8.62771
15.18              2162.57 -3.34419 10105.5              1.60263 62856.1 18.4622
15.19              1837.65 0.119546 8819.71              -1.85309 55351.5 -4.95007
15.2              1871.69 -2.40102 10180.4              2.89443 63279.2 13.4387
15.21              1487.62 -2.41214 8471.64              -3.16829 53313 8.82998
15.22              1553.68 -2.38657 10174.3              3.72089 63222.5 13.3206
15.23              1165.44 -4.53473 8330.6              -2.86621 52475 19.6916
15.24              1195.45 -3.16234 9954.24              3.64016 61914 16.9948
15.25              844.935 -2.68377 8488.06              -1.74869 53357.6 9.88354
15.26              860.047 -1.98649 10023              4.21294 62275.7 9.69678
15.27              509.886 -0.778525 8499.05              -0.777108 53381.8 -1.38224
15.28              482.234 -0.771656 9678.53              3.5568 60227.3 1.34783
15.29              164.554 0.0302083 8431.47              -0.458582 52951.4 -6.89891
15.3              114.514 -0.218618 9536.75              3.6377 59360.1 -2.33892
15.31              -211.086 0.0636073 8183.37              -0.600171 51456.3 -7.35079
15.32              -258.606 0.190291 9186.09              3.17482 57268.1 -5.20618
15.33              -579.045 0.785092 7943.46              -0.679375 50012.1 -12.0152
15.34              -607.388 0.754492 8953.97              3.05969 55866.3 -8.73052
15.35              -889.773 1.3129 7959.07              0.00235913 50046.4 -14.8599
15.36              -958.018 0.676406 8673.47              2.73176 54173.5 -8.67023
15.37              -1230.55 1.11616 7875.15              0.274879 49502.6 -13.0387
15.38              -1300.37 1.16573 8410.95              2.22077 52586.6 -11.5137
15.39              -1558.01 0.945969 7648.8              -0.0170697 48120 -11.5173
15.4              -1631.11 -0.0431328 8216.94              1.86903 51399 -4.0272
15.41              -1875.18 0.453018 7588.47              0.175671 47709.6 -8.14881
15.42              -1953.85 0.724244 7981.15              1.81217 49958.5 -7.81318
15.43              -2161.92 0.912538 7605.12              0.823969 47736.9 -9.30414
15.44              -2237.11 -5.18841 7915.93              1.8866 49513.9 28.0438
15.45              -2454.15 -0.566771 7595.42              0.820442 47612.1 1.04829
15.46              -2567.14 -0.0592753 7732.63              1.40864 48370.8 -1.343
15.47              -2748.24 -0.0102995 7512.93              0.996241 47054.3 -1.68257
15.48              -2871.71 0.117337 7612.27              1.52135 47590.8 -1.71202
15.49              -3007.35 -0.579268 7532.96              1.43999 47086.7 2.70293
15.5              -3135.54 5.94628 7501.2              0.348802 46893.3 -36.8554
15.51              -3307.31 2.22029 7336.19              1.21358 45875.5 -13.9874
15.52              -3470.12 0.403749 7196.57              1.14689 45008.1 -2.92727
15.53              -3622.68 -0.0455053 7059.29              1.10435 44174 0.126911
15.54              -3780.09 25.0729 7019.39              6.55768 43872.1 -139.888
15.55              -3934.65 4.95582 6750.85              2.3737 42291.3 -27.5291
15.56              -4067.12 -20.658 6687.71              -2.6983 41863.4 116.52
15.57              -4174.33 -3.45363 6711.96              1.15762 41979.9 20.3203
15.58              -4323.62 -5.82442 6495.54              -0.17266 40675.1 33.6894
15.59              -4463.28 -6.79071 6332.59              1.43188 39692.2 41.0114
15.6              -4589.78 -4.10542 6261.19              1.17846 39236.4 25.4191
15.61              -4717.04 -1.67652 6216.69              1.89231 38939.6 11.2556
15.62              -4845.69 -1.73906 6058.16              1.47136 37972.8 11.5467
15.63              -4969.22 -0.987819 5952.74              1.70197 37316.3 7.06136
15.64              -5096.66 -0.214851 5823.92              1.82373 36525.6 2.41468
15.65              -5221.88 0.778418 5688.27              2.03259 35695.8 -3.38595
15.66              -5310.44 -0.679655 5590.61              1.55841 35073.1 5.26799
15.67              -5416.73 -0.408113 5498.12              1.82358 34494.1 3.90874
15.68              -5550.44 -0.732399 5340.37              2.22383 33532.4 5.02645
15.69              -5651.66 0.157756 5194.81              1.09368 32647.5 0.91144
15.7              -5739.69 1.59703 5182.49              2.17175 32555.3 -7.90513
15.71              -5832.14 0.513974 5070.61              2.41835 31849.1 -2.0167
15.72              -5940.68 0.949608 4883.48              1.93407 30714 -4.61265
15.73              -6074.62 3.32777 4760.02              1.84065 29959.8 -17.3589
15.74              -6142.32 3.12693 4684.58              2.6348 29475.3 -17.0291
15.75              -6221.87 -0.152505 4636.14              2.14752 29150.3 2.44137
15.76              -6286.99 4.95683 4576.24              2.14298 28768.5 -27.5973
15.77              -6398.93 25.6076 4482.42              7.85334 28147.3 -142.586
15.78              -6452.72 -10.3796 4436.06              -0.951677 27835.6 58.4088
15.79              -6536.4 -2.14441 4206.08              1.01041 26464.4 12.9433
15.8              -6594.56 2.11991 4218.19              2.39115 26514.9 -11.1855
15.81              -6611.45 1.53739 4198.03              2.96199 26351.5 -6.93235
15.82              -6672.61 0.416486 4114.31              2.73601 25822.6 0.0122282
15.83              -6740.41 0.129155 4002.55              2.72398 25135.8 1.67874
15.84              -6795.94 -0.573936 3922.78              1.97428 24629.1 6.18188
15.85              -6874.76 -1.26079 3787.83              2.72357 23804.9 9.55433
15.86              -6983.08 -5.03702 3602.76              1.89786 22695 31.3373
15.87              -6938.67 2.64039 3622.9              2.15135 22773.6 -11.973
15.88              -6989.41 -1.67318 3537.52              1.92483 22233.9 11.8582
15.89              -7079.45 8.26021 3390.06              1.98962 21333.7 -43.3675
15.9              -7090.19 1.62039 3325.3              2.63693 20917.2 -6.76005
15.91              -7153.24 -2.74164 3219.62              2.32058 20250.5 19.4771
15.92              -7173.81 17.0117 3214.63              5.7208 20179.5 -92.4669
15.93              -7182.98 -5.76458 3195.07              -0.436059 20029.5 33.9974
15.94              -7187.17 -0.93974 3147.62              1.45853 19733.2 7.92035
15.95              -7206.66 5.48308 3045.92              1.51785 19101.8 -29.9462
15.96              -7208.85 1.8034 3010.69              2.33558 18870.4 -7.70807
15.97              -7236.88 2.44312 2897.65              2.25081 18176.8 -11.5984
15.98              -7263.37 4.56717 2775.64              2.18542 17429 -24.5211
15.99              -7269.63 4.81449 2682.58              2.258 16847.4 -26.382
16              -7339.54 -3.85158 2504.39              2.2796 15766.1 21.8938
16.01              -7268.71 4.97005 2445.43              1.39957 15390.7 -27.0463
16.02              -7294.22 2.38028 2254.22              1.68622 14234.9 -13.4145
16.03              -7358.6 10.566 2017.15              1.41289 12810.8 -57.9697
16.04              -7289.39 3.92063 1934.64              1.94905 12286.4 -21.1216
16.05              -7238.08 -0.579155 1863.52              2.41367 11813.4 5.34382
16.06              -6980.61 0.951672 2175.66              3.02235 13578.6 -2.62515
16.07              -7015.21 1.40591 1828.29              2.68006 11530.6 -5.43178
16.08              -6921.15 4.74101 1754.25              2.89463 11072.3 -24.7588
16.09              -6856.9 1.48393 1608.31              2.84393 10209.3 -5.41069
16.1              -6797.06 1.67227 1460.14              2.80855 9334.71 -6.61598
16.11              -6670.3 2.19809 1450.75              2.84275 9260.65 -9.65636
16.12              -6590.17 2.46984 1337.2              2.69349 8585.06 -11.1865
16.13              -6493.55 0.328193 1293.28              2.91978 8315.28 0.558498
16.14              -6310.39 2.58494 1364.54              2.81745 8717.05 -11.3773
16.15              -6148.43 0.576073 1430.48              3.31259 9079.56 -0.457497
16.16              -6056.59 2.42956 1393.36              2.78747 8852.7 -9.75296
16.17              -5900.1 3.31208 1453.68              2.65202 9188.13 -14.6727
16.18              -5669.82 4.47456 1658.27              3.04111 10360.8 -21.5524
16.19              -5405.15 -5.82452 1894.27              1.7497 11720.7 36.0552
16.2              -5368.15 3.11064 1726.51              3.90801 10750.6 -12.3757
16.21              -5245.05 2.52018 1725.42              3.66002 10736.5 -10.1029
16.22              -5095.91 2.32184 1753.62              3.13517 10894.2 -8.696
16.23              -4963.85 2.7525 1760.09              2.89654 10931.6 -11.7959
16.24              -4866.5 3.50093 1706.11              2.56432 10623.6 -16.3097
16.25              -4698.88 3.58587 1762.92              2.47978 10950.7 -16.5195
16.26              -4506.13 1.78085 1861.05              2.58722 11518.2 -6.31047
16.27              -4384.63 0.148448 1810.83              1.87409 11246.2 3.99525
16.28              -4243.38 1.50077 1801.3              1.31568 11213.7 -1.64097
16.29              -4135.05 5.95113 1777.68              0.52624 11101 -25.4101
16.3              -3975.43 0.695415 1793.26              0.972225 11211.2 2.9364
16.31              -3816.56 -4.50476 1845.01              0.19282 11531.7 33.2895
16.32              -3660.79 -0.0644026 1862.5              -0.280694 11667.1 6.93434
16.33              -3543.87 0.123498 1915.53              0.0947682 11965.7 4.99332
16.34              -3403.12 -2.17475 1983.65              -0.230445 12368.7 17.1005
16.35              -3311.16 1.61835 2009.83              0.0855649 12505.2 -5.79921
16.36              -3228.72 -0.31898 2056.45              0.931595 12753 4.21698
16.37              -3194.61 1.52203 2058.06              1.70117 12723.8 -8.2498
16.38              -3211.98 5.31754 1980.2              2.37254 12238 -32.4101
16.39              -3208.35 6.62398 1957.77              2.66041 12057.1 -40.4001
16.4              -3207.53 4.51778 1919.43              3.16349 11783.3 -29.1974
16.41              -3224.34 2.25515 1861.95              3.438 11404.5 -17.4395
16.42              -3141.33 7.86877 1914.48              3.08687 11643.5 -47.4349
16.43              -3118 4.34525 1881.2              3.83697 11409 -27.2065
16.44              -3125.78 11.4718 1825.61              3.05419 11050.1 -65.2899
16.45              -3045.46 7.00033 1851.11              3.55794 11162.5 -42.3862
16.46              -2969.38 2.1649 1865.42              2.35426 11224 -12.6203
16.47              -2996.13 9.41244 1794              3.62444 10783.2 -51.8461
16.48              -2935.72 3.17679 1802              1.99226 10814.5 -18.761
16.49              -2852.68 -3.07173 1882.81              0.549771 11241.9 14.6528
16.5              -2795.63 3.85932 1887.67              0.594912 11252.4 -24.3689
16.51              -2714.63 0.396622 1947.01              1.85321 11577.3 -3.57232
16.52              -2652.89 0.682777 1969.85              1.94634 11694.4 -5.15487
16.53              -2605.09 1.16439 1971              1.90467 11692.1 -8.12657
16.54              -2591.69 2.51563 1911.99              1.72977 11358.5 -16.3127
16.55              -2515.73 3.50043 1955.03              1.79715 11594 -22.0592
16.56              -2461.75 2.3394 1954.03              1.55025 11586.3 -15.2364
16.57              -2431.41 0.478348 1925.94              1.80665 11429.2 -5.43677
16.58              -2386.84 -1.87293 1923.2              1.95639 11414.1 6.41067
16.59              -2244.74 3.24576 2059.84              1.89951 12161.7 -20.7756
16.6              -2153.12 3.33527 2103.05              2.14978 12404.2 -21.9672
16.61              -2052.04 4.61937 2183.42              2.43967 12844.5 -29.104
16.62              -2011.65 9.6043 2167.63              2.22352 12760.5 -56.42
16.63              -1899.39 5.92612 2207.64              2.99379 12989.3 -38.2097
16.64              -1864.11 7.55807 2147.16              3.05087 12665.1 -48.256
16.65              -1779.13 5.89435 2134.42              3.43348 12604.9 -39.5562
16.66              -1641.83 7.71317 2293.84              3.19535 13467.4 -49.7412
16.67              -1689.27 6.36128 1994.5              2.36675 11865.8 -44.5531
16.68              -1506.11 6.55444 2236.61              2.96419 13165.2 -43.6848
16.69              -1387.12 13.5641 2293.95              4.61432 13482.5 -78.906
16.7              -1282.35 5.44307 2382.1              2.97704 13946.6 -35.329
16.71              -1165.98 3.92018 2463.23              3.26634 14385.1 -25.7299
16.72              -1048.91 2.52482 2559.18              2.53017 14891.6 -17.6593
16.73              -927.888 0.875691 2655.19              2.56276 15402.5 -8.19675
16.74              -832.374 0.688081 2699.06              2.70376 15634.4 -7.28326
16.75              -746.207 -0.448101 2714.31              2.56905 15714.3 -0.250865
16.76              -669.098 -1.34587 2707.18              2.42142 15675.4 5.39433
16.77              -570.873 -1.22634 2739.75              2.60968 15844.9 4.52351
16.78              -482.964 -2.20012 2748.14              2.66694 15886.7 10.6548
16.79              -396.578 -2.49099 2764.61              2.46397 15972.5 12.6282
16.8              -327.173 -2.00891 2702.9              2.61773 15647.2 9.64279
16.81              -252.666 -2.06661 2653.52              2.51011 15387.6 10.7994
16.82              -149.692 -3.77156 2700.59              2.63253 15635.2 21.9153
16.83              -54.7642 -3.77942 2721.7              2.54193 15745.6 22.2818
16.84              41.1211 -3.86963 2731.71              2.42861 15796.9 22.9505
16.85              151.414 -3.47977 2815.07              2.11101 16231.1 20.7269
16.86              269.802 -4.3872 2931.27              2.23079 16833.9 26.5502
16.87              367.725 -4.26021 2977.02              1.96578 17071 26.0393
16.88              458.106 -4.89078 3030.75              2.132 17348 30.6438
16.89              550.671 -5.02302 3089.13              1.74345 17649.4 31.845
16.9              644.132 -5.77219 3141.66              1.83785 17917.8 37.6287
16.91              734.388 -5.29776 3213.41              1.60937 18289.6 34.9144
16.92              813.85 -4.83297 3202.26              1.16202 18229.4 32.0915
16.93              907.8 -4.46666 3290.62              0.919055 18685.5 29.9325
16.94              996.963 -4.31141 3370.83              0.910276 19099.5 29.3711
16.95              1082.83 -4.2967 3443.29              0.972719 19471.1 29.898
16.96              1158.51 -4.75969 3499.14              1.03924 19759.1 32.744
16.97              1228.93 -3.74158 3529.69              1.0231 19917.2 26.9105
16.98              1304.91 -5.04573 3569.09              1.33935 20116.7 34.9321
16.99              1375.97 -3.43073 3604.57              1.21436 20302.7 25.2409
17              1430.69 -4.28483 3648.78              1.56817 20540.8 30.8818
17.01              1520.69 -4.22749 3674.23              1.64509 20665.1 29.9253
17.02              1598.76 -3.07071 3695.34              1.54429 20778.4 24.1392
17.03              1642.59 -3.27581 3727.06              1.62076 20958.4 24.2272
17.04              1714.88 -3.63112 3725.85              1.66492 20958 26.975
17.05              1793.32 -3.28741 3781.53              1.68417 21255 24.7014
17.06              1866.92 -3.46335 3818.83              1.75497 21460.6 25.7308
17.07              1952.22 -2.98013 3842.64              1.63444 21585.6 22.8263
17.08              2013.51 -2.78522 3876.85              1.55926 21787.9 21.7241
17.09              2096.91 -4.61615 3910.53              1.78398 21969.7 32.6287
17.1              2165.83 -4.86313 3970.09              1.98931 22311.8 34.5904
17.11              2226.64 -4.46596 4001.86              2.20636 22492.2 32.1311
17.12              2299.56 -4.68638 4061.31              2.52216 22828.1 33.9375
17.13              2360.57 -4.27786 4077.41              2.88901 22932.7 31.3426
17.14              2407.2 -3.95006 4041.15              2.9181 22766.9 29.8306
17.15              2470.3 -4.13342 4013.27              2.90105 22635.1 30.9725
17.16              2535.38 -4.69331 4057.49              3.29169 22898.1 34.5968
17.17              2594.57 -4.80662 4080.18              3.50929 23046.2 35.6136
17.18              2670.75 -4.58055 4212.96              3.63231 23778.4 34.1897
17.19              2729.38 -3.54429 4225.85              4.29283 23881.7 28.3925
17.2              2841.11 -4.6996 4478.77              4.88818 25265.2 34.94
17.21              2834.87 3.49488 4234.01              6.12236 24001.7 -8.35514
17.22              2987.44 -1.92429 4658.94              6.69039 26316.9 20.0124
17.23              2965.27 -10.5981 4423.48              4.32994 25098.4 65.2045
17.24              3148 -4.7515 4892.95              6.45091 27668.7 32.0293
17.25              3072.62 -2.31331 4581.89              6.00031 26031.2 19.1871
17.26              3249.57 0.816232 4991.11              7.4953 28291.3 0.363908
17.27              3221.9 2.69696 4794.2              7.88048 27263.8 -10.3816
17.28              3407.43 8.07954 5271.67              8.97567 29907.5 -39.3848
17.29              3340.44 7.31201 4971.33              8.58345 28351.8 -37.4678
17.3              3564.34 6.49786 5449.31              10.074 31000 -34.2594
17.31              3490.55 11.1177 5171.04              9.21771 29563 -60.2704
17.32              3691.1 7.5575 5669.17              10.3167 32324.7 -40.3803
17.33              3651.48 10.8265 5444.71              9.38238 31173.2 -58.7786
17.34              3858.25 11.2965 5951.29              10.0631 33999.6 -61.0619
17.35              3807.72 12.4078 5708.87              9.13219 32741.1 -67.9851
17.36              3979.25 11.5823 6121.38              9.52615 35063.1 -63.0038
17.37              3899.45 10.5717 5853.06              8.69181 33665.9 -56.9731
17.38              4117.82 10.282 6365.27              9.69911 36534 -55.5809
17.39              4016.45 13.6966 6042.57              7.86295 34828.1 -75.4744
17.4              4272.88 4.96393 6673.49              7.69531 38358.2 -26.0238
17.41              4140.71 -10.4089 6342.91              2.43286 36603.1 56.9599
17.42              4350.41 1.91272 6816.32              3.87603 39272.5 -3.66402
17.43              4250.09 -18.0228 6563.13              -4.68363 37950.1 105.739
17.44              4411.84 -22.0278 6913.94              -3.85665 39932.9 128.552
17.45              4333.33 -13.6044 6721.23              -0.937981 38919.5 79.1463
17.46              4498.7 -7.40242 7133.28              1.61631 41269 44.6577
17.47              4421.94 -11.6617 6929.51              1.19562 40210.9 65.7505
17.48              4562.32 -14.8682 7224.9              0.159894 41925.7 84.6543
17.49              4523.35 -18.5308 7178.97              -1.72983 41749.2 105.371
17.5              4698.88 -16.7781 7595.63              -1.33777 44132.8 95.5539
17.51              4575.21 -10.7485 7317.14              -1.08359 42664.9 61.3815
17.52              4735.32 5.58222 7678.33              5.79091 44745.1 -30.7792
17.53              4562.12 20.9632 7323.12              9.96015 42845.7 -119.672
17.54              4732.14 22.9793 7738.44              11.7046 45230.1 -130.95
17.55              4670.72 22.6818 7645.87              7.77276 44778.6 -130.747
17.56              4893.38 -10.2728 8228.55              2.54227 48093.4 50.2474
17.57              4753.2 25.5334 8003.59              8.17617 46916.8 -140.224
17.58              4888.79 9.58828 8243.06              4.3058 48357.6 -55.6488
17.59              4742.53 2.51885 7979.75              2.82212 46938.4 -15.0353
17.6              4860.02 8.12459 8300.84              3.334 48807.4 -44.9396
17.61              4855.77 4.04085 8291.69              3.13339 48846.1 -24.5462
17.62              4914.24 3.05707 8454.32              2.8378 49841.2 -19.4094
17.63              4982.95 -1.14903 8674.33              2.63059 51157.8 4.29875
17.64              4993.7 0.332369 8768.66              2.14255 51778 -3.12427
17.65              4893.58 3.08112 8566.78              1.08549 50720 -19.058
17.66              5017.04 2.12462 8885.6              1.58838 52602.7 -13.4748
17.67              4925 1.46997 8757.48              0.618106 51962.9 -10.0599
17.68              4994.6 7.80847 8985.16              0.192678 53321.2 -46.2424
17.69              4957.76 -2.4889 8976.21              -0.354607 53356.3 12.1614
17.7              5069.98 -32.4099 9366.88              -4.79851 55619.4 172.26
17.71              5040.25 36.2501 9439.75              6.97133 56096 -197.69
17.72              5057.87 -0.966737 9423.52              1.21729 56107.3 5.60932
17.73              5065.2 1.25885 9478.26              1.42827 56498.2 -8.91039
17.74              4973.17 6.75304 9399.64              0.0552253 56138.3 -39.1646
17.75              5111.55 -0.173081 9720.06              1.4405 58037.8 -2.03739
17.76              4908.13 -1.6883 9345.6              0.0336872 55991.1 5.46912
17.77              5167.62 -1.80282 10009.3              1.68518 59848.4 7.3556
17.78              4958.59 1.72938 9586.8              0.121034 57523.2 -13.3127
17.79              5100.32 1.20764 9971.17              1.02623 59797.7 -10.0065
17.8              4993.95 0.388657 9802.65              0.422555 58913.6 -5.17389
17.81              5172.67 1.40103 10302.6              1.67021 61845.1 -10.7089
17.82              5067.4 2.78234 10176.3              -1.02936 61182.4 -21.3111
17.83              5174.53 -39.4987 10624.6              -5.1766 63800.7 210.044
17.84              5025.17 45.0194 10436.8              8.55337 62785.7 -248.325
17.85              5127.19 1.39801 10575.6              3.70991 63686.1 -8.78841
17.86              4977.9 3.62464 10266.3              2.00568 61992.4 -23.7152
17.87              5124 7.02304 10737.9              1.95714 64777.5 -41.7354
17.88              5015.11 1.11178 10505.4              1.59927 63513 -10.5167
17.89              5106.88 2.45195 10800.7              1.63375 65280 -17.901
17.9              4984.78 -2.25037 10615.8              1.30148 64286.2 8.51696
17.91              5090.9 0.873811 10919.5              1.58226 66105 -8.63668
17.92              4952.92 1.81108 10622.7              0.668477 64467 -14.6355
17.93              5031.64 1.07224 10901.6              1.25426 66140.3 -9.65027
17.94              4939.62 1.72974 10711.8              0.685486 65114.2 -14.0503
17.95              4977.49 6.55078 10899.8              0.214587 66247.6 -42.8328
17.96              4981.84 -3.03309 10968.4              -0.331482 66710.2 12.4435
17.97              4993.43 -44.7499 11210.6              -5.80665 68131.2 240.896
17.98              4888.13 47.6365 11054              7.89041 67264.9 -265.464
17.99              4978.64 1.27461 11184.5              2.48844 68111.5 -8.13527
18              4837.17 2.28482 10821.1              0.588734 66070.4 -16.2375
18.01              4932.85 3.55151 11197.7              0.523869 68305.9 -22.458
18.02              4828.56 -0.346991 10907.1              0.30394 66668.2 -1.39447
18.03              4921.44 1.04885 11227.1              0.792464 68568.7 -9.09632
18.04              4822.16 -1.77175 11012.9              0.174518 67374 7.03242
18.05              4938.78 -0.878897 11441.8              1.32679 69904.3 2.69537
18.06              4777.13 0.326266 10978.2              -0.243448 67260.8 -5.04825
18.07              4880.14 0.550607 11353.3              0.92135 69481 -5.52971
18.08              4705.96 -0.629757 10844              -0.764106 66567.3 0.733103
18.09              4863.21 0.560204 11406.6              0.962851 69867.2 -5.11918
18.1              4632.41 3.49099 10722.3              -1.60121 65927.9 -24.3306
18.11              4860.25 -5.95059 11591.3              -0.540034 70997.5 31.6531
18.12              4600.12 -50.7726 10887.9              -8.60691 66923.5 277.496
18.13              4764.91 53.0826 11636              9.81667 71275.1 -293.743
18.14              4553.52 4.89114 10771.5              -0.729931 66345.9 -30.0116
18.15              4655.26 -2.14688 11286.1              0.977133 69348.7 12.8237
18.16              4471.41 0.32598 10729.9              -0.89964 66150.2 -3.27268
18.17              4538.67 0.873591 11146.2              -0.0923206 68597.3 -5.62428
18.18              4390.45 -1.50283 10750.6              -1.63317 66318.5 7.5237
18.19              4447.48 -1.94518 11157.4              -0.178368 68710.4 11.2448
18.2              4248.4 -1.8796 10563.5              -2.38696 65272 9.73602
18.21              4329.99 -2.38164 11151.2              -0.353901 68721.7 14.7636
18.22              4120.42 -2.93989 10546              -2.51778 65219.9 16.7158
18.23              4217.44 -1.86899 11253              -0.114843 69356.7 12.5416
18.24              3921.35 -2.95031 10280.6              -3.4295 63721.5 16.6094
18.25              4022.21 -1.78375 11085.4              -0.463206 68425.5 12.2921
18.26              3731.08 -3.17824 10129.6              -3.79653 62883.4 18.1715
18.27              3819.22 -2.15212 10954.8              -0.569543 67705.4 14.851
18.28              3535.55 -3.06255 10039.8              -3.81728 62394.4 17.6977
18.29              3596.88 -1.68312 10806.4              -0.561742 66874.2 11.9874
18.3              3319.89 -3.13189 9923.09              -3.81187 61743.8 18.1979
18.31              3336.58 -1.02848 10587.1              -1.50878 65611.8 7.19303
18.32              3122.9 -11.4024 9986.35              -5.34107 62121.1 64.6173
18.33              3113.33 -2.15864 10576.3              -0.231404 65575.7 14.874
18.34              2866.17 -58.0026 10039.8              -10.5453 62418.1 324.774
18.35              2831.47 -3.17478 10412              -0.191196 64622.4 20.7007
18.36              2552.37 66.9258 9787.83              8.53848 60934.5 -372.389
18.37              2544.36 3.96148 10286.8              0.896405 63906.4 -20.0959
18.38              2239.76 -0.477111 9172.96              -3.57055 57429.5 2.15433
18.39              2247.2 -1.70377 10108.1              0.203089 62870.7 11.8473
18.4              1927.25 -1.25005 8918.27              -4.03289 55932.3 5.90447
18.41              1934.79 -2.81709 9997.91              0.646583 62219.9 17.9652
18.42              1583.74 0.730574 8563.69              -3.61737 53849.1 -6.26511
18.43              1636 -2.15835 10103.2              1.90556 62817.1 14.9238
18.44              1232.3 -1.82521 8308.72              -4.66647 52350 7.76502
18.45              1295.83 -2.26906 9963.91              2.3041 61979.1 14.7734
18.46              924.708 -3.69724 8346.85              -3.56036 52551.5 17.1778
18.47              954.746 -2.22842 9912.48              2.69717 61645.9 13.3669
18.48              587.207 -1.59192 8399.95              -2.87768 52823.4 5.13793
18.49              597.668 0.0161414 9753.73              2.97539 60681.3 -0.190203
18.5              243.169 0.105024 8301.66              -2.28429 52210.8 -5.01168
18.51              212.137 0.121969 9372.4              2.14547 58417 -2.33456
18.52              -85.4786 1.05691 8286.36              -1.5161 52074.8 -10.8757
18.53              -140.912 1.00461 9203.54              2.16425 57384.3 -7.96125
18.54              -461.426 1.96997 7947.73              -1.85809 50052.5 -17.1964
18.55              -488.234 1.91075 9014.27              2.32663 56231.1 -13.6375
18.56              -789.106 2.62176 7898.09              -1.22938 49708.8 -20.8239
18.57              -859.895 2.39563 8634.6              1.74248 53967.9 -17.2117
18.58              -1112.19 2.35631 7916              -0.462451 49756.6 -18.4952
18.59              -1214.53 2.53743 8330.98              1.27561 52140.4 -18.1146
18.6              -1461.32 2.40211 7653.54              -0.718561 48168.6 -18.7469
18.61              -1529.03 2.73891 8184.66              1.3836 51224.7 -18.8441
18.62              -1778.69 2.17714 7540.57              -0.505909 47448.2 -16.9039
18.63              -1860.92 1.17309 7928.21              0.871146 49664.9 -9.76966
18.64              -2082.88 1.61606 7501.33              -0.244245 47153.2 -12.7254
18.65              -2163.79 2.08 7829.59              1.22619 49022 -14.0547
18.66              -2379.19 1.63396 7449.56              0.0975774 46778.2 -11.7811
18.67              -2482.33 -3.81495 7542.2              0.792905 47284.3 21.0433
18.68              -2639.7 0.0530156 7544.94              0.599051 47257 -0.813697
18.69              -2795.44 1.13614 7478.33              0.749817 46833.8 -7.11425
18.7              -2935.66 0.430747 7444.27              0.658017 46592.3 -2.58692
18.71              -3076.72 1.54328 7427.55              1.22662 46453.9 -8.88455
18.72              -3226.72 -0.143355 7319.4              0.850262 45785.9 1.32931
18.73              -3340.41 5.885 7231.51              -0.39861 45256.4 -35.3662
18.74              -3525.29 3.52175 7069.66              0.753705 44254 -20.7497
18.75              -3684.03 1.47896 6948.25              0.614872 43510.7 -8.17081
18.76              -3847.42 0.0353621 6705.11              0.151785 42053.4 0.451269
18.77              -3971.93 25.4149 6782.53              5.98314 42431.2 -141.16
18.78              -4115.72 6.60639 6616.05              2.4524 41446.4 -36.21
18.79              -4249.4 -20.6833 6565.85              -3.24703 41091.7 117.843
18.8              -4378.85 -2.7904 6433.33              0.556014 40299.2 17.1697
18.81              -4544.51 -5.14315 6196.19              -0.856702 38872.6 30.1307
18.82              -4655.98 -5.75152 6080.43              1.02192 38171.5 35.6194
18.83              -4786.54 -2.30424 6007.21              1.02156 37701.1 15.3974
18.84              -4894.82 -1.12381 5966.33              1.28347 37419.3 8.58304
18.85              -5024.92 -0.1213 5847.43              1.43759 36685.7 2.51614
18.86              -5140.48 0.587776 5684.38              1.3702 35688.9 -1.8347
18.87              -5277.11 0.173793 5543.43              1.15338 34831.8 0.5418
18.88              -5371.59 -0.42215 5456.31              1.32404 34275.9 4.166
18.89              -5476.6 0.471791 5383.63              1.62111 33808.9 -0.893529
18.9              -5590.82 -1.05005 5272.25              1.59184 33118.5 7.91517
18.91              -5727.6 1.289 5034.39              1.59356 31696.8 -6.46171
18.92              -5779.65 2.44809 5054.82              1.55534 31786.2 -12.5743
18.93              -5910.58 0.894821 4953.62              1.46573 31155.5 -3.44171
18.94              -6003.37 -1.62144 4798.87              1.25511 30208.4 10.3963
18.95              -6106.29 3.05652 4633.99              1.45445 29199.3 -15.5443
18.96              -6191.54 -0.152929 4572.31              1.5763 28803 2.4727
18.97              -6271.27 1.15295 4480.36              2.0638 28219.3 -4.91902
18.98              -6367.14 -0.388237 4440.67              1.61078 27953.8 4.40888
18.99              -6443.05 21.8926 4438.02              5.96486 27877.6 -120.433
19              -6509.9 6.25413 4242.59              2.66669 26716.6 -33.6523
19.01              -6580.77 -13.3391 4243.43              -1.53789 26663.3 75.9528
19.02              -6675.89 -1.50216 4031.56              0.687007 25405.5 9.12728
19.03              -6704.01 0.343793 4054.97              2.39648 25513.1 -0.195154
19.04              -6735.62 0.744073 4018.72              2.74473 25256.4 -2.07449
19.05              -6808.85 0.751588 3899.86              2.76648 24526.9 -1.91655
19.06              -6857.94 2.07887 3838.96              2.84083 24131.6 -9.59537
19.07              -6899.91 2.15247 3771.13              2.9715 23694.3 -10.0981
19.08              -6991.4 -1.185 3611.83              2.56419 22730.2 9.14012
19.09              -7068.07 -3.25578 3458.75              2.3565 21795.7 20.8661
19.1              -7049.17 1.64067 3441.83              1.99947 21666.6 -6.03455
19.11              -7097.55 -1.14124 3354.57              2.26509 21120.1 9.01885
19.12              -7185.63 6.42288 3211.28              1.9505 20238.7 -32.5464
19.13              -7189.85 1.33065 3166.21              2.61146 19941.2 -4.76976
19.14              -7242.35 -3.33716 3084.26              2.88613 19416.4 22.7609
19.15              -7260.24 13.5752 3060.11              5.09261 19233 -72.4561
19.16              -7266.54 -4.75396 3054.98              0.51904 19170.6 28.1461
19.17              -7250.61 -1.28199 3047.13              1.81791 19099.4 9.81857
19.18              -7283.4 6.3123 2914.79              1.83613 18295.4 -35.3548
19.19              -7279.88 2.24646 2867.59              2.33384 17988.3 -11.175
19.2              -7304.12 3.54205 2732.93              2.22475 17165.5 -19.1942
19.21              -7335.61 4.61438 2594.23              2.22433 16321.1 -25.8687
19.22              -7343.26 1.27074 2493              2.61918 15688.1 -7.15679
19.23              -7371.65 -2.51792 2329.46              2.50253 14697.6 14.6114
19.24              -7319.55 1.90161 2234.9              1.85303 14111.4 -9.08762
19.25              -7346.42 -0.823926 2019.06              2.14492 12814.2 5.90762
19.26              -7363.59 5.81687 1862.39              2.16547 11853.4 -29.5653
19.27              -7311.58 -2.5844 1736.72              2.75998 11077.2 17.7326
19.28              -7174.16 -0.294455 1835.08              2.94405 11601.1 4.67243
19.29              -7030.16 -3.00506 1859.21              3.35708 11702.7 20.1193
19.3              -6952.24 -1.2933 1754.09              4.22758 11059.2 12.1934
19.31              -6914.46 0.772284 1557.13              3.46547 9895.67 -0.856576
19.32              -6824.76 -1.34482 1464.37              3.65287 9341.4 11.7462
19.33              -6710.06 -1.72525 1435.46              3.73241 9155.31 14.2191
19.34              -6654.83 -1.14456 1274.78              3.46679 8211.08 10.8935
19.35              -6575.25 -1.06871 1158.24              3.32282 7520.56 10.3481
19.36              -6371.27 -2.83915 1339.48              4.09295 8551.51 20.7998
19.37              -6253.8 -1.5006 1297.34              3.73205 8302.55 13.5937
19.38              -6079.6 -3.76542 1399.32              4.12915 8875.64 25.8901
19.39              -5977.17 -2.39246 1373.54              3.86614 8713.37 19.579
19.4              -5781.04 -0.819932 1527.5              3.9813 9597.13 10.8874
19.41              -5580.09 0.222354 1677.99              3.86528 10458.7 4.79242
19.42              -5415.77 -8.89754 1718.66              2.64407 10697.1 55.1729
19.43              -5259.74 -1.78956 1775.63              5.18408 11020.6 17.5261
19.44              -5161.73 -2.7644 1717.17              4.6437 10679.4 22.4915
19.45              -5025.41 -1.89536 1728.51              4.0659 10742.4 16.7852
19.46              -4893.21 -1.53215 1737.99              3.86492 10796.2 14.676
19.47              -4782.53 -0.702791 1699.87              3.8355 10581.1 10.1383
19.48              -4588.12 -1.51084 1817.45              4.36296 11264.9 15.1081
19.49              -4461.36 -5.51406 1817.52              3.75901 11272.2 38.1576
19.5              -4290.15 -1.69746 1822.47              2.16423 11323.5 19.2299
19.51              -4173.44 -3.7701 1788.32              1.81117 11152.5 30.5463
19.52              -4069.44 0.244664 1775.51              1.14583 11093.8 8.92598
19.53              -3900.17 -4.44385 1805.04              1.2912 11288.5 34.5434
19.54              -3742.59 -7.63886 1856.81              1.06 11610 51.8224
19.55              -3617.36 -0.295951 1911.65              2.03128 11924.8 10.3959
19.56              -3520.67 -6.84036 1932.72              -0.407944 12044.3 44.7135
19.57              -3416.94 -6.27908 1990.56              0.673828 12361.5 40.9526
19.58              -3345.32 -2.08969 2017.04              0.936821 12487.8 16.469
19.59              -3300.72 -3.33349 2023.67              1.85157 12495.5 22.173
19.6              -3283.18 -1.34449 1999.37              2.42544 12315.1 8.98639
19.61              -3306.52 2.8503 1923.61              3.21453 11838.2 -17.3779
19.62              -3291 3.46279 1897.09              3.49469 11635.7 -21.8647
19.63              -3320.38 -2.0502 1835.25              4.22582 11229.7 6.89428
19.64              -3219.68 5.06526 1895.67              3.8872 11525.2 -30.9614
19.65              -3194.12 4.18731 1878.58              3.90489 11383.3 -26.3131
19.66              -3158.03 2.83646 1869.37              3.52874 11292 -18.1953
19.67              -3144.21 10.1248 1835.53              3.35917 11065.4 -58.2646
19.68              -3061.81 5.66264 1872.16              3.51194 11241.6 -35.1062
19.69              -2983.57 3.80579 1884.87              2.14831 11297 -23.5516
19.71              -2937.41 -1.1444 1854.75              -0.0597945 11075.5 2.63111
19.72              -2847.61 -1.00097 1914.38              0.806566 11400.3 3.06572
19.73              -2776.21 5.54513 1946.32              1.09891 11565.7 -34.3795
19.74              -2695.78 1.20769 2004.42              1.93014 11885 -9.37649
19.75              -2631.48 1.03284 2029.36              2.00942 12016.2 -8.24251
19.76              -2573.83 0.87448 2043.33              2.01487 12086.6 -7.27579
19.77              -2553.38 1.57611 1991.3              1.89202 11792.2 -11.4657
19.78              -2476.98 1.87297 2032.76              1.81688 12019.8 -12.9127
19.79              -2409.88 1.09168 2048.16              1.91294 12104.4 -8.58005
19.8              -2449.04 -6.81859 1930.23              2.20018 11445.3 33.7216
19.81              -2272.15 2.00726 2056.3              1.76568 12154.5 -13.3673
19.82              -2190.9 2.17949 2149.83              2.08817 12655.6 -14.8869
19.83              -2087.75 1.67769 2202.01              2.1507 12949.3 -12.4546
19.84              -2005.73 2.48606 2234.12              2.11252 13128.9 -16.7581
19.85              -2012.01 9.03063 2109.77              1.98801 12450.5 -52.5717
19.86              -1947.29 4.37386 2032.69              2.30463 12048.5 -28.9155
19.87              -1806.04 2.45896 2170.23              2.61078 12801 -17.7928
19.88              -1668.12 3.23373 2258.26              2.89853 13290.6 -23.0742
19.89              -1597.87 4.45622 2266.71              2.57724 13336.3 -29.873
19.9              -1510.72 -1.54074 2249.63              1.14285 13256.9 1.30906
19.91              -1356.44 1.46176 2431.81              2.51879 14234.8 -13.0155
19.92              -1241.75 7.66278 2489.68              3.77338 14552.2 -44.21
19.93              -1125.08 2.86354 2593.05              2.83704 15102.1 -19.0723
19.94              -1019.25 2.21018 2659              2.74705 15457.3 -16.0318
19.95              -933.901 4.41224 2664.92              2.40757 15481.8 -28.9713
19.96              -834.103 1.42483 2709.55              2.41588 15724.4 -11.2783
19.97              -736.726 1.192 2755.03              2.34278 15968.2 -9.94036
19.98              -636.658 0.765743 2785.21              2.50396 16126.9 -7.18894
19.99              -551.728 0.189535 2787.38              2.13896 16137.5 -3.53913
20              -463.478 0.344788 2802.52              2.13127 16217.1 -4.3373
20.01              -383.8 0.858661 2776              2.32523 16074.7 -7.3711
20.02              -301.863 0.0972108 2769.73              2.14746 16042.3 -2.08505
20.03              -231.662 0.204146 2696.75              1.69181 15657.1 -2.32041
20.04              -129.294 0.250936 2741.72              1.79626 15892.5 -1.89193
20.05              -21.118 0.00151688 2803.04              1.48693 16212.5 -0.351205
20.06              73.2817 -0.0308762 2820.12              0.897565 16300.2 0.15016
20.07              174.701 -0.302081 2860.56              0.864414 16510.7 2.18358
20.08              271.675 -0.67451 2896.02              0.537968 16693.8 4.68188
20.09              374.299 -2.09984 2976.18              0.857087 17110.1 14.5381
20.1              476.307 -1.60965 3052.14              0.429106 17500.8 11.4059
20.11              573.79 -2.72013 3143.54              0.555976 17972.1 19.0246
20.12              662.268 -2.47524 3183.08              0.138803 18174.7 16.9937
20.13              750.37 -2.49924 3241.27              0.0526752 18474.3 17.3745
20.14              835.95 -2.37371 3274.35              -0.0208411 18642.7 16.7767
20.15              922.569 -2.42653 3343.84              -0.00214153 19000.5 17.4247
20.16              1015.46 -2.37298 3433.51              0.0419502 19463.5 17.3659
20.17              1095 -2.2994 3497.46              0.217223 19791.5 17.2601
20.18              1170.98 -1.94059 3560.49              0.29711 20116.1 15.3278
20.19              1244.67 -1.67885 3606.93              0.342602 20355.4 13.738
20.2              1318.1 -2.4046 3652.06              0.567558 20586.4 18.1879
20.21              1385.63 -1.88952 3671.81              0.477055 20684.9 15.3805
20.22              1460.97 -1.68671 3716.57              0.6273 20918.2 14.2268
20.23              1531.58 -2.52999 3759.44              0.915953 21145.8 19.3973
20.24              1608.26 -0.621463 3786.96              0.741586 21292.9 8.41362
20.25              1676.18 -1.55939 3803.72              0.963579 21384.9 13.6967
20.26              1744.06 -2.33407 3828.37              1.15637 21519.7 18.6734
20.27              1812.53 -1.42002 3832.02              1.11815 21551.4 13.2767
20.28              1892.47 -1.65519 3880.67              1.36705 21815.3 14.8432
20.29              1964.55 -1.51234 3915.13              1.47274 22007.9 14.0213
20.3              2018.78 -1.96941 3951.54              1.49688 22222 16.8812
20.31              2091.66 -2.55488 3987.57              1.41934 22427.7 20.4372
20.32              2167.99 -2.92025 4034.01              1.6113 22687.8 23.3954
20.33              2246.38 -3.4316 4098.7              1.97776 23052 25.7464
20.34              2310.21 -4.09099 4140.66              2.16548 23292.5 30.7136
20.35              2376.26 -2.90363 4185.65              2.05557 23553.5 23.751
20.36              2437.78 -2.45429 4224.22              2.4272 23781.6 21.1563
20.37              2514.52 -2.21022 4269.87              2.73594 24047.1 19.4344
20.38              2566.31 -3.14546 4330.95              3.14295 24406.1 26.2069
20.39              2639.94 -3.02185 4388.84              3.58548 24746.1 24.9168
20.4              2720.73 -2.86332 4480.11              4.13772 25261.3 24.0209
20.41              2779.54 -4.42147 4530.73              4.46324 25576.8 32.3336
20.42              2835.43 0.275753 4584.26              5.60147 25900 6.46355
20.43              2890.31 -1.09191 4567.2              5.01593 25846.8 12.5256
20.44              2954.97 22.3091 4587.42              11.0238 26015.1 -110.18
20.45              2945.21 -1.51772 4468.47              4.52246 25401.6 14.8785
20.46              3060.48 -19.0857 4613.85              0.00759441 26235.6 103.603
20.47              3141.89 -1.18885 4851.41              5.19893 27552.5 9.44137
20.48              3166.29 3.06839 4826.05              5.4203 27453 -14.591
20.49              3290.93 4.92697 5087.27              5.99899 28921.7 -24.4038
20.5              3261.95 6.1695 4903.89              5.76108 27960.3 -31.7365
20.51              3480.14 10.6346 5432              6.5545 30883.7 -55.2084
20.52              3397.25 8.04802 5120.12              5.60185 29255.9 -43.0078
20.53              3641.95 7.18061 5621.65              6.51722 32035 -38.3825
20.54              3530.11 10.0781 5259.54              5.04287 30138.4 -54.0778
20.55              3777.26 5.08262 5885.12              6.19929 33598.5 -26.2863
20.56              3694.37 7.71338 5552.91              4.72881 31855.1 -40.3661
20.57              3936.18 7.46623 6097.33              5.22113 34886.6 -38.8336
20.58              3802.88 8.1762 5721.47              3.70372 32897.3 -43.0547
20.59              4049.86 6.70392 6282.95              4.48196 36036.5 -34.6292
20.6              3925.61 6.40851 5921.45              3.90169 34118.6 -32.7781
20.61              4175.95 4.47542 6491.4              4.56644 37309.6 -21.9549
20.62              4032.17 4.93111 6095.37              0.570914 35187.1 -25.1236
20.63              4322.01 -9.94457 6788.37              -0.943245 39070.6 59.8555
20.64              4174.22 -28.0438 6421.6              -8.51716 37109.6 159.544
20.65              4389.23 -17.2069 6932.41              -6.30733 39992.3 105.632
20.66              4253.54 -27.8331 6569.31              -10.7081 38056.8 162.685
20.67              4456.63 -30.4281 7044.89              -9.01146 40735.3 177.827
20.68              4332.87 -20.5386 6723.45              -6.87421 39008.7 120.173
20.69              4566.63 -12.0773 7328.98              -3.58992 42440.3 73.5573
20.7              4402.72 -10.0944 6934.24              -2.31495 40319.3 58.6407
20.71              4620.12 -4.66786 7411.68              0.427475 43043.8 28.3074
20.72              4479.88 2.93689 7148.94              3.11608 41650.6 -15.666
20.73              4759.61 19.1756 7787.62              9.28813 45263.6 -107.561
20.74              4529.01 31.4851 7291.05              10.6037 42576.7 -178.354
20.75              4747.13 34.3712 7786.48              12.7044 45402.9 -194.044
20.76              4528.78 26.8036 7319.66              7.85398 42875.6 -152.204
20.77              4751.75 16.5085 7843.68              5.98652 45870.6 -93.7452
20.78              4704.13 12.368 7771.43              0.314717 45526.5 -71.6044
20.79              4872.56 -16.1605 8271.78              -1.9906 48397.9 84.4662
20.8              4736.74 25.6188 8046.81              4.93485 47210.1 -138.991
20.81              4842.42 1.30643 8199.07              0.989292 48146.2 -6.96014
20.82              4779.16 4.12922 8119.37              -0.0331242 47790.8 -23.7512
20.83              4867.18 6.44716 8393              0.0729609 49386.7 -34.6296
20.84              4869.47 1.07966 8386.38              0.410268 49431.1 -7.00761
20.85              4947.55 2.4989 8587.27              0.277002 50651.6 -14.8774
20.86              4924.9 -2.79673 8645.68              0.422931 51053.4 14.1662
20.87              4952.76 0.682046 8737.47              -0.00702009 51660.4 -3.89886
20.88              4905.89 2.81277 8687.68              -0.5309 51462.1 -16.5106
20.89              5000.39 1.15846 8932              -0.291609 52919.5 -6.37179
20.9              4863.42 2.27514 8699.53              -1.45133 51689.6 -13.0579
20.91              5019.06 8.26104 9099.62              -1.26808 54017.4 -47.8117
20.92              4841.16 -1.36769 8776.57              -2.30843 52279.5 6.94054
20.93              5221.29 -31.7172 9793.31              -5.15471 58079.5 169.925
20.94              4780.33 40.0393 8953.4              4.66179 53386.4 -219.3
20.95              5316.32 -0.591667 10068.1              2.07989 59808.1 5.39752
20.96              4675.41 11.3656 8753.06              -1.5314 52415.4 -64.8953
20.97              5337.53 1.19123 10221.6              1.97581 60859.7 -7.64826
20.98              4833.49 5.96721 9146.47              -0.720104 54819.6 -36.9699
20.99              5112.45 -0.327266 9893.83              1.21856 59150.3 -1.08371
21              4898.61 2.39806 9465.71              0.180231 56795.8 -16.7245
21.01              5139.46 4.55324 10080.3              1.33921 60374.8 -28.2641
21.02              4852.77 5.14217 9469.69              -0.0932262 56974.1 -32.6529
21.03              5193.89 3.52176 10354.7              1.98766 62100.2 -21.4484
21.04              4893.85 12.5309 9719.34              -0.582188 58538.2 -76.4071
21.05              5221 -0.0122644 10628.5              1.21664 63808.7 -2.44636
21.06              4959.99 -42.9933 10189.5              -6.93667 61343.8 229.527
21.07              5158.38 49.4692 10836.2              9.80132 65099.6 -272.252
21.08              4930.65 3.40633 10188.2              2.21357 61487.7 -20.0715
21.09              5086.47 3.56436 10613.2              2.44746 64007.8 -22.2084
21.1              4899.34 8.18166 10278.7              0.419524 62163.5 -48.4578
21.11              5093.83 1.53778 10785              1.84634 65139.7 -11.5102
21.12              4894.64 -1.78895 10374.6              -0.491665 62849.8 7.15747
21.13              5109.94 -0.959056 11005.3              1.25625 66543.1 3.1634
21.14              4874.32 1.24567 10446.5              -0.503447 63401.5 -10.1588
21.15              4988.08 1.17457 10791.6              0.215119 65456.5 -9.28828
21.16              4862.72 0.0388959 10522.9              -0.809132 63972.8 -2.61252
21.17              4964.81 0.491411 10863.4              -0.132033 66001.2 -4.97678
21.18              4864.97 0.805331 10686.2              -2.8786 65022.3 -9.46341
21.19              5003.45 -46.5475 11262.4              -7.114 68380.2 252.785
21.2              4846.19 45.9589 10972.7              6.99317 66741.2 -253.641
21.21              4923.12 5.68116 11037              0.334651 67232.6 -33.6436
21.22              4809.92 -2.13115 10796              0.000805927 65870.1 11.8865
21.23              4844.91 0.715561 10937.3              0.029566 66750 -5.26612
21.24              4808.37 3.65984 10936.3              -0.634862 66793.7 -21.7177
21.25              4812.13 -0.741993 10961.8              -0.0459335 66989.3 2.7591
21.26              4807.69 0.956309 10988              -0.409289 67183.8 -7.01881
21.27              4814.58 -2.79477 11124.5              0.149806 68016.1 15.2053
21.28              4809.29 -0.2565 11141.7              -0.0870344 68164.6 0.665608
21.29              4753.18 0.886428 11023.5              -0.360581 67520.2 -6.13449
21.3              4701.92 0.724574 10904.3              -0.613917 66874.8 -5.41234
21.31              4740.8 0.237277 11095.6              -0.132765 68020.7 -1.76369
21.32              4653.21 0.794431 10859.5              -0.736413 66689.2 -5.63668
21.33              4684.58 4.25996 11064.1              -0.915464 67898.4 -26.3541
21.34              4657.38 -5.60086 11064.6              -1.89589 67936.6 30.6121
21.35              4630.92 -50.1293 11188.7              -7.57882 68655.1 276.144
21.36              4566.63 54.0762 11158.4              8.2684 68486.2 -298.672
21.37              4566.61 5.27394 11030.8              0.353181 67842.2 -29.7907
21.38              4446.9 -1.23831 10750.3              -0.481736 66219.7 7.98471
21.39              4459.07 1.37487 10938.5              0.247036 67346 -7.29873
21.4              4376.64 1.18844 10798.9              -0.861514 66561.9 -7.0283
21.41              4351.28 -0.87837 10884.9              -0.490372 67085.1 5.62639
21.42              4266.46 -1.21643 10743.1              -0.935877 66283.7 7.34235
21.43              4227.75 -0.885961 10810.9              -0.777997 66693 5.6459
21.44              4167.61 -1.96574 10835.7              -0.786461 66858.9 12.5888
21.45              4078.28 -2.30415 10757.3              -0.853409 66429.3 14.4238
21.46              3996.91 -2.13011 10700.2              -0.976428 66118.9 13.4578
21.47              3920.45 -1.80776 10704              -0.79152 66157.3 11.6294
21.48              3748.79 -2.32769 10261.5              -1.97738 63607.2 13.7546
21.49              3764.63 -2.23992 10738.8              -0.0801828 66400.2 14.7382
21.5              3520.76 -3.46029 9983.24              -2.66463 62021.8 20.1013
21.51              3562.8 -2.51248 10656.8              0.226575 65955.2 16.5769
21.52              3306.21 -3.75397 9822.56              -2.62796 61116 21.6435
21.53              3348.88 -1.07381 10594              0.550489 65613.2 7.58831
21.54              3075.96 -4.80188 9698.64              -3.09969 60405.9 27.3571
21.55              3149.72 -10.746 10740.3              -0.308025 66475.8 63.3432
21.56              2853.22 -5.57874 9678.63              -2.23615 60313.7 31.9241
21.57              2878.22 -55.7427 10711.3              -5.62062 66281.4 313.815
21.58              2575.04 -10.2118 9503.39              -2.4428 59294.1 57.1717
21.59              2580.54 67.5463 10527.3              13.656 65195.9 -374.015
21.6              2267.99 4.40029 9186.44              -1.31804 57450.3 -25.8922
21.61              2278.84 -2.67009 10049.1              1.88186 62490.3 16.5042
21.62              1958.63 -1.53869 8827.07              -2.73432 55361.1 6.53592
21.63              2005.51 -4.18924 10058.2              2.53092 62526.2 25.2266
21.64              1641.57 -2.59699 8556.15              -2.86071 53768.4 11.9894
21.65              1690.91 -1.4496 9994.19              4.02466 62133.7 9.60288
21.66              1304.25 -1.92473 8300.26              -2.79411 52259.5 7.23612
21.67              1366.41 -4.06535 9921.09              3.90609 61691.2 24.4975
21.68              942.152 -2.22 7917.46              -3.47408 50011.2 7.58135
21.69              1051.06 -5.44492 9827.93              4.79463 61127.4 31.0179
21.7              623.772 -2.66511 7841.12              -3.0166 49535.2 9.6391
21.71              698.22 -3.87143 9619.52              4.50401 59874.9 22.1415
21.72              338.244 -0.732911 8004.23              -1.26366 50443.8 -0.585832
21.73              317.048 -2.16971 9181.2              3.64358 57281.6 10.9156
21.74              27.3602 -1.41143 8206.75              0.0389223 51584.9 3.58443
21.75              -0.391579 -1.04573 9181.31              3.81273 57233 4.17208
21.76              -332.069 0.177487 7930.58              -0.393895 49931.2 -6.73922
21.77              -334.178 -0.554648 9078.55              4.05659 56582 1.10951
21.78              -645.034 0.982008 7877.61              -0.064198 49564 -11.2905
21.79              -686.115 0.397269 8800.29              3.657 54907.6 -5.20625
21.8              -975.504 1.02971 7832.66              0.482214 49248.9 -11.2525
21.81              -1049.97 0.937877 8403.76              2.80832 52540 -8.74479
21.82              -1288.71 1.11483 7798.54              0.895736 48988.9 -11.2484
21.83              -1376.26 1.44201 8175.01              2.39243 51144.3 -11.6109
21.84              -1614.32 1.1529 7618.62              0.740876 47879 -11.0334
21.85              -1700.99 0.962002 8013.49              2.42203 50140.5 -8.42753
21.86              -1929.76 -0.268594 7495.22              0.472315 47094.2 -2.38264
21.87              -2019.44 0.919078 7812.28              2.14122 48901.6 -7.74958
21.88              -2226.33 0.887248 7443.12              1.09384 46725.4 -7.89112
21.89              -2308.21 -5.35676 7635.42              2.01089 47805.7 30.0032
21.9              -2519.21 -0.449427 7353.75              1.11312 46129.5 1.42405
21.91              -2628.15 0.0363933 7580.3              1.9305 47412.2 -0.668322
21.92              -2816.67 0.0659801 7220.28              1.09688 45276.3 -1.31917
21.93              -2917.59 0.289302 7435.86              2.03428 46487.8 -1.73268
21.94              -3075.91 -0.239793 7299.9              1.67977 45657.9 1.47355
21.95              -3198.63 -1.11568 7347.29              1.93256 45893.8 7.26063
21.96              -3318.1 6.95311 7256.93              0.93341 45354.1 -41.7768
21.97              -3500.36 1.52941 7091.19              1.6844 44325.6 -8.80141
21.98              -3657.12 0.0929209 6920.51              1.3489 43292.2 0.0944584
21.99              -3809.24 0.187081 6743.65              1.61855 42221.9 -0.238059
22              -3971.42 24.7618 6696.35              6.82712 41880.8 -137.219
22.01              -4094.67 4.82424 6487.98              2.90645 40642.9 -25.7785
22.02              -4223.81 -20.5367 6607.89              -2.00709 41289.9 117.364
22.03              -4348.48 -5.84356 6410.74              0.62302 40110.1 34.1524
22.04              -4501.08 -2.98379 6166.54              1.07448 38646 18.3064
22.05              -4620.8 -5.4485 6078.42              2.58389 38107.1 34.1565
22.06              -4755.16 -3.239 5976.94              2.0994 37473.2 21.049
22.07              -4865.07 -2.76937 5942.1              1.9769 37227.9 18.587
22.08              -4985.69 -2.28105 5828.52              1.96288 36522.6 15.4717
22.09              -5106.95 -0.268769 5716.03              2.5663 35829 3.5667
22.1              -5220.04 -1.6155 5554.55              1.92136 34838.5 11.6088
22.11              -5335.22 0.650923 5444.11              2.68508 34157.5 -1.95799
22.12              -5441.39 -1.67092 5363.81              1.86053 33645.9 11.9336
22.13              -5551.83 0.163738 5258.32              2.79612 32991.3 0.959052
22.14              -5693.86 -0.237387 5004.35              1.89349 31478.1 2.93118
22.15              -5754.98 1.2625 5045.22              2.28385 31689.7 -5.19547
22.16              -5862.19 -0.629954 4909.59              1.90791 30850 5.80409
22.17              -5947.55 -1.23425 4801.85              2.22319 30177.9 8.68285
22.18              -6083.05 2.31727 4649.94              2.17496 29260.7 -10.6109
22.19              -6155.07 -0.259732 4584.93              2.64532 28834.9 3.68487
22.2              -6242.92 0.726903 4480.52              2.4862 28193.2 -1.8271
22.21              -6307.91 3.01187 4463.75              2.59014 28052.6 -15.6464
22.22              -6409.39 23.2055 4406.81              7.6732 27655.3 -127.698
22.23              -6488.49 -10.8201 4257.27              -0.389807 26743.2 61.6347
22.24              -6573.02 -2.52688 4054.58              1.57215 25541.7 15.9331
22.25              -6598.15 1.70303 4078.07              2.57662 25636.1 -8.21089
22.26              -6638.77 0.953995 4083.15              3.43312 25636 -2.88112
22.27              -6704.77 0.501462 3979.82              3.20393 24995 -0.0137914
22.28              -6767.1 0.323115 3914.26              3.10776 24579.7 1.26672
22.29              -6815.2 2.28944 3832.89              3.23267 24060.9 -10.2159
22.3              -6864.95 -0.19598 3754.6              2.75284 23564.9 4.47162
22.31              -6968.05 -5.46941 3607.22              3.10366 22664.6 34.1922
22.32              -6976.23 2.37694 3518.23              2.26479 22126.9 -9.7946
22.33              -7009.45 0.650846 3464.87              2.6586 21764.9 -0.327038
22.34              -7061.28 0.0918449 3355.78              2.56416 21092.8 2.77246
22.35              -7150.05 6.65414 3200.66              2.24637 20146.5 -33.3866
22.36              -7177.54 -1.63842 3122.92              3.2709 19656.6 13.46
22.37              -7178.81 1.79335 3121.42              1.94894 19615 -7.06546
22.38              -7212.34 15.9881 3090.33              6.37162 19380.1 -86.2887
22.39              -7238.49 -4.75313 3046.37              0.406998 19092.8 28.2778
22.4              -7219.27 5.58547 3015.43              1.47492 18879.9 -31.2007
22.41              -7221.31 3.6669 2967.28              2.36618 18575 -19.4153
22.42              -7249.7 4.23691 2825.2              2.3247 17708.6 -22.9409
22.43              -7267.88 4.7965 2696.34              2.32216 16919.9 -26.5021
22.44              -7288.55 4.98878 2565.61              2.26709 16119.6 -27.7354
22.45              -7291.59 1.20535 2480              2.83765 15581.4 -5.92328
22.46              -7299.52 -2.42077 2322.49              2.63581 14625.9 14.7923
22.47              -7252.7 1.78682 2223.12              2.34769 14007.1 -7.86926
22.48              -7322.29 7.57587 1966.11              1.89227 12470.5 -39.226
22.49              -7249.57 1.55192 1885.46              2.67962 11957.4 -6.44604
22.5              -7230.67 -2.44207 1722.64              2.89457 10961.8 17.5457
22.51              -6942.87 1.07636 2143.97              3.74527 13355.7 -2.03395
22.52              -6980.93 0.345109 1773.2              3.33513 11177.1 1.55694
22.53              -6894.02 -0.0835479 1707.05              3.70348 10772.9 4.64573
22.54              -6850.38 3.64884 1510.09              3.06566 9611.55 -17.7595
22.55              -6766.72 0.989133 1420.98              3.26868 9082.74 -1.90025
22.56              -6650.36 0.907711 1399.1              3.36041 8937.39 -1.16555
22.57              -6582.32 1.63853 1273.29              3.14244 8196.28 -5.44194
22.58              -6511.97 1.07996 1165.65              3.15158 7558.76 -2.67583
22.59              -6301.67 0.88785 1351.81              3.68384 8618.72 -0.940627
22.6              -6199.87 1.9191 1289.24              3.28644 8250.32 -6.6109
22.61              -6009.84 -0.443517 1434.97              3.87563 9073.86 6.29746
22.62              -5887.28 0.603871 1450.51              3.63488 9150.62 1.69415
22.63              -5717.78 3.98825 1563.52              3.2698 9802.53 -17.5176
22.64              -5522.76 1.04665 1726.98              4.07719 10726.8 -0.372225
22.65              -5427.69 0.0393658 1618.82              3.54989 10123.4 4.31898
22.66              -5275.97 0.330727 1710.08              4.28525 10633.1 3.36187
22.67              -5136.73 0.0979881 1742.16              4.12015 10814.5 4.58218
22.68              -5022.9 1.84726 1723.66              3.57607 10706 -6.10998
22.69              -4901.62 2.01362 1727.94              3.59978 10729.3 -6.8127
22.7              -4805.23 2.10707 1676.55              3.48926 10439.2 -6.78351
22.71              -4588.69 1.99435 1838.25              3.97454 11374.5 -6.0866
22.72              -4438.89 -1.02198 1888.62              3.41736 11671.9 11.5871
22.73              -4256.79 1.09581 1932.64              2.21001 11945 1.61865
22.74              -4151.25 -0.655605 1892.71              1.72752 11733.3 10.939
22.75              -4054.15 3.09539 1866.13              1.25049 11594.1 -9.03532
22.76              -3903.69 0.22792 1893.95              1.37552 11775.1 5.91363
22.77              -3773.43 -2.5616 1916.64              1.15721 11919.3 20.5455
22.78              -3704.7 4.89103 1895.02              2.27713 11790 -21.299
22.79              -3579.49 -2.19392 1972.19              -0.0484709 12227 16.4833
22.8              -3494.63 -0.962649 2001.6              0.990033 12378 8.71685
22.81              -3438.55 3.19392 2002.17              1.13262 12355.8 -15.6994
22.82              -3380.36 -0.3101 2019.83              1.11933 12426.9 5.12223
22.83              -3374.86 1.53686 1968.24              1.71685 12100.3 -7.24575
22.84              -3349.55 4.80016 1949.86              2.88033 11952.9 -28.3309
22.85              -3321.35 5.19513 1935.79              3.27465 11829.1 -31.3374
22.86              -3346.62 0.18434 1875.08              4.12379 11439.3 -5.45008
22.87              -3243.11 6.83143 1946.62              3.65372 11795.7 -41.1896
22.88              -3222.49 4.90442 1902.74              3.6935 11513.6 -30.8136
22.89              -3213.44 10.607 1874.07              2.97007 11313.7 -60.8277
22.9              -3136.25 5.19778 1886.39              3.38594 11358.4 -31.5467
22.91              -3042 5.30556 1969.48              2.45176 11802.3 -31.3965
22.92              -3002.79 6.712 1925.85              3.36327 11541.1 -41.0387
22.93              -3046 12.6952 1812.75              4.6173 10869.9 -72.8024
22.94              -2907.55 1.94167 1965.39              1.72814 11713.1 -15.2382
22.95              -2823.75 1.30246 2024.38              1.96163 12029.8 -10.3961
22.96              -2755.26 6.41179 2053.04              1.87047 12174.6 -39.0402
22.97              -2684.06 1.50024 2097.31              2.48436 12414.7 -10.2688
22.98              -2624.81 1.00678 2114.24              2.40016 12498.6 -7.20281
22.99              -2566.42 1.00407 2130.03              2.4188 12577.6 -7.1916
23              -2541.21 1.98385 2087.26              2.4063 12331.6 -12.785
23.01              -2469.41 2.32768 2115.61              2.68205 12487.1 -15.623
23.02              -2423.99 0.2072 2111.64              2.93813 12459.8 -4.25735
23.03              -2419.93 -2.65429 2029.27              2.68462 12004.7 10.6917
23.04              -2262.9 4.02632 2179.23              2.25712 12830.6 -25.0862
23.05              -2201.34 4.23002 2163.26              2.26691 12750.7 -26.6312
23.06              -2114.45 6.28706 2199.46              2.89703 12952 -38.046
23.07              -2073.32 7.7574 2180.86              2.00795 12848.8 -44.7083
23.08              -1961.81 4.75594 2209.28              2.03322 13017.9 -30.7203
23.09              -1867.04 -2.49704 2245.56              1.70093 13222.2 13.9129
23.1              -1768.01 1.764 2297.49              1.62341 13508.8 -12.5993
23.11              -1669.34 1.58562 2305.84              1.53513 13566.9 -11.336
23.12              -1638.37 6.66663 2222.73              1.21124 13117.5 -41.6992
23.13              -1431.62 -4.45335 2477.94              0.213491 14507.9 20.7809
23.14              -1284.3 2.43628 2632.23              2.29404 15344.1 -13.4451
23.15              -1181.95 -1.69013 2705.78              2.17214 15739.2 8.81107
23.16              -1087.59 0.125509 2741.78              2.34544 15933.4 -3.23121
23.17              -1018.67 2.64237 2715.92              1.96163 15787.9 -17.3251
23.18              -924.864 0.141332 2734.05              2.41228 15890.2 -3.15612
23.19              -831.656 -0.215083 2760.64              2.46301 16033.6 -0.852895
23.2              -741.749 -0.52506 2769.63              2.22459 16083.6 1.28316
23.21              -660.322 -0.66041 2767.19              2.19333 16072.2 2.09561
23.22              -565.517 -0.664891 2780.47              2.17729 16144 2.1217
23.23              -464.664 -0.515929 2807.99              2.15453 16288.5 1.43859
23.24              -369.627 -1.00931 2844.45              2.04533 16482.3 4.85344
23.25              -282.769 -0.915114 2848.24              1.98678 16498.8 4.3665
23.26              -204.458 -0.963048 2805.86              2.01884 16275.5 5.20384
23.27              -108.421 -0.59672 2836.53              1.65478 16435.6 3.36598
23.28              -8.65209 -0.708566 2864.66              1.31352 16580.7 3.8282
23.29              88.8172 -1.41618 2892.07              1.2785 16719.9 8.51965
23.3              179.225 -1.89937 2921.92              1.26949 16875.2 12.4003
23.31              278.113 -1.73454 2975.73              0.865077 17152.6 11.0618
23.32              373.788 -2.14678 3025.67              0.820155 17409.3 13.9178
23.33              474.116 -2.49963 3092.64              0.78195 17752.1 16.0362
23.34              567.509 -3.00902 3168.04              0.759067 18140.3 19.1059
23.35              649.106 -3.12223 3209.38              0.595336 18354.1 19.5652
23.36              746.138 -3.34966 3267.99              0.547243 18652.8 21.1205
23.37              837.349 -3.458 3331.02              0.518199 18979.2 22.0205
23.38              928.438 -3.68811 3405.76              0.529203 19361.9 23.6439
23.39              1014.09 -3.73316 3479.98              0.573419 19745.1 24.1486
23.4              1100.12 -3.39809 3552.54              0.623849 20118.3 22.1584
23.41              1178.86 -3.27514 3627.46              0.671411 20508.3 21.5115
23.42              1254.07 -2.96937 3685.83              0.7917 20809.8 19.8299
23.43              1325.07 -3.08276 3732.19              0.884547 21048.2 20.6165
23.44              1394.07 -3.68774 3754.72              1.01759 21165.2 24.4879
23.45              1469.94 -2.76536 3802.38              0.95854 21414.9 19.253
23.46              1541.74 -3.37082 3832.47              1.04219 21573.3 22.9613
23.47              1601.61 -2.27038 3881.32              0.905707 21845.3 16.9853
23.48              1690.72 -2.36103 3903.4              0.889563 21955.3 17.1099
23.49              1753.6 -3.1935 3915.6              1.17212 22026.6 22.4388
23.5              1808.67 -2.12823 3905.46              0.938897 21993.8 16.3095
23.51              1899.96 -2.11698 3947.13              1.18671 22215.7 16.5799
23.52              1972.87 -1.76601 3987.71              1.30688 22442.3 14.6074
23.53              2042.59 -1.98742 4024.15              1.31378 22648.7 16.1929
23.54              2104.95 -3.02059 4071.93              1.3502 22927.5 22.2576
23.55              2171.84 -2.79196 4116.03              1.4848 23177.6 21.2914
23.56              2261.3 -2.00829 4162.65              1.48903 23449.3 16.6484
23.57              2314.09 -2.69254 4232.96              1.6002 23840.4 21.4534
23.58              2399.37 -2.24015 4259.1              1.72451 23999.1 17.8733
23.59              2444.6 -1.32656 4319.61              1.79879 24353.7 12.866
23.6              2517.26 -1.66893 4364.5              1.50071 24620.1 15.0735
23.61              2582.17 -2.27381 4425.07              1.69368 24971.6 18.9311
23.62              2653.78 -1.57052 4480.93              1.72898 25304.1 14.4602
23.63              2734.27 -4.70928 4579.61              1.87908 25870.9 32.5815
23.64              2793.61 -1.97762 4629.87              2.04302 26172.7 16.686
23.65              2871.73 3.17972 4685.07              3.35803 26511.1 -12.1288
23.66              2937.76 -0.821166 4770.72              2.33868 27013.3 9.71168
23.67              3014.58 29.9138 4771.04              9.8977 27076.6 -152.572
23.68              3096.67 -28.2722 4817.49              -5.26012 27375 152.293
23.69              3152.86 -0.709964 5009.36              2.36557 28429 7.00451
23.7              3205.59 3.52698 5054.9              3.05703 28719.2 -17.0562
23.71              3244.39 5.79289 5026.3              2.87296 28615.1 -29.3589
23.72              3261.65 5.66761 5016.86              2.55391 28606.7 -29.0587
23.73              3313.26 6.35124 5037.72              2.96013 28740.5 -32.8208
23.74              3404.45 7.78807 5192.62              2.93278 29643.8 -39.6377
23.75              3484.77 5.55903 5279.26              3.08613 30171 -29.9979
23.76              3543.03 6.43522 5400.67              2.83716 30893.3 -33.5768
23.77              3608.96 7.4908 5428.03              2.43968 31102.9 -39.5071
23.78              3749.91 4.46813 5738.38              2.66407 32844.2 -22.8011
23.79              3791.74 5.34579 5748.14              2.2685 32957.9 -26.8292
23.8              3899.77 5.08227 5955.56              2.19999 34153.9 -25.3438
23.81              3911.6 6.13444 5934.89              1.60973 34104.2 -31.3104
23.82              4022.06 4.79401 6134.42              1.94751 35253.1 -23.3081
23.83              4044.19 4.79258 6150.33              1.56915 35403.1 -23.8569
23.84              4127.06 2.82345 6315.77              1.43042 36380.3 -12.5676
23.85              4132.28 3.8909 6288.84              -0.914685 36285 -18.7914
23.86              4266.28 -6.86426 6573.3              -2.04452 37927.9 42.9479
23.87              4287.96 -13.8855 6591.34              -4.71945 38093.4 81.4803
23.88              4316.84 -11.3162 6654.72              -5.55479 38502.1 69.9792
23.89              4392.95 -19.4254 6798.58              -7.98216 39365.6 114.205
23.9              4409.02 -21.1744 6858.45              -7.9981 39740.7 124.937
23.91              4414.06 -21.8413 6856.98              -9.11522 39779.4 128.498
23.92              4495.79 -21.6115 7101.39              -11.0037 41207.7 128.901
23.93              4505.58 -27.548 7069.26              -11.5299 41092.2 159.218
23.94              4586.86 -21.0244 7214.34              -10.1404 41968 122.892
23.95              4589.61 -9.58161 7310.53              -4.08728 42568 56.9915
23.96              4686.29 21.4182 7536.53              6.31317 43899.9 -119.123
23.97              4665.99 41.4168 7495.6              12.2428 43738.2 -233.82
23.98              4670.5 38.6452 7559.14              11.2575 44164.8 -218.023
23.99              4630.38 30.5013 7483.69              7.70346 43814.1 -171.132
24              4669.28 26.6319 7594.87              3.36497 44497.5 -152.268
24.01              4790.64 10.466 7899.73              1.66525 46278.9 -58.0358
24.02              4820.14 -12.2575 8054.91              -3.28774 47209 63.5559
24.03              4805.04 25.6701 8109.01              3.81585 47580.4 -138.522
24.04              4832.6 0.660047 8109.03              -0.158041 47661.2 -1.87158
24.05              4766.96 3.9079 8006.77              -0.522285 47156.1 -21.4475
24.06              4876.06 9.06694 8344.72              -0.916742 49143.4 -49.3157
24.07              4796.07 3.0304 8158.6              -0.610699 48166.1 -17.9728
24.08              4970.79 3.89799 8534.35              -0.465161 50366.8 -22.4325
24.09              4885.8 -3.53118 8504.14              -0.755523 50270.2 18.8992
24.1              5036.16 0.843457 8816.98              -0.797159 52114.4 -4.52175
24.11              4842.38 3.09531 8473.08              -2.10575 50258.9 -17.8099
24.12              5081.99 0.217888 9026.77              -1.052 53459.8 -0.297412
24.13              4794.18 2.23553 8475.31              -2.62859 50426.3 -12.5524
24.14              5120.59 9.63699 9258.73              -1.95487 54921.2 -55.9486
24.15              4786.97 -35.8326 8725.81              -9.60948 51962 191.983
24.16              5255.28 37.1096 9843.34              7.08904 58366.1 -199.743
24.17              4651.58 7.83465 8494.6              -3.007 50821.7 -44.937
24.18              5352.5 -2.73421 10062.2              1.27202 59794.2 18.2299
24.19              4622.3 8.83258 8588.11              -3.51899 51476.9 -49.3578
24.2              5358.07 -1.50476 10193.6              1.14728 60704.2 9.36237
24.21              4741.58 4.88056 8896.95              -2.97717 53402.8 -28.8382
24.22              5173.34 -5.3272 10012.2              0.224024 59827.4 29.6157
24.23              4808.2 2.10987 9210.1              -2.38298 55339.3 -13.0705
24.24              5160.3 2.79832 10075.6              -0.354014 60353.9 -16.246
24.25              4779.57 2.91561 9272.39              -2.55661 55843.6 -17.7366
24.26              5158.64 2.76514 10224.6              -0.193254 61362.9 -16.0903
24.27              4820.91 11.8389 9523.7              -3.08137 57411.9 -71.3092
24.28              5183.05 0.769983 10492.1              -0.560068 63034.4 -5.51495
24.29              4895.71 7.31052 10233.5              -0.600295 61531 -43.7939
24.3              5106.72 4.54755 10515.2              -0.225723 63314.4 -27.664
24.31              4873.27 0.167938 10042.1              -0.191827 60640.7 -1.59511
24.32              5005.8 6.07131 10475.2              -0.303523 63205.3 -34.0626
24.33              4827.53 2.0753 10072.3              -0.950119 60961.6 -13.6304
24.34              5067.79 2.04436 10743.2              -0.0153676 64889.2 -12.6784
24.35              4850.44 -1.00056 10316.5              -1.10589 62502.2 4.04193
24.36              5089.83 -1.32612 11031.3              0.367884 66682.1 7.05
24.37              4765.85 1.61175 10249.8              -1.71635 62252.1 -10.9987
24.38              4906.45 0.636261 10672.7              -0.639335 64758.1 -4.66522
24.39              4738.59 0.25468 10304.9              -1.68497 62700.5 -2.87956
24.4              4850.56 0.40738 10660.3              -0.748011 64815.5 -3.47466
24.41              4776.78 -0.438853 10573.8              -3.27277 64355.5 -1.08248
24.42              4829.52 -47.5618 10909.9              -8.18709 66332.4 258.363
24.43              4726.36 47.6853 10798.1              6.9814 65714.3 -262.878
24.44              4759.91 -0.556741 10754.3              0.807966 65562.2 3.97205
24.45              4714.83 2.19295 10690.3              -0.277396 65257.7 -13.7984
24.46              4693.93 3.26733 10738.3              -0.900003 65581.5 -19.5803
24.47              4680.16 -0.97461 10737.8              -0.670974 65631.3 3.85452
24.48              4681.19 -1.59826 10796.6              -0.35645 66015.2 7.58387
24.49              4644.16 -3.53376 10786.5              -0.719294 65996.2 18.7247
24.5              4726.83 -2.7484 11115.8              0.287571 67950 14.7171
24.51              4618.09 -1.80202 10848.8              -0.642112 66448.1 8.7114
24.52              4609.71 -0.609467 10886.9              -0.435458 66710.8 1.73511
24.53              4545.92 -1.70639 10756.5              -0.755842 65995.1 8.06815
24.54              4545.01 -1.34912 10819.7              -0.408747 66400.1 6.17811
24.55              4479.35 -1.67477 10666.1              -0.760457 65546.6 7.74707
24.56              4554.21 -3.26069 11057.2              -2.0874 67830.6 14.8333
24.57              4443.82 -2.28224 10733              -0.736416 65994.9 11.0364
24.58              4450.4 -53.9536 11019              -7.51976 67642.7 296.682
24.59              4391.87 53.9717 11024.4              8.78521 67679.5 -298.999
24.6              4354.63 -0.430141 10781.5              1.00112 66350.9 2.80553
24.61              4283.66 -1.50204 10643.3              -0.372932 65579.9 7.2701
24.62              4256.76 -0.569225 10705.2              0.38565 65961.5 1.93241
24.63              4191.26 -1.80634 10642.4              -0.588347 65621.5 8.49408
24.64              4147.22 -3.38491 10647.2              -0.254181 65667.7 18.1766
24.65              4076.63 -3.86059 10572.5              -0.593659 65261.6 21.0038
24.66              4026.04 -4.06011 10598.6              -0.64611 65423.5 22.144
24.67              3970.45 -4.82588 10634.8              -0.442057 65654.9 27.3146
24.68              3916.81 -5.19771 10707.5              -0.102842 66100.5 29.7266
24.69              3796.72 -4.90271 10480.2              -0.782957 64797.3 27.5396
24.7              3712.79 -5.19632 10441.5              -0.79289 64588 29.4479
24.71              3613.48 -4.84337 10343.1              -0.776362 64036.2 27.3862
24.72              3517.98 -4.85081 10281.1              -0.748862 63690.9 27.4416
24.73              3415.84 -5.10934 10196.3              -0.81054 63211.5 29.0733
24.74              3314.96 -4.7774 10139.3              -0.707392 62891.8 27.1876
24.75              3215.42 -5.23975 10113.7              -0.512111 62757.7 30.1657
24.76              3112.68 -3.88732 10106.1              -0.514619 62719.1 21.9051
24.77              3018.68 -14.151 10221              -2.64206 63381 80.4489
24.78              2895.23 -5.92252 10071.9              -0.0267844 62532.1 34.2626
24.79              2774.62 -61.4047 10189.8              -7.50688 63187.5 343.919
24.8              2624.36 -8.88085 9845.49              -0.178536 61219.5 50.493
24.81              2525.35 65.5784 10226.7              12.7507 63378.2 -363.702
24.82              2339.99 2.34724 9573.66              0.554149 59638.5 -13.2406
24.83              2245.83 -3.44891 9776.21              0.850517 60822.3 20.2336
24.84              2040.71 -3.13939 9204.16              -0.925111 57499.8 16.7976
24.85              1971.01 -4.1823 9602.18              0.596145 59802.9 24.0598
24.86              1762.35 -3.72761 9082.34              -0.700109 56766.6 19.9909
24.87              1654.03 -4.40249 9333.39              0.68004 58224.3 24.9254
24.88              1435.66 -0.86385 8745.9              -0.240844 54785.3 2.82317
24.89              1368.05 -4.06335 9353.18              1.70649 58316.8 23.5377
24.9              1082.95 -2.81919 8302.22              -2.02833 52186.8 13.1779
24.91              1081.98 -5.90854 9305.91              2.53666 58023 33.4371
24.92              779.721 -2.9229 8181.76              -1.79077 51456.8 13.1978
24.93              752.173 -4.13041 9178.1              2.47233 57241.8 23.3199
24.94              475.644 -2.45157 8180.2              -1.16815 51411.5 10.5544
24.95              430.464 -1.30045 9059.21              3.1413 56512.3 6.73944
24.96              151.98 -0.718864 8109.2              -0.453611 50959.2 -0.00779303
24.97              87.768 -1.59148 8841.26              2.79308 55200.1 7.54282
24.98              -181.858 0.986639 7911.02              -0.455306 49764.6 -10.4433
24.99              -249.989 0.649316 8596.83              2.83671 53731.8 -6.45224
25              -526.927 2.13832 7583.72              -0.591396 47806.1 -18.3606
25.01              -569.459 1.56223 8453.67              3.3866 52847.4 -11.9844
25.02              -850.666 3.24854 7504.94              0.0850475 47299.3 -24.9835
25.03              -915.412 2.21623 8085.8              2.9525 50648.7 -16.6763
25.04              -1108 2.91809 7860.71              2.14792 49310.9 -21.2878
25.05              -1242.28 3.08021 7958.48              2.77103 49848.6 -21.8876
25.06              -1412.39 3.89015 7773.3              2.31453 48739.5 -26.9875
25.07              -1542.15 3.35701 7902.62              3.03318 49458.1 -23.1026
25.08              -1736.61 3.96145 7612.04              2.41675 47739 -27.2812
25.09              -1827.8 1.96366 7942.02              3.34194 49624 -14.6856
25.1              -2051.04 4.40963 7463.96              2.40257 46813 -29.6037
25.11              -2146.68 3.48949 7737.33              3.46096 48368.1 -22.9418
25.12              -2317.3 -3.13256 7407              2.6717 46416.5 15.5553
25.13              -2440.33 2.71667 7654.83              3.39218 47818.7 -17.1707
25.14              -2634.85 3.68994 7304.73              2.61013 45744.6 -23.8349
25.15              -2728.11 3.02162 7535.07              3.33805 47044 -18.9054
25.16              -2943.09 3.78583 7080.12              2.32518 44361 -24.3499
25.17              -3018.39 2.04511 7359.99              3.25044 45951.1 -12.7531
25.18              -3190.42 2.94186 7160.89              2.92525 44754.9 -18.3128
25.19              -3263.62 11.7574 7283.72              2.02808 45459.6 -71.5644
25.2              -3432.39 4.59526 7204.62              3.14786 44930.5 -27.8327
25.21              -3553.91 2.6038 7181.83              3.38753 44756.7 -15.2781
25.22              -3708.87 24.9019 7158.39              7.94005 44558.6 -139.651
25.23              -3848.24 7.72028 6936.36              4.36642 43239.6 -43.6619
25.24              -4014.51 -16.9601 6782.06              -0.542204 42290.9 94.5204
25.25              -4131.65 -1.09308 6625.44              2.69068 41346.9 6.27904
25.26              -4305.28 -2.42072 6329.75              1.25286 39592.3 12.9886
25.27              -4403.2 0.0948131 6418.37              2.40333 40067.2 -0.154705
25.28              -4519.52 -4.6244 6271.05              3.49838 39181.9 28.9145
25.29              -4648.02 -0.452218 6196.82              3.31889 38704.2 4.01646
25.3              -4775.69 -0.0114692 6112.69              3.11862 38179.3 1.53329
25.31              -4895.12 1.08995 5959.19              3.19861 37238.3 -5.22844
25.32              -5009.64 0.883837 5829.46              3.00096 36441.1 -3.89911
25.33              -5111.2 -0.133414 5805.23              2.86399 36261.5 2.34555
25.34              -5223.49 1.01808 5656.32              3.2974 35349 -4.42391
25.35              -5350.64 1.76036 5476.48              3.32981 34265.1 -8.99983
25.36              -5458.37 -0.0803549 5366.95              2.98242 33586.1 1.77644
25.37              -5587.04 1.19606 5136.54              2.60746 32210.3 -6.07095
25.38              -5638.15 2.89883 5196.56              3.04132 32531.2 -15.2627
25.39              -5759.87 0.930087 5078.9              2.81354 31809.1 -4.09535
25.4              -5853 0.775774 4943.64              2.95941 30980.2 -3.35656
25.41              -5946.8 4.56825 4841.38              3.39719 30336.2 -24.5407
25.42              -6048.19 1.4834 4739.06              3.40959 29708.2 -7.09009
25.43              -6136.05 1.79118 4621.35              2.96685 28988.5 -8.61317
25.44              -6195.25 4.60865 4612.71              2.68314 28899.4 -25.1831
25.45              -6298.49 25.6261 4554.12              8.40138 28490.8 -141.813
25.46              -6397.37 -11.0884 4383.92              -0.184671 27466 62.5543
25.47              -6469.02 -1.66054 4166.35              1.79462 26176.7 10.3734
25.48              -6494.16 2.50455 4192.35              3.15469 26288 -13.218
25.49              -6536.56 1.54466 4218.93              3.68371 26418.9 -6.69748
25.5              -6586.17 1.26159 4136.56              3.81096 25897 -4.69231
25.51              -6654.98 0.926953 4061.57              3.59437 25430.8 -2.71985
25.52              -6693.36 1.21556 3993.18              3.10762 24986.3 -4.18631
25.53              -6730.67 0.741559 3961.5              3.44101 24766.2 -1.17625
25.54              -6855 -6.5162 3709.29              3.0274 23253.2 40.2033
25.55              -6818.67 1.3419 3754.14              2.83335 23488.3 -3.75587
25.56              -6878.35 -0.595651 3635.93              3.07513 22760.8 6.55451
25.57              -6962.72 5.91769 3495.12              2.62972 21900.8 -29.591
25.58              -6977.21 0.384674 3418.34              3.26203 21415.7 1.10767
25.59              -7034.31 -3.72708 3304.03              3.27585 20708.5 26.0059
25.6              -7045.76 2.98658 3265.09              2.44613 20456.6 -14.0683
25.61              -7069.21 15.3241 3281.18              6.64831 20494.9 -82.0252
25.62              -7080.57 -7.25903 3271.13              0.468803 20401.2 42.5394
25.63              -7090.71 5.68755 3147.35              1.91489 19655.4 -31.557
25.64              -7080.47 2.18837 3119.15              2.84561 19464.1 -10.5316
25.65              -7111.65 2.32968 2966.13              2.66419 18535.6 -11.4615
25.66              -7131.42 2.65214 2845.54              2.80472 17798.7 -13.5316
25.67              -7136.82 2.97575 2734.94              2.78595 17114.4 -15.4377
25.68              -7159.79 -7.18116 2640.71              3.46752 16521 42.4771
25.69              -7093.45 1.42917 2554.65              2.78325 15990.5 -4.99918
25.7              -7086.82 -1.67113 2422.56              3.06473 15180.3 12.3975
25.71              -7131.93 6.2984 2220.12              2.59626 13960.4 -31.0653
25.72              -7090.26 -0.573339 2058.61              3.10173 12978.6 6.42221
25.73              -7067.2 -5.02087 1925.69              3.70717 12151.2 33.3702
25.74              -6775.09 0.129962 2352.39              4.71498 14584.5 4.7205
25.75              -6838.04 -2.34145 1940.71              3.29066 12169.2 17.6689
25.76              -6768.33 -2.63426 1807.02              3.93872 11373.6 20.1233
25.77              -6694.01 2.26076 1700.74              3.51169 10737.4 -8.99071
25.78              -6627.79 -0.922656 1569.51              3.69669 9964.35 10.0021
25.79              -6570.86 -0.381332 1429.09              3.49966 9139.4 6.73672
25.8              -6433.83 0.129933 1463.18              3.70376 9318.42 4.12838
25.81              -6373.01 -0.71451 1336.05              3.60844 8569.98 8.48088
25.82              -6203.16 -0.452656 1408.64              3.71046 8979.12 7.0638
25.83              -6001.63 -1.39145 1586.05              4.24066 9985.45 12.6389
25.84              -5927.85 0.838388 1514.22              3.62686 9558.11 0.767407
25.85              -5761.47 1.32364 1604.29              3.61623 10066.5 -2.08571
25.86              -5560.07 2.43084 1774.16              3.80559 11041.1 -8.62552
25.87              -5309.45 -6.94327 2001.02              2.36251 12348.9 43.0214
25.88              -5329.01 3.86973 1730.96              4.50856 10788.6 -16.3101
25.89              -5178.84 1.50472 1801.97              4.33055 11188.6 -3.70935
25.9              -5011.97 0.760752 1897.16              4.11187 11731.1 0.328724
25.91              -4869.75 2.12263 1936.31              3.70481 11953.8 -7.94757
25.92              -4773.34 2.62114 1895.32              3.45477 11717.4 -11.4193
25.93              -4650.45 2.94178 1908.56              3.59443 11794.7 -13.0408
25.94              -4515.56 1.98316 1931.24              3.82628 11928.7 -7.40821
25.95              -4403.7 1.92987 1901.32              3.25606 11763.6 -7.42658
25.96              -4186.84 2.73788 2024.85              2.48058 12484.9 -10.3288
25.97              -4038.63 0.725617 2071.64              2.03905 12768 0.895388
25.98              -3949.59 4.80625 2027.44              1.44252 12526.1 -20.9259
25.99              -3760.16 -1.27195 2131.43              1.53655 13137.3 12.5456
26              -3642.83 2.04295 2115.28              1.48777 13062.1 -7.57213
26.01              -3615.87 7.20819 2009.95              2.84907 12454.6 -37.5566
26.02              -3448.13 -0.446465 2144.51              0.680918 13221.6 3.6199
26.03              -3364.99 3.93491 2136.36              0.635198 13165.9 -22.0743
26.04              -3286.02 2.39237 2160.03              1.96571 13286.8 -13.6014
26.05              -3239.07 2.64955 2143.51              1.76832 13164.8 -14.7398
26.06              -3218.07 3.96396 2101.27              1.8016 12897.5 -22.8672
26.07              -3160.95 5.19009 2121.11              2.04877 12974.3 -30.3868
26.08              -3123.56 3.23802 2120.27              2.77591 12933 -20.7024
26.09              -3120.28 1.3191 2076.21              3.02473 12644.5 -11.4607
26.1              -3004.07 6.62945 2176.34              3.08835 13166.4 -40.2453
26.11              -2981.81 4.9705 2131.82              3.28879 12880.4 -31.1061
26.12              -3001.9 11.962 2057.95              2.38003 12424 -68.3787
26.13              -2914.52 5.54538 2080.58              3.12009 12524.9 -34.1448
26.14              -2836.84 5.39553 2135.35              1.89974 12804.8 -32.1601
26.15              -2819.46 7.32709 2048.23              1.74062 12301.2 -43.7955
26.16              -2836.13 14.0486 1994.72              4.2822 11960.4 -78.9142
26.17              -2718.94 0.134809 2106.29              0.211171 12570.5 -5.53267
26.18              -2628.36 0.945725 2168.8              1.03653 12906.8 -8.73926
26.19              -2566.74 8.30637 2183.15              1.35583 12969.9 -50.6078
26.2              -2499.15 3.11562 2222.6              2.17521 13183.3 -20.4457
26.21              -2445.43 2.96873 2230.73              2.04445 13218.4 -19.412
26.22              -2421.35 3.29384 2191.55              1.9834 12992.1 -21.2446
26.23              -2339.19 4.21221 2247.5              2.00781 13296.6 -26.5216
26.24              -2272.09 3.3446 2274.36              2.08781 13440 -21.7603
26.25              -2216.45 -0.17776 2301.02              2.35357 13578.9 -2.16577
26.26              -2232.02 -4.41744 2195.82              2.17511 12995 20.5905
26.27              -2066.84 3.2207 2356.42              2.09012 13878.1 -20.5573
26.28              -1984.18 3.15349 2386.62              2.27577 14052.8 -20.605
26.29              -1919.71 4.28385 2392.66              2.5712 14086 -26.0574
26.3              -1925.74 10.7099 2296.5              1.73104 13558.8 -61.2217
26.31              -1783.77 4.68908 2376.96              2.49932 14013.6 -30.847
26.32              -1693.38 3.61347 2424.35              2.71768 14273.7 -23.6502
26.33              -1630.01 -0.658478 2413.54              2.87154 14214.8 0.234924
26.34              -1532.35 3.519 2411.27              2.18594 14220.2 -23.654
26.35              -1560.87 4.88015 2201.12              2.12769 13090.4 -31.7263
26.36              -1313.32 3.51916 2591.61              2.28281 15194.8 -23.277
26.37              -1160.94 6.50263 2753.42              3.23119 16070.1 -38.6996
26.38              -1059.15 3.02651 2839.37              2.69137 16528.5 -20.6982
26.39              -974.483 1.68436 2868.32              2.06451 16680.7 -13.1135
26.4              -909.279 4.96874 2852.56              1.45612 16588.4 -31.2255
26.41              -825.507 1.46461 2868.8              1.94142 16680.9 -11.1998
26.42              -736.536 1.71002 2900.97              1.82628 16850.6 -12.6252
26.43              -657.523 1.67929 2902.83              1.48901 16859.7 -12.1662
26.44              -594.857 1.53179 2854.68              1.42769 16603.7 -11.1981
26.45              -501.992 1.52087 2876.95              1.50741 16718.6 -10.9555
26.46              -431.214 1.75477 2849.74              1.17117 16575.4 -11.8014
26.47              -332.952 1.42945 2905.17              1.08531 16865 -9.21503
26.48              -250.175 1.43041 2921.64              0.959898 16948.3 -9.07767
26.49              -170.951 1.74137 2903.63              0.830967 16847.9 -10.1251
26.5              -75.7844 1.01273 2956.27              0.354967 17121.7 -5.43919
26.51              10.4737 1.12546 2963.46              0.271142 17154.5 -6.38579
26.52              97.6635 0.176938 2975.69              0.343911 17211.9 0.134082
26.53              171.865 -0.204651 2980.96              0.26807 17237.3 3.35109
26.54              267.949 -0.784874 3046.32              -0.0474468 17568.1 6.99729
26.55              350.251 -0.179152 3058.78              -0.429969 17626 3.12804
26.56              431.219 -1.38225 3087.03              -0.231345 17761.5 10.4051
26.57              518.471 -1.1566 3149.06              -0.225459 18080.4 9.21881
26.58              605.28 -1.29736 3163.97              -0.327283 18148.7 10.0528
26.59              689.077 -1.46894 3239.6              -0.272208 18534.9 11.1046
26.6              763.254 -1.9935 3277.55              -0.167153 18727.2 14.2099
26.61              858.012 -1.5625 3382.06              -0.240004 19259.8 11.9113
26.62              942.587 -2.1988 3476.16              0.0264836 19742.5 15.871
26.63              1016.71 -2.10639 3525.43              0.0914342 19993.6 15.4323
26.64              1096.2 -2.18571 3591.1              0.141416 20329.2 15.9901
26.65              1167.01 -1.97081 3655.85              0.161574 20664.2 14.7753
26.66              1237.85 -2.37637 3706.8              0.366317 20924.7 17.3219
26.67              1300.42 -1.51906 3736.09              0.203651 21078.9 12.206
26.68              1365.54 -2.84766 3783.86              0.433573 21323.8 20.3144
26.69              1436.25 -1.78153 3819.47              0.243365 21509.9 14.0765
26.7              1488.53 -1.17726 3849.05              0.16167 21676.4 11.0743
26.71              1567.29 -3.02565 3874.4              0.546994 21803.5 21.9182
26.72              1623.82 -1.72446 3843.6              0.283759 21650.1 14.3831
26.73              1674.33 -1.75645 3875.95              0.456172 21830 14.5125
26.74              1741.4 -1.76841 3900.88              0.641381 21970.7 14.8405
26.75              1809.23 -1.7567 3925.98              0.900802 22112 14.993
26.76              1876.49 -1.65062 3953.88              1.03294 22269.7 14.4022
26.77              1944.13 -2.91064 3990.47              1.28059 22475 21.9221
26.78              2010.4 -2.01041 4022.35              1.52582 22656.8 16.8724
26.79              2074.63 -2.66597 4055.36              1.78031 22849 21.0807
26.8              2145.21 -3.00642 4101.3              2.07816 23112.4 23.3061
26.81              2209.76 -2.98041 4167.56              2.53051 23483.2 22.5546
26.82              2265.32 -2.5527 4211.88              2.54049 23741.1 20.957
26.83              2323.74 -2.40386 4237.31              2.54757 23898.4 19.7102
26.84              2384.15 -2.59623 4279.14              2.66029 24149.3 21.0756
26.85              2448.1 -0.95791 4325.85              2.50817 24425.5 10.8057
26.86              2512.25 -4.42667 4394.87              2.74815 24827.2 31.3525
26.87              2577.97 -1.34368 4458.88              2.78383 25200.8 12.4905
26.88              2649.58 2.474 4522.73              4.14069 25580.8 -8.09811
26.89              2714.59 28.8538 4499.8              10.2 25505.5 -146.836
26.9              2779.03 1.83387 4663.54              2.88355 26407 -5.94877
26.91              2838.7 -28.3074 4604.89              -5.47196 26155.2 150.872
26.92              2868.09 -0.96154 4661.95              2.22984 26468.1 7.10308
26.93              2891.34 3.25884 4634.35              2.76325 26350.2 -16.0038
26.94              2963.68 3.42204 4708.03              3.21858 26792.5 -16.0154
26.95              3043.29 4.26277 4860.39              3.08119 27658.8 -21.4651
26.96              2995.39 8.86323 4665.74              2.47497 26613.9 -46.7678
26.97              3212.53 5.21842 5125.08              3.47722 29182.2 -26.974
26.98              3172.74 4.8183 4901              3.05233 28002.6 -25.906
26.99              3362.36 5.75404 5287.41              3.51162 30174.4 -30.4573
27              3308.81 6.82104 5071.18              2.79568 29036.5 -36.349
27.01              3504.96 1.72195 5556.66              3.4413 31742.4 -7.88779
27.02              3470.16 5.95537 5349.74              2.35392 30663.8 -30.7917
27.03              3658.13 5.27195 5774.42              3.30893 33051.1 -27.101
27.04              3575.83 5.99146 5475.72              2.2629 31466.1 -30.6003
27.05              3791.23 5.06212 5973.28              3.20007 34259.3 -25.6238
27.06              3674.47 5.20801 5654.88              2.49186 32564.8 -26.7854
27.07              3909.6 4.01996 6195.07              3.0786 35603.7 -19.9137
27.08              3764.18 6.08581 5800.73              -0.311597 33476.9 -32.1573
27.09              4071.93 -5.78303 6513.87              -0.468958 37485 36.0944
27.1              3910.49 -19.0319 6120.02              -4.82025 35369.9 107.946
27.11              4140.78 -0.700528 6662.09              -1.01965 38433.6 11.6247
27.12              3998.54 -15.8811 6288.85              -5.72683 36419.8 94.2577
27.13              4174.64 -13.9836 6712.34              -5.40606 38837.8 83.3104
27.14              4123.15 -12.1262 6633.38              -7.21293 38434.2 74.5001
27.15              4238.6 -20.3813 6864.17              -7.98463 39788.3 119.156
27.16              4183.94 -21.0673 6721.96              -9.22982 39054.2 122.715
27.17              4322.11 -22.6718 7058.67              -8.66328 41007.1 132.018
27.18              4327.05 -11.9137 7087.91              -5.4296 41236.4 70.9239
27.19              4422.81 5.59372 7330.21              1.34872 42658 -29.1178
27.2              4322.64 28.9518 7118.83              8.22853 41548.2 -163.101
27.21              4477.68 30.5227 7490.8              9.85235 43679.8 -172.277
27.22              4283.32 26.0447 7076.02              6.57959 41434.7 -147.118
27.23              4469.4 22.8285 7504.21              3.70333 43881 -129.169
27.24              4428.91 8.59828 7452.07              1.3905 43676.4 -48.9338
27.25              4582.74 -12.6296 7900.64              -1.71485 46240.7 66.0688
27.26              4465.52 28.2853 7731.66              4.8747 45363.8 -153.596
27.27              4589.83 3.49114 7924.57              1.57991 46525.7 -17.4678
27.28              4438.81 6.19425 7632.35              0.614317 44956.1 -34.5617
27.29              4581.14 10.7534 8034.33              0.559733 47302.6 -58.0556
27.3              4490.81 4.52559 7815.04              0.264531 46138.7 -26.1201
27.31              4667.49 5.2442 8195.17              0.56878 48362.9 -29.5685
27.32              4645.74 -1.88652 8294.38              0.577224 48994.5 9.65847
27.33              4711.81 3.28988 8460.4              0.335636 50012.5 -18.3987
27.34              4557.35 3.47644 8135.96              -0.974276 48265.1 -19.5766
27.35              4768.78 1.89435 8652.07              0.116542 51254 -9.40736
27.36              4606.72 3.26826 8357.26              -0.892245 49673.1 -18.9382
27.37              4779.77 7.95921 8822.72              -1.89655 52363.7 -47.4195
27.38              4670.72 -35.2465 8764.68              -7.23114 52098 189.503
27.39              4662.99 41.382 8874.25              6.77944 52777.2 -224.79
27.4              4780.57 1.07832 9035.45              1.07572 53797.9 -4.57684
27.41              4601.22 5.37381 8690.27              -0.388125 51926.8 -30.9397
27.42              4867.61 7.9657 9383.51              0.923993 55934.9 -44.3168
27.43              4624.34 3.67339 8857.49              0.174151 53020.9 -22.2704
27.44              4979.54 3.48653 9743              1.60829 58144.2 -20.4318
27.45              4709.55 -1.86939 9261.46              0.462799 55473.6 8.55697
27.46              4755.01 2.93674 9384.55              0.386634 56263.4 -18.1495
27.47              4762.94 5.1708 9462.85              0.364924 56788.3 -31.2588
27.48              4717.59 4.18993 9416.88              0.178187 56602.2 -25.5668
27.49              4748.33 5.71718 9545.14              0.499203 57415 -34.9969
27.5              4768.24 8.94381 9694.45              -1.34856 58322.3 -55.8522
27.51              4834.77 -44.3415 10089              -7.19123 60624.5 236.386
27.52              4749 55.4093 10053.7              9.45422 60473.6 -306.093
27.53              4783.5 5.01546 10010.8              2.94168 60337.6 -29.3136
27.54              4718.95 8.79202 9907.64              1.42561 59839.3 -53.2743
27.55              4792.62 9.29845 10208.8              1.25137 61626.6 -54.9066
27.56              4675.62 5.13565 9937.94              1.09442 60144.8 -33.1176
27.57              4827.32 5.17225 10390.6              1.5329 62819.3 -33.2021
27.58              4748.65 -0.200165 10320.6              1.3753 62479.6 -2.78672
27.59              4842.63 2.72022 10624.2              1.55823 64299.3 -18.8162
27.6              4746.54 4.55031 10407.5              1.06141 63117.6 -30.0905
27.61              4684.49 3.68441 10292.5              0.834722 62524.9 -25.1942
27.62              4675.27 3.53574 10345.3              0.913903 62899.8 -24.2755
27.63              4625.92 8.51221 10262.7              0.15084 62481.4 -54.5325
27.64              4723.75 -3.12154 10646.3              -0.18963 64753.2 13.1552
27.65              4622.84 -54.6565 10547.1              -7.95964 64203.7 293.921
27.66              4674.21 57.3276 10875.4              10.3275 66132.7 -318.343
27.67              4638.52 2.38925 10600.9              2.74581 64650.5 -15.4463
27.68              4588.2 3.96114 10503              1.44707 64154.7 -26.3102
27.69              4622.69 3.92439 10702.7              0.949313 65359.1 -25.5569
27.7              4595.78 -0.0896388 10650              1.47261 65102.9 -3.23678
27.71              4620.52 0.127405 10789.1              1.19845 65956.8 -4.34084
27.72              4627.81 -2.74681 10909.2              1.34545 66696.8 12.6502
27.73              4604.33 -2.47957 10913              1.29389 66769.9 11.1841
27.74              4596.66 -1.53997 10938.3              1.0346 66960.6 6.01196
27.75              4545.92 -1.29103 10827.8              0.695176 66364.4 4.40405
27.76              4556.45 -2.64767 10930.4              0.816941 67001.5 12.9619
27.77              4512.72 -1.53261 10847.2              0.68742 66556.5 6.17837
27.78              4472.9 1.25847 10764.3              -0.0235104 66110.7 -10.8529
27.79              4535.09 -8.37135 11096.4              -0.786166 68062.7 44.9759
27.8              4461.75 -59.0926 11034.7              -7.52637 67706.1 324.851
27.81              4438.94 56.1693 11134.8              10.4961 68288.3 -311.09
27.82              4419.54 3.32203 10917.1              1.2652 67122.3 -20.1075
27.83              4375.52 -3.37399 10815.3              1.14184 66559.6 18.8732
27.84              4331.66 -0.199604 10780.6              1.15342 66384 -0.132745
27.85              4313.38 -2.88664 10836.1              0.728339 66731.9 15.7151
27.86              4260.28 -2.74052 10786.5              0.370834 66464.9 14.7863
27.87              4224.33 -4.33555 10798.3              0.470169 66554.6 24.154
27.88              4175.45 -4.09723 10758.1              0.222438 66342.6 23.0178
27.89              4119.1 -4.56472 10737.6              0.0499954 66243.8 25.9956
27.9              4082.13 -4.5545 10816              0.245029 66720.1 26.6533
27.91              4027.62 -5.11639 10838.9              0.326559 66875.6 30.1247
27.92              3939.52 -5.40738 10686.7              -0.237095 66007.8 31.6692
27.93              3847.97 -5.35674 10596.6              -0.413336 65503.3 31.4678
27.94              3769.08 -6.12797 10553.3              -0.431589 65273.1 36.2716
27.95              3669.79 -5.58861 10421              -0.671678 64519.4 32.9943
27.96              3592.35 -5.90861 10422.5              -0.452328 64543.5 35.3599
27.97              3488.83 -5.98741 10293.5              -0.693728 63808.4 35.798
27.98              3395.48 -6.11016 10265.7              -0.618542 63660.1 36.7052
27.99              3293.85 -6.36047 10193.2              -1.2019 63240.6 37.7286
28              3247.34 -13.7694 10514.5              -1.38977 65119 80.6283
28.01              3108.44 -7.0011 10231.9              -0.3392 63487.2 42.4222
28.02              3019.29 -61.9656 10457.9              -7.26741 64772.2 349.705
28.03              2864.14 -10.3337 10053.6              -0.36493 62457.1 61.0455
28.04              2807.72 63.3211 10623.3              12.9439 65713.8 -348.167
28.05              2592.87 1.26596 9762.71              0.255451 60768 -4.92495
28.06              2549.57 -5.54938 10209.5              1.38804 63372.1 35.1172
28.07              2304.02 -3.91553 9320.27              -1.44755 58204.9 23.3423
28.08              2298.43 -4.78083 10127.4              1.48892 62895.7 30.2692
28.09              2003.86 -4.49322 8979.93              -2.05641 56207.1 25.4366
28.1              2003.08 -3.79374 9933.64              2.73443 61753 24.7635
28.11              1695.39 -3.55699 8657.59              -2.25358 54318.4 19.7493
28.12              1728.73 -6.10809 9951.77              2.99601 61846.1 38.7982
28.13              1365.23 -3.48007 8268.66              -3.05494 52034.6 18.2703
28.14              1468.37 -8.95471 10013.4              4.22588 62187.2 54.8661
28.15              1051.08 -4.27098 8063.49              -3.23202 50815.8 22.2882
28.16              1150.53 -6.42527 9943.06              4.53383 61746.2 40.5712
28.17              744.06 -2.79967 7981.44              -2.6711 50305.6 13.1968
28.18              816.344 -3.83823 9691.86              4.7756 60249.5 24.7939
28.19              454.351 -1.6594 8063.96              -1.41335 50749.1 6.4638
28.2              486.53 -2.07663 9409.69              4.14411 58567.4 12.9173
28.21              138.601 -0.479173 7958.49              -0.789926 50091.9 -1.10815
28.22              139.774 -1.32472 9246.62              4.51238 57576.7 7.80197
28.23              -210.821 1.33383 7757.86              -0.580335 48881.9 -12.6399
28.24              -198.067 0.928291 8986.6              4.53995 56015.4 -6.68918
28.25              -491.315 2.29031 7970.82              1.05617 50072.5 -17.9674
28.26              -500.808 2.19046 8998.85              5.0347 56033.6 -14.4713
28.27              -804.851 3.19455 7868.19              1.4083 49417 -23.786
28.28              -851.519 2.42745 8706.73              4.76761 54277.9 -16.4908
28.29              -1101 4.1351 8004.99              2.35363 50161.9 -28.4823
28.3              -1183.58 3.46042 8444.37              4.27994 52688.2 -23.0566
28.31              -1443.85 3.46331 7734.59              1.92395 48525.7 -25.047
28.32              -1520.56 3.67594 8184.29              3.89131 51114.1 -24.5689
28.33              -1750.17 4.10348 7668.2              2.57624 48081 -27.9892
28.34              -1830.72 4.34017 8026.22              4.10387 50128.4 -27.8749
28.35              -2034.41 -2.48199 7562.32              2.71024 47402.4 11.5126
28.36              -2138.71 3.60861 7899.03              3.79976 49322.7 -22.5045
28.37              -2343.52 3.73222 7545.73              2.72922 47232.8 -24.0456
28.38              -2444.14 4.50529 7834.81              3.87915 48883.2 -27.4863
28.39              -2639.05 3.84127 7441.08              2.7238 46547.5 -24.2362
28.4              -2762.67 3.00188 7545.33              3.2849 47122.5 -18.4394
28.41              -2848.3 11.1144 7663.29              2.37511 47798.9 -67.3329
28.42              -3009.85 6.05076 7607.43              3.53849 47416.1 -36.1019
28.43              -3160.7 3.93018 7564.1              3.38339 47110.8 -23.0504
28.44              -3322.1 3.55588 7329.53              3.41025 45708.5 -20.6515
28.45              -3474.2 26.7765 7343.46              8.19994 45726 -149.735
28.46              -3627.69 8.202 7112.07              4.3567 44360.2 -46.0702
28.47              -3781.03 -17.2849 6946.4              -0.649018 43336.6 96.7199
28.48              -3926.35 -1.25824 6774.23              2.0914 42314.6 7.4483
28.49              -4073.6 -2.00587 6614.44              1.607 41343.9 11.266
28.5              -4177.15 -5.15885 6591.25              2.80424 41170.3 32.0926
28.51              -4300.89 -0.940529 6595.88              3.05868 41162.5 7.5695
28.52              -4433.87 -0.620791 6433.45              2.75695 40172.4 5.61033
28.53              -4571.59 1.09507 6305.22              3.00033 39388 -4.49863
28.54              -4693.68 2.0561 6234.15              3.31944 38931.7 -10.1945
28.55              -4816.03 0.955111 6129.14              2.89159 38280.6 -3.57234
28.56              -4935.28 0.423519 6024.37              2.75473 37631.4 -0.330894
28.57              -5052.86 -0.518576 5924.07              2.5366 37004.3 5.4813
28.58              -5167.15 0.577966 5744.9              2.87618 35916.2 -1.11923
28.59              -5300.1 -0.381174 5563.98              2.91861 34818.2 4.03358
28.6              -5401.63 2.15987 5446.28              2.30714 34098 -10.1203
28.61              -5477.13 1.8879 5434.38              2.99548 33999.3 -8.70092
28.62              -5587.18 -0.820598 5318.2              2.57162 33277.3 6.86471
28.63              -5706.25 -0.00236773 5217.09              2.65631 32656.5 2.30487
28.64              -5816.1 2.93658 5068.08              2.35298 31738.7 -13.809
28.65              -5894.18 2.06636 4954.51              3.28292 31031.9 -9.53486
28.66              -5999.61 -0.941651 4848.39              2.73266 30377.3 8.43281
28.67              -6054.88 3.29747 4794.21              2.32559 30024.3 -16.5314
28.68              -6188.57 26.1424 4699.94              8.34703 29404.8 -143.29
28.69              -6246.87 -13.5861 4646.22              -1.27594 29052.6 78.0089
28.7              -6366.61 -3.02635 4403.71              1.04671 27628.3 19.3269
28.71              -6386.1 1.65612 4425.57              2.46423 27718.6 -7.21195
28.72              -6412.85 0.958373 4423.89              3.33911 27670.7 -2.21614
28.73              -6496.32 0.252757 4344.19              3.26367 27175.9 2.17329
28.74              -6542.41 -0.119143 4263              3.34928 26660.6 4.65442
28.75              -6624.55 2.16683 4112.76              3.36114 25745.7 -8.73876
28.76              -6679.78 -1.71163 4038.58              3.1212 25270.8 13.7346
28.77              -6780.97 -4.90774 3848.61              3.09579 24129.3 32.0509
28.78              -6766.2 0.0760583 3831.12              2.20263 23993.3 4.67876
28.79              -6815.54 -2.817 3764.29              2.42752 23565 20.2472
28.8              -6900.72 6.75429 3637.54              2.33352 22784.8 -32.7023
28.81              -6923.18 -0.41296 3556.34              2.71501 22274.9 6.93506
28.82              -6991.88 -4.56093 3429.41              2.95417 21483.7 32.0861
28.83              -7020.8 16.2178 3411.57              6.05788 21338.9 -85.4082
28.84              -7031.07 -8.11177 3387.51              -0.305459 21163.3 49.1281
28.85              -7037.68 -2.98551 3337.5              1.8168 20854 21.7642
28.86              -7060.47 4.04146 3232.77              1.96313 20206 -19.6177
28.87              -7054.79 -0.234382 3210.28              2.97014 20047.1 6.34757
28.88              -7088.05 -0.741303 3082.51              2.57279 19267.1 9.27023
28.89              -7121.62 0.743302 2936.9              2.38455 18382.5 0.374639
28.9              -7108.06 -0.157162 2880.83              2.42836 18012.8 5.66544
28.91              -7168.83 -8.61107 2728.21              2.82025 17081.6 52.7673
28.92              -7091.46 0.988231 2696.07              2.41795 16865.3 -0.23976
28.93              -7090.3 -1.88158 2565.47              2.57244 16064.6 14.9711
28.94              -7139.99 6.94603 2372.21              2.33251 14896 -32.5936
28.95              -7103.05 0.217914 2240.45              2.65909 14094.7 3.82218
28.96              -7087.25 -5.48453 2103.58              3.0599 13241.8 37.3466
28.97              -6846.48 0.466122 2435.82              4.08551 15124.9 4.12265
28.98              -6882.33 -3.44876 2108.13              2.69199 13185.7 25.4958
28.99              -6849.28 2.47826 1893.49              2.92455 11907.9 -8.82085
29              -6754.01 -1.71111 1823.38              3.52743 11479.9 16.1803
29.01              -6685.33 -1.69108 1704              3.37395 10770.4 16.113
29.02              -6637.39 -0.745444 1532.59              3.17333 9763.35 10.2248
29.03              -6510.6 -0.322763 1539.79              3.30324 9786.7 8.03031
29.04              -6420.67 -4.2547 1498.11              3.6585 9527.61 29.8114
29.05              -6312.84 0.501638 1406.86              2.99 8990.89 3.42749
29.06              -6062.56 -2.3488 1654.5              4.07101 10402 19.4313
29.07              -6032 1.30972 1508.49              3.17656 9546.73 -0.4483
29.08              -5856.26 1.20058 1596              3.21301 10036.1 0.053268
29.09              -5673.37 2.05432 1723.81              3.52964 10765.3 -5.19075
29.1              -5411.5 -7.96827 1961.29              1.9392 12134.9 50.2392
29.11              -5429.55 3.24792 1707.43              4.43189 10668.7 -11.2108
29.12              -5283.08 1.44908 1765.76              4.23984 10992.2 -2.0163
29.13              -5107.33 1.18296 1873.49              3.84417 11604.5 -0.759803
29.14              -4975.83 1.28341 1889.92              3.59115 11696 -1.56466
29.15              -4875.58 1.70995 1839.68              3.22362 11405.9 -4.83815
29.16              -4747.63 1.79641 1851.01              3.44963 11467.7 -5.21492
29.17              -4616.72 0.828007 1871.65              3.58401 11588.6 0.199763
29.18              -4497.59 0.869856 1829.66              3.08086 11356.8 -0.252398
29.19              -4305.49 0.765934 1932.98              2.94177 11955.6 0.910651
29.2              -4136.55 3.5342 2015.68              2.14312 12442.4 -12.6582
29.21              -4007.28 1.17835 2005.51              2.24202 12403.7 -0.327874
29.22              -3862.07 -2.50599 2039.34              1.66807 12610 20.3797
29.23              -3731.38 1.41098 2025.33              1.2432 12553.6 -2.89368
29.24              -3645.92 1.85288 2029              1.68286 12570.7 -6.56221
29.25              -3513.17 0.423758 2067.15              1.27794 12799.4 0.318016
29.26              -3423.45 3.76231 2061.89              1.04125 12763.2 -18.9757
29.27              -3341.35 1.35792 2081.08              1.75477 12859.8 -5.98144
29.28              -3294.16 1.97396 2071.91              1.88505 12783.6 -10.2583
29.29              -3267.42 2.75394 2036.67              1.57706 12552.2 -14.6752
29.3              -3212.16 3.42229 2058.25              1.66857 12640.4 -18.9868
29.31              -3182.48 1.72641 2048.81              2.18304 12547.2 -10.6379
29.32              -3179.95 -0.766572 2008.24              2.31172 12277.1 2.19168
29.33              -3088.65 5.08526 2077.82              2.44366 12624.2 -30.2301
29.34              -3066.2 4.19929 2043.35              3.09471 12389.1 -26.5094
29.35              -3082.83 10.6782 1973.47              2.58792 11952.5 -60.7572
29.36              -3012.69 5.60315 1980              3.33628 11957.8 -34.197
29.37              -2935.27 3.92908 1996.07              2.59695 12026.2 -24.0038
29.38              -2966.89 11.5884 1915.17              4.13665 11529.3 -65.4866
29.39              -2898.97 5.13608 1934.61              2.34719 11619.7 -31.1508
29.4              -2815.51 -1.07099 2016.49              0.949673 12048.2 2.18836
29.41              -2758.03 5.0219 2026.18              1.12572 12080.5 -31.9117
29.42              -2684.56 2.47021 2077.31              2.51022 12354.7 -16.6434
29.43              -2634.41 2.57232 2085.59              2.64017 12386.2 -17.012
29.44              -2578.73 1.65786 2104.83              2.50682 12479.6 -11.1932
29.45              -2552.51 1.71109 2072.73              2.39541 12291.7 -11.4428
29.46              -2480.65 3.0638 2114.45              2.54928 12514.6 -19.283
29.47              -2411.76 3.43306 2150.01              3.01248 12705.8 -22.2741
29.48              -2387.66 2.53476 2118.65              3.57 12526.1 -18.7395
29.49              -2369.35 0.664085 2072.73              3.70016 12272.1 -10.2691
29.5              -2220.41 6.71242 2218.12              3.66738 13069.7 -42.2287
29.51              -2151.56 7.36909 2221.34              3.83849 13097.3 -46.6759
29.52              -2085.35 7.08804 2235.26              3.93443 13174.1 -44.212
29.53              -2068 16.1987 2174.65              3.69997 12843.1 -96.1373
29.54              -1938.8 12.3371 2247.77              4.7617 13252.5 -77.8297
29.55              -1845.5 6.82035 2309.02              3.88581 13588.2 -43.5901
29.56              -1769.8 1.82392 2284.54              3.74025 13460.4 -14.7477
29.57              -1694.12 6.85199 2318.2              3.34986 13647.6 -43.8175
29.58              -1767.63 8.2486 1942.33              3.26485 11637.3 -52.6018
29.59              -1570.52 7.30933 2232.08              3.07938 13197.2 -46.7459
29.6              -1422.03 12.965 2372.33              4.80817 13957.6 -74.4778
29.61              -1293.77 4.88284 2532.45              3.17158 14810.4 -30.6663
29.62              -1180.11 4.01775 2619.16              3.75851 15279.1 -25.3588
29.63              -1082.47 4.17507 2679.97              2.94081 15598.3 -25.9059
29.64              -992.668 1.75999 2703.77              3.04795 15727.3 -11.7294
29.65              -904.407 1.28577 2740.02              3.27237 15920 -8.94732
29.66              -828.341 1.17184 2722.24              3.21701 15824.6 -8.07375
29.67              -737.76 0.253216 2752.69              3.11479 15985.5 -2.26646
29.68              -653.204 0.0383358 2760.57              3.09051 16023.6 -0.688504
29.69              -567.267 0.101587 2775.15              3.10192 16098.2 -0.839328
29.7              -476.786 -0.111014 2810.69              3.00064 16283.6 0.680771
29.71              -414.026 -0.295684 2751.92              2.80719 15973.2 2.21679
29.72              -340.112 0.0326292 2712.93              2.67385 15761 0.917722
29.73              -248.291 -0.338252 2737.24              2.46216 15885.3 3.41383
29.74              -159.346 -0.833705 2755.55              2.29259 15977.3 6.76586
29.75              -68.6875 -0.638648 2781.64              1.99242 16107.9 5.68987
29.76              22.4437 -0.877318 2810.45              1.76486 16251.6 7.50748
29.77              115.536 -2.59226 2849.05              2.06388 16445.4 18.6881
29.78              205.377 -1.66081 2893.97              1.50321 16672.8 13.178
29.79              284.566 -1.6887 2910.61              1.1128 16752.5 13.1682
29.8              375.99 -2.43294 2934.25              1.21099 16864.8 17.9552
29.81              459.979 -2.5665 2992.13              1.15438 17159.1 19.1832
29.82              550.848 -2.79574 3074.33              1.12586 17577.7 20.635
29.83              623.139 -2.91167 3069.71              0.990416 17547.1 21.4424
29.84              710.342 -2.92783 3135.89              1.0911 17882.6 21.9303
29.85              795.03 -2.90586 3230.09              1.14615 18363.1 21.9606
29.86              874.834 -3.2372 3294.05              1.27092 18688.3 23.9419
29.87              952.059 -3.3119 3336.58              1.45798 18901 24.4355
29.88              1027.85 -3.39701 3401.79              1.63494 19233.9 24.9948
29.89              1101.23 -3.3447 3454.05              1.79072 19498.5 24.9891
29.9              1174.09 -2.26691 3498.81              1.73541 19728.1 18.5942
29.91              1238.87 -4.31261 3563.05              2.269 20059.6 30.7004
29.92              1310.17 -3.2434 3621.96              2.25238 20365.8 24.6813
29.93              1380.94 -2.999 3641.22              2.36108 20465.9 23.6311
29.94              1444.72 -4.61183 3665.67              2.66235 20593.1 32.8591
29.95              1505.04 -2.64357 3650.47              2.21932 20522.4 21.4033
29.96              1555.02 -3.2595 3693.46              2.41059 20759 24.9465
29.97              1646.43 -3.19673 3706.43              2.48731 20820.9 24.8717
29.98              1697.96 -2.77326 3735.53              2.59928 20994.6 22.4366
29.99              1766.82 -2.66136 3762.54              2.73493 21146.9 21.8588
30              1836.53 -3.23532 3797.42              2.77415 21340.8 25.0788
30.01              1904.53 -2.71968 3827              2.91127 21511.2 22.0472
30.02              1971.46 -3.32796 3860.3              3.18889 21701.6 25.8607
30.03              2044.83 -3.20241 3902.88              3.41639 21946 25.2794
30.04              2105.45 -3.75155 3974.08              4.01314 22340.1 27.7583
30.05              2166.89 -2.73525 3994              3.77709 22466.8 22.7209
30.06              2225.52 -3.47581 3987.69              4.05589 22451.6 27.1974
30.07              2280.3 -2.53998 3961.32              3.97087 22333.1 20.9065
30.08              2320.36 -2.00555 3958.2              4.00942 22346.2 18.1628
30.09              2382.84 -2.2386 3975.66              3.94278 22458.4 19.6963
30.1              2439.47 -0.0319091 4015.28              4.74064 22702.8 7.04971
30.11              2535.45 -0.709429 4218.55              5.04821 23823.5 10.4038
30.12              2542.72 9.25469 4020.03              6.56062 22798.4 -42.6156
30.13              2691.91 2.61876 4420.26              6.30151 24980.1 -8.5216
30.14              2668.02 -6.06429 4165.92              3.49594 23651.3 35.7094
30.15              2872.93 -0.514417 4702.91              6.00657 26590.8 6.11895
30.16              2781.49 0.504483 4319.01              5.39552 24549.4 0.533435
30.17              2997.64 3.48555 4837.68              6.96214 27407.5 -16.5421
30.18              2911.23 5.64681 4493.24              6.17739 25569 -29.1818
30.19              3146.55 10.6744 5106.7              7.38445 28947.2 -55.6741
30.2              3053.86 7.83804 4694.54              6.1028 26771.2 -41.8945
30.21              3296.58 5.89893 5240.55              7.70645 29794 -32.1717
30.22              3217.41 9.17585 4895.13              6.15861 27979.6 -50.6258
30.23              3425.01 4.64188 5462.24              7.12616 31112.4 -25.4426
30.24              3384.55 6.9808 5201.55              5.70414 29753.3 -37.7403
30.25              3580.94 7.64149 5691.21              6.21161 32488.4 -41.5153
30.26              3540.93 8.31197 5472.44              5.22941 31352.9 -45.8036
30.27              3719.65 7.03132 5854.52              5.38709 33504 -37.919
30.28              3640.81 6.75583 5592.07              4.31066 32129 -36.2518
30.29              3846.04 6.09239 6095.51              5.18699 34950.8 -32.5497
30.3              3752.45 11.4837 5772.16              3.09775 33229.3 -64.6118
30.31              4009.93 2.63301 6407.25              3.6218 36788.2 -13.9122
30.32              3887.97 -11.9242 6066.44              -0.569999 34978.5 64.1105
30.33              4093.75 9.53776 6538.8              5.096 37646.6 -48.0189
30.34              4008.6 -1.85027 6280.64              0.390733 36303.9 12.1862
30.35              4163.29 -6.23142 6640.31              0.775832 38340.2 37.0374
30.36              4118.56 -4.82181 6497.13              0.12576 37601.6 29.1249
30.37              4245.61 -1.92867 6858.73              0.5873 39676.8 13.4788
30.38              4220.38 -4.84087 6713.02              0.416074 38929.4 27.2562
30.39              4338.54 -8.61552 6988.49              -1.43339 40540 49.3904
30.4              4302.57 -15.7611 6946.59              -4.42167 40380 89.8907
30.41              4476.22 -16.3749 7355.02              -3.70335 42713.9 93.652
30.42              4366.85 -8.38027 7093.74              -2.30007 41329.9 47.8614
30.43              4525.54 0.588472 7482.92              1.9298 43556 -3.74498
30.44              4387.04 5.78598 7176.15              2.12667 41913 -33.0715
30.45              4490.17 4.7972 7440.61              2.48436 43461.2 -27.9068
30.46              4427.26 9.4739 7303.28              0.595564 42759.8 -55.6
30.47              4650.56 -16.8348 7892.97              -1.54766 46115.7 88.7184
30.48              4547.31 21.9342 7715.36              5.45308 45199.4 -120.394
30.49              4695.94 5.41598 7978.85              2.09963 46773.6 -31.7677
30.5              4573.98 1.30242 7760.32              0.810371 45609.7 -8.32111
30.51              4645.36 7.77758 7964.54              1.14091 46820.7 -43.9458
30.52              4614.73 2.63386 7906.15              0.44619 46589.3 -16.606
30.53              4708.9 1.81025 8100.15              0.777912 47754.2 -11.8238
30.54              4764.25 -1.83366 8293.79              0.83735 48924 8.30432
30.55              4851.52 -0.372379 8521.36              1.01443 50285.2 0.640948
30.56              4775.94 2.17306 8403.55              0.0681125 49707.8 -13.7264
30.57              4788.81 1.88083 8452.55              -0.111291 50069.1 -11.5145
30.58              4842.48 0.38955 8623.61              -0.142133 51113.3 -2.79643
30.59              4810.06 9.12345 8615.97              -0.966049 51143.2 -54.7214
30.6              4928.43 -2.32699 8959.89              -0.542089 53169.8 11.5138
30.61              4834.33 -34.5529 8911.33              -5.80359 52954.4 184.038
30.62              4875.65 38.9822 9132.03              7.06155 54266.4 -212.313
30.63              4926.03 1.26212 9179.44              1.49706 54639.7 -6.41206
30.64              4854.97 2.34327 9027.45              1.00383 53856.9 -14.2262
30.65              5015.96 7.54207 9536.6              1.39573 56835.9 -42.2428
30.66              4881.06 1.35779 9227.26              0.873819 55154.5 -10.0778
30.67              5017.27 -1.43246 9650.64              1.63689 57645.6 5.57396
30.68              4904.07 0.0764165 9419.13              0.834154 56410.6 -3.0426
30.69              5027.02 2.17089 9767.26              1.35456 58472.3 -14.3513
30.7              4894.47 2.63063 9501.7              0.370937 57046.5 -17.756
30.71              5000.11 1.35371 9830.04              1.07328 58994.3 -9.64932
30.72              4939.64 2.49083 9742.46              0.710879 58576.7 -17.1039
30.73              5090.18 3.31215 10253.9              -0.283767 61550.7 -23.3745
30.74              4940.66 -44.2846 10071.1              -7.207 60566.5 235.484
30.75              5043.78 49.7991 10497.2              9.74592 63056.7 -274.504
30.76              4948.15 1.60612 10135.2              2.75214 61091 -10.3176
30.77              4967.93 3.68462 10243              2.23635 61793.4 -23.8918
30.78              4994.15 6.66084 10406.9              1.28225 62809.7 -39.8463
30.79              5017.01 0.381891 10517.4              1.89593 63517.1 -5.95269
30.8              5013.65 2.538 10559              1.36749 63830.5 -18.5943
30.81              5045.26 -2.55299 10785              2.01624 65193.7 10.4327
30.82              4997.46 1.92666 10656.9              1.5495 64532.8 -15.1764
30.83              4929.02 3.09774 10550.3              1.20069 63995.8 -22.3464
30.84              4925.12 2.66422 10590.7              1.50208 64298.2 -19.6859
30.85              4948.96 3.70999 10710.5              1.91016 65056.6 -25.9281
30.86              4873.57 8.521 10580.2              0.739246 64359.9 -55.3019
30.87              5007.8 -0.724616 11027.4              1.4439 67005.5 -1.51569
30.88              4900.28 -48.2269 10923.6              -5.85256 66429 257.994
30.89              4950.1 55.2087 11221.9              10.9775 68190.1 -308.424
30.9              4862.64 4.9974 10824.3              3.57848 65991.5 -31.345
30.91              4878.85 5.41558 10905.1              3.07067 66525.8 -35.3767
30.92              4866.92 6.4357 10981.3              2.23549 67023.8 -40.8615
30.93              4875.78 2.67995 11015.2              3.05588 67267.6 -20.1227
30.94              4847.62 3.65995 10975.5              2.43392 67090 -26.1051
30.95              4928.14 0.898594 11328.7              3.47642 69177.8 -9.4013
30.96              4857.83 1.17861 11178.1              2.80162 68355.9 -11.2505
30.97              4872.64 2.84772 11271.5              2.97726 68941.8 -20.6727
30.98              4826.54 2.67336 11176.1              2.65367 68437.7 -19.8795
30.99              4820.5 2.12297 11218.8              2.628 68725.2 -16.2831
31              4794.47 2.26158 11176.5              2.479 68520.7 -17.2286
31.01              4745.6 5.48728 11087.5              1.76695 68036.3 -36.8643
31.02              4815.83 -4.86343 11431.9              1.10577 70061.1 23.1851
31.03              4692.73 -50.2746 11173.8              -5.68841 68574.2 272.985
31.04              4742.72 54.9324 11529.9              11.7114 70645.7 -306.25
31.05              4647.23 6.50518 11032              2.37165 67854.5 -40.5129
31.06              4658.63 -0.822272 11209.6              2.86277 68898.3 3.07463
31.07              4574.52 1.83281 11000.1              2.28797 67717.4 -13.3913
31.08              4567.9 0.599083 11122.6              2.12337 68454 -5.83626
31.09              4512.39 -1.00205 11048.2              1.70227 68045 3.47392
31.1              4463.65 -2.04316 11030              1.74727 67964 9.70948
31.11              4418.17 -1.72356 11012.4              1.50824 67878.7 8.08133
31.12              4354.64 -2.66105 10989.3              1.36707 67775.4 14.2241
31.13              4316.13 -2.81784 11078.6              1.66789 68312.4 15.567
31.14              4247.57 -3.05182 11059.2              1.61112 68223.2 17.2286
31.15              4156.69 -3.339 10926.2              1.28456 67469.2 18.8747
31.16              4063.59 -3.49912 10865.3              1.17228 67138.3 20.0398
31.17              3900.16 -4.16901 10429.8              -0.0726816 64629.1 23.2329
31.18              3937.42 -4.12797 10993.2              2.18732 67921.3 25.0406
31.19              3690.44 -5.02618 10189.4              -0.677428 63263.8 28.239
31.2              3763.32 -4.25612 10983.1              2.78936 67895.8 26.4271
31.21              3474.51 -5.11693 9993.98              -0.860557 62158.7 28.6207
31.22              3538.63 -4.34924 10847.4              2.21303 67124.2 26.4633
31.23              3310.26 -14.1321 10181.7              -2.10228 63263.8 80.1489
31.24              3318.49 -5.7102 10815.2              3.12796 66965.4 35.5839
31.25              3091.96 -60.6349 10326.2              -6.94489 64088.1 340.345
31.26              3059.76 -7.17133 10667.3              3.08749 66107.2 44.2717
31.27              2806.85 61.817 10121.2              11.7083 62879.7 -342.605
31.28              2797.93 -0.164618 10550.7              4.07147 65439 4.47413
31.29              2501.27 -4.44679 9466.69              -0.363734 59144.9 25.8257
31.3              2510.4 -6.00012 10337.3              3.11033 64204.3 37.364
31.31              2209.36 -4.99495 9225.71              -1.01824 57732.6 28.3448
31.32              2217.05 -7.16348 10185.1              3.29017 63309.2 43.7985
31.33              1881.87 -4.17369 8886.68              -0.469399 55744.1 23.2062
31.34              1915.21 -6.75617 10175.9              4.32247 63246.4 41.9538
31.35              1554.53 -6.78412 8600.74              -1.35594 54064.8 37.8412
31.36              1608.8 -6.72191 10173.7              5.19548 63209.8 41.8994
31.37              1233.91 -9.06751 8448.37              -1.07729 53161 49.8675
31.38              1277.56 -7.51094 10086.1              5.59471 62671.1 46.1163
31.39              890.36 -6.60747 8385.42              -0.75268 52761.2 35.8813
31.4              953.711 -4.58864 10121.8              6.56345 62840.5 29.273
31.41              565.607 -4.76257 8410.82              0.280523 52871.2 25.0497
31.42              593.98 -3.94933 9882.73              6.03757 61407 24.122
31.43              231.171 -2.38277 8347.79              0.896216 52465.9 10.3924
31.44              223.84 -2.6309 9615              5.99728 59805 15.3915
31.45              -121.852 -1.39762 8173.62              1.42412 51397.6 3.99981
31.46              -143.419 -0.758898 9362.48              5.93323 58286.8 3.58413
31.47              -498.239 0.432891 7926.75              1.54272 49915.2 -7.71815
31.48              -498.7 0.500564 9105.72              5.99598 56739.9 -4.4686
31.49              -814.344 1.80275 7906.45              2.32589 49736.7 -15.6227
31.5              -865.892 0.88636 8786.4              5.84056 54826.8 -7.51451
31.51              -1145.22 2.06869 7884.59              3.09909 49549.4 -16.6044
31.52              -1219.86 2.15037 8451.13              5.23178 52813.7 -15.0701
31.53              -1491.4 2.76143 7699.87              3.12267 48415.2 -20.5043
31.54              -1556.4 1.36432 8336.76              5.06657 52087.9 -10.2464
31.55              -1810.65 2.88681 7649.77              3.44725 48061.1 -20.5663
31.56              -1899.44 2.59814 8024.99              4.98763 50209 -17.0357
31.57              -2111.53 3.45044 7665.04              4.15278 48081.3 -22.4323
31.58              -2206.87 -2.68227 7905.61              4.93362 49451.8 14.802
31.59              -2406.09 2.6919 7658.19              4.30379 47970.4 -16.6033
31.6              -2548.05 2.62691 7702.2              4.45155 48189.6 -15.6623
31.61              -2706.78 3.41694 7605.24              4.58478 47585.8 -20.199
31.62              -2857.16 3.24479 7569.13              4.61023 47336.3 -18.7975
31.63              -3006.21 2.50646 7518.5              4.61379 47006.1 -13.9799
31.64              -3129.35 8.99305 7467.67              3.65266 46696.7 -53.3174
31.65              -3297.21 5.07585 7345.68              4.34571 45921.1 -29.2383
31.66              -3460.26 4.1234 7176.11              4.47721 44894.3 -23.2321
31.67              -3627.97 3.36641 7043.42              4.5432 44088.1 -18.3625
31.68              -3778.67 27.9466 6998.94              9.60383 43755.5 -155.28
31.69              -3925.87 8.62146 6784.62              5.7639 42490.2 -47.4015
31.7              -4084.03 -17.3977 6730.18              0.573061 42119.9 99.0485
31.71              -4204.86 -0.596786 6631.78              4.0782 41524.2 5.15227
31.72              -4360.14 -2.7509 6474.6              2.8025 40562.4 17.1971
31.73              -4468.2 -3.18369 6387.63              4.8365 40024.8 21.7941
31.74              -4628.08 -0.451017 6179.63              4.30992 38772 5.52526
31.75              -4741.44 1.02447 6145.91              4.78659 38531.3 -2.81997
31.76              -4875.09 1.95652 6049.18              4.75453 37928.2 -8.41137
31.77              -5005.57 1.65147 5934.13              4.64967 37218.6 -6.39223
31.78              -5120.26 2.40156 5849.51              4.88513 36682 -10.6935
31.79              -5259.34 1.55667 5678.03              4.42324 35645 -5.60578
31.8              -5358.58 2.55423 5583.52              4.91723 35044.7 -11.4257
31.81              -5472.33 1.206 5485.32              4.85694 34429.4 -3.47017
31.82              -5610.31 0.862795 5260.65              4.07517 33083 -1.75948
31.83              -5676.53 2.79379 5253.42              4.34676 33012.4 -12.4477
31.84              -5795.84 3.41516 5157.43              4.69713 32404.7 -15.9781
31.85              -5909.19 1.25887 5027.63              4.57427 31613.2 -4.3149
31.86              -6027.03 6.58289 4874.61              5.15135 30678.5 -34.0627
31.87              -6095.38 0.744064 4772.45              4.14766 30031.2 -0.42374
31.88              -6203.22 2.29296 4675.05              4.45843 29427.2 -9.11594
31.89              -6304.72 1.51784 4596.3              4.62612 28928 -4.33588
31.9              -6376.96 25.8547 4625.42              9.02963 29033 -140.445
31.91              -6462.62 8.44063 4428.1              5.35917 27871.5 -43.6188
31.92              -6529.49 -13.2682 4408.91              0.178453 27691.3 77.8738
31.93              -6619.51 -1.85552 4203.79              2.15744 26471.1 13.9737
31.94              -6655.92 0.263971 4211.76              4.22626 26489.6 3.51497
31.95              -6697 3.15989 4174.13              4.90289 26229.1 -13.2763
31.96              -6766.94 3.80709 4065.85              5.08762 25558.3 -16.9074
31.97              -6829.34 5.2927 3952.66              5.0976 24858.4 -25.4469
31.98              -6883.81 4.98106 3848.29              5.29738 24207.8 -23.6337
31.99              -6956.44 2.88693 3766.05              5.24171 23689.8 -11.7405
32              -7064.45 0.107981 3554.61              4.82613 22422.1 4.09767
32.01              -7026.88 5.76762 3583.21              4.20319 22553.9 -27.1279
32.02              -7075.69 1.4956 3495.88              4.36719 22005.1 -3.25357
32.03              -7167.42 9.8562 3362.11              3.87628 21179.5 -49.338
32.04              -7176.08 3.53626 3294.5              4.38192 20749.1 -14.4953
32.05              -7234.59 -1.37854 3188.35              4.52119 20078.8 14.6514
32.06              -7262.13 16.6137 3161.95              7.1356 19885.6 -86.7513
32.07              -7270.34 -3.95087 3140.51              1.61567 19725.8 26.858
32.08              -7265.76 0.811685 3103.13              3.42131 19483.3 1.09118
32.09              -7302.22 8.18947 2992.97              3.73335 18811.4 -42.5793
32.1              -7299.6 3.65539 2947.64              4.21545 18516.8 -15.3557
32.11              -7336.61 5.23679 2799.21              4.11806 17617.3 -25.1695
32.12              -7359.15 5.99199 2671.81              3.63551 16834.8 -29.9446
32.13              -7359.29 2.61211 2616.24              3.93239 16468.2 -10.9402
32.14              -7380.54 -0.648717 2481.37              3.82056 15644.2 7.38119
32.15              -7323.09 4.78802 2415.7              3.76759 15226.9 -22.1929
32.16              -7339.02 2.16666 2248.71              3.97084 14217.6 -8.1712
32.17              -7386.72 8.61696 2058.53              3.66746 13066.1 -42.1104
32.18              -7331.4 -1.22978 1966.74              3.87659 12488.5 13.2851
32.19              -7219.55 1.76929 2022.54              3.95259 12765 -3.90377
32.2              -7125.74 1.0528 1985.44              4.53288 12509.5 -0.264183
32.21              -7056.95 0.901816 1877.43              5.01172 11835.9 2.09407
32.22              -6998.48 3.54283 1708.41              4.55318 10817.7 -14.0642
32.23              -6924.48 0.864362 1570.86              4.64836 9996.18 1.68938
32.24              -6831.43 0.653806 1483.5              4.54665 9470.82 2.88436
32.25              -6710.05 1.33063 1450.87              4.57925 9262.54 -0.983145
32.26              -6655.13 1.45513 1293.63              4.2396 8339.39 -2.04271
32.27              -6531.99 -1.15154 1281.58              4.54813 8249.97 12.3655
32.28              -6359.57 1.31047 1334.4              4.318 8546.86 -0.970954
32.29              -6212.83 -0.648839 1360.76              4.55856 8683.45 9.31692
32.3              -6082.22 1.35669 1390.96              4.45884 8843.86 -0.575848
32.31              -5896.75 2.26291 1505.96              4.40968 9502.11 -5.80947
32.32              -5696.42 2.80374 1648.73              4.39022 10317.5 -9.47576
32.33              -5563.19 -5.50288 1630.52              2.86369 10217.8 35.8859
32.34              -5408.07 2.26886 1683.16              5.48818 10513.5 -5.47619
32.35              -5300.15 1.39407 1650.98              4.97612 10320.9 -1.58695
32.36              -5153.61 1.60769 1679.66              4.42069 10481.7 -3.12269
32.37              -5012.75 1.83236 1692.64              4.14204 10554.5 -5.06523
32.38              -4910.48 2.32309 1650.23              4.23397 10312.8 -7.87483
32.39              -4753.69 2.14867 1697.88              4.39115 10591.8 -6.68549
32.4              -4571.07 -0.862917 1790.1              4.68563 11128.1 9.57925
32.41              -4374.74 1.78192 1853.08              3.71518 11503.1 -3.01297
32.42              -4247.24 -0.497874 1823.7              3.16034 11358.5 9.91472
32.43              -4137.96 3.21313 1808.38              2.16034 11287.8 -9.73869
32.44              -3979.59 -0.104799 1822.94              2.59652 11392.5 7.04305
32.45              -3829.85 -3.53751 1841.66              1.99425 11527.2 26.3735
32.46              -3693.16 3.89205 1902.12              3.06414 11881 -16.0606
32.47              -3593.65 -2.28442 1911.1              0.686776 11934.4 16.4337
32.48              -3491.08 -1.66899 1947.84              1.35064 12137.6 12.6815
32.49              -3409.27 2.64595 1982.21              2.08112 12309.6 -13.2854
32.5              -3361.29 -0.345894 1982.89              1.97461 12284.7 4.58936
32.51              -3330.81 -0.272534 1970.94              1.96493 12180.5 3.71507
32.52              -3335.86 2.1807 1912.31              2.1526 11803.9 -11.7931
32.53              -3306.26 3.00417 1906.74              2.5911 11726.8 -17.9321
32.54              -3327.87 -3.45939 1859.1              3.20701 11405 16.5742
32.55              -3237.29 3.6242 1908.22              2.83916 11632.3 -21.8129
32.56              -3218.42 3.25438 1883.2              3.28505 11442.5 -20.6728
32.57              -3189.09 2.99302 1869.58              3.68202 11321 -19.7701
32.58              -3186.98 8.76687 1814.33              3.15399 10971.1 -50.6143
32.59              -3097.51 2.65967 1865.35              3.19559 11229 -16.9819
32.6              -3023.7 2.04706 1872.9              2.48668 11253.6 -13.2662
32.61              -3040.61 8.96112 1812.14              4.3208 10872.7 -51.6552
32.62              -2986.56 -2.23171 1827.42              0.996432 10934.6 9.05573
32.63              -2891.13 -3.22501 1904.32              1.44867 11347.2 16.2291
32.64              -2829.22 3.03647 1926.32              1.43219 11451.5 -19.8482
32.65              -2759.97 -0.97925 1970.68              2.10094 11689.8 3.28566
32.66              -2711.95 -0.175529 1969.01              2.24813 11670.8 -1.757
32.67              -2653.92 0.626151 1986.43              2.46816 11759.4 -6.80116
32.68              -2632.31 1.94282 1936.65              2.5401 11478.3 -14.8607
32.69              -2560.51 3.02543 1967.77              2.59661 11647.1 -21.2346
32.7              -2493.16 2.98341 1987.6              2.78744 11756.7 -21.4927
32.71              -2506.42 -3.37304 1909.9              3.23092 11320.7 11.8397
32.72              -2320.84 3.17587 2061.56              2.94743 12168.8 -22.3803
32.73              -2262.48 2.73736 2117.56              3.07427 12465.1 -20.0232
32.74              -2169.87 3.19095 2153.69              3.80175 12669.9 -23.616
32.75              -2078.04 6.20131 2207.36              4.54563 12963.7 -41.7136
32.76              -2040.63 12.3208 2174.45              4.56647 12783.1 -75.5439
32.77              -1931.92 8.32907 2203.16              5.06142 12952.3 -55.5947
32.78              -1877.6 7.21398 2165.89              4.52434 12752.1 -49.238
32.79              -1789.83 7.68112 2143.78              3.99579 12646.7 -51.914
32.8              -1756.57 9.2361 2061.27              3.10331 12203.8 -60.4719
32.81              -1647.82 1.80526 2085.11              1.66885 12346.7 -20.1153
32.82              -1490.82 2.45227 2284.62              2.5293 13419.6 -20.0886
32.83              -1361.15 9.45526 2359.27              4.7412 13829.6 -54.8481
32.84              -1235.59 3.37432 2502.08              3.70746 14594.8 -23.222
32.85              -1129.33 1.60977 2553.83              3.17397 14872.6 -13.644
32.86              -1024.51 0.941814 2616.2              2.95034 15201.3 -9.30147
32.87              -917.903 -0.375321 2679.42              3.00353 15542.1 -1.94044
32.88              -818.008 -0.682451 2726.9              3.11028 15795.6 -0.219571
32.89              -737.592 -1.75327 2724.76              2.93718 15781 6.52213
32.9              -649.226 -3.1214 2727.22              2.93449 15791.1 15.1639
32.91              -558.556 -3.40036 2742.81              2.8835 15871.6 16.9143
32.92              -457.959 -3.73191 2784.43              3.11434 16091.4 19.1905
32.93              -385.058 -4.57748 2759.44              2.3373 15957.1 25.0128
32.94              -313.446 -4.88898 2687.7              2.48562 15576.9 26.9715
32.95              -230.065 -5.66981 2657.23              2.6751 15414 32.622
32.96              -126.07 -6.11327 2691.08              2.16196 15590 35.6769
32.97              -23.0448 -6.52364 2749.92              1.95811 15898.3 38.2519
32.98              76.7581 -7.10091 2794.11              2.06219 16127.5 42.2549
32.99              180.321 -7.09404 2857.24              1.36975 16453.1 42.4539
33              285.352 -6.86155 2927.08              0.871618 16815.1 41.1496
33.01              376.099 -9.65334 2936.31              1.71227 16858.8 59.3168
33.02              466.788 -9.5867 2977.68              1.50011 17070.8 59.5304
33.03              560.493 -9.57992 3058.56              1.17649 17489.8 59.4278
33.04              655.441 -9.16426 3124.07              0.613236 17821.5 56.5733
33.05              739.806 -9.91587 3163.54              0.806932 18021.3 62.6175
33.06              820.937 -9.22692 3202.21              0.669654 18216 58.5353
33.07              911.518 -8.87561 3291.9              0.559876 18676.3 55.9134
33.08              994.06 -8.77555 3353.25              0.5586 18989.4 55.5131
33.09              1075.65 -9.08747 3410.5              0.84026 19280.5 57.9796
33.1              1151.29 -8.90609 3448.18              0.967212 19472.4 57.3663
33.11              1231.35 -8.64372 3510.95              1.06486 19796.5 55.781
33.12              1296.71 -8.91307 3565.39              1.19088 20075.6 57.4823
33.13              1355.42 -7.5799 3623.11              1.17308 20385 49.5444
33.14              1427.88 -9.749 3663.54              1.64152 20596.7 62.7287
33.15              1519.02 -7.87634 3690.74              1.451 20728.6 51.476
33.16              1590.4 -7.85532 3721.08              1.44264 20892.3 51.4594
33.17              1656.7 -7.86116 3743.43              1.45306 21012.5 51.393
33.18              1711.29 -7.61167 3752.6              1.3838 21080.7 50.2463
33.19              1805.16 -7.49731 3786.22              1.53035 21256 49.7011
33.2              1863.42 -6.95869 3823.16              1.60218 21470.8 46.6871
33.21              1933.64 -7.13599 3857.02              1.71395 21662.5 47.8467
33.22              2008.92 -7.20076 3884.34              1.62268 21821 48.0568
33.23              2076.89 -7.47339 3919.13              1.92439 22018.3 50.1223
33.24              2160.11 -7.1345 3959.76              2.14331 22254.5 48.4081
33.25              2224.96 -7.95072 4033.84              2.68914 22661.8 52.6998
33.26              2298.81 -8.66575 4085              3.03258 22954.4 57.9563
33.27              2361.42 -7.37261 4102              3.18932 23067.2 50.626
33.28              2422.81 -6.60204 4117.69              3.3813 23177 45.5142
33.29              2476.62 -6.92981 4132.72              3.51899 23284.6 48.083
33.3              2536.69 -7.56361 4142.71              3.97547 23365.7 51.678
33.31              2609.51 -7.71913 4182.69              4.42391 23605.8 52.8284
33.32              2660.31 -8.7215 4206.21              4.63056 23763.4 58.7161
33.33              2719.39 -5.91634 4232.61              5.44328 23938.8 42.4048
33.34              2780.24 -6.7012 4285.51              5.3 24261 46.7508
33.35              2880.1 4.51112 4460.3              8.96222 25244.3 -13.1737
33.36              2916.48 -4.85391 4439.37              6.43294 25169.6 35.8114
33.37              3043.73 -13.3875 4737.4              5.48489 26823.4 78.5209
33.38              3046.82 -5.86615 4610.28              6.23122 26182.2 36.6807
33.39              3184.47 -3.5121 4957              7.69524 28097.5 24.2454
33.4              3181.95 0.972365 4835.66              7.64101 27498.7 -1.95052
33.41              3290.4 2.49185 5061.37              8.5431 28764.6 -10.5969
33.42              3305.94 9.00057 5073.09              8.27286 28900.2 -46.0389
33.43              3470.14 5.68303 5358.53              8.91429 30513.4 -30.2506
33.44              3443.75 8.39497 5196.2              7.81779 29690.6 -45.7198
33.45              3616.09 9.59707 5536.37              8.02988 31608.4 -53.4984
33.46              3598.87 9.19205 5464.66              6.5978 31278.6 -50.3892
33.47              3777.41 8.27079 5842.98              6.81576 33404.9 -45.4414
33.48              3752.21 8.99835 5702.2              5.06565 32702.9 -48.9761
33.49              3906.4 8.42247 6030.81              4.65574 34557.4 -45.1134
33.5              3851.97 7.23142 5836.53              3.11257 33562.4 -38.878
33.51              4051.2 5.09209 6291.21              3.07505 36106.8 -26.5601
33.52              3962.66 4.36432 6024.46              1.73962 34712.1 -22.424
33.53              4165.05 6.60862 6501.85              1.24265 37383.1 -35.7938
33.54              4131.23 -2.3574 6378.11              0.191132 36775.8 14.4988
33.55              4284.34 -14.0638 6732.84              -1.91754 38792 77.4157
33.56              4227.23 5.34222 6601.09              1.62354 38129.1 -25.3377
33.57              4377.48 -4.33655 6882.41              -0.855104 39759.1 26.4528
33.58              4317.34 -6.31484 6756.04              -0.498482 39116.9 37.7431
33.59              4419.81 -6.61709 6949.06              -0.538436 40232.1 39.4973
33.6              4462.54 -6.65109 7093.45              -2.28633 41114.1 40.5754
33.61              4507.44 -11.1384 7154.26              -2.16234 41517.8 63.1678
33.62              4504.99 -3.11901 7124.27              -0.457436 41427.4 18.0133
33.63              4585.09 4.85372 7377.65              4.24238 42895.3 -28.091
33.64              4631.24 18.4896 7470.59              7.89235 43478.9 -105.44
33.65              4664.63 25.4657 7581.95              9.89726 44170.1 -145.01
33.66              4620.19 22.3868 7472.64              7.85675 43633.5 -128.631
33.67              4661.17 13.294 7586.31              5.08648 44338.8 -76.2018
33.68              4629.53 8.0944 7532.7              2.84389 44119.3 -47.2499
33.69              4826.47 9.2647 8029.18              2.12532 46951 -55.1349
33.7              4804.59 -15.6183 8048.95              -1.17788 47134.8 80.1996
33.71              4832.73 27.0277 8197.08              7.26048 48039 -148.274
33.72              4784.72 4.20218 8008.27              2.44032 47062.4 -24.461
33.73              4879.32 7.6119 8248.06              3.06857 48499.3 -44.7663
33.74              4856.66 11.0976 8286.62              2.51056 48776.5 -62.8085
33.75              4927.95 5.23212 8418.1              3.2278 49598.1 -32.2909
33.76              4956.96 6.49465 8503.76              2.55251 50171 -39.3231
33.77              5004.03 0.507637 8737.71              3.1368 51563 -6.30619
33.78              4978.5 4.70309 8663.94              1.90606 51231.7 -29.1843
33.79              4980.08 6.14176 8751.4              1.90385 51813.7 -37.8544
33.8              5020.64 3.14729 8869.93              1.97319 52561.9 -19.306
33.81              4952.61 4.10184 8783.8              1.22031 52159.7 -25.3552
33.82              5050.27 8.73585 9056.92              1.07877 53770.7 -52.0522
33.83              4950.12 0.219372 8901.94              0.0669665 52985.2 -4.16765
33.84              5286.56 -30.3126 9838.53              -2.70885 58331.2 160.509
33.85              4826.07 39.8311 8941.26              6.11293 53317.7 -219.754
33.86              5377.08 -0.0630581 10093.4              3.83501 59947.8 0.885069
33.87              4776.09 11.2875 8867.84              -0.126009 53068.2 -65.7384
33.88              5370.48 1.62339 10196.2              3.34601 60711.8 -11.517
33.89              4891.94 5.90362 9165.21              0.0984458 54927.6 -37.9308
33.9              5177.87 -0.965886 9936.69              2.09282 59395.7 1.48129
33.91              4963.72 2.29911 9498.88              0.702604 56987.2 -17.5117
33.92              5202.08 3.9794 10111.3              1.95949 60553.9 -26.3381
33.93              4943.13 4.43498 9562.07              0.329914 57504.3 -30.0563
33.94              5260.64 2.3729 10392.7              2.38484 62318.8 -16.861
33.95              5003.21 11.1867 9866.39              -0.0773118 59382.2 -70.2481
33.96              5286.33 -1.87229 10657.9              1.64299 63977.9 6.34236
33.97              5049.54 -43.2575 10286              -6.17991 61901.4 228.919
33.98              5227.04 48.0897 10874              10.4539 65321.9 -266.483
33.99              5027.26 2.43742 10299.2              3.09271 62132.5 -16.4579
34              5185.94 1.65489 10736.4              3.2895 64722.4 -13.1552
34.01              4976.63 6.82434 10341.3              1.18181 62532.1 -42.6963
34.02              5192.68 0.0688209 10891.3              2.92438 65758.5 -5.02431
34.03              4973.77 -0.514066 10434              1.20404 63202.5 -2.3843
34.04              5195.58 -1.15655 11085.6              2.90814 67015.8 2.20756
34.05              4957.71 1.55485 10530.3              1.27321 63896.8 -14.0837
34.06              5097.31 0.789419 10943.8              2.18927 66345.1 -9.0653
34.07              4956.72 0.0106059 10639.6              1.15962 64658.6 -4.56122
34.08              5062.24 0.791181 10978.2              2.02504 66675 -8.95147
34.09              4957.63 0.381865 10792.4              -0.744649 65649.9 -9.06475
34.1              5118.09 -44.2674 11423.3              -4.36067 69323.8 238.282
34.11              4933.99 43.8336 11065.8              8.86597 67297.7 -243.926
34.12              5044.97 5.47406 11231.7              2.81559 68372.8 -34.2367
34.13              4896.29 -1.7773 10897.8              2.14001 66476.6 7.88872
34.14              4965.3 0.993029 11136              2.59957 67914.9 -8.64269
34.15              4881.66 3.37732 11003.2              1.56618 67197.2 -21.8155
34.16              4937.66 -0.73006 11180              2.54475 68269 1.13313
34.17              4866.9 1.30419 11019.9              1.80943 67387 -10.7467
34.18              4954.32 -1.93108 11392.8              3.08655 69587.6 8.89651
34.19              4844.21 0.277991 11089.9              2.00513 67884.2 -4.07916
34.2              4896.3 1.64877 11310.9              2.72619 69205.4 -11.5063
34.21              4759.01 1.3438 10923.6              1.6938 67006.7 -10.2886
34.22              4867.34 1.19477 11328.3              2.88904 69388.8 -8.13694
34.23              4716.76 1.30884 10894.8              1.66453 66914.1 -9.5849
34.24              4794.14 5.05139 11239.5              2.00533 68936.7 -31.5686
34.25              4719.06 -4.88579 11073.4              0.557989 68009.3 25.6903
34.26              4750.96 -45.0158 11389.2              -4.0013 69843 247.232
34.27              4624.08 50.9945 11141              10.0444 68410.8 -282.409
34.28              4678.41 6.06947 11206.2              3.31377 68883.8 -34.5336
34.29              4531.87 -0.537343 10839.3              2.06958 66758.7 3.81619
34.3              4562.2 2.1033 11084.2              3.00582 68214.6 -11.339
34.31              4455.08 1.76377 10865.5              1.60782 66971.9 -10.0398
34.32              4454.9 -0.11965 11029.1              2.25336 67945.6 1.79465
34.33              4334.08 -0.653818 10760.7              1.35708 66409.2 4.53519
34.34              4339.76 0.00937781 10994.8              2.10155 67785.6 1.35713
34.35              4202.34 -1.3191 10699              1.05772 66089.2 9.05984
34.36              4217.08 -1.42384 11041.9              2.39893 68108.9 10.7826
34.37              4022.63 -1.79932 10512.8              0.515202 65054.5 11.9556
34.38              4059.93 -1.1096 11003.2              2.37854 67924.2 9.48648
34.39              3814.52 -1.83962 10261.6              -0.00458486 63633.8 12.0206
34.4              3872.18 -1.21494 10901.7              2.5509 67373.9 10.423
34.41              3603 -2.71246 10063              -0.432591 62512.7 17.309
34.42              3662.85 -1.34328 10771.5              2.63529 66646.9 11.3454
34.43              3394.02 -2.68215 9933.44              -0.329119 61789 17.057
34.44              3441.29 0.24087 10684.9              2.71627 66166.4 1.65071
34.45              3165.36 -3.43642 9831.77              -0.811763 61207.8 21.1262
34.46              3239.63 -9.74401 10826              1.77502 66997.6 59.3763
34.47              2945.43 -4.34547 9824.53              -0.0838572 61188.8 26.8764
34.48              2966.4 -53.7515 10787.1              -3.5965 66746.4 304.7
34.49              2670.9 -8.80065 9685.66              -0.183605 60380.9 51.6858
34.5              2658.06 67.0288 10589.4              15.1942 65582.9 -369.144
34.51              2351.81 5.20382 9318.27              0.712271 58244.2 -28.2636
34.52              2367.56 -1.49541 10126.3              3.66428 62958.2 11.9507
34.53              2044.24 -0.941943 8995.05              -0.634094 56364.6 5.79677
34.54              2069.62 -3.06093 10095.6              4.22311 62766.9 20.6787
34.55              1707.68 -1.75302 8629.49              -0.864814 54225.2 8.98962
34.56              1756.25 -0.228484 10039.4              5.94762 62420.9 4.21855
34.57              1375.16 -1.15946 8375.79              -0.815235 52727 4.81372
34.58              1427.35 -2.19364 9980.43              5.95315 62057.5 15.2606
34.59              1009.11 -1.15496 8075.07              -1.06839 50959.2 3.26138
34.6              1100.53 -3.12502 9876.81              6.84946 61429.5 18.6129
34.61              679.446 -0.575937 8065.86              -0.226426 50875.4 -1.22533
34.62              710.302 -0.251293 9512.96              6.16303 59274.6 0.927511
34.63              413.752 2.22076 8469.34              2.53118 53179.3 -16.4725
34.64              374.608 2.01231 9478.8              6.41549 59025.2 -13.0224
34.65              48.3516 2.63742 8310.48              2.46578 52212.8 -20.1373
34.66              6.12794 3.40617 9281.42              6.26051 57834.2 -21.8292
34.67              -315.116 4.42609 8106.58              2.33126 50979.8 -31.2156
34.68              -344.551 4.38935 9130.58              6.365 56901.6 -28.0732
34.69              -685.612 5.691 7785.34              1.87002 49059 -39.1672
34.7              -704.212 5.44306 8825.56              5.86678 55074.4 -34.398
34.71              -984.581 5.47967 7875.19              2.83806 49519 -37.0976
34.72              -1075.78 5.55852 8453.55              5.07382 52850.6 -35.1996
34.73              -1321.92 5.86843 7800.41              2.96169 49025.1 -38.5401
34.74              -1414.68 6.16818 8193.47              4.45728 51274.1 -38.5696
34.75              -1651.14 6.06026 7602.54              2.6801 47807.5 -38.8772
34.76              -1748.22 5.81428 7967.18              4.26663 49893 -35.9406
34.77              -1973.28 4.38727 7504.33              2.48877 47172.6 -28.4677
34.78              -2061.23 5.64786 7825.68              4.11417 48999.1 -33.9835
34.79              -2271.91 5.47869 7437.37              3.04027 46712.5 -33.3181
34.8              -2349.98 -0.529992 7700.79              4.08499 48204.7 3.48984
34.81              -2573.83 3.94828 7328.84              2.86521 46004.8 -22.7106
34.82              -2676.76 4.8809 7565.89              3.84924 47342.3 -27.2708
34.83              -2860.74 4.42884 7328.95              3.21086 45929.5 -24.7539
34.84              -2976.53 4.43551 7388.86              3.63698 46229.1 -24.1005
34.85              -3135.3 4.29485 7328.37              3.67815 45842.5 -22.9926
34.86              -3266.35 3.45817 7334.89              3.86467 45840.1 -17.4631
34.87              -3387.43 10.4642 7255.53              2.64848 45364.7 -60.0283
34.88              -3570.04 6.14008 7065.65              3.70117 44195.7 -33.6217
34.89              -3722.78 4.11819 6950.9              3.36456 43488.6 -21.1718
34.9              -3867.17 3.43505 6799.55              3.42487 42564 -16.7679
34.91              -4041.03 29.4123 6706.26              8.96579 41956.7 -162.141
34.92              -4166.25 9.24942 6570.56              5.10037 41148.9 -49.2019
34.93              -4299.08 -17.3018 6571.79              -0.290258 41095.4 100.529
34.94              -4423.52 -3.28698 6398.29              2.02773 40054.1 21.6102
34.95              -4581.44 0.938 6168.13              2.84329 38676.5 -2.24926
34.96              -4713 -2.741 6067.77              3.99039 38070.6 20.769
34.97              -4837.06 1.51129 5977.16              4.14101 37496.1 -4.36644
34.98              -4942.44 1.46652 5946.41              4.04371 37272.1 -3.9216
34.99              -5074.43 2.53369 5816.57              4.03708 36474.9 -10.3718
