*************************Generated by extractForces.sh*************************
*      Thu Apr  3 11:15:53 MDT 2025 - Case: surge/T11.25
* Note: Data was extracted from log.overInterDyMFoam using extractForces.sh
*       Can be visualized with plotForces.py
*******************************************************************************
Time X(x3) Force(x3) Moment(x3)
0.01              -88557.1 -4.1516 -54152.4              -0.799187 -316338 5.13799
0.02              -3690.57 -4.58281 4857.25              0.941339 29821.2 27.5704
0.03              -1938.98 -0.832231 5242.16              0.592849 31837.7 4.97064
0.04              -1746.38 -1.64844 5278.12              0.237432 32005.3 9.68671
0.05              -1721.33 3.09407 5308.63              0.736447 32142.3 -17.4088
0.06              -1748.64 -1.76318 5298.13              0.293025 32043.7 9.37668
0.07              -1762.03 3.09122 5288.37              0.329104 31947.3 -18.7097
0.08              -1816.03 -0.438226 5260.43              0.578848 31750.9 2.37319
0.09              -1868.32 -0.138013 5225.78              0.4881 31510.8 0.705575
0.1              -1911.87 0.967552 5203.32              0.4641 31346.8 -5.63381
0.11              -1950.07 -2.05681 5173.65              0.699534 31138.2 11.0089
0.12              -1981.19 -3.16753 5140.23              0.508403 30907.1 16.9633
0.13              -1959.05 -0.363667 5170.05              0.482744 31050.6 1.96853
0.14              -1980.38 5.2586 5162.04              0.0611833 30969.7 -28.1513
0.15              -1996.93 0.559696 5133.06              0.549148 30771.3 -3.16581
0.16              -2069.97 -6.18241 5025.87              0.655037 30117.8 35.572
0.17              -2022.5 3.63425 5113              0.877919 30589.1 -19.6151
0.18              -2030.34 -2.76279 5087.88              -0.0567207 30414.4 14.9785
0.19              -2011.03 3.39742 5092.6              -0.276189 30414.5 -20.1983
0.2              -1996.33 -1.04649 5098.6              0.404182 30425 6.08954
0.21              -1995.42 -1.1932 5078.93              0.301301 30282.6 7.19087
0.22              -1956.27 -0.049839 5107.37              0.377254 30419.2 0.67369
0.23              -1959.68 -0.643845 5089.81              0.350523 30293.6 3.98118
0.24              -1993.08 -9.15484 5034.33              0.859696 29942.2 50.3686
0.25              -1886.85 0.65034 5087.29              0.0529525 30215.3 -2.69715
0.26              -1897.36 -1.82037 5049.37              0.445227 29973.5 10.504
0.27              -1899.54 6.12112 5020.02              -0.234745 29775.3 -31.956
0.28              -1848.28 -0.518657 5027.48              0.483354 29795.5 3.19359
0.29              -1822.03 -1.01551 4986.99              -0.358148 29539.9 7.28868
0.3              -1769.65 7.41098 5044.22              0.990977 29832.3 -39.7093
0.31              -1749.79 -2.87761 5021.89              -0.82693 29683.6 15.0954
0.32              -1713.67 -1.97798 4984.13              -0.425727 29447.7 11.1311
0.33              -1647.07 4.83775 4999.43              -0.564661 29509.5 -27.8551
0.34              -1579.38 -0.960545 5025.66              0.219399 29640.2 5.86008
0.35              -1537.21 -1.29546 5011.85              0.153656 29537.9 8.01607
0.36              -1515.17 -0.621125 4965.4              0.166591 29251.2 4.08383
0.37              -1443.75 0.278892 4984.71              0.161871 29338.2 -0.884003
0.38              -1348.63 -0.633562 5037.24              0.23789 29615.8 4.23258
0.39              -1345.73 -10.2074 4989.18              0.738832 29316.2 55.9557
0.4              -1210.18 -0.636881 5037.63              0.0710322 29573.1 4.7429
0.41              -1141.51 -0.180736 5059.24              0.0728346 29669 2.06565
0.42              -1065.23 -0.445736 5065.33              0.0922719 29685 3.47394
0.43              -1041.52 7.43395 5032.3              -0.400481 29475.4 -38.1205
0.44              -935.242 -0.527508 5048.81              0.204782 29553.2 3.62298
0.45              -870.406 0.838943 5046.3              0.479055 29519.2 -3.73657
0.46              -806.871 -6.50664 5030.07              0.630034 29400.6 37.8028
0.47              -695.367 1.19913 5061.89              -0.136452 29581.8 -5.90134
0.48              -633.455 10.2964 5109.21              2.65606 29807.9 -52.9602
0.49              -575.984 1.80293 5053.61              0.349131 29494.6 -8.82854
0.5              -478.986 -7.97868 5107.32              -1.99225 29772.9 42.2829
0.51              -392.333 -4.32763 5107.1              -1.51113 29762.2 24.0161
0.52              -301.273 4.97675 5116.13              -1.0261 29797.3 -28.2535
0.53              -192.15 -1.35397 5166.94              0.0664692 30077.4 8.3856
0.54              -97.2557 -1.37053 5190.7              0.152438 30200.8 8.67376
0.55              -6.09292 -1.24066 5209.72              0.211559 30297 8.0419
0.56              86.7094 -1.43811 5227.59              0.187215 30388.7 9.29098
0.57              185.368 -1.33405 5253.58              0.201436 30524.8 8.74893
0.58              280.698 -0.884892 5272.78              0.242739 30625.2 6.12264
0.59              355.04 -0.678503 5259.5              0.246269 30547.6 4.93222
0.6              463.55 -0.552118 5297.41              0.258788 30753.3 4.23859
0.61              566.131 0.34505 5325.29              0.226136 30902.8 -0.708539
0.62              675.623 -0.411443 5359.78              0.262169 31091.9 3.47354
0.63              785.331 -0.440112 5394.01              0.271909 31278.7 3.63121
0.64              897.387 -0.473756 5431.34              0.297996 31485 3.84262
0.65              1018.48 -0.479247 5476.17              0.321595 31730.8 3.88575
0.66              1136.85 -0.500424 5529.5              0.338338 32026.5 4.0274
0.67              1227.11 -2.57829 5537.73              0.539264 32071.9 15.1437
0.68              1357.27 -0.600679 5583.65              0.350665 32331.4 4.68045
0.69              1502.68 -0.530906 5668.16              0.383192 32794 4.34563
0.7              1629.51 -0.487777 5731.18              0.405759 33142.3 4.12281
0.71              1737.69 -0.445638 5776.31              0.429349 33396.6 3.88332
0.72              1860.28 -0.404782 5812.09              0.444454 33597 3.63673
0.73              1980.14 -0.336133 5851.42              0.469082 33821.6 3.22823
0.74              2095.88 -0.285454 5885.44              0.473727 34018.3 2.95958
0.75              2215.21 -0.270103 5928.69              0.478508 34265 2.89252
0.76              2327.87 -0.167593 5953.83              0.469099 34414.7 2.3206
0.77              2444.81 -0.127308 6000.75              0.500741 34682 2.08647
0.78              2552.23 -0.099134 6039.84              0.512233 34910.2 1.91698
0.79              2672.3 0.0870458 6083.88              0.552628 35160.3 0.790487
0.8              2782.07 0.0765611 6124.85              0.527995 35397.6 0.917587
0.81              2893.93 0.155898 6165.04              0.532528 35630.9 0.45514
0.82              3014.69 0.0740074 6240.64              0.599018 36054.5 0.850242
0.83              3130.41 -0.0284456 6299.45              0.619538 36389.1 1.44969
0.84              3245.14 0.0939465 6364.96              0.657482 36761 0.702169
0.85              3355.41 0.0634791 6425.54              0.675065 37105.5 0.937523
0.86              3459.83 -0.596344 6478.52              0.6423 37409.7 4.72932
0.87              3546.11 -0.027241 6522.22              0.66023 37670.6 1.55773
0.88              3644.69 0.143504 6561.61              0.661078 37896.7 0.635736
0.89              3737.24 0.226054 6610.73              0.685251 38179.4 0.182172
0.9              3822.21 1.25362 6663.07              0.822671 38482.4 -5.84993
0.91              3892.36 0.507236 6704.4              0.701934 38728.4 -1.33442
0.92              3965.84 0.502882 6739.93              0.696804 38941.3 -1.26604
0.93              4035.78 0.610346 6771.31              0.687813 39129.3 -1.83356
0.94              4113.41 -4.54277 6826.42              0.966882 39455.5 28.2805
0.95              4168.57 3.91623 6833.78              1.91317 39508.1 -18.7702
0.96              4231.8 0.47926 6853.59              0.789955 39627.3 -0.844073
0.97              4287.64 27.771 6829.11              6.94017 39541.7 -143.401
0.98              4334.93 -27.3056 6808.61              -6.17656 39453.5 143.881
0.99              4389.17 -2.47743 6928.37              0.177838 40088 14.8521
1              4443.59 6.53563 7018.65              0.570582 40618.4 -35.8406
1.01              4458.6 0.88816 6992              0.768646 40479.1 -3.38321
1.02              4469.03 1.63489 6959.3              0.267495 40297.1 -7.44707
1.03              4582.49 -6.9387 7067.94              1.28047 40932.5 39.3706
1.04              4588.15 -2.95242 7069.55              0.683303 40952.8 17.3274
1.05              4563.1 0.332409 7020.34              0.718825 40696.5 -0.276095
1.06              4574.6 1.5398 7031.79              0.805574 40784.8 -6.53772
1.07              4716.9 14.3252 7167.49              0.588423 41577.3 -75.2019
1.08              4647.45 4.16576 7147.26              0.974189 41478 -21.3255
1.09              4643.81 1.32657 7141.96              0.965946 41466.9 -5.32756
1.1              4630.39 2.1953 7139.64              0.883682 41478.5 -10.1505
1.11              4623.37 3.3882 7152.12              1.04192 41573.5 -17.3936
1.12              4641.67 2.10546 7183.11              0.935302 41774 -9.71228
1.13              4660.84 -4.15817 7235.35              1.22856 42100.4 26.7138
1.14              4601.26 5.56773 7187.91              1.86468 41862.7 -28.4829
1.15              4612.63 20.8394 7174.36              5.93266 41837.2 -108.378
1.16              4600.17 -17.5911 7149.92              -3.94563 41728.3 94.961
1.17              4587.88 1.84857 7240.08              0.906124 42244.5 -9.82063
1.18              4568.94 -0.437264 7237.18              0.693788 42244.5 3.91004
1.19              4585.97 -8.06569 7287.5              0.873489 42564.4 45.9805
1.2              4528.72 -1.77047 7285.85              0.780303 42593.2 10.5881
1.21              4431.94 2.23757 7219.99              0.618091 42246.7 -10.7787
1.22              4554.18 13.5129 7372.25              0.508566 43164.8 -71.3136
1.23              4475.08 3.9521 7401.77              0.962335 43377.3 -20.1407
1.24              4451.12 1.36611 7405.87              0.886723 43435.9 -5.6906
1.25              4395.87 3.38039 7413.59              0.909109 43523.2 -17.5259
1.26              4350.78 2.44776 7435.94              0.711433 43701.3 -11.9174
1.27              4320.35 -2.36018 7470.31              0.804827 43948.3 16.3632
1.28              4274.92 16.6191 7441.34              3.99482 43850.3 -87.9776
1.29              4247.24 -9.09736 7469.62              -2.06411 44069.9 49.7885
1.3              4236.84 2.37786 7571.58              0.0446214 44688.9 -12.6437
1.31              4210.52 3.88055 7624.19              -0.0124964 45043.4 -20.8687
1.32              4207.24 -4.50013 7672.21              -0.305355 45369.5 26.173
1.33              4107.69 1.17389 7632.61              -0.378255 45188.3 -6.3558
1.34              4043.82 4.58104 7657.66              -0.334166 45389.8 -24.753
1.35              4063.92 12.9988 7744.47              -0.471619 45957.6 -70.6341
1.36              3943.97 5.07029 7742.21              -0.0272116 46004.9 -27.5366
1.37              3919.04 5.61577 7812.03              0.423043 46477.6 -30.7241
1.38              3900.21 6.52966 7867.55              0.887663 46866 -36.3786
1.39              3864.19 6.98981 7932.04              0.757934 47317.4 -39.0577
1.4              3921.21 7.02407 8097.89              1.89426 48365.5 -39.1333
1.41              3929.09 3.98461 8147.09              1.73694 48749.1 -22.4532
1.42              3906.8 5.85416 8271.87              1.50991 49524.6 -33.346
1.43              3793.07 4.77725 8235.47              1.28847 49362.9 -26.7256
1.44              3546.9 5.76059 8031.81              0.445402 48210.2 -32.2415
1.45              3416.39 5.36576 7974.41              0.721535 47928.1 -31.9231
1.46              3480.54 3.11805 8164.81              0.86106 49107.8 -18.5038
1.47              3538.74 2.62184 8339.16              1.17093 50193.8 -15.2387
1.48              3402.87 4.32116 8288.93              0.726597 49950.8 -25.0034
1.49              3492.82 2.04761 8514.29              1.00964 51337.2 -11.5536
1.5              3263.55 2.36078 8336.51              0.368097 50338.2 -13.5653
1.51              3571.04 9.79894 8816.44              0.247812 53223.9 -57.7149
1.52              3197.89 6.08171 8454.95              1.04479 51145.8 -34.4897
1.53              3410.45 0.0731154 8826.12              0.726096 53394.5 -0.605219
1.54              2914.66 -5.69401 8261.16              0.29432 50085.6 33.5998
1.55              3254.79 -1.39754 8796.23              0.813119 53299.7 8.8258
1.56              2916.2 9.26336 8509.08              -0.485596 51639 -50.9014
1.57              3087.83 -1.71833 8796.8              0.566515 53387.3 9.45576
1.58              2765.97 -6.26748 8472.35              -0.277435 51501.2 35.1716
1.59              3113.89 -5.76179 9034.23              0.606043 54879.5 33.326
1.6              2522.12 0.966912 8307.48              -0.62661 50608.7 -5.99023
1.61              2933.64 -1.75912 8953.51              0.402458 54484.1 10.7193
1.62              2303.89 0.253126 8164.4              -0.847586 49842.3 -1.45082
1.63              2812.4 13.3188 8922.66              -0.9247 54380.6 -79.9284
1.64              2237.69 2.10749 8195.91              -0.841913 50115.1 -13.5036
1.65              2773.46 1.4267 9098.32              1.44897 55485.6 -8.25886
1.66              2178.25 4.49383 8208.35              -0.570411 50281.8 -27.7011
1.67              2595.68 -14.7341 8865.12              2.96442 54190.2 89.1248
1.68              2037.25 11.9747 8160.17              -0.138445 50047.7 -67.4378
1.69              2548.27 -2.79267 8966.24              1.51059 54876.2 16.548
1.7              1963.21 0.831519 8107.99              -0.118953 49810.4 -5.47729
1.71              2598.71 -13.6357 9212.31              2.33468 56404.8 78.9631
1.72              2018.72 -6.61832 8336.74              0.391249 51236.4 37.8203
1.73              2522.98 -1.19619 9199.01              2.04709 56388.4 7.12088
1.74              1868.4 -0.886644 8173.49              -0.178904 50335.3 4.21455
1.75              2473.39 -3.03843 9228.87              2.05087 56630.2 18.73
1.76              1663.57 -0.938877 7893.4              -1.12622 48737.4 4.16594
1.77              2388.67 13.6991 9182.43              0.989342 56405.2 -83.1481
1.78              1750.15 -2.42417 8110.64              -1.81503 50080.5 11.2201
1.79              2267.98 -25.3767 9194.68              -1.84601 56502.6 140.004
1.8              1628.12 35.3622 8125.44              4.95989 50162.9 -199.316
1.81              2126.15 -10.7696 8908.96              4.2056 54891 65.6745
1.82              1562.65 -1.0841 7906.87              -0.539029 48968.9 4.91537
1.83              2017.73 6.17868 8899.62              2.51944 54884.5 -36.2784
1.84              1408.32 -0.924183 7722.37              -1.3566 47916.4 2.98274
1.85              1932.9 -0.575289 8841.28              2.5764 54587.5 2.54151
1.86              1334.68 -1.23362 7624.27              -1.85228 47388.7 4.16545
1.87              1918.89 -5.59178 9045.82              3.58673 55828 32.4832
1.88              1289.39 -4.43637 7666.75              -0.714679 47681.6 23.1576
1.89              1725.09 -1.14346 8781.83              2.4811 54305.5 5.69602
1.9              1195.47 -1.14108 7570.66              -1.30336 47155.4 3.18939
1.91              1542.83 0.493658 8544.48              2.26819 52944.6 -4.46607
1.92              1111.65 -2.77569 7510.57              -1.21309 46843 13.3885
1.93              1423.39 0.369307 8497.53              2.29499 52697.3 -3.68916
1.94              1014.36 -1.06445 7440.16              -0.993406 46466.4 2.66166
1.95              1260.79 7.68957 8350.83              1.46987 51848.6 -48.8402
1.96              947.073 -8.12173 7568.02              -3.59662 47230 41.2496
1.97              1146.19 0.415688 8403.51              2.53055 52182.4 -3.86671
1.98              793.989 -56.883 7559.64              -10.5166 47158.9 314.58
1.99              999.859 2.98917 8360.62              3.04339 51947 -18.355
2              642.014 72.4073 7570.51              12.8535 47198.7 -408.976
2.01              820.468 4.33249 8216.94              3.06305 51115.8 -27.2839
2.02              494.376 1.43928 7096.05              -1.40824 44531.1 -13.0662
2.03              633.148 -3.22392 8057.25              2.51914 50171 17.5235
2.04              344.281 -0.0315765 7063.86              -1.00289 44331.9 -4.33628
2.05              428.722 -0.840111 7884.78              2.11002 49158 2.13701
2.06              181.46 2.53416 7031.14              0.267281 44134.6 -19.4243
2.07              224.201 0.121518 7767.31              2.3513 48451.6 -3.76808
2.08              -16.4118 0.728947 6866.28              -0.884247 43164.5 -9.39898
2.09              24.9507 -0.801618 7659.42              2.66421 47804.1 -0.0116157
2.1              -212.236 0.342911 6814.56              -0.634205 42843.5 -7.69819
2.11              -214.549 -0.19322 7526.88              2.39899 46996.6 -2.89391
2.12              -434.15 1.15561 6743.59              -0.135643 42399.7 -12.3708
2.13              -464.152 0.524057 7355.95              2.27735 45962.2 -7.19177
2.14              -675.794 1.1015 6648.22              -0.147648 41809.2 -12.2435
2.15              -714.94 0.81295 7182.76              2.05538 44913.6 -9.18974
2.16              -925.695 1.52779 6563.95              0.135007 41278.6 -14.9126
2.17              -987.387 0.571457 7028.15              2.1088 43965.1 -7.95809
2.18              -1206.87 1.72516 6378.81              0.200447 40151.4 -16.1524
2.19              -1251.46 0.42346 6955.7              2.17586 43489.3 -6.75548
2.2              -1472.42 1.48302 6408.04              0.519421 40268.4 -14.2691
2.21              -1568.51 0.636168 6659.71              1.61401 41705.1 -8.50446
2.22              -1748.44 1.27926 6420.14              0.903701 40281.3 -12.7416
2.23              -1844.55 -0.106678 6715.98              1.89801 41967.5 -3.7069
2.24              -2046.68 0.272019 6424.77              1.09879 40240.5 -6.31908
2.25              -2187.28 -0.473979 6442.39              1.16908 40307.4 -1.79937
2.26              -2309.4 -0.678352 6629.38              1.75564 41362 0.200852
2.27              -2495.92 -0.555746 6492.08              1.41669 40526.3 -0.398366
2.28              -2671.87 -6.66649 6303.09              1.02167 39396.2 36.0502
2.29              -2881.69 -1.60397 6121.56              0.686011 38302.2 6.29884
2.3              -3081.17 -0.761795 5961.99              0.565952 37338.1 1.14889
2.31              -3275.09 0.109553 5816.78              0.748003 36452.3 -3.96358
2.32              -3460.93 -0.950116 5670.61              0.384893 35565.7 2.37089
2.33              -3626.57 9.38171 5607.12              -1.49304 35202.1 -60.7484
2.34              -3831.42 4.01194 5451.85              -0.251324 34236.1 -27.6001
2.35              -4021.89 2.12459 5330.91              -0.176359 33480.3 -16.1296
2.36              -4201.49 0.209523 5193.42              -0.219663 32643.5 -4.16516
2.37              -4382.61 23.3249 5164.21              4.83058 32410 -133.151
2.38              -4558.56 5.38643 4978.29              1.03865 31308.8 -32.9004
2.39              -4710.26 -16.9907 4968.49              -3.45936 31199.9 92.9845
2.4              -4870.13 -5.27373 4777.9              -1.76061 30067.3 26.9624
2.41              -4995.29 -2.48925 4727.17              -0.924397 29741.9 11.9207
2.42              -5098.18 -9.89301 4691.6              0.85057 29516.6 57.7436
2.43              -5203.69 -4.34443 4681.9              0.148542 29415 24.6407
2.44              -5315.75 -2.64666 4618.7              0.184428 29014.3 14.3998
2.45              -5431.64 -1.97486 4481.86              0.0903083 28186.1 10.3133
2.46              -5509.13 -1.88246 4424.41              0.133977 27818.2 9.84979
2.47              -5581.06 -2.40435 4400.95              0.24299 27652.2 13.2071
2.48              -5670.59 -2.30215 4337.86              0.277931 27257.8 12.6234
2.49              -5740.99 -2.44589 4275.47              0.392922 26863.3 13.4594
2.5              -5824.97 0.332045 4144.72              0.402105 26074.9 -3.24644
2.51              -5860.39 -0.694521 4151.85              0.564355 26088.3 3.20742
2.52              -5940.79 -2.4591 4045.73              0.69736 25440.3 12.9665
2.53              -5998.52 -2.41974 4003.44              0.535851 25165.9 13.6237
2.54              -6054.63 -3.31465 3955.77              0.77311 24858.2 18.7706
2.55              -6116.91 -2.83314 3903.03              1.07502 24523.1 16.1293
2.56              -6166.72 -0.0881736 3880.81              0.483515 24368.9 -0.497817
2.57              -6241.31 13.9693 3836.89              3.91317 24061.8 -77.765
2.58              -6302.71 -11.0769 3769.34              -1.19965 23638.9 61.3929
2.59              -6359.91 -5.69996 3662              0.120196 22999.1 32.0036
2.6              -6397.03 -5.90179 3627.59              0.970093 22771.2 34.324
2.61              -6445.7 -5.48284 3585.28              1.23186 22498.4 32.3121
2.62              -6514.82 -4.53272 3483.49              1.18134 21874 26.733
2.63              -6575.38 -3.69537 3405.9              1.20727 21392.1 21.8494
2.64              -6626.9 -3.95829 3323.41              1.21388 20877 23.4588
2.65              -6667.17 -8.35703 3339.81              1.64919 20940.5 48.642
2.66              -6728.74 -1.62125 3168.42              1.01825 19912.7 10.6829
2.67              -6757.45 -4.1466 3119.5              1.46647 19590 24.4138
2.68              -6832.95 1.07276 3034.65              1.01954 19061.1 -4.3141
2.69              -6837.88 -3.73261 2997.3              1.56158 18806 22.5617
2.7              -6903.9 -5.46944 2899.69              1.63812 18196.3 33.2378
2.71              -6920.57 8.32258 2900.1              3.06396 18161.6 -44.5825
2.72              -6946.49 -7.74045 2845.97              -0.271422 17813.8 44.0423
2.73              -6970.15 -2.04846 2751.7              0.402196 17237.7 11.882
2.74              -6951.65 -5.1403 2748.26              1.36416 17195.6 31.3436
2.75              -6981.73 -4.65425 2651.31              1.284 16598.1 28.7223
2.76              -6985.27 -3.6093 2596.1              1.33614 16246.1 22.4909
2.77              -7014.17 -2.61307 2487.91              1.23463 15581.6 16.7238
2.78              -7004.52 -10.9694 2498.3              1.73507 15611.6 64.2192
2.79              -6967.88 -1.51101 2410.23              1.06268 15070.4 11.248
2.8              -6941.53 -3.98588 2369.46              1.33762 14803.1 24.3927
2.81              -6964.94 5.06061 2276.7              0.908108 14228.4 -25.039
2.82              -6937.19 -6.69327 2190.62              1.77981 13696.4 41.6918
2.83              -6880.95 -0.564934 2188.19              0.672674 13661.3 5.45732
2.84              -6825.6 -0.623081 2198.69              1.1571 13686.5 5.644
2.85              -6760.92 -3.25037 2163.54              1.06648 13473.3 21.0973
2.86              -6712.01 4.26726 2097.22              0.474512 13061.4 -23.5087
2.87              -6638.12 -2.94029 2085.33              1.13413 12975.2 19.6736
2.88              -6591.39 -1.80802 2012.11              1.09113 12526 12.8719
2.89              -6531.74 -0.76628 1961.03              0.993014 12206.8 6.94627
2.9              -6561.16 -10.4439 1791.54              1.34541 11191.8 60.6398
2.91              -6411.7 0.581769 1802.37              0.607948 11236 -0.0694487
2.92              -6366.78 -1.191 1709.74              0.880773 10675.1 8.68252
2.93              -6314.3 7.10324 1646.6              0.582014 10286.9 -36.6956
2.94              -6250.39 -3.57619 1546.32              0.82685 9682.14 23.6588
2.95              -5920.16 0.432869 1896.58              0.728673 11729.5 0.112929
2.96              -5999.81 1.78205 1580.42              0.423646 9864.99 -8.32446
2.97              -5975.47 5.99413 1429.81              -0.0956516 8969.41 -33.4444
2.98              -5878.54 1.81246 1391.86              0.360906 8739.13 -8.59089
2.99              -5836.53 2.09068 1262.5              0.0690396 7970.93 -10.2874
3              -5753.89 3.26793 1184.87              0.000731101 7508.07 -17.2413
3.01              -5583.22 2.90307 1238.38              0.235319 7814.23 -15.1037
3.02              -5445.31 2.13578 1248.05              0.494797 7864.41 -11.3705
3.03              -5176.49 1.0539 1449.75              0.73242 9032.66 -4.27414
3.04              -4799.83 -2.78297 1798.85              1.63563 11071.3 17.1833
3.05              -4669.98 -1.34932 1787.54              1.11891 11006.1 10.0025
3.06              -4473.84 3.58482 1892.03              0.783578 11618.7 -17.0962
3.07              -4208.36 -3.54873 2048.86              0.393689 12545.5 22.2656
3.08              -4105.19 0.520333 1982.72              1.85493 12162.9 0.0810111
3.09              -4006.2 -0.176432 1923.92              1.39564 11820.2 3.59062
3.1              -3797.21 0.479119 2020.42              1.45418 12383.9 -0.511047
3.11              -3625.88 0.40948 2061.18              1.2818 12624.8 0.000843443
3.12              -3488.01 0.891463 2054.28              1.12407 12588.9 -2.98505
3.13              -3317.99 1.43186 2100.3              1.13443 12858.3 -6.23421
3.14              -3166.12 0.199025 2129.84              1.2354 13035.7 0.25219
3.15              -2977.79 -1.28502 2221.09              1.38422 13565.8 7.94617
3.16              -2760.38 1.73552 2333.93              1.24291 14200.5 -8.12036
3.17              -2661.29 0.11574 2312.45              1.40187 14077.8 0.0500084
3.18              -2609.07 6.72308 2226.55              0.80156 13588.4 -35.1727
3.19              -2427.19 4.10127 2304.25              0.376718 14046.4 -21.7589
3.2              -2312.2 4.62288 2261.19              0.560933 13825.4 -25.3343
3.21              -2168.12 11.3746 2339.96              2.9094 14275.6 -60.1431
3.22              -2043.21 -3.68817 2312.85              -1.32462 14163.5 18.7476
3.23              -1778.18 -0.739895 2510.24              -0.825316 15331.3 4.33015
3.24              -1595.85 5.15015 2629.72              -0.503971 16032.6 -28.7467
3.25              -1462.86 -0.513677 2710.75              -0.0631964 16508.5 4.74641
3.26              -1370.71 -0.426039 2752.33              -0.474036 16745.3 4.54983
3.27              -1349.17 0.241467 2707.56              -1.02318 16481.2 1.15062
3.28              -1269.17 1.58007 2775.1              0.0100551 16842 -8.70245
3.29              -1217.78 1.4613 2838.03              1.00615 17155.8 -10.631
3.3              -1252.47 -1.9414 2763.13              0.848418 16686.3 6.93294
3.31              -1113.28 4.17862 2919.85              0.6524 17509 -25.4408
3.32              -1057.03 3.45733 2955.66              0.763368 17673.1 -21.1657
3.33              -1008.39 3.59054 2981.56              0.826521 17772.9 -21.6397
3.34              -1036.32 10.0668 2886.68              0.0157978 17213.8 -55.4155
3.35              -903.02 2.14925 2975.09              1.41313 17690.4 -13.833
3.36              -836.957 -1.24385 3006.81              0.952597 17837.8 5.49246
3.37              -769.063 1.37316 2953.38              0.854866 17549.6 -9.998
3.38              -775.183 3.3845 2852.82              0.289876 16967.5 -21.0711
3.39              -608.353 15.601 3101.61              4.82788 18310.2 -83.4386
3.4              -493.543 -8.66592 3183.43              -2.51886 18753.3 41.82
3.41              -382.046 -0.392295 3234.9              0.235408 19037.5 -0.315473
3.42              -290.83 -2.846 3271.98              -1.17008 19228.4 11.9531
3.43              -204.744 6.96301 3284.43              -0.0823654 19287.6 -43.1494
3.44              -87.5033 0.288444 3358.06              1.16837 19699 -4.81567
3.45              6.74607 0.355504 3381.19              0.949571 19824.9 -4.83297
3.46              107.074 1.05178 3406.03              1.38185 19963.5 -9.22425
3.47              193.5 1.05952 3396.94              1.43648 19913.8 -9.3908
3.48              302.129 1.78836 3429.29              1.39147 20094.6 -13.5586
3.49              408.383 2.51101 3456.94              1.64843 20249.7 -18.2013
3.5              512.434 2.96329 3474.59              1.77094 20351.6 -20.9283
3.51              621.618 4.25883 3510.9              1.78447 20550.7 -28.3427
3.52              746.307 2.91413 3571.16              1.39672 20882.8 -20.4705
3.53              875.819 3.09653 3665.35              1.29572 21391.2 -21.5847
3.54              974.383 2.59597 3672.29              0.465623 21430.8 -17.8201
3.55              1089.46 2.32822 3738.37              -0.169776 21789.6 -15.4326
3.56              1176.37 2.70909 3711.76              -0.493298 21648.2 -17.4049
3.57              1247.17 0.887455 3666.28              -0.648946 21401.9 -7.22625
3.58              1371.44 2.39243 3733.84              -1.08222 21765.5 -14.2755
3.59              1477.23 2.30879 3795.03              -1.24455 22085.9 -13.2221
3.6              1594.15 1.89414 3906.8              -1.23865 22668 -10.3299
3.61              1655.63 2.3422 3801.1              -1.1158 22103.1 -13.0045
3.62              1729.4 3.65742 3768.23              -1.36609 21925.4 -20.7971
3.63              1827.05 2.44816 3832.05              -1.11873 22251.2 -13.5927
3.64              1919.97 2.1986 3910.41              -0.844896 22652.9 -11.6076
3.65              2011.79 2.09456 3976.17              -0.683808 22984.5 -10.752
3.66              2098.91 2.66732 4041.1              -0.634607 23312.2 -13.997
3.67              2169.32 2.29177 4044.23              -0.43831 23318.5 -11.7591
3.68              2241.83 2.47303 4060.94              -0.281815 23395.1 -12.3879
3.69              2321.5 2.40485 4173.7              -0.0730433 23975.7 -11.9869
3.7              2392.46 1.80084 4271.68              0.141712 24480.8 -8.73248
3.71              2472.91 2.18959 4334.26              0.237446 24800.6 -10.5244
3.72              2539.56 2.13163 4340.62              0.348165 24827.4 -10.1445
3.73              2615.62 2.02604 4400.28              0.570213 25136.7 -9.39414
3.74              2689.07 3.07333 4458.5              0.530941 25440.4 -15.546
3.75              2758.72 2.02716 4503.84              0.920164 25678.1 -9.39348
3.76              2821.31 2.58951 4500.3              0.809064 25656.6 -12.6913
3.77              2891.67 1.3902 4539.54              1.29361 25865.1 -5.45971
3.78              2962.08 1.78845 4581.72              1.39757 26093.4 -7.61012
3.79              3020.26 2.81486 4622.96              1.34903 26315.5 -13.6316
3.8              3095.54 1.79106 4680.09              1.78607 26621.4 -7.23586
3.81              3149.88 3.1719 4683.55              1.82145 26646 -15.1697
3.82              3204.57 2.83303 4709.58              1.89821 26792.5 -12.9929
3.83              3263.61 2.70673 4741.12              2.11615 26970.8 -12.2302
3.84              3318.04 -2.71202 4761.07              2.54919 27097.7 19.5493
3.85              3351.81 2.4918 4743.64              2.22448 27004.5 -10.5061
3.86              3415.54 8.13447 4799.82              4.37859 27323.6 -40.9011
3.87              3462.44 40.3552 4728.24              12.6844 26969.8 -207.849
3.88              3497.67 4.37489 4903              3.19817 27914.6 -19.8456
3.89              3537.13 -39.4495 4772.46              -8.60277 27257.2 209.562
3.9              3567.26 1.24938 4944.97              3.13989 28169.6 -5.34513
3.91              3636.16 6.95175 5026.66              4.12171 28654.6 -35.7869
3.92              3656.02 4.55965 5068.55              4.27171 28887.6 -22.1338
3.93              3701.81 -1.72524 5111.39              4.62175 29122.1 15.3142
3.94              3727.44 2.2647 5183.16              5.09007 29557.1 -8.48727
3.95              3756.75 1.30727 5197.31              5.62042 29662.4 -4.83862
3.96              3786.2 4.3621 5254.5              5.66541 30023.7 -20.4173
3.97              3858.8 12.6095 5345.03              5.70474 30564.8 -66.626
3.98              3904.25 7.40066 5474.44              5.93398 31320.5 -37.6182
3.99              3928.77 4.38396 5556.99              5.95033 31820.2 -20.7479
4              3980.16 1.93178 5650.37              5.83968 32385.6 -6.77462
4.01              4003.03 2.67952 5725.26              5.60268 32853.6 -11.2952
4.02              4014.89 2.21786 5785.9              5.1094 33245.8 -8.86696
4.03              4068.16 0.325886 5859.39              4.52748 33704.7 2.13389
4.04              4116.65 -2.21047 5956.86              5.11875 34304.1 18.5384
4.05              4156.6 24.9455 5961.9              9.77559 34420.5 -126.268
4.06              4181.56 -33.8497 6037.9              -5.29536 34906.4 187.184
4.07              4222.58 -8.4859 6223.06              0.324337 35962.3 52.0489
4.08              4296.25 -8.21622 6343.37              0.399029 36688 51.6115
4.09              4263.84 -8.91332 6311.68              -1.10164 36532.2 55.5509
4.1              4313.28 -15.8835 6456.39              -1.71655 37423.8 95.4758
4.11              4265.78 -10.9185 6427.18              -2.26657 37304.7 66.5225
4.12              4212.31 -2.60448 6293.31              -3.20698 36611.9 22.8555
4.13              4273.17 -6.7952 6533.22              -2.74793 38021.5 45.7348
4.14              4282.35 -8.02575 6617.5              -2.66449 38547.8 52.5198
4.15              4296.08 -8.16762 6704.98              -2.24698 39095.5 53.6199
4.16              4314.22 -7.47057 6802.73              -1.6818 39701.2 49.5585
4.17              4359.55 -6.40179 6939.12              -0.807559 40530.1 43.5906
4.18              4376.62 0.454884 7006.58              -0.0518361 40959.3 3.73926
4.19              4434.81 10.9107 7131.56              4.44187 41743.8 -52.1295
4.2              4341.26 -9.20544 7031.49              -0.938609 41229.3 54.4455
4.21              4421 -4.057 7248.39              2.74479 42493.3 28.8394
4.22              4391.01 0.16046 7235.16              2.91573 42449.6 4.22582
4.23              4396.09 4.69588 7374.66              3.44797 43314.6 -19.8069
4.24              4529.68 2.87469 7602.27              4.39368 44682.5 -12.3989
4.25              4441.42 2.57316 7538.53              4.0552 44371.8 -10.3665
4.26              4553.05 3.35798 7804.64              4.70809 45968.6 -15.0143
4.27              4349.7 6.31029 7548.22              3.77119 44561.8 -32.029
4.28              4489.5 4.13511 7848.76              4.31197 46353.5 -19.147
4.29              4240.77 6.2036 7503.41              3.03884 44429.7 -31.8792
4.3              4545.76 11.7171 8061.75              3.06566 47703.3 -64.2393
4.31              4382.42 4.81271 7891.48              2.99955 46802.6 -25.3521
4.32              4495.15 8.51991 8160.05              3.85749 48420.8 -44.8588
4.33              4326.27 0.209152 7937.83              2.73996 47195.9 2.62208
4.34              4368.76 2.79561 8074.69              2.8646 48047.3 -12.8244
4.35              4465.21 8.61166 8341.86              2.98707 49657.2 -45.0793
4.36              4272.83 6.28502 8073.43              2.2808 48188.6 -34.1167
4.37              4444.07 -5.30925 8512.33              3.29126 50793.4 31.7593
4.38              4258.19 2.73993 8266.1              1.9846 49440.8 -13.5263
4.39              4430.88 3.74312 8653.59              2.66007 51764 -19.2794
4.4              4017.98 3.55256 8041.29              1.00034 48276.7 -18.7681
4.41              4504.44 2.95863 8951.13              3.052 53639.2 -15.2572
4.42              3948.9 12.8807 8105.79              -0.823184 48781.6 -75.334
4.43              4557.34 -12.0855 9274.64              0.46395 55639.1 64.9535
4.44              3845.46 28.3773 8206.1              3.87872 49479.4 -158.664
4.45              4517.05 -4.70736 9312.39              5.75353 55996.8 30.7683
4.46              3710.4 15.7574 8102.99              1.07557 49012.8 -87.9748
4.47              4518.56 1.53104 9491.37              4.53194 57194.8 -8.16231
4.48              3609.35 9.72718 8001.77              1.10539 48577.7 -56.9386
4.49              4541.09 -9.25245 9815.21              5.08836 59225 52.6604
4.5              3805.11 3.37704 8552.44              1.82022 51922.3 -19.2824
4.51              4422.97 3.92162 9767.55              4.22429 59087.7 -21.148
4.52              3753.62 3.69447 8636.79              1.79071 52544.7 -20.9746
4.53              4308.85 4.6945 9748.79              3.97252 59114.5 -26.6357
4.54              3818.51 13.435 8929.65              0.0670878 54370.5 -81.0476
4.55              4247.28 -27.5718 9965.84              -1.60896 60465.8 147.975
4.56              3749.29 43.1072 9174.8              8.02685 55871.8 -240.969
4.57              3991.5 0.386282 9522.28              5.56428 58012.2 -0.952034
4.58              3771.83 7.5781 9182.05              3.14388 56087 -45.3372
4.59              3777.99 13.9353 9336.3              2.44653 57061 -81.1175
4.6              3795.6 5.84151 9408.4              3.40185 57539.8 -36.043
4.61              3836.55 6.03328 9585.54              2.77056 58639.3 -37.6816
4.62              3785.11 -3.24368 9625.35              3.11301 58922.2 15.7794
4.63              3949.13 1.87165 10043.4              3.12453 61428.3 -13.2406
4.64              3658.63 4.35404 9484.74              1.90203 58208.7 -28.7961
4.65              3798.62 1.29063 9885.22              2.25704 60612.4 -10.0169
4.66              3601.19 3.08824 9512.4              1.55917 58478.7 -21.6956
4.67              3676.94 9.96666 9768.83              0.813796 60024 -63.4808
4.68              3565.42 -1.32607 9603.49              -0.0304612 59105.3 2.35361
4.69              3700.59 -43.7979 10165.9              -5.21054 62409.6 237.415
4.7              3432.88 53.2743 9671.62              9.40109 59516.2 -300.919
4.71              3608.72 6.99681 9963.27              2.75445 61356.8 -44.0766
4.72              3349.5 -0.741296 9381.51              1.96833 57944.9 0.715789
4.73              3516.79 3.21463 9903.48              2.69283 61065.2 -22.7773
4.74              3304.72 4.58204 9440.77              0.741582 58377.8 -31.8367
4.75              3404.44 2.22563 9777.33              1.81987 60389.2 -17.7763
4.76              3262.9 2.40771 9456.84              0.878805 58531.7 -19.5144
4.77              3329.43 -1.03186 9753.21              1.48575 60307 1.5574
4.78              3220.55 -0.332559 9504.09              1.01105 58867 -3.16212
4.79              3293.45 0.341087 9857.1              1.64955 60966 -6.40024
4.8              3082.27 1.3179 9256.32              0.0504113 57462.4 -13.5337
4.81              3149.14 0.673453 9600.29              1.1869 59512.2 -8.74067
4.82              2982.75 -0.192848 9139.42              -0.107084 56828 -4.47854
4.83              3051.01 0.219675 9541.74              1.19742 59211.4 -5.76117
4.84              2885.53 -0.201726 9066.53              -0.258947 56442.9 -4.46959
4.85              2945.34 0.09572 9524.21              1.31498 59143.6 -4.91808
4.86              2749.3 2.55951 8950.66              -1.41217 55783.1 -22.0105
4.87              2875.55 -8.71055 9789.39              0.0219484 60715.8 45.9331
4.88              2598.46 -2.58798 8769.61              -1.44342 54760.5 8.88756
4.89              2708.49 -63.2008 9843.06              -6.63331 61002 349.474
4.9              2435.75 74.3991 9004.38              11.6624 56056.4 -418.673
4.91              2523.28 3.99487 9529.28              2.70629 59239.1 -25.4412
4.92              2243.67 0.877396 8474.99              -1.59437 53065.8 -10.0055
4.93              2316.75 -2.12737 9293.41              1.57487 57886.2 9.87575
4.94              2065.03 -2.73317 8395.25              -1.35412 52605.7 12.0767
4.95              2085.29 -3.5363 9131.29              1.20493 56922.6 18.1873
4.96              1842.67 0.474515 8276.92              -0.781191 51917.4 -6.88708
4.97              1854.11 -4.12706 9054.18              1.2876 56467.5 22.3584
4.98              1594.26 -2.90025 8059.73              -2.11511 50642.5 12.9851
4.99              1612.09 -5.47618 8947.82              1.65016 55835 29.0782
5              1325.28 -3.64596 7828.44              -2.60954 49279.6 17.0449
5.01              1324.86 -6.32511 8827.85              1.24239 55112 35.8164
5.02              1031.25 -3.82912 7603.04              -2.92651 47940.7 18.6124
5.03              1043.05 -5.99163 8719.43              1.74446 54451.1 34.9196
5.04              724.697 -3.81414 7397.01              -3.13189 46709.4 18.7965
5.05              749.061 -6.96625 8636.37              1.72883 53937.9 40.9493
5.06              402.76 -3.71984 7172.84              -3.41939 45372 17.9797
5.07              436.349 -6.99491 8491.01              1.93363 53051.8 41.141
5.08              82.3834 -3.60409 6997.48              -3.3458 44309.2 17.1482
5.09              109.998 -6.62419 8324.3              1.95302 52039.3 38.7771
5.1              -233.013 -2.85953 6932.42              -3.06189 43890.5 12.4113
5.11              -228.975 -5.57221 8089.52              1.86655 50623 31.4354
5.12              -568.49 -2.54978 6811.21              -2.60189 43138 9.7981
5.13              -575.993 -4.27569 7809.16              1.6533 48940 22.6193
5.14              -881.817 -2.79732 6884.51              -1.45115 43515.1 11.2198
5.15              -960.906 -5.86009 7488.12              0.9451 47009.4 30.7014
5.16              -1227.69 -3.05467 6823.5              -0.960247 43105.8 12.7135
5.17              -1326.31 -4.23222 7237.4              0.932278 45492.5 21.064
5.18              -1525.02 -16.9937 6720.56              -0.585998 42456.2 94.3953
5.19              -1675.88 -4.31229 7095.5              0.47534 44601.7 22.5494
5.2              -1902.54 -2.93381 6591.3              -1.07151 41627.6 12.2249
5.21              -2003.58 -3.73135 7054.41              0.860247 44294 18.4321
5.22              -2234.59 -4.31813 6476.46              -1.86116 40883.7 20.0712
5.23              -2344.59 -5.97887 6784.18              -0.0944204 42648.5 31.2432
5.24              -2475.53 16.6527 6564.37              -3.22207 41374.5 -107.35
5.25              -2619.86 -1.82421 6900.9              0.580469 43239.1 6.18075
5.26              -2911.03 -4.30323 6000.3              -1.89833 37961.8 18.7791
5.27              -2879.77 -30.3463 6907              -2.55817 43243.7 167.116
5.28              -3213.35 -7.88138 5833.14              -3.09216 36912.6 37.3021
5.29              -3128.43 12.1337 7029.47              3.36217 43857.6 -68.8396
5.3              -3395.31 2.35833 6253.68              -1.01398 39286.3 -19.3865
5.31              -3401.91 1.93324 6894.49              1.7296 42976.1 -14.4285
5.32              -3539.07 -14.8665 6654.99              1.58969 41549.8 86.8973
5.33              -3614.71 -2.54603 7043.3              0.565838 43754 13.1531
5.34              -3841.45 -1.063 6412.52              -1.30976 40034.4 2.42661
5.35              -3850.3 1.11067 6953.28              0.464352 43147 -9.08122
5.36              -4060.74 -0.520955 6450.3              -1.16312 40178.7 -0.18463
5.37              -4065.42 -2.58709 6865.05              -0.0121309 42555.2 13.5864
5.38              -4241.01 -0.702589 6511.97              -1.01026 40452.5 2.02498
5.39              -4278.3 0.0494436 6748.48              0.0401861 41788.5 -1.45309
5.4              -4342.22 7.28511 6733.76              -1.2528 41676.7 -43.1674
5.41              -4488.28 0.753604 6546.23              -0.335541 40550.1 -5.80956
5.42              -4603.49 -1.76328 6438.89              -0.943083 39868.4 9.07264
5.43              -4713.1 -2.83566 6358.44              -0.601929 39366.7 14.7991
5.44              -4845.07 -5.0083 6123.79              -0.483283 37959.5 28.0211
5.45              -4971.22 -3.51384 5974.24              -0.770871 37035 19.8359
5.46              -5034.15 3.31409 5967.15              -2.2793 36992 -21.035
5.47              -5137.03 -0.113945 5944.26              -1.17948 36790.9 0.0862852
5.48              -5333.34 31.4208 5644.43              5.55936 34966.9 -174.496
5.49              -5436.1 -20.884 5421.72              -4.68686 33630.2 114.692
5.5              -5520.75 -12.1362 5237.45              -1.64102 32543.8 69.1193
5.51              -5573.24 -4.48463 5311.64              0.17749 32949.3 25.9155
5.52              -5650.57 -4.8293 5202.85              -0.463902 32271.3 28.0367
5.53              -5732.88 -3.92878 5105.78              -0.473811 31670.3 23.11
5.54              -5807.9 -4.12397 5033.85              -0.214526 31213.9 24.4503
5.55              -5888.31 -5.55826 4957.73              -0.219538 30736.6 32.8867
5.56              -6009.19 -4.54897 4668.07              -0.525286 29016.1 26.8234
5.57              -6028.11 -3.36317 4689.23              -0.394743 29106 20.6002
5.58              -6084.64 -5.64334 4621.01              -0.0226164 28674.2 32.8968
5.59              -6139.55 -2.03604 4595.92              0.117063 28481.7 13.7731
5.6              -6177.23 -3.29354 4523.83              0.236938 28035.5 20.0925
5.61              -6203.76 -2.44622 4502.4              -0.0404865 27861.9 15.2662
5.62              -6291.62 15.8299 4413.18              4.42939 27295 -85.4719
5.63              -6333.36 -17.9843 4289.79              -2.92006 26538.7 101.391
5.64              -6341.04 -6.1854 4285.04              -0.255287 26505.6 36.4898
5.65              -6304.21 -6.45683 4331.92              0.818131 26741.4 39.2883
5.66              -6348.22 -5.38629 4228.65              0.724004 26112.5 33.2538
5.67              -6369.04 -4.19351 4163.35              0.796247 25698.7 26.2057
5.68              -6387.96 -6.21317 4112.36              1.05941 25365.1 37.6806
5.69              -6462.52 -7.766 3912.73              0.500189 24177.3 46.4846
5.7              -6406.03 -3.58919 3909.08              0.664937 24117.4 22.9308
5.71              -6444.59 2.81789 3846.33              0.358794 23711.1 -12.3517
5.72              -6424.02 -3.62121 3808.56              0.82618 23457.6 23.2693
5.73              -6443.07 -6.67629 3700.31              1.06678 22774.8 41.6032
5.74              -6419.88 13.5988 3740.07              3.65329 22964.6 -71.7246
5.75              -6381.87 -12.5789 3752.72              -1.80288 23001.3 71.854
5.76              -6344.6 -0.173977 3700.55              -0.685307 22677.6 1.55744
5.77              -6283.08 -3.93712 3727.86              0.820471 22813.9 24.919
5.78              -6265.11 -2.13778 3643.88              0.981123 22296.6 14.5415
5.79              -6252.45 0.973706 3537.37              0.46965 21640.6 -4.21169
5.8              -6273.43 -1.7876 3322.96              0.176848 20351.3 10.3946
5.81              -6285.28 -5.83874 3063.42              -0.0724811 18800.5 32.34
5.82              -6131.83 -1.2457 3094.8              0.226682 18930 7.97782
5.83              -6070.14 7.81617 3033.13              0.441551 18530.1 -41.774
5.84              -5941.62 -0.333794 2992.43              1.42576 18258.2 4.01312
5.85              -5845.03 -8.58909 2946.93              1.68884 17950.8 52.9605
5.86              -5728.01 8.89845 2978.22              4.31963 18100.1 -44.3299
5.87              -5588.75 -10.3808 3006.05              -0.603162 18231.3 60.7619
5.88              -5510.2 4.4743 2842.84              0.645356 17278.5 -23.494
5.89              -5411.17 -3.54099 2748.2              1.7055 16725.3 24.1069
5.9              -5376.47 -2.80814 2516.42              1.42654 15377.4 20.1868
5.91              -5347.48 -0.544842 2287.14              1.20666 14042.9 7.02669
5.92              -5279.8 -3.36817 2159.53              1.39629 13292.9 22.3376
5.93              -5257.21 -5.1261 1944.32              0.904025 12040.7 30.9195
5.94              -5099.7 0.00260699 1924.78              0.896974 11918.8 3.19099
5.95              -4986.24 7.28545 1922.79              0.57463 11891 -36.297
5.96              -4765.82 3.34599 2065.3              1.0868 12690 -15.1464
5.97              -4555.63 2.68223 2208.91              1.2457 13495.6 -10.9288
5.98              -4406.73 -4.0801 2166.92              -0.836385 13261.9 24.5506
5.99              -4263.15 6.96488 2168.66              3.08611 13261.5 -33.7968
6              -4145.8 4.87882 2122.44              2.06335 12985.3 -23.6344
6.01              -3858.46 3.69829 2446.9              2.03725 14820.5 -17.2286
6.02              -3494.77 0.313152 2920.98              2.9012 17515.9 3.08287
6.03              -3299.27 -0.107468 3013.5              2.70276 18040.6 5.36265
6.04              -3162.42 0.458784 2999.57              2.38756 17958.2 1.87394
6.05              -3060.87 -1.24352 2928.38              2.30348 17552 10.6592
6.06              -2851.49 0.584646 3001.86              2.0014 17964.8 0.49733
6.07              -2756.97 -0.849912 2933.13              1.77309 17573.7 7.5081
6.08              -2672.41 5.24238 2865.29              1.4187 17189 -25.2583
6.09              -2561.01 3.45427 2800              1.37756 16821.7 -16.3137
6.1              -2380.46 4.69213 2875.96              0.622929 17267.3 -22.471
6.11              -2264.88 7.21787 2832.87              0.465514 17034.6 -35.9474
6.12              -2062.83 2.79489 2933.56              -0.364292 17628.4 -11.3129
6.13              -1779.17 0.460065 3191.26              -0.123224 19117.2 2.86268
6.14              -1566.37 2.82119 3309.6              -0.229783 19812.7 -10.612
6.15              -1411.38 0.828697 3343.85              0.0892013 20031.3 0.22641
6.16              -1287.48 1.6301 3351.39              0.224059 20088.1 -5.71567
6.17              -1216.01 3.09566 3287.3              0.179191 19734.8 -15.2601
6.18              -1094.1 4.52535 3340.05              0.544873 20034.6 -24.5949
6.19              -997.229 5.24182 3378.45              1.01684 20241.6 -30.2299
6.2              -1019.66 -0.428771 3270.49              0.808545 19617.6 -0.177991
6.21              -848.978 8.36932 3396.36              1.54299 20304.4 -49.6255
6.22              -802.515 8.62744 3446.58              2.06121 20545.9 -52.1089
6.23              -736.399 7.7551 3482.16              2.28348 20715.6 -47.3841
6.24              -735.042 13.4502 3455.81              1.88069 20529.4 -77.159
6.25              -777.236 7.85702 3278.25              2.0127 19504.2 -47.817
6.26              -653.345 7.5379 3418.61              2.52615 20264.6 -45.3898
6.27              -524.658 3.02566 3544.05              2.74926 20945.9 -19.9817
6.28              -439.762 6.67376 3611.24              2.53832 21295.2 -40.5321
6.29              -497.382 11.5328 3451.59              4.11124 20369.7 -66.3544
6.3              -294.067 1.95528 3708.45              1.62326 21785.5 -15.474
6.31              -203.405 4.51551 3762.3              2.91192 22072 -28.8253
6.32              -145.406 3.29113 3771.61              1.79739 22103.6 -22.9045
6.33              -128.843 10.4863 3702.82              2.51613 21702.2 -63.8262
6.34              -24.763 3.72077 3784.79              3.71444 22154.5 -24.7213
6.35              34.5622 3.41402 3789.48              3.66814 22171.8 -22.7553
6.36              111.788 3.44938 3822.05              3.79813 22341.6 -22.9759
6.37              174.159 2.59141 3824.38              3.96181 22345.7 -18.0007
6.38              251.274 3.01886 3852.61              4.37638 22495.3 -21.0434
6.39              329.034 4.29088 3873.25              4.77492 22603.6 -29.1171
6.4              378.378 4.26728 3838.99              5.10572 22417.6 -29.3104
6.41              481.777 4.48235 3895.87              5.22915 22733.1 -30.7459
6.42              574.565 6.52087 3942.17              5.35506 22985.3 -42.9279
6.43              667.711 5.44518 3979.41              5.0014 23189.5 -36.7599
6.44              762.078 5.94619 4021.37              4.74739 23417.7 -39.9408
6.45              852.579 6.68155 4048.32              4.78324 23565.3 -44.3968
6.46              958.943 7.53899 4110.01              5.13065 23899 -49.7888
6.47              1050.09 7.8051 4142.76              4.95029 24076.6 -51.233
6.48              1092.34 6.62327 4080.03              5.00298 23737.7 -45.7193
6.49              1205.17 8.58173 4115.65              4.54534 23939.3 -55.2247
6.5              1284.97 9.73302 4097.97              4.17341 23849.5 -61.9574
6.51              1371.51 9.84755 4106.41              4.00734 23897.5 -62.7533
6.52              1466.83 8.4645 4150.75              3.73149 24131.4 -53.3319
6.53              1563.3 8.20905 4201.43              3.12819 24400.3 -51.5156
6.54              1654.32 7.83199 4246.41              3.26469 24636.5 -49.0457
6.55              1735.42 7.75502 4254.06              2.94043 24674.3 -48.0062
6.56              1812.39 6.79345 4254.21              2.25077 24674.7 -40.995
6.57              1892.08 7.20715 4272.72              1.70584 24764.1 -42.9117
6.58              1971.06 4.90653 4328.1              2.21062 25048.3 -28.2763
6.59              2043.02 5.55267 4365.36              1.5126 25236.3 -31.9428
6.6              2108.35 4.31306 4389.83              1.25673 25355 -24.2701
6.61              2193.99 4.67059 4488.22              1.13389 25863.6 -26.1171
6.62              2262.89 4.14379 4530.16              1.07493 26076.3 -22.7242
6.63              2317.56 4.59103 4546.17              0.528897 26149.1 -25.0502
6.64              2372.59 2.82819 4565.24              1.46645 26237.4 -12.5076
6.65              2422.95 3.4765 4584.2              1.26602 26329.2 -16.6018
6.66              2477.71 3.19283 4605.13              0.973642 26426.7 -14.6956
6.67              2540.74 2.6351 4674.62              1.03483 26786.2 -11.3615
6.68              2593.25 2.77967 4679.12              0.897856 26802.5 -12.3276
6.69              2641.48 2.48158 4701.36              0.907329 26913.4 -10.5123
6.7              2692.6 2.73985 4721.17              0.982696 27010.3 -12.0258
6.71              2732.74 2.86242 4724.82              1.17022 27022 -12.5009
6.72              2768.06 2.15663 4722.6              1.11401 27001.6 -7.86331
6.73              2838.14 0.467814 4834.22              1.7042 27599.8 2.23102
6.74              2855.01 1.52959 4776.44              1.34142 27282.2 -3.88108
6.75              2910.67 -5.29836 4819.19              2.06207 27518.8 35.6957
6.76              2950.31 2.60066 4853.32              3.54925 27698.2 -7.50621
6.77              2982.75 -0.0665324 4843.38              2.0734 27643.7 5.91399
6.78              3034.16 31.8356 4783.25              11.1095 27344.6 -160.541
6.79              3048.37 -37.4228 4698.68              -8.06953 26896.7 202.672
6.8              3045.06 -4.86015 4807.18              2.33918 27436.3 32.7702
6.81              3114.85 6.84353 4875.21              3.20477 27833.8 -33.7248
6.82              3100.75 -2.49705 4830.6              3.18751 27570.3 20.5204
6.83              3094.74 -1.09795 4798.67              3.64877 27364.1 12.578
6.84              3180.78 -11.5304 4914.05              4.24209 28030.8 72.1489
6.85              3164.83 -6.90131 4883.65              4.3888 27873.5 43.4099
6.86              3128.5 -2.99097 4800.4              4.81144 27419 23.2446
6.87              3143.1 -2.53514 4821.98              5.28552 27561.9 20.9771
6.88              3237.05 9.76285 4909.29              5.7148 28068.8 -46.8607
6.89              3240.19 -0.322433 5011.22              6.39443 28650.2 8.44437
6.9              3246.79 -3.86994 5036.05              6.88353 28808.7 28.8541
6.91              3252.01 -2.48389 5062.76              7.185 28980.4 20.4129
6.92              3263.74 -2.58858 5103.06              8.05249 29230.7 21.0531
6.93              3268.97 -3.86776 5135.49              8.3349 29442.9 28.2433
6.94              3288.97 -8.42712 5198.08              8.64803 29828.8 54.8366
6.95              3321.32 0.399296 5263.14              10.2341 30235.9 3.65274
6.96              3336.8 19.8694 5247.06              16.3618 30212.4 -97.6977
6.97              3356.43 -30.936 5286.87              2.52267 30478.6 171.668
6.98              3378.92 -7.39764 5441.97              10.2643 31360.7 45.0952
6.99              3366.31 -8.06572 5492.19              9.73074 31679.8 49.6028
7              3403.79 -12.7423 5569.76              9.4119 32148.5 75.6987
7.01              3381.55 -10.7239 5542.95              8.93303 32048.9 63.102
7.02              3399.23 -7.75073 5619.25              8.01651 32538 46.7646
7.03              3499.67 -2.34784 5774.41              6.95458 33476.8 18.9225
7.04              3515.22 -9.96846 5912.57              5.96411 34317.9 60.9013
7.05              3514.36 -12.6072 5920.66              4.72474 34413.7 76.4698
7.06              3464.31 -12.2493 5914.3              3.27152 34436.5 74.5609
7.07              3473.67 -13.9658 5934.59              2.06168 34596.6 85.0828
7.08              3409.99 -13.8189 5901.16              0.893545 34465.4 85.1632
7.09              3423.2 1.64423 5913.68              4.20531 34606.5 2.68494
7.1              3450.83 -28.1489 6015.69              -3.02068 35245.2 165.056
7.11              3457.53 -18.0646 6101.48              -1.10032 35747.6 112.009
7.12              3423.19 -16.5277 6146.16              -1.75425 36050.2 103.65
7.13              3488.79 -12.9507 6337.98              -1.90351 37181.2 84.9365
7.14              3358.17 -15.3688 6152.09              -1.55052 36156.4 94.9957
7.15              3605.16 -14.8707 6619.73              -0.301959 38901.9 92.8953
7.16              3445.82 -15.1507 6453.51              -0.122667 37987.3 93.3299
7.17              3631.36 -11.3481 6830.28              1.5091 40208.5 71.9436
7.18              3313.5 -6.42585 6359.2              1.19898 37536.3 42.5585
7.19              3610.48 -7.35851 6934.19              2.99829 40909.9 47.903
7.2              3259.03 5.29302 6390.95              1.65233 37811.9 -27.1751
7.21              3698.75 -2.1988 7209.53              5.00098 42615.4 16.9912
7.22              3354 0.744397 6700.21              4.24381 39717.7 -1.75787
7.23              3492.08 -3.80788 6973.73              4.93105 41356.2 26.7231
7.24              3413.87 1.42303 6928.67              4.42164 41152.1 -4.78322
7.25              3359 8.92271 6929.12              4.15128 41195.4 -45.6355
7.26              3433.31 0.0529805 7095.24              5.24303 42224.4 2.25995
7.27              3228.86 -1.21376 6839.5              3.75467 40798.4 8.64262
7.28              3465.81 -0.929317 7330.18              4.72872 43721.6 7.55181
7.29              3189.09 4.73538 6909.11              3.28821 41328.2 -25.4318
7.3              3399.44 2.78116 7354.48              4.019 43989.8 -13.7389
7.31              3189.88 3.85138 7080.04              3.06734 42457.1 -20.5236
7.32              3334.28 16.9284 7396.92              2.16016 44353.5 -98.8124
7.33              3287.86 -11.866 7457.75              -0.12901 44760.2 64.0475
7.34              3398.95 24.0262 7762.28              7.43897 46587.7 -132.807
7.35              3181.46 -2.85054 7365.98              4.78739 44341.1 18.9215
7.36              3215.57 6.18807 7497.83              3.94857 45180.3 -34.8515
7.37              3159.65 15.6209 7572.22              2.72721 45685.1 -86.5869
7.38              3126.63 5.20466 7541.34              3.79873 45565.2 -29.5134
7.39              3159.07 -2.30591 7710.99              3.40625 46616.2 11.7622
7.4              3176.6 1.75122 7818.35              3.1843 47313.1 -11.1524
7.41              3085.43 6.43956 7717.12              2.61213 46783.1 -38.2995
7.42              3122.17 5.87584 7859.43              2.84936 47680.8 -35.2601
7.43              3073.42 6.09492 7833.67              2.39147 47594.3 -36.8218
7.44              3046.06 20.0115 7879.13              1.10282 47905.1 -120.699
7.45              3088.7 5.4045 8062.4              1.99209 49054.4 -33.9399
7.46              3047.81 10.2942 8370.48              3.49695 50810.2 -62.2601
7.47              3020.29 8.86119 8142.82              2.51145 49640.8 -54.5499
7.48              2866.91 0.836177 7895.49              4.39194 48211.1 -5.56201
7.49              2953.29 14.9105 8193.11              2.65579 50041.1 -87.4211
7.5              2906.48 7.53584 8141.94              2.838 49796.8 -46.7425
7.51              2966.7 8.88853 8358.2              2.57259 51127.6 -54.783
7.52              2973.75 0.275605 8517.78              2.96449 52117.7 -4.6492
7.53              2970.09 3.13021 8609.77              2.81444 52714.2 -21.1618
7.54              2883.46 7.71586 8496.83              2.38434 52104.3 -48.5732
7.55              2781.04 7.68983 8357.46              1.79982 51349.3 -49.424
7.56              2785.7 6.53049 8452.18              1.88816 51959.7 -42.2563
7.57              2712.09 8.37743 8343.16              1.84796 51375.1 -54.4559
7.58              2777.29 13.7195 8626.05              0.0039024 53068.4 -88.3289
7.59              2669.19 -40.5299 8597.4              -5.78795 52909.9 215.132
7.6              2651.87 57.7676 8737.55              10.115 53740.8 -328.038
7.61              2530.19 15.0101 8269.35              1.70746 51120.8 -93.8912
7.62              2620.84 -0.123818 8549.69              3.75911 52808.4 -2.85694
7.63              2477.18 10.075 8257.48              1.95271 51142.5 -65.3262
7.64              2625.79 11.362 8811.01              2.61729 54453.1 -72.6225
7.65              2448.13 7.07401 8357.45              0.970244 51810 -48.1135
7.66              2575.8 5.64896 8837.42              2.14484 54688.5 -38.9085
7.67              2391.15 6.21842 8354.6              0.261379 51867.8 -43.4273
7.68              2564.12 0.566104 9064.16              2.08657 56088.4 -7.9734
7.69              2415.45 2.16424 8665.16              0.568693 53766.9 -18.6113
7.7              2449.97 3.73206 8889.24              0.923375 55123 -27.5759
7.71              2306.9 5.1252 8450.15              -0.686346 52559.9 -36.9267
7.72              2372.85 3.39828 8811.91              0.50433 54726.8 -25.4888
7.73              2238.94 2.71943 8376.27              -1.20824 52183.5 -22.0546
7.74              2299.17 2.45586 8753.9              -0.0765614 54432 -19.5686
7.75              2192.33 2.52083 8402.8              -1.35144 52384.5 -20.6292
7.76              2201.18 6.04015 8618.06              -1.19224 53665.5 -41.8071
7.77              2146.82 -6.66763 8574.51              -3.96221 53414.2 32.306
7.78              2158.56 -0.382424 8785.4              -0.71648 54681 -1.68041
7.79              1999.31 -69.3337 8351.58              -12.4359 52075.5 380.886
7.8              2060.47 -4.19797 8716.36              -0.630784 54298.9 21.1253
7.81              1914.53 86.8187 8508.98              11.0023 52975.7 -487.529
7.82              1922.39 6.56766 8504.83              -0.499161 53076.5 -40.0267
7.83              1800.11 1.20208 8040.61              -3.20321 50363.6 -10.0636
7.84              1791.07 -3.13216 8359.13              -1.90421 52233.9 17.6178
7.85              1648.84 -0.442285 7865.12              -3.88564 49325.2 0.0336414
7.86              1636.83 -0.132987 8292.99              -0.961018 51852.5 0.172407
7.87              1502.36 -2.2488 7835.76              -4.04301 49164 12.1657
7.88              1466.18 -4.982 8142.52              -2.52817 50970.7 29.8136
7.89              1317.05 -3.93766 7661.02              -4.47074 48136.8 22.9291
7.9              1292.54 -5.68788 8063.31              -2.26927 50506.5 33.2168
7.91              1114.95 -5.33013 7488.17              -5.06827 47116.3 31.544
7.92              1081.05 -7.46203 7936.16              -2.82604 49751.6 46.5078
7.93              899.637 -4.45984 7328.22              -5.00124 46165 28.2462
7.94              882.599 -7.70186 7909              -2.40934 49582.2 49.2348
7.95              694.68 -5.83437 7263.85              -5.32457 45778.7 36.6777
7.96              664.905 -8.54095 7794.35              -2.6477 48893.7 54.8481
7.97              470.926 -6.45212 7199.01              -5.20949 45380 41.0849
7.98              421.915 -8.84242 7651.23              -2.99447 48031 57.2187
7.99              238.798 -6.65125 7172.43              -4.77302 45201.3 42.9437
8              171.788 -8.92451 7506.35              -3.21011 47154 57.9367
8.01              8.94796 -7.2303 7230.96              -4.11628 45517.2 46.7636
8.02              -90.962 -8.39359 7367.03              -3.18576 46302.5 54.1337
8.03              -241.3 -5.44955 7165.37              -3.73713 45101.1 35.5885
8.04              -362.856 -7.50493 7254.04              -2.61747 45601.3 47.6623
8.05              -523.134 -6.20724 7079.83              -3.00769 44561.3 38.9081
8.06              -625.832 -7.33008 7178              -2.30411 45110.1 45.4193
8.07              -796.184 -5.21652 7086.87              -1.97128 44563.5 32.236
8.08              -911.221 -5.4258 7082.52              -1.51495 44505.5 33.1476
8.09              -1013.24 -25.6739 6958.58              -1.67391 43770.2 152.044
8.1              -1176.44 -6.08489 7200.76              -0.824467 45158.2 37.8887
8.11              -1341.45 -3.50681 7016.53              -1.13667 44050.3 20.6319
8.12              -1442.28 -6.19532 7208.15              -0.934108 45150.4 36.4039
8.13              -1602.59 -7.18457 7038.18              -1.0052 44126.2 41.946
8.14              -1640.76 17.4422 7377.02              -2.67311 46134.4 -108.328
8.15              -1865.22 2.05913 7018.13              -0.242698 43947.3 -15.5787
8.16              -2035.51 -1.26679 6913.63              -0.0187016 43284.4 4.45108
8.17              -2115.02 -6.82317 7095.83              0.763963 44337.6 38.0071
8.18              -2300.89 -22.4939 6691.28              -2.61737 41958.2 122.015
8.19              -2370.43 -3.62948 7035.21              1.06353 43920.3 17.5744
8.2              -2537.14 4.49978 6694.38              -0.120649 41892.7 -28.9645
8.21              -2526.88 4.70521 7393.27              3.25452 45957.8 -31.117
8.22              -2899.23 -17.2655 5965.88              -0.0178908 37569.8 98.2553
8.23              -2769.22 -1.03638 7343.95              2.6347 45593 3.70125
8.24              -3179.2 1.74488 5793.87              -3.11538 36463.1 -18.5206
8.25              -2993.72 2.96262 7230.41              2.78114 44853.9 -20.9533
8.26              -3370.98 6.31265 5826.1              -2.18402 36584 -46.2851
8.27              -3215.57 2.12814 7077.95              1.98698 43889.8 -16.1004
8.28              -3554.59 -0.111576 5862.12              -2.1653 36731.4 -6.55542
8.29              -3428.45 1.88722 6975.42              1.78035 43221.7 -14.303
8.3              -3462.56 9.64049 7102.17              1.43878 43934.4 -59.7458
8.31              -3383.87 16.1905 7704.96              2.79811 47425.1 -96.6077
8.32              -3551.24 2.04076 7467.11              2.0163 46003.3 -14.9725
8.33              -3614.95 0.54024 7593.37              2.24639 46696.6 -5.89826
8.34              -3712.7 -9.59403 7425.7              1.85801 45680.3 53.6445
8.35              -3846.02 1.47034 7331.79              2.28266 45076.7 -9.8861
8.36              -3927.59 10.8809 7158.26              -1.09013 44065.8 -67.4716
8.37              -4063.17 7.69348 6993.54              1.39002 43015 -47.574
8.38              -4202.8 34.0839 6899.43              7.0352 42383.8 -190.704
8.39              -4309.95 -18.6 6772.58              -2.41006 41607.4 100.27
8.4              -4489.2 -3.9612 6254.04              -1.84247 38565.6 18.7431
8.41              -4552.18 -6.2906 6191.56              1.8519 38187 35.9615
8.42              -4637.94 -1.7972 6142.73              0.731462 37862.5 9.61625
8.43              -4742.79 1.50907 5963.84              1.01312 36780.6 -10.1964
8.44              -4834.04 -1.01046 5840.33              0.164607 36026.4 4.95251
8.45              -4899.09 -0.176112 5808.84              0.82099 35806.6 0.448181
8.46              -5002.29 0.332909 5606.02              0.553068 34591 -2.50687
8.47              -5066.04 2.27769 5460.88              0.639205 33719.9 -13.4574
8.48              -5119.73 -1.8921 5412.03              0.692305 33395.2 10.4864
8.49              -5203.07 -0.327475 5312.15              0.581573 32782.8 2.53401
8.5              -5248.68 -1.98363 5328.9              1.50876 32845.3 12.1118
8.51              -5288.99 0.659397 5293.78              0.951048 32609.6 -3.40697
8.52              -5334.49 23.6793 5318.01              5.81307 32684.5 -129.963
8.53              -5413.61 -14.4624 5203.65              -1.57363 31996.6 80.2385
8.54              -5479.85 -5.94566 4998.52              -0.218885 30792.9 33.9645
8.55              -5439.14 -5.67785 5115.66              1.29715 31447.4 34.5674
8.56              -5471.85 -3.41552 5033.83              1.71937 30942.2 22.0411
8.57              -5493.69 -2.73267 4977.78              1.88207 30587 18.0454
8.58              -5515.31 -1.65523 4921.8              2.1152 30227.9 11.9867
8.59              -5612.16 -8.70102 4691.16              1.99072 28853.8 52.0279
8.6              -5542.47 -0.67937 4732.91              1.48366 29069.8 7.31088
8.61              -5569.4 -3.02702 4629.45              1.76556 28436.1 19.4779
8.62              -5635.45 6.17551 4516.15              1.39226 27732.2 -30.815
8.63              -5651.81 -6.34634 4399.21              2.33455 27019.4 40.4492
8.64              -5615.3 2.19168 4406.33              0.978395 27033.9 -9.72463
8.65              -5628.6 1.91633 4490.04              2.04842 27431.4 -7.52845
8.66              -5605.09 -4.10965 4351.66              0.889383 26636.8 26.9717
8.67              -5553.52 4.78319 4399.58              1.20705 26883.5 -25.1525
8.68              -5533.1 -3.72364 4321.73              1.82372 26409.1 25.9177
8.69              -5514.42 -1.63519 4253.13              1.91903 25981.8 13.523
8.7              -5509.53 1.15045 4143.81              1.9897 25315.4 -2.79182
8.71              -5604.3 -10.6242 3867.33              2.09468 23674.4 62.4892
8.72              -5442.01 3.65243 3935.97              0.897047 24030.8 -17.3219
8.73              -5396.39 0.958537 3857.41              1.24924 23525 -3.39087
8.74              -5395.04 12.7493 3723.72              1.57273 22702 -68.2266
8.75              -5316.56 -5.83706 3643.51              1.90234 22188.6 37.8192
8.76              -5185.66 15.7212 3730.03              4.51938 22638.6 -83.2483
8.77              -5049.53 -6.17 3814.05              -0.302624 23087.6 36.3593
8.78              -4944.84 6.00441 3759.29              0.59713 22745.8 -32.5427
8.79              -4830.27 -2.14936 3727.84              2.53409 22549.2 17.1927
8.8              -4752.59 -2.67667 3638.2              2.35176 22007 20.7489
8.81              -4662.13 0.424256 3581.33              2.47647 21654.8 2.56525
8.82              -4593.98 -0.746143 3464.22              2.29536 20959.3 9.34014
8.83              -4657.39 -15.1354 3204.95              2.60652 19442.2 88.0957
8.84              -4445.19 2.03019 3187.92              1.5869 19329.8 -5.40255
8.85              -4393.87 -0.038023 3065.06              1.905 18604.5 4.71547
8.86              -4417.92 15.452 2845.75              1.51837 17323.8 -80.0753
8.87              -4312.61 -5.62641 2744.52              1.82998 16725.5 37.4334
8.88              -3942.51 6.13234 3285.54              3.79913 19785.7 -28.1866
8.89              -4016.22 1.08417 2836.68              0.492874 17216.9 -2.9878
8.9              -3967.11 0.983985 2661.27              1.05474 16211.9 -1.44283
8.91              -3920.81 11.3716 2480.79              0.279172 15169.3 -62.3887
8.92              -3820.6 4.13984 2420.94              0.916799 14824 -19.7928
8.93              -3742.07 5.18769 2309.38              0.804426 14180.8 -25.9851
8.94              -3567.9 5.48034 2400.44              1.14599 14685.8 -27.3122
8.95              -3375.9 2.86852 2536.65              1.83258 15445.8 -12.6115
8.96              -3169.14 3.03806 2647.47              2.05589 16068.4 -13.9075
8.97              -2833.95 -0.985356 3065.14              2.9797 18419 9.69264
8.98              -2477 -3.49273 3504.61              3.83865 20904.7 25.0534
8.99              -2326.07 -0.761997 3552.98              3.72212 21172 11.0959
9              -2130.48 2.16618 3669.09              3.19188 21830.5 -5.14651
9.01              -2022.34 1.83215 3624.47              3.14349 21568.8 -3.95738
9.02              -2023.11 -0.720186 3357.06              1.80443 20062.4 8.24904
9.03              -1852.58 1.97178 3446              2.9033 20563.6 -5.42868
9.04              -1725.4 4.16796 3453.89              2.43232 20605.1 -18.8253
9.05              -1628.28 2.6477 3411.73              2.49296 20369 -10.2234
9.06              -1527.48 2.69365 3385.43              2.31649 20221 -10.6126
9.07              -1428.11 2.92335 3359.44              2.16066 20078.5 -12
9.08              -1355.12 4.13664 3286.56              1.79924 19674.5 -19.1851
9.09              -1150.92 3.12206 3447.13              1.88055 20585.9 -13.1712
9.1              -988.784 1.70426 3546.49              1.93723 21150.5 -5.27162
9.11              -1007.35 2.00803 3339              1.21157 19995.3 -7.9998
9.12              -735.687 3.08594 3584.67              1.078 21382.4 -11.8406
9.13              -721.263 3.65767 3448.19              0.595705 20632.9 -15.7064
9.14              -511.958 2.94025 3643.89              0.859056 21736.9 -11.9371
9.15              -490.403 5.61503 3558.06              0.710428 21260.9 -26.9465
9.16              -378.828 4.22989 3603.15              0.810525 21515.5 -20.9669
9.17              -212.007 5.23546 3778.65              1.19788 22489.7 -27.3472
9.18              -114.88 3.68315 3838.07              1.21969 22809.3 -19.0241
9.19              28.7437 1.3755 3992.34              1.34673 23653.7 -7.12746
9.2              85.9861 2.81508 4020.83              1.86165 23790 -16.227
9.21              117.383 3.84841 4005.77              2.04626 23685.7 -22.7649
9.22              171.107 4.85669 4030.36              2.5017 23800.8 -28.7468
9.23              210.885 3.6351 4035.28              1.98794 23805.4 -22.8753
9.24              252.923 6.94086 4032.27              2.43791 23768.8 -41.7743
9.25              307.806 4.92532 4054.06              2.90973 23875.6 -30.4482
9.26              363.404 5.01451 4074.87              3.06585 23975.4 -31.1945
9.27              423.521 5.17122 4099.56              3.17851 24097.7 -32.3886
9.28              477.572 5.01705 4113.28              3.21234 24162.3 -31.7699
9.29              534.504 5.40889 4127.79              3.3406 24232.3 -34.3299
9.3              570.706 5.4783 4103.99              3.31116 24097.4 -34.9575
9.31              637.718 5.94834 4128.25              3.38027 24224.7 -38.1299
9.32              717.298 6.21322 4173.24              3.55732 24464.7 -39.8708
9.33              804.577 5.40531 4227.28              3.761 24755.4 -35.754
9.34              885.622 5.81267 4271.89              3.86968 24994.5 -38.7563
9.35              947.624 4.31651 4274.08              3.49144 25003.3 -29.3968
9.36              1021.08 6.00908 4297.76              3.56654 25130.5 -40.3175
9.37              1109.88 4.18103 4354.36              3.63731 25432.7 -29.1691
9.38              1134.21 3.50654 4275.72              3.51425 25006.8 -26.2616
9.39              1265.7 3.90925 4413.87              3.2536 25744.3 -27.9605
9.4              1329.71 2.85435 4416.22              2.85504 25751.6 -21.092
9.41              1413.53 2.58665 4471.88              2.41889 26041.8 -19.2046
9.42              1423.71 2.19991 4327.41              1.70953 25265.3 -16.1775
9.43              1547.07 1.69952 4503.73              1.70545 26191.3 -12.9469
9.44              1600.83 1.37964 4492.71              1.47506 26118.6 -10.5828
9.45              1656.45 0.816637 4494.31              1.24422 26113.9 -6.67196
9.46              1708.41 1.33541 4485.17              0.554025 26047.8 -9.98051
9.47              1757.67 0.763369 4466.87              0.604167 25932.6 -5.62912
9.48              1802 1.02542 4437.76              0.316346 25759.1 -7.04321
9.49              1858.73 0.735196 4473.74              0.188193 25930.8 -5.04632
9.5              1910.13 0.743633 4487.5              0.0662633 25982.7 -5.02164
9.51              1975.79 0.345061 4574.63              0.383675 26423.1 -3.02961
9.52              2033.23 0.463206 4619.84              0.565811 26643 -2.85418
9.53              2045.82 0.815671 4536.04              0.0453834 26176.4 -4.86533
9.54              2089.74 0.578639 4546.22              0.0701623 26206.8 -3.28388
9.55              2136.79 0.666819 4586.85              0.0535618 26400.1 -3.93722
9.56              2193.75 0.810682 4668.1              -0.0693976 26814.9 -4.76407
9.57              2222.75 0.432314 4645.74              -0.112228 26673.5 -2.52711
9.58              2265.96 0.313 4670.72              -0.209032 26791 -1.70618
9.59              2305.08 0.233095 4698.9              -0.222983 26926.8 -1.2915
9.6              2343.94 0.0131682 4714.1              -0.213924 26990.2 0.0209691
9.61              2370.33 0.365658 4715.46              -0.085546 26980.2 -1.87719
9.62              2414.17 -0.318098 4773.53              0.100375 27282.1 2.11932
9.63              2478.68 -0.697498 4891.26              0.285528 27908.8 4.16795
9.64              2504.85 -0.781715 4875.13              0.324147 27813.2 4.83748
9.65              2550.39 -3.90036 4922.4              0.396126 28065.9 23.074
9.66              2587.97 0.765574 4961.71              1.61106 28277.5 -2.5315
9.67              2611.91 0.927689 4929.1              1.08767 28090 -4.48995
9.68              2625.55 14.0389 4845.56              5.34355 27647.7 -70.2695
9.69              2631.58 -2.92174 4919.02              0.781513 28035.6 18.1335
9.7              2657.97 -25.7737 4769.01              -5.4076 27232.9 138.685
9.71              2661.96 -0.0731837 4836.52              1.83939 27566.6 2.19809
9.72              2710.78 3.90296 4878.84              2.14947 27818.5 -19.6506
9.73              2678.57 -0.390354 4824.86              1.8587 27498.3 5.04568
9.74              2708.08 -8.93192 4812.47              1.66789 27406.5 54.3791
9.75              2700.61 -3.53144 4867.93              2.23306 27738 24.1445
9.76              2722.13 -4.29474 4847.53              2.68879 27630.8 26.0129
9.77              2701.1 -1.51146 4820.85              2.87233 27493.4 11.8567
9.78              2763.65 8.58776 4827.23              2.83769 27540.6 -43.6348
9.79              2766.8 3.04143 4921.78              2.95362 28089.3 -13.2542
9.8              2754.41 -0.083583 4910.64              3.10975 28035.9 3.95462
9.81              2763.84 -2.54944 4951.71              3.26967 28291.4 17.9602
9.82              2777.66 -1.1549 4988.31              3.61919 28513.7 9.92604
9.83              2800.22 -1.40746 5022.95              3.71874 28728.8 11.5503
9.84              2799.89 -2.14661 5017.55              3.49154 28723 15.8562
9.85              2856.25 -4.68107 5134.36              4.29141 29415.5 31.1881
9.86              2831.44 17.5526 5033.46              8.06665 28902.6 -89.2375
9.87              2825.83 -21.0381 5020.72              -2.81095 28861.9 114.176
9.88              2706.15 -1.87618 4847.06              1.3376 27875.2 12.6081
9.89              2665.34 -0.222912 4782.23              1.20955 27526.6 4.07658
9.9              2761.54 -1.59672 4982.94              1.32102 28680.3 11.9962
9.91              2666.38 0.978254 4875.21              0.576784 28111 -0.969079
9.92              2950.31 -6.0737 5372.92              1.61278 30974.5 37.3686
9.93              2813.87 -4.65551 5122.88              0.302629 29592.8 30.1544
9.94              3085.82 -7.09307 5700.35              0.985316 32932.4 44.0521
9.95              2796.62 -3.6514 5174.59              -0.461619 29970.6 25.6992
9.96              3095.62 -6.77779 5780.48              0.270565 33479.9 43.9065
9.97              2822.73 -4.03441 5310.01              -1.17868 30831.2 27.9546
9.98              3104.43 0.314482 5859.2              -1.38281 34012.5 2.55597
9.99              2951.16 -3.6352 5601.59              -1.23692 32585.5 25.6069
10              3132.83 -2.37017 5964.43              0.495038 34719.5 19.4086
10.01              2971.97 -2.08796 5710.57              -1.49097 33304.2 16.6644
10.02              3126.53 -8.67647 6009.41              -0.248273 35060.2 55.9432
10.03              2955.68 -3.19937 5742.87              -0.893081 33559.4 23.6718
10.04              3156.01 -0.890322 6189.13              -0.00095822 36183.6 11.9816
10.05              2973.31 -0.0125964 5873.61              -0.614568 34417.1 4.42009
10.06              3149.52 -7.09276 6285.58              0.400062 36842.6 44.7966
10.07              3037.35 -1.5851 6112.41              -0.380161 35895.4 13.6538
10.08              3169.5 -1.30935 6411.44              0.305376 37679.1 12.328
10.09              2985.23 -1.02231 6152.61              -0.379696 36237.4 11.1213
10.1              3212.28 -1.78053 6598.2              0.544012 38869.9 15.7735
10.11              3063.54 4.17394 6405.82              -1.27421 37803.8 -19.5056
10.12              3222.34 -4.40547 6773.35              -0.351641 39994 28.4633
10.13              3044.2 8.47311 6546.47              1.20273 38730.6 -42.4641
10.14              3176.12 -3.54566 6776.68              0.61393 40126.3 26.1347
10.15              3028.46 6.04948 6595.85              -0.08649 39123.6 -28.755
10.16              3141.24 -1.37788 6826.49              0.724177 40528.1 11.0141
10.17              3042.53 2.34106 6705.28              -0.223842 39884.2 -9.90969
10.18              3084.93 -5.4952 6920.85              0.585055 41198.4 35.2754
10.19              3048.6 0.387936 6886.79              -0.126619 41057.7 1.3128
10.2              3044.62 1.54376 6960.26              -0.134152 41549.1 -5.11486
10.21              2937.38 0.977257 6859.81              -0.590836 41026.7 -2.02708
10.22              2944.78 10.9591 6915.64              -1.61493 41406.9 -61.7078
10.23              3007.4 -0.408554 7114.29              -0.918304 42630.7 5.43937
10.24              2999.16 -11.7492 7208.53              -2.90456 43225.4 65.7109
10.25              2919.18 20.8616 7166.65              2.52146 43035.7 -113.741
10.26              2915.15 -3.20184 7159.03              1.37012 43054.8 23.0987
10.27              2855.13 8.64174 7143.81              -0.451249 43032.3 -44.5799
10.28              2816.12 1.92575 7096.41              0.00284409 42817.1 -9.02373
10.29              2895.6 4.00108 7317.17              -0.39648 44182.3 -20.7784
10.3              2859.2 -6.6772 7387.65              0.0359775 44648.3 39.5709
10.31              2950.03 0.753844 7599.76              -0.0106728 45956.1 -2.12707
10.32              2829.87 3.15877 7463.5              -0.433491 45220.9 -16.1806
10.33              2848.72 1.25161 7582.79              -0.373346 45983.2 -4.91084
10.34              2777.47 2.66893 7500.3              -0.671348 45563.9 -13.9073
10.35              2882 7.96429 7837.46              -2.21134 47590.3 -46.5014
10.36              2750.84 -25.5197 7701.95              -6.09942 46828.7 138.99
10.37              2762.62 34.8361 7870.84              4.9067 47856.6 -191.923
10.38              2657.84 -4.16537 7540.73              1.06946 46007 27.8825
10.39              2698.39 3.64483 7701.38              -0.15316 47033.2 -19.2258
10.4              2606.25 9.62477 7618.28              -1.32443 46604.6 -53.0799
10.41              2761.12 0.270302 7990.72              0.312932 48859.9 -0.0401372
10.42              2656.39 1.97331 7821.63              -0.985274 47920.1 -10.495
10.43              2795.72 -8.87405 8308.82              0.487738 50842.7 53.3667
10.44              2744.61 -2.90721 8242.39              -0.375246 50508.9 18.6816
10.45              2690.83 -0.0823555 8187.76              -0.56673 50240.4 1.75465
10.46              2648.06 -2.61579 8161.48              -0.866024 50143.4 16.8744
10.47              2673.5 -0.532602 8302.53              -0.391896 51030.3 4.27889
10.48              2509.01 7.33698 7962.19              -2.42291 49065.8 -44.3346
10.49              2720.85 -6.04674 8647.16              -1.14592 53159.7 35.9957
10.5              2517.42 -46.8684 8303.03              -8.53188 51130.3 259.032
10.51              2521.9 47.5681 8494.73              7.12602 52274.5 -262.83
10.52              2423.38 3.83227 8029.86              -1.27557 49669.3 -21.847
10.53              2518.57 -3.95811 8415.93              1.54601 51972.9 25.7231
10.54              2317.47 -0.97472 7846.92              -2.17948 48670.8 5.59042
10.55              2535.84 2.39371 8612.71              -0.0837854 53249.1 -13.4881
10.56              2333.76 -0.840605 8050.77              -2.25066 49961.4 4.39658
10.57              2480.87 -1.69634 8606.77              -0.714628 53291.4 10.4748
10.58              2319.18 -4.34611 8151.15              -2.64216 50635.7 25.3099
10.59              2472.18 -3.82473 8778.14              -0.28213 54380.7 23.366
10.6              2353.56 -2.19275 8458.38              -1.81151 52523.4 12.7957
10.61              2361.91 -0.65835 8576.02              -1.51957 53248.3 3.64836
10.62              2272.03 -0.97138 8312.99              -2.48695 51731.1 4.98291
10.63              2300.78 -1.9296 8528.71              -1.74882 53036.7 11.3853
10.64              2213.02 -1.55111 8256.62              -2.90133 51454.9 8.43113
10.65              2244.17 -1.21669 8487.81              -1.84889 52848.6 6.88252
10.66              2162.69 -1.01532 8241.13              -2.83264 51412 5.01603
10.67              2166.51 2.09989 8406.77              -3.23646 52399.6 -14.2115
10.68              2161.34 -10.4372 8562.52              -4.06155 53339.1 59.4442
10.69              2110.12 -2.09416 8414.22              -2.33172 52488.8 11.4707
10.7              2059.94 -69.02 8568.82              -11.4138 53338.1 384.383
10.71              2005.5 80.1914 8613.03              10.9364 53565.9 -446.27
10.72              1954.26 6.50131 8194.87              -1.58162 51227 -37.9045
10.73              1921.25 0.526797 8249.66              -1.84513 51570.2 -3.59137
10.74              1833.67 0.990949 7955.74              -2.82443 49855.6 -6.48145
10.75              1810.19 -1.84225 8190.33              -1.5005 51234.9 11.0076
10.76              1684.75 1.2633 7750.59              -3.08052 48642.4 -9.11064
10.77              1672.1 1.96231 8150.28              -0.0265977 51012.6 -11.7739
10.78              1542.64 1.21113 7719.4              -2.72912 48469.3 -8.32853
10.79              1517.94 -1.96769 8063.18              -0.954649 50508.6 11.4847
10.8              1386.35 0.00544255 7603.21              -2.43136 47793.2 -3.51179
10.81              1351.11 -3.2373 8013.67              -0.712436 50220.2 18.467
10.82              1173.68 -0.28023 7391.59              -3.64172 46540.3 -0.488391
10.83              1161.2 -2.77613 7989.42              -0.121114 50073.1 16.8818
10.84              968.635 0.543331 7278.03              -3.39122 45864 -4.69748
10.85              968.457 -3.25475 7998.82              0.514727 50120.8 20.0387
10.86              757.38 0.143473 7151.99              -3.88812 45118 -2.95658
10.87              761.514 -3.16764 7960.15              0.862621 49883.1 19.5233
10.88              529.395 -0.307546 7080.79              -3.87706 44684.2 -0.397359
10.89              521.913 -3.14615 7814.11              0.779125 49006.8 19.1723
10.9              295.133 -0.285934 7030.77              -3.60745 44373.5 -0.55619
10.91              273.361 -2.5489 7661.19              0.566085 48085.2 15.1366
10.92              62.2752 -0.705557 7059.6              -2.67204 44520 1.72104
10.93              11.465 -2.03764 7525.44              0.581916 47257.4 10.9867
10.94              -193.966 0.897306 6949.32              -2.41655 43843.8 -8.8733
10.95              -253.203 -1.34694 7397.89              0.858572 46477 5.7057
10.96              -464.662 -0.981567 6850.71              -2.10878 43230.8 1.03256
10.97              -510.274 -1.44735 7363.17              1.41669 46242.1 5.59113
10.98              -710.846 0.167756 6926.1              -0.699913 43638.6 -5.7268
10.99              -737.996 -21.0372 7253.97              1.23057 45570.1 120.826
11              -994.444 -0.54512 6802.95              -0.894518 42872.2 -0.838087
11.01              -1044.23 -1.62507 7290.55              1.69442 45733.4 6.38512
11.02              -1269.47 0.868193 6697.5              -0.653606 42204.5 -10.7814
11.03              -1276.01 -4.45623 7438.25              1.83809 46560.6 22.9876
11.04              -1553.59 -3.03025 6492.33              -1.66451 40951.1 11.7985
11.05              -1392.69 21.4171 7878.74              1.07106 49152.9 -134.164
11.06              -1855.23 3.15116 6415.65              -1.32551 40428.5 -26.3415
11.07              -1780.77 -7.5975 7506.76              3.80915 46854.6 42.2686
11.08              -2075.96 -27.6617 6398.57              -4.10806 40324.3 147.815
11.09              -1984.15 -3.22428 7726.09              4.96439 48086.5 17.2638
11.1              -2378.47 5.38086 6149.08              -1.97016 38772 -36.9921
11.11              -2208.54 0.000963225 7696.24              5.15426 47847.7 -1.86441
11.12              -2555.78 3.31336 6419.71              0.470032 40293.4 -26.697
11.13              -2492.45 -21.3476 7340.67              5.84698 45707.2 127.217
11.14              -2926.05 -1.1364 5769.43              -2.85833 36399 -0.863995
11.15              -2684.77 -1.36373 7524.72              4.72418 46695.7 6.55866
11.16              -3128.67 3.33111 5848.56              -2.03623 36799.4 -28.2422
11.17              -2961.15 -0.973986 7206.94              3.48131 44759.1 3.62022
11.18              -3055.02 -3.87096 7183.96              2.66723 44591.7 20.465
11.19              -3050.18 -1.77766 7676.13              4.14622 47438.4 9.75934
11.2              -3199.29 4.37686 7324.12              2.08423 45341.7 -27.2072
11.21              -3196.8 11.4961 7647.53              3.5057 47206 -67.9833
11.22              -3306.39 0.333322 7706.76              4.43215 47526.9 -3.13781
11.23              -3413.96 -2.36952 7659.96              3.77273 47200.6 13.081
11.24              -3561.09 -1.54087 7328.4              2.93544 45216.9 7.44386
11.25              -3610.74 -10.6869 7376.24              2.86598 45451.6 61.874
11.26              -3755.79 -3.40445 7265.44              2.79603 44762.4 20.1552
11.27              -3838.21 9.72278 7101.09              0.804228 43790.7 -59.2658
11.28              -3977.39 0.622411 6881.52              1.44524 42433.5 -4.56861
11.29              -4110.46 31.596 6816.38              8.2063 41964.9 -175.03
11.3              -4203.45 -20.3388 6706.66              -1.42551 41289.9 112.083
11.31              -4305.83 -13.6754 6470.05              1.47362 39897.7 78.9096
11.32              -4372.09 -4.00313 6489.26              2.68344 39978.9 23.5863
11.33              -4516.56 -2.63596 6164.63              1.74621 38044.3 14.9459
11.34              -4595.89 -0.685859 6085.2              2.41101 37544.7 3.89606
11.35              -4681.27 -0.792788 5977.07              2.11707 36878.3 4.85982
11.36              -4736.04 -1.50401 5934.82              2.44737 36593.5 9.22877
11.37              -4864.5 1.06644 5663.04              2.24795 34974.6 -6.0078
11.38              -4868.38 0.0440017 5706.06              2.13772 35193.5 0.622476
11.39              -4911.84 -3.34289 5693.47              1.99232 35083.1 19.8982
11.4              -5011.1 0.121903 5551.89              2.20314 34213.8 1.26155
11.41              -5080.96 0.0326344 5407.94              2.02829 33355.3 0.756329
11.42              -5105.2 1.20447 5477.68              2.18219 33717.1 -5.8008
11.43              -5198.11 2.66471 5426.29              3.09357 33329.6 -13.311
11.44              -5252.24 -2.97588 5231.17              1.68076 32203.6 18.1645
11.45              -5239.01 -1.75124 5332.73              2.67509 32767.5 11.8633
11.46              -5244.35 -4.71328 5346.46              3.09754 32823 30.356
11.47              -5273.68 -2.70249 5262.87              3.20526 32299.3 18.8982
11.48              -5305.15 -1.39094 5186.19              3.07867 31822.4 10.9678
11.49              -5335.37 -4.95576 5132.25              3.03345 31474.5 31.7108
11.5              -5386.59 -6.24501 4911.36              2.93438 30162.5 38.7213
11.51              -5364.34 -2.44785 4933.92              2.76407 30256.1 17.494
11.52              -5406.63 7.37065 4860.18              2.60999 29789.4 -37.2201
11.53              -5393.31 -0.206793 4802.51              3.24336 29417.4 4.89215
11.54              -5454.82 -6.76324 4633.19              3.36225 28383.5 43.6968
11.55              -5455.63 20.495 4647.67              6.51015 28423.6 -109.154
11.56              -5449.78 -14.7184 4626.66              -1.47285 28264.4 84.3775
11.57              -5431.99 4.56556 4542.84              1.14653 27760.7 -24.4368
11.58              -5376.95 -3.0365 4629.21              2.73125 28242.1 21.9061
11.59              -5362.48 -3.20902 4550.98              2.61541 27749.8 23.4326
11.6              -5352.85 -0.544497 4462.14              2.76133 27198.7 7.73769
11.61              -5361.97 -4.66121 4352.16              2.89861 26525.5 30.9055
11.62              -5401.47 -9.94396 4136.02              2.4349 25240.9 59.7886
11.63              -5274.4 -1.16434 4204.78              2.72009 25596.9 11.1194
11.64              -5292.7 13.3919 4076.24              2.40114 24805.3 -71.156
11.65              -5207.48 3.40359 4022.54              2.84867 24447.1 -15.6503
11.66              -5184.2 -5.52991 3904.87              2.69321 23704.9 37.2355
11.67              -5045.8 14.5923 4006.81              5.69047 24242.7 -75.9439
11.68              -4938.85 -8.75673 4048.56              -0.326905 24441.6 52.1251
11.69              -4863.72 10.5167 3911.53              1.1608 23627.7 -58.1084
11.7              -4747.99 -0.72004 3884.05              2.66426 23449.4 8.98792
11.71              -4666.53 -0.733048 3810.37              2.71871 22999.1 9.71718
11.72              -4584.76 1.96171 3738.57              2.75923 22557.8 -6.09606
11.73              -4603.23 -14.9068 3570.42              3.16201 21558.5 87.5159
11.74              -4393.57 3.23572 3565.38              2.25171 21513.7 -12.3316
11.75              -4311.52 0.13693 3497.35              2.482 21098.4 3.63096
11.76              -4355.41 17.6021 3240.57              1.87355 19598.4 -92.1738
11.77              -4220.24 5.28202 3187.45              2.34767 19278.1 -25.6154
11.78              -4148.33 -6.38243 3104.86              2.19788 18770.1 41.8699
11.79              -3883.39 8.20518 3392.68              3.94273 20399.6 -40.2348
11.8              -3869.01 -0.0815437 3162.66              0.753384 19067.1 4.23652
11.81              -3833.22 13.6241 2944.16              0.574984 17806.8 -75.2207
11.82              -3770.93 5.82115 2799.93              1.22173 16979.1 -29.4798
11.83              -3723.2 5.88105 2633.31              0.729511 16017.3 -29.8845
11.84              -3603.82 7.76782 2625.8              0.883925 15961.1 -40.6466
11.85              -3483.43 7.57974 2591.95              0.865396 15755.6 -39.7119
11.86              -3370.14 3.00701 2589.51              1.31386 15725.6 -15.4594
11.87              -3093.83 5.30035 2829.22              1.57013 17077.6 -26.3336
11.88              -2760.43 1.73813 3185.67              2.51087 19093.5 -6.76884
11.89              -2534.33 3.803 3400.3              3.07147 20302.3 -15.6953
11.9              -2224.51 4.10882 3740.08              3.63938 22224.4 -16.8081
11.91              -1999.41 3.76861 3893.38              3.73512 23091.3 -15.0928
11.92              -1880.97 -1.50588 3828.17              1.8637 22725.2 12.3567
11.93              -1838.53 5.9568 3665.27              3.30372 21797.4 -28.1434
11.94              -1716.71 3.43295 3668.36              2.9079 21808.3 -14.4495
11.95              -1591.87 7.26873 3665.32              2.61404 21787.6 -37.0581
11.96              -1504.77 5.34884 3603.97              2.48724 21441.1 -26.2837
11.97              -1387.64 5.26141 3607.68              2.2991 21461.8 -25.9881
11.98              -1327.55 6.05694 3513.36              1.99822 20928.9 -30.9559
11.99              -1236.26 6.98562 3474.05              1.68196 20710.3 -36.3155
12              -1080.31 6.49672 3543.36              1.67049 21108.5 -33.6087
12.01              -1073.49 3.75104 3401.16              1.34888 20312.9 -20.0535
12.02              -850.775 7.91556 3540.75              1.00501 21109.4 -41.2095
12.03              -660.067 6.46996 3688.01              1.06602 21949.8 -32.8137
12.04              -598.98 6.31822 3622.16              0.743496 21592.3 -32.6168
12.05              -422.881 7.51237 3759.23              0.914104 22371.9 -38.0915
12.06              -380.502 7.89475 3676.37              0.745466 21916.4 -42.1082
12.07              -216.736 7.12269 3818.97              0.855386 22715.7 -38.2728
12.08              -54.4995 7.54662 3956.08              1.31158 23484.8 -41.4532
12.09              93.6563 6.27372 4109.48              1.78983 24325.2 -34.9774
12.1              126 5.28133 4071.27              1.26116 24100.1 -30.497
12.11              193.186 6.77335 4106.92              2.02099 24281.3 -38.5921
12.12              243.598 6.45071 4124.58              1.97701 24359 -37.3073
12.13              324.179 5.27508 4189.33              1.73028 24699.5 -31.1284
12.14              358.753 7.66092 4181.31              1.8402 24634.6 -45.0057
12.15              422.196 5.96135 4219.54              2.09825 24829.4 -35.3066
12.16              466.129 5.82495 4226.36              2.00907 24849.4 -34.6611
12.17              503.812 5.83895 4219.88              1.90913 24797.3 -34.9058
12.18              553.008 5.58383 4231.02              1.87877 24844.4 -33.5618
12.19              607.009 5.66814 4249.13              1.87505 24931.5 -34.3052
12.2              654.33 5.80242 4252.15              1.8972 24936.6 -35.2745
12.21              675.667 6.10412 4210.02              1.82333 24697.7 -37.149
12.22              758.933 5.92901 4262.75              1.85177 24981.6 -36.3232
12.23              827.853 6.09286 4291.88              1.83891 25134.4 -37.2472
12.24              902.462 5.2067 4325.06              1.8559 25312.5 -32.5122
12.25              985.145 4.54528 4377.36              1.88754 25595.9 -28.8066
12.26              1065.06 4.79603 4417.3              1.85959 25807.6 -30.5098
12.27              1127.45 4.27389 4416.31              1.78547 25801.3 -27.4184
12.28              1178.67 4.20346 4400.85              1.60729 25716.2 -27.0223
12.29              1243.73 3.05418 4416.6              1.76416 25794.5 -21.3962
12.3              1333.44 3.51074 4457.29              1.35911 26012.1 -23.0569
12.31              1413.5 3.29819 4498.62              1.25912 26229.5 -21.9241
12.32              1437.28 3.15802 4394.3              0.719471 25661.1 -20.7625
12.33              1524.81 2.5652 4457.08              0.693214 25988.6 -17.3269
12.34              1606.48 1.9808 4509.56              0.596727 26258.7 -13.7346
12.35              1669.86 1.6819 4531.25              0.346528 26360.5 -11.6213
12.36              1742.55 1.29319 4584.9              0.201331 26632.8 -9.38191
12.37              1788.3 1.02703 4564.25              -0.226288 26505.8 -7.69387
12.38              1819.77 0.855975 4498.3              -0.424432 26132.4 -6.52153
12.39              1879.04 0.60293 4532.22              -0.570745 26295.4 -4.92135
12.4              1915.99 0.225865 4491.85              -0.769444 26058.2 -2.42345
12.41              1968.01 -0.385289 4514.93              -0.821155 26158 0.902392
12.42              2032.82 -0.373609 4583.01              -0.724589 26501.6 0.958628
12.43              2039.4 -0.567542 4452.17              -0.87363 25775.3 2.28922
12.44              2079.17 -0.650564 4481.26              -0.931873 25910.4 2.813
12.45              2125.87 -0.693665 4494.19              -0.95186 25951.5 3.04319
12.46              2161.61 -1.09389 4493.42              -0.948802 25923.7 5.53015
12.47              2214.31 -0.890024 4594.54              -1.1091 26449.9 4.27336
12.48              2275.51 -1.44798 4671.56              -1.05951 26839.8 7.34002
12.49              2309.48 -1.63367 4650.11              -1.01113 26703.2 8.60475
12.5              2350.64 -1.92144 4720.05              -1.14341 27066.8 10.2198
12.51              2385.57 -2.04276 4737.98              -1.20227 27143.5 10.9369
12.52              2403.77 -1.92604 4698.04              -1.14307 26906.4 10.3917
12.53              2432.06 -2.1958 4727.21              -1.09728 27051.3 12.0427
12.54              2507.97 -2.59668 4881.69              -0.930333 27880.7 14.2044
12.55              2532 -2.5139 4881.69              -0.880761 27870 13.8364
12.56              2572.25 -4.58908 4920.81              -1.04772 28075 26.2408
12.57              2620.57 -0.276961 4991.88              0.0692746 28460.1 2.02002
12.58              2638.62 -3.64845 4972.6              -0.642084 28349 21.221
12.59              2657.2 10.2804 4917.96              2.90653 28057.7 -51.9269
12.6              2654.65 -19.9061 4864.03              -5.21256 27773.7 106.352
12.61              2674.67 -4.57124 4912.13              -0.301909 27997.9 27.377
12.62              2709.28 5.42348 4895.17              0.31555 27920.3 -29.9102
12.63              2672.17 -2.79401 4809.95              -0.225285 27426.3 17.6116
12.64              2637.11 -0.663228 4709.29              -0.194912 26832.1 5.69323
12.65              2704.31 -9.69227 4802.38              0.311711 27369.8 58.3854
12.66              2698.75 -6.56938 4792.74              0.0516558 27319.4 37.1386
12.67              2682.14 -2.54433 4746.93              0.465209 27067.7 16.8653
12.68              2663.31 -1.09535 4739.08              0.663434 27039.7 8.93196
12.69              2747.19 11.4251 4775.61              0.951377 27254.5 -60.0661
12.7              2700.81 1.55056 4782.27              1.21368 27297.7 -5.78794
12.71              2708.79 -1.0609 4830.14              1.29534 27584.1 8.99601
12.72              2707.63 -0.0749357 4834.3              1.37882 27623.3 3.54744
12.73              2726.36 1.49205 4873.11              1.63353 27854.4 -5.9177
12.74              2732.3 0.210349 4892.06              1.40517 27983.7 1.88144
12.75              2743.61 -5.13938 4949.1              1.44588 28336.6 33.3687
12.76              2748.21 2.1906 4952.88              2.00434 28383.4 -8.53639
12.77              2726.14 16.9527 4855.75              6.12953 27883.6 -85.811
12.78              2693.44 -18.1026 4812              -4.53393 27666.4 99.8023
12.79              2612.35 1.54796 4699.57              -0.105203 27026.3 -6.28892
12.8              2591.64 0.162964 4677.6              -0.298908 26899.3 2.36671
12.81              2606.9 2.8009 4767.9              -0.37614 27449.8 -10.8914
12.82              2705.11 -3.19978 4949.03              -0.0149836 28513.5 19.6808
12.83              2707.01 0.0548118 4994.6              -0.533639 28819.9 2.41736
12.84              2781.6 -6.55895 5200.14              -0.51106 30028.3 41.2602
12.85              2829.25 -4.25442 5282.56              -0.996341 30536.2 28.4794
12.86              2788.91 -3.87986 5258.32              -1.36233 30442.3 26.9557
12.87              2801.07 -4.91426 5301.49              -1.66176 30724.9 33.095
12.88              2812.95 -4.60367 5365.61              -1.97264 31137 31.2888
12.89              2815.62 1.85014 5405.42              -3.26657 31398.7 -6.44766
12.9              2911.62 -3.51976 5614.94              -1.61577 32655.9 26.2588
12.91              2861.88 -3.99841 5558.56              -2.10727 32373.4 28.0231
12.92              2893.42 -9.99852 5650.23              -1.91212 32941.1 63.4062
12.93              2830.51 -3.76326 5594.29              -2.19165 32661.1 27.2716
12.94              2942.07 0.930954 5891.67              -1.77626 34414.4 3.2824
12.95              2802.43 -3.12292 5639.94              -1.45703 33007.8 22.2527
12.96              2943.02 -1.7694 5925.66              -1.05876 34711.2 15.4353
12.97              2918.04 -7.73196 5973.34              -0.702266 35031.2 48.7526
12.98              2995.97 -2.52116 6148.52              -0.635392 36096.6 20.0361
12.99              2857.97 -1.70126 5998.19              -0.72707 35284.6 15.371
13              2973.39 -2.05353 6262.11              -0.357846 36866.3 17.5882
13.01              2834.83 7.78236 6069.31              -1.66799 35796.2 -40.6881
13.02              3076 -7.37854 6606.58              -1.23545 38969.1 46.1194
13.03              2864.78 7.1224 6309.07              1.378 37293.4 -34.3311
13.04              2990.03 -3.72289 6554.59              0.348315 38785.4 27.5985
13.05              2840.24 1.27731 6343.91              0.00548056 37604.3 -2.23623
13.06              2947.63 4.98618 6634.99              -0.14783 39360.6 -21.5677
13.07              2801.55 0.716569 6385.94              -0.0396891 37960.8 -0.822274
13.08              2885.47 -2.62295 6626.02              0.0420957 39422.7 18.5157
13.09              2846.58 -1.02785 6635.4              -0.0406251 39539.1 9.80453
13.1              2848.54 1.69878 6679.78              -0.159339 39848.1 -5.7701
13.11              2782.23 0.352349 6652.72              -0.326588 39752.9 2.43976
13.12              2737.87 1.70848 6656.48              -0.488806 39839.9 -6.18768
13.13              2741.09 11.3781 6757.21              -1.56775 40480.6 -63.7615
13.14              2791.36 -14.8931 6969.97              -3.76739 41769.8 84.1078
13.15              2756.83 19.8553 7004.13              3.23454 42013.4 -106.822
13.16              2668.79 -4.81421 6829.37              1.2095 41068.3 32.6945
13.17              2673.74 2.58076 6892.61              0.54766 41500.7 -11.4822
13.18              2632.52 10.5018 6952.32              -0.418819 41916.8 -55.2632
13.19              2634.44 1.83484 6979.65              0.448556 42133.8 -8.24736
13.2              2667.25 -3.94439 7137.89              0.373466 43124.5 24.6557
13.21              2713.99 -1.6156 7294.58              0.603762 44104 11.6671
13.22              2619.46 2.6835 7196.1              0.0343011 43589.3 -13.092
13.23              2633.51 1.40422 7282              0.233016 44153 -5.44009
13.24              2606.54 1.24632 7329.1              0.05562 44496.1 -4.49049
13.25              2547.89 12.9982 7281.36              -1.47098 44259.4 -75.5127
13.26              2684.07 -0.456226 7677.3              -0.267539 46662.4 4.48106
13.27              2565.54 3.99935 7740.89              0.595993 46985.4 -21.1731
13.28              2535.48 3.16527 7519.15              -0.33802 45847 -16.9463
13.29              2453.73 -3.80177 7391.54              1.72989 45126.4 25.8054
13.3              2394.65 7.9811 7350.43              -0.613459 44958.5 -43.0343
13.31              2434.16 0.672501 7455.57              0.296102 45640 -2.0285
13.32              2512.74 1.38365 7684.39              0.153873 47053.7 -6.05698
13.33              2491.88 -6.46881 7775.55              0.276403 47642.4 39.6525
13.34              2582.95 -3.47712 8105.2              0.989558 49647.2 22.6623
13.35              2444.75 0.173791 7821.56              -0.331122 48022.9 1.09524
13.36              2481.62 -0.136941 7978.76              0.270402 49010 3.01382
13.37              2450.5 -1.73735 7999.21              -0.256896 49183.3 12.6342
13.38              2403.57 0.222664 7965.87              -0.102372 49045.9 0.381444
13.39              2420.11 3.10003 8133.89              -2.24622 50070.1 -18.8994
13.4              2450.14 -46.2475 8439.33              -6.65137 51878.5 256.562
13.41              2331.39 47.8871 8273.04              7.66611 50903.4 -264.08
13.42              2312.54 7.43377 8047.43              0.0652655 49715.9 -42.5768
13.43              2208.84 -3.61714 7789.03              0.278128 48220.5 23.3282
13.44              2310.82 1.87987 8164.95              0.887147 50510.8 -9.98545
13.45              2183.38 4.81974 7861.48              -1.25249 48757 -28.7605
13.46              2334.21 0.0708364 8398.4              0.847786 51978 0.278869
13.47              2175.06 0.150432 7944.01              -1.48617 49330.6 -1.17854
13.48              2282.51 -0.371894 8385.86              0.0472656 51984.5 2.43167
13.49              2244.57 -3.2788 8369.37              -0.36071 51917.5 19.7619
13.5              2260.89 -2.51837 8536.4              0.30102 52943.5 15.2256
13.51              2189.73 -0.526731 8344.04              -0.691461 51842.3 2.53249
13.52              2164.15 0.368158 8314.41              -0.907656 51697.4 -3.05103
13.53              2139.83 -0.0702012 8311.9              -0.718409 51720.4 -0.46963
13.54              2108.35 -1.05169 8263.38              -1.12366 51463.2 5.36036
13.55              2092.72 -0.0820234 8298.06              -0.768186 51693.7 -0.712913
13.56              2061.82 -0.399664 8236.93              -0.982135 51361 0.940705
13.57              2029.76 3.41416 8213.59              -1.51699 51241.2 -22.7906
13.58              2060.97 -9.99523 8560.17              -2.45449 53294 55.848
13.59              2019.72 -1.79889 8423.35              -0.415891 52513.5 9.13838
13.6              1947.46 -71.1538 8370.73              -10.8854 52150.1 394.376
13.61              1944.01 -5.6407 8306.3              -0.499918 51851.2 30.2824
13.62              1889.94 88.8493 8556.38              13.7261 53224.6 -496.507
13.63              1853.38 7.40489 8182.84              0.504562 51147.8 -44.4859
13.64              1802.23 1.5854 8066.16              -0.519617 50488.3 -11.8023
13.65              1757.8 0.347335 8054.33              -0.514467 50412.4 -4.00659
13.66              1676.82 1.35742 7885.45              -0.993399 49423.1 -11.5276
13.67              1632.67 3.52159 8010.78              0.934868 50168.6 -23.6179
13.68              1571.33 1.44431 7959.88              -0.0279934 49875.1 -11.6081
13.69              1490.61 0.291277 7868.79              -0.137217 49338 -4.96372
13.7              1422.11 0.617369 7859.84              0.00919607 49288.5 -7.10161
13.71              1342.96 -0.392034 7757.33              0.243498 48686.5 -3.28469
13.72              1262.8 -0.177448 7782.02              0.252294 48829.2 -3.06706
13.73              1159.44 0.180988 7664.49              -0.054377 48133.3 -4.9301
13.74              1077.4 1.86255 7681.36              0.676631 48228.5 -14.1617
13.75              972.631 0.386971 7585.08              0.196579 47659.5 -5.78066
13.76              894.763 0.96988 7652.5              0.698343 48055.5 -9.21303
13.77              779.505 -0.0219093 7527.17              0.371604 47308.6 -3.56061
13.78              693.169 0.41914 7605.45              1.01335 47763.5 -5.99877
13.79              564.483 -0.252355 7428.37              0.265622 46709.9 -2.38503
13.8              487.024 0.12294 7617.4              1.53967 47817 -4.01002
13.81              327.635 -0.0245676 7282.54              -0.214591 45831.1 -4.04192
13.82              265.858 -0.219023 7608.81              1.96573 47747 -1.9796
13.83              95.1127 -0.464435 7224.89              0.050522 45465.5 -1.83636
13.84              28.5385 1.06633 7499.36              1.91328 47078.8 -10.2644
13.85              -137.188 -0.272966 7217.56              0.54279 45396 -3.56465
13.86              -234.464 0.0617982 7336.5              1.89164 46088.1 -5.63027
13.87              -402.837 0.357909 7057.81              0.432768 44426.3 -8.327
13.88              -471.981 0.777177 7343.1              3.03591 46100.6 -9.85388
13.89              -649.737 1.07401 7052.39              1.36014 44360.2 -12.6894
13.9              -653.312 -20.5805 7416.84              3.53721 46507.7 116.725
13.91              -925.321 -0.0106161 6908.39              0.727821 43470.8 -5.40478
13.92              -975.888 -0.077964 7347.12              3.63367 46045.5 -4.05965
13.93              -1175.46 -1.42914 6893.96              0.366443 43348.2 1.90315
13.94              -1212.36 -4.78077 7364.67              3.6166 46105.8 24.2381
13.95              -1342.49 22.4918 7087.73              -1.57727 44491.4 -143.849
13.96              -1390.51 2.06274 7753.48              5.55183 48341.3 -16.8774
13.97              -1745.8 2.08586 6570.85              0.674315 41334 -20.069
13.98              -1615.64 -7.7792 7897.69              6.66624 49147.9 43.8762
13.99              -1992.34 -23.8659 6463.41              -2.39046 40689.6 126.05
14              -1866.2 8.11455 7777.85              7.12781 48402.4 -46.4848
14.01              -2264.07 -3.47763 6342.77              -0.648674 39887.5 12.7327
14.02              -2047.54 2.87424 7956.43              8.27702 49374 -18.6767
14.03              -2516.56 -20.6163 6063.9              1.37689 38214 117.598
14.04              -2348.94 -4.39373 7625.3              5.87825 47352.5 24.5278
14.05              -2757.88 0.00672518 6108.03              -0.736328 38377.3 -7.4831
14.06              -2586.05 -0.395137 7504.69              5.90993 46577 0.0795863
14.07              -2969.67 1.38873 6122.87              -0.416053 38407.3 -15.8646
14.08              -2809.95 -1.49319 7402.25              5.51203 45908.7 7.00621
14.09              -2889.73 -6.49059 7429.44              4.32281 46035.3 36.6442
14.1              -2882.55 -2.81507 7904.25              6.06796 48783.7 16.3865
14.11              -3043.46 4.20179 7461.33              3.77313 46145.1 -25.9557
14.12              -2996.55 10.4305 7997.46              5.62437 49263.1 -60.7031
14.13              -3132.11 -3.37069 7921.44              5.49385 48791.3 19.424
14.14              -3249.2 -4.24499 7799.2              5.14698 48026 24.2068
14.15              -3350.56 -13.4239 7614.82              4.92363 46905.4 77.901
14.16              -3521.17 -3.94296 7387.54              4.43107 45521.1 23.1961
14.17              -3524.97 6.67868 7553.18              2.30542 46497 -40.849
14.18              -3706.41 2.83682 7287.67              4.21957 44859.6 -17.2936
14.19              -3837.63 29.0413 7141.28              9.89522 43914.8 -159.888
14.2              -3963.31 -24.5282 6990.24              -0.376743 42998.5 137.316
14.21              -4088.33 -6.92051 6692.32              1.65826 41238.4 37.9868
14.22              -4128.35 -11.9769 6755.48              4.7188 41595.3 71.2994
14.23              -4200.12 -6.25102 6725.62              3.83405 41376.2 37.7815
14.24              -4323.51 -1.55447 6461.4              3.9399 39789.2 9.39335
14.25              -4429.79 -2.21554 6290.25              3.45296 38753.5 13.516
14.26              -4504.45 -2.00123 6237.13              3.52968 38405.9 12.5031
14.27              -4602.02 -0.946928 6069.11              3.38012 37389.7 6.24191
14.28              -4672.54 1.68198 5922.35              3.3233 36507.6 -8.71454
14.29              -4715.12 -1.86421 5897.65              3.52716 36319.4 11.4529
14.3              -4777.41 -1.06489 5875.42              3.08556 36153.8 8.19536
14.31              -4825.31 -3.07064 5852.7              3.80235 35981.8 19.8314
14.32              -4921.48 -1.00885 5655.69              2.91256 34800.4 7.30435
14.33              -4979.3 24.6055 5720.95              7.95695 35121.9 -133.82
14.34              -5033.27 -16.284 5615.26              -0.00751734 34469.6 91.6747
14.35              -5118.43 -6.11382 5372.96              1.26145 33044.7 35.5912
14.36              -5086.43 -5.31308 5524.09              3.40027 33902.7 33.5049
14.37              -5131.23 -3.6737 5436.98              3.64882 33363.6 24.3693
14.38              -5152.99 -2.92135 5367.23              3.44168 32921 20.0187
14.39              -5154.19 -1.75921 5379.26              4.05401 32956.1 13.7258
14.4              -5278.38 -9.35201 5103.41              3.6124 31320 56.656
14.41              -5181.17 -0.660896 5204.74              3.15214 31880.1 8.34483
14.42              -5214.27 -2.75492 5104.16              3.52702 31263.4 18.8988
14.43              -5292.89 7.23129 4969.61              2.75363 30436.2 -35.8354
14.44              -5303.35 -6.89073 4855.67              4.0706 29735.2 44.9359
14.45              -5295.16 21.3478 4920.79              7.2738 30057.1 -113.771
14.46              -5300.29 -11.2447 4848.2              -0.200101 29606.9 64.5792
14.47              -5310.19 -5.07742 4701.61              1.76739 28743.1 32.3803
14.48              -5251.56 6.10643 4777.47              2.36641 29146.6 -32.7119
14.49              -5238.36 -3.94565 4707.97              3.09325 28717.6 27.8436
14.5              -5231.82 -0.375919 4645.05              3.36139 28319.1 6.91308
14.51              -5246.75 -1.17697 4500.8              3.13323 27449.3 11.5053
14.52              -5362.89 -14.2297 4241.66              3.06863 25910.3 84.4273
14.53              -5177.05 0.887792 4394.69              2.7347 26763.4 0.767322
14.54              -5145.2 -1.91536 4356.13              3.26568 26501.6 15.6915
14.55              -5188.63 13.0149 4204.08              3.29015 25575.4 -67.5048
14.56              -5140.92 -7.55285 4135.53              3.81527 25129.6 50.0142
14.57              -5057.13 16.1593 4157.89              6.38042 25205.6 -83.6982
14.58              -4941.5 -5.27103 4214.01              1.78061 25480.3 33.2374
14.59              -4862.54 7.80732 4144.15              1.90032 25038.3 -41.3884
14.6              -4762.55 -0.712311 4074.08              3.27472 24608.1 9.92138
14.61              -4691.45 -1.37488 3973.42              2.72375 23995 14.1749
14.62              -4609.84 1.52872 3885.41              2.71633 23456.7 -2.66933
14.63              -4523.44 0.337415 3820.43              2.65051 23056.2 4.30144
14.64              -4580.8 -14.6637 3572.94              2.81316 21598.4 86.4349
14.65              -4334.26 3.03236 3637.44              1.95829 21950.2 -10.4544
14.66              -4354.42 17.3812 3477.52              1.54345 21000.5 -89.6764
14.67              -4193.88 3.35022 3451              2.41413 20831.3 -13.8622
14.68              -4152.18 -6.72056 3323.04              2.22331 20061.7 45
14.69              -3821.6 8.55933 3733.92              4.39796 22390.7 -40.7745
14.7              -3835.37 0.714914 3441.71              0.518122 20702.3 -0.191612
14.71              -3770.23 0.96723 3300.04              1.19153 19882.9 -0.476518
14.72              -3740.64 14.6755 3089.24              0.157932 18656.9 -80.6642
14.73              -3688.57 5.01524 2935.04              0.614069 17770.9 -24.1517
14.74              -3667.92 7.02505 2726.38              0.0746933 16568.2 -36.2856
14.75              -3531.12 8.44696 2745.53              0.218757 16661 -44.3427
14.76              -3414.39 5.46473 2738.04              0.579436 16602 -27.9744
14.77              -3348.09 5.01733 2617.38              0.0916675 15902.3 -27.2181
14.78              -3000.77 5.28301 2982.49              1.17002 17966.5 -26.5326
14.79              -2825.22 8.77243 3079.5              1.04612 18506.8 -43.9743
14.8              -2556.95 7.55307 3314.25              1.755 19834.1 -37.5662
14.81              -2185.59 4.49334 3738.71              3.27781 22240.7 -19.2471
14.82              -1908.59 3.52706 3980.65              3.57632 23605.4 -13.5424
14.83              -1876.52 -1.28015 3758.36              1.17747 22353.2 10.1775
14.84              -1750.94 6.08549 3751.15              3.20458 22306.4 -28.5616
14.85              -1671.01 8.44656 3672.84              2.12138 21854.6 -43.6222
14.86              -1559.59 6.5383 3649.67              2.07715 21722.7 -32.9477
14.87              -1424.75 6.22261 3674.62              1.92404 21862.7 -31.376
14.88              -1348.82 6.68626 3603.32              1.53503 21458 -34.5071
14.89              -1241 7.82376 3598.16              1.41374 21429.7 -41.2647
14.9              -1134.01 7.2097 3586.11              1.21029 21363.5 -38.1267
14.91              -1043.58 6.16562 3554.9              1.13012 21191.7 -32.8692
14.92              -1018.73 6.53498 3431.98              0.614359 20507.7 -36.3594
14.93              -776.089 8.64484 3603.75              0.555158 21483.1 -46.4122
14.94              -686.714 8.1526 3577.42              0.391182 21351 -44.1154
14.95              -489.718 8.10151 3721.98              0.477676 22178.7 -43.3796
14.96              -429.434 10.1219 3669.57              0.334807 21897.2 -54.6085
14.97              -257.458 8.44268 3783.92              0.351542 22549.9 -46.1466
14.98              -54.8494 8.68445 3976.6              0.842924 23633.3 -47.953
14.99              38.576 7.07204 4006.17              1.06476 23795 -39.8451
15              179.228 4.39117 4127.59              0.89308 24464.2 -25.8981
15.01              225.772 5.68288 4130.24              1.03435 24461.3 -33.2857
15.02              276.993 6.67895 4137.87              1.37495 24486 -38.7653
15.03              318.629 6.83355 4143.76              1.29823 24496.9 -39.746
15.04              350.522 5.79905 4137.44              0.754684 24440.9 -34.5276
15.05              396.793 7.72845 4151.26              0.86517 24496.3 -45.515
15.06              454.471 5.66276 4186.43              1.0762 24674.1 -33.6691
15.07              509.804 5.0243 4220.04              0.993963 24841 -30.0419
15.08              547.207 4.71229 4221.24              0.819783 24828.4 -28.3143
15.09              585.622 4.46062 4222.67              0.704936 24818.7 -26.9842
15.1              635.12 4.26474 4240.07              0.676437 24898.5 -25.967
15.11              658.91 4.41803 4210.09              0.45699 24720.5 -27.0287
15.12              719.444 4.10672 4243.02              0.384465 24889.3 -25.3034
15.13              778.483 3.97758 4270.3              0.276992 25029.7 -24.3575
15.14              839.82 3.4761 4290.25              0.24044 25131.9 -21.8389
15.15              906.494 2.54416 4322.62              0.0547886 25301.4 -16.3975
15.16              975.46 2.22836 4353.2              -0.0178031 25463.4 -14.8566
15.17              1056.47 2.05237 4409.52              0.0753766 25763 -14.0977
15.18              1107.66 3.11631 4400.48              -0.138872 25707.7 -20.8314
15.19              1154.99 -0.316846 4389.6              -0.259651 25642.4 -0.803271
15.2              1226.31 1.10874 4390.55              -0.437412 25647.8 -8.66908
15.21              1294.21 1.607 4410.5              -0.369607 25749.2 -12.1361
15.22              1362.99 0.591676 4424.45              -0.551709 25819.1 -5.88284
15.23              1370.57 0.973272 4273.09              -1.01532 24998.4 -8.03508
15.24              1498.27 0.649031 4446.15              -0.533633 25920.3 -6.52576
15.25              1571.15 0.316504 4479.2              -0.591017 26086.2 -4.65381
15.26              1630.96 0.113686 4483.15              -0.690173 26095.6 -3.36555
15.27              1721.08 -0.291699 4583.2              -0.699918 26619.8 -1.19665
15.28              1752.06 -0.0955917 4509.46              -1.02134 26204.9 -2.42215
15.29              1790.34 -0.272425 4469.87              -0.826799 25976.3 -1.04069
15.3              1847.84 -0.379189 4495.09              -0.942242 26092.7 -0.444745
15.31              1906.83 -0.583137 4530.09              -0.996975 26261.1 0.785818
15.32              1941.87 -1.12869 4501.7              -0.966901 26086.5 3.98459
15.33              1984.6 -1.03004 4490.5              -1.08432 26003.6 3.75007
15.34              2009.2 -0.944253 4420.96              -1.12878 25604.7 3.41547
15.35              2048.92 -0.885908 4425.38              -1.206 25603.9 3.00229
15.36              2075.99 -1.07931 4391.56              -1.103 25394.1 4.48109
15.37              2115.71 -1.07258 4421.07              -1.20974 25529.5 4.33625
15.38              2185.96 -1.19387 4557.14              -1.2385 26241.1 5.3286
15.39              2259.91 -1.69462 4715.77              -1.27345 27083.5 7.91932
15.4              2283.1 -1.86342 4691.76              -1.20538 26931.2 9.07076
15.41              2312.18 -1.75452 4691.29              -1.17918 26908.1 8.45207
15.42              2346.94 -1.9691 4733.72              -1.19196 27119.1 9.70501
15.43              2357.12 -2.09565 4671.94              -1.30249 26761.5 10.5157
15.44              2413.51 -2.29092 4785.42              -1.3433 27364.3 11.4587
15.45              2419.04 -2.22738 4715.03              -1.36279 26961.8 11.3256
15.46              2452.46 -3.22091 4747.99              -1.7701 27125.3 17.3834
15.47              2529.25 -1.35272 4933.51              -0.819315 28138.6 7.0956
15.48              2539.62 -1.86133 4888.46              -1.17311 27880.2 9.53047
15.49              2583.01 7.171 4957.11              1.5093 28271.2 -36.2145
15.5              2584.97 -3.24598 4905.12              -1.21449 27956.5 17.4243
15.51              2579.07 -19.9164 4748.93              -5.83708 27110.8 105.726
15.52              2590.34 -0.211426 4808.99              -0.419396 27409.9 0.992708
15.53              2628.27 2.52088 4814.29              -0.253077 27448.2 -14.1008
15.54              2583.29 -1.07364 4725.13              -0.80366 26925.4 6.80263
15.55              2586.75 -8.66143 4654.07              -1.19285 26503.3 50.8656
15.56              2571.76 -2.86042 4647.77              -0.745236 26477.6 17.8438
15.57              2576.96 -3.16065 4576.49              -0.281986 26075.4 17.1347
15.58              2562.62 -1.17688 4605.94              0.112965 26254.4 7.92871
15.59              2639.76 7.47411 4692.76              0.299141 26748 -39.1688
15.6              2630.04 2.91461 4733.41              0.50157 26985.4 -14.0792
15.61              2606.28 0.498007 4677.61              0.74653 26669.4 -0.764066
15.62              2597.44 -1.579 4679.17              0.869614 26695 11.0947
15.63              2572.65 0.680865 4674.76              1.19693 26686.1 -1.85628
15.64              2569.69 0.869833 4649.6              1.30273 26551.9 -2.81648
15.65              2600.01 -0.0406298 4722.1              1.34797 26979.5 2.66948
15.66              2536.69 -0.779517 4573              1.87204 26153 8.05925
15.67              2453.67 16.4956 4374.11              5.55114 25072.6 -84.6357
15.68              2385.23 -12.4726 4243.96              -2.45053 24352.7 68.0975
15.69              2531.69 -0.830722 4636.39              1.13984 26581.2 6.72516
15.7              2512.03 -0.951521 4609.8              1.33268 26441.8 8.92534
15.71              2530.86 3.01905 4712.95              1.38223 27042.6 -11.6968
15.72              2528.08 -0.838001 4713.11              1.39006 27083 7.80603
15.73              2537.43 -0.818313 4780.44              1.47329 27504.4 7.31786
15.74              2551.19 -4.49757 4818.72              1.02787 27759 29.0425
15.75              2686.12 -5.02551 5111.72              1.04623 29472.5 32.782
15.76              2594.53 -2.97225 4973.09              0.43741 28720.8 21.6769
15.77              2714.13 -5.94879 5235.53              0.194331 30265 39.3294
15.78              2525.37 -5.05378 4894.56              -0.883055 28348 34.2364
15.79              2779.33 -0.20769 5443.03              -1.97015 31533.9 5.77455
15.8              2612.16 -7.50048 5177.86              -1.95996 30062.8 48.4532
15.81              2825.41 -9.81035 5604.91              -1.51413 32558.9 61.4581
15.82              2643.59 -2.80914 5295.1              -1.90661 30820.5 22.727
15.83              2803.91 -15.0391 5640.86              -2.2841 32851.3 93.5566
15.84              2706.56 -4.34809 5519.59              -3.06565 32183 34.2269
15.85              2822.52 -12.7332 5754.68              -2.47623 33594.7 77.9814
15.86              2733.03 -8.71473 5623.69              -3.2321 32888.2 55.8951
15.87              2818.87 -13.64 5911.85              -2.73946 34601.9 83.8792
15.88              2801.76 -9.53752 5889.82              -2.50624 34524.5 61.0785
15.89              2840.85 -7.80449 6040.93              -2.01234 35452.4 51.6578
15.9              2739.93 -7.1934 5909.68              -1.88911 34741.5 48.199
15.91              2844.93 -5.26813 6180.9              -0.98209 36369.6 36.4038
15.92              2793.31 0.216666 6130.75              -1.79723 36120.9 3.46137
15.93              2827.96 -7.26856 6295.09              -0.90038 37133.6 45.1282
15.94              2765.07 8.69019 6250.26              1.96928 36919.7 -42.3377
15.95              2746.34 -1.74077 6252.18              0.982266 36999.1 16.526
15.96              2718.35 5.8335 6294.37              1.21132 37293.3 -26.2226
15.97              2722.4 0.845823 6304.56              1.64252 37406.8 -0.606886
15.98              2740.61 3.52843 6387.21              1.32462 37953.1 -15.7342
15.99              2698.35 -2.40587 6421.1              1.65117 38206.8 17.4894
16              2735.6 2.8833 6552.87              1.49993 39038 -11.9186
16.01              2675.96 2.8936 6531.23              1.13705 38973.9 -12.1856
16.02              2636.45 2.52187 6544.48              0.94416 39111.1 -9.74361
16.03              2576.25 11.8061 6496.72              -0.532481 38883.4 -65.6646
16.04              2718.48 -0.121422 6862.98              0.488919 41086.5 4.59156
16.05              2625.2 3.92737 6908.17              1.13471 41362.6 -19.4269
16.06              2593.47 4.21915 6776.64              0.358602 40708.6 -21.4333
16.07              2592.47 -3.61903 6856.12              2.33184 41214.1 25.8695
16.08              2489.23 7.97388 6757.49              0.395147 40699.5 -40.5646
16.09              2511.66 1.33169 6818.56              0.987389 41121.9 -5.10008
16.1              2554.3 3.09196 6949.7              0.529485 41960.2 -15.3586
16.11              2563.22 -7.21172 7123.14              1.21268 43032.8 43.2908
16.12              2490.94 1.39131 7010.21              0.196135 42436.4 -5.75196
16.13              2525.18 1.57277 7148.8              0.483585 43313.7 -6.90674
16.14              2495.63 0.00524584 7164.5              0.277689 43464.2 2.50214
16.15              2519.81 1.521 7289.24              0.661596 44260.9 -6.60767
16.16              2544.09 6.64467 7477.92              -1.24779 45411.4 -38.4626
16.17              2486.93 -27.1365 7492.2              -4.8513 45523.1 148.575
16.18              2432.96 35.9841 7538.68              6.05996 45837.2 -197.998
16.19              2355.56 -2.22589 7257.45              2.1837 44279.8 16.9187
16.2              2321.88 3.73379 7214.26              0.723223 44103.7 -20.019
16.21              2371.11 9.15586 7444.61              0.251233 45525.2 -50.1356
16.22              2348.42 1.00572 7412.63              0.698011 45393.9 -4.34822
16.23              2381.56 2.47159 7537.33              0.258402 46191.6 -12.7992
16.24              2518.91 -7.74888 8046.3              1.84207 49238.6 47.3634
16.25              2398.09 -1.14123 7792.88              0.173493 47803.8 8.68086
16.26              2398.1 0.804965 7870.2              0.280513 48317.1 -2.71328
16.27              2372.73 -1.04457 7878.78              -0.0839642 48425.1 8.35905
16.28              2396.02 -0.115454 8026.92              0.306992 49354.5 2.67911
16.29              2315.53 7.66772 7881.92              -1.48422 48540.4 -44.9656
16.3              2410.82 -5.91468 8275.66              -0.947718 50915.2 35.6951
16.31              2346.17 -49.2335 8287.8              -7.60533 50982.7 273.075
16.32              2330.79 50.5539 8436.99              8.35725 51880.3 -278.752
16.33              2235.79 4.98631 7937.01              -0.614307 49072.9 -28.0243
16.34              2191.7 -1.60634 7887.67              0.73696 48807.4 11.2508
16.35              2239.22 -0.773186 8030.26              -0.567482 49716.7 5.25653
16.36              2195.49 2.73532 7991.85              -1.16337 49533.7 -16.3284
16.37              2228.73 -1.38556 8122              -0.795969 50348.3 8.07848
16.38              2211.17 -1.05603 8139.83              -1.26016 50496.1 5.84573
16.39              2198.74 -3.61197 8159.62              -1.29797 50651.5 21.0541
16.4              2288.68 -3.11792 8578.32              0.528326 53164.7 18.5395
16.41              2235.2 -1.48854 8459.12              -0.53812 52493.9 8.11595
16.42              2214.98 -0.442707 8462.42              -0.663707 52544.8 1.53177
16.43              2154.09 -0.704445 8274.04              -1.49839 51472.5 2.52409
16.44              2176.13 -1.30943 8449.16              -0.731212 52538.7 6.56681
16.45              2115.48 -0.766832 8253.01              -1.70725 51409 2.51198
16.46              2139.27 -0.590075 8436.17              -0.504873 52521 1.75066
16.47              2078.89 -0.366132 8235.32              -1.64964 51358.6 -0.358167
16.48              2086.71 2.02042 8383.44              -1.7941 52246 -15.1922
16.49              2089.93 -9.49433 8529.4              -2.5967 53127.2 51.8345
16.5              2066.11 -70.225 8685.32              -9.93831 53998.9 388.743
16.51              2036.37 -4.96001 8451.55              -0.662183 52698.7 25.256
16.52              1970.62 89.8515 8533.95              13.036 53087.5 -504.253
16.53              1973.61 9.26782 8366.31              1.13497 52228.1 -56.2382
16.54              1920.56 3.86422 8172.32              -0.395938 51110.2 -26.3777
16.55              1888.02 3.25405 8189.34              -0.255639 51215.4 -22.8912
16.56              1839.92 2.77967 8137.46              -0.319488 50911.9 -20.5313
16.57              1771.39 3.31737 7995.01              -0.635137 50077.7 -24.5874
16.58              1734.48 5.99019 8145.14              1.39682 50967.1 -39.6985
16.59              1668.71 2.90422 8048.67              0.123082 50400.4 -21.6021
16.6              1604.06 2.42682 8026.96              -0.00795133 50276.6 -19.0841
16.61              1543.88 0.884671 7963.32              0.242224 49903.6 -11.9725
16.62              1449.91 0.920177 7869.82              -0.457929 49350.1 -10.9702
16.63              1366.12 1.2088 7850.05              -0.329817 49232.7 -12.3498
16.64              1291.38 2.05102 7822.44              0.031716 49064.9 -16.5703
16.65              1198.27 2.04704 7749.62              -0.162724 48629 -16.8407
16.66              1112.91 1.46083 7745.25              0.00624969 48601 -13.3305
16.67              1019.34 1.80944 7674.61              -0.199234 48181.5 -15.5531
16.68              919.371 1.3165 7645.52              0.0196145 48002.6 -12.4457
16.69              828.029 0.639923 7662.76              0.125362 48097 -8.2037
16.7              723.502 0.950926 7642.03              0.439165 47967.4 -9.91007
16.71              606.869 0.068686 7544.08              -0.320993 47383 -4.76248
16.72              507.223 0.537086 7664.96              0.94247 48089.9 -6.97562
16.73              361.969 0.527268 7414.9              -0.424065 46602.9 -7.84604
16.74              292.481 0.125457 7667.72              1.45339 48083.6 -4.32708
16.75              140.412 1.16102 7386.66              -0.452811 46414.9 -11.6227
16.76              52.5526 0.549926 7591.65              1.64286 47611.4 -7.42181
16.77              -91.5833 -0.7633 7396.5              0.0916046 46442.1 -0.98321
16.78              -225.297 1.49099 7418.52              1.31717 46565.4 -13.8953
16.79              -369.27 0.80866 7265.77              0.46954 45647.3 -10.2498
16.8              -404.364 -17.5202 7437.58              2.12325 46655.8 98.5157
16.81              -617.945 -0.682662 7266.43              0.710842 45614.6 -0.407649
16.82              -728.82 1.19664 7385.46              2.16494 46299.4 -11.623
16.83              -929.954 1.02044 6998.36              0.153102 43991.6 -11.866
16.84              -993.261 -1.27107 7302.8              1.58883 45773.6 2.82358
16.85              -1164.29 -4.00055 7056.42              0.449405 44295.1 18.7847
16.86              -1112.2 24.7936 7712.05              0.57653 48191.5 -155.271
16.87              -1447.25 1.44428 7020.56              0.898445 44020.1 -14.4596
16.88              -1453.55 -4.7713 7543.69              4.06062 47095.1 25.2771
16.89              -1665.98 -27.513 7037.4              -1.53033 44119.4 149.513
16.9              -1690.22 -2.9401 7658.39              4.67708 47717 14.9598
16.91              -1916.03 3.81251 7119.09              1.52236 44522.4 -23.5681
16.92              -1964.44 2.27758 7468.82              4.06719 46546.1 -16.116
16.93              -2176.75 0.503461 7029.13              2.24654 43927.9 -7.13527
16.94              -2292.88 -19.6988 6923.25              4.24421 43296.1 116.737
16.95              -2420.59 -4.07624 6979.03              1.59175 43567.2 21.223
16.96              -2477.62 -0.246198 7206.01              3.06389 44867 -0.815055
16.97              -2546.31 -0.400296 7389.87              3.37544 45916.1 -0.223408
16.98              -2602.57 0.849217 7686.19              5.05916 47629.7 -5.80474
16.99              -2720.94 -6.01307 7518.5              3.28499 46607.9 34.479
17              -2798.44 -2.07051 7672.39              4.14592 47477.1 12.0217
17.01              -2864.68 3.45832 7701.93              3.64736 47620.9 -20.093
17.02              -2912.56 9.98831 7810.23              4.21583 48224.3 -57.9542
17.03              -3023.51 -1.32813 7821.84              4.90452 48262.1 7.92697
17.04              -3145.44 -3.07696 7728.23              4.50315 47665.1 17.9922
17.05              -3258.07 -1.69144 7599.82              4.47938 46878 9.65673
17.06              -3372.46 -12.0104 7447.03              3.81069 45941.9 70.405
17.07              -3519.73 -3.82359 7263.02              4.04795 44820.9 23.0888
17.08              -3542.95 8.84203 7361.83              1.52251 45389.9 -53.2106
17.09              -3713.69 0.0747839 7158.9              3.19822 44146.3 -0.238796
17.1              -3811.24 29.9303 7158.21              10.015 44049.8 -165.103
17.11              -3923.25 -20.1794 6999.87              0.0204013 43090.2 112.42
17.12              -4030.12 -13.8641 6792.78              3.27308 41869.6 81.0997
17.13              -4083.06 -5.97542 6853.04              3.66804 42187.4 36.2216
17.14              -4201.31 -1.29708 6675.3              4.03975 41112.8 8.51404
17.15              -4324.23 -1.83648 6432.74              3.0416 39657.8 11.4438
17.16              -4418.51 0.671911 6325.2              3.97156 38993 -3.02965
17.17              -4474.28 -0.841137 6326.91              3.82356 38967.9 6.0534
17.18              -4609.72 0.556587 6034.61              3.2852 37223.1 -2.40769
17.19              -4630.94 0.73973 6016.5              3.20293 37084.9 -2.85682
17.2              -4694.98 -1.8415 6017.11              3.61066 37055 11.7071
17.21              -4756.4 1.76581 5974.83              3.88136 36760.6 -7.54324
17.22              -4847.95 -0.568511 5758.44              3.18333 35471.9 4.89941
17.23              -4891.2 1.21909 5776.52              3.00901 35538.4 -5.40314
17.24              -5003.54 2.70416 5712.38              3.93096 35068.3 -13.0847
17.25              -5074.14 -3.98859 5479.76              2.08166 33731.1 24.4296
17.26              -5075.12 -1.35099 5543.96              2.96028 34073.9 9.73691
17.21              -4759.62 1.76106 5976.28              3.8825 36770.6 -7.51308
17.22              -4850.22 -0.572918 5759.25              3.18328 35477.7 4.92512
17.23              -4906.35 1.29966 5781.63              3.03934 35575.5 -5.86642
17.24              -5003.63 2.70445 5712.65              3.93099 35070 -13.0862
17.25              -5071.58 -3.99351 5478.99              2.0804 33725.5 24.4586
17.26              -5074.71 -1.35033 5543.84              2.96093 34073.1 9.73314
17.27              -5085.84 -4.3549 5563.04              3.77416 34157.4 28.6642
17.28              -5121.76 -3.4829 5469.47              3.66938 33575.4 23.6306
17.29              -5161.86 -2.4377 5420.14              3.53232 33257.1 17.6085
17.3              -5187.55 -4.13439 5389.09              4.11941 33042.8 27.2076
17.31              -5229.93 -6.72013 5169.58              3.46674 31726.7 41.6877
17.32              -5231.72 -3.26149 5136.29              3.29895 31504.9 22.3063
17.33              -5270.49 7.27038 5088.68              3.07717 31187.5 -36.2234
17.34              -5250.54 0.234075 5050.48              4.11709 30930.9 2.60336
17.35              -5318.21 -7.53634 4862.16              4.04078 29785.4 48.4371
17.36              -5323.25 20.8904 4864.08              7.33192 29754.8 -111.358
17.37              -5326.53 -15.4393 4809.07              -1.13234 29399.3 88.4915
17.38              -5289.98 5.13142 4813.38              1.92618 29411.3 -27.6571
17.39              -5228.95 -3.67097 4830.9              3.40243 29482.9 25.8625
17.4              -5245.87 -2.56137 4714.19              3.33833 28774.7 19.5057
17.41              -5250.17 -0.648565 4618.03              3.172 28182.2 8.31473
17.42              -5282.05 -4.88695 4478.11              3.2288 27337.5 32.0609
17.43              -5317.04 -11.1576 4305.28              2.67288 26300.2 66.5831
17.44              -5172.08 -3.16039 4442.05              2.96352 27058.2 22.8431
17.45              -5215.27 11.7751 4315.64              2.82929 26286 -60.5028
17.46              -5155.23 -7.18352 4273.66              3.57274 26001.1 47.904
17.47              -5107.1 1.41257 4249.95              2.60889 25827.9 -2.95429
17.48              -5034.94 1.99153 4320.43              3.51054 26154.6 -5.93384
17.49              -4934.8 -1.71163 4307.02              3.15985 26060.4 15.4204
17.5              -4908.05 11.8175 4105.8              2.24445 24849.9 -64.545
17.51              -4821.26 -0.64389 4055.54              3.35171 24529.5 9.53287
17.52              -4739.95 0.563743 3962.4              3.23042 23951.9 2.31931
17.53              -4664.36 2.30483 3868.86              3.0525 23377.3 -7.72416
17.54              -4687.14 -15.1429 3691.27              3.33956 22319.8 89.4585
17.55              -4472.68 2.99297 3701.63              2.39876 22358.9 -10.439
17.56              -4361.42 -0.159316 3688.33              2.68319 22254.4 5.70162
17.57              -4378.58 17.3042 3499.15              2.19787 21137.6 -89.9712
17.58              -4195.85 4.18825 3530.37              2.60721 21295.7 -19.1062
17.59              -4156.96 -5.30742 3383.88              2.6037 20418.2 36.3101
17.6              -3897.13 6.42127 3632.91              4.43527 21825.5 -29.7189
17.61              -3847.79 -1.72097 3489.95              1.09079 20986 14.0862
17.62              -3805.57 13.3022 3280.11              0.889082 19770.3 -73.0506
17.63              -3725.27 4.23917 3176.74              1.67663 19172.2 -19.9584
17.64              -3699.28 4.18083 2976.77              0.939527 18015 -19.7308
17.65              -3632.06 7.15665 2860.1              0.72169 17333.4 -37.102
17.66              -3473.22 6.43233 2909.45              0.976236 17599.7 -33.0925
17.67              -3511.66 0.0685009 2665.12              0.659971 16189.4 0.0993013
17.68              -3232.86 7.10781 2850.42              0.77117 17230 -36.733
17.69              -2950.15 4.32756 3100.9              1.71019 18644.1 -21.8586
17.7              -2816.53 9.14922 3128.25              1.73735 18785.9 -46.3425
17.71              -2563.77 7.87457 3319.35              2.10981 19865.7 -39.7596
17.72              -2213.37 3.96504 3691.48              3.70608 21973 -17.2292
17.73              -1910.06 -4.27659 3925.65              2.01715 23312.3 27.559
17.74              -1857.11 6.47698 3781.89              4.16949 22491 -30.6573
17.75              -1768.37 3.81328 3719.89              3.39879 22128.4 -16.7311
17.76              -1628.79 7.57844 3726.06              2.82425 22157.4 -39.1323
17.77              -1525.45 5.49661 3685.03              2.69998 21925.7 -27.4636
17.78              -1400.72 5.19374 3688.82              2.45888 21945.7 -25.9231
17.79              -1326.34 6.02352 3615.06              2.06357 21528.4 -31.2731
17.8              -1210.42 6.92628 3614.6              1.91458 21526 -36.5884
17.81              -1093.92 6.46505 3611.76              1.77112 21512.2 -34.2606
17.82              -1137.2 2.85242 3399.77              1.27475 20319.7 -16.442
17.83              -904.706 9.01897 3521.55              0.883713 21019.7 -48.3852
17.84              -725.981 8.00439 3627.65              1.01413 21634 -42.9404
17.85              -618.851 7.70038 3623.46              0.719783 21625.5 -41.4289
17.86              -457.211 9.78004 3710.5              0.704665 22132 -51.7272
17.87              -321.657 8.10841 3747.34              0.562983 22358.2 -43.6888
17.88              -158.045 7.70078 3861.94              0.781139 23008.1 -42.0546
17.89              23.5995 6.62135 4003.48              1.16829 23808.9 -36.4918
17.9              167.905 6.00793 4132.34              1.59257 24518.1 -33.8696
17.91              207.026 5.55685 4100.43              1.14404 24328.9 -32.3474
17.92              265.335 6.45555 4119.08              1.53069 24414.6 -37.3674
17.93              318.827 6.77223 4145.05              1.77431 24534.7 -39.7804
17.94              349.425 6.26069 4138.76              1.31743 24476.4 -37.4067
17.95              400.864 8.17809 4165.57              1.42456 24599.6 -48.3782
17.96              427.062 6.20034 4156.63              1.51547 24528.4 -36.9275
17.97              491.137 5.92719 4209.05              1.53227 24795.1 -35.4294
17.98              516.205 5.71914 4198.17              1.265 24712.4 -34.2898
17.99              555.293 5.33032 4206.1              1.09444 24734.2 -32.0897
18              600.637 5.01913 4223.38              1.06588 24808.1 -30.3788
18.01              641.684 5.11051 4230.15              1.06896 24826.3 -31.083
18.02              653.403 5.36187 4183.31              0.930815 24552.9 -32.5798
18.03              723.954 4.92974 4234.32              0.958809 24819.4 -30.2084
18.04              779.356 5.21481 4256.9              0.993059 24929.9 -31.7674
18.05              835.428 4.11186 4273.58              1.07373 25010.3 -25.5173
18.06              893.752 5.10749 4293.48              1.03074 25108.8 -31.9915
18.07              961.436 3.78465 4328.41              1.06819 25290.4 -24.0223
18.08              1028.99 4.75368 4361.98              1.0789 25463.7 -30.347
18.09              1081.38 3.54983 4356.96              1.01628 25431.6 -23.1286
18.1              1131.94 2.39671 4364.66              1.16492 25461.4 -17.5182
18.11              1206.92 3.16761 4380.29              0.899126 25543 -21.2154
18.12              1267.71 2.52075 4384.8              0.74953 25562 -17.4718
18.13              1285.89 2.94168 4258.32              0.734076 24875.7 -20.2871
18.14              1342.15 3.20819 4226.88              0.930129 24698.6 -21.8335
18.15              1468.14 2.6161 4405.49              0.944984 25651.5 -18.9215
18.16              1533.09 2.13943 4415.48              0.926062 25696.1 -16.2554
18.17              1650.28 1.66603 4589.96              0.811272 26629.5 -13.7896
18.18              1681.2 1.24465 4495.23              0.512741 26105.9 -11.065
18.19              1741.47 1.09519 4487.43              0.770384 26051.5 -10.1192
18.2              1774.87 1.31546 4406.53              0.581401 25603.6 -11.5029
18.21              1856.22 0.79134 4496.78              0.141733 26075.1 -8.36087
18.22              1899.44 0.314578 4479.02              0.222064 25963.4 -5.75647
18.23              1953.08 0.134668 4486.82              -0.049694 25987.5 -4.11746
18.24              1979.43 -0.0447246 4389.92              -0.376455 25444.6 -2.73603
18.25              2038.28 -0.212695 4445.22              -0.583861 25725.4 -1.61081
18.26              2082.12 -0.501414 4446.49              -0.82628 25711.1 0.706764
18.27              2125.92 -0.819187 4453.1              -0.813434 25727.2 3.1835
18.28              2186.61 -0.43943 4487.57              -1.19611 25891.7 1.02554
18.29              2281.08 -1.31678 4728.66              -1.32636 27184.5 6.4916
18.3              2306.63 -0.870145 4702.36              -1.44002 27020.5 3.7098
18.31              2325.2 -1.14651 4678.98              -1.33196 26872.5 6.31215
18.32              2344.54 -1.1031 4643.7              -1.46527 26658.2 6.00173
18.33              2374.97 -1.02886 4664.38              -1.46893 26751.4 5.61609
18.34              2413.41 -1.46972 4700.88              -1.57581 26930.5 8.23484
18.35              2500.27 -2.15204 4916.64              -1.54115 28100.7 11.9419
18.36              2486.62 -1.67679 4773.4              -1.60337 27295.6 9.48975
18.37              2500.78 -4.15008 4728.64              -1.81514 27033.8 24.3419
18.38              2538.12 0.887458 4782.17              -0.701651 27317.5 -4.14932
18.39              2547.21 -2.06708 4728.44              -1.39904 27005.3 12.661
18.4              2606.93 11.1207 4823.59              2.57282 27539.6 -56.3415
18.41              2609.83 -17.3529 4730.34              -5.46519 27019 92.3053
18.42              2617.75 -2.97693 4780.55              -0.810809 27261.4 18.4515
18.43              2653.04 5.58834 4779.65              -0.170241 27263.1 -30.8835
18.44              2634.21 -2.01988 4724.72              -0.71059 26934.2 13.2538
18.45              2596.83 0.367466 4610.55              -0.405203 26258.4 -0.131718
18.46              2643.41 -7.0726 4655.1              0.0338588 26520.7 43.9328
18.47              2637.07 -4.223 4610.72              -0.217061 26266.3 23.5303
18.48              2601.16 -0.0669154 4532.9              0.254233 25833.7 2.65581
18.49              2580 1.26948 4513.61              0.455045 25732.7 -4.62574
18.5              2684.33 11.7542 4622.14              0.883244 26345.7 -62.0935
18.51              2638.62 3.19939 4634.73              1.08209 26418.1 -14.9638
18.52              2619.68 0.903704 4596.59              1.22909 26211.3 -1.8056
18.53              2603.52 2.35327 4570              1.4792 26070.2 -9.82869
18.54              2577.66 4.27591 4532.65              2.00204 25867.4 -20.9702
18.55              2568.72 3.32672 4513.55              2.17097 25771.5 -15.001
18.56              2544.72 0.219615 4476.23              2.45122 25574.9 3.3812
18.57              2448.5 6.99883 4264.45              3.43549 24393 -35.3302
18.58              2391.95 20.3247 4115.62              7.36122 23578.1 -105.941
18.59              2482.3 -7.59844 4326.45              0.125677 24795.8 41.9802
18.6              2495.72 2.31022 4436.08              3.7578 25414.2 -10.0782
18.61              2421.89 5.56172 4322.76              4.08769 24771.7 -28.2627
18.62              2555.45 9.63011 4712.28              4.91749 27026.9 -49.0458
18.63              2413.14 5.87725 4363.82              5.45426 25061 -31.811
18.64              2572.67 7.03311 4753.97              5.91245 27335.8 -37.9951
18.65              2480.91 1.02103 4629.19              6.20112 26651.3 -3.75977
18.66              2663.54 2.92678 5033.38              6.58463 29009 -13.489
18.67              2507.47 5.30069 4767.63              6.27285 27533.4 -27.0484
18.68              2670.52 1.03783 5130.93              6.50412 29656.5 -2.05257
18.69              2513.58 3.00935 4866.77              5.94465 28188.9 -13.8911
18.7              2732.75 7.83868 5350.6              4.74924 31004.1 -42.3741
18.71              2600.84 -1.78737 5126.99              4.49529 29770.4 13.5469
18.72              2726.52 1.32014 5428.18              5.47612 31549.6 -2.6732
18.73              2634.71 -9.32686 5262.95              3.50272 30642.9 58.1832
18.74              2693.62 -6.79813 5400.06              3.0706 31465.5 43.5409
18.75              2707.88 -3.49473 5578.51              1.62076 32558.1 27.4052
18.76              2705.98 -11.8773 5561.09              1.1544 32497.8 71.3725
18.77              2698.62 -14.5866 5606.57              -0.0369014 32809.7 87.8125
18.78              2799.5 -16.0559 5879.08              -0.251999 34436.5 97.4499
18.79              2672.88 -13.642 5683.06              -1.45991 33349.8 83.787
18.8              2791.67 -16.2582 6004.36              -1.4873 35264.8 99.5165
18.81              2611.91 -17.0995 5724.07              -2.96425 33694.3 105.391
18.82              2761.41 -12.7231 6086.95              -4.92357 35842.5 78.1881
18.83              2642.1 -27.745 5964.56              -7.0458 35184.9 163.089
18.84              2785.49 -11.4186 6326.55              -2.38803 37336.1 74.6199
18.85              2582.64 -16.9955 5966.18              -3.47905 35300.1 103.381
18.86              2659.82 -10.2429 6178.18              -0.598757 36579.2 64.3884
18.87              2578.77 -0.373562 6157.42              0.632581 36519.2 8.67758
18.88              2629.8 -3.29994 6258.02              3.03771 37151.5 22.1411
18.89              2551.43 -2.33155 6204.81              3.34158 36905.7 15.9308
18.9              2632.75 -0.730614 6445.09              4.26259 38367.6 7.17408
18.91              2509.89 3.02144 6264.4              3.4015 37373.3 -14.6065
18.92              2610.23 -0.156037 6550.83              3.61628 39102.3 4.81726
18.93              2486.83 1.32474 6375.93              2.64788 38142.3 -4.54696
18.94              2622.7 6.90626 6764.76              1.31238 40462.9 -38.4635
18.95              2491.42 -15.8688 6642.19              -1.16882 39796.3 88.721
18.96              2540.22 17.2442 6819.77              5.33637 40873.6 -92.1427
18.97              2436.63 -6.20703 6607.43              2.87983 39711 39.5094
18.98              2457.56 -2.68478 6707.54              1.96897 40366.1 18.0148
18.99              2400.17 3.89115 6749.51              0.876966 40679 -18.2026
19              2445.5 -2.14468 6814.91              1.24076 41118 13.769
19.01              2435.11 -8.72004 6936.13              1.16018 41900.2 51.3646
19.02              2455.62 -6.57992 7058.11              1.18978 42678.5 39.3766
19.03              2343.42 -2.22459 6871.37              0.171661 41646.7 14.0534
19.04              2393.15 -4.41053 7048.15              0.504945 42745.8 27.5451
19.05              2377.11 -2.48181 7095.48              0.492 43088.9 16.0284
19.06              2343.06 7.62333 7082.87              -0.617139 43054.2 -44.6495
19.07              2402.97 -35.9619 7465.21              -5.07902 45335.9 199.604
19.08              2360.09 30.5365 7479.52              7.02475 45445.9 -166.865
19.09              2261.29 3.7918 7191              0.973994 43882.5 -20.9324
19.1              2335.71 -4.97568 7427.15              4.11302 45301.3 32.0348
19.11              2171.77 5.76855 7148.5              0.489072 43732.9 -31.3565
19.12              2276.86 -0.379704 7406.83              2.19927 45317.3 3.40197
19.13              2234.9 1.18177 7358.84              1.09307 45099.9 -5.9353
19.14              2252.15 -5.14663 7522.53              1.58615 46118 30.8219
19.15              2347.81 -2.44142 7863.11              2.46019 48183.8 15.3975
19.16              2250.67 1.57311 7660.28              1.3001 47038.5 -8.25127
19.17              2289.6 1.01284 7825.23              1.91142 48071.7 -4.88759
19.18              2264.59 -0.0726683 7833.32              1.51993 48172.5 1.9386
19.19              2244.06 1.89799 7853.12              1.68384 48347.9 -10.5298
19.2              2274.6 3.93333 8072.82              -0.206155 49675.3 -24.4537
19.21              2283.21 -47.4523 8332.37              -5.05015 51210.3 262.349
19.22              2163.63 51.0311 8143.84              9.65813 50108.1 -282.68
19.23              2212.81 8.98211 8081.47              2.61438 49893.6 -52.364
19.24              2085.67 -1.89153 7777.51              2.08264 48120.4 11.6432
19.25              2100.31 4.17051 7837.77              1.77467 48545.9 -25.5287
19.26              2158.11 5.10361 8091.04              1.79217 50090.9 -31.5054
19.27              2040.81 2.6524 7726.25              0.217713 47977.3 -17.8846
19.28              2144.55 1.4814 8099.78              1.60717 50239.1 -10.362
19.29              2074.15 2.63894 7918.52              0.366471 49204.2 -18.299
19.3              2218.39 -1.99672 8556.65              3.1432 53003.5 10.8971
19.31              2131.16 1.46835 8280.62              1.44273 51413 -11.2635
19.32              2165.65 1.86221 8489.59              2.18113 52684.1 -13.5223
19.33              2063.09 3.68443 8112.68              0.228506 50493 -25.7113
19.34              2132.25 2.42302 8470.5              2.10215 52641.1 -17.3943
19.35              2048.32 2.61748 8157.66              0.216437 50827.4 -19.5017
19.36              2083.83 3.03123 8370.31              1.41336 52108.5 -21.8247
19.37              2056.09 3.27644 8301.61              0.983744 51732.9 -23.6993
19.38              2033.6 5.84311 8270.23              0.137051 51567.8 -39.885
19.39              2057.27 -6.42002 8538.78              -1.0994 53159.3 31.4426
19.4              2056 1.56377 8561.71              1.60192 53323.3 -13.5792
19.41              1995.48 -69.8278 8528.34              -9.33468 53072.7 382.839
19.42              1975.72 -3.01302 8294.44              0.29386 51776.4 10.8377
19.43              1948.82 95.4595 8625.91              15.2552 53629.3 -538.03
19.44              1950.74 10.4338 8399.04              2.39087 52421.6 -65.3056
19.45              1889.1 5.57414 8143.95              0.455025 50944.8 -38.8938
19.46              1889.12 3.37127 8333.68              1.09619 52061.3 -25.1624
19.47              1796.06 4.45916 7995.57              -0.449542 50072.2 -33.5589
19.48              1794.49 5.7027 8327.2              2.49376 52031.7 -39.3714
19.49              1706.5 4.29022 8029.43              -0.110596 50281.6 -32.0616
19.5              1682.55 1.9917 8225.17              1.04755 51436.4 -17.5646
19.51              1578.18 3.66485 7888.68              -0.649253 49454.9 -28.6813
19.52              1569.4 -0.291307 8126.34              1.1206 50859.3 -6.06672
19.53              1439.45 2.06846 7757.93              -1.14517 48682.8 -19.7424
19.54              1420.78 0.23933 8120.09              0.833533 50815 -6.79851
19.55              1271.32 4.10924 7607.63              -1.4182 47787.1 -30.7816
19.56              1265.04 -0.281303 8086.76              1.06903 50610.2 -2.91609
19.57              1104.05 3.15506 7511.12              -1.8947 47213.8 -25.3771
19.58              1095.45 -0.84335 8041.89              1.22471 50337.1 0.801728
19.59              908.249 1.63078 7400.74              -2.22819 46549.5 -15.8713
19.6              907.702 -1.93992 7998.78              1.21929 50069.5 8.27212
19.61              715.699 0.157518 7383.53              -2.25225 46432.2 -6.20293
19.62              712.179 -2.47009 7983.15              1.2272 49961.1 12.0526
19.63              506.613 -0.0799556 7321.44              -2.37748 46047.4 -4.48616
19.64              500.439 -2.70899 7920.04              1.26664 49569.3 13.7924
19.65              288.412 -0.210098 7273.3              -2.79341 45744.3 -3.08799
19.66              265.587 -2.56297 7841.49              1.39855 49084 13.1049
19.67              52.8768 -2.89711 7279.11              -2.52001 45753.8 12.8684
19.68              13.4695 -2.75988 7730.2              1.16231 48402.4 14.0784
19.69              -184.74 -2.19 7269.61              -1.69838 45671.8 9.20524
19.7              -249.875 -2.58488 7597.58              0.917232 47588 12.9761
19.71              -386.084 -22.1162 7212.53              -1.46389 45312.2 126.996
19.72              -515.629 -3.74612 7546.92              0.880423 47257.5 20.9643
19.73              -691.679 -2.79871 7259.54              -0.736954 45539.3 13.6668
19.74              -803.442 -4.72075 7378.45              -0.278569 46226.4 25.4749
19.75              -965.311 -7.39667 7191.75              -0.806104 45102.3 41.5143
19.76              -962.61 17.7163 7682.44              -1.45389 48022.7 -110.824
19.77              -1200.93 1.23908 7313.57              0.255223 45760 -10.6042
19.78              -1331.05 -4.05286 7364.97              1.13506 46045.8 22.1352
19.79              -1449.64 -8.84313 7408.16              1.13621 46283.5 51.3062
19.8              -1568.34 -27.6401 7339.49              -1.08923 45883.8 154.938
19.81              -1695.63 2.37413 7467.29              1.69868 46599.4 -11.6413
19.82              -1872.71 -7.43133 7244.27              0.571744 45235.2 42.7729
19.83              -1866.07 -0.916202 7831.61              4.05659 48672.3 5.9843
19.84              -2288.51 -23.9216 6258.12              -0.96278 39400.6 140.821
19.85              -2135.78 -7.80711 7729.91              3.33349 48009 48.2209
19.86              -2455.63 -3.35161 6756.35              -1.00205 42247.5 17.3126
19.87              -2321.31 -4.34327 7947.52              4.14004 49223.6 27.4077
19.88              -2513.45 -3.22654 7532.27              1.68075 46747.6 18.7138
19.89              -2532.59 -3.64822 7943.15              3.65445 49130.4 23.1527
19.9              -2731.58 -7.40114 7485.48              1.32071 46408.3 43.9499
19.91              -2699.64 -4.9862 8062.5              3.57735 49761.9 31.7935
19.92              -2801.44 1.45757 7962.88              2.9864 49146.2 -6.48996
19.93              -2874.65 8.48371 7953.17              3.15615 49054.8 -48.0425
19.94              -3008.3 -2.19026 7841.52              3.18593 48373.6 13.7592
19.95              -3151.85 -3.84843 7639.74              2.4344 47146.5 22.4567
19.96              -3222.37 -11.1181 7607.62              3.05753 46921.9 65.6291
19.97              -3429.79 -3.57343 7232.45              1.87958 44673.7 21.4619
19.98              -3428.62 7.93303 7419.3              0.256683 45774.3 -47.8218
19.99              -3535.15 3.29176 7428.76              2.59525 45749.4 -19.0424
20              -3678.58 28.1532 7326.75              8.00491 45078.1 -154.577
20.01              -3805.73 -21.1155 7137.48              -1.42604 43933.9 117.914
20.02              -3929.62 -6.9735 6875.84              -0.37409 42386.4 38.8154
20.03              -3964.78 -9.94314 6926.01              2.94514 42657.2 59.6051
20.04              -4042.31 -4.42425 6924.43              2.38832 42609.4 27.151
20.05              -4194.88 -1.77851 6601.7              1.50502 40683.4 10.6539
20.06              -4287.21 -0.067281 6504.93              2.04613 40081.9 0.826821
20.07              -4359.55 -2.08194 6475.83              1.4218 39875.4 12.8429
20.08              -4502.29 0.933998 6193.64              1.76971 38193.2 -5.14709
20.09              -4503.94 4.39464 6240.58              2.20237 38432.4 -24.7182
20.1              -4583.77 -0.103939 6195.91              2.08042 38138.1 0.618146
20.11              -4654.85 6.25253 6138.41              2.81348 37759.1 -34.6554
20.12              -4756.71 1.494 5959.64              2.47197 36679.1 -7.75987
20.13              -4826.08 2.71281 5859.17              2.06049 36056.4 -15.0509
20.14              -4885.88 30.9312 5887.02              7.66698 36152.5 -171.39
20.15              -4968.14 -13.7658 5746.19              -1.56607 35299.9 75.8448
20.16              -5043.18 0.391284 5558.53              0.436781 34193.6 -3.33391
20.17              -5023.91 -3.22063 5682.76              1.94237 34892.3 20.3708
20.18              -5074.09 -1.71866 5590.4              2.06248 34321.2 12.1445
20.19              -5103.25 -0.833475 5516.07              2.02334 33850.2 7.05742
20.2              -5135.2 -0.088212 5495.58              2.44732 33701.6 3.05267
20.21              -5247.71 -8.93529 5217.19              2.18403 32038.1 53.3537
20.22              -5175.46 1.19374 5279.1              1.79104 32373.1 -3.35922
20.23              -5208.62 -2.43322 5183.69              1.95035 31785.7 16.3146
20.24              -5261.36 9.68854 5116.55              2.15129 31346.8 -50.7002
20.25              -5291.71 -5.53853 4942.78              3.53531 30295.8 36.3453
20.26              -5281.14 22.6505 5025.75              6.42952 30726.2 -122.266
20.27              -5284.53 -10.784 4955.53              -1.34358 30290 61.227
20.28              -5302.84 3.60186 4798.14              -0.214273 29354.8 -20.212
20.29              -5216.57 -2.32672 4915.86              2.10544 30017.2 17.0881
20.3              -5230.83 -2.05483 4795.03              2.03019 29283.9 16.1348
20.31              -5237.04 1.1785 4702.45              2.14751 28715.2 -2.92201
20.32              -5225.6 0.680138 4622.91              2.2323 28218.6 0.0896646
20.33              -5352.3 -12.511 4350.34              2.21988 26603.2 73.6133
20.34              -5161.09 2.6197 4520.7              1.65252 27557.2 -9.99709
20.35              -5207.86 14.0179 4401.43              1.46176 26824.1 -74.0544
20.36              -5108.65 1.56952 4424.93              2.36918 26927.1 -4.76837
20.37              -5127.33 -6.46386 4304.03              2.30874 26176.7 43.0601
20.38              -5072.55 17.1112 4290.27              4.19088 26051.9 -90.5853
20.39              -4987.27 -5.0834 4332.95              -0.154663 26254.5 31.0115
20.4              -4906.44 11.4403 4274.47              0.378684 25878.3 -63.7167
20.41              -4833.99 2.35013 4204.46              1.96286 25445 -9.51268
20.42              -4796.38 1.73066 4050.8              1.60918 24517.2 -5.47039
20.43              -4724.45 4.82554 3959.66              1.64257 23951 -23.6371
20.44              -4652.67 -0.171339 3886.26              2.1674 23487 4.29058
20.45              -4653.1 -7.61103 3675.3              1.69264 22240.1 45.6617
20.46              -4430.53 5.36164 3730.57              1.54445 22532.6 -25.7363
20.47              -4433.25 19.5782 3606.59              1.25311 21789 -104.237
20.48              -4248.78 5.72975 3626.78              2.08064 21882 -28.8644
20.49              -4199.38 -4.23563 3517.52              2.08124 21217 29.3182
20.5              -3899.87 10.8479 3845.86              4.05536 23074.3 -55.3676
20.51              -3877.69 2.37365 3628.29              0.481783 21807 -10.7386
20.52              -3833.75 13.6721 3450.74              0.409542 20772.6 -75.6955
20.53              -3755.62 5.59633 3332.23              1.32457 20088.3 -28.2967
20.54              -3713.43 5.3267 3163.05              0.702833 19104.9 -26.687
20.55              -3681.71 7.58439 2990.36              0.277173 18104.6 -40.3654
20.56              -3609.83 9.57191 2884.16              -0.0101504 17480.8 -51.8735
20.57              -3431.89 5.387 2987.3              0.859678 18049.8 -28.5228
20.58              -3488.44 4.41365 2668.85              -0.417892 16217.4 -25.7609
20.59              -3164.29 7.43716 2955.38              0.552693 17837.4 -40.0594
20.6              -2985.85 12.0837 3052              0.746319 18369.8 -63.6638
20.61              -2740.76 9.09114 3212.3              1.41972 19272.4 -47.5701
20.62              -2509.31 5.48386 3378.44              2.30943 20210.9 -26.6955
20.63              -2177.19 5.35252 3695.2              3.06475 22000.7 -25.3507
20.64              -2023.56 -1.99976 3684.99              1.09202 21954.5 13.161
20.65              -1770.8 6.00166 3867.87              4.45608 22987.6 -27.8669
20.66              -1752.29 8.19718 3689.55              2.75841 21962.7 -42.5608
20.67              -1609.91 5.64887 3704.31              2.80057 22045.5 -28.0972
20.68              -1478.95 5.23557 3707.11              2.60919 22060.3 -25.9966
20.69              -1391.27 5.26258 3649.99              2.21099 21734.2 -26.55
20.7              -1278.78 6.44555 3637.56              2.08173 21665.1 -33.5527
20.71              -1158.08 5.64302 3641.52              1.91271 21688.6 -29.3779
20.72              -1076.4 4.02333 3597.26              1.9209 21439.7 -20.9138
20.73              -1089.09 3.82519 3414.81              1.19394 20419.2 -21.3942
20.74              -834.972 7.49227 3578.35              1.0518 21352.4 -39.4891
20.75              -748.953 7.47348 3537.83              0.891233 21144.9 -40.0143
20.76              -521.141 6.84075 3709.37              1.00714 22125.9 -35.8566
20.77              -422.556 9.73198 3702.94              0.770801 22110.1 -50.8595
20.78              -219.187 6.01843 3832.79              0.906896 22858.2 -31.3142
20.79              -41.6461 4.67318 3964.66              1.08526 23606.4 -23.7938
20.8              82.1784 4.55696 4016.22              1.13781 23901.5 -23.9195
20.81              181.864 3.7941 4072.22              1.28646 24207.7 -20.4448
20.82              271.965 3.62345 4135.12              1.32359 24541.3 -20.0277
20.83              309.015 3.76847 4126.29              1.2294 24473.3 -21.4054
20.84              366.297 3.38569 4164.8              1.11435 24660.4 -19.5568
20.85              386.414 4.1118 4146.01              1.67209 24532 -24.1728
20.86              424.594 7.02384 4160.28              1.62453 24579.5 -41.2594
20.87              445.148 4.0923 4151.33              1.99337 24505.2 -24.8168
20.88              471.232 3.96041 4149.08              1.97107 24466.1 -24.2494
20.89              508.258 3.70662 4159.24              1.92548 24496.4 -22.8977
20.9              531.624 3.69074 4144.16              1.83314 24390 -22.8802
20.91              570.676 3.89868 4152.36              1.86229 24413.1 -24.2135
20.92              586.83 4.055 4116.5              1.77304 24197.8 -25.2413
20.93              658.376 3.82495 4177.92              1.962 24516.7 -24.0742
20.94              712.465 4.08585 4208.32              2.06913 24667.1 -25.5055
20.95              761.727 3.42679 4220.05              2.06315 24717.3 -22.0515
20.96              817.395 3.38348 4242.12              2.12208 24826.5 -22.0014
20.97              871.424 2.78487 4255.75              2.13605 24890 -18.642
20.98              930.088 3.33283 4278.76              2.16274 25004.1 -22.2691
20.99              970.047 3.24885 4250.77              2.03212 24846 -21.9684
21              1023.39 2.62291 4267.6              2.21645 24925.2 -19.8788
21.01              1110.08 0.843071 4323.87              2.08297 25225.8 -7.79066
21.02              1192.36 1.97525 4388.7              2.03711 25567.2 -15.3711
21.03              1242.36 2.53523 4365.46              2.10922 25435.1 -18.7616
21.04              1293.9 0.535899 4346.85              1.91035 25327.2 -6.70324
21.05              1360.08 0.812886 4359.01              1.97896 25384 -8.8321
21.06              1394.75 0.458202 4273.94              2.17735 24915.3 -6.87345
21.07              1465.51 -0.122362 4295.72              2.35087 25022.8 -3.6765
21.08              1565.05 -0.742132 4421.95              2.26294 25693.6 -0.341456
21.09              1652.93 -1.01452 4507.53              2.09204 26143.9 0.934521
21.1              1670.88 -1.38865 4377.6              2.16549 25430.8 3.33856
21.11              1738.91 -1.78275 4393.8              2.10044 25505.5 5.5927
21.12              1790.78 -1.98316 4393.8              1.92179 25491.9 6.7363
21.13              1854.18 -2.4246 4426.86              1.9183 25652.8 9.15658
21.14              1891.09 -2.62837 4376.05              1.91054 25360.1 10.654
21.15              1929.29 -2.71391 4331.2              1.80766 25097.9 11.1907
21.16              1990.25 -2.72237 4392.79              1.58512 25414.9 11.1295
21.17              2043.29 -3.0626 4425.82              1.4581 25573.8 13.3504
21.18              2089.05 -3.06076 4428.91              1.18556 25573.1 13.8123
21.19              2166.14 -3.50412 4556.08              0.986961 26248.1 16.922
21.2              2236.38 -3.90442 4682.4              0.772768 26920 19.1305
21.21              2255.9 -3.86099 4648.53              0.312451 26716.9 19.1447
21.22              2286.72 -3.88903 4644.63              0.185549 26676 20.2571
21.23              2303.22 -3.63097 4604.93              -0.0446125 26436.5 19.3987
21.24              2340.17 -3.98138 4630.12              -0.320559 26556.1 21.9074
21.25              2429.98 -4.72704 4869.54              -0.453006 27854.4 26.4552
21.26              2422.71 -4.21522 4744.4              -0.603301 27150 24.0202
21.27              2433.84 -6.67161 4689.3              -0.927957 26830.4 38.8972
21.28              2459.31 -1.51734 4702.98              -0.00196539 26893.9 10.2841
21.29              2456.64 -1.86748 4592.02              -0.693281 26261.4 11.5678
21.3              2511.44 10.4998 4662.44              2.98917 26656.6 -51.1849
21.31              2520.84 -20.4485 4594.35              -5.14206 26274.3 109.532
21.32              2517.84 -5.36422 4670.99              -0.74392 26665.4 32.0957
21.33              2561.95 -1.87902 4691.81              -0.224375 26764.8 12.4293
21.34              2603.24 0.164288 4710.2              -0.0233992 26869.6 0.883365
21.35              2549.13 -2.58131 4638.65              -0.55202 26449.7 16.7874
21.36              2582.29 -8.98594 4606.21              -0.637027 26234.4 54.7049
21.37              2562.87 -4.40877 4576.88              -0.428899 26078.2 27.8929
21.38              2545.62 -4.15635 4491.16              0.108109 25596.9 24.7436
21.39              2539.48 -1.17697 4457.96              0.343588 25408.5 9.58129
21.4              2595.78 7.66219 4487.21              0.655024 25573.4 -38.4249
21.41              2591.09 2.92591 4573.38              0.89574 26068.2 -12.3674
21.42              2554.22 0.504339 4510.9              1.25864 25714.6 1.35766
21.43              2548.34 -1.30176 4486.14              1.4902 25582.8 11.8166
21.44              2527.3 2.11323 4432.32              1.94275 25279.9 -7.8609
21.45              2486.75 1.27395 4393.24              2.2082 25075.6 -2.49878
21.46              2472.54 -1.44351 4331.52              2.55455 24734.9 13.7801
21.47              2357.31 5.84288 4074.12              3.60047 23283.9 -27.644
21.48              2361.15 18.3018 4048.49              7.52713 23173.1 -92.7842
21.49              2440.76 -10.2838 4253.52              0.794644 24357.8 58.0201
21.5              2360.01 3.03106 4165.19              4.28363 23847.8 -13.5867
21.51              2461.94 1.29189 4404.35              5.47263 25212.3 -2.63863
21.52              2344 10.2224 4236.84              5.75841 24266.8 -51.918
21.53              2476.67 2.84711 4523.51              7.22482 25937.3 -13.4407
21.54              2399.79 6.83559 4338.23              7.81565 24909.8 -36.0594
21.55              2486.66 1.08 4638.87              8.49148 26658.5 -3.91373
21.56              2505.62 3.67933 4709.76              9.09416 27108.1 -18.1333
21.57              2503.08 6.26676 4764.08              9.443 27461.3 -32.637
21.58              2509.01 5.28526 4814.28              9.98643 27791.2 -26.9706
21.59              2504.98 5.84075 4841.84              10.1198 27992.2 -30.1877
21.6              2542.91 14.1023 4950.95              8.91163 28653.5 -78.5401
21.61              2614.69 3.75701 5141.82              10.0029 29801.8 -18.6128
21.62              2620.03 2.93952 5183.3              9.85946 30086.4 -15.1692
21.63              2608.58 8.91456 5221.51              10.0656 30360 -47.6059
21.64              2630.51 -4.28427 5331.08              8.34727 31041.3 27.9881
21.65              2596.46 2.80207 5323.85              7.05233 31037.6 -10.6218
21.66              2683.1 -7.79407 5478.53              6.12654 31986.2 47.0347
21.67              2614.02 -9.54244 5390.37              2.74659 31534 59.0216
21.68              2683.6 -21.5919 5649.92              -0.508434 33087.7 128.454
21.69              2671.09 -24.1817 5676.73              -4.72075 33297.4 145.505
21.7              2686.19 -28.4818 5754.14              -8.05291 33796.6 170.636
21.71              2630.88 -34.0631 5717              -10.6487 33626.5 204.249
21.72              2659.02 -33.788 5859.75              -11.2669 34510.9 201.548
21.73              2672.23 -29.7647 5973.2              -11.9816 35211.3 178.663
21.74              2622.38 -35.4438 5986.12              -10.8513 35337.4 208.687
21.75              2641.94 -16.4736 6094.74              -6.85196 36012.9 103.93
21.76              2574.01 -21.9314 6025.01              -5.59847 35660.3 133.691
21.77              2562.68 -5.84038 6101.79              -1.18477 36152.1 41.0616
21.78              2548.95 -1.95737 6102.84              3.27733 36208.5 14.9421
21.79              2531.56 7.30377 6149.15              5.61775 36543.4 -38.3601
21.8              2520.67 4.74696 6204.84              7.38973 36910.4 -25.0403
21.81              2551.37 11.469 6325.98              7.72277 37677.7 -62.7376
21.82              2528.09 10.8099 6381.43              6.95996 38066.2 -59.0412
21.83              2482.19 8.2106 6375.51              6.10399 38085.5 -43.2434
21.84              2439.43 16.5266 6365.08              3.77091 38078.2 -93.9003
21.85              2545.28 2.8399 6674.69              3.79103 39952.9 -13.331
21.86              2502.04 4.7693 6800.75              4.02083 40691 -25.1238
21.87              2436.26 4.49563 6621.92              2.37817 39766.9 -24.0679
21.88              2436.93 -3.2883 6684.9              3.86753 40174.3 22.7089
21.89              2305.5 6.50349 6532.62              1.42946 39348.5 -33.3882
21.9              2400.98 -0.738632 6729.1              2.20841 40560.5 6.17063
21.91              2383.51 0.778702 6775.34              1.16035 40907 -2.88613
21.92              2408.39 -9.22619 6975.5              1.77179 42138.2 54.1835
21.93              2339.2 -1.60426 6858.9              0.519788 41521.1 10.6951
21.94              2322.98 -1.13793 6892.81              0.430367 41787 7.66851
21.95              2317.32 -2.24478 6950.38              0.435496 42184.3 14.7067
21.96              2314.22 10.4645 7036.82              -0.670678 42749.1 -61.507
21.97              2338.16 -4.71442 7190.79              0.268371 43709.4 28.9251
21.98              2342.58 -31.0118 7343.42              -4.07693 44622.5 170.033
21.99              2230.52 36.6898 7288.67              6.77851 44340.6 -203.131
22              2259.48 -3.27289 7245.33              3.71906 44185.4 22.042
22.01              2202.24 3.85459 7159.52              1.89887 43755.3 -22.1696
22.02              2287 8.67123 7484.74              1.60868 45732.1 -48.8311
22.03              2164.8 1.73666 7207.97              1.30792 44159.5 -10.386
22.04              2191.84 3.52396 7307.83              1.04177 44813.8 -20.9882
22.05              2314.65 -6.12275 7786.03              2.72973 47680.3 35.6085
22.06              2267.12 0.614947 7708.53              1.77238 47281.3 -3.64114
22.07              2236.97 3.42478 7668.12              1.50552 47095.8 -20.5602
22.08              2245.1 1.55773 7781.89              1.63506 47828.6 -9.00301
22.09              2260.65 3.20472 7896.31              2.00162 48556.2 -19.0676
22.1              2194.04 11.5635 7810.33              0.195334 48089.9 -70.1232
22.11              2275.28 -1.61451 8150.54              1.05387 50152 8.38057
22.12              2227.8 -46.9227 8226.2              -5.64104 50590.3 257.35
22.13              2139.96 55.968 8149.88              9.59612 50156.9 -312.575
22.14              2165.83 2.69717 8029.29              3.61189 49571.9 -14.7195
22.15              2089.02 7.88521 7834.61              1.87587 48483.3 -48.2349
22.16              2124.56 4.4793 7969.42              1.50418 49335 -28.5749
22.17              2110.41 7.56527 7985.84              1.23077 49472.5 -47.7995
22.18              2059.14 4.35286 7833.05              0.400462 48620.6 -29.4426
22.19              2071.98 4.31058 7909.87              0.367762 49121.5 -29.2622
22.2              2178.07 1.64151 8359.88              2.23662 51808.9 -12.6035
22.21              2176.23 2.39371 8460.62              2.37076 52442.1 -17.5284
22.22              2100.11 4.18652 8199.96              0.765549 50944.9 -29.2555
22.23              2132.25 5.33493 8388.21              1.56006 52088.8 -36.0974
22.24              2061.94 5.13393 8145.38              0.392922 50697.3 -35.7409
22.25              2113.06 4.51462 8426.66              1.68156 52390.2 -31.3417
22.26              2054.84 4.96699 8217.09              0.39758 51181.4 -35.0738
22.27              2098.29 4.77439 8471.8              1.74278 52714.6 -33.3625
22.28              2027.07 7.55229 8202.54              -0.427458 51147.5 -51.4881
22.29              2058.56 4.28499 8423.59              0.335666 52472.3 -31.266
22.3              2060.77 -5.39596 8545.26              -1.22966 53207.5 24.5635
22.31              2049.17 -69.5192 8748.29              -8.97413 54354.7 380.752
22.32              2013.14 -2.15873 8426.28              -0.131874 52537.7 5.16487
22.33              1988.88 94.779 8710.58              14.6185 54115.9 -535.071
22.34              1964.2 12.3036 8324.27              1.0241 51968.6 -77.1249
22.35              1952.49 5.45705 8314.19              0.363743 51938.9 -38.1527
22.36              1911.97 5.64408 8238.72              -0.39022 51493.7 -39.6833
22.37              1898.28 3.35169 8326.65              0.0674353 52016.3 -26.1141
22.38              1821.16 4.77045 8083.96              -0.87997 50593.1 -35.7183
22.39              1809.4 5.70198 8327.09              1.45101 52027.5 -39.7968
22.4              1730.2 4.46413 8091.28              -0.710114 50639.4 -33.0918
22.41              1706.44 2.13258 8251.74              0.0723722 51590 -18.5272
22.42              1629.36 1.58619 8017.09              -0.851663 50208.2 -17.8131
22.43              1583.69 -0.0266902 8147.95              -0.334843 50977.1 -6.04116
22.44              1470.6 2.31788 7827.54              -1.98932 49086.9 -20.6201
22.45              1450.73 0.79582 8156.37              0.169729 51020.9 -9.16222
22.46              1310.01 2.79351 7694.05              -2.42342 48289.7 -22.7637
22.47              1297.37 -0.783628 8122.29              0.135849 50811.6 0.494652
22.48              1144.86 2.17822 7600.41              -2.73407 47732.1 -18.7527
22.49              1129.61 -1.84931 8085.96              0.204571 50586.9 7.61388
22.5              952.956 1.13123 7503.01              -2.98613 47143.8 -11.9579
22.51              942.83 -2.81496 8039.88              0.214912 50300.2 14.2103
22.52              759.208 -0.0154141 7468.15              -3.04599 46922.3 -4.17046
22.53              750.037 -3.8384 8039.57              0.170626 50281.9 21.1637
22.54              552.553 -0.427501 7410.29              -3.04911 46561.8 -1.24765
22.55              545.872 -3.15936 7973.62              -0.0884348 49875.9 17.512
22.56              331.341 -1.15362 7376.63              -2.93491 46340.8 3.48419
22.57              309.063 -4.36915 7904.5              0.240574 49444.6 25.0153
22.58              102.377 -3.06134 7374.52              -2.89649 46305.7 15.0206
22.59              65.2721 -4.5287 7834.63              0.106189 49006.8 26.2114
22.6              -141.499 -2.35078 7338.33              -2.30088 46063.2 11.625
22.61              -139.188 -22.924 7764.95              -0.00818978 48574.9 135.276
22.62              -406.947 -3.89135 7256.44              -2.43835 45548.4 21.8959
22.63              -469.717 -4.65056 7623.22              -0.184025 47693.4 27.3534
22.64              -657.12 -5.42996 7284.92              -2.50581 45681 30.3604
22.65              -755.431 -4.6961 7469.83              -0.548105 46746.6 27.0382
22.66              -938.988 -7.43649 7217.56              -1.65226 45243 43.2944
22.67              -922.301 19.3718 7716.18              -2.65711 48212.3 -119.535
22.68              -1188.24 -3.27204 7413.28              -0.0225724 46336.3 18.4376
22.69              -1291.32 -9.00239 7479.71              0.438315 46715.3 53.5605
22.7              -1409.13 -31.2157 7473.18              -2.08797 46691 176.693
22.71              -1517.51 -8.51839 7663.36              1.34063 47750.3 50.8014
22.72              -1713.24 0.688779 7332.66              0.0861772 45785.5 -0.98859
22.73              -1802.98 -2.77476 7538.63              1.4025 46963.7 17.1716
22.74              -1926.46 -2.64913 7581.15              2.41434 47185.9 16.5644
22.75              -2201.01 -24.173 6740.87              0.268066 42234.9 145.089
22.76              -2234.17 -6.75384 7272.52              0.824572 45305.5 40.9066
22.77              -2304.43 -4.5838 7504.46              1.59281 46642.5 28.2191
22.78              -2353.48 -3.02166 7829.75              2.67384 48521.2 18.9176
22.79              -2496.44 -3.31737 7708.94              2.11879 47780 20.8878
22.8              -2566.71 -7.07506 7792.43              2.34842 48237.8 43.4637
22.81              -2702.83 -3.88315 7697.83              1.97015 47646.1 24.2852
22.82              -2728.49 1.67311 7942.89              2.57209 49059.8 -7.49832
22.83              -2766.88 9.2679 8054.79              3.25887 49682 -52.2759
22.84              -2900.55 -1.47778 8011.41              3.69815 49400.9 9.8251
22.85              -3046.15 -3.09595 7814.03              2.93082 48196.2 18.6923
22.86              -3174.39 -2.62554 7661.68              2.3549 47273.9 15.5961
22.87              -3238.99 -9.58519 7636.31              3.0888 47078.4 56.6839
22.88              -3422.69 -3.58536 7337.69              2.04611 45289.5 21.5916
22.89              -3458.55 10.7929 7391.88              -0.0685906 45599.3 -64.9847
22.9              -3542.49 29.0985 7605.48              7.67066 46749.7 -160.776
22.91              -3691.46 -17.8906 7354.44              -1.26793 45241.4 99.0409
22.92              -3830.19 -4.07048 7023.54              0.427352 43290.7 21.6094
22.93              -3881.35 -8.79008 7038.99              2.82112 43349.8 52.3898
22.94              -3956 -2.84819 7076              2.5955 43528.7 17.7421
22.95              -4058.49 -1.61993 6937.69              1.88796 42679.9 10.0925
22.96              -4202.61 1.37052 6652.36              1.71929 40978.2 -7.87028
22.97              -4304.15 0.242115 6545.3              1.23799 40315.6 -1.17616
22.98              -4371.92 -0.513704 6510.24              1.06806 40076 3.82337
22.99              -4486.27 2.07199 6264.68              1.20091 38597.9 -11.8412
23              -4518.06 2.31258 6315.74              1.54684 38873.9 -12.7145
23.01              -4583.8 1.94768 6304.72              2.46605 38773.8 -10.8059
23.02              -4687.94 6.06775 6150.53              2.48961 37825.6 -33.2428
23.03              -4784.24 4.68208 5879.19              2.18815 36216.5 -26.5843
23.04              -4828.92 4.35095 5899.36              0.677039 36294.3 -24.8555
23.05              -4933.91 7.27482 5898.87              2.78691 36191.3 -40.6313
23.06              -5005.11 -0.331335 5669.63              0.628665 34871.3 2.17736
23.07              -5008.32 2.75709 5721.5              1.80347 35146.4 -15.1268
23.08              -5028.26 -1.70536 5734.56              2.28879 35196.1 12.4788
23.09              -5079.68 -0.9553 5639.41              2.1752 34608.4 8.18684
23.1              -5118.03 0.218174 5542.02              2.17166 34001.6 1.29329
23.11              -5171.73 -2.52591 5441.48              2.28326 33383.5 17.0679
23.12              -5229.79 -5.35276 5261.46              2.13746 32304.7 32.8735
23.13              -5185.27 -1.33517 5326.39              2.04557 32649.9 10.5827
23.14              -5268.18 10.2027 5171.1              1.89569 31708.5 -54.0264
23.15              -5232.3 1.25397 5177.82              2.55376 31710.8 -4.02004
23.16              -5291.07 -5.70736 5022.67              3.14803 30758 37.2893
23.17              -5299.67 22.3143 5031.83              6.30812 30773.4 -120.248
23.18              -5313.84 -13.437 4942.82              -2.11761 30220.7 76.1702
23.19              -5280.11 6.84754 4909.19              0.647682 30007 -38.5219
23.2              -5240.1 -2.20137 4911.86              2.06046 30000.9 16.3799
23.21              -5246.04 -1.33729 4808.12              1.95015 29368 11.5171
23.22              -5249.82 1.49843 4717.28              2.13967 28806.6 -5.06508
23.23              -5257.86 -2.8462 4633.56              2.46609 28286.5 19.5415
23.24              -5313.84 -9.43304 4413.71              1.79141 26977.9 55.6938
23.25              -5164.86 -0.727592 4558.01              2.17668 27782 7.61719
23.26              -5211.83 15.193 4421.6              1.92969 26953 -81.396
23.27              -5145.73 -4.35598 4395.78              2.48513 26763.7 30.2551
23.28              -5107.38 3.9247 4352.28              1.3809 26478.9 -18.8544
23.29              -5052.87 4.52198 4411.27              2.09198 26747.9 -22.119
23.3              -4955.98 1.15668 4412.32              1.91785 26738.1 -2.6455
23.31              -4925.1 14.154 4251.32              1.25416 25765.9 -79.2305
23.32              -4845.13 2.55126 4208.02              2.35153 25484.1 -10.5371
23.33              -4804.54 3.85783 4065.65              2.11218 24624 -18.4371
23.34              -4727.9 5.63179 3986.23              1.92847 24121.6 -28.7276
23.35              -4757.19 -11.5144 3790.63              2.14569 22950.4 66.3816
23.36              -4535.69 5.97436 3792.92              1.28959 22932.9 -29.4183
23.37              -4409.09 3.43517 3809.29              1.79812 22997.4 -16.7479
23.38              -4402.26 20.5499 3662.36              1.50313 22120.2 -110.492
23.39              -4239.37 -1.70604 3669.96              2.36408 22133.6 13.8375
23.4              -4070.38 5.75202 3744.87              1.90606 22542.3 -29.4125
23.41              -3928.6 10.3079 3760.58              3.87048 22603.3 -54.0182
23.42              -3840.15 0.380942 3696.73              0.460334 22213.9 0.116121
23.43              -3798.81 16.0339 3482.25              0.476472 20969.7 -90.3503
23.44              -3732.54 6.28422 3352.82              1.21594 20222.8 -33.5084
23.45              -3700.26 5.75696 3171.57              0.542658 19169.8 -30.4425
23.46              -3640.11 8.81737 3048.77              0.313403 18452.5 -48.496
23.47              -3566.4 8.43448 2945.96              0.0840662 17849.9 -46.5867
23.48              -3515.1 -0.950212 2868.15              0.550468 17383.3 3.64616
23.49              -3361.46 10.1725 2820.93              -0.409345 17099.1 -56.2725
23.5              -3086.36 7.45962 3047.67              0.788059 18378.3 -41.3577
23.51              -2903.41 12.5777 3153.89              1.23305 18967.3 -67.11
23.52              -2713.42 10.2157 3219.26              1.29474 19331.9 -54.8844
23.53              -2439.18 5.88922 3425.4              2.57688 20494.4 -30.2595
23.54              -2091.01 -2.62324 3719.2              1.11496 22173.9 16.2011
23.55              -1950.35 7.96662 3720.75              4.27402 22178.1 -40.1321
23.56              -1758.58 3.77491 3813.41              3.85176 22693.7 -17.1483
23.57              -1651.52 7.29953 3765.88              3.0228 22415.3 -38.2481
23.58              -1526.14 4.97579 3747.49              2.97236 22311.6 -25.1116
23.59              -1407.81 4.37386 3729.12              2.70669 22206.6 -21.7694
23.6              -1331.64 4.98582 3655.33              2.36793 21787.4 -25.762
23.61              -1204.06 5.71827 3660.04              2.22219 21814.2 -30.1035
23.62              -1089.81 5.22838 3651.3              2.1053 21766.4 -27.5685
23.63              -1128.12 0.374442 3460.7              1.88033 20689.8 -2.96647
23.64              -871.955 6.70769 3592.75              1.46404 21447.9 -35.3554
23.65              -784.584 7.23804 3557.7              1.24456 21267.6 -38.5102
23.66              -567.205 5.46254 3700.66              1.47515 22089.6 -28.8725
23.67              -416.776 9.02963 3768.72              1.33312 22488.2 -46.8884
23.68              -283.5 5.87333 3774.56              1.19505 22545 -30.4784
23.69              -74.853 4.63179 3925.02              1.17987 23404.8 -23.2586
23.7              117.429 1.526 4052.86              1.39473 24136.9 -5.79121
23.71              248.001 2.91614 4137.4              1.21141 24608.7 -13.8357
23.72              273.696 4.38023 4084.56              1.40323 24303.8 -22.3544
23.73              393.332 1.33449 4183.56              0.654509 24841.3 -6.11403
23.74              432.571 3.01115 4174.72              0.779599 24774.6 -15.3518
23.75              467.704 1.82086 4179.85              0.358949 24775.1 -9.94581
23.76              481.695 6.31125 4153.28              0.930522 24596.3 -36.0144
23.77              521.379 2.68228 4171.55              1.63156 24672.5 -15.7234
23.78              548.276 2.81656 4173.06              1.70135 24651.6 -16.752
23.79              588.725 2.94964 4194.77              1.8865 24742.3 -17.8822
23.8              627.22 2.53783 4210.44              1.97505 24800.6 -15.7886
23.81              647.999 3.115 4194.53              2.06423 24687 -19.4001
23.82              671.496 3.07834 4176.79              2.11777 24566.7 -19.4116
23.83              683.714 3.33279 4135.42              2.08737 24319.7 -21.0259
23.84              747.39 3.8743 4183.94              2.09486 24567.7 -24.0774
23.85              805.231 2.88851 4215.23              2.18916 24723.2 -18.6539
23.86              857.203 2.8094 4236.26              2.26035 24823.3 -18.4674
23.87              922.723 2.76954 4281.55              2.31594 25057.2 -18.4643
23.88              978.386 3.71383 4300.37              2.23231 25148.7 -24.3725
23.89              1036.77 2.33586 4323.95              2.03343 25265.7 -16.1015
23.9              1061.97 3.66115 4264.84              2.10823 24937.4 -24.5495
23.91              1115.35 -0.268953 4288.22              2.30973 25050.6 -2.22462
23.92              1205.67 2.54841 4343.96              2.09799 25349.7 -18.3657
23.93              1284.01 0.453997 4408.14              1.86773 25687.1 -5.68458
23.94              1328.57 1.95812 4377.37              1.98981 25514.4 -15.317
23.95              1397.45 0.638429 4400.31              1.97415 25627.2 -7.2846
23.96              1468.06 0.273716 4431.58              1.97936 25787.7 -5.36585
23.97              1528.79 -0.156316 4439.09              1.87089 25817.4 -2.8785
23.98              1570.39 -0.218165 4377.95              1.93211 25475.6 -2.62087
23.99              1642.03 -0.998474 4415.04              1.91275 25665.9 2.11878
24              1702.48 -1.59828 4417.65              1.84183 25665.3 5.65342
24.01              1763.85 -1.72762 4425.99              1.74766 25697.1 6.34047
24.02              1807.03 -2.01965 4372.47              1.4482 25393.6 8.15078
24.03              1873.07 -2.28755 4396.63              1.36928 25509.4 10.1264
24.04              1930.46 -2.79625 4415.64              1.21539 25596.2 13.315
24.05              1947.01 -2.9735 4287.91              1.18061 24881.8 14.4939
24.06              1994.75 -2.99861 4279.97              1.09255 24819.8 14.7547
24.07              2056.31 -3.36065 4344.94              0.960414 25153.9 17.3583
24.08              2105.34 -3.43975 4366.68              0.694771 25251.2 17.8969
24.09              2157.65 -3.35484 4405.38              0.389594 25443 17.4001
24.1              2253.41 -3.96495 4615.5              0.085107 26573.8 20.8308
24.11              2277.21 -3.93597 4573.06              -0.132005 26322.8 21.4803
24.12              2316.23 -4.09093 4589.01              -0.358323 26388.6 22.5372
24.13              2344.74 -4.05643 4612.81              -0.462093 26497.7 22.6335
24.14              2364.21 -4.05547 4590.94              -0.533609 26356.5 23.3726
24.15              2394.93 -4.23978 4597.23              -0.703082 26369.7 24.5543
24.16              2477.7 -5.29658 4821.53              -0.748059 27587.9 30.3643
24.17              2478.8 -4.70693 4738.8              -1.01402 27112.5 27.3395
24.18              2484.38 -6.90116 4679.28              -1.31384 26767.4 40.7229
24.19              2494.31 -1.03354 4656.89              0.0795299 26633.5 7.97471
24.2              2497.57 11.0208 4518.92              2.76636 25864 -53.3282
24.21              2533.71 -4.06428 4636.43              -0.845972 26484.4 25.0533
24.22              2533.07 -21.9301 4513.59              -5.88025 25815.5 117.907
24.23              2548.92 -5.25659 4594.59              -0.575218 26221.5 32.0788
24.24              2590.14 1.16683 4632.72              0.283756 26433.2 -4.54815
24.25              2579.22 -5.18113 4598.23              -0.296919 26217.2 32.3784
24.26              2539.06 -2.78022 4482.74              -0.385853 25531.3 19.1684
24.27              2592.25 -8.63599 4568.77              0.090248 26022.4 54.6305
24.28              2583.16 -7.5456 4505.65              -0.323691 25657.8 44.0676
24.29              2518.78 -3.20983 4413.6              0.0301053 25151.5 22.0232
24.3              2511.9 -1.25384 4350.3              0.083559 24785.6 11.4777
24.31              2563.3 8.49336 4403.39              0.461602 25093.5 -42.1239
24.32              2532 0.128279 4432.95              0.736263 25255.3 4.34389
24.33              2520.64 -2.44598 4413.05              0.903128 25145.9 19.2027
24.34              2490.54 -0.840497 4338.28              1.13612 24726.1 10.262
24.35              2383.38 1.94637 4113.39              1.39096 23459 -5.76487
24.36              2320.54 1.6965 3963.23              1.62241 22612.8 -3.7667
24.37              2270.22 2.15889 3863.86              1.65717 22051.8 -6.20654
24.38              2455.72 1.15255 4308.83              2.97889 24592.1 -0.334221
24.39              2259.84 14.649 3864.63              6.13447 22096.5 -72.4024
24.4              2412.14 -8.12623 4233.78              0.331623 24215.2 47.6068
24.41              2223.85 0.176813 3883.64              2.90673 22210 4.21811
24.42              2354.62 0.753004 4229.78              3.92919 24184.2 0.507251
24.43              2288.64 9.13291 4193.61              3.93616 24003.7 -44.6113
24.44              2399.82 0.702061 4414.46              5.37467 25290.2 -0.943671
24.45              2288.22 5.44659 4192.19              5.4849 24056.8 -26.9067
24.46              2428.95 -5.22385 4637.25              6.2073 26630.4 32.7644
24.47              2350.81 1.53663 4482.48              6.18043 25787.6 -3.88374
24.48              2509.58 2.20885 4836.3              6.73082 27848.4 -8.36886
24.49              2322.39 2.72938 4501.39              6.53495 25969.5 -10.4723
24.5              2556.69 1.78923 5038.58              7.50339 29099.3 -5.23113
24.51              2370.23 11.0042 4725.53              5.53042 27338 -59.1018
24.52              2610.49 -0.187402 5279.77              6.77706 30578 5.03089
24.53              2386.1 9.31772 4898.54              7.3584 28430.3 -47.7762
24.54              2535.15 -3.24121 5194.19              6.32323 30185.9 24.1201
24.55              2425.88 0.953296 5018.67              5.38808 29207 -0.331888
24.56              2518.04 2.90187 5327.14              3.96495 31050.1 -9.28398
24.57              2426.29 -5.04915 5132.72              3.23341 29971 33.3268
24.58              2514.39 -12.3272 5373.99              0.930304 31421.7 76.8902
24.59              2475.91 -16.5871 5375.06              -2.17089 31483.7 102.322
24.6              2549.33 -20.517 5598.75              -5.33271 32829 126.195
24.61              2390.51 -25.9609 5359.65              -8.5129 31501.7 157.94
24.62              2551.32 -32.8332 5756.13              -10.653 33851 198.561
24.63              2353.92 -27.6513 5453.9              -14.3568 32144.6 167.097
24.64              2606.62 -48.5486 6077.94              -15.9081 35811.3 287.348
24.65              2396.12 -28.5006 5756.89              -13.6037 33990 176.661
24.66              2488.66 -38.2032 5986.96              -13.9595 35398.6 230.616
24.67              2349.84 -25.1582 5789.69              -10.7952 34289.2 154.244
24.68              2397.63 -8.72788 6011.18              -5.97213 35635.5 60.1736
24.69              2341.81 0.755444 5934.31              0.505632 35228.4 1.48593
24.7              2331.71 11.7326 6020.84              5.4996 35794.6 -62.5445
24.71              2338.73 22.0158 6119.06              9.09549 36420.5 -122.31
24.72              2340.47 27.9829 6170.9              9.84883 36777.1 -156.669
24.73              2268.85 22.3213 6108.38              7.7934 36466.6 -123.892
24.74              2297.15 18.3927 6263.06              5.69279 37429.1 -101.641
24.75              2314.47 18.0849 6393.67              2.29362 38233.5 -101.488
24.76              2357.11 -8.87613 6637.19              -0.733734 39704.4 49.9189
24.77              2208.7 22.8164 6473.97              4.0086 38795.7 -123.16
24.78              2215.98 -1.84017 6447.59              1.61084 38722 15.8875
24.79              2148.87 2.56302 6373.72              0.374082 38360.2 -11.6208
24.8              2184.61 7.53473 6556.23              -0.576155 39491 -38.4206
24.81              2195.9 2.11281 6608.93              -0.178084 39866.7 -9.70284
24.82              2188.22 -3.67586 6725.96              -0.256793 40616.9 23.0331
24.83              2168.54 -1.71502 6744.91              -0.594145 40793.9 11.89
24.84              2142.68 2.41124 6735.78              -0.955559 40803 -11.9784
24.85              2102.68 0.958468 6716.89              -1.21109 40755.5 -3.49697
24.86              2121.23 2.51501 6821.94              -0.995592 41436 -12.8868
24.87              2073.63 13.8813 6801.97              -2.45515 41364.2 -81.0529
24.88              2180.75 -34.4174 7284.17              -6.94552 44219.2 190.114
24.89              2094.11 38.2541 7238.76              6.03167 43981.7 -210.581
24.9              2066.66 9.04873 7090.51              -0.0887855 43249.3 -51.3685
24.91              2004.87 1.24335 6981.88              1.98973 42633.5 -4.56113
24.92              2012.76 11.094 7105.77              -0.487444 43441.9 -62.5447
24.93              2001.22 4.37112 7079.99              0.0369089 43348.9 -24.8658
24.94              2047.43 5.19899 7237.33              -0.430361 44343.7 -29.6005
24.95              2055.01 -3.06231 7394.22              0.374126 45317.6 18.1119
24.96              2122.2 3.54585 7610.07              0.482321 46650.4 -19.8928
24.97              2071.74 5.21827 7549.05              -0.252607 46344.3 -30.1436
24.98              2069.19 4.81 7596.36              -0.144601 46685.6 -27.7388
24.99              2091.32 4.63459 7724.07              0.0224251 47489.2 -26.5717
25              2083.39 5.26513 7744.28              -0.0134577 47661.5 -30.7298
25.01              2107.43 6.81104 7962.22              -2.06886 48978.3 -41.8952
25.02              2067.89 -48.1388 8100.96              -8.14667 49802.5 263.453
25.03              2033.32 59.5503 8163.56              8.89119 50179.4 -331.491
25.04              2044.89 12.1209 7966.73              0.575453 49176.8 -71.371
25.05              1914.58 1.79966 7607.36              -0.211849 47083.6 -11.0346
25.06              2008.89 7.06292 7913.09              0.828052 48953.7 -42.7896
25.07              1989.88 6.6902 7929.58              -0.539605 49101.9 -41.6173
25.08              1905.08 5.13658 7631.6              -1.59874 47389.2 -33.1167
25.09              2012.8 3.64806 8021.79              -0.206727 49746.5 -23.618
25.1              1898.65 5.07583 7644.22              -2.31535 47560.7 -33.4505
25.11              2142.6 0.251728 8676.14              2.43005 53673.9 -2.03739
25.12              1984.33 3.87734 8094.01              -0.957024 50282.5 -25.8533
25.13              2070.27 3.6132 8487.73              0.899276 52641.8 -23.5304
25.14              1949.51 5.5836 7978.94              -1.87042 49681.3 -36.9227
25.15              2036.3 3.77195 8409.87              0.436235 52258.8 -24.7866
25.16              1978.54 4.55723 8157.33              -1.36627 50804.2 -30.4247
25.17              2033.62 3.8985 8466.56              0.175812 52652.3 -25.8114
25.18              1986.02 4.94942 8257.11              -0.999774 51449.8 -32.9776
25.19              1998.59 6.09814 8366.98              -0.839442 52118.9 -40.0337
25.2              2036.73 -5.61635 8706.53              -2.17857 54123.9 28.1358
25.21              2001.33 2.63284 8471.44              -0.615375 52776.4 -19.3268
25.22              2013.31 -70.075 8850.81              -9.59037 54947.8 385.44
25.23              1957.26 -2.5839 8331.2              -1.71586 51973.2 9.11395
25.24              1972.28 99.6512 8874.34              14.818 55070.7 -559.836
25.25              1947.06 12.0115 8426.37              0.448706 52560.8 -72.8526
25.26              1933.23 7.88973 8372.8              -0.478621 52276.1 -50.1921
25.27              1917.55 4.8653 8416.32              -1.01933 52530.7 -32.5781
25.28              1864.35 5.07114 8251.44              -1.37082 51563.3 -34.9217
25.29              1837.75 5.85504 8341.44              0.118724 52094.6 -38.5597
25.3              1805.3 4.08042 8337.47              -0.793451 52077.8 -27.9569
25.31              1748.55 2.15409 8217.73              -1.48202 51372 -16.5596
25.32              1712.9 2.69694 8265.85              -1.13136 51657.5 -19.5838
25.33              1658.14 -1.01433 8111.22              -1.66743 50749.5 0.536196
25.34              1604.04 0.728147 8167.21              -1.27423 51074.5 -8.21024
25.35              1531.76 -0.119289 8080.92              -1.73094 50564.9 -2.80805
25.36              1476.64 1.46158 8097.12              -1.06434 50654 -11.1026
25.37              1405.15 -0.343332 8039.34              -1.59036 50311 -0.471355
25.38              1339.99 -0.60808 8057.49              -1.35217 50416.5 1.46498
25.39              1254.25 -1.27858 7975.48              -1.62452 49926.3 5.56139
25.4              1167.89 -1.72641 7995.01              -1.38789 50040.3 8.47096
25.41              1090.15 -1.99179 7937.65              -1.52756 49691 10.0913
25.42              995.182 -2.37515 7901.96              -1.6172 49476.2 12.6255
25.43              905.373 -2.93742 7882.17              -1.5737 49352.2 16.179
25.44              801.582 -3.29523 7905.95              -1.13486 49489.6 18.4314
25.45              686.982 -3.74703 7766.97              -1.78216 48660.7 20.6339
25.46              632.755 -2.90957 7972.38              -0.51757 49865.6 16.7792
25.47              460.338 -3.92683 7612.5              -2.12843 47731.3 21.4099
25.48              418.361 -5.86412 7990.32              0.0619567 49951.8 34.2695
25.49              237.15 -4.69517 7589.95              -1.93384 47575.5 25.9506
25.5              178.834 -5.2094 7927.49              0.545509 49559.5 30.5399
25.51              71.5416 -23.8062 7647.41              -1.09221 47900.3 139.101
25.52              -72.7752 -6.10785 7802.69              0.143785 48790.5 36.2713
25.53              -236.623 -5.33806 7563.7              -0.862037 47360.7 29.984
25.54              -350.636 -4.4882 7674.12              0.385958 48001.1 25.069
25.55              -506.853 -7.15971 7478.71              -1.32429 46833.3 39.5064
25.56              -596.67 -9.01994 7639.04              0.70596 47758.6 51.7118
25.57              -703.466 16.9514 7584.28              -3.11912 47467.1 -108.084
25.58              -821.017 -1.26852 7935.24              2.71855 49455.6 5.34444
25.59              -1113.09 -3.9171 7177.34              -0.364321 44971.1 18.7782
25.6              -1030.44 -11.5937 8227.13              4.65994 51146.4 69.0114
25.61              -1361.31 -28.7976 7125.1              -2.96747 44656.2 158.588
25.62              -1263 3.07456 8310.3              5.99233 51607.5 -14.074
25.63              -1650.34 -8.37271 7086.06              -0.770862 44349.4 44.87
25.64              -1595.56 -0.665907 7991.16              5.276 49663.9 2.90761
25.65              -1858.53 -27.2666 7217.35              3.00332 45097 161.97
25.66              -1897.6 -6.97298 7799.08              3.44381 48468.5 40.5956
25.67              -2030.95 -6.27564 7746.93              2.58228 48129.6 35.6466
25.68              -2022.69 -3.83462 8286.31              5.16969 51272.5 22.4829
25.69              -2222.46 -4.00737 7903.14              3.16031 48990.3 21.4091
25.7              -2257.3 -3.78347 8228.4              4.76997 50867.7 21.9247
25.71              -2382.16 -6.98439 8141.29              4.2409 50327.3 40.5657
25.72              -2461.28 -3.68476 8254.79              4.87727 50957.3 21.3576
25.73              -2514.23 -0.254267 8406.67              4.40902 51823.9 2.09107
25.74              -2678.17 10.8023 8029.8              4.36168 49579.6 -64.6298
25.75              -2778.89 -1.77424 8048.24              4.39505 49659.6 8.80851
25.76              -2916.8 -1.88076 7890.78              4.43152 48696.1 8.41427
25.77              -3022.56 -9.97 7734.32              3.90838 47744.1 56.1696
25.78              -3177.59 -2.85029 7596.35              3.6037 46885.8 15.2137
25.79              -3227.66 10.216 7560.45              2.04036 46681.9 -63.7774
25.8              -3293.66 2.86959 7808.47              4.0381 48062.2 -18.3158
25.81              -3456.36 30.0276 7548.25              9.38896 46455 -167.946
25.82              -3584.9 -19.0645 7364.62              0.2509 45343.8 103.868
25.83              -3721.28 -3.72451 7113.97              1.76392 43865.8 17.5767
25.84              -3761.9 -8.53401 7179.61              4.54803 44231.4 49.1304
25.85              -3824.91 -2.79276 7211.37              3.90406 44374.4 15.801
25.86              -3933.62 -0.575229 7062.54              3.6289 43463.3 2.4102
25.87              -4066.62 0.210464 6830.1              3.23305 42068.6 -2.35054
25.88              -4123.62 -0.165056 6853.89              3.43114 42168.7 0.402702
25.89              -4253 0.1803 6640.96              3.49818 40888.3 -2.01585
25.9              -4276.26 1.93742 6625.37              2.92934 40763.5 -11.3298
25.91              -4378.05 -0.373066 6492.91              3.40671 39954.4 0.839995
25.92              -4468.83 6.99239 6382.57              3.89247 39265.9 -39.7461
25.93              -4578.85 1.17703 6189.4              3.35936 38103.8 -7.2091
25.94              -4643.38 2.50148 6096.82              3.48368 37519.3 -14.7424
25.95              -4689.88 31.8402 6168.51              9.12655 37868.8 -177.288
25.96              -4781.02 -13.7645 6011.47              -0.218715 36922.6 74.7156
25.97              -4851.94 -0.132457 5834.49              1.35967 35876.3 -1.3466
25.98              -4843.79 -1.57372 5912.97              3.73542 36308.8 10.0173
25.99              -4913.99 -0.88247 5748.12              3.56703 35311.7 6.4613
26              -4961.13 0.549669 5681.15              3.61223 34890.8 -1.79624
26.01              -4979.34 -0.592984 5646.34              3.65305 34649.6 5.3545
26.02              -5118.55 -10.3145 5369.84              3.31555 33001.7 60.4788
26.03              -5037.73 1.69197 5446.88              3.18499 33423.6 -6.69891
26.04              -5040.7 -1.75554 5424.27              3.35091 33252.4 12.0513
26.05              -5142.64 12.1403 5265.85              3.58968 32288.9 -65.0513
26.06              -5160.53 -7.21846 5143.51              4.34064 31543.1 45.822
26.07              -5146.73 22.4809 5214.32              7.35295 31893.9 -121.822
26.08              -5166.99 -10.7871 5102.48              -0.443353 31215.6 60.9842
26.09              -5198.35 4.80891 4924.1              0.839016 30157.8 -27.5525
26.1              -5124.9 -1.50734 5041.22              3.27915 30821.8 12.0318
26.11              -5131.22 -1.85541 4912.77              2.92044 30038.9 14.6939
26.12              -5116.85 1.17446 4863.18              3.03389 29716.6 -3.02291
26.13              -5103.78 0.0397881 4802.95              2.91795 29332.5 3.74194
26.14              -5245.24 -13.8511 4509.34              2.78293 27592.9 80.99
26.15              -5060.61 2.3796 4647.65              2.51298 28361.9 -9.09308
26.16              -5130.69 15.2733 4506.74              2.21588 27509.1 -81.5563
26.17              -5023.45 2.74086 4538.84              3.06901 27660.7 -12.0167
26.18              -5034.44 -5.7622 4442.54              2.92027 27053.1 38.6526
26.19              -4981.46 15.2484 4447.23              4.42778 27041.6 -80.2465
26.2              -4893.07 -4.39584 4507.14              0.685056 27345.3 27.6248
26.21              -4836.98 10.8377 4423.46              0.98852 26827.1 -59.9711
26.22              -4766.92 2.18463 4374.27              2.71954 26513.7 -8.10442
26.23              -4747.1 2.00618 4224.66              2.32686 25611.9 -6.90809
26.24              -4687.38 5.26651 4132.8              2.3938 25038 -26.0029
26.25              -4633.51 0.399079 4045.19              2.719 24485.9 1.00592
26.26              -4647.76 -7.20289 3821.49              2.08023 23154.4 42.867
26.27              -4412.7 4.91175 3870.91              1.9367 23402.8 -23.1202
26.28              -4394.75 18.9089 3778.44              1.76184 22834.5 -99.9366
26.29              -4193.59 5.52821 3819.78              2.59066 23047.1 -27.4004
26.3              -4133.49 -4.25773 3727.44              2.58073 22477.7 29.6015
26.31              -3893.11 10.4099 3929.03              4.06136 23611.8 -53.0787
26.32              -3826.58 1.53151 3793.81              0.927016 22812.6 -5.76129
26.33              -3765.56 12.6515 3654.8              1.01114 21998.2 -69.4728
26.34              -3681.83 4.72917 3544.76              1.90084 21359.9 -23.0291
26.35              -3657.41 4.18725 3354.51              1.10848 20254.9 -20.0941
26.36              -3614.75 6.40715 3194.76              0.723599 19324.8 -33.491
26.37              -3565.93 8.68735 3070.75              0.270313 18601.1 -46.8222
26.38              -3411.17 4.25446 3114.58              0.999857 18829.2 -22.0226
26.39              -3400.49 1.09668 2943.4              0.244222 17835.6 -7.04474
26.4              -3210.27 7.66093 2968.84              0.150252 17964.7 -41.4885
26.41              -3037.44 14.0836 3066.07              0.468798 18501.5 -74.6136
26.42              -2754.54 8.84403 3261              1.34952 19599.5 -46.4961
26.43              -2550.75 4.86014 3361.36              2.06311 20158.6 -23.2923
26.44              -2289.54 6.10201 3536.32              2.3509 21142.5 -30.3615
26.45              -2095.05 -1.38412 3589.03              0.804037 21448 9.3359
26.46              -1755.57 5.39372 3888.89              4.49516 23144.4 -24.326
26.47              -1680.93 7.28087 3802.74              2.97157 22641.9 -37.0946
26.48              -1637.23 5.31614 3673.18              2.53604 21902.2 -26.3191
26.49              -1490.91 4.57549 3688.25              2.35375 21985.4 -22.3065
26.5              -1402.33 4.47646 3636.06              1.9554 21687.3 -22.1801
26.51              -1284.55 5.72539 3631.05              1.80392 21657.8 -29.5442
26.52              -1168.29 5.40127 3621.62              1.614 21605.5 -28.0749
26.53              -1062.12 3.58806 3615.71              1.71715 21573.2 -18.5564
26.54              -995.953 1.42497 3553.89              1.37196 21231.6 -7.85837
26.55              -744.08 5.73478 3682.4              0.908168 21966.9 -29.2975
26.56              -679.873 5.98086 3609.63              0.454781 21576.4 -31.092
26.57              -467.578 5.85536 3749.43              0.465555 22378.5 -30.0606
26.58              -481.766 12.2607 3592.87              -0.3366 21518.4 -64.1098
26.59              -198.307 5.40782 3809.75              0.173096 22757.2 -27.5681
26.6              -16.9172 2.62844 3934.32              0.11948 23466.1 -11.7978
26.61              132.085 3.85909 4007.48              0.046215 23888.9 -19.6454
26.62              176.119 5.41126 3982.58              0.0963926 23745.8 -28.4938
26.63              314.312 3.88916 4107.27              -0.0475404 24427.9 -20.9526
26.64              370.08 2.70503 4126.65              -0.826444 24518.6 -15.0865
26.65              417.678 3.20892 4151.25              -0.836827 24628.6 -18.701
26.66              432.518 4.81937 4134.72              0.257892 24507.8 -28.7515
26.67              455.484 8.21119 4138.58              0.347999 24490.3 -48.8202
26.68              487.431 5.01354 4159.9              1.02501 24577.2 -31.1811
26.69              511.978 4.97412 4171.73              1.19307 24607 -31.3764
26.7              537.068 4.71466 4180.69              1.28928 24622.4 -30.1582
26.71              543.544 4.82363 4154.98              1.32253 24450.1 -31.1078
26.72              562.844 5.14397 4144.25              1.23519 24363.1 -33.1279
26.73              555.625 5.14 4076.68              1.02243 23968 -33.1278
26.74              617.653 4.78903 4135.26              1.05153 24266.3 -31.2925
26.75              667.786 5.12983 4175.56              0.963684 24464.2 -33.0323
26.76              707.158 4.1303 4182.6              0.952139 24485.5 -27.6869
26.77              745.855 3.09979 4184.89              0.864306 24483 -21.6118
26.78              792.646 3.17377 4199.13              0.948054 24545.9 -22.4709
26.79              849.48 3.04252 4234.12              0.91895 24723.4 -21.7729
26.8              887.212 2.89948 4216.85              0.95499 24619.2 -21.1576
26.81              922.212 0.838934 4210.24              1.04933 24570.4 -10.4187
26.82              993.775 1.65034 4234.7              0.834131 24695.6 -13.9242
26.83              1059.7 1.62411 4270.23              0.727297 24879 -13.9017
26.84              1105.46 2.05858 4252.81              0.705084 24772.1 -16.6218
26.85              1172.39 0.738565 4284.55              0.651601 24936.2 -8.71301
26.86              1226.44 -0.642528 4275.1              0.58851 24872.4 -0.33992
26.87              1292.67 0.697497 4295.44              0.71435 24970.9 -8.97479
26.88              1347.86 -0.386299 4283.04              0.800551 24893 -2.38077
26.89              1396.3 -0.403656 4255.25              0.872901 24729.9 -2.36988
26.9              1482.31 -0.932507 4346.92              0.693311 25213.7 0.781327
26.91              1516.9 -1.14463 4272.46              0.669548 24796.4 2.18328
26.92              1567.91 -2.12073 4251.29              0.570911 24667.7 8.40219
26.93              1635.41 -1.9446 4279.92              0.35076 24809.1 7.66977
26.94              1669.72 -2.65694 4212.13              0.168117 24423.5 12.0331
26.95              1729.98 -2.87307 4241.75              0.0512641 24569.6 13.0993
26.96              1740.74 -3.04734 4081.6              0.0228747 23676.5 14.7474
26.97              1794.39 -3.35732 4119.12              -0.0916266 23862.6 16.7744
26.98              1873.32 -3.59418 4264.79              -0.189609 24638.5 18.1335
26.99              1933.51 -4.18641 4332.88              -0.349425 24991.7 21.9096
27              1992.41 -5.12606 4423.06              -0.508391 25468.3 27.5909
27.01              2009.93 -5.27878 4343.5              -0.412938 25012.6 28.7814
27.02              2064.38 -5.40882 4401.32              -0.455503 25309.2 29.5044
27.03              2089.74 -5.39615 4379.8              -0.50976 25171.1 29.4369
27.04              2120.18 -4.58604 4412.09              -0.41834 25323.2 24.6545
27.05              2135.66 -4.73465 4362.84              -0.615994 25031.9 26.0018
27.06              2212.19 -5.21685 4570.99              -0.586284 26159 28.7078
27.07              2218.13 -5.20221 4495.66              -0.56422 25723.6 29.0378
27.08              2223.67 -7.45949 4437.23              -0.729703 25383.4 43.0889
27.09              2241.34 -2.22149 4433.96              0.348138 25352.3 14.0688
27.1              2250.96 -3.23332 4376.48              -0.299754 25012.2 19.0382
27.11              2279.77 11.706 4352.32              3.84648 24883.7 -57.2106
27.12              2283.25 -23.6693 4273.43              -5.1994 24438.1 126.618
27.13              2289.09 -6.93216 4346.12              -0.258488 24793.8 40.2926
27.14              2305.4 -3.2342 4359.32              0.299486 24853.3 19.5095
27.15              2342.2 -2.36796 4386.31              0.685074 24999.4 15.0021
27.16              2307.55 -5.06674 4303.38              0.092155 24488.7 31.1669
27.17              2352.62 -9.84634 4395.2              0.610283 25006.5 60.1042
27.18              2334.36 -6.75653 4330.05              0.403062 24637.2 40.89
27.19              2310.76 -6.41796 4212.57              0.728167 23965.2 38.0797
27.2              2284.12 -3.74556 4168.47              0.959301 23722.4 24.6792
27.21              2316.19 4.34079 4157.63              1.0572 23657 -19.6805
27.22              2282.17 0.320519 4168.37              1.05584 23726 2.75251
27.23              2258.61 -2.73411 4081.92              1.26479 23225.8 20.1766
27.24              2182.61 -1.25608 3940.57              1.43767 22437.6 12.2231
27.25              2125.12 0.568517 3790.79              1.8673 21587 1.98342
27.26              2019.1 1.21088 3553.86              1.98957 20251.1 -1.03442
27.27              2115.08 2.0867 3800.24              1.73988 21646.5 -6.41328
27.28              2038.54 2.49076 3644.24              3.04264 20772 -7.82426
27.29              2174.23 11.6469 3937.99              5.79876 22463.7 -56.1018
27.3              1987.68 -4.66301 3540.15              1.30178 20217.7 29.3561
27.31              2199.35 -1.09598 4091.35              3.28913 23354.3 11.0137
27.32              2024.65 0.592088 3740.55              3.65541 21352.7 3.01184
27.33              2188.51 8.43688 4207.6              4.41596 24021.4 -39.9998
27.34              2086.87 2.34258 3951.74              4.85404 22588.4 -8.68734
27.35              2247.47 2.08227 4341              5.80512 24852.4 -8.16276
27.36              2123.52 -0.590266 4155.23              5.37332 23815.9 7.43621
27.37              2316.61 -1.21975 4612.13              6.26449 26465.5 10.5999
27.38              2147.78 4.81417 4273.57              5.35845 24567.5 -22.5083
27.39              2287.14 2.87768 4625.14              5.82136 26624 -11.8663
27.4              2127.99 4.19992 4335.87              5.75269 25009.8 -19.4364
27.41              2285.57 12.551 4727              5.14662 27292.7 -68.4015
27.42              2194.2 3.39113 4597.45              5.45674 26604.3 -14.9527
27.43              2330.04 5.18296 4972.93              6.63383 28791.8 -25.3908
27.44              2197.67 7.38799 4681.24              5.44281 27195.2 -38.3004
27.45              2326.09 0.325603 5017.14              6.38364 29164.5 3.64367
27.46              2178.16 8.92095 4780.52              5.30035 27840.9 -44.3578
27.47              2307.54 0.606053 5048.71              6.50023 29447.4 -0.0368115
27.48              2274.77 3.13911 4994.58              6.38321 29190.6 -14.1032
27.49              2312.16 -6.51915 5220.05              6.05176 30549.9 41.0777
27.5              2315.91 -6.29711 5255.47              3.71906 30812.4 41.439
27.51              2371.2 -9.54971 5431.64              1.4885 31883.5 60.9997
27.52              2286.47 -14.8183 5299.93              -0.731741 31170.6 91.5396
27.53              2380.19 -17.8201 5598.69              -1.59873 32959.4 109.53
27.54              2322.16 -16.163 5579.15              -4.91747 32893.1 99.0617
27.55              2379.17 -32.6347 5798.45              -7.08308 34209.7 190.276
27.56              2308.28 -11.3719 5753.62              -4.76748 34000 76.8558
27.57              2365.5 -29.5972 5917.73              -8.08641 35022.5 178.949
27.58              2253.06 -23.7029 5780.06              -10.13 34277 145.685
27.59              2260.83 -20.3046 5831.36              -6.69785 34627.6 122.826
27.6              2284.56 -5.40129 5960.58              -2.15866 35444.4 36.326
27.61              2274.62 -0.969717 6045.44              2.31836 35978.7 8.93542
27.62              2214.67 9.70187 6011.41              3.7097 35842.8 -52.5021
27.63              2241.72 9.02712 6135.23              3.8845 36619.5 -48.952
27.64              2184.51 9.11429 6104.29              4.04388 36488.3 -49.574
27.65              2197.39 17.6326 6223.22              2.50193 37228 -101.49
27.66              2276.45 5.53691 6490.61              3.1629 38848.1 -29.5127
27.67              2210.11 8.72733 6597.32              3.79152 39463.8 -49.5052
27.68              2204.96 7.64212 6482.63              2.65094 38920.6 -43.3499
27.69              2165.38 2.38775 6481.2              4.12608 38954.6 -11.8093
27.7              2079.07 9.78317 6388.9              1.50317 38484.8 -54.3736
27.71              2149.88 3.83858 6537.27              2.30173 39414.2 -22.0543
27.72              2157.29 4.57546 6631.18              1.40773 40042.6 -26.6685
27.73              2168.58 -3.64266 6782.4              1.79323 40983.9 19.931
27.74              2107.61 2.98183 6661.54              0.526422 40345.5 -17.7819
27.75              2123.01 3.51024 6755.86              0.84598 40967.1 -20.9255
27.76              2083.01 2.83938 6711.76              0.358437 40768.7 -16.9458
27.77              2113.8 14.1085 6850.09              -0.270407 41632.2 -84.2317
27.78              2148.99 -1.01037 7052.28              -0.212919 42883 5.1303
27.79              2162.99 -30.9378 7263.41              -4.27134 44135 167.1
27.8              2082.48 42.6407 7226.14              7.34615 43948.8 -237.623
27.81              2063.62 1.39146 7050.05              3.06023 43022.9 -6.64009
27.82              2040.6 6.97468 7026.27              1.57731 42963.7 -41.4403
27.83              2158.56 11.053 7424.55              1.54274 45363.6 -63.9792
27.84              2060.35 4.44052 7175.91              1.14236 43962.8 -27.336
27.85              2081.49 0.0954087 7289              0.766957 44690.2 -1.97733
27.86              2228.32 0.90798 7745.52              2.43858 47427.5 -6.07483
27.87              2114.51 4.31675 7475.51              0.73936 45902.6 -26.447
27.88              2228.42 3.71797 7841.07              1.81482 48106.4 -22.3419
27.89              2146.23 2.75611 7669.42              0.720517 47158 -16.6234
27.9              2207.63 3.61993 7856.3              1.46641 48307.8 -21.7597
27.91              2155.87 10.4116 7785.09              -0.255183 47932.2 -63.2364
27.92              2228.4 -2.5851 8106.18              0.404853 49879.6 14.1784
27.93              2185.03 -51.9904 8194.63              -7.02537 50393.1 284.804
27.94              2168.11 59.9509 8321.14              10.1408 51153.3 -333.537
27.95              2139.6 3.91248 7981.2              2.55051 49287 -22.0621
27.96              2153.72 7.75467 8022.37              2.06707 49586 -46.7222
27.97              2131.78 6.66021 7974.24              0.736017 49357.8 -41.2714
27.98              2183.37 3.81591 8153.81              1.06744 50463.4 -24.7206
27.99              2087.14 2.98476 7808.16              -0.723844 48478.3 -20.7557
28              2215.7 3.51765 8305.35              1.38068 51454.4 -23.0488
28.01              2196.64 2.21392 8279.51              0.889144 51335.7 -15.5839
28.02              2318.36 1.59662 8839.57              3.12759 54671.8 -10.9937
28.03              2192.57 3.86845 8335.97              0.276716 51749.9 -26.4081
28.04              2264.36 4.23228 8655.82              1.75687 53666 -28.0812
28.05              2200.08 4.13849 8382.1              0.324254 52098 -28.4835
28.06              2256.26 3.28044 8657.19              1.3368 53751.2 -22.6854
28.07              2224.8 3.96818 8520.1              0.565862 52973.4 -27.5523
28.08              2261.19 3.74928 8714.35              1.50762 54148.1 -26.0946
28.09              2227.05 5.38318 8561.97              0.338686 53277.7 -36.9209
28.1              2244.76 3.12156 8689.66              0.559077 54045.7 -23.1764
28.11              2285.7 -5.95064 9000.04              0.0136538 55890.2 29.5844
28.12              2257.95 -68.7388 9039.82              -8.3037 56081.6 377.823
28.13              2257.2 -2.684 8875.33              1.05658 55191.1 10.1317
28.14              2226.11 91.1142 9040.33              14.5042 56071.9 -513.553
28.15              2232.08 11.501 8787.07              2.27088 54702.5 -70.4778
28.16              2214.61 5.22027 8700.22              1.10006 54218.5 -35.2173
28.17              2200 4.48282 8695.91              0.50492 54196.7 -30.9092
28.18              2196.28 4.53352 8762.63              0.54285 54595.6 -32.0596
28.19              2139.61 3.44081 8584.39              -0.0570294 53550.4 -25.8206
28.2              2124.27 4.68978 8730.55              1.8056 54410.2 -32.4768
28.21              2084.33 1.63544 8673.34              0.595033 54076.9 -14.3668
28.22              2045.43 1.33623 8650.49              0.493895 53946 -12.6404
28.23              2015.45 -2.04161 8627.41              0.398199 53812.8 5.97656
28.24              1948.21 -0.761718 8564.68              0.0625968 53442.6 -0.482536
28.25              1890.39 -1.22265 8535.11              -0.172901 53265.8 2.52122
28.26              1823.72 -0.375268 8490.93              -0.0168288 53005.2 -1.66103
28.27              1757.56 -0.753154 8441.59              -0.200182 52707.7 0.444628
28.28              1690.38 -1.56572 8432.01              -0.330993 52650.1 5.5941
28.29              1616.73 -0.734828 8387.52              -0.260791 52385.8 0.839715
28.3              1532.12 -1.91261 8341.51              -0.594068 52109.2 7.93296
28.31              1443.09 -1.21727 8290.42              -0.465972 51804 3.93973
28.32              1340.93 -2.60098 8250.46              -0.74095 51568.3 12.3861
28.33              1254.25 -1.93839 8257.84              -0.368682 51605.9 8.93031
28.34              1162.04 -3.32515 8188.25              -0.810577 51184.8 17.2713
28.35              1049.63 -2.58466 8157.5              -0.536747 51000.4 13.2214
28.36              972.518 -3.70286 8266.35              -0.405973 51636 20.5242
28.37              825.771 -2.72629 8020.27              -0.969543 50172.8 13.9744
28.38              774.888 -6.32784 8348.6              0.474834 52100.1 36.8801
28.39              577.11 -3.92534 7851.96              -1.72757 49162 20.4698
28.4              550.605 -6.80492 8342.05              0.885808 52040.3 40.167
28.41              332.258 -3.64496 7800.61              -1.21538 48834.8 19.5732
28.42              344.597 -24.2447 8259.97              0.748028 51540.2 143.388
28.43              70.3204 -5.43348 7729.25              -1.30784 48387.5 31.1353
28.44              13.5925 -7.0936 8116.91              0.6212 50654.7 41.964
28.45              -238.764 -5.24832 7472.61              -2.32719 46845.8 28.0125
28.46              -259.07 -7.88693 8077.53              1.18142 50393 45.9896
28.47              -498.033 -7.33262 7484.67              -0.929359 46878.8 40.909
28.48              -435.825 15.3873 8283.18              -0.820263 51618.7 -96.297
28.49              -782.964 -2.44822 7617.2              0.33769 47606.8 11.2622
28.5              -774.233 -11.4463 8297              3.17504 51604.2 68.191
28.51              -1046.49 -28.454 7557.54              -2.28667 47257.7 158.009
28.52              -1053.97 -9.16285 8269.65              3.57461 51396.8 54.1938
28.53              -1306.33 0.647036 7662.11              1.39161 47804 -3.30018
28.54              -1301.58 -5.32808 8413.17              4.31605 52194.7 32.4462
28.55              -1504.49 -2.77309 8137.62              4.16187 50542.4 15.8511
28.56              -1565.99 -26.2975 8408.51              5.68113 52127 160.074
28.57              -1755.48 -6.79733 8229.28              3.32039 51018 40.708
28.58              -1850.4 -6.60328 8384.08              3.57477 51899.7 39.6636
28.59              -1992.74 -1.78364 8270.39              4.01087 51199.9 9.6535
28.6              -2100.85 -4.57341 8324.88              3.69387 51485.7 26.8912
28.61              -2220.5 -6.29271 8289.16              3.91605 51249.7 37.1493
28.62              -2332.25 -3.68566 8294.49              4.23417 51240.4 21.6841
28.63              -2442.83 -0.329524 8232.76              3.45534 50852.3 2.03793
28.64              -2571.59 7.09387 8023.34              3.35892 49593.6 -42.2857
28.65              -2714.2 -0.20574 7892.53              3.71744 48795.9 -0.421477
28.66              -2836.27 -2.9046 7824.83              3.64313 48355.6 14.9941
28.67              -2985.88 -0.990721 7613.15              3.28709 47082.5 3.50515
28.68              -3078.05 -8.5322 7556.94              3.08351 46714.6 48.0849
28.69              -3279.04 -3.4778 7167.3              2.29581 44389.6 18.1252
28.7              -3205.63 7.78318 7697.58              2.28513 47480.7 -48.2601
28.71              -3355.88 27.2032 7673.4              8.78693 47252.9 -152.162
28.72              -3477.33 -17.2818 7557.01              0.539372 46531.1 94.3297
28.73              -3613.95 -6.63951 7275.09              1.48554 44865.1 35.59
28.74              -3672.91 -8.328 7286.11              3.94678 44895.7 48.1428
28.75              -3742.11 -5.2388 7396.25              3.66815 45507.7 30.7063
28.76              -3865.38 -2.37385 7176.39              3.51097 44177.4 13.4068
28.77              -3989.1 -0.330579 7007.73              3.53582 43158.5 1.17116
28.78              -4122.89 -1.70107 6787.4              2.63041 41830.4 9.21723
28.79              -4189.66 -1.24886 6764.21              3.31673 41653.5 6.77587
28.8              -4338.05 -2.39583 6465.58              2.24748 39874.4 12.7915
28.81              -4369.54 0.646911 6482.96              2.73911 39942.3 -4.24198
28.82              -4467.91 -1.83393 6364.58              2.26652 39215.9 9.86036
28.83              -4591.49 6.41438 6212.98              2.78404 38281.5 -36.2982
28.84              -4651.67 -1.06176 6089.21              2.63492 37525.9 6.27191
28.85              -4710.13 29.203 6186.48              7.99039 38015.4 -162.385
28.86              -4810.54 -14.1536 6001.84              -1.44358 36907.2 76.4431
28.87              -4910.86 -4.04802 5764.77              0.801404 35515 21.6402
28.88              -4931.79 3.49473 5778.85              2.25293 35566.3 -21.6187
28.89              -4955.88 -1.62668 5789.72              3.14016 35600.2 10.2789
28.9              -5000.68 -0.529806 5724.93              3.25498 35185.8 4.17611
28.91              -5054.88 0.730504 5595.61              3.14125 34390.9 -3.23714
28.92              -5108.53 -3.53711 5505.53              3.10622 33828.8 21.3865
28.93              -5198.32 -7.79634 5277.62              2.42655 32470.7 45.0127
28.94              -5134.43 -2.74837 5361.68              2.58207 32923.9 17.3876
28.95              -5247.81 11.9945 5186.71              2.48093 31868.9 -65.4292
28.96              -5238.33 0.846548 5135.34              2.50562 31536.9 -3.30044
28.97              -5275.21 -6.60137 5064.01              3.49759 31064.5 41.2536
28.98              -5284.45 19.5773 5038.86              6.48955 30879.6 -106.136
28.99              -5296.82 -13.2315 4976.49              -1.86154 30477.5 74.3124
29              -5262.86 7.83231 4950.6              0.889624 30304.3 -45.1769
29.01              -5239.57 -1.00155 4906.27              2.23921 30023.2 8.30568
29.02              -5243.85 -0.109 4822.12              2.2439 29503.3 3.39554
29.03              -5248.07 2.06857 4735.54              2.08815 28964.8 -9.30914
29.04              -5371.82 -13.6026 4523.34              2.15044 27703.1 78.6404
29.05              -5243.79 3.25231 4505.7              1.26659 27567.1 -15.068
29.06              -5195.36 0.394747 4535.36              1.85701 27702.2 -0.250812
29.07              -5271.72 15.7431 4346.97              1.70515 26572.5 -85.4084
29.08              -5185.58 -3.25581 4374.87              2.45781 26694.7 22.7514
29.09              -5159.26 4.23481 4326.5              1.41915 26384.1 -21.5579
29.1              -5094.06 4.99827 4409.97              1.93647 26800.5 -25.7023
29.11              -5011.7 0.151284 4387.55              1.74735 26651.5 2.58718
29.12              -4991.2 12.8525 4247.37              1.1602 25801.6 -72.0499
29.13              -4923.92 2.29334 4195.16              2.09545 25466.5 -9.44422
29.14              -4890.27 3.67507 4075.37              1.93405 24738.2 -17.9571
29.15              -4820.69 5.30148 4008.12              1.93708 24305 -27.157
29.16              -4903.04 -10.8873 3730.96              2.0148 22662.1 61.8784
29.17              -4631.5 4.87324 3831.29              1.72631 23197.7 -23.1995
29.18              -4521.42 2.502 3800.11              2.20067 22980.7 -11.1907
29.19              -4515.37 18.5227 3646.35              1.83518 22060.9 -98.5703
29.2              -4373.16 -2.85461 3611.38              2.75943 21829.4 20.5783
29.21              -4210.57 4.42441 3674.57              2.27423 22172.3 -21.4604
29.22              -4087.09 4.34306 3687.66              2.55091 22210.3 -21.0355
29.23              -3976.73 3.19645 3603.71              2.2935 21717.9 -14.174
29.24              -3941.26 14.4925 3412.42              1.14579 20601.2 -80.5179
29.25              -3868.74 5.50298 3305.31              1.7162 19980.6 -28.2179
29.26              -3836.35 4.79973 3142.66              0.933103 19033.2 -24.2529
29.27              -3794.37 8.00318 3001.75              0.534809 18213.6 -43.1847
29.28              -3664.76 7.48242 2990.02              0.6332 18127.5 -40.2347
29.29              -3662.48 -1.32027 2839.49              0.785203 17245.8 6.12487
29.3              -3504.11 10.1735 2801.46              -0.23511 17014 -55.4925
29.31              -3205.94 6.96227 3040.29              1.1155 18357.2 -37.5955
29.32              -3068.66 12.8879 3064.77              1.0935 18479.3 -68.1233
29.33              -2890.69 10.2823 3102.73              1.08966 18686.5 -54.8733
29.34              -2653.14 6.09116 3242.57              2.07071 19469.9 -31.2542
29.35              -2282.93 -2.21995 3538.18              0.871454 21153.5 14.0681
29.36              -2144.94 7.95098 3535.54              3.75562 21130.8 -39.9471
29.37              -2004.99 4.48939 3553.01              3.05443 21218.8 -21.4177
29.38              -1877.28 8.30144 3535.35              2.3006 21107.8 -44.183
29.39              -1758.16 5.82882 3512.69              2.24881 20979.7 -30.2235
29.4              -1634.35 5.2733 3502.36              1.95898 20918.7 -27.3198
29.41              -1521.56 5.91034 3484.25              1.82831 20814.5 -31.3215
29.42              -1384.17 6.76135 3501.68              1.65307 20912.6 -36.1622
29.43              -1255.74 6.15889 3508.63              1.52447 20954.7 -32.9494
29.44              -1292.95 0.45841 3320.36              1.26711 19897.6 -3.88009
29.45              -1025.48 7.76522 3452.44              0.556591 20655.2 -41.4182
29.46              -880.457 7.36095 3485.96              0.383262 20864.8 -39.2658
29.47              -702.186 6.51292 3569.47              0.301982 21350.2 -34.6864
29.48              -561.095 10.8292 3626.89              -0.0860402 21688 -56.3142
29.49              -436.951 6.48093 3616.94              0.245667 21660.9 -34.6618
29.5              -230.567 5.26045 3766.75              0.0112812 22517.3 -28.0765
29.51              -123.699 2.7262 3772.77              0.274231 22565.9 -14.4455
29.52              9.66114 5.4789 3873.42              -0.0686154 23127.9 -30.3012
29.53              60.4844 7.93264 3872.07              0.584375 23110.1 -43.9707
29.54              183.709 3.10791 3994.25              -0.629207 23772.2 -18.7713
29.55              226.697 5.78796 4014.9              0.411824 23859.9 -34.4011
29.56              247.433 4.35608 4023.94              0.10435 23868.4 -28.2444
29.57              240.144 9.27546 3984.59              0.568362 23609.3 -56.0599
29.58              256.192 5.66686 3987.84              1.70539 23590.6 -36.1353
29.59              261.183 5.73264 3971.51              1.81767 23460.4 -36.6852
29.6              267.893 5.9106 3949.61              1.83892 23303.5 -37.8659
29.61              286.572 5.3854 3942.82              1.74332 23232.7 -34.7432
29.62              312.087 5.5782 3943.59              1.87447 23204.9 -36.0655
29.63              342.856 5.26939 3949.66              1.82963 23211.7 -34.3077
29.64              350.779 5.40733 3902.57              1.80153 22931.1 -35.3654
29.65              408.042 5.6713 3953.17              1.83351 23186 -36.6988
29.66              465.493 4.62669 3997.93              2.08662 23410.8 -31.2386
29.67              515.821 3.76692 4030.38              2.04193 23571.4 -26.3494
29.68              569.113 3.12767 4063.34              2.20738 23735.6 -22.7775
29.69              610.581 2.10706 4065.2              2.1931 23731.5 -16.594
29.7              667.718 2.74179 4097.97              2.52388 23897.3 -20.9113
29.71              720.978 0.93705 4114.93              2.37527 23977.2 -9.97482
29.72              760.378 -0.860061 4126.86              2.82845 24026.3 -1.3108
29.73              818.866 0.498094 4109.25              2.6153 23926.3 -7.87044
29.74              884.695 -0.0572567 4135.6              2.95419 24059.7 -4.87998
29.75              934.155 -1.01079 4122.57              2.70325 23981.4 0.977399
29.76              1002.37 0.293674 4140.07              2.52908 24067.8 -7.12081
29.77              1063.55 -2.07118 4141.55              2.09504 24066.6 7.51788
29.78              1130.99 0.875822 4150.96              2.32239 24108.4 -10.8624
29.79              1177.7 -0.208106 4077.66              1.97454 23703.2 -3.92177
29.8              1260.57 -1.27775 4134.5              1.40823 24000.9 3.18159
29.81              1315.98 -0.670182 4110.92              1.19733 23861.1 -0.840281
29.82              1393.61 -0.180331 4164.5              1.2839 24140.6 -3.90647
29.83              1444.76 -1.29138 4137.76              0.574544 23983.8 3.60895
29.84              1489.27 -0.567623 4058.62              0.359702 23540.5 -0.0789775
29.85              1531.7 -1.26766 3998.64              0.487754 23198.1 4.04868
29.86              1595.16 -0.379056 4021.92              0.145535 23308.8 -1.48929
29.87              1644.39 -0.903287 4006.72              -0.0171651 23207.9 1.65357
29.88              1692.6 -1.49898 4011.92              0.0283063 23217.4 5.99571
29.89              1743.89 -1.40028 4025.72              -0.190069 23272.3 5.83999
29.9              1801.06 -1.56811 4067.64              -0.304595 23481.3 6.93579
29.91              1869.46 -1.4123 4197.72              -0.352788 24174.4 6.6837
29.92              1903.46 -1.13572 4133.11              -0.322514 23801.1 5.14746
29.93              1926.97 -1.79804 4114.2              -0.241615 23680.3 9.57574
29.94              1974.57 -1.88961 4158.24              -0.393655 23894.7 9.91123
29.95              2021.59 -2.38118 4201.08              -0.166156 24108.7 13.2846
29.96              2047.85 -2.98755 4200.4              0.0228107 24082.3 17.6421
29.97              2115.29 -3.62261 4362.26              -0.0216567 24957.1 21.082
29.98              2120.34 -3.62182 4255.97              0.179551 24350.9 21.8224
29.99              2135.17 -4.49316 4225.68              -0.11366 24164.6 27.7379
