# Force       
# CofR        : (2.260236e+01 0.000000e+00 2.346873e+01)
#
# Time        	total_x total_y total_z	pressure_x pressure_y pressure_z	viscous_x viscous_y viscous_z
0.01           1.715804e-01 7.590724e-08 -4.603491e-05 1.715803e-01 7.538105e-08 -4.602123e-05 3.215200e-08 5.261968e-10 -1.367861e-08
0.02           2.397722e-01 1.023197e-07 -8.437759e-05 2.397721e-01 1.014346e-07 -8.431503e-05 1.189507e-07 8.850837e-10 -6.256097e-08
0.03           2.210094e-01 9.690037e-08 -1.098214e-04 2.210086e-01 9.569938e-08 -1.097352e-04 7.420907e-07 1.200989e-09 -8.626095e-08
0.04           2.090380e-01 9.501078e-08 -1.409369e-04 2.090366e-01 9.343922e-08 -1.408104e-04 1.339890e-06 1.571556e-09 -1.264177e-07
0.05           2.186359e-01 9.861750e-08 -1.939470e-04 2.186339e-01 9.667803e-08 -1.938343e-04 1.931624e-06 1.939472e-09 -1.126705e-07
0.06           2.102618e-01 9.524470e-08 -2.413766e-04 2.102586e-01 9.313290e-08 -2.412727e-04 3.154913e-06 2.111806e-09 -1.038994e-07
0.07           1.913519e-01 9.221551e-08 -2.777634e-04 1.913470e-01 8.977091e-08 -2.776530e-04 4.943525e-06 2.444598e-09 -1.103566e-07
0.08           2.165637e-01 1.026082e-07 -3.854942e-04 2.165577e-01 9.977568e-08 -3.854299e-04 6.042629e-06 2.832488e-09 -6.422904e-08
0.09           2.155005e-01 1.045333e-07 -4.640358e-04 2.154933e-01 1.013892e-07 -4.640295e-04 7.251001e-06 3.144115e-09 -6.316066e-09
0.1            2.580604e-01 1.263630e-07 -6.592245e-04 2.580529e-01 1.236525e-07 -6.593206e-04 7.463706e-06 2.710510e-09 9.610498e-08
0.11           2.331320e-01 1.118280e-07 -7.008863e-04 2.331231e-01 1.089098e-07 -7.010269e-04 8.929832e-06 2.918247e-09 1.406273e-07
0.12           2.391809e-01 1.127086e-07 -8.344085e-04 2.391707e-01 1.105003e-07 -8.345675e-04 1.016229e-05 2.208274e-09 1.590589e-07
0.13           2.325695e-01 1.146087e-07 -9.321144e-04 2.325582e-01 1.115573e-07 -9.322428e-04 1.130022e-05 3.051406e-09 1.283902e-07
0.14           2.436847e-01 1.188801e-07 -1.110999e-03 2.436723e-01 1.162674e-07 -1.111076e-03 1.234748e-05 2.612729e-09 7.645466e-08
0.15           2.459054e-01 1.207692e-07 -1.265280e-03 2.458922e-01 1.174097e-07 -1.265293e-03 1.316206e-05 3.359439e-09 1.316506e-08
0.16           2.423369e-01 1.160200e-07 -1.397462e-03 2.423224e-01 1.149407e-07 -1.397363e-03 1.445562e-05 1.079380e-09 -9.926179e-08
0.17           2.877655e-01 1.306266e-07 -1.845856e-03 2.877512e-01 1.267365e-07 -1.845732e-03 1.424539e-05 3.890105e-09 -1.242160e-07
0.18           2.682533e-01 1.289070e-07 -1.905349e-03 2.682381e-01 1.263374e-07 -1.905138e-03 1.523436e-05 2.569594e-09 -2.108642e-07
0.19           2.618853e-01 1.220375e-07 -2.048463e-03 2.618691e-01 1.198584e-07 -2.048156e-03 1.621762e-05 2.179077e-09 -3.074715e-07
0.2            2.754514e-01 1.305106e-07 -2.359528e-03 2.754349e-01 1.286359e-07 -2.359145e-03 1.653789e-05 1.874762e-09 -3.828949e-07
0.21           2.691097e-01 1.272902e-07 -2.515152e-03 2.690925e-01 1.258880e-07 -2.514676e-03 1.718185e-05 1.402267e-09 -4.755420e-07
0.22           2.819513e-01 1.327005e-07 -2.862016e-03 2.819339e-01 1.315127e-07 -2.861464e-03 1.742207e-05 1.187804e-09 -5.519017e-07
0.23           3.573819e-01 1.642685e-07 -3.923214e-03 3.573654e-01 1.632278e-07 -3.922714e-03 1.647525e-05 1.040707e-09 -5.001612e-07
0.24           3.165871e-01 1.406346e-07 -3.751204e-03 3.165704e-01 1.380065e-07 -3.750685e-03 1.661957e-05 2.628137e-09 -5.194074e-07
0.25           3.596883e-01 1.622759e-07 -4.580704e-03 3.596719e-01 1.613113e-07 -4.580195e-03 1.641887e-05 9.646061e-10 -5.087969e-07
0.26           2.933973e-01 1.355304e-07 -4.009235e-03 2.933799e-01 1.348074e-07 -4.008695e-03 1.742396e-05 7.229991e-10 -5.403445e-07
0.27           3.503157e-01 1.582568e-07 -5.115476e-03 3.502982e-01 1.581451e-07 -5.114892e-03 1.747382e-05 1.116719e-10 -5.839973e-07
0.28           3.245341e-01 1.502481e-07 -5.055603e-03 3.245163e-01 1.493497e-07 -5.054938e-03 1.779195e-05 8.983974e-10 -6.649651e-07
0.29           3.254013e-01 1.545399e-07 -5.393134e-03 3.253832e-01 1.541626e-07 -5.392426e-03 1.817206e-05 3.773538e-10 -7.083643e-07
0.3            3.061883e-01 1.394780e-07 -5.387673e-03 3.061695e-01 1.402402e-07 -5.386982e-03 1.872699e-05 -7.621415e-10 -6.912713e-07
0.31           3.315192e-01 1.477373e-07 -6.177843e-03 3.315003e-01 1.491690e-07 -6.177078e-03 1.895048e-05 -1.431629e-09 -7.650774e-07
0.32           3.460105e-01 1.612667e-07 -6.816196e-03 3.459918e-01 1.602348e-07 -6.815469e-03 1.876133e-05 1.031866e-09 -7.268566e-07
0.33           3.182727e-01 1.390470e-07 -6.616990e-03 3.182530e-01 1.406952e-07 -6.616320e-03 1.969598e-05 -1.648243e-09 -6.698366e-07
0.34           3.444490e-01 1.524750e-07 -7.541812e-03 3.444292e-01 1.548782e-07 -7.541056e-03 1.975733e-05 -2.403230e-09 -7.563224e-07
0.35           3.223962e-01 1.408793e-07 -7.424209e-03 3.223759e-01 1.440259e-07 -7.423497e-03 2.034322e-05 -3.146564e-09 -7.124211e-07
0.36           3.794255e-01 1.568427e-07 -9.171210e-03 3.794058e-01 1.583398e-07 -9.170539e-03 1.971098e-05 -1.497141e-09 -6.714398e-07
0.37           3.399452e-01 1.460204e-07 -8.615852e-03 3.399249e-01 1.491639e-07 -8.615168e-03 2.023881e-05 -3.143553e-09 -6.837883e-07
0.38           3.778551e-01 1.578346e-07 -1.002355e-02 3.778347e-01 1.620549e-07 -1.002282e-02 2.045665e-05 -4.220378e-09 -7.322828e-07
0.39           3.344602e-01 1.385955e-07 -9.277624e-03 3.344391e-01 1.435334e-07 -9.276876e-03 2.105651e-05 -4.937852e-09 -7.485089e-07
0.4            4.076964e-01 1.891600e-07 -1.180337e-02 4.076761e-01 1.951584e-07 -1.180267e-02 2.028226e-05 -5.998374e-09 -6.992454e-07
0.41           4.175548e-01 1.871052e-07 -1.260532e-02 4.175349e-01 1.941847e-07 -1.260467e-02 1.995911e-05 -7.079456e-09 -6.487466e-07
0.42           3.624531e-01 1.412255e-07 -1.139857e-02 3.624320e-01 1.494693e-07 -1.139784e-02 2.109421e-05 -8.243719e-09 -7.359253e-07
0.43           4.338589e-01 1.629117e-07 -1.418996e-02 4.338385e-01 1.717675e-07 -1.418927e-02 2.033973e-05 -8.855840e-09 -6.863933e-07
0.44           4.256239e-01 1.807185e-07 -1.446671e-02 4.256036e-01 1.904816e-07 -1.446608e-02 2.023951e-05 -9.763084e-09 -6.296710e-07
0.45           3.584296e-01 1.294228e-07 -1.264957e-02 3.584081e-01 1.423979e-07 -1.264893e-02 2.150164e-05 -1.297505e-08 -6.435176e-07
0.46           3.772227e-01 1.418393e-07 -1.380507e-02 3.772011e-01 1.534277e-07 -1.380432e-02 2.168414e-05 -1.158839e-08 -7.512238e-07
0.47           3.698852e-01 1.299923e-07 -1.402466e-02 3.698627e-01 1.442843e-07 -1.402377e-02 2.243703e-05 -1.429207e-08 -8.916378e-07
0.48           3.975938e-01 1.428513e-07 -1.560267e-02 3.975713e-01 1.568532e-07 -1.560165e-02 2.243158e-05 -1.400190e-08 -1.023539e-06
0.49           3.771309e-01 1.322677e-07 -1.530572e-02 3.771082e-01 1.474800e-07 -1.530468e-02 2.271650e-05 -1.521230e-08 -1.047675e-06
0.5            3.899248e-01 1.428340e-07 -1.634988e-02 3.899022e-01 1.569641e-07 -1.634876e-02 2.260086e-05 -1.413016e-08 -1.126219e-06
0.51           3.802006e-01 1.425011e-07 -1.645845e-02 3.801780e-01 1.566206e-07 -1.645732e-02 2.262496e-05 -1.411952e-08 -1.128694e-06
0.52           4.014883e-01 1.477386e-07 -1.792746e-02 4.014656e-01 1.620680e-07 -1.792624e-02 2.270999e-05 -1.432943e-08 -1.218219e-06
0.53           4.026684e-01 1.458251e-07 -1.853275e-02 4.026456e-01 1.596053e-07 -1.853155e-02 2.281547e-05 -1.378022e-08 -1.199488e-06
0.54           3.278912e-01 1.325972e-07 -1.554686e-02 3.278673e-01 1.472182e-07 -1.554553e-02 2.398737e-05 -1.462098e-08 -1.329753e-06
0.55           4.073661e-01 1.579018e-07 -1.987315e-02 4.073427e-01 1.733166e-07 -1.987176e-02 2.343811e-05 -1.541485e-08 -1.382661e-06
0.56           4.011279e-01 1.467542e-07 -2.012588e-02 4.011044e-01 1.637628e-07 -2.012457e-02 2.342782e-05 -1.700854e-08 -1.307936e-06
0.57           4.075271e-01 1.489413e-07 -2.101350e-02 4.075035e-01 1.659707e-07 -2.101212e-02 2.355529e-05 -1.702945e-08 -1.379861e-06
0.58           3.862625e-01 1.462070e-07 -2.045669e-02 3.862387e-01 1.633841e-07 -2.045532e-02 2.374560e-05 -1.717707e-08 -1.371065e-06
0.59           4.162825e-01 1.630151e-07 -2.262686e-02 4.162589e-01 1.803282e-07 -2.262544e-02 2.359274e-05 -1.731316e-08 -1.424750e-06
0.6            3.739292e-01 1.294273e-07 -2.085015e-02 3.739048e-01 1.472661e-07 -2.084862e-02 2.435816e-05 -1.783885e-08 -1.535608e-06
0.61           4.309039e-01 1.779545e-07 -2.462808e-02 4.308804e-01 1.926187e-07 -2.462658e-02 2.352098e-05 -1.466421e-08 -1.507395e-06
0.62           3.932026e-01 1.501439e-07 -2.302564e-02 3.931785e-01 1.663411e-07 -2.302408e-02 2.410094e-05 -1.619722e-08 -1.559148e-06
0.63           4.663303e-01 1.801806e-07 -2.795611e-02 4.663071e-01 1.966347e-07 -2.795459e-02 2.323906e-05 -1.645411e-08 -1.518176e-06
0.64           4.041554e-01 1.559842e-07 -2.479611e-02 4.041315e-01 1.725616e-07 -2.479462e-02 2.385090e-05 -1.657743e-08 -1.491204e-06
0.65           4.576828e-01 1.814587e-07 -2.871632e-02 4.576596e-01 1.968657e-07 -2.871480e-02 2.326209e-05 -1.540702e-08 -1.517436e-06
0.66           3.686534e-01 1.514049e-07 -2.364823e-02 3.686290e-01 1.643258e-07 -2.364658e-02 2.436517e-05 -1.292087e-08 -1.651106e-06
0.67           4.237041e-01 1.641667e-07 -2.776476e-02 4.236800e-01 1.782204e-07 -2.776304e-02 2.403888e-05 -1.405371e-08 -1.720342e-06
0.68           4.052982e-01 1.562980e-07 -2.712094e-02 4.052738e-01 1.689232e-07 -2.711925e-02 2.439333e-05 -1.262517e-08 -1.692668e-06
0.69           4.459119e-01 1.731907e-07 -3.045231e-02 4.458881e-01 1.871414e-07 -3.045055e-02 2.383025e-05 -1.395076e-08 -1.764235e-06
0.7            4.077099e-01 1.610145e-07 -2.840653e-02 4.076857e-01 1.740009e-07 -2.840481e-02 2.422920e-05 -1.298645e-08 -1.717917e-06
0.71           4.171788e-01 1.650437e-07 -2.963795e-02 4.171544e-01 1.794344e-07 -2.963617e-02 2.436203e-05 -1.439066e-08 -1.780436e-06
0.72           4.901838e-01 1.728572e-07 -3.548952e-02 4.901603e-01 1.899330e-07 -3.548782e-02 2.349628e-05 -1.707584e-08 -1.705930e-06
0.73           4.247501e-01 1.536279e-07 -3.133229e-02 4.247260e-01 1.726852e-07 -3.133055e-02 2.400460e-05 -1.905731e-08 -1.741894e-06
0.74           4.802637e-01 1.616932e-07 -3.607408e-02 4.802401e-01 1.808690e-07 -3.607233e-02 2.362897e-05 -1.917578e-08 -1.746947e-06
0.75           4.263550e-01 1.479474e-07 -3.260073e-02 4.263310e-01 1.670398e-07 -3.259891e-02 2.403752e-05 -1.909240e-08 -1.820666e-06
0.76           4.201253e-01 1.488789e-07 -3.268499e-02 4.201011e-01 1.674182e-07 -3.268311e-02 2.415171e-05 -1.853933e-08 -1.881588e-06
0.77           4.538662e-01 1.703065e-07 -3.590908e-02 4.538424e-01 1.874479e-07 -3.590720e-02 2.378393e-05 -1.714136e-08 -1.876031e-06
0.78           3.935046e-01 1.335794e-07 -3.165333e-02 3.934799e-01 1.492427e-07 -3.165136e-02 2.469734e-05 -1.566328e-08 -1.976034e-06
0.79           4.630136e-01 1.826966e-07 -3.784472e-02 4.629897e-01 1.965118e-07 -3.784277e-02 2.396250e-05 -1.381514e-08 -1.946892e-06
0.8            4.188507e-01 1.574088e-07 -3.477831e-02 4.188267e-01 1.693204e-07 -3.477632e-02 2.406215e-05 -1.191163e-08 -1.997578e-06
0.81           4.014149e-01 1.572918e-07 -3.384645e-02 4.013904e-01 1.685671e-07 -3.384441e-02 2.447591e-05 -1.127526e-08 -2.042158e-06
0.82           4.480670e-01 1.731779e-07 -3.834720e-02 4.480426e-01 1.833819e-07 -3.834510e-02 2.438176e-05 -1.020397e-08 -2.094609e-06
0.83           3.870333e-01 1.457913e-07 -3.361260e-02 3.870082e-01 1.563481e-07 -3.361038e-02 2.503339e-05 -1.055682e-08 -2.220358e-06
0.84           3.980398e-01 1.687890e-07 -3.506204e-02 3.980147e-01 1.805469e-07 -3.505975e-02 2.512659e-05 -1.175795e-08 -2.290334e-06
0.85           3.951424e-01 1.702113e-07 -3.529231e-02 3.951172e-01 1.822216e-07 -3.528995e-02 2.522456e-05 -1.201029e-08 -2.358368e-06
0.86           4.675569e-01 2.057137e-07 -4.232447e-02 4.675331e-01 2.157564e-07 -4.232225e-02 2.378082e-05 -1.004276e-08 -2.214760e-06
0.87           4.109739e-01 1.680679e-07 -3.769755e-02 4.109498e-01 1.764471e-07 -3.769541e-02 2.406359e-05 -8.379170e-09 -2.139982e-06
0.88           4.238787e-01 1.722101e-07 -3.938267e-02 4.238545e-01 1.790889e-07 -3.938044e-02 2.416096e-05 -6.878871e-09 -2.227475e-06
0.89           4.080946e-01 1.745638e-07 -3.839383e-02 4.080706e-01 1.810671e-07 -3.839166e-02 2.404572e-05 -6.503333e-09 -2.166067e-06
0.9            4.217644e-01 1.773624e-07 -4.016553e-02 4.217403e-01 1.837895e-07 -4.016330e-02 2.412025e-05 -6.427035e-09 -2.226118e-06
0.91           4.126413e-01 1.743980e-07 -3.976601e-02 4.126171e-01 1.812344e-07 -3.976381e-02 2.419000e-05 -6.836362e-09 -2.196598e-06
0.92           4.397905e-01 1.805043e-07 -4.287308e-02 4.397668e-01 1.863348e-07 -4.287085e-02 2.368440e-05 -5.830525e-09 -2.222404e-06
0.93           4.111129e-01 1.716986e-07 -4.053177e-02 4.110890e-01 1.766334e-07 -4.052957e-02 2.388981e-05 -4.934807e-09 -2.204265e-06
0.94           4.541533e-01 1.891550e-07 -4.526567e-02 4.541301e-01 1.919464e-07 -4.526355e-02 2.320701e-05 -2.791375e-09 -2.112242e-06
0.95           4.115193e-01 1.743869e-07 -4.145694e-02 4.114958e-01 1.771075e-07 -4.145481e-02 2.346205e-05 -2.720615e-09 -2.129133e-06
0.96           4.186930e-01 1.707721e-07 -4.261795e-02 4.186692e-01 1.744358e-07 -4.261568e-02 2.382649e-05 -3.663629e-09 -2.265566e-06
0.97           4.100040e-01 1.679993e-07 -4.215561e-02 4.099800e-01 1.716274e-07 -4.215334e-02 2.395673e-05 -3.628047e-09 -2.268240e-06
0.98           4.196505e-01 1.707157e-07 -4.357023e-02 4.196265e-01 1.750515e-07 -4.356787e-02 2.398046e-05 -4.335804e-09 -2.359370e-06
0.99           4.208220e-01 1.772862e-07 -4.410855e-02 4.207983e-01 1.791852e-07 -4.410624e-02 2.366830e-05 -1.899026e-09 -2.309362e-06
1              3.886096e-01 1.692956e-07 -4.111019e-02 3.885857e-01 1.717919e-07 -4.110784e-02 2.388070e-05 -2.496285e-09 -2.352223e-06
1.01           4.221807e-01 1.821604e-07 -4.506046e-02 4.221571e-01 1.845702e-07 -4.505804e-02 2.362748e-05 -2.409840e-09 -2.421681e-06
1.02           3.543375e-01 1.733421e-07 -3.815185e-02 3.543130e-01 1.754134e-07 -3.814929e-02 2.447583e-05 -2.071307e-09 -2.565834e-06
1.03           3.653891e-01 1.789727e-07 -3.967245e-02 3.653644e-01 1.806507e-07 -3.966977e-02 2.463816e-05 -1.678025e-09 -2.674745e-06
1.04           4.019305e-01 1.882841e-07 -4.399355e-02 4.019061e-01 1.911573e-07 -4.399085e-02 2.437481e-05 -2.873242e-09 -2.706011e-06
1.05           4.536808e-01 1.966937e-07 -5.004681e-02 4.536576e-01 1.992400e-07 -5.004429e-02 2.316848e-05 -2.546300e-09 -2.512338e-06
1.06           4.003304e-01 1.842907e-07 -4.450103e-02 4.003071e-01 1.861356e-07 -4.449860e-02 2.335096e-05 -1.844884e-09 -2.424828e-06
1.07           4.456664e-01 2.134691e-07 -4.990392e-02 4.456437e-01 2.159646e-07 -4.990155e-02 2.268199e-05 -2.495504e-09 -2.365198e-06
1.08           4.071670e-01 1.770666e-07 -4.591901e-02 4.071440e-01 1.785814e-07 -4.591669e-02 2.297353e-05 -1.514847e-09 -2.320717e-06
1.09           4.116239e-01 1.773551e-07 -4.674003e-02 4.116010e-01 1.776022e-07 -4.673766e-02 2.283689e-05 -2.470664e-10 -2.371895e-06
1.1            3.664729e-01 1.689589e-07 -4.189052e-02 3.664495e-01 1.692934e-07 -4.188805e-02 2.342895e-05 -3.344699e-10 -2.473022e-06
1.11           3.811820e-01 1.701721e-07 -4.384805e-02 3.811589e-01 1.708810e-07 -4.384555e-02 2.312545e-05 -7.088490e-10 -2.495836e-06
1.12           4.288523e-01 1.859754e-07 -4.963117e-02 4.288296e-01 1.867165e-07 -4.962869e-02 2.272439e-05 -7.411462e-10 -2.479443e-06
1.13           4.061136e-01 1.789391e-07 -4.727684e-02 4.060910e-01 1.788949e-07 -4.727436e-02 2.265074e-05 4.421803e-11 -2.478917e-06
1.14           3.599491e-01 1.521317e-07 -4.214033e-02 3.599257e-01 1.514124e-07 -4.213778e-02 2.335349e-05 7.193242e-10 -2.555896e-06
1.15           4.308310e-01 1.998402e-07 -5.070691e-02 4.308087e-01 1.996495e-07 -5.070447e-02 2.235544e-05 1.906351e-10 -2.439454e-06
1.16           3.900957e-01 1.730093e-07 -4.615066e-02 3.900733e-01 1.723679e-07 -4.614827e-02 2.233328e-05 6.413571e-10 -2.390469e-06
1.17           4.291235e-01 1.759117e-07 -5.101581e-02 4.291015e-01 1.744383e-07 -5.101345e-02 2.194757e-05 1.473444e-09 -2.360367e-06
1.18           3.712582e-01 1.612524e-07 -4.434640e-02 3.712359e-01 1.594091e-07 -4.434397e-02 2.237487e-05 1.843295e-09 -2.425145e-06
1.19           3.784862e-01 1.594643e-07 -4.541128e-02 3.784635e-01 1.572511e-07 -4.540872e-02 2.275017e-05 2.213153e-09 -2.563296e-06
1.2            3.711875e-01 1.620018e-07 -4.472449e-02 3.711649e-01 1.599081e-07 -4.472187e-02 2.253740e-05 2.093637e-09 -2.618186e-06
1.21           4.038299e-01 1.781443e-07 -4.885118e-02 4.038076e-01 1.760441e-07 -4.884859e-02 2.225673e-05 2.100226e-09 -2.593356e-06
1.22           3.852938e-01 1.671647e-07 -4.678600e-02 3.852719e-01 1.645323e-07 -4.678344e-02 2.193551e-05 2.632473e-09 -2.564789e-06
1.23           3.851526e-01 1.725542e-07 -4.693583e-02 3.851306e-01 1.696256e-07 -4.693328e-02 2.206340e-05 2.928564e-09 -2.554790e-06
1.24           3.776929e-01 1.649653e-07 -4.618075e-02 3.776711e-01 1.614612e-07 -4.617820e-02 2.177779e-05 3.504083e-09 -2.548952e-06
1.25           3.789824e-01 1.730814e-07 -4.648331e-02 3.789605e-01 1.692888e-07 -4.648075e-02 2.194056e-05 3.792526e-09 -2.559697e-06
1.26           3.499949e-01 1.632275e-07 -4.305397e-02 3.499729e-01 1.587355e-07 -4.305135e-02 2.200429e-05 4.492030e-09 -2.615399e-06
1.27           3.819614e-01 1.769050e-07 -4.711133e-02 3.819395e-01 1.724365e-07 -4.710868e-02 2.181361e-05 4.468505e-09 -2.647211e-06
1.28           3.612556e-01 1.680750e-07 -4.466891e-02 3.612340e-01 1.628862e-07 -4.466627e-02 2.162351e-05 5.188810e-09 -2.637783e-06
1.29           3.802568e-01 1.790629e-07 -4.712452e-02 3.802354e-01 1.733892e-07 -4.712191e-02 2.148004e-05 5.673647e-09 -2.614136e-06
1.3            3.649242e-01 1.697500e-07 -4.531823e-02 3.649029e-01 1.632696e-07 -4.531564e-02 2.123210e-05 6.480319e-09 -2.594561e-06
1.31           3.731792e-01 1.773658e-07 -4.642906e-02 3.731579e-01 1.704578e-07 -4.642650e-02 2.122195e-05 6.908011e-09 -2.560708e-06
1.32           3.654429e-01 1.698736e-07 -4.554174e-02 3.654220e-01 1.623336e-07 -4.553920e-02 2.093200e-05 7.539994e-09 -2.539018e-06
1.33           3.738672e-01 1.758006e-07 -4.665885e-02 3.738463e-01 1.676962e-07 -4.665633e-02 2.087838e-05 8.104465e-09 -2.515965e-06
1.34           3.488323e-01 1.674762e-07 -4.358985e-02 3.488114e-01 1.587841e-07 -4.358733e-02 2.085518e-05 8.692088e-09 -2.520060e-06
1.35           3.702534e-01 1.734906e-07 -4.631449e-02 3.702327e-01 1.646308e-07 -4.631200e-02 2.075747e-05 8.859847e-09 -2.485682e-06
1.36           3.664730e-01 1.759016e-07 -4.588110e-02 3.664526e-01 1.656084e-07 -4.587870e-02 2.043651e-05 1.029326e-08 -2.406277e-06
1.37           3.556697e-01 1.705088e-07 -4.455821e-02 3.556493e-01 1.604810e-07 -4.455580e-02 2.039321e-05 1.002781e-08 -2.410374e-06
1.38           3.878951e-01 1.783272e-07 -4.861655e-02 3.878753e-01 1.680380e-07 -4.861419e-02 1.988867e-05 1.028923e-08 -2.361347e-06
1.39           3.324153e-01 1.528043e-07 -4.167668e-02 3.323947e-01 1.447168e-07 -4.167418e-02 2.065589e-05 8.087507e-09 -2.494627e-06
1.4            3.348962e-01 1.658376e-07 -4.199131e-02 3.348758e-01 1.553395e-07 -4.198876e-02 2.047290e-05 1.049812e-08 -2.558117e-06
1.41           3.398763e-01 1.653906e-07 -4.261089e-02 3.398560e-01 1.546024e-07 -4.260835e-02 2.033842e-05 1.078815e-08 -2.540793e-06
1.42           3.681735e-01 1.914230e-07 -4.614415e-02 3.681542e-01 1.761859e-07 -4.614175e-02 1.933238e-05 1.523712e-08 -2.404234e-06
1.43           3.288165e-01 1.628891e-07 -4.119318e-02 3.287966e-01 1.510658e-07 -4.119070e-02 1.993721e-05 1.182321e-08 -2.487566e-06
1.44           3.399068e-01 1.693832e-07 -4.255410e-02 3.398870e-01 1.569040e-07 -4.255159e-02 1.979957e-05 1.247924e-08 -2.503718e-06
1.45           3.445540e-01 1.773797e-07 -4.309954e-02 3.445348e-01 1.632391e-07 -4.309712e-02 1.923386e-05 1.414062e-08 -2.416494e-06
1.46           3.343172e-01 1.685549e-07 -4.177672e-02 3.342979e-01 1.556452e-07 -4.177434e-02 1.924422e-05 1.290970e-08 -2.379873e-06
1.47           2.982751e-01 1.446146e-07 -3.722979e-02 2.982553e-01 1.316092e-07 -3.722731e-02 1.976853e-05 1.300542e-08 -2.478683e-06
1.48           3.262428e-01 1.724158e-07 -4.066320e-02 3.262235e-01 1.589528e-07 -4.066073e-02 1.928388e-05 1.346301e-08 -2.469618e-06
1.49           3.298584e-01 1.810221e-07 -4.105012e-02 3.298397e-01 1.642787e-07 -4.104771e-02 1.869861e-05 1.674339e-08 -2.418857e-06
1.5            3.109705e-01 1.714198e-07 -3.863371e-02 3.109519e-01 1.561717e-07 -3.863132e-02 1.862800e-05 1.524806e-08 -2.398095e-06
1.51           3.229263e-01 1.769572e-07 -4.004272e-02 3.229079e-01 1.612371e-07 -4.004033e-02 1.836375e-05 1.572012e-08 -2.395024e-06
1.52           2.915498e-01 1.501403e-07 -3.607875e-02 2.915308e-01 1.385787e-07 -3.607627e-02 1.897077e-05 1.156164e-08 -2.480764e-06
1.53           3.179107e-01 1.676920e-07 -3.925240e-02 3.178926e-01 1.534092e-07 -3.924999e-02 1.817246e-05 1.428274e-08 -2.410871e-06
1.54           3.074339e-01 1.606868e-07 -3.786869e-02 3.074158e-01 1.474197e-07 -3.786638e-02 1.812501e-05 1.326714e-08 -2.310276e-06
1.55           3.094274e-01 1.659169e-07 -3.801734e-02 3.094097e-01 1.511560e-07 -3.801504e-02 1.767468e-05 1.476087e-08 -2.300174e-06
1.56           2.979566e-01 1.625739e-07 -3.650964e-02 2.979391e-01 1.473406e-07 -3.650737e-02 1.752390e-05 1.523329e-08 -2.263847e-06
1.57           2.825742e-01 1.461703e-07 -3.452624e-02 2.825562e-01 1.338220e-07 -3.452391e-02 1.798952e-05 1.234837e-08 -2.333876e-06
1.58           3.018231e-01 1.619018e-07 -3.676645e-02 3.018058e-01 1.466866e-07 -3.676417e-02 1.735597e-05 1.521521e-08 -2.281932e-06
1.59           2.918486e-01 1.479943e-07 -3.543952e-02 2.918313e-01 1.359950e-07 -3.543735e-02 1.725136e-05 1.199932e-08 -2.172845e-06
1.6            2.914105e-01 1.531321e-07 -3.526931e-02 2.913934e-01 1.403170e-07 -3.526718e-02 1.708518e-05 1.281510e-08 -2.136628e-06
1.61           2.894824e-01 1.538372e-07 -3.491487e-02 2.894657e-01 1.413260e-07 -3.491280e-02 1.673165e-05 1.251122e-08 -2.070596e-06
1.62           2.846203e-01 1.513844e-07 -3.420479e-02 2.846036e-01 1.385523e-07 -3.420267e-02 1.665176e-05 1.283210e-08 -2.123097e-06
1.63           2.791862e-01 1.479917e-07 -3.342622e-02 2.791696e-01 1.354513e-07 -3.342413e-02 1.664036e-05 1.254034e-08 -2.093157e-06
1.64           2.816378e-01 1.529339e-07 -3.358826e-02 2.816214e-01 1.391045e-07 -3.358614e-02 1.641336e-05 1.382936e-08 -2.116782e-06
1.65           2.822923e-01 1.514599e-07 -3.353065e-02 2.822760e-01 1.375235e-07 -3.352851e-02 1.629663e-05 1.393640e-08 -2.141682e-06
1.66           2.705882e-01 1.439610e-07 -3.200660e-02 2.705719e-01 1.313707e-07 -3.200452e-02 1.620775e-05 1.259036e-08 -2.085699e-06
1.67           2.745395e-01 1.462395e-07 -3.233372e-02 2.745235e-01 1.337471e-07 -3.233165e-02 1.596462e-05 1.249240e-08 -2.073627e-06
1.68           2.541002e-01 1.356840e-07 -2.979452e-02 2.540845e-01 1.233743e-07 -2.979248e-02 1.573570e-05 1.230971e-08 -2.038330e-06
1.69           2.826378e-01 1.458600e-07 -3.298807e-02 2.826224e-01 1.340873e-07 -3.298607e-02 1.546187e-05 1.177277e-08 -2.000748e-06
1.7            2.681326e-01 1.371843e-07 -3.114858e-02 2.681171e-01 1.268059e-07 -3.114659e-02 1.547125e-05 1.037844e-08 -1.986791e-06
1.71           2.790747e-01 1.450561e-07 -3.226293e-02 2.790596e-01 1.338900e-07 -3.226098e-02 1.515445e-05 1.116610e-08 -1.953169e-06
1.72           2.296607e-01 1.306239e-07 -2.642065e-02 2.296452e-01 1.198578e-07 -2.641864e-02 1.553150e-05 1.076607e-08 -2.010267e-06
1.73           2.357423e-01 1.319016e-07 -2.698198e-02 2.357268e-01 1.212742e-07 -2.697994e-02 1.545669e-05 1.062743e-08 -2.037944e-06
1.74           2.810179e-01 1.403965e-07 -3.199431e-02 2.810034e-01 1.304039e-07 -3.199241e-02 1.450262e-05 9.992609e-09 -1.907577e-06
1.75           2.492373e-01 1.317993e-07 -2.822621e-02 2.492230e-01 1.224895e-07 -2.822436e-02 1.433842e-05 9.309841e-09 -1.845312e-06
1.76           2.650674e-01 1.335454e-07 -2.985502e-02 2.650534e-01 1.251503e-07 -2.985324e-02 1.400388e-05 8.395122e-09 -1.777232e-06
1.77           2.433365e-01 1.245204e-07 -2.725628e-02 2.433224e-01 1.181550e-07 -2.725455e-02 1.412347e-05 6.365359e-09 -1.731338e-06
1.78           2.451842e-01 1.232081e-07 -2.730777e-02 2.451703e-01 1.168369e-07 -2.730604e-02 1.386493e-05 6.371223e-09 -1.724801e-06
1.79           2.527133e-01 1.308633e-07 -2.798392e-02 2.526999e-01 1.231867e-07 -2.798227e-02 1.332937e-05 7.676586e-09 -1.652128e-06
1.8            2.422518e-01 1.232819e-07 -2.666835e-02 2.422386e-01 1.174485e-07 -2.666670e-02 1.322619e-05 5.833485e-09 -1.641268e-06
1.81           2.350628e-01 1.189973e-07 -2.572293e-02 2.350496e-01 1.138469e-07 -2.572126e-02 1.324024e-05 5.150394e-09 -1.666313e-06
1.82           2.381641e-01 1.207542e-07 -2.590400e-02 2.381510e-01 1.163347e-07 -2.590235e-02 1.313159e-05 4.419455e-09 -1.650945e-06
1.83           2.405749e-01 1.173822e-07 -2.600480e-02 2.405623e-01 1.121545e-07 -2.600322e-02 1.267570e-05 5.227708e-09 -1.581558e-06
1.84           2.311356e-01 1.144959e-07 -2.482838e-02 2.311229e-01 1.101554e-07 -2.482681e-02 1.269748e-05 4.340479e-09 -1.570983e-06
1.85           2.463743e-01 1.190910e-07 -2.629687e-02 2.463621e-01 1.144846e-07 -2.629540e-02 1.217508e-05 4.606399e-09 -1.477657e-06
1.86           2.277052e-01 1.098851e-07 -2.414862e-02 2.276931e-01 1.058577e-07 -2.414715e-02 1.215802e-05 4.027482e-09 -1.473037e-06
1.87           2.320163e-01 1.118909e-07 -2.444547e-02 2.320042e-01 1.084003e-07 -2.444397e-02 1.215245e-05 3.490609e-09 -1.498262e-06
1.88           2.235332e-01 1.059529e-07 -2.339656e-02 2.235209e-01 1.037889e-07 -2.339505e-02 1.225169e-05 2.164018e-09 -1.510462e-06
1.89           2.224051e-01 1.061989e-07 -2.312328e-02 2.223931e-01 1.033336e-07 -2.312177e-02 1.206952e-05 2.865254e-09 -1.507292e-06
1.9            2.137581e-01 1.043671e-07 -2.207490e-02 2.137459e-01 1.007958e-07 -2.207334e-02 1.220581e-05 3.571326e-09 -1.554313e-06
1.91           2.194871e-01 1.081377e-07 -2.251182e-02 2.194752e-01 1.040146e-07 -2.251030e-02 1.195390e-05 4.123040e-09 -1.521296e-06
1.92           1.874618e-01 1.031635e-07 -1.909644e-02 1.874495e-01 9.787881e-08 -1.909484e-02 1.225674e-05 5.284720e-09 -1.603681e-06
1.93           2.128095e-01 1.086983e-07 -2.152689e-02 2.127976e-01 1.025483e-07 -2.152532e-02 1.191838e-05 6.149990e-09 -1.561332e-06
1.94           2.193004e-01 1.093166e-07 -2.202820e-02 2.192889e-01 1.028372e-07 -2.202668e-02 1.150318e-05 6.479391e-09 -1.522454e-06
1.95           2.080767e-01 1.065872e-07 -2.075411e-02 2.080654e-01 1.001648e-07 -2.075263e-02 1.134410e-05 6.422368e-09 -1.486241e-06
1.96           2.069609e-01 1.066856e-07 -2.049666e-02 2.069498e-01 9.996495e-08 -2.049519e-02 1.111105e-05 6.720624e-09 -1.468124e-06
1.97           2.154392e-01 1.113377e-07 -2.118397e-02 2.154285e-01 1.035106e-07 -2.118257e-02 1.068947e-05 7.827039e-09 -1.405015e-06
1.98           2.038389e-01 1.085418e-07 -1.990002e-02 2.038284e-01 1.012185e-07 -1.989864e-02 1.056466e-05 7.323246e-09 -1.384771e-06
1.99           2.073502e-01 1.069856e-07 -2.009696e-02 2.073399e-01 9.996303e-08 -2.009559e-02 1.037080e-05 7.022571e-09 -1.368860e-06
2              2.142158e-01 1.130234e-07 -2.061206e-02 2.142060e-01 1.039614e-07 -2.061079e-02 9.787137e-06 9.062002e-09 -1.271521e-06
2.01           1.995841e-01 1.050346e-07 -1.906528e-02 1.995741e-01 9.733186e-08 -1.906401e-02 9.958428e-06 7.702741e-09 -1.269119e-06
2.02           1.989736e-01 1.019746e-07 -1.886869e-02 1.989637e-01 9.455151e-08 -1.886741e-02 9.965980e-06 7.423089e-09 -1.271412e-06
2.03           1.881204e-01 9.564897e-08 -1.770979e-02 1.881101e-01 9.019911e-08 -1.770846e-02 1.030397e-05 5.449863e-09 -1.330752e-06
2.04           1.985853e-01 1.019807e-07 -1.855813e-02 1.985754e-01 9.514198e-08 -1.855683e-02 9.960575e-06 6.838707e-09 -1.308753e-06
2.05           1.937563e-01 9.987399e-08 -1.797473e-02 1.937466e-01 9.221131e-08 -1.797344e-02 9.731489e-06 7.662674e-09 -1.285201e-06
2.06           1.925033e-01 9.858460e-08 -1.772830e-02 1.924936e-01 9.090770e-08 -1.772702e-02 9.688242e-06 7.676907e-09 -1.288065e-06
2.07           1.915871e-01 9.951466e-08 -1.751512e-02 1.915775e-01 9.157352e-08 -1.751382e-02 9.628801e-06 7.941135e-09 -1.297473e-06
2.08           1.903779e-01 1.007558e-07 -1.727784e-02 1.903685e-01 9.213014e-08 -1.727657e-02 9.372169e-06 8.625608e-09 -1.273400e-06
2.09           1.978058e-01 1.013528e-07 -1.782112e-02 1.977968e-01 9.251410e-08 -1.781989e-02 9.087368e-06 8.838661e-09 -1.234940e-06
2.1            1.874950e-01 1.014242e-07 -1.677005e-02 1.874860e-01 9.215945e-08 -1.676884e-02 8.936734e-06 9.264708e-09 -1.212037e-06
2.11           1.880737e-01 1.006040e-07 -1.670022e-02 1.880648e-01 9.109481e-08 -1.669901e-02 8.865329e-06 9.509181e-09 -1.208518e-06
2.12           1.934833e-01 1.018364e-07 -1.705685e-02 1.934748e-01 9.149409e-08 -1.705568e-02 8.502110e-06 1.034228e-08 -1.171855e-06
2.13           1.855263e-01 1.010577e-07 -1.623864e-02 1.855179e-01 9.037816e-08 -1.623747e-02 8.405534e-06 1.067955e-08 -1.164771e-06
2.14           1.870648e-01 9.941093e-08 -1.625679e-02 1.870565e-01 8.921235e-08 -1.625564e-02 8.316060e-06 1.019858e-08 -1.150293e-06
2.15           1.849427e-01 9.560585e-08 -1.595899e-02 1.849346e-01 8.563725e-08 -1.595786e-02 8.171422e-06 9.968604e-09 -1.128821e-06
2.16           1.822668e-01 9.573393e-08 -1.561780e-02 1.822587e-01 8.620385e-08 -1.561671e-02 8.111384e-06 9.530081e-09 -1.096159e-06
2.17           1.729042e-01 9.004300e-08 -1.471286e-02 1.728959e-01 8.188502e-08 -1.471172e-02 8.359201e-06 8.157984e-09 -1.140465e-06
2.18           1.791428e-01 9.483740e-08 -1.513859e-02 1.791347e-01 8.540491e-08 -1.513747e-02 8.173298e-06 9.432482e-09 -1.115471e-06
2.19           1.838209e-01 9.699337e-08 -1.542797e-02 1.838130e-01 8.676547e-08 -1.542686e-02 7.871991e-06 1.022790e-08 -1.102262e-06
2.2            1.821400e-01 9.580039e-08 -1.518397e-02 1.821323e-01 8.555008e-08 -1.518289e-02 7.701765e-06 1.025031e-08 -1.077289e-06
2.21           1.798791e-01 9.340814e-08 -1.489589e-02 1.798716e-01 8.355978e-08 -1.489484e-02 7.558329e-06 9.848363e-09 -1.048070e-06
2.22           1.673594e-01 9.382834e-08 -1.376871e-02 1.673516e-01 8.331862e-08 -1.376761e-02 7.750110e-06 1.050972e-08 -1.098294e-06
2.23           1.812901e-01 9.746294e-08 -1.481776e-02 1.812826e-01 8.666357e-08 -1.481668e-02 7.511911e-06 1.079937e-08 -1.083880e-06
2.24           1.793258e-01 9.686492e-08 -1.456392e-02 1.793185e-01 8.587731e-08 -1.456286e-02 7.312221e-06 1.098761e-08 -1.059914e-06
2.25           1.907960e-01 1.076421e-07 -1.539808e-02 1.907892e-01 9.647361e-08 -1.539709e-02 6.797840e-06 1.116845e-08 -9.894758e-07
2.26           1.763038e-01 9.697932e-08 -1.414151e-02 1.762972e-01 8.582288e-08 -1.414054e-02 6.688689e-06 1.115644e-08 -9.677367e-07
2.27           1.773758e-01 9.627712e-08 -1.414179e-02 1.773693e-01 8.477325e-08 -1.414083e-02 6.547336e-06 1.150387e-08 -9.604738e-07
2.28           1.770423e-01 9.661499e-08 -1.403183e-02 1.770359e-01 8.492830e-08 -1.403089e-02 6.372452e-06 1.168669e-08 -9.396995e-07
2.29           1.837385e-01 9.575487e-08 -1.447800e-02 1.837325e-01 8.420733e-08 -1.447713e-02 6.006655e-06 1.154754e-08 -8.714484e-07
2.3            1.695845e-01 9.378543e-08 -1.328782e-02 1.695783e-01 8.195783e-08 -1.328694e-02 6.160716e-06 1.182760e-08 -8.773238e-07
2.31           1.680222e-01 9.439343e-08 -1.309313e-02 1.680160e-01 8.231862e-08 -1.309224e-02 6.142801e-06 1.207481e-08 -8.860798e-07
2.32           1.741490e-01 9.633466e-08 -1.349753e-02 1.741431e-01 8.407868e-08 -1.349666e-02 5.913676e-06 1.225598e-08 -8.648931e-07
2.33           1.693001e-01 9.479537e-08 -1.305350e-02 1.692944e-01 8.224120e-08 -1.305263e-02 5.772416e-06 1.255418e-08 -8.746126e-07
2.34           1.671796e-01 9.409319e-08 -1.282492e-02 1.671739e-01 8.143687e-08 -1.282405e-02 5.681782e-06 1.265633e-08 -8.619566e-07
2.35           1.698991e-01 9.444707e-08 -1.296962e-02 1.698936e-01 8.114690e-08 -1.296878e-02 5.488060e-06 1.330017e-08 -8.418818e-07
2.36           1.628757e-01 9.158162e-08 -1.237501e-02 1.628702e-01 7.895250e-08 -1.237416e-02 5.579717e-06 1.262912e-08 -8.514624e-07
2.37           1.688823e-01 9.359231e-08 -1.277277e-02 1.688768e-01 8.066393e-08 -1.277193e-02 5.486986e-06 1.292838e-08 -8.456303e-07
2.38           1.693880e-01 9.489728e-08 -1.275489e-02 1.693826e-01 8.156535e-08 -1.275405e-02 5.343624e-06 1.333193e-08 -8.415975e-07
2.39           1.696639e-01 9.538595e-08 -1.272196e-02 1.696588e-01 8.188156e-08 -1.272113e-02 5.170770e-06 1.350439e-08 -8.260572e-07
2.4            1.663431e-01 9.433117e-08 -1.242297e-02 1.663380e-01 8.059932e-08 -1.242215e-02 5.082990e-06 1.373185e-08 -8.168290e-07
2.41           1.717236e-01 9.537372e-08 -1.277545e-02 1.717187e-01 8.152968e-08 -1.277466e-02 4.871158e-06 1.384404e-08 -7.875690e-07
2.42           1.650214e-01 9.350627e-08 -1.223258e-02 1.650166e-01 7.959039e-08 -1.223181e-02 4.807787e-06 1.391587e-08 -7.752329e-07
2.43           1.669454e-01 9.382399e-08 -1.233268e-02 1.669407e-01 7.998607e-08 -1.233191e-02 4.761756e-06 1.383791e-08 -7.704689e-07
2.44           1.655238e-01 9.322758e-08 -1.218831e-02 1.655191e-01 7.937199e-08 -1.218755e-02 4.745787e-06 1.385558e-08 -7.651298e-07
2.45           1.669312e-01 9.344706e-08 -1.225487e-02 1.669265e-01 7.946603e-08 -1.225411e-02 4.699644e-06 1.398103e-08 -7.629522e-07
2.46           1.629236e-01 9.226726e-08 -1.192734e-02 1.629189e-01 7.824221e-08 -1.192657e-02 4.738533e-06 1.402505e-08 -7.718164e-07
2.47           1.700197e-01 9.608077e-08 -1.241438e-02 1.700152e-01 8.136543e-08 -1.241364e-02 4.517485e-06 1.471534e-08 -7.440710e-07
2.48           1.643017e-01 9.349385e-08 -1.196869e-02 1.642972e-01 7.924111e-08 -1.196795e-02 4.505134e-06 1.425275e-08 -7.403611e-07
2.49           1.674927e-01 9.343631e-08 -1.217484e-02 1.674882e-01 7.930377e-08 -1.217410e-02 4.475997e-06 1.413254e-08 -7.348136e-07
2.5            1.604176e-01 9.296270e-08 -1.163856e-02 1.604130e-01 7.889033e-08 -1.163780e-02 4.599954e-06 1.407238e-08 -7.562529e-07
2.51           1.672418e-01 9.380736e-08 -1.211283e-02 1.672373e-01 7.981381e-08 -1.211208e-02 4.535377e-06 1.399355e-08 -7.500600e-07
2.52           1.664905e-01 9.290007e-08 -1.204077e-02 1.664860e-01 7.904496e-08 -1.204003e-02 4.476522e-06 1.385511e-08 -7.412467e-07
2.53           1.630904e-01 9.036609e-08 -1.178041e-02 1.630859e-01 7.731172e-08 -1.177966e-02 4.549274e-06 1.305437e-08 -7.520512e-07
2.54           1.673007e-01 9.169752e-08 -1.207226e-02 1.672962e-01 7.863908e-08 -1.207152e-02 4.461099e-06 1.305844e-08 -7.405194e-07
2.55           1.652097e-01 9.168010e-08 -1.191220e-02 1.652052e-01 7.865675e-08 -1.191147e-02 4.446203e-06 1.302335e-08 -7.279244e-07
2.56           1.697359e-01 9.303692e-08 -1.223175e-02 1.697316e-01 8.018009e-08 -1.223104e-02 4.321250e-06 1.285683e-08 -7.094760e-07
2.57           1.663291e-01 9.086933e-08 -1.198271e-02 1.663248e-01 7.813199e-08 -1.198201e-02 4.275766e-06 1.273734e-08 -7.021738e-07
2.58           1.734436e-01 9.533206e-08 -1.249395e-02 1.734396e-01 8.165940e-08 -1.249329e-02 4.013025e-06 1.367266e-08 -6.648451e-07
2.59           1.722907e-01 9.461822e-08 -1.241285e-02 1.722868e-01 8.106881e-08 -1.241220e-02 3.920810e-06 1.354941e-08 -6.430167e-07
2.6            1.671967e-01 9.222509e-08 -1.205066e-02 1.671927e-01 7.932448e-08 -1.205001e-02 4.007781e-06 1.290062e-08 -6.500692e-07
2.61           1.675634e-01 9.106861e-08 -1.208450e-02 1.675594e-01 7.855997e-08 -1.208381e-02 4.045942e-06 1.250864e-08 -6.832874e-07
2.62           1.620949e-01 8.860827e-08 -1.169996e-02 1.620909e-01 7.657179e-08 -1.169930e-02 4.030356e-06 1.203648e-08 -6.656825e-07
2.63           1.699821e-01 9.222735e-08 -1.228207e-02 1.699780e-01 8.051263e-08 -1.228141e-02 4.080056e-06 1.171472e-08 -6.621547e-07
2.64           1.691228e-01 9.133373e-08 -1.223564e-02 1.691188e-01 7.941735e-08 -1.223499e-02 4.030463e-06 1.191638e-08 -6.472070e-07
2.65           1.638288e-01 8.806054e-08 -1.187064e-02 1.638246e-01 7.711130e-08 -1.186999e-02 4.164046e-06 1.094924e-08 -6.572388e-07
2.66           1.705305e-01 9.022669e-08 -1.237720e-02 1.705264e-01 7.951197e-08 -1.237656e-02 4.106548e-06 1.071472e-08 -6.410227e-07
2.67           1.686983e-01 8.872667e-08 -1.226802e-02 1.686941e-01 7.843541e-08 -1.226738e-02 4.123081e-06 1.029126e-08 -6.355414e-07
2.68           1.718220e-01 8.900792e-08 -1.252189e-02 1.718179e-01 7.911400e-08 -1.252126e-02 4.109234e-06 9.893925e-09 -6.311548e-07
2.69           1.713253e-01 8.852973e-08 -1.251512e-02 1.713212e-01 7.903984e-08 -1.251449e-02 4.153638e-06 9.489890e-09 -6.314865e-07
2.7            1.710601e-01 8.892332e-08 -1.252778e-02 1.710559e-01 7.965924e-08 -1.252714e-02 4.227310e-06 9.264088e-09 -6.418450e-07
2.71           1.727239e-01 8.757273e-08 -1.268454e-02 1.727197e-01 7.877770e-08 -1.268390e-02 4.265419e-06 8.795028e-09 -6.397107e-07
2.72           1.729023e-01 8.709492e-08 -1.273529e-02 1.728979e-01 7.862238e-08 -1.273465e-02 4.346783e-06 8.472531e-09 -6.402165e-07
2.73           1.777637e-01 8.790673e-08 -1.313451e-02 1.777594e-01 7.990152e-08 -1.313389e-02 4.277738e-06 8.005206e-09 -6.232725e-07
2.74           1.764403e-01 8.652063e-08 -1.308048e-02 1.764360e-01 7.909289e-08 -1.307987e-02 4.319407e-06 7.427744e-09 -6.163498e-07
2.75           1.739664e-01 8.673900e-08 -1.294274e-02 1.739620e-01 7.967484e-08 -1.294213e-02 4.381388e-06 7.064166e-09 -6.191668e-07
2.76           1.759825e-01 8.710152e-08 -1.314136e-02 1.759780e-01 8.049213e-08 -1.314074e-02 4.480103e-06 6.609384e-09 -6.217275e-07
2.77           1.814430e-01 9.020097e-08 -1.360164e-02 1.814385e-01 8.409064e-08 -1.360104e-02 4.406221e-06 6.110333e-09 -6.053850e-07
2.78           1.766229e-01 8.519552e-08 -1.329433e-02 1.766183e-01 7.962461e-08 -1.329372e-02 4.535386e-06 5.570911e-09 -6.088436e-07
2.79           1.790115e-01 8.589992e-08 -1.353106e-02 1.790069e-01 8.080265e-08 -1.353045e-02 4.627551e-06 5.097262e-09 -6.161261e-07
2.8            1.727031e-01 8.368039e-08 -1.311179e-02 1.726983e-01 7.890588e-08 -1.311115e-02 4.809645e-06 4.774508e-09 -6.356456e-07
2.81           1.825938e-01 8.605562e-08 -1.392528e-02 1.825890e-01 8.171292e-08 -1.392465e-02 4.794914e-06 4.342701e-09 -6.279938e-07
2.82           1.806207e-01 8.419355e-08 -1.383948e-02 1.806158e-01 8.034879e-08 -1.383885e-02 4.868299e-06 3.844765e-09 -6.302974e-07
2.83           1.770579e-01 8.302664e-08 -1.363210e-02 1.770529e-01 7.969626e-08 -1.363146e-02 4.978123e-06 3.330387e-09 -6.368226e-07
2.84           1.824192e-01 8.559570e-08 -1.411453e-02 1.824143e-01 8.265619e-08 -1.411390e-02 4.940173e-06 2.939519e-09 -6.280292e-07
2.85           1.768360e-01 8.222589e-08 -1.375267e-02 1.768308e-01 7.973775e-08 -1.375202e-02 5.146877e-06 2.488139e-09 -6.495833e-07
2.86           1.818573e-01 8.256773e-08 -1.421710e-02 1.818520e-01 8.068683e-08 -1.421645e-02 5.236858e-06 1.880909e-09 -6.549153e-07
2.87           1.801408e-01 8.257620e-08 -1.415851e-02 1.801354e-01 8.100168e-08 -1.415784e-02 5.351749e-06 1.574514e-09 -6.770140e-07
2.88           1.853586e-01 8.361590e-08 -1.464817e-02 1.853532e-01 8.242396e-08 -1.464750e-02 5.339314e-06 1.191939e-09 -6.706193e-07
2.89           1.793030e-01 8.021320e-08 -1.424906e-02 1.792975e-01 7.941668e-08 -1.424836e-02 5.553053e-06 7.965112e-10 -6.950865e-07
2.9            1.862155e-01 8.294343e-08 -1.488235e-02 1.862099e-01 8.254691e-08 -1.488166e-02 5.616363e-06 3.965203e-10 -6.943104e-07
2.91           1.831847e-01 8.209077e-08 -1.472500e-02 1.831790e-01 8.233655e-08 -1.472429e-02 5.723250e-06 -2.457858e-10 -7.027948e-07
2.92           1.815056e-01 8.097022e-08 -1.467584e-02 1.814996e-01 8.161041e-08 -1.467512e-02 5.960249e-06 -6.401889e-10 -7.226724e-07
2.93           1.879618e-01 8.008133e-08 -1.528839e-02 1.879559e-01 8.109733e-08 -1.528768e-02 5.974151e-06 -1.015993e-09 -7.153614e-07
2.94           1.865400e-01 8.077307e-08 -1.526459e-02 1.865340e-01 8.229753e-08 -1.526389e-02 6.024992e-06 -1.524463e-09 -7.035893e-07
2.95           1.896810e-01 8.194261e-08 -1.561651e-02 1.896750e-01 8.379575e-08 -1.561580e-02 6.032235e-06 -1.853133e-09 -7.041722e-07
2.96           1.863935e-01 8.102181e-08 -1.544099e-02 1.863874e-01 8.334515e-08 -1.544028e-02 6.124155e-06 -2.323338e-09 -7.113610e-07
2.97           1.884386e-01 8.401574e-08 -1.570794e-02 1.884324e-01 8.558780e-08 -1.570720e-02 6.203755e-06 -1.572059e-09 -7.355970e-07
2.98           1.884222e-01 8.364421e-08 -1.580580e-02 1.884161e-01 8.496280e-08 -1.580509e-02 6.114122e-06 -1.318586e-09 -7.096636e-07
2.99           1.921131e-01 8.441375e-08 -1.621816e-02 1.921069e-01 8.664590e-08 -1.621745e-02 6.247708e-06 -2.232144e-09 -7.169379e-07
3              1.900435e-01 8.200261e-08 -1.614688e-02 1.900370e-01 8.475146e-08 -1.614615e-02 6.507599e-06 -2.748854e-09 -7.274760e-07
3.01           1.924665e-01 8.202948e-08 -1.645877e-02 1.924598e-01 8.521482e-08 -1.645803e-02 6.658275e-06 -3.185340e-09 -7.318477e-07
3.02           1.831791e-01 8.000120e-08 -1.576707e-02 1.831720e-01 8.432413e-08 -1.576628e-02 7.080506e-06 -4.322933e-09 -7.961701e-07
3.03           1.933199e-01 8.190958e-08 -1.674885e-02 1.933128e-01 8.615663e-08 -1.674804e-02 7.120602e-06 -4.247055e-09 -8.040612e-07
3.04           1.916641e-01 8.242676e-08 -1.671489e-02 1.916569e-01 8.672574e-08 -1.671406e-02 7.247447e-06 -4.298980e-09 -8.288575e-07
3.05           1.948364e-01 8.233604e-08 -1.710389e-02 1.948290e-01 8.682824e-08 -1.710303e-02 7.365009e-06 -4.492203e-09 -8.534370e-07
3.06           1.836272e-01 7.828926e-08 -1.622723e-02 1.836195e-01 8.300310e-08 -1.622631e-02 7.755715e-06 -4.713836e-09 -9.203924e-07
3.07           1.938630e-01 8.218817e-08 -1.724517e-02 1.938552e-01 8.701470e-08 -1.724422e-02 7.837241e-06 -4.826536e-09 -9.442113e-07
3.08           1.896134e-01 7.895347e-08 -1.697939e-02 1.896056e-01 8.414798e-08 -1.697846e-02 7.779103e-06 -5.194507e-09 -9.306302e-07
3.09           1.979576e-01 8.235223e-08 -1.784481e-02 1.979498e-01 8.780842e-08 -1.784388e-02 7.840551e-06 -5.456192e-09 -9.247399e-07
3.1            2.000877e-01 8.517608e-08 -1.815759e-02 2.000798e-01 9.073413e-08 -1.815666e-02 7.890992e-06 -5.558046e-09 -9.257182e-07
3.11           2.000069e-01 8.514649e-08 -1.827178e-02 1.999989e-01 9.078425e-08 -1.827085e-02 7.957662e-06 -5.637761e-09 -9.327402e-07
3.12           2.066435e-01 8.609434e-08 -1.900411e-02 2.066357e-01 9.150716e-08 -1.900318e-02 7.890013e-06 -5.412829e-09 -9.254006e-07
3.13           1.960334e-01 8.110934e-08 -1.814926e-02 1.960251e-01 8.707277e-08 -1.814830e-02 8.235605e-06 -5.963437e-09 -9.598173e-07
3.14           1.996609e-01 8.358576e-08 -1.860823e-02 1.996525e-01 8.975919e-08 -1.860724e-02 8.375669e-06 -6.173429e-09 -9.872531e-07
3.15           2.050612e-01 8.278416e-08 -1.923833e-02 2.050528e-01 8.948814e-08 -1.923734e-02 8.420217e-06 -6.703974e-09 -9.866956e-07
3.16           1.989284e-01 8.099837e-08 -1.878669e-02 1.989198e-01 8.791864e-08 -1.878568e-02 8.584524e-06 -6.920276e-09 -1.009196e-06
3.17           2.080457e-01 8.467188e-08 -1.977683e-02 2.080372e-01 9.166070e-08 -1.977583e-02 8.527408e-06 -6.988813e-09 -1.003806e-06
3.18           2.049820e-01 8.345906e-08 -1.961327e-02 2.049735e-01 9.056306e-08 -1.961228e-02 8.523076e-06 -7.104005e-09 -9.937747e-07
3.19           2.064195e-01 8.184470e-08 -1.987944e-02 2.064109e-01 8.966726e-08 -1.987844e-02 8.633108e-06 -7.822559e-09 -1.000203e-06
3.2            2.213130e-01 8.789232e-08 -2.145107e-02 2.213044e-01 9.580394e-08 -2.145008e-02 8.620798e-06 -7.911617e-09 -9.901147e-07
3.21           2.085788e-01 8.536056e-08 -2.034624e-02 2.085701e-01 9.330413e-08 -2.034524e-02 8.670167e-06 -7.943569e-09 -1.000197e-06
3.22           2.095246e-01 8.406423e-08 -2.056762e-02 2.095160e-01 9.232656e-08 -2.056663e-02 8.654763e-06 -8.262332e-09 -9.957719e-07
3.23           2.051205e-01 8.120877e-08 -2.026167e-02 2.051120e-01 8.961746e-08 -2.026069e-02 8.535900e-06 -8.408690e-09 -9.761335e-07
3.24           2.064252e-01 8.315945e-08 -2.051786e-02 2.064164e-01 9.162487e-08 -2.051685e-02 8.807373e-06 -8.465422e-09 -1.012392e-06
3.25           2.104390e-01 8.361820e-08 -2.104593e-02 2.104302e-01 9.189780e-08 -2.104493e-02 8.750544e-06 -8.279597e-09 -9.924644e-07
3.26           2.106329e-01 8.484318e-08 -2.119434e-02 2.106240e-01 9.296589e-08 -2.119334e-02 8.878456e-06 -8.122709e-09 -1.005903e-06
3.27           2.066272e-01 8.433739e-08 -2.091731e-02 2.066182e-01 9.229464e-08 -2.091628e-02 9.008952e-06 -7.957258e-09 -1.029121e-06
3.28           2.085197e-01 8.521282e-08 -2.123535e-02 2.085105e-01 9.317773e-08 -2.123429e-02 9.165905e-06 -7.964906e-09 -1.054333e-06
3.29           2.192814e-01 8.775162e-08 -2.246311e-02 2.192724e-01 9.534552e-08 -2.246208e-02 8.966028e-06 -7.593897e-09 -1.027226e-06
3.3            2.155212e-01 8.733898e-08 -2.220729e-02 2.155123e-01 9.469523e-08 -2.220626e-02 8.973650e-06 -7.356249e-09 -1.023431e-06
3.31           2.122943e-01 8.456705e-08 -2.200137e-02 2.122852e-01 9.260395e-08 -2.200034e-02 9.088052e-06 -8.036893e-09 -1.029258e-06
3.32           2.103330e-01 8.176231e-08 -2.192266e-02 2.103237e-01 9.004711e-08 -2.192159e-02 9.277488e-06 -8.284805e-09 -1.065591e-06
3.33           2.042771e-01 8.038474e-08 -2.141161e-02 2.042676e-01 8.871820e-08 -2.141049e-02 9.493531e-06 -8.333454e-09 -1.112679e-06
3.34           2.123559e-01 8.492776e-08 -2.238171e-02 2.123465e-01 9.338184e-08 -2.238059e-02 9.459580e-06 -8.454075e-09 -1.118854e-06
3.35           2.170202e-01 8.859901e-08 -2.299821e-02 2.170110e-01 9.632000e-08 -2.299711e-02 9.265487e-06 -7.720983e-09 -1.099030e-06
3.36           2.111611e-01 8.724619e-08 -2.249802e-02 2.111518e-01 9.518796e-08 -2.249692e-02 9.299984e-06 -7.941771e-09 -1.105160e-06
3.37           2.133330e-01 8.686385e-08 -2.284987e-02 2.133237e-01 9.541178e-08 -2.284874e-02 9.306745e-06 -8.547923e-09 -1.123558e-06
3.38           2.175817e-01 8.566314e-08 -2.342638e-02 2.175724e-01 9.494212e-08 -2.342526e-02 9.334591e-06 -9.278982e-09 -1.117791e-06
3.39           2.134793e-01 8.373156e-08 -2.310269e-02 2.134699e-01 9.437843e-08 -2.310158e-02 9.396641e-06 -1.064686e-08 -1.108974e-06
3.4            2.159639e-01 8.449894e-08 -2.348927e-02 2.159545e-01 9.580796e-08 -2.348816e-02 9.364383e-06 -1.130902e-08 -1.105972e-06
3.41           2.166286e-01 8.372328e-08 -2.367813e-02 2.166193e-01 9.538155e-08 -2.367703e-02 9.294090e-06 -1.165827e-08 -1.103090e-06
3.42           2.153651e-01 8.017516e-08 -2.365453e-02 2.153557e-01 9.309816e-08 -2.365344e-02 9.322524e-06 -1.292299e-08 -1.082200e-06
3.43           2.143831e-01 8.127822e-08 -2.365892e-02 2.143738e-01 9.454665e-08 -2.365784e-02 9.340467e-06 -1.326843e-08 -1.079194e-06
3.44           2.167594e-01 8.120090e-08 -2.403297e-02 2.167499e-01 9.480650e-08 -2.403188e-02 9.417573e-06 -1.360559e-08 -1.094850e-06
3.45           2.142090e-01 8.051602e-08 -2.385906e-02 2.141996e-01 9.497636e-08 -2.385798e-02 9.431349e-06 -1.446034e-08 -1.073695e-06
3.46           2.179442e-01 7.988763e-08 -2.438391e-02 2.179348e-01 9.470669e-08 -2.438285e-02 9.403507e-06 -1.481905e-08 -1.057593e-06
3.47           2.139233e-01 8.116677e-08 -2.403931e-02 2.139139e-01 9.565968e-08 -2.403825e-02 9.374629e-06 -1.449291e-08 -1.067399e-06
3.48           2.178386e-01 8.007337e-08 -2.458429e-02 2.178292e-01 9.531342e-08 -2.458323e-02 9.340542e-06 -1.524005e-08 -1.065224e-06
3.49           2.224349e-01 8.192168e-08 -2.520825e-02 2.224256e-01 9.787635e-08 -2.520719e-02 9.301644e-06 -1.595467e-08 -1.052557e-06
3.5            2.173565e-01 7.726421e-08 -2.473366e-02 2.173473e-01 9.257708e-08 -2.473261e-02 9.274837e-06 -1.531287e-08 -1.052921e-06
3.51           2.166970e-01 7.913267e-08 -2.475729e-02 2.166878e-01 9.375459e-08 -2.475626e-02 9.168068e-06 -1.462193e-08 -1.024331e-06
3.52           2.036664e-01 7.670301e-08 -2.335963e-02 2.036568e-01 9.195520e-08 -2.335853e-02 9.524314e-06 -1.525219e-08 -1.098993e-06
3.53           2.129711e-01 8.002474e-08 -2.451946e-02 2.129617e-01 9.441208e-08 -2.451837e-02 9.373936e-06 -1.438733e-08 -1.092520e-06
3.54           2.163923e-01 8.271823e-08 -2.500549e-02 2.163832e-01 9.546412e-08 -2.500443e-02 9.116754e-06 -1.274589e-08 -1.061734e-06
3.55           2.217220e-01 8.803141e-08 -2.571363e-02 2.217133e-01 9.871848e-08 -2.571263e-02 8.746997e-06 -1.068708e-08 -1.001602e-06
3.56           2.057655e-01 7.977316e-08 -2.394720e-02 2.057566e-01 9.025039e-08 -2.394619e-02 8.865253e-06 -1.047723e-08 -1.004566e-06
3.57           2.136599e-01 8.324738e-08 -2.495055e-02 2.136509e-01 9.336682e-08 -2.494953e-02 8.952075e-06 -1.011945e-08 -1.022200e-06
3.58           2.073915e-01 8.219428e-08 -2.429909e-02 2.073824e-01 9.118749e-08 -2.429806e-02 9.082392e-06 -8.993210e-09 -1.033782e-06
3.59           2.130057e-01 8.576847e-08 -2.503697e-02 2.129967e-01 9.419470e-08 -2.503594e-02 8.956125e-06 -8.426229e-09 -1.034912e-06
3.6            2.096617e-01 8.249292e-08 -2.472077e-02 2.096527e-01 9.004840e-08 -2.471977e-02 8.977201e-06 -7.555476e-09 -1.001123e-06
3.61           2.088025e-01 8.379072e-08 -2.469383e-02 2.087936e-01 9.024965e-08 -2.469280e-02 8.942715e-06 -6.458924e-09 -1.032647e-06
3.62           2.115928e-01 8.310011e-08 -2.509684e-02 2.115838e-01 8.926348e-08 -2.509581e-02 8.925041e-06 -6.163374e-09 -1.037691e-06
3.63           2.074666e-01 8.422529e-08 -2.467696e-02 2.074577e-01 8.951696e-08 -2.467591e-02 8.865524e-06 -5.291673e-09 -1.042699e-06
3.64           2.081951e-01 8.316856e-08 -2.483103e-02 2.081862e-01 8.826148e-08 -2.482997e-02 8.890006e-06 -5.092924e-09 -1.053326e-06
3.65           2.139676e-01 8.771227e-08 -2.558629e-02 2.139588e-01 9.216275e-08 -2.558523e-02 8.821589e-06 -4.450481e-09 -1.058778e-06
3.66           2.119494e-01 8.679156e-08 -2.540900e-02 2.119407e-01 9.087440e-08 -2.540796e-02 8.720830e-06 -4.082839e-09 -1.046514e-06
3.67           2.039083e-01 8.442924e-08 -2.450458e-02 2.038995e-01 8.781820e-08 -2.450354e-02 8.792521e-06 -3.388958e-09 -1.048495e-06
3.68           2.074250e-01 8.717935e-08 -2.498517e-02 2.074163e-01 9.052569e-08 -2.498412e-02 8.705632e-06 -3.346342e-09 -1.044729e-06
3.69           2.064760e-01 8.634133e-08 -2.492639e-02 2.064673e-01 8.938447e-08 -2.492535e-02 8.676182e-06 -3.043139e-09 -1.041906e-06
3.7            2.060511e-01 8.610197e-08 -2.492820e-02 2.060425e-01 8.887470e-08 -2.492717e-02 8.586811e-06 -2.772732e-09 -1.035112e-06
3.71           2.037071e-01 8.560279e-08 -2.469490e-02 2.036986e-01 8.829857e-08 -2.469387e-02 8.505796e-06 -2.695781e-09 -1.035699e-06
3.72           2.042638e-01 8.588092e-08 -2.481049e-02 2.042553e-01 8.824152e-08 -2.480946e-02 8.485269e-06 -2.360602e-09 -1.035386e-06
3.73           2.069084e-01 8.582976e-08 -2.517805e-02 2.069000e-01 8.792600e-08 -2.517702e-02 8.421181e-06 -2.096242e-09 -1.030785e-06
3.74           1.999953e-01 8.270572e-08 -2.437967e-02 1.999868e-01 8.569601e-08 -2.437863e-02 8.497587e-06 -2.990288e-09 -1.042068e-06
3.75           2.017639e-01 8.491637e-08 -2.463584e-02 2.017556e-01 8.751013e-08 -2.463481e-02 8.325016e-06 -2.593759e-09 -1.025758e-06
3.76           2.016734e-01 8.452236e-08 -2.466324e-02 2.016652e-01 8.686234e-08 -2.466222e-02 8.216209e-06 -2.339981e-09 -1.017982e-06
3.77           2.020562e-01 8.435414e-08 -2.474630e-02 2.020481e-01 8.678850e-08 -2.474529e-02 8.129784e-06 -2.434363e-09 -1.010694e-06
3.78           1.999549e-01 8.353350e-08 -2.452263e-02 1.999469e-01 8.599768e-08 -2.452163e-02 8.037174e-06 -2.464181e-09 -1.001179e-06
3.79           2.015118e-01 8.312692e-08 -2.474510e-02 2.015038e-01 8.573833e-08 -2.474413e-02 7.978860e-06 -2.611402e-09 -9.755631e-07
3.8            1.995310e-01 8.190132e-08 -2.453095e-02 1.995230e-01 8.468282e-08 -2.452998e-02 7.927196e-06 -2.781502e-09 -9.694561e-07
3.81           2.012776e-01 8.460241e-08 -2.477272e-02 2.012699e-01 8.693466e-08 -2.477177e-02 7.744070e-06 -2.332256e-09 -9.595598e-07
3.82           2.013079e-01 8.154110e-08 -2.480131e-02 2.013002e-01 8.456201e-08 -2.480037e-02 7.666539e-06 -3.020908e-09 -9.356975e-07
3.83           1.983082e-01 8.157780e-08 -2.445409e-02 1.983006e-01 8.487049e-08 -2.445318e-02 7.560959e-06 -3.292695e-09 -9.193830e-07
3.84           1.966083e-01 7.956480e-08 -2.426447e-02 1.966008e-01 8.347580e-08 -2.426359e-02 7.503007e-06 -3.910999e-09 -8.800183e-07
3.85           2.021360e-01 8.184514e-08 -2.496477e-02 2.021287e-01 8.592520e-08 -2.496391e-02 7.300874e-06 -4.080061e-09 -8.528675e-07
3.86           2.003229e-01 8.000434e-08 -2.475689e-02 2.003158e-01 8.443955e-08 -2.475607e-02 7.127888e-06 -4.435207e-09 -8.204074e-07
3.87           1.918967e-01 7.503136e-08 -2.372920e-02 1.918894e-01 7.979339e-08 -2.372835e-02 7.242578e-06 -4.762032e-09 -8.449033e-07
3.88           1.942275e-01 7.712246e-08 -2.402881e-02 1.942203e-01 8.216850e-08 -2.402797e-02 7.176458e-06 -5.046041e-09 -8.396585e-07
3.89           2.027524e-01 8.264322e-08 -2.509302e-02 2.027455e-01 8.770550e-08 -2.509223e-02 6.869064e-06 -5.062271e-09 -7.884409e-07
3.9            1.844897e-01 7.027180e-08 -2.284044e-02 1.844826e-01 7.599301e-08 -2.283961e-02 7.078407e-06 -5.721215e-09 -8.256404e-07
3.91           1.928562e-01 7.421452e-08 -2.388144e-02 1.928492e-01 8.017676e-08 -2.388062e-02 6.995660e-06 -5.962249e-09 -8.194394e-07
3.92           1.875645e-01 7.229580e-08 -2.322973e-02 1.875574e-01 7.865492e-08 -2.322891e-02 7.031569e-06 -6.359118e-09 -8.255620e-07
3.93           1.890604e-01 7.262085e-08 -2.341644e-02 1.890534e-01 7.921620e-08 -2.341561e-02 7.023709e-06 -6.595352e-09 -8.329077e-07
3.94           1.883235e-01 7.296265e-08 -2.332486e-02 1.883166e-01 7.988693e-08 -2.332402e-02 6.936261e-06 -6.924285e-09 -8.378651e-07
3.95           1.929093e-01 7.325811e-08 -2.389047e-02 1.929025e-01 8.033559e-08 -2.388966e-02 6.759283e-06 -7.077483e-09 -8.092593e-07
3.96           1.892430e-01 7.184690e-08 -2.343257e-02 1.892363e-01 7.927117e-08 -2.343177e-02 6.654044e-06 -7.424267e-09 -7.956348e-07
3.97           1.867210e-01 7.096432e-08 -2.311474e-02 1.867143e-01 7.874629e-08 -2.311395e-02 6.611260e-06 -7.781977e-09 -7.964799e-07
3.98           1.866382e-01 7.025779e-08 -2.309718e-02 1.866317e-01 7.822293e-08 -2.309638e-02 6.557008e-06 -7.965134e-09 -8.056043e-07
3.99           1.877279e-01 7.004143e-08 -2.322293e-02 1.877214e-01 7.828624e-08 -2.322213e-02 6.499079e-06 -8.244810e-09 -8.018118e-07
4              1.875580e-01 6.972649e-08 -2.319115e-02 1.875517e-01 7.820893e-08 -2.319036e-02 6.373143e-06 -8.482446e-09 -7.925442e-07
4.01           1.868134e-01 6.929546e-08 -2.308666e-02 1.868072e-01 7.811038e-08 -2.308589e-02 6.230459e-06 -8.814922e-09 -7.719402e-07
4.02           1.857737e-01 6.834424e-08 -2.294429e-02 1.857676e-01 7.758455e-08 -2.294354e-02 6.127820e-06 -9.240310e-09 -7.577436e-07
4.03           1.838776e-01 6.666810e-08 -2.269485e-02 1.838715e-01 7.619248e-08 -2.269409e-02 6.143154e-06 -9.524380e-09 -7.608741e-07
4.04           1.829046e-01 6.556522e-08 -2.255802e-02 1.828985e-01 7.554150e-08 -2.255727e-02 6.106190e-06 -9.976280e-09 -7.522803e-07
4.05           1.857861e-01 6.654448e-08 -2.289476e-02 1.857801e-01 7.680476e-08 -2.289401e-02 6.014213e-06 -1.026028e-08 -7.432856e-07
4.06           1.908530e-01 6.931343e-08 -2.349859e-02 1.908471e-01 7.951558e-08 -2.349786e-02 5.902708e-06 -1.020215e-08 -7.316385e-07
4.07           1.820933e-01 6.560797e-08 -2.239912e-02 1.820875e-01 7.631479e-08 -2.239840e-02 5.798292e-06 -1.070682e-08 -7.167566e-07
4.08           1.849902e-01 6.518931e-08 -2.273244e-02 1.849845e-01 7.642973e-08 -2.273175e-02 5.659515e-06 -1.124043e-08 -6.900414e-07
4.09           1.823571e-01 6.364157e-08 -2.238499e-02 1.823515e-01 7.544795e-08 -2.238431e-02 5.581067e-06 -1.180638e-08 -6.767238e-07
4.1            1.806761e-01 6.284258e-08 -2.215358e-02 1.806705e-01 7.518666e-08 -2.215291e-02 5.519038e-06 -1.234408e-08 -6.627363e-07
4.11           1.810484e-01 6.063778e-08 -2.217279e-02 1.810429e-01 7.366273e-08 -2.217214e-02 5.424365e-06 -1.302495e-08 -6.417562e-07
4.12           1.797544e-01 6.249878e-08 -2.198686e-02 1.797491e-01 7.572148e-08 -2.198623e-02 5.329823e-06 -1.322270e-08 -6.324777e-07
4.13           1.796469e-01 6.078524e-08 -2.194496e-02 1.796416e-01 7.457524e-08 -2.194434e-02 5.226504e-06 -1.379001e-08 -6.115780e-07
4.14           1.768240e-01 5.963995e-08 -2.157069e-02 1.768188e-01 7.377052e-08 -2.157010e-02 5.112003e-06 -1.413057e-08 -5.971707e-07
4.15           1.797239e-01 6.005567e-08 -2.189321e-02 1.797190e-01 7.453308e-08 -2.189264e-02 4.946036e-06 -1.447741e-08 -5.654070e-07
4.16           1.751569e-01 5.955501e-08 -2.130557e-02 1.751521e-01 7.421878e-08 -2.130501e-02 4.860709e-06 -1.466377e-08 -5.587609e-07
4.17           1.665862e-01 5.120472e-08 -2.023240e-02 1.665812e-01 6.659031e-08 -2.023181e-02 4.988023e-06 -1.538559e-08 -5.886566e-07
4.18           1.731648e-01 5.722515e-08 -2.099803e-02 1.731600e-01 7.298648e-08 -2.099746e-02 4.832198e-06 -1.576133e-08 -5.706331e-07
4.19           1.742180e-01 5.681794e-08 -2.109132e-02 1.742133e-01 7.288291e-08 -2.109077e-02 4.686593e-06 -1.606497e-08 -5.488005e-07
4.2            1.723668e-01 5.545165e-08 -2.083229e-02 1.723622e-01 7.191019e-08 -2.083176e-02 4.593634e-06 -1.645854e-08 -5.301339e-07
4.21           1.728261e-01 5.482039e-08 -2.085193e-02 1.728216e-01 7.164952e-08 -2.085141e-02 4.523235e-06 -1.682913e-08 -5.249551e-07
4.22           1.754647e-01 5.859689e-08 -2.113289e-02 1.754604e-01 7.484968e-08 -2.113241e-02 4.279277e-06 -1.625279e-08 -4.877688e-07
4.23           1.736321e-01 5.637903e-08 -2.087434e-02 1.736279e-01 7.316132e-08 -2.087387e-02 4.167210e-06 -1.678229e-08 -4.725503e-07
4.24           1.693841e-01 5.279083e-08 -2.032607e-02 1.693799e-01 7.055721e-08 -2.032560e-02 4.124046e-06 -1.776639e-08 -4.672518e-07
4.25           1.704130e-01 5.559606e-08 -2.041082e-02 1.704090e-01 7.337262e-08 -2.041036e-02 3.994826e-06 -1.777656e-08 -4.542726e-07
4.26           1.739661e-01 5.853148e-08 -2.079604e-02 1.739624e-01 7.562426e-08 -2.079563e-02 3.709308e-06 -1.709278e-08 -4.081032e-07
4.27           1.679897e-01 5.374733e-08 -2.004218e-02 1.679860e-01 7.157215e-08 -2.004178e-02 3.669845e-06 -1.782483e-08 -3.989907e-07
4.28           1.701866e-01 5.482834e-08 -2.026353e-02 1.701831e-01 7.264254e-08 -2.026316e-02 3.514069e-06 -1.781420e-08 -3.752379e-07
4.29           1.666866e-01 5.423578e-08 -1.980644e-02 1.666832e-01 7.236326e-08 -1.980607e-02 3.426665e-06 -1.812748e-08 -3.675855e-07
4.3            1.672729e-01 5.286746e-08 -1.983493e-02 1.672696e-01 7.135669e-08 -1.983458e-02 3.328326e-06 -1.848924e-08 -3.522644e-07
4.31           1.645311e-01 5.107074e-08 -1.946893e-02 1.645278e-01 7.001166e-08 -1.946857e-02 3.280168e-06 -1.894093e-08 -3.511662e-07
4.32           1.618551e-01 5.010577e-08 -1.911154e-02 1.618519e-01 6.968883e-08 -1.911119e-02 3.245980e-06 -1.958306e-08 -3.505430e-07
4.33           1.638806e-01 5.089150e-08 -1.930893e-02 1.638775e-01 7.085804e-08 -1.930860e-02 3.090578e-06 -1.996654e-08 -3.287561e-07
4.34           1.633469e-01 4.997227e-08 -1.920409e-02 1.633439e-01 7.023293e-08 -1.920377e-02 3.000525e-06 -2.026066e-08 -3.127713e-07
4.35           1.660204e-01 4.953262e-08 -1.947533e-02 1.660176e-01 7.015113e-08 -1.947504e-02 2.869676e-06 -2.061851e-08 -2.890760e-07
4.36           1.606234e-01 4.885783e-08 -1.880052e-02 1.606206e-01 6.993733e-08 -1.880023e-02 2.839587e-06 -2.107950e-08 -2.884075e-07
4.37           1.578768e-01 4.765691e-08 -1.843767e-02 1.578740e-01 6.915168e-08 -1.843740e-02 2.756388e-06 -2.149476e-08 -2.776581e-07
4.38           1.624739e-01 4.897451e-08 -1.893164e-02 1.624712e-01 7.073094e-08 -1.893139e-02 2.605956e-06 -2.175643e-08 -2.553125e-07
4.39           1.613502e-01 4.847370e-08 -1.875813e-02 1.613477e-01 7.061004e-08 -1.875789e-02 2.514212e-06 -2.213634e-08 -2.396736e-07
4.4            1.663824e-01 5.047467e-08 -1.929886e-02 1.663801e-01 7.287460e-08 -1.929865e-02 2.341593e-06 -2.239993e-08 -2.103979e-07
4.41           1.613110e-01 4.951862e-08 -1.866789e-02 1.613088e-01 7.217390e-08 -1.866769e-02 2.251088e-06 -2.265528e-08 -1.980268e-07
4.42           1.589147e-01 4.431805e-08 -1.834823e-02 1.589125e-01 6.783718e-08 -1.834804e-02 2.221219e-06 -2.351913e-08 -1.896655e-07
4.43           1.606374e-01 4.721103e-08 -1.850422e-02 1.606353e-01 7.100463e-08 -1.850404e-02 2.105362e-06 -2.379360e-08 -1.719747e-07
4.44           1.607033e-01 4.809324e-08 -1.846888e-02 1.607013e-01 7.221457e-08 -1.846872e-02 2.007180e-06 -2.412132e-08 -1.568359e-07
4.45           1.631886e-01 4.742660e-08 -1.871077e-02 1.631867e-01 7.189188e-08 -1.871064e-02 1.906409e-06 -2.446528e-08 -1.359810e-07
4.46           1.613992e-01 4.787423e-08 -1.846256e-02 1.613973e-01 7.272438e-08 -1.846244e-02 1.820371e-06 -2.485015e-08 -1.205922e-07
4.47           1.612805e-01 4.532485e-08 -1.840586e-02 1.612787e-01 7.066120e-08 -1.840577e-02 1.736724e-06 -2.533636e-08 -9.848724e-08
4.48           1.593804e-01 4.673380e-08 -1.814659e-02 1.593787e-01 7.232436e-08 -1.814650e-02 1.662749e-06 -2.559056e-08 -8.644563e-08
4.49           1.618605e-01 4.799129e-08 -1.838587e-02 1.618590e-01 7.389140e-08 -1.838580e-02 1.577288e-06 -2.590011e-08 -6.606700e-08
4.5            1.601327e-01 4.717329e-08 -1.814719e-02 1.601312e-01 7.305494e-08 -1.814714e-02 1.515142e-06 -2.588165e-08 -5.213061e-08
4.51           1.604480e-01 4.706568e-08 -1.814056e-02 1.604465e-01 7.298843e-08 -1.814052e-02 1.456517e-06 -2.592276e-08 -3.917359e-08
4.52           1.592718e-01 4.734236e-08 -1.796576e-02 1.592704e-01 7.298561e-08 -1.796573e-02 1.414488e-06 -2.564326e-08 -2.937005e-08
4.53           1.605662e-01 4.730937e-08 -1.806980e-02 1.605648e-01 7.276499e-08 -1.806978e-02 1.376044e-06 -2.545562e-08 -1.792469e-08
4.54           1.593082e-01 4.876720e-08 -1.788697e-02 1.593068e-01 7.384021e-08 -1.788696e-02 1.340378e-06 -2.507300e-08 -8.805077e-09
4.55           1.605712e-01 4.884431e-08 -1.798742e-02 1.605699e-01 7.343044e-08 -1.798742e-02 1.320130e-06 -2.458613e-08 5.383634e-10
4.56           1.585255e-01 5.033304e-08 -1.771785e-02 1.585242e-01 7.414965e-08 -1.771785e-02 1.294533e-06 -2.381661e-08 1.883055e-09
4.57           1.600786e-01 5.165252e-08 -1.785098e-02 1.600773e-01 7.485039e-08 -1.785098e-02 1.279450e-06 -2.319786e-08 -1.306902e-09
4.58           1.592825e-01 5.274500e-08 -1.772227e-02 1.592813e-01 7.513566e-08 -1.772228e-02 1.268773e-06 -2.239066e-08 2.718659e-09
4.59           1.583728e-01 5.331141e-08 -1.758182e-02 1.583716e-01 7.467600e-08 -1.758182e-02 1.240687e-06 -2.136459e-08 3.029665e-09
4.6            1.623873e-01 5.621171e-08 -1.798769e-02 1.623860e-01 7.686741e-08 -1.798770e-02 1.265576e-06 -2.065570e-08 8.737556e-09
4.61           1.596077e-01 5.581647e-08 -1.764124e-02 1.596064e-01 7.532098e-08 -1.764125e-02 1.285113e-06 -1.950452e-08 1.091751e-08
4.62           1.635020e-01 6.025089e-08 -1.803247e-02 1.635007e-01 7.862786e-08 -1.803248e-02 1.289436e-06 -1.837697e-08 1.045372e-08
4.63           1.611436e-01 5.952784e-08 -1.773432e-02 1.611423e-01 7.649147e-08 -1.773433e-02 1.317471e-06 -1.696363e-08 7.077660e-09
4.64           1.592686e-01 6.077607e-08 -1.749084e-02 1.592673e-01 7.630805e-08 -1.749085e-02 1.325982e-06 -1.553197e-08 4.994435e-09
4.65           1.598177e-01 6.410360e-08 -1.751439e-02 1.598163e-01 7.800435e-08 -1.751439e-02 1.355976e-06 -1.390075e-08 1.457065e-09
4.66           1.634052e-01 6.400458e-08 -1.787046e-02 1.634037e-01 7.643374e-08 -1.787046e-02 1.468138e-06 -1.242916e-08 -1.071130e-09
4.67           1.586713e-01 6.698354e-08 -1.731747e-02 1.586698e-01 7.760641e-08 -1.731746e-02 1.493255e-06 -1.062287e-08 -8.198967e-09
4.68           1.607873e-01 6.880678e-08 -1.751308e-02 1.607858e-01 7.761860e-08 -1.751306e-02 1.554774e-06 -8.811820e-09 -1.648362e-08
4.69           1.660180e-01 7.505700e-08 -1.804702e-02 1.660162e-01 8.214910e-08 -1.804698e-02 1.742060e-06 -7.092103e-09 -3.482285e-08
4.7            1.621092e-01 7.277269e-08 -1.758788e-02 1.621074e-01 7.830291e-08 -1.758784e-02 1.802224e-06 -5.530213e-09 -4.428593e-08
4.71           1.599581e-01 7.471561e-08 -1.732144e-02 1.599563e-01 7.868789e-08 -1.732138e-02 1.824360e-06 -3.972282e-09 -5.212767e-08
4.72           1.611968e-01 7.602707e-08 -1.742300e-02 1.611950e-01 7.862382e-08 -1.742293e-02 1.884921e-06 -2.596753e-09 -6.707850e-08
4.73           1.594991e-01 7.785284e-08 -1.720801e-02 1.594972e-01 7.902838e-08 -1.720794e-02 1.927696e-06 -1.175542e-09 -7.406728e-08
4.74           1.538089e-01 7.865865e-08 -1.656449e-02 1.538071e-01 7.729057e-08 -1.656443e-02 1.832544e-06 1.368072e-09 -6.645507e-08
4.75           1.612265e-01 8.069702e-08 -1.733275e-02 1.612246e-01 7.833335e-08 -1.733267e-02 1.925344e-06 2.363670e-09 -7.875997e-08
4.76           1.669760e-01 8.100646e-08 -1.792006e-02 1.669738e-01 7.799074e-08 -1.791996e-02 2.138057e-06 3.015721e-09 -1.000592e-07
4.77           1.598452e-01 8.348097e-08 -1.712634e-02 1.598431e-01 7.903763e-08 -1.712623e-02 2.171341e-06 4.443340e-09 -1.087409e-07
4.78           1.626387e-01 8.371602e-08 -1.739728e-02 1.626364e-01 7.820976e-08 -1.739715e-02 2.254991e-06 5.506255e-09 -1.274328e-07
4.79           1.596199e-01 8.498695e-08 -1.704745e-02 1.596176e-01 7.817098e-08 -1.704732e-02 2.287561e-06 6.815972e-09 -1.330162e-07
4.8            1.606708e-01 8.515265e-08 -1.713337e-02 1.606684e-01 7.730611e-08 -1.713322e-02 2.355071e-06 7.846538e-09 -1.489441e-07
4.81           1.617817e-01 8.725103e-08 -1.722614e-02 1.617793e-01 7.821541e-08 -1.722598e-02 2.439239e-06 9.035620e-09 -1.632304e-07
4.82           1.592660e-01 8.889128e-08 -1.693391e-02 1.592636e-01 7.879523e-08 -1.693374e-02 2.459968e-06 1.009605e-08 -1.696587e-07
4.83           1.626893e-01 8.824197e-08 -1.727371e-02 1.626868e-01 7.703430e-08 -1.727353e-02 2.541745e-06 1.120766e-08 -1.807322e-07
4.84           1.681080e-01 8.843335e-08 -1.782499e-02 1.681053e-01 7.637293e-08 -1.782479e-02 2.736547e-06 1.206041e-08 -2.048245e-07
4.85           1.603339e-01 9.175752e-08 -1.697898e-02 1.603311e-01 7.861115e-08 -1.697877e-02 2.735516e-06 1.314636e-08 -2.095591e-07
4.86           1.587979e-01 8.972158e-08 -1.679557e-02 1.587952e-01 7.579209e-08 -1.679536e-02 2.684973e-06 1.392950e-08 -2.058018e-07
4.87           1.637201e-01 9.145205e-08 -1.729556e-02 1.637173e-01 7.698764e-08 -1.729534e-02 2.802663e-06 1.446441e-08 -2.204726e-07
4.88           1.528725e-01 8.747875e-08 -1.613161e-02 1.528699e-01 7.253685e-08 -1.613141e-02 2.660673e-06 1.494189e-08 -2.078198e-07
4.89           1.609070e-01 9.298149e-08 -1.696095e-02 1.609043e-01 7.737524e-08 -1.696074e-02 2.701874e-06 1.560625e-08 -2.145142e-07
4.9            1.635000e-01 9.426149e-08 -1.721668e-02 1.634973e-01 7.801560e-08 -1.721645e-02 2.776324e-06 1.624589e-08 -2.255333e-07
4.91           1.588977e-01 9.385370e-08 -1.671611e-02 1.588950e-01 7.688569e-08 -1.671589e-02 2.715812e-06 1.696801e-08 -2.219720e-07
4.92           1.637354e-01 9.465601e-08 -1.720940e-02 1.637326e-01 7.730647e-08 -1.720917e-02 2.770375e-06 1.734954e-08 -2.344750e-07
4.93           1.612030e-01 9.440982e-08 -1.692904e-02 1.612003e-01 7.643457e-08 -1.692880e-02 2.753816e-06 1.797526e-08 -2.354168e-07
4.94           1.640344e-01 9.509867e-08 -1.721289e-02 1.640316e-01 7.669004e-08 -1.721264e-02 2.796222e-06 1.840863e-08 -2.507665e-07
4.95           1.615404e-01 9.504942e-08 -1.693900e-02 1.615376e-01 7.627744e-08 -1.693875e-02 2.773657e-06 1.877197e-08 -2.504190e-07
4.96           1.642617e-01 9.511740e-08 -1.721293e-02 1.642589e-01 7.590859e-08 -1.721268e-02 2.800524e-06 1.920881e-08 -2.575864e-07
4.97           1.615199e-01 9.510379e-08 -1.691561e-02 1.615171e-01 7.573964e-08 -1.691535e-02 2.769077e-06 1.936416e-08 -2.583760e-07
4.98           1.652167e-01 9.477091e-08 -1.729337e-02 1.652139e-01 7.528349e-08 -1.729310e-02 2.809985e-06 1.948742e-08 -2.657925e-07
4.99           1.636511e-01 9.488762e-08 -1.712144e-02 1.636483e-01 7.535223e-08 -1.712117e-02 2.812641e-06 1.953539e-08 -2.710452e-07
5              1.662322e-01 9.522990e-08 -1.738423e-02 1.662294e-01 7.549144e-08 -1.738395e-02 2.823496e-06 1.973846e-08 -2.768056e-07
5.01           1.631411e-01 9.516388e-08 -1.705516e-02 1.631383e-01 7.544660e-08 -1.705488e-02 2.800773e-06 1.971728e-08 -2.797471e-07
5.02           1.650567e-01 9.455081e-08 -1.725045e-02 1.650539e-01 7.451014e-08 -1.725016e-02 2.807604e-06 2.004067e-08 -2.839240e-07
5.03           1.624788e-01 9.455075e-08 -1.697730e-02 1.624760e-01 7.450222e-08 -1.697702e-02 2.751873e-06 2.004853e-08 -2.819550e-07
5.04           1.658364e-01 9.541605e-08 -1.732521e-02 1.658336e-01 7.508674e-08 -1.732492e-02 2.748685e-06 2.032931e-08 -2.863386e-07
5.05           1.654962e-01 9.483006e-08 -1.728792e-02 1.654935e-01 7.434833e-08 -1.728763e-02 2.736779e-06 2.048173e-08 -2.901406e-07
5.06           1.724939e-01 9.982020e-08 -1.801792e-02 1.724910e-01 7.898496e-08 -1.801760e-02 2.858056e-06 2.083525e-08 -3.118067e-07
5.07           1.640264e-01 9.705790e-08 -1.713402e-02 1.640236e-01 7.645515e-08 -1.713371e-02 2.776376e-06 2.060275e-08 -3.099988e-07
5.08           1.661613e-01 9.627133e-08 -1.735828e-02 1.661585e-01 7.531938e-08 -1.735797e-02 2.742301e-06 2.095195e-08 -3.095808e-07
5.09           1.657853e-01 9.608265e-08 -1.732132e-02 1.657826e-01 7.505809e-08 -1.732102e-02 2.703576e-06 2.102456e-08 -3.070921e-07
5.1            1.633531e-01 9.604538e-08 -1.707061e-02 1.633505e-01 7.533173e-08 -1.707030e-02 2.643975e-06 2.071365e-08 -3.058139e-07
5.11           1.651671e-01 9.618265e-08 -1.726443e-02 1.651645e-01 7.532421e-08 -1.726411e-02 2.620356e-06 2.085844e-08 -3.148361e-07
5.12           1.715608e-01 9.658626e-08 -1.793790e-02 1.715581e-01 7.511595e-08 -1.793758e-02 2.696099e-06 2.147031e-08 -3.195889e-07
5.13           1.667482e-01 9.571261e-08 -1.744111e-02 1.667455e-01 7.393359e-08 -1.744079e-02 2.652793e-06 2.177901e-08 -3.150174e-07
5.14           1.658852e-01 9.722931e-08 -1.735800e-02 1.658826e-01 7.550736e-08 -1.735769e-02 2.581257e-06 2.172195e-08 -3.051745e-07
5.15           1.668555e-01 9.760685e-08 -1.746760e-02 1.668530e-01 7.597907e-08 -1.746730e-02 2.542739e-06 2.162778e-08 -3.030628e-07
5.16           1.642998e-01 9.644493e-08 -1.720904e-02 1.642973e-01 7.537197e-08 -1.720875e-02 2.468186e-06 2.107296e-08 -2.969436e-07
5.17           1.682861e-01 9.711817e-08 -1.763648e-02 1.682837e-01 7.602944e-08 -1.763619e-02 2.439708e-06 2.108872e-08 -2.886357e-07
5.18           1.659524e-01 9.621281e-08 -1.740285e-02 1.659500e-01 7.556147e-08 -1.740257e-02 2.365676e-06 2.065134e-08 -2.787871e-07
5.19           1.671309e-01 9.623769e-08 -1.753822e-02 1.671285e-01 7.573875e-08 -1.753795e-02 2.309964e-06 2.049894e-08 -2.705425e-07
5.2            1.686956e-01 9.596569e-08 -1.771519e-02 1.686933e-01 7.571651e-08 -1.771493e-02 2.278399e-06 2.024919e-08 -2.640756e-07
5.21           1.650058e-01 9.488899e-08 -1.734128e-02 1.650036e-01 7.500689e-08 -1.734103e-02 2.177830e-06 1.988210e-08 -2.519608e-07
5.22           1.691974e-01 9.579042e-08 -1.779622e-02 1.691952e-01 7.575276e-08 -1.779597e-02 2.149634e-06 2.003766e-08 -2.442788e-07
5.23           1.741131e-01 9.790858e-08 -1.832893e-02 1.741109e-01 7.693203e-08 -1.832869e-02 2.183699e-06 2.097655e-08 -2.399855e-07
5.24           1.703412e-01 9.565370e-08 -1.794837e-02 1.703391e-01 7.457218e-08 -1.794814e-02 2.134913e-06 2.108153e-08 -2.295568e-07
5.25           1.676463e-01 9.510712e-08 -1.768149e-02 1.676442e-01 7.467632e-08 -1.768127e-02 2.068929e-06 2.043080e-08 -2.224893e-07
5.26           1.627963e-01 9.479308e-08 -1.718731e-02 1.627944e-01 7.497545e-08 -1.718711e-02 1.941306e-06 1.981762e-08 -2.032618e-07
5.27           1.723147e-01 9.537995e-08 -1.821069e-02 1.723128e-01 7.551274e-08 -1.821049e-02 1.954666e-06 1.986722e-08 -2.005958e-07
5.28           1.716399e-01 9.491082e-08 -1.815897e-02 1.716380e-01 7.504937e-08 -1.815878e-02 1.922827e-06 1.986145e-08 -1.892658e-07
5.29           1.685478e-01 9.402708e-08 -1.785189e-02 1.685459e-01 7.493607e-08 -1.785171e-02 1.868487e-06 1.909101e-08 -1.787099e-07
5.3            1.713862e-01 9.483550e-08 -1.817333e-02 1.713843e-01 7.545101e-08 -1.817316e-02 1.835699e-06 1.938449e-08 -1.673625e-07
5.31           1.695289e-01 9.368187e-08 -1.799784e-02 1.695271e-01 7.447701e-08 -1.799768e-02 1.797590e-06 1.920486e-08 -1.585392e-07
5.32           1.710413e-01 9.363300e-08 -1.818053e-02 1.710395e-01 7.493376e-08 -1.818038e-02 1.767576e-06 1.869924e-08 -1.484335e-07
5.33           1.664382e-01 8.918740e-08 -1.771374e-02 1.664365e-01 7.235080e-08 -1.771360e-02 1.728925e-06 1.683660e-08 -1.423560e-07
5.34           1.728792e-01 9.238676e-08 -1.842271e-02 1.728775e-01 7.594161e-08 -1.842257e-02 1.705069e-06 1.644516e-08 -1.340215e-07
5.35           1.691826e-01 8.887750e-08 -1.805270e-02 1.691810e-01 7.365950e-08 -1.805257e-02 1.676671e-06 1.521800e-08 -1.266479e-07
5.36           1.722986e-01 8.943349e-08 -1.840977e-02 1.722970e-01 7.476392e-08 -1.840966e-02 1.659124e-06 1.466957e-08 -1.171302e-07
5.37           1.700074e-01 8.519624e-08 -1.819007e-02 1.700058e-01 7.207973e-08 -1.818996e-02 1.650545e-06 1.311651e-08 -1.133024e-07
5.38           1.732830e-01 8.734382e-08 -1.856635e-02 1.732813e-01 7.493497e-08 -1.856625e-02 1.641519e-06 1.240885e-08 -1.052941e-07
5.39           1.661807e-01 7.736589e-08 -1.783101e-02 1.661790e-01 6.763816e-08 -1.783091e-02 1.673662e-06 9.727732e-09 -9.926156e-08
5.4            1.722823e-01 8.259163e-08 -1.851227e-02 1.722807e-01 7.380710e-08 -1.851217e-02 1.669940e-06 8.784535e-09 -9.465650e-08
5.41           1.737792e-01 8.334979e-08 -1.870044e-02 1.737775e-01 7.532693e-08 -1.870035e-02 1.668059e-06 8.022859e-09 -8.716441e-08
5.42           1.723837e-01 8.100602e-08 -1.857793e-02 1.723820e-01 7.419842e-08 -1.857784e-02 1.671344e-06 6.807595e-09 -8.943686e-08
5.43           1.739371e-01 7.917851e-08 -1.877348e-02 1.739354e-01 7.376859e-08 -1.877339e-02 1.699431e-06 5.409924e-09 -8.168823e-08
5.44           1.800167e-01 8.568594e-08 -1.945906e-02 1.800150e-01 8.042550e-08 -1.945898e-02 1.660137e-06 5.260437e-09 -8.119260e-08
5.45           1.713178e-01 7.605403e-08 -1.854745e-02 1.713161e-01 7.198283e-08 -1.854736e-02 1.699074e-06 4.071201e-09 -8.898335e-08
5.46           1.755514e-01 7.767603e-08 -1.903502e-02 1.755497e-01 7.429093e-08 -1.903493e-02 1.707820e-06 3.385099e-09 -8.881091e-08
5.47           1.764923e-01 7.766902e-08 -1.916686e-02 1.764905e-01 7.533209e-08 -1.916678e-02 1.754379e-06 2.336934e-09 -8.884474e-08
5.48           1.731126e-01 7.235784e-08 -1.882948e-02 1.731108e-01 7.131321e-08 -1.882938e-02 1.846670e-06 1.044628e-09 -9.884377e-08
5.49           1.763954e-01 7.595000e-08 -1.921665e-02 1.763935e-01 7.578887e-08 -1.921655e-02 1.895422e-06 1.611298e-10 -9.704075e-08
5.5            1.744440e-01 7.245928e-08 -1.903425e-02 1.744421e-01 7.347061e-08 -1.903414e-02 1.958765e-06 -1.011328e-09 -1.105933e-07
5.51           1.725566e-01 6.867125e-08 -1.885825e-02 1.725545e-01 7.106234e-08 -1.885813e-02 2.093674e-06 -2.391095e-09 -1.242241e-07
5.52           1.772501e-01 7.222176e-08 -1.940186e-02 1.772480e-01 7.524799e-08 -1.940174e-02 2.140782e-06 -3.026224e-09 -1.235322e-07
5.53           1.774847e-01 7.261931e-08 -1.945847e-02 1.774826e-01 7.631002e-08 -1.945835e-02 2.171949e-06 -3.690713e-09 -1.290561e-07
5.54           1.750260e-01 6.750603e-08 -1.921952e-02 1.750237e-01 7.187238e-08 -1.921937e-02 2.258088e-06 -4.366352e-09 -1.484979e-07
5.55           1.740962e-01 6.537424e-08 -1.914787e-02 1.740938e-01 7.060738e-08 -1.914771e-02 2.382006e-06 -5.233138e-09 -1.574351e-07
5.56           1.779549e-01 6.911112e-08 -1.960339e-02 1.779525e-01 7.480116e-08 -1.960321e-02 2.436838e-06 -5.690033e-09 -1.711239e-07
5.57           1.761475e-01 6.786864e-08 -1.943511e-02 1.761450e-01 7.424930e-08 -1.943493e-02 2.519150e-06 -6.380656e-09 -1.737780e-07
5.58           1.683900e-01 5.685446e-08 -1.860886e-02 1.683872e-01 6.444174e-08 -1.860866e-02 2.750232e-06 -7.587277e-09 -1.934673e-07
5.59           1.786402e-01 6.594818e-08 -1.977237e-02 1.786374e-01 7.422807e-08 -1.977219e-02 2.798679e-06 -8.279889e-09 -1.834219e-07
5.6            1.760487e-01 6.297160e-08 -1.951613e-02 1.760458e-01 7.176681e-08 -1.951595e-02 2.906680e-06 -8.795211e-09 -1.859366e-07
5.61           1.772030e-01 6.298815e-08 -1.967471e-02 1.772000e-01 7.244527e-08 -1.967451e-02 3.036247e-06 -9.457119e-09 -1.959921e-07
5.62           1.818144e-01 6.662714e-08 -2.021790e-02 1.818113e-01 7.596737e-08 -2.021770e-02 3.078940e-06 -9.340225e-09 -1.997362e-07
5.63           1.764573e-01 6.365560e-08 -1.965253e-02 1.764542e-01 7.293270e-08 -1.965233e-02 3.170351e-06 -9.277103e-09 -2.084824e-07
5.64           1.806242e-01 6.598419e-08 -2.014724e-02 1.806210e-01 7.520868e-08 -2.014703e-02 3.229522e-06 -9.224491e-09 -2.083624e-07
5.65           1.802671e-01 6.476685e-08 -2.013779e-02 1.802637e-01 7.415313e-08 -2.013759e-02 3.341760e-06 -9.386285e-09 -2.009971e-07
5.66           1.842933e-01 7.038801e-08 -2.061832e-02 1.842899e-01 7.948020e-08 -2.061813e-02 3.326274e-06 -9.092183e-09 -1.949297e-07
5.67           1.781512e-01 6.287412e-08 -1.996081e-02 1.781477e-01 7.199276e-08 -1.996060e-02 3.471128e-06 -9.118646e-09 -2.055251e-07
5.68           1.808306e-01 6.661075e-08 -2.029056e-02 1.808270e-01 7.549611e-08 -2.029034e-02 3.550515e-06 -8.885358e-09 -2.138572e-07
5.69           1.841292e-01 6.992347e-08 -2.069043e-02 1.841257e-01 7.826223e-08 -2.069023e-02 3.548852e-06 -8.338765e-09 -2.060042e-07
5.7            1.790063e-01 6.719801e-08 -2.014355e-02 1.790027e-01 7.548233e-08 -2.014333e-02 3.670056e-06 -8.284323e-09 -2.262330e-07
5.71           1.822042e-01 6.872234e-08 -2.053210e-02 1.822005e-01 7.708803e-08 -2.053188e-02 3.738762e-06 -8.365688e-09 -2.169674e-07
5.72           1.839372e-01 6.911459e-08 -2.075600e-02 1.839333e-01 7.754669e-08 -2.075578e-02 3.805085e-06 -8.432103e-09 -2.144300e-07
5.73           1.782377e-01 6.321609e-08 -2.014040e-02 1.782337e-01 7.179070e-08 -2.014017e-02 4.005086e-06 -8.574608e-09 -2.350075e-07
5.74           1.859809e-01 7.007545e-08 -2.104329e-02 1.859769e-01 7.901439e-08 -2.104307e-02 4.029790e-06 -8.938940e-09 -2.220068e-07
5.75           1.792762e-01 6.652360e-08 -2.031158e-02 1.792720e-01 7.554748e-08 -2.031134e-02 4.209583e-06 -9.023877e-09 -2.375206e-07
5.76           1.846086e-01 7.006055e-08 -2.094261e-02 1.846044e-01 7.932843e-08 -2.094238e-02 4.244650e-06 -9.267876e-09 -2.313436e-07
5.77           1.812633e-01 6.719173e-08 -2.058925e-02 1.812590e-01 7.675860e-08 -2.058900e-02 4.383894e-06 -9.566868e-09 -2.424082e-07
5.78           1.844832e-01 7.122554e-08 -2.098084e-02 1.844787e-01 8.094623e-08 -2.098060e-02 4.413518e-06 -9.720687e-09 -2.360005e-07
5.79           1.947635e-01 7.764859e-08 -2.217654e-02 1.947594e-01 8.667076e-08 -2.217636e-02 4.153654e-06 -9.022170e-09 -1.843420e-07
5.8            1.873438e-01 7.086117e-08 -2.135702e-02 1.873395e-01 8.048886e-08 -2.135685e-02 4.246996e-06 -9.627696e-09 -1.778498e-07
5.81           1.848098e-01 7.117460e-08 -2.109244e-02 1.848055e-01 8.127931e-08 -2.109225e-02 4.310370e-06 -1.010471e-08 -1.821363e-07
5.82           1.836655e-01 6.996591e-08 -2.098527e-02 1.836612e-01 8.038331e-08 -2.098508e-02 4.381071e-06 -1.041740e-08 -1.886453e-07
5.83           1.817380e-01 6.736021e-08 -2.078767e-02 1.817335e-01 7.812022e-08 -2.078747e-02 4.539742e-06 -1.076001e-08 -2.007151e-07
5.84           1.896220e-01 7.222570e-08 -2.171229e-02 1.896175e-01 8.322123e-08 -2.171209e-02 4.519426e-06 -1.099552e-08 -1.990894e-07
5.85           1.843247e-01 6.945295e-08 -2.112757e-02 1.843202e-01 8.048363e-08 -2.112736e-02 4.572312e-06 -1.103068e-08 -2.135836e-07
5.86           1.871309e-01 6.884693e-08 -2.147049e-02 1.871263e-01 8.038700e-08 -2.147028e-02 4.601868e-06 -1.154007e-08 -2.062515e-07
5.87           1.899054e-01 7.144177e-08 -2.180969e-02 1.899009e-01 8.296560e-08 -2.180949e-02 4.531888e-06 -1.152382e-08 -2.039995e-07
5.88           1.829208e-01 6.594548e-08 -2.102718e-02 1.829161e-01 7.766320e-08 -2.102696e-02 4.685314e-06 -1.171772e-08 -2.198494e-07
5.89           1.791931e-01 6.075033e-08 -2.061716e-02 1.791881e-01 7.424158e-08 -2.061688e-02 5.018384e-06 -1.349125e-08 -2.745355e-07
5.9            1.881069e-01 6.781071e-08 -2.166107e-02 1.881020e-01 8.086690e-08 -2.166082e-02 4.885546e-06 -1.305619e-08 -2.562537e-07
5.91           1.836302e-01 6.501560e-08 -2.116297e-02 1.836253e-01 7.831113e-08 -2.116271e-02 4.890662e-06 -1.329553e-08 -2.621686e-07
5.92           1.876344e-01 6.427573e-08 -2.164131e-02 1.876295e-01 7.788160e-08 -2.164105e-02 4.907901e-06 -1.360587e-08 -2.613576e-07
5.93           1.862742e-01 6.370464e-08 -2.150047e-02 1.862693e-01 7.743622e-08 -2.150020e-02 4.912785e-06 -1.373158e-08 -2.668512e-07
5.94           1.864752e-01 6.263830e-08 -2.153894e-02 1.864702e-01 7.680579e-08 -2.153867e-02 4.915789e-06 -1.416749e-08 -2.645808e-07
5.95           1.825902e-01 6.089426e-08 -2.110445e-02 1.825853e-01 7.557373e-08 -2.110417e-02 4.938102e-06 -1.467947e-08 -2.770867e-07
5.96           1.862939e-01 6.149687e-08 -2.154609e-02 1.862890e-01 7.634493e-08 -2.154581e-02 4.939977e-06 -1.484806e-08 -2.767647e-07
5.97           1.768675e-01 5.598734e-08 -2.046833e-02 1.768624e-01 7.131390e-08 -2.046802e-02 5.117221e-06 -1.532656e-08 -3.112931e-07
5.98           1.740203e-01 5.270632e-08 -2.015015e-02 1.740149e-01 6.862361e-08 -2.014981e-02 5.319640e-06 -1.591729e-08 -3.476130e-07
5.99           1.870525e-01 5.997119e-08 -2.167008e-02 1.870474e-01 7.574376e-08 -2.166975e-02 5.163272e-06 -1.577257e-08 -3.367609e-07
6              1.871405e-01 5.882208e-08 -2.169071e-02 1.871354e-01 7.450420e-08 -2.169038e-02 5.103508e-06 -1.568213e-08 -3.281379e-07
6.01           1.877577e-01 6.056698e-08 -2.177192e-02 1.877528e-01 7.602592e-08 -2.177159e-02 4.962989e-06 -1.545894e-08 -3.253500e-07
6.02           1.838166e-01 5.835774e-08 -2.132354e-02 1.838117e-01 7.380844e-08 -2.132322e-02 4.919576e-06 -1.545070e-08 -3.246939e-07
6.03           1.858219e-01 5.778035e-08 -2.156404e-02 1.858171e-01 7.355294e-08 -2.156373e-02 4.885136e-06 -1.577259e-08 -3.058863e-07
6.04           1.874278e-01 5.710444e-08 -2.175753e-02 1.874229e-01 7.300960e-08 -2.175724e-02 4.856631e-06 -1.590516e-08 -2.952451e-07
6.05           1.842043e-01 5.652969e-08 -2.138962e-02 1.841995e-01 7.253682e-08 -2.138932e-02 4.836351e-06 -1.600712e-08 -3.002005e-07
6.06           1.847326e-01 5.330256e-08 -2.145643e-02 1.847278e-01 6.956514e-08 -2.145613e-02 4.839996e-06 -1.626258e-08 -2.913647e-07
6.07           1.880796e-01 5.530349e-08 -2.184976e-02 1.880748e-01 7.166600e-08 -2.184949e-02 4.744361e-06 -1.636251e-08 -2.748315e-07
6.08           1.847425e-01 5.409307e-08 -2.146598e-02 1.847378e-01 7.050051e-08 -2.146570e-02 4.725045e-06 -1.640744e-08 -2.802799e-07
6.09           1.798780e-01 4.953496e-08 -2.090390e-02 1.798731e-01 6.615676e-08 -2.090359e-02 4.876629e-06 -1.662180e-08 -3.039105e-07
6.1            1.843301e-01 5.171772e-08 -2.142345e-02 1.843252e-01 6.848703e-08 -2.142315e-02 4.849785e-06 -1.676931e-08 -2.968875e-07
6.11           1.849661e-01 5.131322e-08 -2.149888e-02 1.849613e-01 6.803826e-08 -2.149858e-02 4.812293e-06 -1.672504e-08 -2.935623e-07
6.12           1.871054e-01 5.195034e-08 -2.174823e-02 1.871007e-01 6.864300e-08 -2.174795e-02 4.764526e-06 -1.669266e-08 -2.846052e-07
6.13           1.849796e-01 5.003559e-08 -2.150111e-02 1.849749e-01 6.680887e-08 -2.150082e-02 4.701182e-06 -1.677328e-08 -2.810366e-07
6.14           1.849870e-01 4.948282e-08 -2.150121e-02 1.849823e-01 6.639631e-08 -2.150093e-02 4.705363e-06 -1.691349e-08 -2.773992e-07
6.15           1.901118e-01 5.286468e-08 -2.209516e-02 1.901072e-01 6.984835e-08 -2.209490e-02 4.564467e-06 -1.698367e-08 -2.588952e-07
6.16           1.860814e-01 4.896544e-08 -2.162464e-02 1.860769e-01 6.587750e-08 -2.162438e-02 4.553897e-06 -1.691205e-08 -2.641355e-07
6.17           1.850423e-01 4.759739e-08 -2.150086e-02 1.850378e-01 6.480263e-08 -2.150059e-02 4.514113e-06 -1.720524e-08 -2.633079e-07
6.18           1.844883e-01 4.708157e-08 -2.143275e-02 1.844838e-01 6.460525e-08 -2.143249e-02 4.514484e-06 -1.752367e-08 -2.613691e-07
6.19           1.851544e-01 4.541828e-08 -2.150561e-02 1.851499e-01 6.324401e-08 -2.150535e-02 4.496455e-06 -1.782573e-08 -2.566514e-07
6.2            1.833225e-01 4.368712e-08 -2.128768e-02 1.833180e-01 6.164423e-08 -2.128742e-02 4.524519e-06 -1.795711e-08 -2.580492e-07
6.21           1.894658e-01 4.803959e-08 -2.199481e-02 1.894614e-01 6.594060e-08 -2.199457e-02 4.346995e-06 -1.790102e-08 -2.337323e-07
6.22           1.816874e-01 4.320784e-08 -2.108543e-02 1.816831e-01 6.132391e-08 -2.108520e-02 4.373594e-06 -1.811607e-08 -2.336226e-07
6.23           1.848068e-01 4.231232e-08 -2.144004e-02 1.848024e-01 6.065189e-08 -2.143981e-02 4.366591e-06 -1.833956e-08 -2.292557e-07
6.24           1.838939e-01 4.169955e-08 -2.132618e-02 1.838894e-01 6.014515e-08 -2.132595e-02 4.413205e-06 -1.844560e-08 -2.299998e-07
6.25           1.848194e-01 4.257221e-08 -2.142493e-02 1.848150e-01 6.135295e-08 -2.142471e-02 4.353999e-06 -1.878073e-08 -2.282004e-07
6.26           1.844009e-01 4.109855e-08 -2.136726e-02 1.843966e-01 6.015535e-08 -2.136704e-02 4.323067e-06 -1.905680e-08 -2.222929e-07
6.27           1.742248e-01 3.769007e-08 -2.017908e-02 1.742204e-01 5.691221e-08 -2.017883e-02 4.486944e-06 -1.922215e-08 -2.513674e-07
6.28           1.823840e-01 4.152438e-08 -2.111364e-02 1.823796e-01 6.061009e-08 -2.111340e-02 4.432520e-06 -1.908571e-08 -2.440960e-07
6.29           1.792143e-01 3.912707e-08 -2.073606e-02 1.792099e-01 5.811319e-08 -2.073581e-02 4.439243e-06 -1.898612e-08 -2.520218e-07
6.3            1.757670e-01 3.699282e-08 -2.032620e-02 1.757625e-01 5.593453e-08 -2.032593e-02 4.494926e-06 -1.894171e-08 -2.655538e-07
6.31           1.723843e-01 3.445905e-08 -1.992373e-02 1.723797e-01 5.325281e-08 -1.992344e-02 4.599485e-06 -1.879375e-08 -2.841115e-07
6.32           1.829882e-01 4.253857e-08 -2.113644e-02 1.829837e-01 6.125896e-08 -2.113618e-02 4.440290e-06 -1.872039e-08 -2.536601e-07
6.33           1.792293e-01 4.157755e-08 -2.068942e-02 1.792249e-01 6.006536e-08 -2.068916e-02 4.335714e-06 -1.848781e-08 -2.625079e-07
6.34           1.825313e-01 4.176191e-08 -2.105694e-02 1.825271e-01 6.014033e-08 -2.105670e-02 4.234013e-06 -1.837842e-08 -2.388800e-07
6.35           1.812817e-01 4.168344e-08 -2.089882e-02 1.812776e-01 6.006894e-08 -2.089860e-02 4.151097e-06 -1.838550e-08 -2.225312e-07
6.36           1.775754e-01 4.096802e-08 -2.045749e-02 1.775713e-01 5.972059e-08 -2.045727e-02 4.103129e-06 -1.875257e-08 -2.183553e-07
6.37           1.820339e-01 4.101343e-08 -2.095604e-02 1.820298e-01 5.959319e-08 -2.095585e-02 4.008923e-06 -1.857976e-08 -1.978635e-07
6.38           1.785372e-01 4.045361e-08 -2.053848e-02 1.785332e-01 5.893846e-08 -2.053828e-02 3.978305e-06 -1.848485e-08 -1.925927e-07
6.39           1.797754e-01 4.296071e-08 -2.066530e-02 1.797715e-01 6.150730e-08 -2.066512e-02 3.844563e-06 -1.854659e-08 -1.846289e-07
6.4            1.777411e-01 4.111798e-08 -2.041562e-02 1.777374e-01 5.959786e-08 -2.041544e-02 3.772000e-06 -1.847988e-08 -1.758657e-07
6.41           1.845393e-01 4.313497e-08 -2.117950e-02 1.845356e-01 6.166843e-08 -2.117934e-02 3.695734e-06 -1.853346e-08 -1.574218e-07
6.42           1.805945e-01 3.987448e-08 -2.071022e-02 1.805908e-01 5.906659e-08 -2.071007e-02 3.638403e-06 -1.919211e-08 -1.496855e-07
6.43           1.840986e-01 4.667952e-08 -2.109460e-02 1.840951e-01 6.500530e-08 -2.109447e-02 3.459455e-06 -1.832578e-08 -1.248327e-07
6.44           1.754612e-01 3.784115e-08 -2.008831e-02 1.754577e-01 5.650101e-08 -2.008818e-02 3.514366e-06 -1.865986e-08 -1.349678e-07
6.45           1.773960e-01 4.110575e-08 -2.029250e-02 1.773926e-01 5.986484e-08 -2.029238e-02 3.461128e-06 -1.875909e-08 -1.235847e-07
6.46           1.784391e-01 4.343256e-08 -2.039410e-02 1.784357e-01 6.217565e-08 -2.039399e-02 3.357818e-06 -1.874310e-08 -1.080767e-07
6.47           1.763097e-01 4.177724e-08 -2.013295e-02 1.763064e-01 6.036018e-08 -2.013285e-02 3.300227e-06 -1.858294e-08 -9.617744e-08
6.48           1.728136e-01 3.816166e-08 -1.971622e-02 1.728102e-01 5.686126e-08 -1.971612e-02 3.365482e-06 -1.869959e-08 -1.041977e-07
6.49           1.787281e-01 4.431977e-08 -2.037244e-02 1.787248e-01 6.273482e-08 -2.037234e-02 3.303401e-06 -1.841505e-08 -9.525828e-08
6.5            1.740673e-01 4.140224e-08 -1.982320e-02 1.740641e-01 5.984165e-08 -1.982311e-02 3.283718e-06 -1.843941e-08 -9.316905e-08
6.51           1.753204e-01 4.434993e-08 -1.994742e-02 1.753171e-01 6.251577e-08 -1.994734e-02 3.204410e-06 -1.816583e-08 -8.234888e-08
6.52           1.770713e-01 4.649897e-08 -2.012782e-02 1.770682e-01 6.433915e-08 -2.012775e-02 3.098951e-06 -1.784018e-08 -6.716176e-08
6.53           1.729228e-01 4.230866e-08 -1.963784e-02 1.729197e-01 5.998431e-08 -1.963777e-02 3.077884e-06 -1.767565e-08 -6.194639e-08
6.54           1.741010e-01 4.445081e-08 -1.975288e-02 1.740980e-01 6.204090e-08 -1.975283e-02 3.044837e-06 -1.759009e-08 -5.433848e-08
6.55           1.700044e-01 3.983123e-08 -1.926985e-02 1.700012e-01 5.768982e-08 -1.926978e-02 3.134821e-06 -1.785860e-08 -6.946875e-08
6.56           1.715262e-01 4.279611e-08 -1.942382e-02 1.715231e-01 6.043550e-08 -1.942376e-02 3.103712e-06 -1.763940e-08 -6.389899e-08
6.57           1.753673e-01 4.969394e-08 -1.983965e-02 1.753643e-01 6.683030e-08 -1.983960e-02 3.000464e-06 -1.713636e-08 -4.553616e-08
6.58           1.725910e-01 4.992839e-08 -1.950686e-02 1.725880e-01 6.702651e-08 -1.950683e-02 2.915471e-06 -1.709812e-08 -3.481553e-08
6.59           1.747621e-01 5.099203e-08 -1.973317e-02 1.747593e-01 6.729499e-08 -1.973315e-02 2.825634e-06 -1.630296e-08 -1.438880e-08
6.6            1.713225e-01 5.050421e-08 -1.932622e-02 1.713198e-01 6.680491e-08 -1.932621e-02 2.766408e-06 -1.630070e-08 -8.787512e-09
6.61           1.746954e-01 5.365749e-08 -1.968762e-02 1.746928e-01 6.942286e-08 -1.968763e-02 2.675895e-06 -1.576537e-08 1.114716e-08
6.62           1.702140e-01 4.772914e-08 -1.916421e-02 1.702113e-01 6.370108e-08 -1.916422e-02 2.665123e-06 -1.597194e-08 1.771151e-08
6.63           1.741977e-01 5.209251e-08 -1.959379e-02 1.741951e-01 6.727466e-08 -1.959383e-02 2.573455e-06 -1.518216e-08 3.893613e-08
6.64           1.738817e-01 5.415244e-08 -1.953953e-02 1.738792e-01 6.934937e-08 -1.953958e-02 2.505118e-06 -1.519693e-08 5.005090e-08
6.65           1.752423e-01 6.133579e-08 -1.967352e-02 1.752399e-01 7.632836e-08 -1.967359e-02 2.370486e-06 -1.499257e-08 7.012993e-08
6.66           1.703461e-01 5.788166e-08 -1.910555e-02 1.703438e-01 7.271014e-08 -1.910565e-02 2.339469e-06 -1.482848e-08 9.454106e-08
6.67           1.720836e-01 5.548885e-08 -1.928202e-02 1.720813e-01 6.950027e-08 -1.928213e-02 2.276980e-06 -1.401142e-08 1.112456e-07
6.68           1.738854e-01 5.837104e-08 -1.946540e-02 1.738832e-01 7.189942e-08 -1.946553e-02 2.209123e-06 -1.352838e-08 1.234076e-07
6.69           1.718402e-01 5.676131e-08 -1.921836e-02 1.718380e-01 7.056503e-08 -1.921850e-02 2.178774e-06 -1.380372e-08 1.388063e-07
6.7            1.718905e-01 5.702419e-08 -1.920611e-02 1.718883e-01 7.041086e-08 -1.920626e-02 2.136498e-06 -1.338667e-08 1.473464e-07
6.71           1.705801e-01 5.979326e-08 -1.904212e-02 1.705780e-01 7.395844e-08 -1.904227e-02 2.088734e-06 -1.416517e-08 1.485522e-07
6.72           1.727395e-01 5.757897e-08 -1.926553e-02 1.727374e-01 7.129708e-08 -1.926569e-02 2.045323e-06 -1.371811e-08 1.585779e-07
6.73           1.703501e-01 5.777636e-08 -1.898196e-02 1.703481e-01 7.156042e-08 -1.898213e-02 1.999115e-06 -1.378405e-08 1.664446e-07
6.74           1.702886e-01 5.796151e-08 -1.895818e-02 1.702866e-01 7.157255e-08 -1.895835e-02 1.959350e-06 -1.361104e-08 1.728600e-07
6.75           1.712922e-01 5.943218e-08 -1.905314e-02 1.712903e-01 7.285242e-08 -1.905332e-02 1.919673e-06 -1.342024e-08 1.804209e-07
6.76           1.697540e-01 5.893745e-08 -1.886578e-02 1.697521e-01 7.264679e-08 -1.886596e-02 1.882118e-06 -1.370934e-08 1.854417e-07
6.77           1.705370e-01 6.045063e-08 -1.893661e-02 1.705351e-01 7.410452e-08 -1.893681e-02 1.848636e-06 -1.365389e-08 1.957067e-07
6.78           1.718955e-01 6.856744e-08 -1.907144e-02 1.718937e-01 8.085701e-08 -1.907164e-02 1.768609e-06 -1.228956e-08 2.055939e-07
6.79           1.689728e-01 6.074234e-08 -1.873171e-02 1.689710e-01 7.347101e-08 -1.873192e-02 1.770363e-06 -1.272867e-08 2.100364e-07
6.8            1.712966e-01 6.150826e-08 -1.897388e-02 1.712948e-01 7.354616e-08 -1.897410e-02 1.747593e-06 -1.203790e-08 2.178957e-07
6.81           1.683715e-01 6.215674e-08 -1.863521e-02 1.683698e-01 7.495946e-08 -1.863543e-02 1.728216e-06 -1.280271e-08 2.208366e-07
6.82           1.708612e-01 6.137128e-08 -1.889603e-02 1.708595e-01 7.362619e-08 -1.889626e-02 1.709693e-06 -1.225491e-08 2.295563e-07
6.83           1.708528e-01 6.267458e-08 -1.888080e-02 1.708511e-01 7.467820e-08 -1.888104e-02 1.683632e-06 -1.200362e-08 2.333776e-07
6.84           1.680481e-01 6.093799e-08 -1.855726e-02 1.680464e-01 7.285561e-08 -1.855749e-02 1.673269e-06 -1.191762e-08 2.360293e-07
6.85           1.687997e-01 6.052650e-08 -1.862689e-02 1.687981e-01 7.255571e-08 -1.862714e-02 1.669464e-06 -1.202921e-08 2.448411e-07
6.86           1.689553e-01 6.219482e-08 -1.863117e-02 1.689537e-01 7.387553e-08 -1.863142e-02 1.654686e-06 -1.168071e-08 2.453711e-07
6.87           1.683832e-01 6.309119e-08 -1.855560e-02 1.683816e-01 7.529018e-08 -1.855584e-02 1.654871e-06 -1.219899e-08 2.473751e-07
6.88           1.679997e-01 6.055688e-08 -1.850127e-02 1.679981e-01 7.196048e-08 -1.850152e-02 1.648871e-06 -1.140359e-08 2.482044e-07
6.89           1.694479e-01 6.379386e-08 -1.864897e-02 1.694462e-01 7.551206e-08 -1.864923e-02 1.655576e-06 -1.171820e-08 2.529554e-07
6.9            1.682649e-01 6.321984e-08 -1.850769e-02 1.682633e-01 7.566350e-08 -1.850795e-02 1.654986e-06 -1.244366e-08 2.530635e-07
6.91           1.664270e-01 5.813725e-08 -1.829495e-02 1.664253e-01 7.144268e-08 -1.829521e-02 1.656415e-06 -1.330543e-08 2.557848e-07
6.92           1.674865e-01 5.936300e-08 -1.840125e-02 1.674849e-01 7.245416e-08 -1.840151e-02 1.656614e-06 -1.309116e-08 2.581173e-07
6.93           1.685130e-01 6.289932e-08 -1.850421e-02 1.685114e-01 7.721028e-08 -1.850447e-02 1.675786e-06 -1.431095e-08 2.581710e-07
6.94           1.662053e-01 5.733511e-08 -1.824158e-02 1.662037e-01 7.224073e-08 -1.824184e-02 1.661165e-06 -1.490562e-08 2.580763e-07
6.95           1.678677e-01 5.903759e-08 -1.841517e-02 1.678660e-01 7.489600e-08 -1.841543e-02 1.672652e-06 -1.585841e-08 2.573900e-07
6.96           1.707796e-01 5.707182e-08 -1.872603e-02 1.707779e-01 7.317764e-08 -1.872628e-02 1.710498e-06 -1.610582e-08 2.534970e-07
6.97           1.697699e-01 5.961676e-08 -1.860738e-02 1.697681e-01 7.751735e-08 -1.860763e-02 1.752788e-06 -1.790059e-08 2.487978e-07
6.98           1.643472e-01 5.580720e-08 -1.800590e-02 1.643455e-01 7.488384e-08 -1.800615e-02 1.731706e-06 -1.907664e-08 2.472181e-07
6.99           1.677018e-01 5.574804e-08 -1.836653e-02 1.677000e-01 7.645811e-08 -1.836677e-02 1.761054e-06 -2.071008e-08 2.443946e-07
7              1.689525e-01 5.514999e-08 -1.849706e-02 1.689507e-01 7.742978e-08 -1.849730e-02 1.799746e-06 -2.227979e-08 2.398499e-07
7.01           1.679323e-01 5.332838e-08 -1.837955e-02 1.679305e-01 7.685700e-08 -1.837978e-02 1.842060e-06 -2.352862e-08 2.325556e-07
7.02           1.707444e-01 5.327621e-08 -1.868184e-02 1.707425e-01 7.909953e-08 -1.868207e-02 1.910127e-06 -2.582333e-08 2.228015e-07
7.03           1.690246e-01 5.071586e-08 -1.848883e-02 1.690226e-01 7.839561e-08 -1.848904e-02 1.964091e-06 -2.767975e-08 2.103966e-07
7.04           1.666715e-01 5.010914e-08 -1.822720e-02 1.666695e-01 7.892785e-08 -1.822740e-02 1.976940e-06 -2.881871e-08 2.034462e-07
7.05           1.683448e-01 4.793591e-08 -1.840640e-02 1.683428e-01 7.808889e-08 -1.840659e-02 2.029147e-06 -3.015298e-08 1.941771e-07
7.06           1.678396e-01 4.768848e-08 -1.834799e-02 1.678376e-01 7.902425e-08 -1.834817e-02 2.064367e-06 -3.133578e-08 1.888624e-07
7.07           1.688519e-01 4.610001e-08 -1.845601e-02 1.688498e-01 7.861884e-08 -1.845618e-02 2.118915e-06 -3.251883e-08 1.784375e-07
7.08           1.621323e-01 4.862755e-08 -1.771970e-02 1.621302e-01 8.108868e-08 -1.771988e-02 2.065813e-06 -3.246113e-08 1.781240e-07
7.09           1.664562e-01 4.638983e-08 -1.819064e-02 1.664541e-01 7.998027e-08 -1.819081e-02 2.117050e-06 -3.359044e-08 1.689487e-07
7.1            1.684774e-01 4.408476e-08 -1.841048e-02 1.684752e-01 7.845481e-08 -1.841064e-02 2.192801e-06 -3.437005e-08 1.555085e-07
7.11           1.689815e-01 4.334335e-08 -1.846527e-02 1.689792e-01 7.824766e-08 -1.846540e-02 2.257805e-06 -3.490431e-08 1.267611e-07
7.12           1.640913e-01 4.648309e-08 -1.793109e-02 1.640891e-01 8.049151e-08 -1.793121e-02 2.211452e-06 -3.400843e-08 1.207313e-07
7.13           1.644146e-01 4.785940e-08 -1.796710e-02 1.644124e-01 8.115583e-08 -1.796721e-02 2.204035e-06 -3.329643e-08 1.173298e-07
7.14           1.694142e-01 4.302914e-08 -1.851459e-02 1.694119e-01 7.709622e-08 -1.851469e-02 2.327770e-06 -3.406708e-08 9.682240e-08
7.15           1.666952e-01 4.538630e-08 -1.821927e-02 1.666928e-01 7.931349e-08 -1.821935e-02 2.382372e-06 -3.392719e-08 8.315186e-08
7.16           1.675287e-01 4.541461e-08 -1.831262e-02 1.675263e-01 7.852148e-08 -1.831270e-02 2.430190e-06 -3.310687e-08 7.617698e-08
7.17           1.686069e-01 4.586340e-08 -1.843337e-02 1.686045e-01 7.752242e-08 -1.843343e-02 2.487993e-06 -3.165902e-08 6.123092e-08
7.18           1.671327e-01 4.844082e-08 -1.827561e-02 1.671302e-01 7.828076e-08 -1.827567e-02 2.511475e-06 -2.983994e-08 6.266430e-08
7.19           1.680988e-01 4.871459e-08 -1.838529e-02 1.680962e-01 7.688239e-08 -1.838534e-02 2.565528e-06 -2.816779e-08 4.480764e-08
7.2            1.681654e-01 4.885440e-08 -1.839709e-02 1.681627e-01 7.538844e-08 -1.839711e-02 2.655492e-06 -2.653404e-08 2.339480e-08
7.21           1.649193e-01 5.284146e-08 -1.804697e-02 1.649167e-01 7.619367e-08 -1.804698e-02 2.648062e-06 -2.335221e-08 1.437213e-08
7.22           1.699448e-01 5.391825e-08 -1.860238e-02 1.699421e-01 7.466376e-08 -1.860238e-02 2.709174e-06 -2.074551e-08 -4.236983e-09
7.23           1.658932e-01 5.656281e-08 -1.816513e-02 1.658905e-01 7.469248e-08 -1.816511e-02 2.724398e-06 -1.812967e-08 -1.872742e-08
7.24           1.683196e-01 5.624889e-08 -1.843731e-02 1.683168e-01 7.123363e-08 -1.843728e-02 2.776599e-06 -1.498474e-08 -3.482827e-08
7.25           1.746928e-01 5.283559e-08 -1.914269e-02 1.746899e-01 6.766479e-08 -1.914262e-02 2.953592e-06 -1.482921e-08 -6.882437e-08
7.26           1.660244e-01 5.959786e-08 -1.820063e-02 1.660215e-01 7.123736e-08 -1.820055e-02 2.933641e-06 -1.163950e-08 -7.420801e-08
7.27           1.692300e-01 5.980845e-08 -1.856012e-02 1.692270e-01 6.905545e-08 -1.856003e-02 2.991630e-06 -9.247006e-09 -8.980538e-08
7.28           1.634487e-01 6.667614e-08 -1.793464e-02 1.634458e-01 7.112984e-08 -1.793455e-02 2.947840e-06 -4.453707e-09 -9.370976e-08
7.29           1.592035e-01 7.013812e-08 -1.747753e-02 1.592006e-01 6.896858e-08 -1.747745e-02 2.802537e-06 1.169539e-09 -7.637836e-08
7.3            1.690977e-01 7.118166e-08 -1.857311e-02 1.690948e-01 6.702062e-08 -1.857301e-02 2.862414e-06 4.161040e-09 -9.398999e-08
7.31           1.651555e-01 7.444313e-08 -1.815013e-02 1.651527e-01 6.667071e-08 -1.815003e-02 2.850074e-06 7.772428e-09 -1.018491e-07
7.32           1.668364e-01 7.918030e-08 -1.834527e-02 1.668336e-01 6.775335e-08 -1.834516e-02 2.859677e-06 1.142695e-08 -1.091265e-07
7.33           1.706585e-01 7.488580e-08 -1.877659e-02 1.706556e-01 6.155112e-08 -1.877647e-02 2.955561e-06 1.333468e-08 -1.248462e-07
7.34           1.661476e-01 8.090434e-08 -1.829169e-02 1.661446e-01 6.331928e-08 -1.829158e-02 2.943752e-06 1.758506e-08 -1.140839e-07
7.35           1.685153e-01 8.125565e-08 -1.856421e-02 1.685123e-01 6.113253e-08 -1.856408e-02 2.989562e-06 2.012312e-08 -1.277072e-07
7.36           1.753182e-01 7.865188e-08 -1.932626e-02 1.753150e-01 5.849367e-08 -1.932610e-02 3.165016e-06 2.015821e-08 -1.573050e-07
7.37           1.669897e-01 8.464780e-08 -1.842102e-02 1.669866e-01 6.074850e-08 -1.842086e-02 3.141746e-06 2.389929e-08 -1.580401e-07
7.38           1.689424e-01 8.716451e-08 -1.864958e-02 1.689393e-01 6.029466e-08 -1.864941e-02 3.141647e-06 2.686985e-08 -1.679951e-07
7.39           1.655987e-01 9.137932e-08 -1.829387e-02 1.655956e-01 6.026073e-08 -1.829371e-02 3.086732e-06 3.111859e-08 -1.596092e-07
7.4            1.716216e-01 9.500028e-08 -1.897329e-02 1.716185e-01 6.112839e-08 -1.897312e-02 3.139066e-06 3.387190e-08 -1.731022e-07
7.41           1.681869e-01 9.507430e-08 -1.860807e-02 1.681838e-01 5.860948e-08 -1.860790e-02 3.109548e-06 3.646482e-08 -1.693067e-07
7.42           1.572773e-01 9.157766e-08 -1.741501e-02 1.572742e-01 5.265567e-08 -1.741485e-02 3.105618e-06 3.892199e-08 -1.662748e-07
7.43           1.626291e-01 9.451982e-08 -1.802207e-02 1.626261e-01 5.298713e-08 -1.802192e-02 3.066329e-06 4.153269e-08 -1.546564e-07
7.44           1.679605e-01 9.437994e-08 -1.862816e-02 1.679574e-01 5.187125e-08 -1.862800e-02 3.108771e-06 4.250869e-08 -1.600947e-07
7.45           1.617829e-01 1.015170e-07 -1.795851e-02 1.617799e-01 5.418105e-08 -1.795836e-02 2.993648e-06 4.733600e-08 -1.458873e-07
7.46           1.666411e-01 1.024144e-07 -1.851366e-02 1.666381e-01 5.315119e-08 -1.851351e-02 2.972637e-06 4.926323e-08 -1.452285e-07
7.47           1.666276e-01 1.035860e-07 -1.852852e-02 1.666247e-01 5.248318e-08 -1.852838e-02 2.945146e-06 5.110281e-08 -1.421892e-07
7.48           1.672513e-01 1.046212e-07 -1.861454e-02 1.672484e-01 5.180029e-08 -1.861440e-02 2.939446e-06 5.282095e-08 -1.400438e-07
7.49           1.675064e-01 1.067664e-07 -1.865997e-02 1.675035e-01 5.164423e-08 -1.865984e-02 2.901750e-06 5.512212e-08 -1.316548e-07
7.5            1.681053e-01 1.081776e-07 -1.874403e-02 1.681024e-01 5.134133e-08 -1.874390e-02 2.887436e-06 5.683625e-08 -1.308411e-07
7.51           1.721335e-01 1.107523e-07 -1.921104e-02 1.721306e-01 5.380833e-08 -1.921090e-02 2.938324e-06 5.694398e-08 -1.413317e-07
7.52           1.721438e-01 1.095611e-07 -1.923038e-02 1.721408e-01 5.208871e-08 -1.923022e-02 2.983140e-06 5.747241e-08 -1.544667e-07
7.53           1.679301e-01 1.147353e-07 -1.877788e-02 1.679272e-01 5.372172e-08 -1.877775e-02 2.925246e-06 6.101363e-08 -1.311027e-07
7.54           1.668747e-01 1.135701e-07 -1.867792e-02 1.668718e-01 5.028716e-08 -1.867782e-02 2.865341e-06 6.328290e-08 -1.074904e-07
7.55           1.672276e-01 1.147463e-07 -1.873584e-02 1.672248e-01 4.972584e-08 -1.873574e-02 2.823342e-06 6.502050e-08 -1.015431e-07
7.56           1.658631e-01 1.148796e-07 -1.860134e-02 1.658603e-01 4.814039e-08 -1.860124e-02 2.767879e-06 6.673917e-08 -9.154027e-08
7.57           1.756158e-01 1.166769e-07 -1.971442e-02 1.756130e-01 5.155309e-08 -1.971432e-02 2.840397e-06 6.512384e-08 -1.041647e-07
7.58           1.654034e-01 1.176912e-07 -1.858702e-02 1.654006e-01 4.836892e-08 -1.858693e-02 2.749898e-06 6.932225e-08 -8.684422e-08
7.59           1.703132e-01 1.201078e-07 -1.915795e-02 1.703105e-01 4.987024e-08 -1.915787e-02 2.722085e-06 7.023753e-08 -7.951818e-08
7.6            1.665750e-01 1.209533e-07 -1.875675e-02 1.665723e-01 4.831572e-08 -1.875668e-02 2.659053e-06 7.263755e-08 -6.707475e-08
7.61           1.701327e-01 1.228470e-07 -1.917690e-02 1.701301e-01 4.972463e-08 -1.917683e-02 2.648163e-06 7.312235e-08 -6.282950e-08
7.62           1.677580e-01 1.236116e-07 -1.892881e-02 1.677554e-01 4.854363e-08 -1.892875e-02 2.605706e-06 7.506798e-08 -5.338172e-08
7.63           1.680526e-01 1.249315e-07 -1.898166e-02 1.680501e-01 4.810132e-08 -1.898162e-02 2.559649e-06 7.683018e-08 -3.873700e-08
7.64           1.774426e-01 1.312006e-07 -2.006293e-02 1.774400e-01 5.276500e-08 -2.006289e-02 2.538262e-06 7.843560e-08 -3.673718e-08
7.65           1.690175e-01 1.291871e-07 -1.913058e-02 1.690150e-01 4.704030e-08 -1.913056e-02 2.445599e-06 8.214675e-08 -1.656575e-08
7.66           1.728575e-01 1.354068e-07 -1.958569e-02 1.728551e-01 5.134877e-08 -1.958567e-02 2.420009e-06 8.405801e-08 -1.833371e-08
7.67           1.703833e-01 1.347412e-07 -1.932566e-02 1.703809e-01 4.913902e-08 -1.932565e-02 2.377011e-06 8.560219e-08 -1.037622e-08
7.68           1.708678e-01 1.367061e-07 -1.940098e-02 1.708655e-01 4.949585e-08 -1.940098e-02 2.345666e-06 8.721022e-08 4.784224e-11
7.69           1.670464e-01 1.356707e-07 -1.898719e-02 1.670441e-01 4.538270e-08 -1.898722e-02 2.261417e-06 9.028800e-08 2.437297e-08
7.7            1.704559e-01 1.404250e-07 -1.939506e-02 1.704537e-01 4.886274e-08 -1.939510e-02 2.231738e-06 9.156230e-08 3.426453e-08
7.71           1.711491e-01 1.427246e-07 -1.949442e-02 1.711469e-01 5.023999e-08 -1.949446e-02 2.215799e-06 9.248458e-08 4.236980e-08
7.72           1.705412e-01 1.433017e-07 -1.944560e-02 1.705390e-01 4.935695e-08 -1.944564e-02 2.190767e-06 9.394473e-08 4.741916e-08
7.73           1.680625e-01 1.443738e-07 -1.918315e-02 1.680603e-01 4.774722e-08 -1.918322e-02 2.133569e-06 9.662657e-08 7.057672e-08
7.74           1.631338e-01 1.451011e-07 -1.864006e-02 1.631317e-01 4.705859e-08 -1.864014e-02 2.113661e-06 9.804247e-08 8.353852e-08
7.75           1.645516e-01 1.465781e-07 -1.882162e-02 1.645495e-01 4.588789e-08 -1.882172e-02 2.061207e-06 1.006902e-07 1.051471e-07
7.76           1.699041e-01 1.518961e-07 -1.945387e-02 1.699021e-01 4.913853e-08 -1.945399e-02 2.037303e-06 1.027576e-07 1.198811e-07
7.77           1.678270e-01 1.538831e-07 -1.923595e-02 1.678250e-01 4.852281e-08 -1.923609e-02 2.001210e-06 1.053603e-07 1.337062e-07
7.78           1.678462e-01 1.563358e-07 -1.925793e-02 1.678442e-01 4.811571e-08 -1.925808e-02 1.962132e-06 1.082201e-07 1.553051e-07
7.79           1.711422e-01 1.626200e-07 -1.965609e-02 1.711402e-01 5.161814e-08 -1.965626e-02 1.939885e-06 1.110019e-07 1.712439e-07
7.8            1.625020e-01 1.570470e-07 -1.868293e-02 1.625001e-01 4.295129e-08 -1.868313e-02 1.866029e-06 1.140957e-07 2.080209e-07
7.81           1.684350e-01 1.643291e-07 -1.938433e-02 1.684332e-01 4.836504e-08 -1.938455e-02 1.838967e-06 1.159641e-07 2.210623e-07
7.82           1.669654e-01 1.669895e-07 -1.923440e-02 1.669636e-01 4.845615e-08 -1.923463e-02 1.802244e-06 1.185334e-07 2.369154e-07
7.83           1.712521e-01 1.726468e-07 -1.974755e-02 1.712503e-01 5.158679e-08 -1.974780e-02 1.791395e-06 1.210600e-07 2.513194e-07
7.84           1.697381e-01 1.741506e-07 -1.959213e-02 1.697363e-01 5.069341e-08 -1.959239e-02 1.769782e-06 1.234572e-07 2.581346e-07
7.85           1.677402e-01 1.749005e-07 -1.938010e-02 1.677385e-01 4.892719e-08 -1.938039e-02 1.747392e-06 1.259733e-07 2.902948e-07
7.86           1.686236e-01 1.741153e-07 -1.950072e-02 1.686218e-01 4.557401e-08 -1.950104e-02 1.725199e-06 1.285413e-07 3.127617e-07
7.87           1.713633e-01 1.828657e-07 -1.983610e-02 1.713616e-01 5.132980e-08 -1.983642e-02 1.709952e-06 1.315359e-07 3.257441e-07
7.88           1.682986e-01 1.849863e-07 -1.949950e-02 1.682969e-01 5.078226e-08 -1.949983e-02 1.685160e-06 1.342041e-07 3.363845e-07
7.89           1.692619e-01 1.871456e-07 -1.962902e-02 1.692602e-01 5.042953e-08 -1.962937e-02 1.665374e-06 1.367161e-07 3.505459e-07
7.9            1.704854e-01 1.900064e-07 -1.978864e-02 1.704837e-01 5.062677e-08 -1.978900e-02 1.655322e-06 1.393796e-07 3.658372e-07
7.91           1.707280e-01 1.956166e-07 -1.983442e-02 1.707264e-01 5.354238e-08 -1.983479e-02 1.645186e-06 1.420742e-07 3.734886e-07
7.92           1.635050e-01 1.853896e-07 -1.901197e-02 1.635034e-01 4.118634e-08 -1.901238e-02 1.640227e-06 1.442032e-07 4.012925e-07
7.93           1.705418e-01 1.970600e-07 -1.984699e-02 1.705402e-01 5.027427e-08 -1.984740e-02 1.628216e-06 1.467857e-07 4.156678e-07
7.94           1.688609e-01 1.997986e-07 -1.966793e-02 1.688593e-01 5.125347e-08 -1.966835e-02 1.611989e-06 1.485451e-07 4.215458e-07
7.95           1.700172e-01 2.023324e-07 -1.981888e-02 1.700156e-01 5.215821e-08 -1.981931e-02 1.602016e-06 1.501742e-07 4.312542e-07
7.96           1.764416e-01 2.066951e-07 -2.058424e-02 1.764400e-01 5.521205e-08 -2.058468e-02 1.601057e-06 1.514830e-07 4.366420e-07
7.97           1.731181e-01 2.079816e-07 -2.021253e-02 1.731165e-01 5.512972e-08 -2.021297e-02 1.598211e-06 1.528519e-07 4.448173e-07
7.98           1.716305e-01 2.081946e-07 -2.005429e-02 1.716289e-01 5.438911e-08 -2.005474e-02 1.595767e-06 1.538055e-07 4.512485e-07
7.99           1.706227e-01 2.075031e-07 -1.995153e-02 1.706211e-01 5.351337e-08 -1.995199e-02 1.593330e-06 1.539897e-07 4.557653e-07
8              1.722288e-01 2.092720e-07 -2.015404e-02 1.722272e-01 5.486143e-08 -2.015451e-02 1.591717e-06 1.544106e-07 4.635738e-07
8.01           1.720891e-01 2.098190e-07 -2.015203e-02 1.720875e-01 5.540084e-08 -2.015250e-02 1.591550e-06 1.544182e-07 4.701921e-07
8.02           1.721457e-01 2.124748e-07 -2.017260e-02 1.721441e-01 5.805837e-08 -2.017306e-02 1.583054e-06 1.544165e-07 4.678237e-07
8.03           1.682818e-01 2.068846e-07 -1.973312e-02 1.682802e-01 5.337940e-08 -1.973359e-02 1.593087e-06 1.535052e-07 4.691873e-07
8.04           1.721418e-01 2.109770e-07 -2.019874e-02 1.721402e-01 5.771625e-08 -2.019921e-02 1.585877e-06 1.532608e-07 4.698310e-07
8.05           1.709960e-01 2.096075e-07 -2.007694e-02 1.709944e-01 5.704266e-08 -2.007741e-02 1.589632e-06 1.525649e-07 4.690195e-07
8.06           1.687163e-01 2.057904e-07 -1.982135e-02 1.687147e-01 5.475692e-08 -1.982181e-02 1.603236e-06 1.510335e-07 4.644976e-07
8.07           1.713078e-01 2.061689e-07 -2.013750e-02 1.713062e-01 5.646314e-08 -2.013798e-02 1.612411e-06 1.497057e-07 4.710370e-07
8.08           1.714368e-01 2.022456e-07 -2.016396e-02 1.714352e-01 5.488079e-08 -2.016444e-02 1.636867e-06 1.473649e-07 4.847554e-07
8.09           1.726742e-01 2.030127e-07 -2.032051e-02 1.726726e-01 5.760870e-08 -2.032100e-02 1.644756e-06 1.454040e-07 4.872260e-07
8.1            1.637932e-01 1.821862e-07 -1.928550e-02 1.637914e-01 4.075847e-08 -1.928600e-02 1.727365e-06 1.414278e-07 4.969283e-07
8.11           1.730372e-01 2.001202e-07 -2.038386e-02 1.730355e-01 5.979548e-08 -2.038435e-02 1.697737e-06 1.403247e-07 4.930423e-07
8.12           1.694033e-01 1.940420e-07 -1.996528e-02 1.694016e-01 5.636659e-08 -1.996577e-02 1.702734e-06 1.376754e-07 4.874513e-07
8.13           1.717002e-01 1.908461e-07 -2.024494e-02 1.716985e-01 5.594675e-08 -2.024542e-02 1.721316e-06 1.348993e-07 4.853410e-07
8.14           1.698689e-01 1.868025e-07 -2.003766e-02 1.698671e-01 5.506484e-08 -2.003814e-02 1.735892e-06 1.317376e-07 4.783217e-07
8.15           1.718761e-01 1.869363e-07 -2.028252e-02 1.718744e-01 5.783957e-08 -2.028300e-02 1.740089e-06 1.290967e-07 4.720522e-07
8.16           1.762191e-01 1.913079e-07 -2.080284e-02 1.762174e-01 6.511561e-08 -2.080331e-02 1.671750e-06 1.261923e-07 4.657623e-07
8.17           1.693671e-01 1.790191e-07 -2.000119e-02 1.693654e-01 5.668106e-08 -2.000165e-02 1.717046e-06 1.223380e-07 4.557904e-07
8.18           1.724044e-01 1.773439e-07 -2.036657e-02 1.724027e-01 5.827943e-08 -2.036702e-02 1.734091e-06 1.190645e-07 4.553530e-07
8.19           1.694167e-01 1.695359e-07 -2.001986e-02 1.694149e-01 5.473380e-08 -2.002032e-02 1.782736e-06 1.148021e-07 4.538869e-07
8.2            1.731395e-01 1.695897e-07 -2.046559e-02 1.731377e-01 5.851179e-08 -2.046604e-02 1.794502e-06 1.110779e-07 4.543066e-07
8.21           1.692244e-01 1.645244e-07 -2.000818e-02 1.692225e-01 5.726922e-08 -2.000862e-02 1.821812e-06 1.072552e-07 4.406184e-07
8.22           1.697772e-01 1.593316e-07 -2.007831e-02 1.697754e-01 5.610962e-08 -2.007874e-02 1.844892e-06 1.032219e-07 4.306980e-07
8.23           1.671056e-01 1.480171e-07 -1.976669e-02 1.671037e-01 4.978255e-08 -1.976712e-02 1.919610e-06 9.823451e-08 4.327916e-07
8.24           1.730952e-01 1.551048e-07 -2.047902e-02 1.730933e-01 6.024695e-08 -2.047945e-02 1.900635e-06 9.485787e-08 4.271135e-07
8.25           1.690304e-01 1.468815e-07 -2.000160e-02 1.690285e-01 5.594839e-08 -2.000202e-02 1.914888e-06 9.093313e-08 4.226018e-07
8.26           1.719221e-01 1.451288e-07 -2.034652e-02 1.719202e-01 5.784182e-08 -2.034694e-02 1.930140e-06 8.728701e-08 4.195800e-07
8.27           1.698900e-01 1.393727e-07 -2.010854e-02 1.698880e-01 5.608118e-08 -2.010895e-02 1.957696e-06 8.329154e-08 4.096161e-07
8.28           1.691731e-01 1.350496e-07 -2.002563e-02 1.691712e-01 5.544302e-08 -2.002603e-02 1.980416e-06 7.960659e-08 4.031139e-07
8.29           1.705816e-01 1.326670e-07 -2.019376e-02 1.705796e-01 5.642782e-08 -2.019418e-02 1.990726e-06 7.623916e-08 4.127153e-07
8.3            1.713605e-01 1.288325e-07 -2.028687e-02 1.713585e-01 5.635643e-08 -2.028729e-02 1.993699e-06 7.247610e-08 4.153292e-07
8.31           1.691931e-01 1.248487e-07 -2.003076e-02 1.691911e-01 5.600534e-08 -2.003117e-02 2.007917e-06 6.884333e-08 4.068790e-07
8.32           1.706972e-01 1.203771e-07 -2.020875e-02 1.706952e-01 5.514532e-08 -2.020916e-02 2.024033e-06 6.523183e-08 4.078164e-07
8.33           1.695236e-01 1.143240e-07 -2.006929e-02 1.695216e-01 5.296650e-08 -2.006971e-02 2.049311e-06 6.135753e-08 4.150699e-07
8.34           1.715483e-01 1.121791e-07 -2.030797e-02 1.715462e-01 5.441730e-08 -2.030839e-02 2.050762e-06 5.776176e-08 4.217110e-07
8.35           1.731496e-01 1.110369e-07 -2.049604e-02 1.731476e-01 5.684305e-08 -2.049647e-02 2.052395e-06 5.419384e-08 4.240219e-07
8.36           1.668840e-01 9.705469e-08 -1.975260e-02 1.668819e-01 4.723811e-08 -1.975303e-02 2.124614e-06 4.981658e-08 4.335520e-07
8.37           1.722078e-01 1.002467e-07 -2.038027e-02 1.722057e-01 5.385280e-08 -2.038071e-02 2.114970e-06 4.639387e-08 4.423477e-07
8.38           1.674341e-01 9.199148e-08 -1.981270e-02 1.674319e-01 4.937345e-08 -1.981315e-02 2.144649e-06 4.261803e-08 4.444381e-07
8.39           1.704580e-01 9.230065e-08 -2.016721e-02 1.704559e-01 5.297687e-08 -2.016767e-02 2.135740e-06 3.932378e-08 4.554947e-07
8.4            1.678008e-01 8.696760e-08 -1.984928e-02 1.677986e-01 5.116957e-08 -1.984973e-02 2.144964e-06 3.579803e-08 4.567830e-07
8.41           1.714647e-01 8.623660e-08 -2.027849e-02 1.714626e-01 5.359206e-08 -2.027896e-02 2.132872e-06 3.264454e-08 4.688045e-07
8.42           1.698672e-01 8.242870e-08 -2.008510e-02 1.698650e-01 5.310342e-08 -2.008557e-02 2.131615e-06 2.932528e-08 4.706128e-07
8.43           1.682903e-01 7.635907e-08 -1.989381e-02 1.682881e-01 5.032812e-08 -1.989429e-02 2.147440e-06 2.603095e-08 4.780215e-07
8.44           1.718901e-01 7.585927e-08 -2.031394e-02 1.718880e-01 5.297898e-08 -2.031443e-02 2.137257e-06 2.288030e-08 4.902263e-07
8.45           1.686473e-01 7.016579e-08 -1.992515e-02 1.686451e-01 5.048938e-08 -1.992565e-02 2.153219e-06 1.967642e-08 4.964870e-07
8.46           1.707759e-01 6.976317e-08 -2.017051e-02 1.707737e-01 5.307013e-08 -2.017102e-02 2.149223e-06 1.669303e-08 5.071470e-07
8.47           1.686008e-01 6.433320e-08 -1.990726e-02 1.685986e-01 5.074840e-08 -1.990778e-02 2.160617e-06 1.358479e-08 5.182845e-07
8.48           1.710547e-01 6.439155e-08 -2.019013e-02 1.710526e-01 5.374794e-08 -2.019066e-02 2.141409e-06 1.064361e-08 5.303997e-07
8.49           1.699609e-01 6.191060e-08 -2.005391e-02 1.699588e-01 5.418082e-08 -2.005444e-02 2.125300e-06 7.729785e-09 5.344389e-07
8.5            1.695810e-01 5.792660e-08 -2.000153e-02 1.695789e-01 5.304359e-08 -2.000208e-02 2.117111e-06 4.883012e-09 5.467183e-07
8.51           1.695297e-01 5.282589e-08 -1.998775e-02 1.695276e-01 5.101288e-08 -1.998828e-02 2.084042e-06 1.813013e-09 5.334900e-07
8.52           1.682133e-01 5.346556e-08 -1.982427e-02 1.682113e-01 5.427028e-08 -1.982481e-02 2.073686e-06 -8.047183e-10 5.414259e-07
8.53           1.710800e-01 5.051120e-08 -2.015342e-02 1.710779e-01 5.406674e-08 -2.015398e-02 2.057740e-06 -3.555544e-09 5.619670e-07
8.54           1.671069e-01 4.739111e-08 -1.967671e-02 1.671049e-01 5.359455e-08 -1.967728e-02 2.054282e-06 -6.203445e-09 5.718086e-07
8.55           1.685256e-01 4.604608e-08 -1.983459e-02 1.685235e-01 5.488844e-08 -1.983518e-02 2.041541e-06 -8.842363e-09 5.851434e-07
8.56           1.704214e-01 4.454064e-08 -2.004816e-02 1.704194e-01 5.615269e-08 -2.004876e-02 2.016272e-06 -1.161205e-08 6.016495e-07
8.57           1.675312e-01 3.814391e-08 -1.969854e-02 1.675292e-01 5.233039e-08 -1.969916e-02 2.023199e-06 -1.418648e-08 6.171133e-07
8.58           1.693959e-01 3.918704e-08 -1.990778e-02 1.693939e-01 5.588589e-08 -1.990841e-02 2.006150e-06 -1.669885e-08 6.336779e-07
8.59           1.678777e-01 3.617699e-08 -1.971923e-02 1.678757e-01 5.566968e-08 -1.971987e-02 1.991584e-06 -1.949269e-08 6.434314e-07
8.6            1.706483e-01 3.908657e-08 -2.003405e-02 1.706463e-01 6.116062e-08 -2.003471e-02 1.932181e-06 -2.207405e-08 6.587169e-07
8.61           1.680442e-01 3.155929e-08 -1.971771e-02 1.680422e-01 5.629210e-08 -1.971839e-02 1.951469e-06 -2.473281e-08 6.744109e-07
8.62           1.704649e-01 3.144167e-08 -1.999066e-02 1.704629e-01 5.892891e-08 -1.999134e-02 1.944374e-06 -2.748724e-08 6.871048e-07
8.63           1.685806e-01 2.779456e-08 -1.975870e-02 1.685787e-01 5.813565e-08 -1.975940e-02 1.930958e-06 -3.034109e-08 7.002821e-07
8.64           1.647711e-01 1.883687e-08 -1.930122e-02 1.647691e-01 5.133187e-08 -1.930194e-02 1.966982e-06 -3.249500e-08 7.236502e-07
8.65           1.712224e-01 2.619915e-08 -2.004530e-02 1.712205e-01 6.174462e-08 -2.004603e-02 1.924382e-06 -3.554547e-08 7.306266e-07
8.66           1.653717e-01 1.790981e-08 -1.934905e-02 1.653698e-01 5.564209e-08 -1.934980e-02 1.933990e-06 -3.773228e-08 7.507290e-07
8.67           1.700080e-01 2.179561e-08 -1.987967e-02 1.700061e-01 6.235790e-08 -1.988042e-02 1.898440e-06 -4.056230e-08 7.492967e-07
8.68           1.709942e-01 2.061253e-08 -1.998287e-02 1.709923e-01 6.405541e-08 -1.998362e-02 1.875981e-06 -4.344289e-08 7.539362e-07
8.69           1.732150e-01 2.048968e-08 -2.022995e-02 1.732132e-01 6.812140e-08 -2.023072e-02 1.802517e-06 -4.763173e-08 7.645418e-07
8.7            1.683425e-01 1.421630e-08 -1.964873e-02 1.683407e-01 6.445041e-08 -1.964950e-02 1.805843e-06 -5.023411e-08 7.745701e-07
8.71           1.708530e-01 1.247884e-08 -1.992926e-02 1.708512e-01 6.599645e-08 -1.993005e-02 1.792346e-06 -5.351761e-08 7.860446e-07
8.72           1.702852e-01 7.633198e-09 -1.985053e-02 1.702834e-01 6.433276e-08 -1.985134e-02 1.790730e-06 -5.669957e-08 8.068426e-07
8.73           1.691811e-01 4.129320e-09 -1.970935e-02 1.691793e-01 6.383647e-08 -1.971018e-02 1.789638e-06 -5.970715e-08 8.284648e-07
8.74           1.741376e-01 6.969890e-09 -2.027389e-02 1.741359e-01 7.154956e-08 -2.027473e-02 1.712182e-06 -6.457967e-08 8.377791e-07
8.75           1.678290e-01 -5.045103e-10 -1.952699e-02 1.678272e-01 6.706719e-08 -1.952784e-02 1.725778e-06 -6.757170e-08 8.475695e-07
8.76           1.722861e-01 6.007240e-09 -2.003271e-02 1.722844e-01 7.699870e-08 -2.003357e-02 1.650296e-06 -7.099146e-08 8.629319e-07
8.77           1.678992e-01 -5.182683e-09 -1.951012e-02 1.678975e-01 6.926769e-08 -1.951100e-02 1.673326e-06 -7.445037e-08 8.744918e-07
8.78           1.701362e-01 -1.044863e-08 -1.975731e-02 1.701345e-01 6.754328e-08 -1.975821e-02 1.676374e-06 -7.799191e-08 8.962777e-07
8.79           1.678369e-01 -1.485684e-08 -1.947780e-02 1.678353e-01 6.681471e-08 -1.947872e-02 1.680006e-06 -8.167155e-08 9.126010e-07
8.8            1.697906e-01 -1.664718e-08 -1.969186e-02 1.697889e-01 6.841035e-08 -1.969279e-02 1.678039e-06 -8.505753e-08 9.280638e-07
8.81           1.687794e-01 -2.059569e-08 -1.956202e-02 1.687777e-01 6.774829e-08 -1.956296e-02 1.687038e-06 -8.834398e-08 9.365975e-07
8.82           1.655804e-01 -2.500570e-08 -1.917911e-02 1.655787e-01 6.675773e-08 -1.918006e-02 1.689896e-06 -9.176343e-08 9.488255e-07
8.83           1.689983e-01 -2.504069e-08 -1.956247e-02 1.689966e-01 6.959207e-08 -1.956343e-02 1.685379e-06 -9.463276e-08 9.669751e-07
8.84           1.662477e-01 -2.657874e-08 -1.923192e-02 1.662460e-01 7.074007e-08 -1.923290e-02 1.683586e-06 -9.731880e-08 9.764058e-07
8.85           1.700235e-01 -2.806855e-08 -1.965627e-02 1.700218e-01 7.191116e-08 -1.965726e-02 1.687960e-06 -9.997972e-08 9.934944e-07
8.86           1.683323e-01 -3.042359e-08 -1.944864e-02 1.683306e-01 7.225572e-08 -1.944964e-02 1.687652e-06 -1.026793e-07 1.002326e-06
8.87           1.688105e-01 -3.055257e-08 -1.949175e-02 1.688088e-01 7.364711e-08 -1.949277e-02 1.692311e-06 -1.041997e-07 1.018526e-06
8.88           1.672247e-01 -3.305425e-08 -1.929673e-02 1.672230e-01 7.231163e-08 -1.929778e-02 1.705942e-06 -1.053659e-07 1.052345e-06
8.89           1.672932e-01 -3.394881e-08 -1.929294e-02 1.672915e-01 7.291822e-08 -1.929401e-02 1.694358e-06 -1.068670e-07 1.064634e-06
8.9            1.690422e-01 -3.434656e-08 -1.948291e-02 1.690405e-01 7.376341e-08 -1.948398e-02 1.706011e-06 -1.081100e-07 1.075468e-06
8.91           1.674719e-01 -3.495604e-08 -1.929043e-02 1.674702e-01 7.343690e-08 -1.929152e-02 1.713549e-06 -1.083929e-07 1.088058e-06
8.92           1.705618e-01 -3.446156e-08 -1.963480e-02 1.705601e-01 7.459751e-08 -1.963590e-02 1.724102e-06 -1.090591e-07 1.093201e-06
8.93           1.672272e-01 -3.543770e-08 -1.923991e-02 1.672254e-01 7.387109e-08 -1.924100e-02 1.729943e-06 -1.093088e-07 1.098533e-06
8.94           1.708839e-01 -3.413939e-08 -1.964941e-02 1.708821e-01 7.544819e-08 -1.965050e-02 1.746600e-06 -1.095876e-07 1.097597e-06
8.95           1.695312e-01 -3.417540e-08 -1.948304e-02 1.695294e-01 7.533200e-08 -1.948413e-02 1.763863e-06 -1.095074e-07 1.088995e-06
8.96           1.681366e-01 -3.269504e-08 -1.931225e-02 1.681349e-01 7.619961e-08 -1.931333e-02 1.770600e-06 -1.088947e-07 1.085611e-06
8.97           1.697391e-01 -3.124002e-08 -1.948592e-02 1.697373e-01 7.688615e-08 -1.948700e-02 1.800572e-06 -1.081262e-07 1.080873e-06
8.98           1.674759e-01 -3.084451e-08 -1.921615e-02 1.674741e-01 7.637577e-08 -1.921722e-02 1.814579e-06 -1.072203e-07 1.065879e-06
8.99           1.667692e-01 -2.898456e-08 -1.912531e-02 1.667674e-01 7.569646e-08 -1.912637e-02 1.828810e-06 -1.046810e-07 1.064813e-06
9              1.686225e-01 -2.734244e-08 -1.932820e-02 1.686206e-01 7.594410e-08 -1.932925e-02 1.853853e-06 -1.032865e-07 1.044014e-06
9.01           1.655607e-01 -2.434104e-08 -1.896805e-02 1.655589e-01 7.606300e-08 -1.896909e-02 1.860837e-06 -1.004040e-07 1.035997e-06
9.02           1.689722e-01 -2.175273e-08 -1.934968e-02 1.689703e-01 7.546627e-08 -1.935071e-02 1.885452e-06 -9.721899e-08 1.027505e-06
9.03           1.682385e-01 -1.695555e-08 -1.925693e-02 1.682366e-01 7.688803e-08 -1.925794e-02 1.892880e-06 -9.384358e-08 1.014425e-06
9.04           1.700741e-01 -1.476745e-08 -1.945847e-02 1.700722e-01 7.627889e-08 -1.945947e-02 1.926849e-06 -9.104634e-08 9.928951e-07
9.05           1.699134e-01 -1.405024e-08 -1.943180e-02 1.699114e-01 7.297561e-08 -1.943278e-02 1.965939e-06 -8.702586e-08 9.754421e-07
9.06           1.677414e-01 -7.739011e-09 -1.917560e-02 1.677394e-01 7.548150e-08 -1.917655e-02 1.977891e-06 -8.322051e-08 9.561733e-07
9.07           1.708338e-01 -7.160330e-09 -1.952141e-02 1.708318e-01 7.167148e-08 -1.952235e-02 2.017116e-06 -7.883181e-08 9.383194e-07
9.08           1.675001e-01 -1.146560e-09 -1.913336e-02 1.674981e-01 7.336502e-08 -1.913429e-02 2.019565e-06 -7.451158e-08 9.229439e-07
9.09           1.720230e-01 1.761896e-09 -1.964295e-02 1.720209e-01 7.331385e-08 -1.964384e-02 2.073201e-06 -7.155196e-08 8.886421e-07
9.1            1.686786e-01 4.170688e-09 -1.925457e-02 1.686765e-01 7.043445e-08 -1.925544e-02 2.104972e-06 -6.626376e-08 8.679760e-07
9.11           1.690199e-01 8.560471e-09 -1.928727e-02 1.690178e-01 6.983604e-08 -1.928812e-02 2.130299e-06 -6.127557e-08 8.493910e-07
9.12           1.678887e-01 1.499889e-08 -1.915236e-02 1.678866e-01 7.045155e-08 -1.915320e-02 2.132441e-06 -5.545265e-08 8.370087e-07
9.13           1.703571e-01 1.903345e-08 -1.942837e-02 1.703550e-01 6.969441e-08 -1.942918e-02 2.153802e-06 -5.066096e-08 8.139369e-07
9.14           1.687342e-01 2.594045e-08 -1.923819e-02 1.687320e-01 7.200699e-08 -1.923898e-02 2.165560e-06 -4.606654e-08 7.891609e-07
9.15           1.723156e-01 2.883297e-08 -1.964161e-02 1.723134e-01 7.094962e-08 -1.964236e-02 2.222159e-06 -4.211665e-08 7.506295e-07
9.16           1.678758e-01 3.153720e-08 -1.913117e-02 1.678736e-01 6.701838e-08 -1.913191e-02 2.213617e-06 -3.548118e-08 7.397232e-07
9.17           1.696191e-01 3.892826e-08 -1.932567e-02 1.696168e-01 6.906644e-08 -1.932640e-02 2.225393e-06 -3.013818e-08 7.295920e-07
9.18           1.699077e-01 4.228401e-08 -1.935494e-02 1.699054e-01 6.717160e-08 -1.935564e-02 2.242537e-06 -2.488760e-08 7.063575e-07
9.19           1.606755e-01 4.850319e-08 -1.830025e-02 1.606734e-01 6.610451e-08 -1.830098e-02 2.155104e-06 -1.760132e-08 7.267985e-07
9.2            1.714779e-01 4.976155e-08 -1.952741e-02 1.714757e-01 6.354724e-08 -1.952810e-02 2.205435e-06 -1.378569e-08 6.914412e-07
9.21           1.695910e-01 5.696916e-08 -1.931002e-02 1.695888e-01 6.560932e-08 -1.931069e-02 2.213579e-06 -8.640159e-09 6.697016e-07
9.22           1.736375e-01 5.929567e-08 -1.976856e-02 1.736352e-01 6.367721e-08 -1.976920e-02 2.259596e-06 -4.381536e-09 6.356168e-07
9.23           1.709024e-01 6.231796e-08 -1.945574e-02 1.709002e-01 6.400821e-08 -1.945635e-02 2.296612e-06 -1.690248e-09 6.054382e-07
9.24           1.738625e-01 6.694746e-08 -1.979123e-02 1.738602e-01 6.542408e-08 -1.979180e-02 2.346734e-06 1.523382e-09 5.713099e-07
9.25           1.697310e-01 7.292959e-08 -1.932018e-02 1.697286e-01 6.746456e-08 -1.932073e-02 2.342148e-06 5.465026e-09 5.525442e-07
9.26           1.740550e-01 7.277093e-08 -1.981187e-02 1.740525e-01 6.529245e-08 -1.981237e-02 2.426346e-06 7.478480e-09 5.050013e-07
9.27           1.684000e-01 7.260976e-08 -1.916811e-02 1.683976e-01 6.123536e-08 -1.916861e-02 2.428600e-06 1.137440e-08 5.047027e-07
9.28           1.714447e-01 7.777586e-08 -1.951486e-02 1.714423e-01 6.313704e-08 -1.951535e-02 2.424583e-06 1.463882e-08 4.897532e-07
9.29           1.718456e-01 8.313387e-08 -1.956121e-02 1.718431e-01 6.587161e-08 -1.956167e-02 2.434029e-06 1.726226e-08 4.652246e-07
9.3            1.699047e-01 8.263549e-08 -1.934142e-02 1.699022e-01 6.334756e-08 -1.934187e-02 2.441278e-06 1.928792e-08 4.442908e-07
9.31           1.720199e-01 8.395257e-08 -1.958361e-02 1.720174e-01 6.323207e-08 -1.958402e-02 2.469020e-06 2.072051e-08 4.080854e-07
9.32           1.796587e-01 8.773910e-08 -2.045496e-02 1.796561e-01 6.727613e-08 -2.045531e-02 2.606423e-06 2.046297e-08 3.480095e-07
9.33           1.711568e-01 8.993287e-08 -1.948932e-02 1.711542e-01 6.726382e-08 -1.948966e-02 2.602065e-06 2.266905e-08 3.338826e-07
9.34           1.748014e-01 8.883144e-08 -1.990684e-02 1.747987e-01 6.562992e-08 -1.990715e-02 2.645109e-06 2.320152e-08 3.132272e-07
9.35           1.703198e-01 8.839500e-08 -1.939950e-02 1.703171e-01 6.421117e-08 -1.939980e-02 2.635921e-06 2.418383e-08 3.061612e-07
9.36           1.732208e-01 8.843313e-08 -1.973314e-02 1.732181e-01 6.421540e-08 -1.973343e-02 2.662918e-06 2.421773e-08 2.853880e-07
9.37           1.703466e-01 9.082759e-08 -1.940937e-02 1.703440e-01 6.616331e-08 -1.940965e-02 2.643647e-06 2.466428e-08 2.809547e-07
9.38           1.720917e-01 8.577309e-08 -1.961231e-02 1.720890e-01 6.172815e-08 -1.961258e-02 2.653232e-06 2.404495e-08 2.707201e-07
9.39           1.742043e-01 8.364183e-08 -1.985739e-02 1.742016e-01 5.986163e-08 -1.985766e-02 2.666882e-06 2.378020e-08 2.626549e-07
9.4            1.708107e-01 8.727258e-08 -1.947534e-02 1.708080e-01 6.417216e-08 -1.947560e-02 2.648097e-06 2.310041e-08 2.596844e-07
9.41           1.770228e-01 8.817475e-08 -2.018867e-02 1.770201e-01 6.634090e-08 -2.018890e-02 2.740163e-06 2.183385e-08 2.243352e-07
9.42           1.693644e-01 8.652480e-08 -1.932068e-02 1.693617e-01 6.483093e-08 -1.932091e-02 2.711303e-06 2.169387e-08 2.255384e-07
9.43           1.702857e-01 8.270748e-08 -1.943124e-02 1.702830e-01 6.229144e-08 -1.943149e-02 2.694000e-06 2.041603e-08 2.437195e-07
9.44           1.736137e-01 7.954918e-08 -1.981702e-02 1.736110e-01 6.060011e-08 -1.981726e-02 2.693884e-06 1.894907e-08 2.333465e-07
9.45           1.760059e-01 8.207660e-08 -2.009633e-02 1.760031e-01 6.505063e-08 -2.009654e-02 2.747562e-06 1.702597e-08 2.076251e-07
9.46           1.707919e-01 7.407240e-08 -1.950761e-02 1.707892e-01 5.870273e-08 -1.950783e-02 2.717553e-06 1.536967e-08 2.118217e-07
9.47           1.741712e-01 7.534011e-08 -1.990033e-02 1.741685e-01 6.180938e-08 -1.990054e-02 2.712159e-06 1.353073e-08 2.041122e-07
9.48           1.699747e-01 6.859978e-08 -1.942798e-02 1.699720e-01 5.796382e-08 -1.942819e-02 2.657842e-06 1.063596e-08 2.141704e-07
9.49           1.762157e-01 7.391794e-08 -2.014858e-02 1.762130e-01 6.561105e-08 -2.014877e-02 2.700844e-06 8.306886e-09 1.927985e-07
9.5            1.660278e-01 6.607346e-08 -1.899130e-02 1.660253e-01 6.018309e-08 -1.899152e-02 2.584009e-06 5.890365e-09 2.223649e-07
9.51           1.745408e-01 6.637473e-08 -1.997276e-02 1.745382e-01 6.387724e-08 -1.997297e-02 2.602266e-06 2.497488e-09 2.061397e-07
9.52           1.721615e-01 6.755478e-08 -1.970856e-02 1.721590e-01 6.741506e-08 -1.970876e-02 2.580325e-06 1.397177e-10 2.018530e-07
9.53           1.737367e-01 6.095885e-08 -1.989720e-02 1.737341e-01 6.426509e-08 -1.989739e-02 2.598126e-06 -3.306237e-09 1.882956e-07
9.54           1.721025e-01 6.099260e-08 -1.971850e-02 1.721000e-01 6.691081e-08 -1.971869e-02 2.566185e-06 -5.918202e-09 1.911510e-07
9.55           1.735568e-01 5.796477e-08 -1.989375e-02 1.735542e-01 6.689220e-08 -1.989394e-02 2.556559e-06 -8.927429e-09 1.945005e-07
9.56           1.761241e-01 5.690736e-08 -2.019698e-02 1.761215e-01 6.916611e-08 -2.019716e-02 2.582890e-06 -1.225875e-08 1.782877e-07
9.57           1.738837e-01 5.418276e-08 -1.994913e-02 1.738811e-01 6.952231e-08 -1.994931e-02 2.561843e-06 -1.533954e-08 1.794420e-07
9.58           1.736316e-01 5.371479e-08 -1.992922e-02 1.736291e-01 7.178252e-08 -1.992942e-02 2.535895e-06 -1.806773e-08 2.022328e-07
9.59           1.833363e-01 5.658290e-08 -2.105286e-02 1.833336e-01 7.697984e-08 -2.105301e-02 2.670169e-06 -2.039694e-08 1.533615e-07
9.6            1.745006e-01 4.679100e-08 -2.004784e-02 1.744980e-01 6.997896e-08 -2.004800e-02 2.643783e-06 -2.318796e-08 1.587135e-07
9.61           1.786053e-01 4.017982e-08 -2.052914e-02 1.786026e-01 6.628192e-08 -2.052930e-02 2.632831e-06 -2.610210e-08 1.657488e-07
9.62           1.745020e-01 3.798742e-08 -2.006735e-02 1.744994e-01 6.791899e-08 -2.006753e-02 2.584686e-06 -2.993157e-08 1.810400e-07
9.63           1.770026e-01 3.086398e-08 -2.036480e-02 1.770000e-01 6.409284e-08 -2.036499e-02 2.570886e-06 -3.322886e-08 1.876717e-07
9.64           1.744557e-01 3.069675e-08 -2.008165e-02 1.744531e-01 6.772782e-08 -2.008184e-02 2.564715e-06 -3.703107e-08 1.861973e-07
9.65           1.750443e-01 2.917149e-08 -2.015942e-02 1.750418e-01 6.967209e-08 -2.015961e-02 2.540669e-06 -4.050060e-08 1.924604e-07
9.66           1.711661e-01 1.470291e-08 -1.972255e-02 1.711636e-01 6.103067e-08 -1.972278e-02 2.450959e-06 -4.632776e-08 2.298324e-07
9.67           1.773689e-01 1.708663e-08 -2.044715e-02 1.773665e-01 6.575065e-08 -2.044739e-02 2.423847e-06 -4.866402e-08 2.365330e-07
9.68           1.745400e-01 2.023510e-08 -2.013086e-02 1.745376e-01 7.201116e-08 -2.013112e-02 2.394229e-06 -5.177607e-08 2.546910e-07
9.69           1.730041e-01 1.780676e-08 -1.996347e-02 1.730018e-01 7.151486e-08 -1.996375e-02 2.365247e-06 -5.370810e-08 2.819606e-07
9.7            1.760547e-01 1.355989e-08 -2.032533e-02 1.760523e-01 7.063066e-08 -2.032562e-02 2.369756e-06 -5.707076e-08 2.856195e-07
9.71           1.756005e-01 7.770881e-09 -2.028276e-02 1.755981e-01 6.698611e-08 -2.028304e-02 2.353222e-06 -5.921523e-08 2.875193e-07
9.72           1.753975e-01 5.242296e-09 -2.026902e-02 1.753952e-01 6.844467e-08 -2.026933e-02 2.311077e-06 -6.320238e-08 3.064380e-07
9.73           1.737866e-01 -2.131089e-09 -2.009250e-02 1.737844e-01 6.352543e-08 -2.009284e-02 2.251150e-06 -6.565652e-08 3.364610e-07
9.74           1.775558e-01 -7.234509e-10 -2.053788e-02 1.775535e-01 6.905845e-08 -2.053824e-02 2.217656e-06 -6.978190e-08 3.529528e-07
9.75           1.824981e-01 7.883332e-10 -2.111938e-02 1.824959e-01 7.278213e-08 -2.111972e-02 2.240437e-06 -7.199380e-08 3.387634e-07
9.76           1.746919e-01 -8.354351e-09 -2.022553e-02 1.746897e-01 6.720694e-08 -2.022590e-02 2.191174e-06 -7.556129e-08 3.677083e-07
9.77           1.781441e-01 -1.191077e-08 -2.063449e-02 1.781419e-01 6.720791e-08 -2.063488e-02 2.157150e-06 -7.911869e-08 3.909632e-07
9.78           1.776736e-01 -1.259146e-08 -2.058935e-02 1.776715e-01 7.091547e-08 -2.058974e-02 2.140049e-06 -8.350693e-08 3.909245e-07
9.79           1.779633e-01 -1.765140e-08 -2.063199e-02 1.779611e-01 6.936271e-08 -2.063240e-02 2.110928e-06 -8.701411e-08 4.105290e-07
9.8            1.798296e-01 -2.078358e-08 -2.085755e-02 1.798275e-01 7.204360e-08 -2.085798e-02 2.085365e-06 -9.282717e-08 4.315029e-07
9.81           1.817607e-01 -3.266059e-08 -2.109069e-02 1.817586e-01 6.447863e-08 -2.109113e-02 2.064714e-06 -9.713922e-08 4.433461e-07
9.82           1.823862e-01 -2.936638e-08 -2.117214e-02 1.823842e-01 7.342509e-08 -2.117260e-02 2.044582e-06 -1.027915e-07 4.591016e-07
9.83           1.736422e-01 -5.023236e-08 -2.016562e-02 1.736402e-01 5.877077e-08 -2.016613e-02 2.006227e-06 -1.090031e-07 5.055529e-07
9.84           1.806845e-01 -4.125292e-08 -2.099174e-02 1.806825e-01 7.280965e-08 -2.099227e-02 1.980348e-06 -1.140626e-07 5.242682e-07
9.85           1.786437e-01 -5.095475e-08 -2.076280e-02 1.786417e-01 6.754402e-08 -2.076335e-02 1.955384e-06 -1.184988e-07 5.484450e-07
9.86           1.817853e-01 -5.271394e-08 -2.113583e-02 1.817833e-01 7.110554e-08 -2.113640e-02 1.938075e-06 -1.238195e-07 5.683133e-07
9.87           1.793984e-01 -5.919445e-08 -2.086594e-02 1.793965e-01 7.024300e-08 -2.086653e-02 1.917962e-06 -1.294375e-07 5.889277e-07
9.88           1.811001e-01 -6.683535e-08 -2.107115e-02 1.810982e-01 6.806240e-08 -2.107176e-02 1.905068e-06 -1.348977e-07 6.112185e-07
9.89           1.792271e-01 -7.473579e-08 -2.086022e-02 1.792252e-01 6.593100e-08 -2.086085e-02 1.892214e-06 -1.406668e-07 6.303228e-07
9.9            1.828588e-01 -7.982912e-08 -2.128966e-02 1.828569e-01 6.763121e-08 -2.129032e-02 1.882931e-06 -1.474603e-07 6.572437e-07
9.91           1.781350e-01 -9.536955e-08 -2.074598e-02 1.781331e-01 5.836114e-08 -2.074665e-02 1.876632e-06 -1.537307e-07 6.769204e-07
9.92           1.834900e-01 -9.228552e-08 -2.137551e-02 1.834881e-01 6.741761e-08 -2.137620e-02 1.858706e-06 -1.597031e-07 6.951911e-07
9.93           1.831377e-01 -9.995339e-08 -2.134012e-02 1.831358e-01 6.621462e-08 -2.134083e-02 1.851402e-06 -1.661680e-07 7.083742e-07
9.94           1.826338e-01 -1.060629e-07 -2.128662e-02 1.826319e-01 6.718697e-08 -2.128734e-02 1.843921e-06 -1.732499e-07 7.214958e-07
9.95           1.816116e-01 -1.124589e-07 -2.117229e-02 1.816098e-01 6.698288e-08 -2.117301e-02 1.828723e-06 -1.794417e-07 7.205788e-07
9.96           1.784459e-01 -1.382785e-07 -2.080759e-02 1.784441e-01 4.773277e-08 -2.080833e-02 1.867372e-06 -1.860112e-07 7.429734e-07
9.97           1.824103e-01 -1.279453e-07 -2.127382e-02 1.824084e-01 6.352023e-08 -2.127456e-02 1.837722e-06 -1.914655e-07 7.404851e-07
9.98           1.782269e-01 -1.491917e-07 -2.078943e-02 1.782250e-01 4.807182e-08 -2.079019e-02 1.868228e-06 -1.972636e-07 7.540202e-07
9.99           1.842196e-01 -1.351920e-07 -2.149151e-02 1.842178e-01 6.644044e-08 -2.149227e-02 1.819955e-06 -2.016324e-07 7.561886e-07
10             1.833604e-01 -1.471851e-07 -2.139397e-02 1.833586e-01 5.957416e-08 -2.139473e-02 1.833654e-06 -2.067592e-07 7.576149e-07
10.01          1.812675e-01 -1.535630e-07 -2.115193e-02 1.812657e-01 5.738937e-08 -2.115269e-02 1.839373e-06 -2.109524e-07 7.545642e-07
10.02          1.823472e-01 -1.568525e-07 -2.127951e-02 1.823454e-01 5.857778e-08 -2.128027e-02 1.854171e-06 -2.154303e-07 7.523711e-07
10.03          1.808325e-01 -1.667662e-07 -2.110393e-02 1.808307e-01 5.298108e-08 -2.110467e-02 1.868259e-06 -2.197473e-07 7.445126e-07
10.04          1.817231e-01 -1.694263e-07 -2.120844e-02 1.817212e-01 5.420694e-08 -2.120918e-02 1.872955e-06 -2.236333e-07 7.393870e-07
10.05          1.756697e-01 -1.938608e-07 -2.050201e-02 1.756678e-01 3.314313e-08 -2.050275e-02 1.937851e-06 -2.270039e-07 7.436235e-07
10.06          1.840013e-01 -1.754865e-07 -2.147364e-02 1.839994e-01 5.547579e-08 -2.147438e-02 1.927430e-06 -2.309622e-07 7.401620e-07
10.07          1.814752e-01 -1.862123e-07 -2.117779e-02 1.814732e-01 4.724822e-08 -2.117851e-02 1.953329e-06 -2.334605e-07 7.244186e-07
10.08          1.791200e-01 -2.061059e-07 -2.090138e-02 1.791179e-01 2.968749e-08 -2.090211e-02 2.029463e-06 -2.357933e-07 7.260089e-07
10.09          1.841641e-01 -1.915350e-07 -2.148774e-02 1.841621e-01 4.473462e-08 -2.148845e-02 2.045077e-06 -2.362697e-07 7.177992e-07
10.1           1.831437e-01 -1.936867e-07 -2.136600e-02 1.831416e-01 4.412143e-08 -2.136672e-02 2.063691e-06 -2.378081e-07 7.145295e-07
10.11          1.813002e-01 -1.959493e-07 -2.114768e-02 1.812982e-01 4.324500e-08 -2.114838e-02 2.082872e-06 -2.391943e-07 7.003190e-07
10.12          1.873248e-01 -1.777973e-07 -2.184633e-02 1.873228e-01 6.004761e-08 -2.184702e-02 2.018810e-06 -2.378449e-07 6.910340e-07
10.13          1.850237e-01 -1.950722e-07 -2.157352e-02 1.850216e-01 4.321831e-08 -2.157420e-02 2.088889e-06 -2.382905e-07 6.796191e-07
10.14          1.893703e-01 -1.722616e-07 -2.207508e-02 1.893683e-01 6.381993e-08 -2.207575e-02 1.980955e-06 -2.360815e-07 6.723601e-07
10.15          1.793837e-01 -2.124003e-07 -2.090550e-02 1.793816e-01 2.433822e-08 -2.090616e-02 2.127257e-06 -2.367385e-07 6.608009e-07
10.16          1.854335e-01 -1.994400e-07 -2.160411e-02 1.854313e-01 3.748075e-08 -2.160476e-02 2.178059e-06 -2.369207e-07 6.484985e-07
10.17          1.834577e-01 -2.100988e-07 -2.136704e-02 1.834554e-01 2.676713e-08 -2.136768e-02 2.265898e-06 -2.368659e-07 6.405155e-07
10.18          1.803580e-01 -2.254787e-07 -2.099876e-02 1.803556e-01 1.320046e-08 -2.099938e-02 2.432907e-06 -2.386792e-07 6.230434e-07
10.19          1.859298e-01 -2.096102e-07 -2.163918e-02 1.859274e-01 2.816200e-08 -2.163980e-02 2.455062e-06 -2.377722e-07 6.185214e-07
10.2           1.803387e-01 -2.218433e-07 -2.097996e-02 1.803361e-01 1.517882e-08 -2.098057e-02 2.545521e-06 -2.370221e-07 6.047919e-07
10.21          1.845101e-01 -2.096115e-07 -2.145570e-02 1.845075e-01 2.627439e-08 -2.145630e-02 2.599007e-06 -2.358859e-07 6.011741e-07
10.22          1.857131e-01 -2.121077e-07 -2.158550e-02 1.857104e-01 2.192155e-08 -2.158609e-02 2.651245e-06 -2.340292e-07 5.947816e-07
10.23          1.829122e-01 -2.175921e-07 -2.124932e-02 1.829094e-01 1.544511e-08 -2.124991e-02 2.735923e-06 -2.330372e-07 5.902304e-07
10.24          1.853139e-01 -2.095250e-07 -2.151692e-02 1.853111e-01 2.171614e-08 -2.151750e-02 2.777214e-06 -2.312411e-07 5.815280e-07
10.25          1.899208e-01 -1.756642e-07 -2.203933e-02 1.899181e-01 5.205624e-08 -2.203990e-02 2.701322e-06 -2.277204e-07 5.664967e-07
10.26          1.783599e-01 -2.243517e-07 -2.068548e-02 1.783571e-01 2.559484e-09 -2.068603e-02 2.857453e-06 -2.269112e-07 5.546486e-07
10.27          1.831430e-01 -2.215843e-07 -2.122668e-02 1.831400e-01 4.048245e-09 -2.122722e-02 2.964536e-06 -2.256325e-07 5.444440e-07
10.28          1.877206e-01 -1.922293e-07 -2.174273e-02 1.877177e-01 3.054780e-08 -2.174327e-02 2.942891e-06 -2.227771e-07 5.343849e-07
10.29          1.815254e-01 -2.032673e-07 -2.101053e-02 1.815224e-01 1.768140e-08 -2.101106e-02 2.997193e-06 -2.209487e-07 5.269793e-07
10.3           1.836991e-01 -1.997547e-07 -2.124649e-02 1.836961e-01 1.859550e-08 -2.124702e-02 3.028714e-06 -2.183502e-07 5.289436e-07
10.31          1.840912e-01 -2.044313e-07 -2.127559e-02 1.840881e-01 1.213411e-08 -2.127612e-02 3.095765e-06 -2.165654e-07 5.274073e-07
10.32          1.853590e-01 -2.011129e-07 -2.140505e-02 1.853558e-01 1.276579e-08 -2.140557e-02 3.150040e-06 -2.138786e-07 5.255704e-07
10.33          1.781855e-01 -2.250429e-07 -2.055973e-02 1.781821e-01 -1.171821e-08 -2.056024e-02 3.326766e-06 -2.133247e-07 5.162738e-07
10.34          1.867244e-01 -1.979736e-07 -2.152634e-02 1.867211e-01 1.305890e-08 -2.152686e-02 3.337344e-06 -2.110325e-07 5.254772e-07
10.35          1.829076e-01 -1.997031e-07 -2.106752e-02 1.829041e-01 9.555259e-09 -2.106804e-02 3.422962e-06 -2.092583e-07 5.198614e-07
10.36          1.845475e-01 -1.950536e-07 -2.123658e-02 1.845440e-01 1.192308e-08 -2.123710e-02 3.482863e-06 -2.069767e-07 5.178793e-07
10.37          1.860254e-01 -1.907927e-07 -2.138621e-02 1.860219e-01 1.380689e-08 -2.138673e-02 3.510289e-06 -2.045996e-07 5.240681e-07
10.38          1.880741e-01 -1.797847e-07 -2.160034e-02 1.880707e-01 2.278044e-08 -2.160088e-02 3.433694e-06 -2.025652e-07 5.422795e-07
10.39          1.781516e-01 -2.184288e-07 -2.043978e-02 1.781478e-01 -1.458133e-08 -2.044029e-02 3.744377e-06 -2.038475e-07 5.113727e-07
10.4           1.862006e-01 -1.810027e-07 -2.134060e-02 1.861969e-01 2.067710e-08 -2.134111e-02 3.680368e-06 -2.016798e-07 5.111212e-07
10.41          1.837096e-01 -1.787263e-07 -2.103211e-02 1.837060e-01 2.082987e-08 -2.103262e-02 3.644972e-06 -1.995561e-07 5.058269e-07
10.42          1.814418e-01 -1.877970e-07 -2.074902e-02 1.814381e-01 1.112995e-08 -2.074953e-02 3.662131e-06 -1.989269e-07 5.150249e-07
10.43          1.856632e-01 -1.763596e-07 -2.120701e-02 1.856596e-01 2.081133e-08 -2.120753e-02 3.657334e-06 -1.971709e-07 5.159352e-07
10.44          1.767350e-01 -2.164254e-07 -2.016328e-02 1.767311e-01 -1.872087e-08 -2.016380e-02 3.849594e-06 -1.977046e-07 5.127547e-07
10.45          1.856625e-01 -1.843631e-07 -2.115582e-02 1.856587e-01 1.180015e-08 -2.115635e-02 3.824959e-06 -1.961632e-07 5.280478e-07
10.46          1.832506e-01 -1.807652e-07 -2.085478e-02 1.832468e-01 1.466729e-08 -2.085530e-02 3.821513e-06 -1.954325e-07 5.248609e-07
10.47          1.846811e-01 -1.809651e-07 -2.099053e-02 1.846772e-01 1.293854e-08 -2.099106e-02 3.837337e-06 -1.939036e-07 5.328691e-07
10.48          1.835423e-01 -1.776295e-07 -2.083360e-02 1.835385e-01 1.577765e-08 -2.083415e-02 3.805946e-06 -1.934072e-07 5.418844e-07
10.49          1.829381e-01 -1.731102e-07 -2.073698e-02 1.829343e-01 1.887170e-08 -2.073751e-02 3.799856e-06 -1.919819e-07 5.354456e-07
10.5           1.830642e-01 -1.812747e-07 -2.072264e-02 1.830603e-01 9.546069e-09 -2.072318e-02 3.843649e-06 -1.908207e-07 5.410637e-07
10.51          1.886005e-01 -1.580048e-07 -2.131934e-02 1.885967e-01 2.966031e-08 -2.131987e-02 3.770617e-06 -1.876651e-07 5.356067e-07
10.52          1.789153e-01 -1.913028e-07 -2.019570e-02 1.789114e-01 -4.275913e-09 -2.019622e-02 3.916571e-06 -1.870269e-07 5.200614e-07
10.53          1.836595e-01 -1.727308e-07 -2.070081e-02 1.836556e-01 1.292707e-08 -2.070135e-02 3.900357e-06 -1.856579e-07 5.392562e-07
10.54          1.807218e-01 -1.733502e-07 -2.033930e-02 1.807179e-01 1.173471e-08 -2.033983e-02 3.902201e-06 -1.850849e-07 5.316555e-07
10.55          1.829674e-01 -1.745316e-07 -2.056073e-02 1.829635e-01 8.827387e-09 -2.056126e-02 3.937347e-06 -1.833590e-07 5.350840e-07
10.56          1.813552e-01 -1.727317e-07 -2.034796e-02 1.813512e-01 1.003744e-08 -2.034849e-02 3.981625e-06 -1.827691e-07 5.317401e-07
10.57          1.824457e-01 -1.665929e-07 -2.043799e-02 1.824417e-01 1.530015e-08 -2.043853e-02 4.008299e-06 -1.818930e-07 5.348212e-07
10.58          1.829511e-01 -1.578099e-07 -2.046183e-02 1.829472e-01 2.401106e-08 -2.046238e-02 3.949930e-06 -1.818209e-07 5.482423e-07
10.59          1.809180e-01 -1.681275e-07 -2.020160e-02 1.809140e-01 1.316379e-08 -2.020215e-02 3.956313e-06 -1.812913e-07 5.471261e-07
10.6           1.781593e-01 -1.811595e-07 -1.986083e-02 1.781553e-01 2.789476e-10 -1.986137e-02 4.030138e-06 -1.814384e-07 5.442614e-07
10.61          1.857721e-01 -1.501023e-07 -2.067476e-02 1.857682e-01 2.875722e-08 -2.067532e-02 3.899615e-06 -1.788596e-07 5.587708e-07
10.62          1.785169e-01 -1.651857e-07 -1.983374e-02 1.785130e-01 1.341392e-08 -1.983429e-02 3.919586e-06 -1.785996e-07 5.523673e-07
10.63          1.789832e-01 -1.611313e-07 -1.985138e-02 1.789793e-01 1.621972e-08 -1.985192e-02 3.926366e-06 -1.773510e-07 5.443851e-07
10.64          1.808980e-01 -1.663678e-07 -2.002885e-02 1.808940e-01 1.041802e-08 -2.002940e-02 3.964561e-06 -1.767858e-07 5.507474e-07
10.65          1.799805e-01 -1.601916e-07 -1.989230e-02 1.799766e-01 1.578878e-08 -1.989284e-02 3.941878e-06 -1.759804e-07 5.463703e-07
10.66          1.816296e-01 -1.577536e-07 -2.003891e-02 1.816257e-01 1.557986e-08 -2.003946e-02 3.946817e-06 -1.733334e-07 5.473950e-07
10.67          1.751137e-01 -1.832779e-07 -1.928546e-02 1.751097e-01 -9.554305e-09 -1.928600e-02 4.058175e-06 -1.737236e-07 5.367283e-07
10.68          1.818888e-01 -1.473050e-07 -1.999524e-02 1.818848e-01 2.436167e-08 -1.999579e-02 3.994727e-06 -1.716666e-07 5.516134e-07
10.69          1.759954e-01 -1.350621e-07 -1.931207e-02 1.759915e-01 3.476832e-08 -1.931264e-02 3.876938e-06 -1.698304e-07 5.689338e-07
10.7           1.855897e-01 -1.486661e-07 -2.032712e-02 1.855858e-01 2.123503e-08 -2.032771e-02 3.895228e-06 -1.699011e-07 5.819715e-07
10.71          1.807266e-01 -1.450616e-07 -1.975775e-02 1.807227e-01 2.406366e-08 -1.975833e-02 3.880903e-06 -1.691253e-07 5.813382e-07
10.72          1.780484e-01 -1.596528e-07 -1.942866e-02 1.780445e-01 9.609501e-09 -1.942924e-02 3.929637e-06 -1.692623e-07 5.836761e-07
10.73          1.787144e-01 -1.479298e-07 -1.946450e-02 1.787105e-01 2.122910e-08 -1.946511e-02 3.891813e-06 -1.691589e-07 6.043217e-07
10.74          1.745284e-01 -1.621594e-07 -1.897248e-02 1.745244e-01 8.419023e-09 -1.897308e-02 3.957510e-06 -1.705784e-07 6.038733e-07
10.75          1.783757e-01 -1.442350e-07 -1.935370e-02 1.783718e-01 2.571729e-08 -1.935433e-02 3.901222e-06 -1.699523e-07 6.266337e-07
10.76          1.708649e-01 -1.817609e-07 -1.850335e-02 1.708609e-01 -9.740635e-09 -1.850398e-02 4.032360e-06 -1.720203e-07 6.353336e-07
10.77          1.783896e-01 -1.463171e-07 -1.928112e-02 1.783856e-01 2.531538e-08 -1.928178e-02 3.955894e-06 -1.716324e-07 6.610146e-07
10.78          1.773686e-01 -1.459729e-07 -1.913409e-02 1.773647e-01 2.627035e-08 -1.913478e-02 3.837899e-06 -1.722433e-07 6.912109e-07
10.79          1.613989e-01 -1.970759e-07 -1.737794e-02 1.613949e-01 -2.013277e-08 -1.737864e-02 3.981664e-06 -1.769432e-07 6.927936e-07
10.8           1.692782e-01 -1.569319e-07 -1.819117e-02 1.692743e-01 2.033693e-08 -1.819189e-02 3.913095e-06 -1.772688e-07 7.209550e-07
10.81          1.772080e-01 -1.298593e-07 -1.900681e-02 1.772043e-01 4.547882e-08 -1.900757e-02 3.710353e-06 -1.753382e-07 7.623138e-07
10.82          1.805063e-01 -1.355566e-07 -1.932346e-02 1.805026e-01 3.965219e-08 -1.932424e-02 3.673923e-06 -1.752088e-07 7.743284e-07
10.83          1.777819e-01 -1.508541e-07 -1.899555e-02 1.777782e-01 2.431502e-08 -1.899635e-02 3.665558e-06 -1.751692e-07 7.998957e-07
10.84          1.749473e-01 -1.431865e-07 -1.865702e-02 1.749437e-01 3.248050e-08 -1.865783e-02 3.618432e-06 -1.756670e-07 8.146875e-07
10.85          1.767513e-01 -1.438290e-07 -1.881358e-02 1.767477e-01 3.126499e-08 -1.881442e-02 3.587482e-06 -1.750940e-07 8.361566e-07
10.86          1.790826e-01 -1.150347e-07 -1.902556e-02 1.790792e-01 5.825990e-08 -1.902643e-02 3.443762e-06 -1.732946e-07 8.633655e-07
10.87          1.714960e-01 -1.342354e-07 -1.818512e-02 1.714926e-01 3.979794e-08 -1.818599e-02 3.413047e-06 -1.740334e-07 8.732069e-07
10.88          1.770854e-01 -1.186706e-07 -1.874233e-02 1.770821e-01 5.440797e-08 -1.874322e-02 3.298062e-06 -1.730786e-07 8.981736e-07
10.89          1.745607e-01 -1.283518e-07 -1.844052e-02 1.745575e-01 4.497743e-08 -1.844143e-02 3.250083e-06 -1.733293e-07 9.080302e-07
10.9           1.733237e-01 -1.393947e-07 -1.827581e-02 1.733205e-01 3.435289e-08 -1.827674e-02 3.230231e-06 -1.737476e-07 9.250741e-07
10.91          1.715376e-01 -1.436559e-07 -1.805399e-02 1.715344e-01 3.169277e-08 -1.805494e-02 3.225806e-06 -1.753486e-07 9.425429e-07
10.92          1.782577e-01 -9.607805e-08 -1.872691e-02 1.782547e-01 7.619883e-08 -1.872786e-02 3.048463e-06 -1.722769e-07 9.544445e-07
10.93          1.681643e-01 -1.415161e-07 -1.763452e-02 1.681612e-01 3.250711e-08 -1.763548e-02 3.076149e-06 -1.740232e-07 9.594450e-07
10.94          1.687878e-01 -1.394711e-07 -1.766801e-02 1.687848e-01 3.658671e-08 -1.766898e-02 3.050647e-06 -1.760578e-07 9.712438e-07
10.95          1.727789e-01 -1.366897e-07 -1.805360e-02 1.727759e-01 3.986055e-08 -1.805460e-02 3.000377e-06 -1.765502e-07 9.932116e-07
10.96          1.689530e-01 -1.386362e-07 -1.762284e-02 1.689501e-01 3.981340e-08 -1.762384e-02 2.975024e-06 -1.784496e-07 9.996060e-07
10.97          1.695085e-01 -1.366092e-07 -1.765011e-02 1.695056e-01 4.271439e-08 -1.765113e-02 2.930842e-06 -1.793236e-07 1.015236e-06
10.98          1.701688e-01 -1.338723e-07 -1.768856e-02 1.701659e-01 4.561075e-08 -1.768959e-02 2.898076e-06 -1.794831e-07 1.030012e-06
10.99          1.685797e-01 -1.363194e-07 -1.749405e-02 1.685768e-01 4.487282e-08 -1.749510e-02 2.858801e-06 -1.811923e-07 1.042674e-06
11             1.703857e-01 -1.188700e-07 -1.765238e-02 1.703830e-01 6.121247e-08 -1.765345e-02 2.710982e-06 -1.800825e-07 1.070010e-06
11.01          1.695665e-01 -1.457399e-07 -1.753907e-02 1.695638e-01 3.730300e-08 -1.754015e-02 2.728461e-06 -1.830429e-07 1.075948e-06
11.02          1.666252e-01 -1.368065e-07 -1.720746e-02 1.666225e-01 4.794383e-08 -1.720856e-02 2.675696e-06 -1.847503e-07 1.096421e-06
11.03          1.673026e-01 -1.410125e-07 -1.725050e-02 1.673000e-01 4.579111e-08 -1.725163e-02 2.625314e-06 -1.868037e-07 1.125570e-06
11.04          1.698440e-01 -1.089879e-07 -1.748585e-02 1.698415e-01 7.711862e-08 -1.748700e-02 2.487596e-06 -1.861065e-07 1.150687e-06
11.05          1.633862e-01 -1.372138e-07 -1.679594e-02 1.633838e-01 5.197959e-08 -1.679711e-02 2.456729e-06 -1.891934e-07 1.172342e-06
11.06          1.647507e-01 -1.442106e-07 -1.691149e-02 1.647483e-01 4.762180e-08 -1.691270e-02 2.421855e-06 -1.918324e-07 1.205674e-06
11.07          1.618209e-01 -1.505720e-07 -1.658730e-02 1.618185e-01 4.556966e-08 -1.658854e-02 2.379162e-06 -1.961416e-07 1.236955e-06
11.08          1.614760e-01 -1.476422e-07 -1.652910e-02 1.614736e-01 5.150086e-08 -1.653036e-02 2.352225e-06 -1.991431e-07 1.259025e-06
11.09          1.629938e-01 -1.484698e-07 -1.666230e-02 1.629915e-01 5.348646e-08 -1.666360e-02 2.289159e-06 -2.019563e-07 1.298409e-06
11.1           1.594271e-01 -1.664054e-07 -1.627671e-02 1.594249e-01 4.003605e-08 -1.627805e-02 2.260929e-06 -2.064415e-07 1.341152e-06
11.11          1.636999e-01 -1.576547e-07 -1.669217e-02 1.636977e-01 5.208205e-08 -1.669355e-02 2.200564e-06 -2.097368e-07 1.378272e-06
11.12          1.626953e-01 -1.563071e-07 -1.657002e-02 1.626932e-01 5.666968e-08 -1.657144e-02 2.153515e-06 -2.129768e-07 1.411131e-06
11.13          1.567630e-01 -1.557249e-07 -1.594773e-02 1.567609e-01 6.049674e-08 -1.594918e-02 2.097208e-06 -2.162216e-07 1.449707e-06
11.14          1.581457e-01 -1.561003e-07 -1.607089e-02 1.581436e-01 6.241832e-08 -1.607238e-02 2.038998e-06 -2.185186e-07 1.489223e-06
11.15          1.593359e-01 -1.510959e-07 -1.617522e-02 1.593340e-01 6.970448e-08 -1.617674e-02 1.973017e-06 -2.208004e-07 1.522536e-06
11.16          1.560506e-01 -1.566974e-07 -1.582634e-02 1.560486e-01 6.654141e-08 -1.582790e-02 1.930723e-06 -2.232388e-07 1.555734e-06
11.17          1.564314e-01 -1.568862e-07 -1.585044e-02 1.564295e-01 6.831907e-08 -1.585203e-02 1.887943e-06 -2.252052e-07 1.590579e-06
11.18          1.560974e-01 -1.570144e-07 -1.580303e-02 1.560955e-01 6.941485e-08 -1.580465e-02 1.843909e-06 -2.264293e-07 1.621380e-06
11.19          1.570891e-01 -1.606516e-07 -1.589081e-02 1.570873e-01 6.767874e-08 -1.589247e-02 1.812219e-06 -2.283303e-07 1.661245e-06
11.2           1.574881e-01 -1.559469e-07 -1.591946e-02 1.574863e-01 7.348021e-08 -1.592115e-02 1.779079e-06 -2.294271e-07 1.693330e-06
11.21          1.557617e-01 -1.674243e-07 -1.573430e-02 1.557599e-01 6.268349e-08 -1.573603e-02 1.767020e-06 -2.301078e-07 1.732141e-06
11.22          1.576942e-01 -1.579175e-07 -1.591976e-02 1.576924e-01 7.278949e-08 -1.592155e-02 1.750468e-06 -2.307070e-07 1.784382e-06
11.23          1.581315e-01 -1.521165e-07 -1.595543e-02 1.581298e-01 7.870574e-08 -1.595723e-02 1.722311e-06 -2.308223e-07 1.804542e-06
11.24          1.569578e-01 -1.496346e-07 -1.582947e-02 1.569560e-01 8.002473e-08 -1.583129e-02 1.702314e-06 -2.296593e-07 1.822522e-06
11.25          1.582821e-01 -1.504135e-07 -1.595649e-02 1.582804e-01 7.801005e-08 -1.595834e-02 1.699285e-06 -2.284235e-07 1.843199e-06
11.26          1.603292e-01 -1.307212e-07 -1.615744e-02 1.603275e-01 9.435289e-08 -1.615928e-02 1.676214e-06 -2.250741e-07 1.843446e-06
11.27          1.541853e-01 -1.382671e-07 -1.553411e-02 1.541837e-01 8.344635e-08 -1.553595e-02 1.678996e-06 -2.217134e-07 1.847521e-06
11.28          1.609848e-01 -1.256284e-07 -1.621592e-02 1.609831e-01 9.297622e-08 -1.621776e-02 1.698934e-06 -2.186047e-07 1.838576e-06
11.29          1.557730e-01 -1.236808e-07 -1.568898e-02 1.557712e-01 9.024908e-08 -1.569081e-02 1.711012e-06 -2.139299e-07 1.827337e-06
11.3           1.568939e-01 -1.218383e-07 -1.580099e-02 1.568921e-01 8.732604e-08 -1.580281e-02 1.741306e-06 -2.091644e-07 1.813589e-06
11.31          1.568553e-01 -1.124675e-07 -1.579745e-02 1.568536e-01 9.121289e-08 -1.579923e-02 1.772418e-06 -2.036804e-07 1.785172e-06
11.32          1.548447e-01 -1.084129e-07 -1.559643e-02 1.548429e-01 8.939665e-08 -1.559819e-02 1.811139e-06 -1.978096e-07 1.751180e-06
11.33          1.547484e-01 -1.004960e-07 -1.558944e-02 1.547465e-01 9.099091e-08 -1.559114e-02 1.837743e-06 -1.914870e-07 1.707890e-06
11.34          1.504467e-01 -1.007772e-07 -1.515988e-02 1.504449e-01 8.409905e-08 -1.516156e-02 1.820391e-06 -1.848763e-07 1.676914e-06
11.35          1.543179e-01 -8.858768e-08 -1.555514e-02 1.543160e-01 9.021260e-08 -1.555675e-02 1.869044e-06 -1.788003e-07 1.612470e-06
11.36          1.521352e-01 -7.940721e-08 -1.534134e-02 1.521332e-01 9.188467e-08 -1.534289e-02 1.910645e-06 -1.712919e-07 1.554629e-06
11.37          1.545502e-01 -7.560570e-08 -1.559235e-02 1.545482e-01 8.848909e-08 -1.559384e-02 1.978691e-06 -1.640948e-07 1.491762e-06
11.38          1.536063e-01 -7.287072e-08 -1.550592e-02 1.536043e-01 8.405492e-08 -1.550734e-02 2.033522e-06 -1.569256e-07 1.428105e-06
11.39          1.530680e-01 -6.094158e-08 -1.546156e-02 1.530659e-01 8.775473e-08 -1.546292e-02 2.082709e-06 -1.486963e-07 1.355661e-06
11.4           1.567377e-01 -5.487770e-08 -1.584369e-02 1.567355e-01 8.536229e-08 -1.584496e-02 2.245146e-06 -1.402400e-07 1.269239e-06
11.41          1.533411e-01 -4.919529e-08 -1.551297e-02 1.533388e-01 8.226883e-08 -1.551416e-02 2.303010e-06 -1.314641e-07 1.188230e-06
11.42          1.515153e-01 -4.032854e-08 -1.534191e-02 1.515129e-01 8.245660e-08 -1.534302e-02 2.334599e-06 -1.227851e-07 1.112462e-06
11.43          1.532711e-01 -3.942577e-08 -1.553487e-02 1.532687e-01 7.545341e-08 -1.553591e-02 2.404484e-06 -1.148792e-07 1.032140e-06
11.44          1.519838e-01 -3.754180e-08 -1.542084e-02 1.519814e-01 6.970156e-08 -1.542179e-02 2.471329e-06 -1.072434e-07 9.529563e-07
11.45          1.529824e-01 -2.412187e-08 -1.553980e-02 1.529798e-01 7.403756e-08 -1.554067e-02 2.544790e-06 -9.815943e-08 8.688047e-07
11.46          1.527216e-01 -2.715871e-08 -1.553268e-02 1.527189e-01 6.387869e-08 -1.553347e-02 2.649411e-06 -9.103740e-08 7.846993e-07
11.47          1.543159e-01 -1.728116e-08 -1.571538e-02 1.543131e-01 6.543031e-08 -1.571607e-02 2.768212e-06 -8.271147e-08 6.840600e-07
11.48          1.563149e-01 -1.185652e-08 -1.594115e-02 1.563119e-01 6.208158e-08 -1.594175e-02 2.936570e-06 -7.393810e-08 5.941924e-07
11.49          1.501224e-01 -5.251185e-09 -1.533250e-02 1.501194e-01 6.063931e-08 -1.533303e-02 2.971276e-06 -6.589050e-08 5.299628e-07
11.5           1.537977e-01 5.209369e-11 -1.573248e-02 1.537947e-01 5.863311e-08 -1.573293e-02 3.051216e-06 -5.858101e-08 4.523272e-07
11.51          1.529857e-01 6.116256e-09 -1.567551e-02 1.529826e-01 5.659325e-08 -1.567587e-02 3.150609e-06 -5.047700e-08 3.612103e-07
11.52          1.526855e-01 1.120181e-08 -1.567206e-02 1.526822e-01 5.357755e-08 -1.567233e-02 3.274475e-06 -4.237575e-08 2.782728e-07
11.53          1.522183e-01 1.823605e-08 -1.565265e-02 1.522150e-01 5.319220e-08 -1.565285e-02 3.364388e-06 -3.495615e-08 2.047009e-07
11.54          1.527191e-01 2.563098e-08 -1.573419e-02 1.527156e-01 5.338455e-08 -1.573432e-02 3.459265e-06 -2.775356e-08 1.328774e-07
11.55          1.483437e-01 2.884733e-08 -1.531408e-02 1.483402e-01 5.030914e-08 -1.531415e-02 3.495699e-06 -2.146181e-08 6.834267e-08
11.56          1.506309e-01 2.902568e-08 -1.558253e-02 1.506273e-01 4.516460e-08 -1.558254e-02 3.583515e-06 -1.613891e-08 7.481727e-09
11.57          1.484941e-01 3.208162e-08 -1.539477e-02 1.484904e-01 4.360055e-08 -1.539473e-02 3.620856e-06 -1.151893e-08 -3.380346e-08
11.58          1.504977e-01 4.330352e-08 -1.563744e-02 1.504940e-01 4.767011e-08 -1.563734e-02 3.694130e-06 -4.366591e-09 -1.053334e-07
11.59          1.491201e-01 4.227676e-08 -1.553059e-02 1.491164e-01 4.229048e-08 -1.553043e-02 3.748956e-06 -1.371591e-11 -1.519798e-07
11.6           1.511638e-01 4.787267e-08 -1.578142e-02 1.511599e-01 4.317726e-08 -1.578120e-02 3.845585e-06 4.695411e-09 -2.150497e-07
11.61          1.479120e-01 5.469738e-08 -1.548059e-02 1.479082e-01 4.525279e-08 -1.548032e-02 3.884444e-06 9.444596e-09 -2.704738e-07
11.62          1.508822e-01 5.920418e-08 -1.583205e-02 1.508782e-01 4.486244e-08 -1.583172e-02 4.011177e-06 1.434174e-08 -3.336839e-07
11.63          1.478952e-01 6.641245e-08 -1.555982e-02 1.478911e-01 4.684266e-08 -1.555945e-02 4.061066e-06 1.956979e-08 -3.695495e-07
11.64          1.554915e-01 7.433801e-08 -1.640353e-02 1.554872e-01 4.943362e-08 -1.640309e-02 4.288423e-06 2.490439e-08 -4.420478e-07
11.65          1.483227e-01 7.288024e-08 -1.569147e-02 1.483184e-01 4.543428e-08 -1.569100e-02 4.295964e-06 2.744595e-08 -4.689044e-07
11.66          1.490120e-01 7.890317e-08 -1.580978e-02 1.490077e-01 4.874628e-08 -1.580929e-02 4.323002e-06 3.015689e-08 -4.941725e-07
11.67          1.553876e-01 8.216740e-08 -1.653496e-02 1.553831e-01 4.892337e-08 -1.653442e-02 4.482636e-06 3.324403e-08 -5.448572e-07
11.68          1.498642e-01 8.651812e-08 -1.599595e-02 1.498596e-01 5.064422e-08 -1.599536e-02 4.536838e-06 3.587390e-08 -5.857647e-07
11.69          1.425871e-01 8.208456e-08 -1.526690e-02 1.425827e-01 4.742962e-08 -1.526631e-02 4.413967e-06 3.465495e-08 -5.907226e-07
11.7           1.440190e-01 8.399612e-08 -1.546918e-02 1.440147e-01 4.972860e-08 -1.546858e-02 4.321515e-06 3.426752e-08 -5.987119e-07
11.71          1.507410e-01 9.100642e-08 -1.624373e-02 1.507365e-01 5.316591e-08 -1.624306e-02 4.525735e-06 3.784052e-08 -6.739102e-07
11.72          1.448691e-01 9.121307e-08 -1.566286e-02 1.448646e-01 5.209769e-08 -1.566217e-02 4.557211e-06 3.911538e-08 -6.883350e-07
11.73          1.563053e-01 1.007888e-07 -1.695601e-02 1.563004e-01 5.775394e-08 -1.695526e-02 4.842854e-06 4.303485e-08 -7.562590e-07
11.74          1.381327e-01 9.075019e-08 -1.503701e-02 1.381280e-01 5.050972e-08 -1.503627e-02 4.634136e-06 4.024047e-08 -7.405795e-07
11.75          1.497421e-01 9.377981e-08 -1.635758e-02 1.497374e-01 5.310511e-08 -1.635680e-02 4.715569e-06 4.067470e-08 -7.707731e-07
11.76          1.479646e-01 1.009819e-07 -1.622118e-02 1.479598e-01 5.904143e-08 -1.622037e-02 4.782125e-06 4.194043e-08 -8.073844e-07
11.77          1.518643e-01 9.920247e-08 -1.670906e-02 1.518594e-01 5.618715e-08 -1.670822e-02 4.922180e-06 4.301532e-08 -8.417458e-07
11.78          1.460207e-01 9.722405e-08 -1.612553e-02 1.460159e-01 5.599004e-08 -1.612469e-02 4.869136e-06 4.123402e-08 -8.330656e-07
11.79          1.515664e-01 1.013294e-07 -1.680051e-02 1.515614e-01 5.996530e-08 -1.679965e-02 4.940080e-06 4.136411e-08 -8.632416e-07
11.8           1.427486e-01 1.001094e-07 -1.588354e-02 1.427437e-01 5.967411e-08 -1.588267e-02 4.868473e-06 4.043531e-08 -8.676590e-07
11.81          1.543283e-01 1.003939e-07 -1.723768e-02 1.543232e-01 5.918118e-08 -1.723678e-02 5.019448e-06 4.121276e-08 -9.014765e-07
11.82          1.380823e-01 9.258354e-08 -1.548391e-02 1.380776e-01 5.547100e-08 -1.548303e-02 4.769187e-06 3.711254e-08 -8.752054e-07
11.83          1.582313e-01 9.925247e-08 -1.781243e-02 1.582263e-01 6.082429e-08 -1.781151e-02 4.989776e-06 3.842818e-08 -9.205671e-07
11.84          1.495327e-01 1.012766e-07 -1.690070e-02 1.495276e-01 6.249796e-08 -1.689976e-02 5.023793e-06 3.877862e-08 -9.426176e-07
11.85          1.543657e-01 1.004839e-07 -1.751705e-02 1.543606e-01 6.124125e-08 -1.751608e-02 5.155153e-06 3.924261e-08 -9.696529e-07
11.86          1.407483e-01 9.266005e-08 -1.603717e-02 1.407433e-01 5.647557e-08 -1.603622e-02 4.960966e-06 3.618448e-08 -9.491029e-07
11.87          1.527505e-01 1.000071e-07 -1.747547e-02 1.527454e-01 6.264723e-08 -1.747449e-02 5.107540e-06 3.735984e-08 -9.854807e-07
11.88          1.448519e-01 9.989843e-08 -1.664060e-02 1.448468e-01 6.262799e-08 -1.663961e-02 5.067299e-06 3.727044e-08 -9.931098e-07
11.89          1.493821e-01 9.642061e-08 -1.723248e-02 1.493770e-01 5.968072e-08 -1.723146e-02 5.113265e-06 3.673989e-08 -1.017250e-06
11.9           1.494869e-01 1.014798e-07 -1.731676e-02 1.494818e-01 6.413864e-08 -1.731573e-02 5.177805e-06 3.734115e-08 -1.031254e-06
11.91          1.561520e-01 1.043336e-07 -1.816484e-02 1.561466e-01 6.479254e-08 -1.816378e-02 5.356508e-06 3.954103e-08 -1.060437e-06
11.92          1.443058e-01 9.537108e-08 -1.685853e-02 1.443006e-01 5.826038e-08 -1.685750e-02 5.188924e-06 3.711070e-08 -1.031912e-06
11.93          1.501502e-01 9.481980e-08 -1.761596e-02 1.501451e-01 5.941544e-08 -1.761493e-02 5.140868e-06 3.540436e-08 -1.022488e-06
11.94          1.495996e-01 9.790553e-08 -1.762669e-02 1.495944e-01 6.276403e-08 -1.762565e-02 5.179182e-06 3.514150e-08 -1.038433e-06
11.95          1.504608e-01 9.825028e-08 -1.780435e-02 1.504555e-01 6.325915e-08 -1.780330e-02 5.210581e-06 3.499112e-08 -1.051404e-06
11.96          1.506907e-01 9.856497e-08 -1.790853e-02 1.506854e-01 6.340484e-08 -1.790746e-02 5.243051e-06 3.516013e-08 -1.070144e-06
11.97          1.475384e-01 9.769339e-08 -1.760980e-02 1.475332e-01 6.381721e-08 -1.760875e-02 5.200176e-06 3.387618e-08 -1.052496e-06
11.98          1.532270e-01 9.887337e-08 -1.836790e-02 1.532217e-01 6.529496e-08 -1.836683e-02 5.251730e-06 3.357842e-08 -1.072381e-06
11.99          1.383634e-01 8.699730e-08 -1.665886e-02 1.383585e-01 5.669284e-08 -1.665786e-02 4.891179e-06 3.030446e-08 -1.000504e-06
12             1.510832e-01 9.156000e-08 -1.826869e-02 1.510783e-01 6.228956e-08 -1.826769e-02 4.913983e-06 2.927044e-08 -1.002220e-06
12.01          1.514388e-01 9.760708e-08 -1.839138e-02 1.514338e-01 6.815006e-08 -1.839036e-02 4.988700e-06 2.945702e-08 -1.022174e-06
12.02          1.518480e-01 9.508787e-08 -1.852124e-02 1.518430e-01 6.707813e-08 -1.852023e-02 4.960335e-06 2.800974e-08 -1.008108e-06
12.03          1.603218e-01 1.002192e-07 -1.963946e-02 1.603166e-01 7.014227e-08 -1.963841e-02 5.197448e-06 3.007692e-08 -1.054769e-06
12.04          1.351300e-01 8.674914e-08 -1.662637e-02 1.351252e-01 6.110528e-08 -1.662539e-02 4.842087e-06 2.564385e-08 -9.852140e-07
12.05          1.485083e-01 9.246031e-08 -1.835093e-02 1.485035e-01 6.872025e-08 -1.834996e-02 4.798246e-06 2.374006e-08 -9.664386e-07
12.06          1.528570e-01 9.396951e-08 -1.896982e-02 1.528522e-01 7.121113e-08 -1.896886e-02 4.829424e-06 2.275839e-08 -9.638234e-07
12.07          1.679617e-01 9.891149e-08 -2.093369e-02 1.679565e-01 7.210475e-08 -2.093266e-02 5.218005e-06 2.680674e-08 -1.028369e-06
12.08          1.688584e-01 1.075667e-07 -2.113617e-02 1.688530e-01 7.808175e-08 -2.113510e-02 5.450644e-06 2.948495e-08 -1.071435e-06
12.09          1.607373e-01 1.029053e-07 -2.020628e-02 1.607318e-01 7.283921e-08 -2.020521e-02 5.448076e-06 3.006606e-08 -1.072057e-06
12.1           1.471109e-01 9.216233e-08 -1.857285e-02 1.471057e-01 6.570576e-08 -1.857185e-02 5.140729e-06 2.645656e-08 -1.007065e-06
12.11          1.580584e-01 9.996333e-08 -2.003926e-02 1.580531e-01 7.229556e-08 -2.003822e-02 5.339865e-06 2.766777e-08 -1.039312e-06
12.12          1.519071e-01 9.324449e-08 -1.934164e-02 1.519020e-01 6.858275e-08 -1.934065e-02 5.031209e-06 2.466174e-08 -9.825577e-07
12.13          1.546188e-01 9.145478e-08 -1.976993e-02 1.546139e-01 6.912496e-08 -1.976896e-02 4.905411e-06 2.232983e-08 -9.673183e-07
12.14          1.524511e-01 9.158152e-08 -1.957441e-02 1.524463e-01 7.035625e-08 -1.957349e-02 4.788810e-06 2.122527e-08 -9.249643e-07
12.15          1.526122e-01 9.090108e-08 -1.967673e-02 1.526075e-01 7.155130e-08 -1.967583e-02 4.669854e-06 1.934978e-08 -8.975145e-07
12.16          1.526766e-01 8.797476e-08 -1.976639e-02 1.526721e-01 7.119122e-08 -1.976554e-02 4.497370e-06 1.678354e-08 -8.528154e-07
12.17          1.550310e-01 8.746943e-08 -2.015332e-02 1.550265e-01 7.236735e-08 -2.015249e-02 4.419853e-06 1.510208e-08 -8.282512e-07
12.18          1.571795e-01 8.533278e-08 -2.051557e-02 1.571751e-01 7.214194e-08 -2.051476e-02 4.357974e-06 1.319084e-08 -8.055352e-07
12.19          1.553180e-01 8.339151e-08 -2.035414e-02 1.553138e-01 7.256518e-08 -2.035337e-02 4.239691e-06 1.082633e-08 -7.692055e-07
12.2           1.658781e-01 9.055642e-08 -2.182424e-02 1.658737e-01 7.941998e-08 -2.182345e-02 4.354963e-06 1.113644e-08 -7.875107e-07
12.21          1.720591e-01 9.235263e-08 -2.272643e-02 1.720546e-01 7.873403e-08 -2.272561e-02 4.546716e-06 1.361859e-08 -8.296363e-07
12.22          1.705315e-01 9.482885e-08 -2.261249e-02 1.705269e-01 8.006444e-08 -2.261165e-02 4.624130e-06 1.476441e-08 -8.444947e-07
12.23          1.444406e-01 7.953355e-08 -1.922748e-02 1.444365e-01 7.169771e-08 -1.922674e-02 4.086621e-06 7.835836e-09 -7.364035e-07
12.24          1.620863e-01 8.564206e-08 -2.165727e-02 1.620823e-01 7.960624e-08 -2.165655e-02 4.030388e-06 6.035824e-09 -7.143078e-07
12.25          1.603328e-01 8.007713e-08 -2.150317e-02 1.603289e-01 7.513231e-08 -2.150249e-02 3.930520e-06 4.944821e-09 -6.852235e-07
12.26          1.595477e-01 7.752056e-08 -2.147666e-02 1.595438e-01 7.402262e-08 -2.147599e-02 3.861553e-06 3.497947e-09 -6.633490e-07
12.27          1.592661e-01 7.936851e-08 -2.151639e-02 1.592623e-01 7.722470e-08 -2.151574e-02 3.777901e-06 2.143809e-09 -6.509923e-07
12.28          1.649111e-01 8.132896e-08 -2.235839e-02 1.649073e-01 7.907251e-08 -2.235773e-02 3.783917e-06 2.256458e-09 -6.576555e-07
12.29          1.615376e-01 7.683116e-08 -2.197803e-02 1.615339e-01 7.554512e-08 -2.197739e-02 3.695549e-06 1.286039e-09 -6.311939e-07
12.3           1.622478e-01 7.933521e-08 -2.215060e-02 1.622441e-01 7.882164e-08 -2.214998e-02 3.617803e-06 5.135762e-10 -6.202972e-07
12.31          1.592554e-01 7.519061e-08 -2.181571e-02 1.592519e-01 7.640768e-08 -2.181512e-02 3.474411e-06 -1.217070e-09 -5.848077e-07
12.32          1.544291e-01 6.914497e-08 -2.122488e-02 1.544259e-01 7.390591e-08 -2.122437e-02 3.208660e-06 -4.760947e-09 -5.128736e-07
12.33          1.670249e-01 7.279069e-08 -2.303046e-02 1.670217e-01 7.895878e-08 -2.302994e-02 3.202701e-06 -6.168083e-09 -5.199173e-07
12.34          1.670147e-01 7.130319e-08 -2.310237e-02 1.670115e-01 7.794081e-08 -2.310186e-02 3.168122e-06 -6.637614e-09 -5.082291e-07
12.35          1.641387e-01 7.381169e-08 -2.277535e-02 1.641356e-01 8.137996e-08 -2.277485e-02 3.109762e-06 -7.568278e-09 -4.918611e-07
12.36          1.591961e-01 6.715745e-08 -2.215688e-02 1.591932e-01 7.728358e-08 -2.215643e-02 2.887601e-06 -1.012614e-08 -4.443874e-07
12.37          1.734171e-01 7.048788e-08 -2.420731e-02 1.734142e-01 8.039390e-08 -2.420687e-02 2.912913e-06 -9.906020e-09 -4.425010e-07
12.38          1.725450e-01 7.357193e-08 -2.415532e-02 1.725421e-01 8.231928e-08 -2.415486e-02 2.941397e-06 -8.747349e-09 -4.607198e-07
12.39          1.525358e-01 5.955171e-08 -2.141477e-02 1.525332e-01 7.054928e-08 -2.141439e-02 2.570119e-06 -1.099757e-08 -3.760495e-07
12.4           1.722830e-01 7.158949e-08 -2.425255e-02 1.722804e-01 8.095268e-08 -2.425216e-02 2.666340e-06 -9.363184e-09 -3.930387e-07
12.41          1.687294e-01 6.883971e-08 -2.381563e-02 1.687269e-01 7.851845e-08 -2.381527e-02 2.523849e-06 -9.678741e-09 -3.597345e-07
12.42          1.706292e-01 6.982354e-08 -2.414580e-02 1.706268e-01 7.946534e-08 -2.414546e-02 2.436538e-06 -9.641803e-09 -3.303676e-07
12.43          1.654318e-01 6.788405e-08 -2.346877e-02 1.654296e-01 7.812056e-08 -2.346847e-02 2.282505e-06 -1.023651e-08 -2.914326e-07
12.44          1.740302e-01 7.095386e-08 -2.474775e-02 1.740280e-01 8.065161e-08 -2.474748e-02 2.251357e-06 -9.697759e-09 -2.742376e-07
12.45          1.759444e-01 7.167500e-08 -2.507803e-02 1.759422e-01 8.059490e-08 -2.507776e-02 2.203404e-06 -8.919897e-09 -2.612924e-07
12.46          1.746659e-01 7.296730e-08 -2.495142e-02 1.746637e-01 8.124877e-08 -2.495117e-02 2.118613e-06 -8.281469e-09 -2.417479e-07
12.47          1.733958e-01 7.428245e-08 -2.482312e-02 1.733938e-01 8.219975e-08 -2.482290e-02 2.031668e-06 -7.917304e-09 -2.235010e-07
12.48          1.770149e-01 7.550763e-08 -2.539312e-02 1.770129e-01 8.261815e-08 -2.539292e-02 1.953569e-06 -7.110515e-09 -1.974686e-07
12.49          1.766160e-01 7.644684e-08 -2.538550e-02 1.766141e-01 8.316075e-08 -2.538533e-02 1.869624e-06 -6.713908e-09 -1.754617e-07
12.5           1.803590e-01 7.910521e-08 -2.597169e-02 1.803571e-01 8.483946e-08 -2.597152e-02 1.832188e-06 -5.734250e-09 -1.691302e-07
12.51          1.841851e-01 8.041643e-08 -2.656928e-02 1.841832e-01 8.419114e-08 -2.656910e-02 1.861213e-06 -3.774710e-09 -1.783917e-07
12.52          1.770572e-01 8.009987e-08 -2.558377e-02 1.770555e-01 8.329134e-08 -2.558363e-02 1.729138e-06 -3.191469e-09 -1.398301e-07
12.53          1.913649e-01 9.008442e-08 -2.769419e-02 1.913631e-01 9.108868e-08 -2.769403e-02 1.811600e-06 -1.004260e-09 -1.627554e-07
12.54          1.678117e-01 7.919311e-08 -2.432198e-02 1.678102e-01 8.096258e-08 -2.432194e-02 1.456530e-06 -1.769473e-09 -3.465767e-08
12.55          1.763707e-01 8.072181e-08 -2.559721e-02 1.763694e-01 8.260413e-08 -2.559724e-02 1.337497e-06 -1.882317e-09 2.260884e-08
12.56          1.788283e-01 8.451584e-08 -2.598653e-02 1.788271e-01 8.568301e-08 -2.598662e-02 1.236207e-06 -1.167161e-09 9.485127e-08
12.57          1.704886e-01 7.848367e-08 -2.480397e-02 1.704876e-01 8.002511e-08 -2.480415e-02 1.054780e-06 -1.541438e-09 1.770875e-07
12.58          1.866962e-01 8.483491e-08 -2.719039e-02 1.866951e-01 8.531224e-08 -2.719057e-02 1.063978e-06 -4.773257e-10 1.836088e-07
12.59          1.806156e-01 8.351278e-08 -2.633011e-02 1.806147e-01 8.389819e-08 -2.633034e-02 9.723969e-07 -3.854085e-10 2.249072e-07
12.6           1.935723e-01 8.603421e-08 -2.824262e-02 1.935712e-01 8.471992e-08 -2.824282e-02 1.069720e-06 1.314292e-09 1.995164e-07
12.61          1.869009e-01 8.628718e-08 -2.728982e-02 1.868999e-01 8.408222e-08 -2.729007e-02 9.903505e-07 2.204966e-09 2.460877e-07
12.62          1.847360e-01 8.624628e-08 -2.699107e-02 1.847352e-01 8.334648e-08 -2.699139e-02 8.840493e-07 2.899802e-09 3.159586e-07
12.63          1.858681e-01 8.688742e-08 -2.717098e-02 1.858672e-01 8.288017e-08 -2.717133e-02 8.125943e-07 4.007251e-09 3.491256e-07
12.64          1.847671e-01 8.608641e-08 -2.702167e-02 1.847663e-01 8.125596e-08 -2.702206e-02 7.421395e-07 4.830449e-09 3.900282e-07
12.65          1.851776e-01 8.837533e-08 -2.709015e-02 1.851770e-01 8.367792e-08 -2.709063e-02 6.266226e-07 4.697414e-09 4.755398e-07
12.66          1.901040e-01 8.952231e-08 -2.781661e-02 1.901035e-01 8.400213e-08 -2.781714e-02 5.526805e-07 5.520174e-09 5.346091e-07
12.67          1.880009e-01 8.990686e-08 -2.751145e-02 1.880004e-01 8.357602e-08 -2.751205e-02 4.831810e-07 6.330849e-09 5.986252e-07
12.68          1.889067e-01 9.094499e-08 -2.764342e-02 1.889062e-01 8.368321e-08 -2.764408e-02 4.164384e-07 7.261781e-09 6.617528e-07
12.69          1.986550e-01 9.286115e-08 -2.906579e-02 1.986546e-01 8.352247e-08 -2.906646e-02 4.243897e-07 9.338679e-09 6.686473e-07
12.7           1.905955e-01 9.194549e-08 -2.787994e-02 1.905952e-01 8.139185e-08 -2.788066e-02 3.807216e-07 1.055364e-08 7.200658e-07
12.71          1.890930e-01 9.365160e-08 -2.765017e-02 1.890926e-01 8.222202e-08 -2.765095e-02 3.466922e-07 1.142958e-08 7.748546e-07
12.72          1.959647e-01 9.519623e-08 -2.864110e-02 1.959644e-01 8.207350e-08 -2.864191e-02 3.338526e-07 1.312273e-08 8.016968e-07
12.73          1.873390e-01 9.360272e-08 -2.736427e-02 1.873387e-01 7.951561e-08 -2.736513e-02 3.292426e-07 1.408711e-08 8.623506e-07
12.74          1.896283e-01 9.592157e-08 -2.767883e-02 1.896279e-01 8.116063e-08 -2.767976e-02 3.408714e-07 1.476094e-08 9.251178e-07
12.75          1.863011e-01 9.745941e-08 -2.717093e-02 1.863007e-01 8.228954e-08 -2.717191e-02 3.840787e-07 1.516987e-08 9.804525e-07
12.76          1.920806e-01 9.835460e-08 -2.798724e-02 1.920802e-01 8.245017e-08 -2.798825e-02 3.995362e-07 1.590442e-08 1.013075e-06
12.77          1.928597e-01 9.825731e-08 -2.807085e-02 1.928593e-01 8.136140e-08 -2.807188e-02 4.191873e-07 1.689591e-08 1.033897e-06
12.78          1.882610e-01 1.002559e-07 -2.736918e-02 1.882605e-01 8.315814e-08 -2.737023e-02 5.036269e-07 1.709774e-08 1.058043e-06
12.79          1.941292e-01 1.016834e-07 -2.818540e-02 1.941287e-01 8.321602e-08 -2.818645e-02 5.241844e-07 1.846737e-08 1.055150e-06
12.8           1.899570e-01 1.018989e-07 -2.754035e-02 1.899563e-01 8.311188e-08 -2.754142e-02 6.240107e-07 1.878699e-08 1.073075e-06
12.81          1.934156e-01 1.023048e-07 -2.799833e-02 1.934150e-01 8.225371e-08 -2.799940e-02 6.508830e-07 2.005112e-08 1.067733e-06
12.82          1.851414e-01 1.022520e-07 -2.675591e-02 1.851406e-01 8.203887e-08 -2.675700e-02 8.277247e-07 2.021314e-08 1.086956e-06
12.83          1.948891e-01 1.033414e-07 -2.811389e-02 1.948883e-01 8.283739e-08 -2.811500e-02 8.544013e-07 2.050403e-08 1.108345e-06
12.84          1.997086e-01 1.029247e-07 -2.875374e-02 1.997078e-01 8.211263e-08 -2.875484e-02 8.676161e-07 2.081202e-08 1.098634e-06
12.85          1.830688e-01 9.821556e-08 -2.630446e-02 1.830677e-01 7.729690e-08 -2.630558e-02 1.129806e-06 2.091867e-08 1.114809e-06
12.86          1.964493e-01 1.029495e-07 -2.816567e-02 1.964481e-01 8.226878e-08 -2.816678e-02 1.178720e-06 2.068069e-08 1.110267e-06
12.87          2.040679e-01 1.049737e-07 -2.919085e-02 2.040667e-01 8.476974e-08 -2.919195e-02 1.222685e-06 2.020400e-08 1.095286e-06
12.88          1.979024e-01 1.043678e-07 -2.824065e-02 1.979011e-01 8.456321e-08 -2.824172e-02 1.361865e-06 1.980462e-08 1.074616e-06
12.89          2.017905e-01 1.030544e-07 -2.872222e-02 2.017890e-01 8.443259e-08 -2.872329e-02 1.490754e-06 1.862185e-08 1.067510e-06
12.9           1.973085e-01 1.023316e-07 -2.800952e-02 1.973068e-01 8.459730e-08 -2.801058e-02 1.707536e-06 1.773431e-08 1.053331e-06
12.91          2.021994e-01 1.027612e-07 -2.862376e-02 2.021975e-01 8.625419e-08 -2.862480e-02 1.888631e-06 1.650704e-08 1.033284e-06
12.92          1.997865e-01 1.013850e-07 -2.819978e-02 1.997845e-01 8.539822e-08 -2.820079e-02 2.060270e-06 1.598680e-08 1.007704e-06
12.93          1.987157e-01 1.028634e-07 -2.796333e-02 1.987135e-01 8.769427e-08 -2.796430e-02 2.254591e-06 1.516914e-08 9.746753e-07
12.94          2.072251e-01 1.041618e-07 -2.906817e-02 2.072227e-01 9.002196e-08 -2.906911e-02 2.363420e-06 1.413987e-08 9.378480e-07
12.95          2.087830e-01 1.036710e-07 -2.918999e-02 2.087806e-01 8.927989e-08 -2.919092e-02 2.374210e-06 1.439110e-08 9.304153e-07
12.96          2.217825e-01 1.064692e-07 -3.090088e-02 2.217801e-01 9.390862e-08 -3.090178e-02 2.352214e-06 1.256057e-08 9.009733e-07
12.97          2.082985e-01 1.029642e-07 -2.891941e-02 2.082959e-01 9.149604e-08 -2.892025e-02 2.623100e-06 1.146814e-08 8.458661e-07
12.98          2.151633e-01 1.050851e-07 -2.976240e-02 2.151606e-01 9.246636e-08 -2.976324e-02 2.621457e-06 1.261869e-08 8.387044e-07
12.99          2.051540e-01 1.029839e-07 -2.826995e-02 2.051510e-01 9.181848e-08 -2.827073e-02 2.984063e-06 1.116538e-08 7.809186e-07
13             2.081370e-01 1.059945e-07 -2.856818e-02 2.081337e-01 9.470577e-08 -2.856891e-02 3.258535e-06 1.128873e-08 7.261478e-07
13.01          2.095903e-01 1.043533e-07 -2.865059e-02 2.095868e-01 9.415057e-08 -2.865129e-02 3.554996e-06 1.020270e-08 7.032114e-07
13.02          1.951678e-01 9.969921e-08 -2.656746e-02 1.951637e-01 9.046749e-08 -2.656812e-02 4.078742e-06 9.231724e-09 6.621887e-07
13.03          2.077358e-01 1.058161e-07 -2.815589e-02 2.077315e-01 9.697860e-08 -2.815653e-02 4.294523e-06 8.837472e-09 6.377883e-07
13.04          2.075531e-01 1.042399e-07 -2.800612e-02 2.075485e-01 9.592302e-08 -2.800673e-02 4.619503e-06 8.316887e-09 6.104953e-07
13.05          2.109182e-01 1.060556e-07 -2.832982e-02 2.109134e-01 9.817328e-08 -2.833041e-02 4.745352e-06 7.882343e-09 5.841210e-07
13.06          2.128477e-01 1.087907e-07 -2.845468e-02 2.128427e-01 1.006225e-07 -2.845516e-02 4.966078e-06 8.168221e-09 4.808796e-07
13.07          2.058070e-01 1.059841e-07 -2.738084e-02 2.058017e-01 9.805935e-08 -2.738131e-02 5.337664e-06 7.924761e-09 4.673352e-07
13.08          2.178294e-01 1.113413e-07 -2.883671e-02 2.178238e-01 1.034537e-07 -2.883716e-02 5.586644e-06 7.887583e-09 4.522673e-07
13.09          2.184298e-01 1.120399e-07 -2.876927e-02 2.184241e-01 1.033557e-07 -2.876972e-02 5.624677e-06 8.684230e-09 4.528261e-07
13.1           2.096134e-01 1.077490e-07 -2.746453e-02 2.096075e-01 9.963557e-08 -2.746497e-02 5.937588e-06 8.113414e-09 4.331477e-07
13.11          2.194295e-01 1.103481e-07 -2.859762e-02 2.194234e-01 1.028681e-07 -2.859803e-02 6.101380e-06 7.480006e-09 4.082042e-07
13.12          2.203496e-01 1.121498e-07 -2.856079e-02 2.203433e-01 1.048067e-07 -2.856115e-02 6.247584e-06 7.343072e-09 3.651140e-07
13.13          2.067334e-01 1.053073e-07 -2.664688e-02 2.067267e-01 9.803937e-08 -2.664718e-02 6.733465e-06 7.267881e-09 3.052737e-07
13.14          2.194685e-01 1.155109e-07 -2.812695e-02 2.194616e-01 1.086785e-07 -2.812728e-02 6.886604e-06 6.832471e-09 3.234649e-07
13.15          2.147277e-01 1.138537e-07 -2.735911e-02 2.147206e-01 1.072406e-07 -2.735942e-02 7.184932e-06 6.613045e-09 3.082794e-07
13.16          2.245132e-01 1.195094e-07 -2.843591e-02 2.245059e-01 1.130800e-07 -2.843619e-02 7.272508e-06 6.429449e-09 2.806312e-07
13.17          2.201192e-01 1.164062e-07 -2.771043e-02 2.201116e-01 1.100637e-07 -2.771068e-02 7.528786e-06 6.342537e-09 2.488801e-07
13.18          2.218860e-01 1.163981e-07 -2.776021e-02 2.218782e-01 1.108925e-07 -2.776042e-02 7.765437e-06 5.505592e-09 2.100862e-07
13.19          2.210308e-01 1.156557e-07 -2.747877e-02 2.210228e-01 1.100959e-07 -2.747895e-02 8.029066e-06 5.559740e-09 1.792412e-07
13.2           2.220699e-01 1.186708e-07 -2.743057e-02 2.220616e-01 1.133973e-07 -2.743070e-02 8.239435e-06 5.273501e-09 1.358566e-07
13.21          2.333410e-01 1.273310e-07 -2.863400e-02 2.333329e-01 1.219523e-07 -2.863412e-02 8.152464e-06 5.378717e-09 1.151632e-07
13.22          2.119820e-01 1.160354e-07 -2.583997e-02 2.119734e-01 1.104225e-07 -2.584000e-02 8.629673e-06 5.612932e-09 3.932772e-08
13.23          2.236398e-01 1.213091e-07 -2.707586e-02 2.236310e-01 1.156421e-07 -2.707585e-02 8.733611e-06 5.667068e-09 -7.952615e-09
13.24          2.254873e-01 1.213106e-07 -2.711108e-02 2.254785e-01 1.157557e-07 -2.711104e-02 8.863976e-06 5.554923e-09 -4.038524e-08
13.25          2.271925e-01 1.232657e-07 -2.712423e-02 2.271834e-01 1.182239e-07 -2.712416e-02 9.042158e-06 5.041831e-09 -6.882259e-08
13.26          2.467040e-01 1.301781e-07 -2.924324e-02 2.466952e-01 1.251929e-07 -2.924320e-02 8.783643e-06 4.985201e-09 -4.161397e-08
13.27          2.274954e-01 1.234156e-07 -2.677142e-02 2.274863e-01 1.182432e-07 -2.677132e-02 9.052829e-06 5.172486e-09 -1.040275e-07
13.28          2.312907e-01 1.247027e-07 -2.701768e-02 2.312816e-01 1.193278e-07 -2.701755e-02 9.087583e-06 5.374861e-09 -1.291681e-07
13.29          2.287381e-01 1.248310e-07 -2.651978e-02 2.287288e-01 1.193801e-07 -2.651961e-02 9.317150e-06 5.450896e-09 -1.663814e-07
13.3           2.295064e-01 1.237465e-07 -2.640703e-02 2.294969e-01 1.182968e-07 -2.640682e-02 9.516453e-06 5.449747e-09 -2.037509e-07
13.31          2.281258e-01 1.264793e-07 -2.604602e-02 2.281162e-01 1.207550e-07 -2.604579e-02 9.607795e-06 5.724270e-09 -2.349239e-07
13.32          2.585260e-01 1.360351e-07 -2.928596e-02 2.585168e-01 1.301533e-07 -2.928577e-02 9.220048e-06 5.881834e-09 -1.904050e-07
13.33          2.286927e-01 1.192386e-07 -2.570231e-02 2.286829e-01 1.138118e-07 -2.570206e-02 9.756822e-06 5.426748e-09 -2.550517e-07
13.34          2.494032e-01 1.306210e-07 -2.780482e-02 2.493937e-01 1.245736e-07 -2.780458e-02 9.566580e-06 6.047397e-09 -2.440402e-07
13.35          2.296876e-01 1.212672e-07 -2.539935e-02 2.296777e-01 1.151770e-07 -2.539904e-02 9.886037e-06 6.090153e-09 -3.005560e-07
13.36          2.310718e-01 1.221808e-07 -2.534219e-02 2.310617e-01 1.156955e-07 -2.534184e-02 1.010940e-05 6.485333e-09 -3.444730e-07
13.37          2.351380e-01 1.230238e-07 -2.557339e-02 2.351278e-01 1.167014e-07 -2.557302e-02 1.023259e-05 6.322434e-09 -3.714489e-07
13.38          2.543365e-01 1.282022e-07 -2.742758e-02 2.543266e-01 1.218534e-07 -2.742726e-02 9.919150e-06 6.348737e-09 -3.214850e-07
13.39          2.450310e-01 1.244931e-07 -2.619922e-02 2.450210e-01 1.180180e-07 -2.619888e-02 9.971580e-06 6.475097e-09 -3.409880e-07
13.4           2.187805e-01 1.116639e-07 -2.319150e-02 2.187699e-01 1.052157e-07 -2.319108e-02 1.060078e-05 6.448146e-09 -4.207806e-07
13.41          2.510147e-01 1.255109e-07 -2.637589e-02 2.510044e-01 1.188263e-07 -2.637549e-02 1.032308e-05 6.684606e-09 -3.991651e-07
13.42          2.329565e-01 1.175748e-07 -2.426345e-02 2.329459e-01 1.106548e-07 -2.426301e-02 1.054469e-05 6.919999e-09 -4.400396e-07
13.43          2.416929e-01 1.253996e-07 -2.494920e-02 2.416825e-01 1.160611e-07 -2.494876e-02 1.033266e-05 9.338532e-09 -4.407304e-07
13.44          2.093286e-01 1.092294e-07 -2.141508e-02 2.093177e-01 1.001278e-07 -2.141453e-02 1.090063e-05 9.101581e-09 -5.473772e-07
13.45          2.399043e-01 1.257398e-07 -2.431967e-02 2.398936e-01 1.166636e-07 -2.431911e-02 1.069649e-05 9.076246e-09 -5.540767e-07
13.46          2.261204e-01 1.173631e-07 -2.271290e-02 2.261095e-01 1.083487e-07 -2.271234e-02 1.089843e-05 9.014364e-09 -5.633218e-07
13.47          2.332555e-01 1.202469e-07 -2.321326e-02 2.332448e-01 1.110899e-07 -2.321266e-02 1.074809e-05 9.156974e-09 -5.941550e-07
13.48          2.233755e-01 1.182658e-07 -2.202342e-02 2.233647e-01 1.086055e-07 -2.202282e-02 1.083691e-05 9.660287e-09 -6.014895e-07
13.49          2.475023e-01 1.351016e-07 -2.417273e-02 2.474918e-01 1.251254e-07 -2.417219e-02 1.045366e-05 9.976274e-09 -5.333611e-07
13.5           2.225385e-01 1.184969e-07 -2.152997e-02 2.225279e-01 1.084263e-07 -2.152942e-02 1.059507e-05 1.007055e-08 -5.438386e-07
13.51          2.352299e-01 1.186697e-07 -2.254112e-02 2.352192e-01 1.091136e-07 -2.254056e-02 1.068356e-05 9.556156e-09 -5.551157e-07
13.52          2.327632e-01 1.141115e-07 -2.209164e-02 2.327525e-01 1.058672e-07 -2.209110e-02 1.071675e-05 8.244325e-09 -5.389517e-07
13.53          2.395503e-01 1.200124e-07 -2.251688e-02 2.395397e-01 1.113445e-07 -2.251635e-02 1.058357e-05 8.667898e-09 -5.289686e-07
13.54          2.194493e-01 1.125283e-07 -2.042853e-02 2.194386e-01 1.038275e-07 -2.042801e-02 1.062235e-05 8.700779e-09 -5.190113e-07
13.55          2.384302e-01 1.213817e-07 -2.197989e-02 2.384197e-01 1.126977e-07 -2.197940e-02 1.050735e-05 8.683961e-09 -4.952217e-07
13.56          2.358459e-01 1.196618e-07 -2.153039e-02 2.358354e-01 1.109139e-07 -2.152991e-02 1.053475e-05 8.747928e-09 -4.784919e-07
13.57          2.631313e-01 1.322486e-07 -2.378566e-02 2.631214e-01 1.234744e-07 -2.378532e-02 9.862080e-06 8.774247e-09 -3.415256e-07
13.58          2.167306e-01 1.101386e-07 -1.940064e-02 2.167202e-01 1.017063e-07 -1.940026e-02 1.035629e-05 8.432230e-09 -3.818401e-07
13.59          2.200786e-01 1.124393e-07 -1.950690e-02 2.200680e-01 1.041406e-07 -1.950649e-02 1.057414e-05 8.298679e-09 -4.129130e-07
13.6           1.918776e-01 9.808589e-08 -1.684085e-02 1.918665e-01 8.962804e-08 -1.684034e-02 1.114019e-05 8.457846e-09 -5.100039e-07
13.61          2.471659e-01 1.253887e-07 -2.147763e-02 2.471556e-01 1.165425e-07 -2.147722e-02 1.039241e-05 8.846155e-09 -4.169693e-07
13.62          2.045247e-01 1.058427e-07 -1.759821e-02 2.045140e-01 9.715672e-08 -1.759773e-02 1.075257e-05 8.686011e-09 -4.718243e-07
13.63          1.929997e-01 1.000033e-07 -1.644300e-02 1.929887e-01 9.090968e-08 -1.644249e-02 1.096100e-05 9.093643e-09 -5.156669e-07
13.64          2.252139e-01 1.150205e-07 -1.899712e-02 2.252033e-01 1.055623e-07 -1.899665e-02 1.056042e-05 9.458214e-09 -4.729587e-07
13.65          2.158040e-01 1.065105e-07 -1.802430e-02 2.157934e-01 9.901158e-08 -1.802386e-02 1.054423e-05 7.498910e-09 -4.375647e-07
13.66          2.175314e-01 1.101563e-07 -1.798989e-02 2.175211e-01 1.018994e-07 -1.798949e-02 1.032517e-05 8.256946e-09 -3.974810e-07
13.67          2.208385e-01 1.136894e-07 -1.808378e-02 2.208286e-01 1.050887e-07 -1.808343e-02 9.977573e-06 8.600698e-09 -3.486041e-07
13.68          2.113170e-01 1.074493e-07 -1.713445e-02 2.113071e-01 9.843997e-08 -1.713413e-02 9.821151e-06 9.009351e-09 -3.205619e-07
13.69          2.228296e-01 1.156413e-07 -1.789083e-02 2.228202e-01 1.065465e-07 -1.789054e-02 9.405137e-06 9.094845e-09 -2.896873e-07
13.7           2.156937e-01 1.115788e-07 -1.714923e-02 2.156843e-01 1.025738e-07 -1.714897e-02 9.347973e-06 9.004941e-09 -2.525945e-07
13.71          2.034249e-01 1.081329e-07 -1.601696e-02 2.034157e-01 9.854550e-08 -1.601673e-02 9.211561e-06 9.587404e-09 -2.315993e-07
13.72          2.062747e-01 1.092561e-07 -1.608449e-02 2.062657e-01 9.938301e-08 -1.608428e-02 9.018825e-06 9.873074e-09 -2.153671e-07
13.73          2.036344e-01 1.071390e-07 -1.572664e-02 2.036255e-01 9.692506e-08 -1.572643e-02 8.900042e-06 1.021395e-08 -2.117181e-07
13.74          2.018324e-01 1.069723e-07 -1.543978e-02 2.018236e-01 9.632673e-08 -1.543958e-02 8.837222e-06 1.064552e-08 -1.943047e-07
13.75          2.133235e-01 1.196794e-07 -1.616555e-02 2.133152e-01 1.065819e-07 -1.616541e-02 8.353262e-06 1.309742e-08 -1.423698e-07
13.76          1.992620e-01 1.066246e-07 -1.495968e-02 1.992536e-01 9.457768e-08 -1.495954e-02 8.386780e-06 1.204689e-08 -1.440710e-07
13.77          1.946591e-01 1.086235e-07 -1.447941e-02 1.946508e-01 9.627950e-08 -1.447927e-02 8.316424e-06 1.234403e-08 -1.391735e-07
13.78          2.257553e-01 1.237663e-07 -1.663822e-02 2.257478e-01 1.112456e-07 -1.663819e-02 7.578392e-06 1.252075e-08 -3.254201e-08
13.79          1.816415e-01 1.036757e-07 -1.326751e-02 1.816340e-01 9.101549e-08 -1.326746e-02 7.538948e-06 1.266025e-08 -5.447107e-08
13.8           1.798043e-01 1.021081e-07 -1.301751e-02 1.797965e-01 8.971778e-08 -1.301741e-02 7.828195e-06 1.239035e-08 -9.948026e-08
13.81          1.768815e-01 1.014083e-07 -1.269500e-02 1.768735e-01 8.880233e-08 -1.269485e-02 8.007069e-06 1.260597e-08 -1.497917e-07
13.82          1.674236e-01 9.622241e-08 -1.191391e-02 1.674155e-01 8.324933e-08 -1.191372e-02 8.114126e-06 1.297308e-08 -1.852545e-07
13.83          1.752043e-01 9.940184e-08 -1.236267e-02 1.751964e-01 8.589220e-08 -1.236250e-02 7.918350e-06 1.350964e-08 -1.668121e-07
13.84          1.653237e-01 9.485009e-08 -1.156992e-02 1.653158e-01 8.113800e-08 -1.156975e-02 7.924841e-06 1.371209e-08 -1.726584e-07
13.85          1.990130e-01 1.102960e-07 -1.381477e-02 1.990055e-01 9.599845e-08 -1.381463e-02 7.446960e-06 1.429759e-08 -1.387837e-07
13.86          1.762205e-01 1.018566e-07 -1.213659e-02 1.762133e-01 8.659514e-08 -1.213650e-02 7.150607e-06 1.526144e-08 -9.359933e-08
13.87          1.665007e-01 9.646941e-08 -1.137911e-02 1.664937e-01 8.083503e-08 -1.137905e-02 7.004786e-06 1.563438e-08 -6.613567e-08
13.88          1.775364e-01 1.021198e-07 -1.204228e-02 1.775298e-01 8.552347e-08 -1.204227e-02 6.586043e-06 1.659637e-08 -1.942678e-08
13.89          1.697388e-01 9.790667e-08 -1.142996e-02 1.697324e-01 8.107981e-08 -1.142999e-02 6.400444e-06 1.682687e-08 3.745691e-08
13.9           1.728113e-01 1.008751e-07 -1.155511e-02 1.728052e-01 8.345492e-08 -1.155519e-02 6.105096e-06 1.742019e-08 7.994238e-08
13.91          1.742644e-01 1.014250e-07 -1.157320e-02 1.742586e-01 8.354835e-08 -1.157334e-02 5.780367e-06 1.787664e-08 1.343810e-07
13.92          1.671609e-01 9.533479e-08 -1.102908e-02 1.671553e-01 7.771949e-08 -1.102925e-02 5.621248e-06 1.761530e-08 1.690781e-07
13.93          1.657777e-01 9.540383e-08 -1.086933e-02 1.657723e-01 7.735376e-08 -1.086951e-02 5.389676e-06 1.805007e-08 1.810983e-07
13.94          1.681645e-01 9.603036e-08 -1.095982e-02 1.681595e-01 7.771302e-08 -1.096006e-02 5.089572e-06 1.831734e-08 2.347405e-07
13.95          1.635984e-01 9.500647e-08 -1.060155e-02 1.635935e-01 7.658653e-08 -1.060182e-02 4.858208e-06 1.841994e-08 2.662729e-07
13.96          1.604784e-01 9.416279e-08 -1.034345e-02 1.604737e-01 7.524467e-08 -1.034374e-02 4.676977e-06 1.891812e-08 2.892947e-07
13.97          1.615415e-01 9.535979e-08 -1.035900e-02 1.615371e-01 7.557500e-08 -1.035934e-02 4.377741e-06 1.978479e-08 3.427268e-07
13.98          1.541905e-01 8.901377e-08 -9.840625e-03 1.541862e-01 6.887230e-08 -9.840998e-03 4.224841e-06 2.014147e-08 3.732018e-07
13.99          1.565477e-01 9.203746e-08 -9.946638e-03 1.565437e-01 7.145738e-08 -9.947057e-03 4.033481e-06 2.058008e-08 4.183888e-07
14             1.560601e-01 9.172122e-08 -9.875041e-03 1.560563e-01 7.065648e-08 -9.875492e-03 3.788690e-06 2.106474e-08 4.507814e-07
14.01          1.478133e-01 8.850938e-08 -9.318359e-03 1.478096e-01 6.689190e-08 -9.318838e-03 3.684973e-06 2.161748e-08 4.783581e-07
14.02          1.455470e-01 8.682272e-08 -9.144351e-03 1.455435e-01 6.490265e-08 -9.144864e-03 3.568508e-06 2.192007e-08 5.134782e-07
14.03          1.538060e-01 9.065155e-08 -9.633716e-03 1.538026e-01 6.790208e-08 -9.634289e-03 3.336559e-06 2.274947e-08 5.725506e-07
14.04          1.522188e-01 9.012022e-08 -9.508912e-03 1.522157e-01 6.643944e-08 -9.509534e-03 3.141878e-06 2.368078e-08 6.211893e-07
14.05          1.506802e-01 8.874250e-08 -9.391262e-03 1.506772e-01 6.410798e-08 -9.391944e-03 2.976854e-06 2.463452e-08 6.827046e-07
14.06          1.509732e-01 8.835932e-08 -9.391616e-03 1.509704e-01 6.300766e-08 -9.392337e-03 2.833115e-06 2.535166e-08 7.209923e-07
14.07          1.468860e-01 8.609221e-08 -9.123489e-03 1.468832e-01 6.022640e-08 -9.124256e-03 2.749514e-06 2.586581e-08 7.674416e-07
14.08          1.471760e-01 8.603683e-08 -9.131301e-03 1.471733e-01 5.992145e-08 -9.132115e-03 2.670048e-06 2.611538e-08 8.139453e-07
14.09          1.445953e-01 8.382458e-08 -8.964809e-03 1.445927e-01 5.744371e-08 -8.965658e-03 2.622166e-06 2.638088e-08 8.488410e-07
14.1           1.464073e-01 8.506327e-08 -9.074469e-03 1.464047e-01 5.818167e-08 -9.075343e-03 2.598747e-06 2.688160e-08 8.744077e-07
14.11          1.426966e-01 8.317260e-08 -8.845407e-03 1.426940e-01 5.603236e-08 -8.846300e-03 2.592737e-06 2.714025e-08 8.923779e-07
14.12          1.423101e-01 8.265436e-08 -8.826023e-03 1.423075e-01 5.563489e-08 -8.826929e-03 2.617336e-06 2.701947e-08 9.062104e-07
14.13          1.458860e-01 8.331892e-08 -9.056181e-03 1.458833e-01 5.606422e-08 -9.057091e-03 2.731565e-06 2.725470e-08 9.101396e-07
14.14          1.412411e-01 8.058485e-08 -8.779702e-03 1.412383e-01 5.389941e-08 -8.780600e-03 2.814640e-06 2.668544e-08 8.971374e-07
14.15          1.397867e-01 7.813775e-08 -8.704783e-03 1.397837e-01 5.211447e-08 -8.705660e-03 2.947887e-06 2.602328e-08 8.765007e-07
14.16          1.387077e-01 7.543889e-08 -8.656411e-03 1.387046e-01 5.050196e-08 -8.657258e-03 3.109349e-06 2.493693e-08 8.466841e-07
14.17          1.369193e-01 7.365426e-08 -8.567122e-03 1.369160e-01 5.000701e-08 -8.567923e-03 3.333059e-06 2.364724e-08 8.007366e-07
14.18          1.296435e-01 6.559612e-08 -8.136541e-03 1.296401e-01 4.421188e-08 -8.137288e-03 3.432353e-06 2.138424e-08 7.475601e-07
14.19          1.383947e-01 6.873373e-08 -8.715280e-03 1.383911e-01 4.907053e-08 -8.715969e-03 3.670448e-06 1.966320e-08 6.882581e-07
14.2           1.383737e-01 6.790378e-08 -8.747432e-03 1.383697e-01 5.006056e-08 -8.748048e-03 3.979510e-06 1.784322e-08 6.152064e-07
14.21          1.284919e-01 5.971444e-08 -8.157586e-03 1.284877e-01 4.434239e-08 -8.158125e-03 4.189939e-06 1.537204e-08 5.393961e-07
14.22          1.443474e-01 6.551205e-08 -9.206270e-03 1.443429e-01 5.214631e-08 -9.206715e-03 4.549620e-06 1.336574e-08 4.450652e-07
14.23          1.227702e-01 5.363770e-08 -7.870359e-03 1.227654e-01 4.308017e-08 -7.870715e-03 4.799015e-06 1.055754e-08 3.559037e-07
14.24          1.390353e-01 6.443723e-08 -8.960759e-03 1.390299e-01 5.570938e-08 -8.961001e-03 5.328096e-06 8.727845e-09 2.412074e-07
14.25          1.404196e-01 5.941706e-08 -9.102530e-03 1.404140e-01 5.340109e-08 -9.102683e-03 5.615846e-06 6.015974e-09 1.535402e-07
14.26          1.373190e-01 5.867102e-08 -8.956916e-03 1.373130e-01 5.494855e-08 -8.956964e-03 6.050495e-06 3.722471e-09 4.786663e-08
14.27          1.464162e-01 6.545549e-08 -9.612542e-03 1.464095e-01 6.324329e-08 -9.612488e-03 6.745972e-06 2.212202e-09 -5.403097e-08
14.28          1.322779e-01 5.531542e-08 -8.745222e-03 1.322709e-01 5.540560e-08 -8.745086e-03 7.005422e-06 -9.017689e-11 -1.358972e-07
14.29          1.273488e-01 4.888204e-08 -8.480823e-03 1.273416e-01 5.169102e-08 -8.480625e-03 7.184043e-06 -2.808974e-09 -1.973865e-07
14.3           1.294084e-01 4.837179e-08 -8.683747e-03 1.294009e-01 5.328602e-08 -8.683462e-03 7.445403e-06 -4.914235e-09 -2.848650e-07
14.31          1.310496e-01 4.981562e-08 -8.863873e-03 1.310418e-01 5.704968e-08 -8.863517e-03 7.780401e-06 -7.234062e-09 -3.556552e-07
14.32          1.319233e-01 5.717739e-08 -8.997003e-03 1.319150e-01 6.551148e-08 -8.996551e-03 8.265498e-06 -8.334088e-09 -4.525969e-07
14.33          1.241190e-01 4.993996e-08 -8.538150e-03 1.241105e-01 5.995714e-08 -8.537626e-03 8.510359e-06 -1.001718e-08 -5.239611e-07
14.34          1.249164e-01 4.626271e-08 -8.669740e-03 1.249076e-01 5.772679e-08 -8.669149e-03 8.755144e-06 -1.146407e-08 -5.907322e-07
14.35          1.213615e-01 4.406406e-08 -8.500910e-03 1.213525e-01 5.728290e-08 -8.500244e-03 8.998954e-06 -1.321884e-08 -6.660717e-07
14.36          1.425708e-01 5.481195e-08 -1.008047e-02 1.425613e-01 6.943646e-08 -1.007971e-02 9.441567e-06 -1.462451e-08 -7.596598e-07
14.37          8.707582e-02 2.696752e-08 -6.219664e-03 8.706665e-02 4.279535e-08 -6.218891e-03 9.164770e-06 -1.582783e-08 -7.732791e-07
14.38          1.189309e-01 4.222643e-08 -8.577723e-03 1.189214e-01 5.848418e-08 -8.576872e-03 9.515258e-06 -1.625774e-08 -8.502353e-07
14.39          1.142080e-01 4.136645e-08 -8.322198e-03 1.141982e-01 5.826402e-08 -8.321290e-03 9.766238e-06 -1.689757e-08 -9.079924e-07
14.4           1.335833e-01 5.253747e-08 -9.835688e-03 1.335730e-01 6.948288e-08 -9.834674e-03 1.027403e-05 -1.694541e-08 -1.013961e-06
14.41          1.105222e-01 4.301903e-08 -8.226527e-03 1.105118e-01 6.007351e-08 -8.225450e-03 1.048270e-05 -1.705447e-08 -1.077235e-06
14.42          1.048943e-01 3.942783e-08 -7.893794e-03 1.048838e-01 5.731656e-08 -7.892703e-03 1.046679e-05 -1.788873e-08 -1.090574e-06
14.43          1.074667e-01 4.177428e-08 -8.177742e-03 1.074560e-01 5.980739e-08 -8.176593e-03 1.069927e-05 -1.803311e-08 -1.149120e-06
14.44          1.031444e-01 3.791838e-08 -7.938514e-03 1.031336e-01 5.644660e-08 -7.937346e-03 1.073165e-05 -1.852822e-08 -1.167866e-06
14.45          1.059709e-01 4.242185e-08 -8.250365e-03 1.059599e-01 6.089067e-08 -8.249140e-03 1.101513e-05 -1.846882e-08 -1.224939e-06
14.46          1.119081e-01 4.291471e-08 -8.814596e-03 1.118969e-01 6.164811e-08 -8.813330e-03 1.119769e-05 -1.873340e-08 -1.266199e-06
14.47          9.319235e-02 3.732989e-08 -7.429326e-03 9.318124e-02 5.570889e-08 -7.428041e-03 1.111479e-05 -1.837899e-08 -1.285147e-06
14.48          9.690444e-02 3.910369e-08 -7.818113e-03 9.689315e-02 5.740374e-08 -7.816791e-03 1.129713e-05 -1.830006e-08 -1.321319e-06
14.49          1.051020e-01 4.454860e-08 -8.582486e-03 1.050904e-01 6.230659e-08 -8.581095e-03 1.165241e-05 -1.775799e-08 -1.391296e-06
14.5           9.789152e-02 4.385831e-08 -8.092927e-03 9.787964e-02 6.074771e-08 -8.091471e-03 1.188366e-05 -1.688940e-08 -1.455706e-06
14.51          1.067428e-01 4.804250e-08 -8.933851e-03 1.067307e-01 6.419818e-08 -8.932348e-03 1.213503e-05 -1.615568e-08 -1.503215e-06
14.52          9.247611e-02 4.271386e-08 -7.838051e-03 9.246391e-02 5.848224e-08 -7.836517e-03 1.220121e-05 -1.576839e-08 -1.533425e-06
14.53          9.284215e-02 4.251864e-08 -7.968453e-03 9.282976e-02 5.794821e-08 -7.966882e-03 1.239831e-05 -1.542957e-08 -1.570248e-06
14.54          1.065993e-01 5.620673e-08 -9.264577e-03 1.065865e-01 6.973323e-08 -9.262948e-03 1.279745e-05 -1.352650e-08 -1.629462e-06
14.55          9.256635e-02 4.623267e-08 -8.149046e-03 9.255359e-02 5.977470e-08 -8.147406e-03 1.276424e-05 -1.354203e-08 -1.640382e-06
14.56          6.662107e-02 1.650300e-08 -5.942456e-03 6.660877e-02 3.109441e-08 -5.940889e-03 1.229953e-05 -1.459141e-08 -1.566728e-06
14.57          9.459437e-02 4.271457e-08 -8.543770e-03 9.458177e-02 5.666241e-08 -8.542182e-03 1.260183e-05 -1.394784e-08 -1.587525e-06
14.58          8.785882e-02 4.296504e-08 -8.038941e-03 8.784610e-02 5.573200e-08 -8.037361e-03 1.272272e-05 -1.276696e-08 -1.580563e-06
14.59          9.145332e-02 4.529454e-08 -8.476593e-03 9.144043e-02 5.726693e-08 -8.474995e-03 1.288720e-05 -1.197239e-08 -1.598128e-06
14.6           9.670029e-02 4.804503e-08 -9.079231e-03 9.668701e-02 6.003355e-08 -9.077582e-03 1.327667e-05 -1.198852e-08 -1.649789e-06
14.61          8.770518e-02 4.304426e-08 -8.343191e-03 8.769197e-02 5.403187e-08 -8.341535e-03 1.321353e-05 -1.098761e-08 -1.655627e-06
14.62          8.339727e-02 4.251522e-08 -8.037656e-03 8.338413e-02 5.300296e-08 -8.035978e-03 1.313923e-05 -1.048775e-08 -1.678372e-06
14.63          9.113529e-02 4.554443e-08 -8.897497e-03 9.112196e-02 5.548203e-08 -8.895784e-03 1.332888e-05 -9.937599e-09 -1.713445e-06
14.64          8.307421e-02 4.319640e-08 -8.217280e-03 8.306082e-02 5.338007e-08 -8.215537e-03 1.339260e-05 -1.018366e-08 -1.742913e-06
14.65          8.096997e-02 3.984732e-08 -8.114098e-03 8.095667e-02 5.017144e-08 -8.112364e-03 1.329955e-05 -1.032412e-08 -1.734244e-06
14.66          8.615019e-02 4.455481e-08 -8.745324e-03 8.613683e-02 5.391644e-08 -8.743566e-03 1.336392e-05 -9.361631e-09 -1.757724e-06
14.67          8.348904e-02 4.267913e-08 -8.585914e-03 8.347571e-02 5.093618e-08 -8.584157e-03 1.332363e-05 -8.257054e-09 -1.756751e-06
14.68          7.907704e-02 3.681103e-08 -8.238320e-03 7.906377e-02 4.526600e-08 -8.236551e-03 1.326680e-05 -8.454975e-09 -1.768356e-06
14.69          9.304826e-02 4.353933e-08 -9.817927e-03 9.303485e-02 5.197675e-08 -9.816139e-03 1.340672e-05 -8.437424e-09 -1.788118e-06
14.7           7.206649e-02 3.583275e-08 -7.704390e-03 7.205338e-02 4.324272e-08 -7.702618e-03 1.311522e-05 -7.409972e-09 -1.771840e-06
14.71          7.910718e-02 4.016729e-08 -8.564905e-03 7.909402e-02 4.791275e-08 -8.563126e-03 1.316370e-05 -7.745460e-09 -1.778746e-06
14.72          7.769669e-02 4.042180e-08 -8.520240e-03 7.768357e-02 4.791992e-08 -8.518484e-03 1.312368e-05 -7.498124e-09 -1.756056e-06
14.73          7.439265e-02 3.904909e-08 -8.262061e-03 7.437956e-02 4.696173e-08 -8.260337e-03 1.309158e-05 -7.912643e-09 -1.724031e-06
14.74          6.972882e-02 3.209501e-08 -7.842926e-03 6.971585e-02 3.998471e-08 -7.841256e-03 1.297776e-05 -7.889704e-09 -1.669561e-06
14.75          8.323122e-02 4.493474e-08 -9.478439e-03 8.321810e-02 5.195427e-08 -9.476758e-03 1.311373e-05 -7.019528e-09 -1.680532e-06
14.76          8.428063e-02 4.410878e-08 -9.718640e-03 8.426749e-02 5.069487e-08 -9.716929e-03 1.314100e-05 -6.586096e-09 -1.711599e-06
14.77          7.917124e-02 4.128611e-08 -9.243830e-03 7.915821e-02 4.781495e-08 -9.242115e-03 1.302836e-05 -6.528836e-09 -1.714505e-06
14.78          7.945617e-02 4.154823e-08 -9.392258e-03 7.944326e-02 4.760528e-08 -9.390549e-03 1.290965e-05 -6.057051e-09 -1.708724e-06
14.79          9.861015e-02 6.121288e-08 -1.179793e-02 9.859681e-02 6.519729e-08 -1.179617e-02 1.334070e-05 -3.984411e-09 -1.768938e-06
14.8           8.506096e-02 4.921315e-08 -1.030262e-02 8.504773e-02 5.254008e-08 -1.030084e-02 1.323550e-05 -3.326925e-09 -1.784728e-06
14.81          8.072091e-02 4.150662e-08 -9.896176e-03 8.070790e-02 4.444529e-08 -9.894416e-03 1.301125e-05 -2.938670e-09 -1.760776e-06
14.82          7.926672e-02 4.341735e-08 -9.834986e-03 7.925375e-02 4.650022e-08 -9.833209e-03 1.296681e-05 -3.082872e-09 -1.776633e-06
14.83          8.522513e-02 4.353850e-08 -1.069991e-02 8.521217e-02 4.625952e-08 -1.069814e-02 1.295473e-05 -2.721028e-09 -1.770515e-06
14.84          8.467274e-02 4.569968e-08 -1.075634e-02 8.465974e-02 4.803082e-08 -1.075457e-02 1.300537e-05 -2.331146e-09 -1.770365e-06
14.85          8.481387e-02 4.327694e-08 -1.090062e-02 8.480113e-02 4.608417e-08 -1.089887e-02 1.274111e-05 -2.807222e-09 -1.748329e-06
14.86          9.979887e-02 5.771031e-08 -1.297381e-02 9.978586e-02 5.935575e-08 -1.297201e-02 1.301534e-05 -1.645441e-09 -1.797367e-06
14.87          8.664755e-02 4.693598e-08 -1.139457e-02 8.663473e-02 4.896178e-08 -1.139278e-02 1.281590e-05 -2.025798e-09 -1.790784e-06
14.88          9.484380e-02 4.788507e-08 -1.261341e-02 9.483102e-02 4.999490e-08 -1.261160e-02 1.278458e-05 -2.109829e-09 -1.813610e-06
14.89          8.825828e-02 4.782855e-08 -1.187013e-02 8.824561e-02 4.955120e-08 -1.186829e-02 1.266461e-05 -1.722649e-09 -1.833151e-06
14.9           8.896695e-02 4.542629e-08 -1.209832e-02 8.895447e-02 4.793893e-08 -1.209648e-02 1.247212e-05 -2.512646e-09 -1.836039e-06
14.91          9.325243e-02 4.595856e-08 -1.281987e-02 9.324013e-02 4.892450e-08 -1.281804e-02 1.229579e-05 -2.965945e-09 -1.830423e-06
14.92          9.799305e-02 4.647368e-08 -1.361730e-02 9.798082e-02 4.960100e-08 -1.361546e-02 1.222671e-05 -3.127321e-09 -1.840684e-06
14.93          9.364284e-02 4.693257e-08 -1.315227e-02 9.363088e-02 5.176319e-08 -1.315045e-02 1.195466e-05 -4.830611e-09 -1.825623e-06
14.94          1.157362e-01 5.290099e-08 -1.642494e-02 1.157240e-01 5.797108e-08 -1.642306e-02 1.220838e-05 -5.070089e-09 -1.879647e-06
14.95          1.087212e-01 5.752953e-08 -1.559051e-02 1.087088e-01 6.114634e-08 -1.558854e-02 1.238092e-05 -3.616813e-09 -1.965179e-06
14.96          5.541675e-02 3.813356e-08 -8.031898e-03 5.540524e-02 4.209488e-08 -8.030103e-03 1.151005e-05 -3.961319e-09 -1.794568e-06
14.97          1.242024e-01 5.757906e-08 -1.817426e-02 1.241906e-01 6.116869e-08 -1.817238e-02 1.181571e-05 -3.589638e-09 -1.873267e-06
14.98          1.037563e-01 5.113870e-08 -1.533529e-02 1.037447e-01 5.487546e-08 -1.533343e-02 1.164500e-05 -3.736764e-09 -1.858452e-06
14.99          8.565189e-02 4.446578e-08 -1.278523e-02 8.564045e-02 4.836153e-08 -1.278339e-02 1.143891e-05 -3.895745e-09 -1.836302e-06
15             1.032098e-01 4.973984e-08 -1.555398e-02 1.031985e-01 5.321186e-08 -1.555217e-02 1.126845e-05 -3.472024e-09 -1.811953e-06
15.01          1.156550e-01 5.511248e-08 -1.759454e-02 1.156439e-01 5.933171e-08 -1.759276e-02 1.111245e-05 -4.219223e-09 -1.775000e-06
15.02          1.037682e-01 5.161951e-08 -1.593475e-02 1.037572e-01 5.621014e-08 -1.593302e-02 1.094874e-05 -4.590629e-09 -1.736739e-06
15.03          1.220557e-01 5.964032e-08 -1.891395e-02 1.220445e-01 6.405702e-08 -1.891216e-02 1.117926e-05 -4.416704e-09 -1.792054e-06
15.04          1.397301e-01 6.139483e-08 -2.184703e-02 1.397187e-01 6.581738e-08 -2.184514e-02 1.147105e-05 -4.422552e-09 -1.886522e-06
15.05          1.102536e-01 5.361430e-08 -1.739247e-02 1.102425e-01 5.861468e-08 -1.739064e-02 1.108352e-05 -5.000377e-09 -1.836299e-06
15.06          1.177918e-01 5.416309e-08 -1.874248e-02 1.177810e-01 5.949739e-08 -1.874070e-02 1.082765e-05 -5.334301e-09 -1.778349e-06
15.07          1.092302e-01 5.111570e-08 -1.752894e-02 1.092197e-01 5.678393e-08 -1.752722e-02 1.046815e-05 -5.668226e-09 -1.721295e-06
15.08          1.231290e-01 5.483080e-08 -1.992378e-02 1.231186e-01 6.060891e-08 -1.992206e-02 1.040421e-05 -5.778104e-09 -1.716103e-06
15.09          1.178923e-01 5.406163e-08 -1.923276e-02 1.178821e-01 6.023182e-08 -1.923108e-02 1.020578e-05 -6.170187e-09 -1.689261e-06
15.1           1.136678e-01 5.312655e-08 -1.869255e-02 1.136580e-01 5.937964e-08 -1.869094e-02 9.837743e-06 -6.253088e-09 -1.615482e-06
15.11          1.484989e-01 7.935548e-08 -2.460954e-02 1.484885e-01 8.341760e-08 -2.460781e-02 1.036938e-05 -4.062123e-09 -1.728274e-06
15.12          1.290168e-01 6.547981e-08 -2.154571e-02 1.290067e-01 6.967405e-08 -2.154402e-02 1.011094e-05 -4.194243e-09 -1.694174e-06
15.13          1.425272e-01 6.576283e-08 -2.397948e-02 1.425170e-01 6.967956e-08 -2.397775e-02 1.014418e-05 -3.916729e-09 -1.728387e-06
15.14          1.644525e-01 6.915076e-08 -2.786943e-02 1.644420e-01 7.301695e-08 -2.786759e-02 1.049624e-05 -3.866185e-09 -1.845366e-06
15.15          1.324575e-01 6.145426e-08 -2.260885e-02 1.324476e-01 6.548104e-08 -2.260711e-02 9.904510e-06 -4.026781e-09 -1.748582e-06
15.16          1.502135e-01 7.562836e-08 -2.581682e-02 1.502035e-01 7.853226e-08 -2.581503e-02 9.948493e-06 -2.903906e-09 -1.791666e-06
15.17          1.481019e-01 7.431261e-08 -2.562629e-02 1.480920e-01 7.709468e-08 -2.562450e-02 9.839736e-06 -2.782066e-09 -1.789227e-06
15.18          1.484539e-01 6.965096e-08 -2.585630e-02 1.484443e-01 7.260751e-08 -2.585451e-02 9.692081e-06 -2.956555e-09 -1.785634e-06
15.19          1.356267e-01 6.720233e-08 -2.377402e-02 1.356176e-01 7.097689e-08 -2.377233e-02 9.145758e-06 -3.774562e-09 -1.682847e-06
15.2           1.446498e-01 6.778357e-08 -2.551300e-02 1.446410e-01 7.165864e-08 -2.551139e-02 8.797236e-06 -3.875070e-09 -1.611745e-06
15.21          1.474432e-01 6.976073e-08 -2.616245e-02 1.474347e-01 7.452266e-08 -2.616086e-02 8.588115e-06 -4.761933e-09 -1.584816e-06
15.22          1.458186e-01 7.274817e-08 -2.602578e-02 1.458103e-01 7.738917e-08 -2.602424e-02 8.330874e-06 -4.640996e-09 -1.541917e-06
15.23          1.683854e-01 7.608248e-08 -3.022273e-02 1.683771e-01 8.091263e-08 -3.022118e-02 8.326457e-06 -4.830155e-09 -1.554876e-06
15.24          1.318829e-01 6.562513e-08 -2.380208e-02 1.318752e-01 7.167772e-08 -2.380066e-02 7.680093e-06 -6.052584e-09 -1.415850e-06
15.25          1.581900e-01 7.199466e-08 -2.869944e-02 1.581824e-01 7.787311e-08 -2.869803e-02 7.601683e-06 -5.878444e-09 -1.401457e-06
15.26          1.529548e-01 7.257329e-08 -2.789115e-02 1.529473e-01 7.811241e-08 -2.788977e-02 7.425028e-06 -5.539119e-09 -1.381185e-06
15.27          1.717427e-01 8.709899e-08 -3.146967e-02 1.717352e-01 9.096249e-08 -3.146825e-02 7.579441e-06 -3.863496e-09 -1.419937e-06
15.28          1.527870e-01 7.172054e-08 -2.812861e-02 1.527797e-01 7.538950e-08 -2.812724e-02 7.257463e-06 -3.668961e-09 -1.361414e-06
15.29          1.482833e-01 6.973292e-08 -2.742267e-02 1.482766e-01 7.455423e-08 -2.742142e-02 6.727642e-06 -4.821310e-09 -1.248675e-06
15.3           1.687147e-01 7.536077e-08 -3.133482e-02 1.687082e-01 8.062125e-08 -3.133363e-02 6.468304e-06 -5.260481e-09 -1.189974e-06
15.31          1.668010e-01 7.437339e-08 -3.110650e-02 1.667946e-01 8.027056e-08 -3.110532e-02 6.397625e-06 -5.897169e-09 -1.179936e-06
15.32          1.566370e-01 7.049211e-08 -2.932539e-02 1.566309e-01 7.760032e-08 -2.932430e-02 6.022126e-06 -7.108210e-09 -1.088316e-06
15.33          1.681388e-01 7.433536e-08 -3.159497e-02 1.681330e-01 8.171135e-08 -3.159390e-02 5.879521e-06 -7.375989e-09 -1.063762e-06
15.34          1.665259e-01 7.248907e-08 -3.140185e-02 1.665203e-01 8.067082e-08 -3.140086e-02 5.622306e-06 -8.181759e-09 -9.862899e-07
15.35          1.647360e-01 7.000665e-08 -3.116720e-02 1.647306e-01 7.894351e-08 -3.116628e-02 5.371683e-06 -8.936863e-09 -9.189217e-07
15.36          1.756410e-01 7.123070e-08 -3.333350e-02 1.756358e-01 8.056621e-08 -3.333262e-02 5.223443e-06 -9.335511e-09 -8.768775e-07
15.37          1.684077e-01 7.038009e-08 -3.205400e-02 1.684027e-01 8.076584e-08 -3.205318e-02 4.985281e-06 -1.038575e-08 -8.180669e-07
15.38          1.742273e-01 7.162497e-08 -3.325143e-02 1.742225e-01 8.281406e-08 -3.325068e-02 4.768404e-06 -1.118909e-08 -7.524112e-07
15.39          1.710462e-01 6.942923e-08 -3.272631e-02 1.710416e-01 8.084310e-08 -3.272560e-02 4.628239e-06 -1.141387e-08 -7.086050e-07
15.4           1.645233e-01 6.629523e-08 -3.155129e-02 1.645190e-01 7.916907e-08 -3.155068e-02 4.272609e-06 -1.287384e-08 -6.007032e-07
15.41          1.843781e-01 7.082395e-08 -3.543280e-02 1.843741e-01 8.472372e-08 -3.543229e-02 4.059044e-06 -1.389977e-08 -5.140343e-07
15.42          1.911610e-01 7.474834e-08 -3.680590e-02 1.911569e-01 8.844720e-08 -3.680540e-02 4.073648e-06 -1.369885e-08 -5.013551e-07
15.43          1.813080e-01 6.997441e-08 -3.496812e-02 1.813041e-01 8.503497e-08 -3.496769e-02 3.871430e-06 -1.506057e-08 -4.288334e-07
15.44          1.748066e-01 6.323114e-08 -3.376439e-02 1.748029e-01 7.836526e-08 -3.376404e-02 3.698004e-06 -1.513412e-08 -3.576286e-07
15.45          1.940220e-01 7.524985e-08 -3.752342e-02 1.940186e-01 9.265624e-08 -3.752316e-02 3.466665e-06 -1.740639e-08 -2.642246e-07
15.46          1.902542e-01 6.732624e-08 -3.683374e-02 1.902509e-01 8.571963e-08 -3.683354e-02 3.328027e-06 -1.839339e-08 -1.924046e-07
15.47          1.831765e-01 6.405188e-08 -3.549387e-02 1.831734e-01 8.357103e-08 -3.549375e-02 3.167748e-06 -1.951915e-08 -1.185472e-07
15.48          1.889214e-01 6.404665e-08 -3.663020e-02 1.889184e-01 8.452735e-08 -3.663016e-02 3.036845e-06 -2.048071e-08 -4.646728e-08
15.49          1.865723e-01 6.234641e-08 -3.619021e-02 1.865694e-01 8.444230e-08 -3.619025e-02 2.881011e-06 -2.209589e-08 4.014548e-08
15.5           1.950940e-01 6.546181e-08 -3.785132e-02 1.950912e-01 8.897565e-08 -3.785142e-02 2.767880e-06 -2.351384e-08 9.594165e-08
15.51          1.872169e-01 5.878104e-08 -3.632329e-02 1.872143e-01 8.434664e-08 -3.632347e-02 2.645896e-06 -2.556561e-08 1.813482e-07
15.52          1.972246e-01 6.056815e-08 -3.825650e-02 1.972220e-01 8.730684e-08 -3.825673e-02 2.570870e-06 -2.673869e-08 2.302402e-07
15.53          1.920815e-01 5.374961e-08 -3.724312e-02 1.920790e-01 8.269265e-08 -3.724342e-02 2.505456e-06 -2.894304e-08 2.972720e-07
15.54          1.960457e-01 5.433862e-08 -3.798740e-02 1.960433e-01 8.506144e-08 -3.798775e-02 2.454577e-06 -3.072283e-08 3.448044e-07
15.55          1.995007e-01 5.609823e-08 -3.862387e-02 1.994983e-01 8.815764e-08 -3.862423e-02 2.409264e-06 -3.205940e-08 3.601879e-07
15.56          1.940614e-01 4.973687e-08 -3.753081e-02 1.940590e-01 8.346010e-08 -3.753118e-02 2.395045e-06 -3.372323e-08 3.743916e-07
15.57          1.909019e-01 4.158376e-08 -3.687253e-02 1.908994e-01 7.708539e-08 -3.687292e-02 2.483189e-06 -3.550163e-08 3.926931e-07
15.58          2.046206e-01 4.968524e-08 -3.946285e-02 2.046181e-01 8.654321e-08 -3.946325e-02 2.491371e-06 -3.685797e-08 4.022251e-07
15.59          1.933882e-01 3.939495e-08 -3.723283e-02 1.933856e-01 7.760600e-08 -3.723321e-02 2.605274e-06 -3.821105e-08 3.829740e-07
15.6           2.095056e-01 4.949683e-08 -4.025762e-02 2.095030e-01 8.851204e-08 -4.025799e-02 2.634022e-06 -3.901521e-08 3.654073e-07
15.61          2.049448e-01 4.306606e-08 -3.929656e-02 2.049420e-01 8.245321e-08 -3.929688e-02 2.747414e-06 -3.938714e-08 3.187800e-07
15.62          2.119157e-01 4.930076e-08 -4.053668e-02 2.119128e-01 8.859760e-08 -4.053694e-02 2.826806e-06 -3.929684e-08 2.592386e-07
15.63          2.065057e-01 3.906665e-08 -3.939968e-02 2.065026e-01 7.856071e-08 -3.939986e-02 3.062710e-06 -3.949406e-08 1.781237e-07
15.64          2.112758e-01 4.305555e-08 -4.019648e-02 2.112725e-01 8.244529e-08 -4.019658e-02 3.258931e-06 -3.938974e-08 1.050873e-07
15.65          2.117177e-01 3.755555e-08 -4.015852e-02 2.117141e-01 7.633911e-08 -4.015854e-02 3.546279e-06 -3.878356e-08 2.412161e-08
15.66          2.079271e-01 2.665749e-08 -3.931141e-02 2.079231e-01 6.675644e-08 -3.931134e-02 4.019728e-06 -4.009895e-08 -6.722957e-08
15.67          2.146351e-01 3.345538e-08 -4.043822e-02 2.146307e-01 7.416205e-08 -4.043808e-02 4.354307e-06 -4.070667e-08 -1.319988e-07
15.68          2.333726e-01 6.757012e-08 -4.380480e-02 2.333683e-01 1.068178e-07 -4.380465e-02 4.273702e-06 -3.924771e-08 -1.527841e-07
15.69          2.222026e-01 4.518619e-08 -4.154391e-02 2.221980e-01 8.388497e-08 -4.154368e-02 4.557590e-06 -3.869878e-08 -2.275255e-07
15.7           2.188041e-01 3.736104e-08 -4.073776e-02 2.187991e-01 7.641535e-08 -4.073747e-02 4.991156e-06 -3.905431e-08 -2.887821e-07
15.71          2.166530e-01 3.255970e-08 -4.015949e-02 2.166476e-01 7.106681e-08 -4.015913e-02 5.380914e-06 -3.850711e-08 -3.579936e-07
15.72          2.354558e-01 5.767471e-08 -4.344174e-02 2.354504e-01 9.450707e-08 -4.344135e-02 5.463414e-06 -3.683236e-08 -3.828435e-07
15.73          2.370371e-01 6.354715e-08 -4.351994e-02 2.370315e-01 9.841712e-08 -4.351953e-02 5.588467e-06 -3.486997e-08 -4.101525e-07
15.74          2.131181e-01 2.669888e-08 -3.892876e-02 2.131117e-01 6.277381e-08 -3.892822e-02 6.396136e-06 -3.607493e-08 -5.347692e-07
15.75          2.305551e-01 4.913008e-08 -4.188817e-02 2.305483e-01 8.405256e-08 -4.188757e-02 6.719994e-06 -3.492248e-08 -6.020135e-07
15.76          2.405575e-01 5.700114e-08 -4.346134e-02 2.405505e-01 9.147938e-08 -4.346070e-02 7.020796e-06 -3.447824e-08 -6.415605e-07
15.77          2.317889e-01 4.856250e-08 -4.163357e-02 2.317814e-01 8.237697e-08 -4.163286e-02 7.525190e-06 -3.381447e-08 -7.091689e-07
15.78          2.259922e-01 4.185605e-08 -4.034676e-02 2.259839e-01 7.790955e-08 -4.034588e-02 8.342716e-06 -3.605350e-08 -8.779903e-07
15.79          2.349470e-01 5.167981e-08 -4.168137e-02 2.349382e-01 8.666271e-08 -4.168043e-02 8.738642e-06 -3.498290e-08 -9.399849e-07
15.8           2.488391e-01 6.455723e-08 -4.385735e-02 2.488302e-01 9.714119e-08 -4.385641e-02 8.906904e-06 -3.258396e-08 -9.480493e-07
15.81          2.439029e-01 6.708062e-08 -4.269616e-02 2.438938e-01 9.721541e-08 -4.269515e-02 9.124904e-06 -3.013479e-08 -1.010708e-06
15.82          2.555139e-01 7.676981e-08 -4.441474e-02 2.555047e-01 1.044903e-07 -4.441369e-02 9.252683e-06 -2.772051e-08 -1.047660e-06
15.83          2.580497e-01 7.790116e-08 -4.452993e-02 2.580400e-01 1.037205e-07 -4.452880e-02 9.658252e-06 -2.581939e-08 -1.131510e-06
15.84          2.503150e-01 7.279209e-08 -4.287136e-02 2.503049e-01 9.707120e-08 -4.287014e-02 1.003578e-05 -2.427911e-08 -1.215574e-06
15.85          2.613082e-01 8.067664e-08 -4.440733e-02 2.612978e-01 1.034077e-07 -4.440604e-02 1.039853e-05 -2.273108e-08 -1.288927e-06
15.86          2.270661e-01 4.854145e-08 -3.828062e-02 2.270546e-01 7.185334e-08 -3.827914e-02 1.154184e-05 -2.331189e-08 -1.485700e-06
15.87          2.990765e-01 1.139364e-07 -5.000313e-02 2.990656e-01 1.347435e-07 -5.000174e-02 1.090977e-05 -2.080713e-08 -1.387588e-06
15.88          2.708865e-01 8.834260e-08 -4.490592e-02 2.708753e-01 1.075434e-07 -4.490447e-02 1.121141e-05 -1.920084e-08 -1.458164e-06
15.89          2.461950e-01 6.609299e-08 -4.045622e-02 2.461830e-01 8.455550e-08 -4.045459e-02 1.202472e-05 -1.846251e-08 -1.631497e-06
15.9           3.056981e-01 1.121300e-07 -4.978037e-02 3.056865e-01 1.278483e-07 -4.977883e-02 1.159237e-05 -1.571832e-08 -1.536905e-06
15.91          2.841347e-01 9.177865e-08 -4.584179e-02 2.841224e-01 1.069088e-07 -4.584013e-02 1.228866e-05 -1.513010e-08 -1.663602e-06
15.92          2.888302e-01 9.447550e-08 -4.615697e-02 2.888174e-01 1.092557e-07 -4.615521e-02 1.278700e-05 -1.478022e-08 -1.753925e-06
15.93          2.849706e-01 9.438761e-08 -4.509640e-02 2.849576e-01 1.080219e-07 -4.509461e-02 1.299680e-05 -1.363430e-08 -1.789222e-06
15.94          3.262023e-01 1.169048e-07 -5.110330e-02 3.261897e-01 1.292561e-07 -5.110158e-02 1.263801e-05 -1.235132e-08 -1.722503e-06
15.95          3.059575e-01 1.021859e-07 -4.744009e-02 3.059446e-01 1.138202e-07 -4.743832e-02 1.294758e-05 -1.163425e-08 -1.763601e-06
15.96          2.740952e-01 7.965630e-08 -4.205334e-02 2.740814e-01 9.025678e-08 -4.205143e-02 1.383504e-05 -1.060048e-08 -1.914861e-06
15.97          3.153882e-01 1.065853e-07 -4.786504e-02 3.153744e-01 1.167466e-07 -4.786310e-02 1.386656e-05 -1.016130e-08 -1.943738e-06
15.98          3.022936e-01 9.991449e-08 -4.537056e-02 3.022792e-01 1.099346e-07 -4.536858e-02 1.435803e-05 -1.002007e-08 -1.983750e-06
15.99          3.519770e-01 1.333529e-07 -5.222685e-02 3.519630e-01 1.427874e-07 -5.222498e-02 1.395095e-05 -9.434495e-09 -1.869414e-06
16             2.813673e-01 7.609127e-08 -4.126728e-02 2.813522e-01 8.611637e-08 -4.126522e-02 1.519570e-05 -1.002510e-08 -2.058915e-06
16.01          3.615002e-01 1.415332e-07 -5.238778e-02 3.614856e-01 1.506287e-07 -5.238584e-02 1.460151e-05 -9.095510e-09 -1.939264e-06
16.02          3.485217e-01 1.561817e-07 -4.989412e-02 3.485071e-01 1.649188e-07 -4.989220e-02 1.462532e-05 -8.737086e-09 -1.913080e-06
16.03          3.177693e-01 1.219625e-07 -4.492692e-02 3.177540e-01 1.307777e-07 -4.492488e-02 1.536917e-05 -8.815256e-09 -2.037378e-06
16.04          3.656530e-01 1.556482e-07 -5.103731e-02 3.656379e-01 1.639746e-07 -5.103532e-02 1.512360e-05 -8.326381e-09 -1.985749e-06
16.05          3.286769e-01 1.360181e-07 -4.528063e-02 3.286611e-01 1.424091e-07 -4.527850e-02 1.582082e-05 -6.391001e-09 -2.132514e-06
16.06          3.292444e-01 1.416304e-07 -4.475604e-02 3.292280e-01 1.475739e-07 -4.475381e-02 1.638535e-05 -5.943426e-09 -2.235187e-06
16.07          3.359885e-01 1.417880e-07 -4.505163e-02 3.359718e-01 1.473903e-07 -4.504938e-02 1.669686e-05 -5.602305e-09 -2.257328e-06
16.08          3.458534e-01 1.594292e-07 -4.573045e-02 3.458366e-01 1.641528e-07 -4.572819e-02 1.674349e-05 -4.723572e-09 -2.258067e-06
16.09          3.562641e-01 1.701412e-07 -4.643865e-02 3.562473e-01 1.743149e-07 -4.643644e-02 1.682282e-05 -4.173646e-09 -2.204993e-06
16.1           3.565161e-01 1.728211e-07 -4.579867e-02 3.564991e-01 1.761867e-07 -4.579646e-02 1.695257e-05 -3.365577e-09 -2.205989e-06
16.11          3.457718e-01 1.612228e-07 -4.376155e-02 3.457545e-01 1.642968e-07 -4.375934e-02 1.731414e-05 -3.073998e-09 -2.216673e-06
16.12          3.487370e-01 1.730960e-07 -4.347051e-02 3.487195e-01 1.752056e-07 -4.346831e-02 1.744188e-05 -2.109666e-09 -2.204387e-06
16.13          3.433260e-01 1.669580e-07 -4.213698e-02 3.433082e-01 1.685620e-07 -4.213478e-02 1.779932e-05 -1.603989e-09 -2.199344e-06
16.14          3.516995e-01 1.753503e-07 -4.248658e-02 3.516816e-01 1.762665e-07 -4.248438e-02 1.789698e-05 -9.162497e-10 -2.198773e-06
16.15          3.199953e-01 1.546527e-07 -3.803894e-02 3.199767e-01 1.549057e-07 -3.803668e-02 1.857493e-05 -2.529272e-10 -2.255607e-06
16.16          3.593263e-01 1.776343e-07 -4.201471e-02 3.593081e-01 1.765878e-07 -4.201251e-02 1.826297e-05 1.046513e-09 -2.198385e-06
16.17          3.395734e-01 1.674954e-07 -3.904391e-02 3.395547e-01 1.659995e-07 -3.904176e-02 1.871046e-05 1.495838e-09 -2.155168e-06
16.18          4.186049e-01 2.160029e-07 -4.730963e-02 4.185868e-01 2.131507e-07 -4.730762e-02 1.807958e-05 2.852205e-09 -2.013563e-06
16.19          3.642129e-01 1.976680e-07 -4.045074e-02 3.641947e-01 1.940710e-07 -4.044875e-02 1.821747e-05 3.597032e-09 -1.991483e-06
16.2           3.581060e-01 1.899193e-07 -3.906948e-02 3.580875e-01 1.857878e-07 -3.906751e-02 1.852853e-05 4.131505e-09 -1.972978e-06
16.21          3.631083e-01 2.006002e-07 -3.890142e-02 3.630897e-01 1.955601e-07 -3.889944e-02 1.863390e-05 5.040112e-09 -1.975036e-06
16.22          3.589398e-01 1.958456e-07 -3.774885e-02 3.589209e-01 1.904191e-07 -3.774690e-02 1.888836e-05 5.426443e-09 -1.946064e-06
16.23          4.022037e-01 2.335479e-07 -4.150506e-02 4.021855e-01 2.271279e-07 -4.150327e-02 1.815428e-05 6.419971e-09 -1.793481e-06
16.24          3.750237e-01 2.178908e-07 -3.796388e-02 3.750054e-01 2.091107e-07 -3.796208e-02 1.830350e-05 8.780105e-09 -1.802899e-06
16.25          4.075618e-01 2.610948e-07 -4.045555e-02 4.075438e-01 2.527944e-07 -4.045387e-02 1.795734e-05 8.300409e-09 -1.684012e-06
16.26          3.236202e-01 1.938670e-07 -3.149082e-02 3.236011e-01 1.850961e-07 -3.148904e-02 1.903846e-05 8.770848e-09 -1.785624e-06
16.27          2.999658e-01 1.736685e-07 -2.860184e-02 2.999459e-01 1.650970e-07 -2.859994e-02 1.994022e-05 8.571466e-09 -1.899980e-06
16.28          3.652557e-01 2.113525e-07 -3.410903e-02 3.652361e-01 2.023422e-07 -3.410718e-02 1.956640e-05 9.010312e-09 -1.849920e-06
16.29          4.089688e-01 2.418059e-07 -3.739061e-02 4.089503e-01 2.320743e-07 -3.738897e-02 1.843255e-05 9.731554e-09 -1.639212e-06
16.3           3.026882e-01 1.750529e-07 -2.708830e-02 3.026688e-01 1.646304e-07 -2.708658e-02 1.939939e-05 1.042244e-08 -1.719111e-06
16.31          3.502404e-01 2.103863e-07 -3.066163e-02 3.502214e-01 1.983623e-07 -3.065997e-02 1.902059e-05 1.202400e-08 -1.661575e-06
16.32          3.544358e-01 2.101601e-07 -3.034338e-02 3.544171e-01 1.982525e-07 -3.034180e-02 1.877251e-05 1.190755e-08 -1.580387e-06
16.33          3.290808e-01 1.960107e-07 -2.754006e-02 3.290618e-01 1.853188e-07 -2.753854e-02 1.900321e-05 1.069186e-08 -1.521297e-06
16.34          3.384467e-01 1.961822e-07 -2.767560e-02 3.384278e-01 1.851278e-07 -2.767411e-02 1.886390e-05 1.105441e-08 -1.496487e-06
16.35          3.811060e-01 2.267366e-07 -3.043674e-02 3.810879e-01 2.148308e-07 -3.043537e-02 1.803604e-05 1.190579e-08 -1.366188e-06
16.36          3.449523e-01 2.084424e-07 -2.689815e-02 3.449344e-01 1.957489e-07 -2.689684e-02 1.798633e-05 1.269352e-08 -1.309535e-06
16.37          3.372886e-01 2.102781e-07 -2.566775e-02 3.372705e-01 1.974730e-07 -2.566648e-02 1.804471e-05 1.280504e-08 -1.268928e-06
16.38          3.354230e-01 2.095922e-07 -2.490122e-02 3.354049e-01 1.966587e-07 -2.489996e-02 1.810665e-05 1.293353e-08 -1.259455e-06
16.39          3.018215e-01 1.772853e-07 -2.184987e-02 3.018031e-01 1.650061e-07 -2.184865e-02 1.838317e-05 1.227922e-08 -1.213784e-06
16.4           3.295431e-01 2.012921e-07 -2.325153e-02 3.295250e-01 1.879080e-07 -2.325032e-02 1.811278e-05 1.338413e-08 -1.205656e-06
16.41          3.067907e-01 1.889831e-07 -2.108919e-02 3.067730e-01 1.752235e-07 -2.108807e-02 1.769783e-05 1.375954e-08 -1.121535e-06
16.42          3.243801e-01 1.960567e-07 -2.171400e-02 3.243627e-01 1.806748e-07 -2.171290e-02 1.745439e-05 1.538187e-08 -1.097611e-06
16.43          3.210720e-01 1.994704e-07 -2.092092e-02 3.210550e-01 1.834098e-07 -2.091986e-02 1.703989e-05 1.606065e-08 -1.059231e-06
16.44          2.979873e-01 1.857845e-07 -1.889230e-02 2.979705e-01 1.691599e-07 -1.889132e-02 1.678156e-05 1.662461e-08 -9.795457e-07
16.45          2.822438e-01 1.745278e-07 -1.740206e-02 2.822272e-01 1.578241e-07 -1.740114e-02 1.662036e-05 1.670365e-08 -9.199728e-07
16.46          2.741359e-01 1.669347e-07 -1.642955e-02 2.741194e-01 1.500618e-07 -1.642866e-02 1.646606e-05 1.687291e-08 -8.891813e-07
16.47          2.601477e-01 1.520179e-07 -1.514851e-02 2.601314e-01 1.347954e-07 -1.514762e-02 1.635053e-05 1.722252e-08 -8.891528e-07
16.48          2.523942e-01 1.528989e-07 -1.427296e-02 2.523783e-01 1.353968e-07 -1.427213e-02 1.590990e-05 1.750211e-08 -8.262075e-07
16.49          2.487626e-01 1.260978e-07 -1.365625e-02 2.487463e-01 1.086275e-07 -1.365541e-02 1.623725e-05 1.747030e-08 -8.456242e-07
16.5           2.677408e-01 1.556363e-07 -1.426190e-02 2.677252e-01 1.385299e-07 -1.426112e-02 1.563141e-05 1.710646e-08 -7.768392e-07
16.51          2.224667e-01 1.260087e-07 -1.149537e-02 2.224509e-01 1.083159e-07 -1.149458e-02 1.573432e-05 1.769280e-08 -7.911477e-07
16.52          2.441838e-01 1.391848e-07 -1.223190e-02 2.441688e-01 1.211965e-07 -1.223117e-02 1.504773e-05 1.798835e-08 -7.249727e-07
16.53          2.452965e-01 1.391143e-07 -1.190856e-02 2.452818e-01 1.212438e-07 -1.190791e-02 1.466824e-05 1.787056e-08 -6.512258e-07
16.54          2.500850e-01 1.438632e-07 -1.176177e-02 2.500710e-01 1.255972e-07 -1.176119e-02 1.398424e-05 1.826601e-08 -5.813422e-07
16.55          2.389914e-01 1.405349e-07 -1.088515e-02 2.389781e-01 1.208660e-07 -1.088467e-02 1.335315e-05 1.966894e-08 -4.861541e-07
16.56          2.270826e-01 1.350218e-07 -1.001307e-02 2.270695e-01 1.156709e-07 -1.001262e-02 1.306655e-05 1.935092e-08 -4.467201e-07
16.57          2.250647e-01 1.315539e-07 -9.604903e-03 2.250520e-01 1.115160e-07 -9.604502e-03 1.266393e-05 2.003793e-08 -4.004561e-07
16.58          2.123744e-01 1.206732e-07 -8.769420e-03 2.123619e-01 1.016696e-07 -8.769063e-03 1.252141e-05 1.900358e-08 -3.564316e-07
16.59          2.050684e-01 1.164261e-07 -8.191078e-03 2.050563e-01 9.628832e-08 -8.190747e-03 1.212869e-05 2.013774e-08 -3.305597e-07
16.6           2.129979e-01 1.260850e-07 -8.227232e-03 2.129863e-01 1.055228e-07 -8.226964e-03 1.160480e-05 2.056222e-08 -2.676622e-07
16.61          1.986533e-01 1.182681e-07 -7.419235e-03 1.986420e-01 9.708971e-08 -7.419023e-03 1.133145e-05 2.117836e-08 -2.116072e-07
16.62          1.919877e-01 1.104470e-07 -6.931468e-03 1.919769e-01 8.920804e-08 -6.931261e-03 1.074545e-05 2.123900e-08 -2.075054e-07
16.63          1.873204e-01 1.078541e-07 -6.536870e-03 1.873101e-01 8.607594e-08 -6.536706e-03 1.021508e-05 2.177814e-08 -1.633736e-07
16.64          1.798675e-01 1.056051e-07 -6.066435e-03 1.798578e-01 8.369158e-08 -6.066320e-03 9.709045e-06 2.191356e-08 -1.151159e-07
16.65          1.809520e-01 1.031089e-07 -5.897851e-03 1.809428e-01 8.119036e-08 -5.897764e-03 9.201113e-06 2.191857e-08 -8.683458e-08
16.66          1.712636e-01 9.832008e-08 -5.395029e-03 1.712549e-01 7.607640e-08 -5.394998e-03 8.696534e-06 2.224369e-08 -3.150216e-08
16.67          1.710467e-01 9.800765e-08 -5.207553e-03 1.710385e-01 7.507348e-08 -5.207565e-03 8.187489e-06 2.293417e-08 1.182930e-08
16.68          1.595692e-01 8.993742e-08 -4.696425e-03 1.595613e-01 6.707090e-08 -4.696482e-03 7.832256e-06 2.286652e-08 5.663104e-08
16.69          1.545803e-01 8.666844e-08 -4.398940e-03 1.545729e-01 6.343006e-08 -4.399026e-03 7.403588e-06 2.323838e-08 8.602690e-08
16.7           1.498591e-01 8.196248e-08 -4.125027e-03 1.498521e-01 5.850110e-08 -4.125163e-03 7.010732e-06 2.346138e-08 1.358704e-07
16.71          1.508557e-01 8.098329e-08 -4.018330e-03 1.508491e-01 5.704253e-08 -4.018514e-03 6.567392e-06 2.394076e-08 1.834862e-07
16.72          1.619768e-01 9.766130e-08 -4.177339e-03 1.619710e-01 7.164874e-08 -4.177600e-03 5.791528e-06 2.601256e-08 2.608455e-07
16.73          1.402990e-01 7.040495e-08 -3.506256e-03 1.402933e-01 4.553401e-08 -3.506558e-03 5.644043e-06 2.487094e-08 3.017525e-07
16.74          1.430218e-01 7.526923e-08 -3.465861e-03 1.430166e-01 4.871428e-08 -3.466222e-03 5.200254e-06 2.655495e-08 3.613487e-07
16.75          1.502016e-01 8.538695e-08 -3.532576e-03 1.501970e-01 5.584566e-08 -3.533029e-03 4.635704e-06 2.954129e-08 4.528697e-07
16.76          1.333193e-01 7.461297e-08 -3.046749e-03 1.333150e-01 4.326326e-08 -3.047275e-03 4.342634e-06 3.134971e-08 5.266825e-07
16.77          1.417682e-01 8.255346e-08 -3.151406e-03 1.417643e-01 4.896384e-08 -3.152028e-03 3.977553e-06 3.358962e-08 6.221447e-07
16.78          1.306552e-01 7.817371e-08 -2.829318e-03 1.306515e-01 4.246205e-08 -2.830015e-03 3.723540e-06 3.571165e-08 6.964480e-07
16.79          1.279836e-01 7.008779e-08 -2.703587e-03 1.279800e-01 3.360093e-08 -2.704336e-03 3.580965e-06 3.648686e-08 7.487209e-07
16.8           1.307372e-01 7.635441e-08 -2.698919e-03 1.307337e-01 3.804439e-08 -2.699716e-03 3.448796e-06 3.831003e-08 7.967504e-07
16.81          1.298160e-01 7.293806e-08 -2.623436e-03 1.298126e-01 3.316618e-08 -2.624283e-03 3.418427e-06 3.977188e-08 8.467232e-07
16.82          1.367269e-01 7.246223e-08 -2.710029e-03 1.367234e-01 3.204951e-08 -2.710896e-03 3.448462e-06 4.041272e-08 8.668210e-07
16.83          1.237013e-01 6.797428e-08 -2.410293e-03 1.236977e-01 2.700635e-08 -2.411169e-03 3.611805e-06 4.096793e-08 8.758848e-07
16.84          1.225962e-01 6.275106e-08 -2.353059e-03 1.225923e-01 2.204918e-08 -2.353922e-03 3.906500e-06 4.070188e-08 8.626475e-07
16.85          1.210806e-01 6.173873e-08 -2.294724e-03 1.210763e-01 2.152642e-08 -2.295534e-03 4.302162e-06 4.021230e-08 8.103927e-07
16.86          1.145996e-01 5.013330e-08 -2.149852e-03 1.145950e-01 1.141479e-08 -2.150615e-03 4.639922e-06 3.871851e-08 7.626397e-07
16.87          8.687520e-02 2.188937e-08 -1.618484e-03 8.687059e-02 -1.335622e-08 -1.619144e-03 4.601459e-06 3.524559e-08 6.598433e-07
16.88          1.125103e-01 3.999699e-08 -2.084063e-03 1.125050e-01 7.295128e-09 -2.084665e-03 5.273330e-06 3.270186e-08 6.018391e-07
16.89          1.121989e-01 4.256378e-08 -2.073790e-03 1.121928e-01 1.237742e-08 -2.074306e-03 6.024100e-06 3.018636e-08 5.164592e-07
16.9           1.025994e-01 2.226353e-08 -1.897798e-03 1.025928e-01 -3.641583e-09 -1.898225e-03 6.562601e-06 2.590511e-08 4.278248e-07
16.91          1.036837e-01 2.054672e-08 -1.923917e-03 1.036764e-01 -7.879048e-10 -1.924257e-03 7.215395e-06 2.133462e-08 3.402975e-07
16.92          1.121210e-01 3.595787e-08 -2.092560e-03 1.121128e-01 1.782991e-08 -2.092800e-03 8.189994e-06 1.812796e-08 2.399611e-07
16.93          1.170569e-01 3.125223e-08 -2.203291e-03 1.170477e-01 1.656207e-08 -2.203440e-03 9.234379e-06 1.469016e-08 1.488128e-07
16.94          1.007299e-01 1.037936e-08 -1.918287e-03 1.007202e-01 1.108676e-09 -1.918365e-03 9.703394e-06 9.270688e-09 7.873203e-08
16.95          1.049021e-01 1.372495e-08 -2.025488e-03 1.048916e-01 8.248076e-09 -2.025467e-03 1.047235e-05 5.476877e-09 -2.156783e-08
16.96          8.984501e-02 1.588740e-09 -1.764672e-03 8.983402e-02 -1.085243e-09 -1.764537e-03 1.098422e-05 2.673983e-09 -1.345783e-07
16.97          9.181983e-02 -6.501914e-09 -1.836525e-03 9.180819e-02 -4.272894e-09 -1.836341e-03 1.164177e-05 -2.229019e-09 -1.838275e-07
16.98          7.058746e-02 -1.563345e-08 -1.443498e-03 7.057550e-02 -9.965244e-09 -1.443246e-03 1.196655e-05 -5.668205e-09 -2.516562e-07
16.99          7.837318e-02 -6.518605e-09 -1.638788e-03 7.836056e-02 1.646910e-09 -1.638465e-03 1.261842e-05 -8.165515e-09 -3.230165e-07
17             5.954749e-02 -2.785223e-08 -1.278485e-03 5.953473e-02 -1.630650e-08 -1.278111e-03 1.276370e-05 -1.154574e-08 -3.734187e-07
17.01          4.153112e-02 -3.769143e-08 -9.180177e-04 4.151838e-02 -2.368292e-08 -9.176290e-04 1.273704e-05 -1.400851e-08 -3.887051e-07
17.02          6.000533e-02 -1.897219e-08 -1.360345e-03 5.999168e-02 -2.449273e-09 -1.359887e-03 1.365269e-05 -1.652292e-08 -4.583803e-07
17.03          2.335492e-02 -3.912210e-08 -5.506466e-04 2.334126e-02 -2.139181e-08 -5.501759e-04 1.366197e-05 -1.773029e-08 -4.707115e-07
17.04          2.286736e-02 -3.760993e-08 -5.561040e-04 2.285347e-02 -1.843469e-08 -5.556070e-04 1.389346e-05 -1.917524e-08 -4.969703e-07
17.05          1.119195e-02 -4.155683e-08 -2.856714e-04 1.117788e-02 -2.188427e-08 -2.851506e-04 1.407055e-05 -1.967256e-08 -5.207478e-07
17.06          4.629967e-02 -9.687609e-09 -1.191252e-03 4.628452e-02 9.354179e-09 -1.190637e-03 1.514430e-05 -1.904179e-08 -6.150372e-07
17.07          4.759149e-02 -5.021657e-09 -1.265923e-03 4.757563e-02 1.355100e-08 -1.265243e-03 1.586375e-05 -1.857265e-08 -6.797661e-07
17.08          3.877124e-02 -5.981962e-09 -1.068898e-03 3.875468e-02 1.081989e-08 -1.068130e-03 1.656034e-05 -1.680185e-08 -7.683990e-07
17.09          3.953601e-02 -9.959728e-09 -1.128145e-03 3.951905e-02 6.670116e-09 -1.127340e-03 1.695647e-05 -1.662984e-08 -8.042833e-07
17.1           2.840920e-02 -1.061650e-08 -8.426823e-04 2.839174e-02 4.823548e-09 -8.417926e-04 1.745549e-05 -1.544005e-08 -8.896522e-07
17.11          3.207680e-02 -3.851035e-09 -9.845532e-04 3.205885e-02 1.103892e-08 -9.836258e-04 1.794136e-05 -1.488996e-08 -9.274066e-07
17.12          -1.839782e-02 -4.440062e-08 5.690438e-04 -1.841534e-02 -3.125405e-08 5.699555e-04 1.752107e-05 -1.314657e-08 -9.116750e-07
17.13          1.891942e-02 -9.919825e-09 -6.283762e-04 1.890112e-02 3.793038e-09 -6.273885e-04 1.830501e-05 -1.371286e-08 -9.877474e-07
17.14          2.469809e-03 -2.137892e-08 -9.451175e-05 2.451410e-03 -7.701421e-09 -9.350058e-05 1.839921e-05 -1.367749e-08 -1.011170e-06
17.15          1.787553e-02 -6.869493e-09 -6.387026e-04 1.785667e-02 6.763200e-09 -6.376722e-04 1.885841e-05 -1.363269e-08 -1.030376e-06
17.16          -5.257381e-03 -1.754527e-08 1.799634e-04 -5.276326e-03 -4.371617e-09 1.810330e-04 1.894468e-05 -1.317366e-08 -1.069557e-06
17.17          9.588136e-03 -7.605821e-09 -3.734480e-04 9.568786e-03 6.065365e-09 -3.723661e-04 1.935038e-05 -1.367119e-08 -1.081940e-06
17.18          -1.984012e-03 -9.291290e-09 6.601414e-05 -2.003788e-03 3.754801e-09 6.714118e-05 1.977597e-05 -1.304609e-08 -1.127046e-06
17.19          -9.321538e-03 -1.093607e-08 3.661626e-04 -9.341374e-03 2.265489e-09 3.672907e-04 1.983574e-05 -1.320156e-08 -1.128107e-06
17.2           2.619192e-04 -5.031406e-09 -2.317466e-05 2.417904e-04 8.207902e-09 -2.203679e-05 2.012884e-05 -1.323931e-08 -1.137866e-06
17.21          -2.553850e-02 -1.382308e-08 1.099587e-03 -2.555864e-02 -1.048559e-09 1.100737e-03 2.014164e-05 -1.277452e-08 -1.149666e-06
17.22          -1.465000e-02 -1.699301e-10 6.481433e-04 -1.467050e-02 1.162124e-08 6.492931e-04 2.049371e-05 -1.179117e-08 -1.149739e-06
17.23          -2.473779e-02 -6.249144e-09 1.141977e-03 -2.475854e-02 5.085315e-09 1.143193e-03 2.074734e-05 -1.133446e-08 -1.215625e-06
17.24          -2.215106e-02 -1.108223e-08 1.057486e-03 -2.217180e-02 4.635381e-10 1.058676e-03 2.074448e-05 -1.154577e-08 -1.190056e-06
17.25          -4.053325e-02 -1.799067e-08 2.013003e-03 -4.055399e-02 -6.816385e-09 2.014212e-03 2.074222e-05 -1.117429e-08 -1.208749e-06
17.26          -4.494092e-02 -2.702036e-08 2.309942e-03 -4.496148e-02 -1.511544e-08 2.311117e-03 2.055765e-05 -1.190492e-08 -1.174476e-06
17.27          -3.042394e-02 -1.209335e-08 1.612604e-03 -3.044495e-02 -6.249742e-10 1.613816e-03 2.101730e-05 -1.146838e-08 -1.211656e-06
17.28          -4.635859e-02 -1.797720e-08 2.546489e-03 -4.637948e-02 -7.145319e-09 2.547700e-03 2.089137e-05 -1.083188e-08 -1.211148e-06
17.29          -2.737685e-02 -4.843999e-09 1.547966e-03 -2.739799e-02 5.536351e-09 1.549173e-03 2.114101e-05 -1.038035e-08 -1.207365e-06
17.3           -3.639744e-02 -8.655802e-09 2.129852e-03 -3.641881e-02 9.241464e-10 2.131104e-03 2.136326e-05 -9.579948e-09 -1.252327e-06
17.31          -4.515783e-02 -1.632275e-08 2.730568e-03 -4.517912e-02 -6.537704e-09 2.731898e-03 2.129013e-05 -9.785041e-09 -1.329518e-06
17.32          -3.672278e-02 -4.598433e-09 2.288550e-03 -3.674423e-02 5.168984e-09 2.289903e-03 2.145319e-05 -9.767417e-09 -1.353298e-06
17.33          -4.354129e-02 -8.782140e-09 2.800841e-03 -4.356274e-02 5.764789e-10 2.802210e-03 2.144932e-05 -9.358619e-09 -1.368523e-06
17.34          -7.424851e-03 2.201968e-08 4.807649e-04 -7.446903e-03 3.082730e-08 4.822391e-04 2.205210e-05 -8.807624e-09 -1.474186e-06
17.35          -1.005796e-01 -3.437333e-08 6.888848e-03 -1.006006e-01 -2.610470e-08 6.890241e-03 2.094033e-05 -8.268628e-09 -1.392146e-06
17.36          -3.598451e-02 -3.007084e-09 2.529709e-03 -3.600593e-02 4.683302e-09 2.531084e-03 2.141599e-05 -7.690386e-09 -1.374896e-06
17.37          -9.369399e-02 -2.544280e-08 6.800819e-03 -9.371461e-02 -1.813658e-08 6.802152e-03 2.061349e-05 -7.306219e-09 -1.332910e-06
17.38          -4.077731e-02 -2.198877e-09 3.037815e-03 -4.079834e-02 5.165544e-09 3.039145e-03 2.102100e-05 -7.364422e-09 -1.329695e-06
17.39          -5.038970e-02 -1.108509e-08 3.863620e-03 -5.041068e-02 -2.770943e-09 3.865007e-03 2.098819e-05 -8.314147e-09 -1.386969e-06
17.4           -2.152085e-02 1.004738e-08 1.688529e-03 -2.154230e-02 1.796247e-08 1.690009e-03 2.145409e-05 -7.915092e-09 -1.480145e-06
17.41          -3.530514e-02 5.573842e-09 2.855470e-03 -3.532629e-02 1.196868e-08 2.856948e-03 2.115194e-05 -6.394837e-09 -1.477500e-06
17.42          -8.014766e-02 -1.352474e-08 6.675103e-03 -8.016806e-02 -9.147365e-09 6.676552e-03 2.040184e-05 -4.377375e-09 -1.448451e-06
17.43          -1.972225e-02 1.166676e-08 1.676321e-03 -1.974317e-02 1.661316e-08 1.677865e-03 2.091440e-05 -4.946406e-09 -1.543515e-06
17.44          -3.192321e-02 8.430776e-09 2.793136e-03 -3.194410e-02 1.322885e-08 2.794754e-03 2.089290e-05 -4.798079e-09 -1.617897e-06
17.45          -1.578711e-02 1.204727e-08 1.410466e-03 -1.580790e-02 1.770883e-08 1.412131e-03 2.078750e-05 -5.661558e-09 -1.665385e-06
17.46          -2.250194e-02 9.642607e-09 2.067203e-03 -2.252265e-02 1.611431e-08 2.068971e-03 2.070655e-05 -6.471705e-09 -1.768304e-06
17.47          3.100318e-02 2.932967e-08 -2.948769e-03 3.098185e-02 3.592016e-08 -2.946862e-03 2.132418e-05 -6.590489e-09 -1.906761e-06
17.48          -1.979267e-02 1.463816e-08 1.908334e-03 -1.981326e-02 2.074279e-08 1.910194e-03 2.059629e-05 -6.104631e-09 -1.859390e-06
17.49          -6.153480e-02 -2.963158e-08 6.101880e-03 -6.155433e-02 -2.286670e-08 6.103634e-03 1.953604e-05 -6.764885e-09 -1.753727e-06
17.5           3.237879e-02 3.149509e-08 -3.304386e-03 3.235854e-02 3.953970e-08 -3.302479e-03 2.025726e-05 -8.044603e-09 -1.907277e-06
17.51          -6.594265e-03 2.091524e-08 6.742768e-04 -6.614050e-03 2.784691e-08 6.761474e-04 1.978526e-05 -6.931667e-09 -1.870550e-06
17.52          -5.743536e-03 1.794952e-08 5.996516e-04 -5.763007e-03 2.502939e-08 6.015106e-04 1.947111e-05 -7.079874e-09 -1.859001e-06
17.53          -1.242596e-02 1.068354e-08 1.340143e-03 -1.244490e-02 1.832132e-08 1.342005e-03 1.894443e-05 -7.637778e-09 -1.862236e-06
17.54          5.839472e-03 2.347376e-08 -6.604092e-04 5.820661e-03 3.073478e-08 -6.585524e-04 1.881061e-05 -7.261022e-09 -1.856821e-06
17.55          5.560189e-02 3.809602e-08 -6.325238e-03 5.558227e-02 4.905565e-08 -6.323155e-03 1.962028e-05 -1.095962e-08 -2.083068e-06
17.56          -1.006407e-02 4.093737e-09 1.156409e-03 -1.008250e-02 1.452058e-08 1.158345e-03 1.842914e-05 -1.042684e-08 -1.935635e-06
17.57          5.293062e-02 5.372331e-08 -6.276054e-03 5.291181e-02 6.219603e-08 -6.273991e-03 1.881321e-05 -8.472721e-09 -2.063022e-06
17.58          2.372195e-02 2.630075e-08 -2.875575e-03 2.370386e-02 3.369810e-08 -2.873556e-03 1.808910e-05 -7.397341e-09 -2.018143e-06
17.59          1.879734e-03 1.888884e-08 -2.417116e-04 1.862309e-03 2.647494e-08 -2.397524e-04 1.742531e-05 -7.586096e-09 -1.959221e-06
17.6           3.289205e-02 2.995833e-08 -4.142136e-03 3.287484e-02 3.675308e-08 -4.140173e-03 1.721312e-05 -6.794751e-09 -1.963454e-06
17.61          4.024711e-02 3.069733e-08 -5.163353e-03 4.023004e-02 3.755597e-08 -5.161354e-03 1.706959e-05 -6.858642e-09 -1.998975e-06
17.62          7.218085e-02 5.789911e-08 -9.427255e-03 7.216360e-02 6.387061e-08 -9.425159e-03 1.724987e-05 -5.971501e-09 -2.095466e-06
17.63          5.995205e-02 3.800242e-08 -7.976467e-03 5.993529e-02 4.381525e-08 -7.974389e-03 1.676142e-05 -5.812822e-09 -2.077807e-06
17.64          3.360865e-02 2.849939e-08 -4.556777e-03 3.359267e-02 3.420354e-08 -4.554768e-03 1.597650e-05 -5.704150e-09 -2.009088e-06
17.65          5.199870e-02 3.340238e-08 -7.170418e-03 5.198312e-02 3.895060e-08 -7.168450e-03 1.558492e-05 -5.548215e-09 -1.967606e-06
17.66          5.615606e-02 3.346481e-08 -7.878074e-03 5.614076e-02 3.891008e-08 -7.876139e-03 1.530029e-05 -5.445267e-09 -1.935182e-06
17.67          5.399353e-02 3.643997e-08 -7.704653e-03 5.397862e-02 4.199617e-08 -7.702748e-03 1.490719e-05 -5.556200e-09 -1.904284e-06
17.68          3.644512e-02 2.159190e-08 -5.290406e-03 3.643120e-02 2.713834e-08 -5.288660e-03 1.391417e-05 -5.546440e-09 -1.746122e-06
17.69          9.519659e-02 4.938577e-08 -1.403202e-02 9.518227e-02 5.471007e-08 -1.403017e-02 1.431952e-05 -5.324307e-09 -1.850754e-06
17.7           5.061026e-02 3.556755e-08 -7.583825e-03 5.059635e-02 4.082131e-08 -7.581951e-03 1.390975e-05 -5.253751e-09 -1.873890e-06
17.71          1.251111e-01 6.345368e-08 -1.903184e-02 1.250970e-01 6.851535e-08 -1.902985e-02 1.417442e-05 -5.061665e-09 -1.990186e-06
17.72          1.150680e-01 5.863647e-08 -1.777528e-02 1.150540e-01 6.377840e-08 -1.777323e-02 1.395463e-05 -5.141929e-09 -2.041595e-06
17.73          1.267993e-01 6.048056e-08 -1.988296e-02 1.267852e-01 6.635713e-08 -1.988081e-02 1.405516e-05 -5.876571e-09 -2.153885e-06
17.74          8.415031e-02 4.736272e-08 -1.339314e-02 8.413718e-02 5.261150e-08 -1.339111e-02 1.313266e-05 -5.248778e-09 -2.024514e-06
17.75          1.138739e-01 5.648568e-08 -1.838350e-02 1.138611e-01 6.154314e-08 -1.838148e-02 1.276589e-05 -5.057457e-09 -2.014795e-06
17.76          1.238870e-01 6.241280e-08 -2.028258e-02 1.238743e-01 6.765082e-08 -2.028051e-02 1.271699e-05 -5.238020e-09 -2.072229e-06
17.77          1.077167e-01 5.640772e-08 -1.787993e-02 1.077045e-01 6.206541e-08 -1.787787e-02 1.223580e-05 -5.657691e-09 -2.055418e-06
17.78          1.230943e-01 5.825688e-08 -2.070757e-02 1.230827e-01 6.368284e-08 -2.070561e-02 1.163599e-05 -5.425956e-09 -1.956431e-06
17.79          1.136283e-01 5.525485e-08 -1.936830e-02 1.136172e-01 6.129261e-08 -1.936640e-02 1.114023e-05 -6.037756e-09 -1.901354e-06
17.8           1.208210e-01 5.834015e-08 -2.085898e-02 1.208102e-01 6.460336e-08 -2.085718e-02 1.072458e-05 -6.263206e-09 -1.802139e-06
17.81          1.044704e-01 5.462099e-08 -1.826407e-02 1.044605e-01 6.043566e-08 -1.826244e-02 9.880544e-06 -5.814669e-09 -1.633280e-06
17.82          1.603030e-01 7.220943e-08 -2.836550e-02 1.602928e-01 7.802692e-08 -2.836378e-02 1.021273e-05 -5.817490e-09 -1.722945e-06
17.83          1.825369e-01 7.765204e-08 -3.268554e-02 1.825263e-01 8.437319e-08 -3.268367e-02 1.064935e-05 -6.721148e-09 -1.873981e-06
17.84          1.392411e-01 6.618532e-08 -2.522535e-02 1.392310e-01 7.290140e-08 -2.522356e-02 1.004849e-05 -6.716074e-09 -1.791658e-06
17.85          1.405257e-01 6.772211e-08 -2.574715e-02 1.405162e-01 7.457770e-08 -2.574545e-02 9.534888e-06 -6.855587e-09 -1.702134e-06
17.86          1.439408e-01 6.721568e-08 -2.666454e-02 1.439317e-01 7.314393e-08 -2.666291e-02 9.099320e-06 -5.928250e-09 -1.628468e-06
17.87          1.371306e-01 6.715902e-08 -2.567662e-02 1.371219e-01 7.293601e-08 -2.567505e-02 8.722240e-06 -5.776995e-09 -1.572408e-06
17.88          1.386114e-01 6.682145e-08 -2.622562e-02 1.386033e-01 7.192017e-08 -2.622418e-02 8.082711e-06 -5.098716e-09 -1.437772e-06
17.89          1.436061e-01 6.784618e-08 -2.744723e-02 1.435985e-01 7.293371e-08 -2.744588e-02 7.619681e-06 -5.087533e-09 -1.342779e-06
17.9           1.687649e-01 7.940485e-08 -3.257359e-02 1.687572e-01 8.473304e-08 -3.257222e-02 7.678364e-06 -5.328188e-09 -1.368017e-06
17.91          1.533410e-01 7.029084e-08 -2.988092e-02 1.533337e-01 7.525376e-08 -2.987961e-02 7.258502e-06 -4.962923e-09 -1.303100e-06
17.92          1.582232e-01 7.219961e-08 -3.111864e-02 1.582162e-01 7.762341e-08 -3.111739e-02 6.977934e-06 -5.423799e-09 -1.252059e-06
17.93          1.551024e-01 7.032051e-08 -3.077982e-02 1.550959e-01 7.633367e-08 -3.077869e-02 6.506490e-06 -6.013153e-09 -1.129982e-06
17.94          1.557340e-01 7.072748e-08 -3.117503e-02 1.557280e-01 7.673833e-08 -3.117402e-02 6.039134e-06 -6.010854e-09 -1.010554e-06
17.95          1.843537e-01 7.730769e-08 -3.721462e-02 1.843476e-01 8.395127e-08 -3.721359e-02 6.160022e-06 -6.643586e-09 -1.037364e-06
17.96          1.730345e-01 7.715821e-08 -3.521528e-02 1.730285e-01 8.457798e-08 -3.521431e-02 5.907789e-06 -7.419770e-09 -9.710041e-07
17.97          1.877265e-01 7.971103e-08 -3.850588e-02 1.877209e-01 8.780275e-08 -3.850499e-02 5.617507e-06 -8.091719e-09 -8.872057e-07
17.98          1.603336e-01 7.143201e-08 -3.313720e-02 1.603286e-01 8.022492e-08 -3.313648e-02 5.050400e-06 -8.792908e-09 -7.245560e-07
17.99          1.724711e-01 7.274192e-08 -3.590514e-02 1.724663e-01 8.186674e-08 -3.590449e-02 4.835574e-06 -9.124826e-09 -6.524828e-07
18             1.849719e-01 7.608102e-08 -3.877710e-02 1.849672e-01 8.595325e-08 -3.877650e-02 4.676399e-06 -9.872236e-09 -6.001447e-07
18.01          1.807325e-01 7.407164e-08 -3.814347e-02 1.807280e-01 8.482636e-08 -3.814294e-02 4.424016e-06 -1.075472e-08 -5.294168e-07
18.02          1.663946e-01 6.828326e-08 -3.534402e-02 1.663905e-01 7.966749e-08 -3.534361e-02 4.090460e-06 -1.138423e-08 -4.047513e-07
18.03          1.963459e-01 7.616809e-08 -4.196223e-02 1.963419e-01 8.920329e-08 -4.196186e-02 4.035183e-06 -1.303520e-08 -3.694499e-07
18.04          1.806394e-01 7.156641e-08 -3.883338e-02 1.806356e-01 8.588950e-08 -3.883313e-02 3.758273e-06 -1.432308e-08 -2.457279e-07
18.05          1.899506e-01 7.190176e-08 -4.106383e-02 1.899470e-01 8.755077e-08 -4.106365e-02 3.614397e-06 -1.564901e-08 -1.747772e-07
18.06          1.847744e-01 7.102993e-08 -4.015774e-02 1.847710e-01 8.801654e-08 -4.015768e-02 3.404040e-06 -1.698662e-08 -6.331513e-08
18.07          1.870943e-01 6.874958e-08 -4.086681e-02 1.870910e-01 8.753449e-08 -4.086683e-02 3.247607e-06 -1.878492e-08 1.590631e-08
18.08          1.904352e-01 6.973007e-08 -4.179461e-02 1.904321e-01 9.016326e-08 -4.179471e-02 3.100426e-06 -2.043319e-08 9.434631e-08
18.09          1.829465e-01 6.725113e-08 -4.033130e-02 1.829435e-01 8.823562e-08 -4.033149e-02 2.971671e-06 -2.098449e-08 1.875736e-07
18.1           1.843297e-01 7.072344e-08 -4.080705e-02 1.843268e-01 9.277301e-08 -4.080733e-02 2.878612e-06 -2.204957e-08 2.791298e-07
18.11          1.905180e-01 6.593744e-08 -4.234230e-02 1.905152e-01 8.847350e-08 -4.234262e-02 2.779757e-06 -2.253606e-08 3.226180e-07
18.12          1.964785e-01 6.279615e-08 -4.382607e-02 1.964758e-01 8.703563e-08 -4.382640e-02 2.677715e-06 -2.423948e-08 3.330406e-07
18.13          1.951968e-01 6.542882e-08 -4.368702e-02 1.951941e-01 8.982425e-08 -4.368739e-02 2.643484e-06 -2.439543e-08 3.638901e-07
18.14          2.040394e-01 5.954357e-08 -4.580730e-02 2.040369e-01 8.634319e-08 -4.580765e-02 2.525446e-06 -2.679962e-08 3.509735e-07
18.15          2.096038e-01 6.814113e-08 -4.718961e-02 2.096012e-01 9.482961e-08 -4.718994e-02 2.592594e-06 -2.668847e-08 3.314035e-07
18.16          1.915265e-01 6.234978e-08 -4.323013e-02 1.915238e-01 8.824375e-08 -4.323046e-02 2.715395e-06 -2.589397e-08 3.226963e-07
18.17          2.063062e-01 6.343260e-08 -4.667152e-02 2.063036e-01 9.091949e-08 -4.667181e-02 2.611540e-06 -2.748688e-08 2.919799e-07
18.18          1.961474e-01 6.059386e-08 -4.446223e-02 1.961447e-01 8.781209e-08 -4.446248e-02 2.722129e-06 -2.721824e-08 2.444590e-07
18.19          2.034164e-01 6.340863e-08 -4.618928e-02 2.034136e-01 9.027009e-08 -4.618947e-02 2.815459e-06 -2.686146e-08 1.988082e-07
18.2           2.018484e-01 6.412934e-08 -4.589961e-02 2.018454e-01 9.029675e-08 -4.589975e-02 3.004179e-06 -2.616741e-08 1.463334e-07
18.21          2.062934e-01 6.492619e-08 -4.696568e-02 2.062902e-01 9.003071e-08 -4.696577e-02 3.213502e-06 -2.510452e-08 8.157894e-08
18.22          2.170694e-01 6.919070e-08 -4.946378e-02 2.170661e-01 9.376906e-08 -4.946379e-02 3.334087e-06 -2.457836e-08 1.328820e-08
18.23          2.072308e-01 6.527547e-08 -4.725216e-02 2.072273e-01 8.943102e-08 -4.725210e-02 3.506221e-06 -2.415556e-08 -6.295782e-08
18.24          2.046032e-01 6.586552e-08 -4.667023e-02 2.045993e-01 8.943747e-08 -4.667008e-02 3.826631e-06 -2.357195e-08 -1.503920e-07
18.25          2.179806e-01 6.940483e-08 -4.972605e-02 2.179766e-01 9.240749e-08 -4.972583e-02 4.035479e-06 -2.300265e-08 -2.239540e-07
18.26          2.067069e-01 6.347471e-08 -4.714598e-02 2.067027e-01 8.597516e-08 -4.714570e-02 4.146299e-06 -2.250045e-08 -2.828103e-07
18.27          2.066097e-01 6.826200e-08 -4.710267e-02 2.066048e-01 8.916125e-08 -4.710221e-02 4.914252e-06 -2.089924e-08 -4.533910e-07
18.28          1.999403e-01 6.294924e-08 -4.554892e-02 1.999351e-01 8.221444e-08 -4.554840e-02 5.185579e-06 -1.926520e-08 -5.206779e-07
18.29          2.279400e-01 7.488435e-08 -5.187476e-02 2.279346e-01 9.286932e-08 -5.187417e-02 5.467221e-06 -1.798497e-08 -5.873338e-07
18.3           2.218585e-01 7.197887e-08 -5.042592e-02 2.218529e-01 8.882775e-08 -5.042530e-02 5.524263e-06 -1.684888e-08 -6.186379e-07
18.31          2.262006e-01 7.462171e-08 -5.133268e-02 2.261947e-01 9.046388e-08 -5.133197e-02 5.933368e-06 -1.584217e-08 -7.128105e-07
18.32          2.326887e-01 7.816350e-08 -5.270812e-02 2.326825e-01 9.296683e-08 -5.270732e-02 6.214010e-06 -1.480333e-08 -7.981702e-07
18.33          2.337866e-01 7.992150e-08 -5.284511e-02 2.337801e-01 9.478852e-08 -5.284422e-02 6.512532e-06 -1.486702e-08 -8.907266e-07
18.34          2.198255e-01 6.811079e-08 -4.957106e-02 2.198187e-01 8.160386e-08 -4.957011e-02 6.770093e-06 -1.349307e-08 -9.463943e-07
18.35          2.233470e-01 7.323987e-08 -5.023053e-02 2.233396e-01 8.548525e-08 -5.022946e-02 7.351471e-06 -1.224538e-08 -1.065152e-06
18.36          2.472181e-01 8.515534e-08 -5.543484e-02 2.472107e-01 9.644829e-08 -5.543377e-02 7.412010e-06 -1.129295e-08 -1.070229e-06
18.37          2.301240e-01 7.508272e-08 -5.143562e-02 2.301160e-01 8.551706e-08 -5.143445e-02 7.988396e-06 -1.043434e-08 -1.168985e-06
18.38          2.453859e-01 8.205804e-08 -5.465450e-02 2.453778e-01 9.196709e-08 -5.465332e-02 8.047639e-06 -9.909048e-09 -1.188542e-06
18.39          2.584168e-01 8.682866e-08 -5.733887e-02 2.584087e-01 9.641026e-08 -5.733766e-02 8.080301e-06 -9.581605e-09 -1.205869e-06
18.4           2.288913e-01 7.452820e-08 -5.058181e-02 2.288825e-01 8.349337e-08 -5.058043e-02 8.829597e-06 -8.965171e-09 -1.373649e-06
18.41          2.500823e-01 8.587858e-08 -5.502389e-02 2.500733e-01 9.390161e-08 -5.502246e-02 8.998124e-06 -8.023028e-09 -1.424363e-06
18.42          2.446486e-01 8.648417e-08 -5.357920e-02 2.446392e-01 9.342853e-08 -5.357768e-02 9.453689e-06 -6.944363e-09 -1.524225e-06
18.43          2.504593e-01 8.998076e-08 -5.458197e-02 2.504497e-01 9.522481e-08 -5.458041e-02 9.579788e-06 -5.244049e-09 -1.559623e-06
18.44          2.392738e-01 8.665455e-08 -5.187346e-02 2.392639e-01 9.171979e-08 -5.187185e-02 9.906145e-06 -5.065249e-09 -1.603112e-06
18.45          2.701901e-01 1.005569e-07 -5.825306e-02 2.701802e-01 1.052603e-07 -5.825148e-02 9.890682e-06 -4.703406e-09 -1.581190e-06
18.46          2.593040e-01 9.883146e-08 -5.558278e-02 2.592938e-01 1.036265e-07 -5.558116e-02 1.017998e-05 -4.795022e-09 -1.614725e-06
18.47          2.632034e-01 1.024972e-07 -5.607640e-02 2.631928e-01 1.065548e-07 -5.607468e-02 1.062482e-05 -4.057671e-09 -1.716295e-06
18.48          2.754508e-01 1.073898e-07 -5.831277e-02 2.754400e-01 1.106052e-07 -5.831100e-02 1.072484e-05 -3.215380e-09 -1.766385e-06
18.49          2.584263e-01 1.039238e-07 -5.434593e-02 2.584149e-01 1.064277e-07 -5.434401e-02 1.139431e-05 -2.503868e-09 -1.923516e-06
18.5           2.855776e-01 1.143850e-07 -5.963937e-02 2.855659e-01 1.161192e-07 -5.963736e-02 1.167581e-05 -1.734250e-09 -2.009340e-06
18.51          2.662996e-01 1.084545e-07 -5.521405e-02 2.662875e-01 1.091713e-07 -5.521195e-02 1.208962e-05 -7.167455e-10 -2.106275e-06
18.52          3.113497e-01 1.291406e-07 -6.407115e-02 3.113376e-01 1.299142e-07 -6.406901e-02 1.214136e-05 -7.736097e-10 -2.138544e-06
18.53          2.594564e-01 1.080478e-07 -5.297932e-02 2.594438e-01 1.081191e-07 -5.297710e-02 1.262142e-05 -7.130728e-11 -2.220467e-06
18.54          3.148825e-01 1.309399e-07 -6.377752e-02 3.148697e-01 1.300902e-07 -6.377526e-02 1.276466e-05 8.497166e-10 -2.263709e-06
18.55          2.712779e-01 1.138557e-07 -5.448785e-02 2.712645e-01 1.119042e-07 -5.448547e-02 1.337654e-05 1.951507e-09 -2.384140e-06
18.56          3.288170e-01 1.397939e-07 -6.547196e-02 3.288036e-01 1.381366e-07 -6.546956e-02 1.345077e-05 1.657279e-09 -2.401284e-06
18.57          2.930829e-01 1.286591e-07 -5.783583e-02 2.930690e-01 1.267292e-07 -5.783333e-02 1.391946e-05 1.929905e-09 -2.492740e-06
18.58          3.254495e-01 1.427268e-07 -6.362801e-02 3.254353e-01 1.411289e-07 -6.362548e-02 1.416118e-05 1.597950e-09 -2.534611e-06
18.59          3.062357e-01 1.346120e-07 -5.930051e-02 3.062212e-01 1.328552e-07 -5.929790e-02 1.455982e-05 1.756744e-09 -2.604601e-06
18.6           3.210264e-01 1.400911e-07 -6.155118e-02 3.210115e-01 1.387195e-07 -6.154852e-02 1.494421e-05 1.371590e-09 -2.661469e-06
18.61          3.169358e-01 1.329297e-07 -6.014903e-02 3.169205e-01 1.317109e-07 -6.014632e-02 1.528753e-05 1.218865e-09 -2.706853e-06
18.62          3.442447e-01 1.475762e-07 -6.464600e-02 3.442294e-01 1.467181e-07 -6.464330e-02 1.539168e-05 8.580979e-10 -2.700927e-06
18.63          3.286873e-01 1.426474e-07 -6.105873e-02 3.286717e-01 1.417897e-07 -6.105600e-02 1.565162e-05 8.577468e-10 -2.728455e-06
18.64          3.612867e-01 1.508920e-07 -6.636792e-02 3.612710e-01 1.511461e-07 -6.636521e-02 1.570777e-05 -2.540677e-10 -2.712398e-06
18.65          3.353686e-01 1.362447e-07 -6.090379e-02 3.353523e-01 1.371433e-07 -6.090103e-02 1.634292e-05 -8.986142e-10 -2.759960e-06
18.66          3.292480e-01 1.321635e-07 -5.909001e-02 3.292311e-01 1.333494e-07 -5.908722e-02 1.690500e-05 -1.185854e-09 -2.797160e-06
18.67          4.028323e-01 1.587657e-07 -7.142134e-02 4.028158e-01 1.605577e-07 -7.141865e-02 1.642333e-05 -1.791998e-09 -2.692264e-06
18.68          4.096200e-01 1.557882e-07 -7.172515e-02 4.096037e-01 1.579542e-07 -7.172252e-02 1.632689e-05 -2.166001e-09 -2.625629e-06
18.69          4.211787e-01 1.220595e-07 -7.281106e-02 4.211621e-01 1.248094e-07 -7.280846e-02 1.655808e-05 -2.749849e-09 -2.603180e-06
18.7           4.248577e-01 1.031262e-07 -7.248977e-02 4.248409e-01 1.070047e-07 -7.248717e-02 1.676234e-05 -3.878504e-09 -2.607224e-06
18.71          4.179659e-01 1.532164e-07 -7.036271e-02 4.179486e-01 1.596162e-07 -7.036003e-02 1.727213e-05 -6.399799e-09 -2.679628e-06
18.72          3.862606e-01 1.400827e-07 -6.413687e-02 3.862424e-01 1.517009e-07 -6.413406e-02 1.827189e-05 -1.161824e-08 -2.808333e-06
18.73          4.045746e-01 1.234752e-07 -6.623543e-02 4.045559e-01 1.339545e-07 -6.623254e-02 1.869813e-05 -1.047927e-08 -2.894600e-06
18.74          3.881479e-01 1.338353e-07 -6.263286e-02 3.881285e-01 1.482324e-07 -6.262990e-02 1.939864e-05 -1.439714e-08 -2.962005e-06
18.75          4.370602e-01 1.394180e-07 -6.948500e-02 4.370410e-01 1.527961e-07 -6.948211e-02 1.926515e-05 -1.337802e-08 -2.893274e-06
18.76          3.931221e-01 1.021661e-07 -6.155809e-02 3.931020e-01 1.151821e-07 -6.155511e-02 2.005222e-05 -1.301605e-08 -2.980056e-06
18.77          4.013422e-01 9.641189e-08 -6.187351e-02 4.013217e-01 1.087629e-07 -6.187048e-02 2.054843e-05 -1.235102e-08 -3.023510e-06
18.78          4.311985e-01 1.079481e-07 -6.542276e-02 4.311782e-01 1.166501e-07 -6.541982e-02 2.028210e-05 -8.701992e-09 -2.937891e-06
18.79          4.149187e-01 8.997438e-08 -6.193201e-02 4.148979e-01 1.003123e-07 -6.192901e-02 2.077919e-05 -1.033789e-08 -2.999070e-06
18.8           3.820111e-01 8.291787e-08 -5.607435e-02 3.819895e-01 9.237337e-08 -5.607124e-02 2.164809e-05 -9.455504e-09 -3.113973e-06
18.81          4.105731e-01 8.219956e-08 -5.923943e-02 4.105514e-01 9.244039e-08 -5.923630e-02 2.177331e-05 -1.024083e-08 -3.130440e-06
18.82          4.556542e-01 1.044157e-07 -6.459725e-02 4.556331e-01 1.143246e-07 -6.459429e-02 2.113870e-05 -9.908965e-09 -2.963786e-06
18.83          3.827612e-01 7.823394e-08 -5.329953e-02 3.827390e-01 8.733965e-08 -5.329646e-02 2.220349e-05 -9.105712e-09 -3.071088e-06
18.84          4.366320e-01 8.189370e-08 -5.969042e-02 4.366100e-01 9.110430e-08 -5.968743e-02 2.205700e-05 -9.210601e-09 -2.997463e-06
18.85          4.325530e-01 8.242906e-08 -5.803050e-02 4.325310e-01 9.247279e-08 -5.802763e-02 2.200410e-05 -1.004373e-08 -2.863888e-06
18.86          4.247395e-01 7.337137e-08 -5.589539e-02 4.247173e-01 8.417708e-08 -5.589256e-02 2.226047e-05 -1.080571e-08 -2.821995e-06
18.87          4.293831e-01 7.435062e-08 -5.540366e-02 4.293609e-01 8.499838e-08 -5.540087e-02 2.222684e-05 -1.064776e-08 -2.786326e-06
18.88          4.004112e-01 5.599110e-08 -5.063491e-02 4.003885e-01 6.714070e-08 -5.063215e-02 2.277726e-05 -1.114959e-08 -2.761136e-06
18.89          4.695284e-01 1.071274e-07 -5.816028e-02 4.695064e-01 1.185116e-07 -5.815769e-02 2.194929e-05 -1.138425e-08 -2.587742e-06
18.9           4.451541e-01 7.697933e-08 -5.399098e-02 4.451317e-01 8.837823e-08 -5.398842e-02 2.238030e-05 -1.139890e-08 -2.561449e-06
18.91          4.115405e-01 6.286362e-08 -4.885069e-02 4.115179e-01 7.475363e-08 -4.884820e-02 2.255243e-05 -1.189001e-08 -2.490834e-06
18.92          4.286425e-01 6.805381e-08 -4.977013e-02 4.286198e-01 7.987546e-08 -4.976769e-02 2.261141e-05 -1.182165e-08 -2.444371e-06
18.93          4.278835e-01 6.777702e-08 -4.857404e-02 4.278609e-01 7.911275e-08 -4.857169e-02 2.257211e-05 -1.133573e-08 -2.354366e-06
18.94          4.596824e-01 8.328785e-08 -5.099221e-02 4.596606e-01 9.004753e-08 -5.099004e-02 2.178026e-05 -6.759677e-09 -2.164951e-06
18.95          4.051126e-01 4.951460e-08 -4.389201e-02 4.050897e-01 6.259300e-08 -4.388977e-02 2.292329e-05 -1.307840e-08 -2.246192e-06
18.96          3.904151e-01 5.628038e-08 -4.129142e-02 3.903919e-01 6.850562e-08 -4.128917e-02 2.317578e-05 -1.222524e-08 -2.248092e-06
18.97          4.611628e-01 7.065471e-08 -4.758067e-02 4.611407e-01 8.011842e-08 -4.757862e-02 2.209651e-05 -9.463717e-09 -2.052729e-06
18.98          4.684322e-01 6.743944e-08 -4.712405e-02 4.684107e-01 7.666594e-08 -4.712217e-02 2.151478e-05 -9.226499e-09 -1.882243e-06
18.99          4.169200e-01 4.265417e-08 -4.087187e-02 4.168980e-01 5.417970e-08 -4.086999e-02 2.200898e-05 -1.152553e-08 -1.878160e-06
19             4.582600e-01 3.459100e-08 -4.374747e-02 4.582386e-01 4.736360e-08 -4.374571e-02 2.141608e-05 -1.277260e-08 -1.765108e-06
19.01          3.808175e-01 8.543612e-09 -3.538477e-02 3.807952e-01 2.193556e-08 -3.538296e-02 2.221178e-05 -1.339195e-08 -1.816470e-06
19.02          3.576214e-01 2.122172e-08 -3.232102e-02 3.575988e-01 3.501710e-08 -3.231917e-02 2.263898e-05 -1.379537e-08 -1.850256e-06
19.03          3.889910e-01 2.168809e-08 -3.416953e-02 3.889687e-01 3.678793e-08 -3.416783e-02 2.223115e-05 -1.509984e-08 -1.698500e-06
19.04          4.242428e-01 3.039027e-08 -3.619724e-02 4.242218e-01 4.259042e-08 -3.619570e-02 2.108329e-05 -1.220014e-08 -1.544143e-06
19.05          3.964710e-01 2.323777e-08 -3.283721e-02 3.964496e-01 3.696363e-08 -3.283563e-02 2.139802e-05 -1.372586e-08 -1.581971e-06
19.06          3.736027e-01 2.144385e-08 -3.001598e-02 3.735815e-01 3.690136e-08 -3.001452e-02 2.120062e-05 -1.545751e-08 -1.459437e-06
19.07          3.756698e-01 2.190398e-08 -2.925515e-02 3.756488e-01 3.829162e-08 -2.925373e-02 2.103044e-05 -1.638764e-08 -1.413912e-06
19.08          4.087771e-01 4.305724e-08 -3.083189e-02 4.087568e-01 6.086111e-08 -3.083059e-02 2.023693e-05 -1.780387e-08 -1.305837e-06
19.09          3.516885e-01 3.804260e-09 -2.567377e-02 3.516679e-01 2.381801e-08 -2.567252e-02 2.066893e-05 -2.001375e-08 -1.249372e-06
19.1           3.006455e-01 4.937621e-09 -2.122598e-02 3.006243e-01 2.357055e-08 -2.122466e-02 2.122262e-05 -1.863293e-08 -1.315614e-06
19.11          3.364861e-01 2.999315e-08 -2.295184e-02 3.364654e-01 4.850022e-08 -2.295059e-02 2.078987e-05 -1.850707e-08 -1.245039e-06
19.12          3.312272e-01 3.854673e-08 -2.181008e-02 3.312071e-01 5.747630e-08 -2.180894e-02 2.008776e-05 -1.892956e-08 -1.139066e-06
19.13          3.346728e-01 4.348320e-08 -2.125318e-02 3.346532e-01 6.320418e-08 -2.125206e-02 1.961101e-05 -1.972099e-08 -1.113210e-06
19.14          3.179853e-01 4.661542e-08 -1.945816e-02 3.179664e-01 6.700674e-08 -1.945716e-02 1.886145e-05 -2.039132e-08 -9.994420e-07
19.15          3.006599e-01 4.264966e-08 -1.771003e-02 3.006415e-01 6.306290e-08 -1.770912e-02 1.837258e-05 -2.041324e-08 -9.143367e-07
19.16          3.056310e-01 3.972760e-08 -1.731136e-02 3.056131e-01 6.013256e-08 -1.731048e-02 1.785717e-05 -2.040496e-08 -8.750446e-07
19.17          2.762953e-01 3.611517e-08 -1.503465e-02 2.762776e-01 5.627582e-08 -1.503385e-02 1.767438e-05 -2.016065e-08 -7.940915e-07
19.18          2.995355e-01 4.265476e-08 -1.564045e-02 2.995184e-01 6.310694e-08 -1.563970e-02 1.710494e-05 -2.045219e-08 -7.520436e-07
19.19          2.729814e-01 4.366380e-08 -1.366442e-02 2.729649e-01 6.560960e-08 -1.366376e-02 1.657022e-05 -2.194580e-08 -6.635974e-07
19.2           2.312914e-01 3.936772e-08 -1.108641e-02 2.312748e-01 6.204497e-08 -1.108574e-02 1.664403e-05 -2.267725e-08 -6.619418e-07
19.21          2.679315e-01 5.126816e-08 -1.227960e-02 2.679156e-01 7.409378e-08 -1.227900e-02 1.590882e-05 -2.282561e-08 -5.958426e-07
19.22          2.025689e-01 4.745427e-08 -8.869333e-03 2.025527e-01 7.130449e-08 -8.868736e-03 1.611889e-05 -2.385022e-08 -5.976416e-07
19.23          2.038612e-01 5.408196e-08 -8.513268e-03 2.038453e-01 7.852313e-08 -8.512688e-03 1.585270e-05 -2.444117e-08 -5.805298e-07
19.24          1.901612e-01 5.807427e-08 -7.564028e-03 1.901457e-01 8.360250e-08 -7.563469e-03 1.549578e-05 -2.552823e-08 -5.591028e-07
19.25          2.132818e-01 6.466592e-08 -8.066886e-03 2.132676e-01 9.199578e-08 -8.066447e-03 1.427785e-05 -2.732986e-08 -4.392706e-07
19.26          2.017693e-01 6.284946e-08 -7.246803e-03 2.017558e-01 9.062477e-08 -7.246427e-03 1.347182e-05 -2.777532e-08 -3.759034e-07
19.27          2.092171e-01 6.057096e-08 -7.123546e-03 2.092045e-01 8.922810e-08 -7.123250e-03 1.263595e-05 -2.865714e-08 -2.952285e-07
19.28          1.948677e-01 6.190295e-08 -6.279817e-03 1.948559e-01 9.077141e-08 -6.279622e-03 1.185283e-05 -2.886846e-08 -1.951736e-07
19.29          1.611495e-01 5.586653e-08 -4.907282e-03 1.611379e-01 8.432418e-08 -4.907100e-03 1.167109e-05 -2.845765e-08 -1.812674e-07
19.3           1.532617e-01 5.722645e-08 -4.401184e-03 1.532504e-01 8.495218e-08 -4.401007e-03 1.125827e-05 -2.772573e-08 -1.773456e-07
19.31          1.723991e-01 5.976585e-08 -4.658289e-03 1.723887e-01 8.853718e-08 -4.658236e-03 1.042147e-05 -2.877133e-08 -5.346020e-08
19.32          1.631092e-01 5.776045e-08 -4.139542e-03 1.630996e-01 8.678612e-08 -4.139543e-03 9.635141e-06 -2.902567e-08 1.217252e-09
19.33          1.657207e-01 6.077575e-08 -3.941635e-03 1.657120e-01 8.873302e-08 -3.941670e-03 8.713570e-06 -2.795728e-08 3.565358e-08
19.34          1.551924e-01 5.749421e-08 -3.451913e-03 1.551844e-01 8.650009e-08 -3.452015e-03 7.995146e-06 -2.900588e-08 1.016591e-07
19.35          1.527306e-01 5.581071e-08 -3.168959e-03 1.527232e-01 8.561399e-08 -3.169114e-03 7.362700e-06 -2.980328e-08 1.544229e-07
19.36          1.492553e-01 5.365727e-08 -2.881592e-03 1.492485e-01 8.492206e-08 -2.881798e-03 6.777648e-06 -3.126479e-08 2.061030e-07
19.37          1.532680e-01 5.302365e-08 -2.745718e-03 1.532618e-01 8.604220e-08 -2.745984e-03 6.143590e-06 -3.301854e-08 2.655593e-07
19.38          1.331379e-01 4.629238e-08 -2.206832e-03 1.331323e-01 8.166461e-08 -2.207181e-03 5.597234e-06 -3.537223e-08 3.493352e-07
19.39          1.357212e-01 4.587376e-08 -2.074738e-03 1.357162e-01 8.416911e-08 -2.075166e-03 5.053431e-06 -3.829535e-08 4.284924e-07
19.4           1.302258e-01 4.087568e-08 -1.830156e-03 1.302212e-01 8.319935e-08 -1.830669e-03 4.562135e-06 -4.232368e-08 5.125381e-07
19.41          1.296253e-01 3.560935e-08 -1.668941e-03 1.296212e-01 8.281784e-08 -1.669542e-03 4.156485e-06 -4.720850e-08 6.011427e-07
19.42          1.368649e-01 3.841519e-08 -1.607832e-03 1.368611e-01 8.975638e-08 -1.608535e-03 3.771116e-06 -5.134119e-08 7.030873e-07
19.43          1.190467e-01 3.609455e-08 -1.271322e-03 1.190431e-01 8.974094e-08 -1.272071e-03 3.541725e-06 -5.364639e-08 7.493741e-07
19.44          1.197592e-01 3.126292e-08 -1.157466e-03 1.197557e-01 8.764842e-08 -1.158251e-03 3.468932e-06 -5.638551e-08 7.850396e-07
19.45          1.192424e-01 3.485269e-08 -1.038070e-03 1.192389e-01 9.227279e-08 -1.038868e-03 3.476631e-06 -5.742009e-08 7.972621e-07
19.46          1.093908e-01 2.332768e-08 -8.542297e-04 1.093873e-01 8.193283e-08 -8.550174e-04 3.523860e-06 -5.860515e-08 7.877218e-07
19.47          1.124770e-01 3.799455e-08 -7.837481e-04 1.124732e-01 9.530566e-08 -7.845275e-04 3.802288e-06 -5.731111e-08 7.794149e-07
19.48          1.225176e-01 4.769530e-08 -7.579155e-04 1.225132e-01 1.035453e-07 -7.586848e-04 4.368168e-06 -5.584999e-08 7.692729e-07
19.49          1.027226e-01 4.998722e-08 -5.624364e-04 1.027177e-01 1.023089e-07 -5.631636e-04 4.877878e-06 -5.232172e-08 7.272036e-07
19.5           1.034574e-01 6.042952e-08 -4.984452e-04 1.034520e-01 1.079666e-07 -4.991194e-04 5.412508e-06 -4.753712e-08 6.741861e-07
19.51          1.187372e-01 7.232371e-08 -5.007133e-04 1.187312e-01 1.137798e-07 -5.013267e-04 6.070693e-06 -4.145607e-08 6.133186e-07
19.52          8.546793e-02 7.273009e-08 -3.165076e-04 8.546124e-02 1.070313e-07 -3.170710e-04 6.685484e-06 -3.430125e-08 5.633643e-07
19.53          1.035912e-01 8.420338e-08 -3.339389e-04 1.035838e-01 1.099875e-07 -3.344274e-04 7.489265e-06 -2.578411e-08 4.884763e-07
19.54          7.300023e-02 9.837661e-08 -2.077171e-04 7.299254e-02 1.147324e-07 -2.081230e-04 7.693931e-06 -1.635576e-08 4.058893e-07
19.55          7.000940e-02 8.872670e-08 -1.755160e-04 7.000126e-02 9.626127e-08 -1.758521e-04 8.139847e-06 -7.534574e-09 3.360844e-07
19.56          8.607113e-02 1.112560e-07 -1.907746e-04 8.606199e-02 1.106817e-07 -1.910458e-04 9.133867e-06 5.742453e-10 2.712431e-07
19.57          4.252604e-02 1.219202e-07 -8.896576e-05 4.251682e-02 1.106051e-07 -8.918056e-05 9.218529e-06 1.131508e-08 2.148001e-07
19.58          1.240551e-01 1.205732e-07 -2.273077e-04 1.240439e-01 1.049836e-07 -2.274397e-04 1.125073e-05 1.558968e-08 1.319764e-07
19.59          1.064257e-01 1.247364e-07 -1.873054e-04 1.064132e-01 1.045786e-07 -1.873627e-04 1.248125e-05 2.015774e-08 5.721624e-08
19.6           6.086413e-02 1.119652e-07 -1.092094e-04 6.085135e-02 8.723662e-08 -1.092415e-04 1.278168e-05 2.472860e-08 3.207497e-08
19.61          5.579904e-02 1.110017e-07 -1.033892e-04 5.578574e-02 8.278436e-08 -1.033946e-04 1.329807e-05 2.821733e-08 5.395862e-09
19.62          5.864538e-02 1.191063e-07 -1.147122e-04 5.863121e-02 8.747898e-08 -1.146781e-04 1.417071e-05 3.162729e-08 -3.414661e-08
19.63          1.004563e-01 1.251108e-07 -2.079338e-04 1.004407e-01 9.073151e-08 -2.078345e-04 1.563426e-05 3.437933e-08 -9.939319e-08
19.64          4.614495e-02 1.186651e-07 -1.113826e-04 4.612915e-02 8.179854e-08 -1.112548e-04 1.579967e-05 3.686660e-08 -1.278267e-07
19.65          1.525879e-02 1.101430e-07 -4.739977e-05 1.524301e-02 6.955231e-08 -4.728018e-05 1.578346e-05 4.059072e-08 -1.195909e-07
19.66          3.788109e-02 1.080495e-07 -1.185880e-04 3.786456e-02 6.595476e-08 -1.184494e-04 1.652715e-05 4.209470e-08 -1.385797e-07
19.67          3.760696e-02 1.107464e-07 -1.344079e-04 3.758964e-02 6.861210e-08 -1.342077e-04 1.732580e-05 4.213433e-08 -2.002042e-07
19.68          2.567534e-02 1.035666e-07 -1.076674e-04 2.565747e-02 6.171668e-08 -1.074137e-04 1.786678e-05 4.184993e-08 -2.537630e-07
19.69          -1.088793e-02 9.796032e-08 3.753371e-05 -1.090583e-02 5.636468e-08 3.780512e-05 1.790199e-05 4.159564e-08 -2.714055e-07
19.7           3.544814e-02 9.744995e-08 -1.873644e-04 3.542928e-02 5.605721e-08 -1.870472e-04 1.886164e-05 4.139275e-08 -3.171891e-07
19.71          5.336652e-03 8.776504e-08 -4.104323e-05 5.317419e-03 4.778012e-08 -4.066668e-05 1.923309e-05 3.998492e-08 -3.765479e-07
19.72          2.849105e-02 8.813403e-08 -1.941992e-04 2.847100e-02 4.887436e-08 -1.937792e-04 2.004708e-05 3.925967e-08 -4.200020e-07
19.73          -1.014555e-02 7.990994e-08 6.262764e-05 -1.016576e-02 4.212700e-08 6.304992e-05 2.021493e-05 3.778294e-08 -4.222852e-07
19.74          -2.740122e-02 6.614346e-08 2.117216e-04 -2.742150e-02 2.966460e-08 2.121280e-04 2.027825e-05 3.647886e-08 -4.063699e-07
19.75          -9.744053e-03 8.675417e-08 7.664410e-05 -9.764961e-03 5.054977e-08 7.707354e-05 2.090813e-05 3.620441e-08 -4.294396e-07
19.76          -3.285706e-02 6.294703e-08 3.192873e-04 -3.287820e-02 2.984082e-08 3.197449e-04 2.113754e-05 3.310621e-08 -4.576489e-07
19.77          -4.249446e-02 6.234034e-08 4.612955e-04 -4.251559e-02 2.956814e-08 4.616955e-04 2.112352e-05 3.277220e-08 -3.999662e-07
19.78          -4.207857e-02 5.454421e-08 5.034605e-04 -4.210009e-02 2.443412e-08 5.038775e-04 2.152333e-05 3.011010e-08 -4.169667e-07
19.79          -7.402488e-02 4.161204e-08 9.821040e-04 -7.404645e-02 1.344514e-08 9.825346e-04 2.157051e-05 2.816690e-08 -4.306640e-07
19.8           -7.203004e-02 3.531210e-08 1.044240e-03 -7.205168e-02 8.735469e-09 1.044634e-03 2.164048e-05 2.657663e-08 -3.941765e-07
19.81          -8.596532e-02 3.379077e-08 1.359480e-03 -8.598704e-02 8.679442e-09 1.359832e-03 2.171915e-05 2.511133e-08 -3.516374e-07
19.82          -5.653388e-02 4.322033e-08 9.652451e-04 -5.655631e-02 1.910371e-08 9.655847e-04 2.242791e-05 2.411662e-08 -3.396170e-07
19.83          -1.163526e-01 2.192631e-08 2.163829e-03 -1.163747e-01 5.424107e-11 2.164157e-03 2.212951e-05 2.187207e-08 -3.280577e-07
19.84          -1.216805e-01 1.956454e-08 2.440213e-03 -1.217025e-01 -2.011187e-09 2.440515e-03 2.201138e-05 2.157573e-08 -3.013228e-07
19.85          -8.509158e-02 2.242486e-08 1.830245e-03 -8.511415e-02 1.981367e-09 1.830561e-03 2.257066e-05 2.044349e-08 -3.165227e-07
19.86          -3.307655e-02 3.644108e-08 7.540294e-04 -3.310039e-02 1.772809e-08 7.544230e-04 2.383513e-05 1.871299e-08 -3.935859e-07
19.87          -1.010497e-01 2.166445e-08 2.495865e-03 -1.010733e-01 4.065744e-09 2.496298e-03 2.355799e-05 1.759870e-08 -4.336006e-07
19.88          -4.676819e-02 3.311786e-08 1.224974e-03 -4.679255e-02 1.689730e-08 1.225449e-03 2.436382e-05 1.622056e-08 -4.744611e-07
19.89          -1.046473e-01 1.838756e-08 2.937109e-03 -1.046714e-01 3.230467e-09 2.937597e-03 2.410529e-05 1.515709e-08 -4.887114e-07
19.9           -5.491003e-02 2.986671e-08 1.630528e-03 -5.493488e-02 1.544548e-08 1.631070e-03 2.485234e-05 1.442123e-08 -5.419539e-07
19.91          -1.662168e-01 -3.424506e-09 5.263616e-03 -1.662406e-01 -1.706487e-08 5.264124e-03 2.377220e-05 1.364036e-08 -5.080723e-07
19.92          -1.053792e-01 1.787429e-08 3.526053e-03 -1.054033e-01 2.786643e-09 3.526557e-03 2.414671e-05 1.508764e-08 -5.039652e-07
19.93          -1.120347e-01 4.153219e-09 3.961345e-03 -1.120591e-01 -9.382210e-09 3.961928e-03 2.439708e-05 1.353543e-08 -5.829327e-07
19.94          -1.065615e-01 1.299212e-08 3.973136e-03 -1.065860e-01 -2.330701e-09 3.973732e-03 2.449144e-05 1.532282e-08 -5.965232e-07
19.95          -1.190244e-01 6.490820e-10 4.675018e-03 -1.190487e-01 -1.400067e-08 4.675648e-03 2.431271e-05 1.464975e-08 -6.303971e-07
19.96          -1.105204e-01 3.181250e-09 4.562960e-03 -1.105448e-01 -1.159584e-08 4.563617e-03 2.441446e-05 1.477709e-08 -6.565582e-07
19.97          -1.459902e-01 -1.315228e-08 6.333008e-03 -1.460139e-01 -2.805531e-08 6.333627e-03 2.372151e-05 1.490303e-08 -6.194654e-07
19.98          -1.068152e-01 2.549925e-09 4.853744e-03 -1.068393e-01 -1.139533e-08 4.854382e-03 2.410877e-05 1.394526e-08 -6.376484e-07
19.99          -1.158552e-01 -4.821720e-09 5.513489e-03 -1.158792e-01 -1.804047e-08 5.514189e-03 2.402810e-05 1.321875e-08 -6.997790e-07
20             -6.000115e-02 2.434431e-08 2.978934e-03 -6.002604e-02 1.297618e-08 2.979761e-03 2.488530e-05 1.136813e-08 -8.264858e-07
20.01          -9.981374e-02 4.024895e-09 5.186795e-03 -9.983805e-02 -8.649692e-09 5.187594e-03 2.430584e-05 1.267459e-08 -7.989343e-07
20.02          -9.607940e-02 6.412032e-09 5.208024e-03 -9.610367e-02 -6.150075e-09 5.208932e-03 2.426947e-05 1.256211e-08 -9.083798e-07
20.03          -7.020517e-02 3.993532e-08 3.961880e-03 -7.022961e-02 2.544836e-08 3.962858e-03 2.443919e-05 1.448696e-08 -9.783019e-07
20.04          -1.074071e-01 -4.727438e-09 6.317563e-03 -1.074309e-01 -1.765736e-08 6.318566e-03 2.378609e-05 1.292992e-08 -1.002306e-06
20.05          -8.949316e-02 8.213955e-09 5.471622e-03 -8.951672e-02 -5.620657e-09 5.472591e-03 2.355780e-05 1.383461e-08 -9.686935e-07
20.06          -9.358274e-02 3.240373e-09 5.944707e-03 -9.360612e-02 -9.256525e-09 5.945726e-03 2.338150e-05 1.249690e-08 -1.019171e-06
20.07          -9.471222e-02 -5.157693e-09 6.244338e-03 -9.473530e-02 -1.617675e-08 6.245382e-03 2.307973e-05 1.101905e-08 -1.043714e-06
20.08          -7.370343e-02 1.461003e-08 5.035476e-03 -7.372640e-02 1.604045e-09 5.036489e-03 2.297357e-05 1.300599e-08 -1.012618e-06
20.09          -7.848396e-02 5.177842e-09 5.556042e-03 -7.850677e-02 -7.165465e-09 5.557135e-03 2.280857e-05 1.234331e-08 -1.093823e-06
20.1           -7.230487e-02 1.173747e-08 5.297329e-03 -7.232755e-02 -3.294084e-10 5.298419e-03 2.268188e-05 1.206687e-08 -1.089626e-06
20.11          -5.327290e-02 2.606071e-08 4.033060e-03 -5.329574e-02 1.298529e-08 4.034201e-03 2.283334e-05 1.307542e-08 -1.141239e-06
20.12          -5.233108e-02 2.073256e-08 4.093822e-03 -5.235387e-02 7.084148e-09 4.095078e-03 2.279265e-05 1.364841e-08 -1.256199e-06
20.13          -5.781597e-02 1.143543e-08 4.671701e-03 -5.783840e-02 -1.179176e-09 4.673029e-03 2.243158e-05 1.261461e-08 -1.327687e-06
20.14          -1.083084e-03 3.361600e-08 7.837982e-05 -1.105797e-03 2.071170e-08 7.978494e-05 2.271242e-05 1.290430e-08 -1.405117e-06
20.15          -1.690645e-03 3.672222e-08 1.337919e-04 -1.713218e-03 2.411876e-08 1.352934e-04 2.257302e-05 1.260346e-08 -1.501424e-06
20.16          1.668150e-02 4.191162e-08 -1.492423e-03 1.665891e-02 3.116563e-08 -1.490800e-03 2.259139e-05 1.074599e-08 -1.622837e-06
20.17          -6.696955e-02 8.840892e-09 6.109274e-03 -6.699060e-02 -1.877929e-09 6.110779e-03 2.104699e-05 1.071882e-08 -1.504722e-06
20.18          2.189301e-02 4.645529e-08 -2.069528e-03 2.187158e-02 3.598678e-08 -2.067940e-03 2.143678e-05 1.046851e-08 -1.587646e-06
20.19          8.759681e-03 5.736060e-08 -8.579969e-04 8.738485e-03 4.665968e-08 -8.563305e-04 2.119534e-05 1.070092e-08 -1.666318e-06
20.2           4.376971e-02 5.050525e-08 -4.357908e-03 4.374837e-02 4.043605e-08 -4.356120e-03 2.133497e-05 1.006919e-08 -1.788210e-06
20.21          5.250004e-02 5.674555e-08 -5.364706e-03 5.247880e-02 4.710083e-08 -5.362821e-03 2.124710e-05 9.644712e-09 -1.884517e-06
20.22          3.775590e-02 5.440776e-08 -3.961586e-03 3.773513e-02 4.485841e-08 -3.959674e-03 2.077364e-05 9.549348e-09 -1.912223e-06
20.23          1.030459e-03 4.051816e-08 -1.199697e-04 1.010749e-03 3.049524e-08 -1.181838e-04 1.970990e-05 1.002292e-08 -1.785834e-06
20.24          2.230583e-02 4.628804e-08 -2.463974e-03 2.228678e-02 3.536958e-08 -2.462254e-03 1.905729e-05 1.091846e-08 -1.720657e-06
20.25          1.827209e-02 5.568950e-08 -2.069088e-03 1.825341e-02 4.331037e-08 -2.067409e-03 1.868069e-05 1.237913e-08 -1.678365e-06
20.26          1.838347e-02 4.283619e-08 -2.131043e-03 1.836560e-02 2.974400e-08 -2.129448e-03 1.787301e-05 1.309219e-08 -1.595605e-06
20.27          3.928804e-02 4.704228e-08 -4.650001e-03 3.927065e-02 3.421010e-08 -4.648417e-03 1.738711e-05 1.283217e-08 -1.583702e-06
20.28          3.134182e-02 4.247364e-08 -3.795932e-03 3.132497e-02 2.987732e-08 -3.794361e-03 1.684458e-05 1.259632e-08 -1.571021e-06
20.29          4.053201e-02 4.500234e-08 -5.015510e-03 4.051548e-02 3.277998e-08 -5.013929e-03 1.653447e-05 1.222236e-08 -1.581111e-06
20.3           3.735533e-02 4.383456e-08 -4.723536e-03 3.733925e-02 3.158674e-08 -4.721952e-03 1.608261e-05 1.224782e-08 -1.583747e-06
20.31          7.137281e-02 5.915359e-08 -9.210204e-03 7.135692e-02 4.805374e-08 -9.208568e-03 1.588802e-05 1.109985e-08 -1.636279e-06
20.32          9.284306e-02 6.527387e-08 -1.222865e-02 9.282769e-02 5.319591e-08 -1.222703e-02 1.536716e-05 1.207796e-08 -1.624625e-06
20.33          5.743558e-02 5.083389e-08 -7.722114e-03 5.742080e-02 3.906020e-08 -7.720520e-03 1.478052e-05 1.177369e-08 -1.593287e-06
20.34          7.465753e-02 6.108620e-08 -1.023455e-02 7.464300e-02 4.847245e-08 -1.023297e-02 1.453554e-05 1.261375e-08 -1.582594e-06
20.35          5.757337e-02 5.288350e-08 -8.047639e-03 5.755970e-02 3.990732e-08 -8.046143e-03 1.367038e-05 1.297618e-08 -1.495834e-06
20.36          9.637206e-02 6.306224e-08 -1.372148e-02 9.635851e-02 5.002968e-08 -1.371997e-02 1.354779e-05 1.303255e-08 -1.508886e-06
20.37          9.130528e-02 6.173714e-08 -1.324143e-02 9.129210e-02 4.836937e-08 -1.323992e-02 1.317800e-05 1.336777e-08 -1.508836e-06
20.38          5.441402e-02 4.324044e-08 -8.036819e-03 5.440209e-02 2.930263e-08 -8.035476e-03 1.193564e-05 1.393781e-08 -1.343132e-06
20.39          1.193532e-01 6.652296e-08 -1.793195e-02 1.193409e-01 5.459155e-08 -1.793051e-02 1.223818e-05 1.193141e-08 -1.435344e-06
20.4           1.209991e-01 6.784016e-08 -1.849349e-02 1.209870e-01 5.674163e-08 -1.849201e-02 1.207590e-05 1.109854e-08 -1.473793e-06
20.41          1.188251e-01 7.055816e-08 -1.846773e-02 1.188133e-01 6.064331e-08 -1.846623e-02 1.180592e-05 9.914846e-09 -1.499869e-06
20.42          1.178336e-01 7.419069e-08 -1.861513e-02 1.178221e-01 6.458581e-08 -1.861364e-02 1.146650e-05 9.604884e-09 -1.493780e-06
20.43          1.383869e-01 7.872192e-08 -2.221237e-02 1.383755e-01 7.015661e-08 -2.221080e-02 1.143810e-05 8.565305e-09 -1.570225e-06
20.44          1.235397e-01 7.242329e-08 -2.014089e-02 1.235289e-01 6.400919e-08 -2.013938e-02 1.080063e-05 8.414100e-09 -1.512831e-06
20.45          1.265849e-01 7.634595e-08 -2.095252e-02 1.265746e-01 6.805125e-08 -2.095107e-02 1.028000e-05 8.294702e-09 -1.458524e-06
20.46          1.337854e-01 7.711179e-08 -2.247398e-02 1.337757e-01 6.837877e-08 -2.247264e-02 9.704368e-06 8.733024e-09 -1.337640e-06
20.47          1.636000e-01 8.645491e-08 -2.788043e-02 1.635902e-01 7.910776e-08 -2.787905e-02 9.750959e-06 7.347151e-09 -1.379403e-06
20.48          1.494033e-01 8.164528e-08 -2.582194e-02 1.493939e-01 7.488259e-08 -2.582059e-02 9.350638e-06 6.762692e-09 -1.345006e-06
20.49          1.676081e-01 8.527705e-08 -2.936676e-02 1.675988e-01 8.036642e-08 -2.936541e-02 9.214943e-06 4.910635e-09 -1.348324e-06
20.5           1.696771e-01 8.391713e-08 -3.012828e-02 1.696682e-01 8.072415e-08 -3.012694e-02 8.981032e-06 3.192975e-09 -1.341093e-06
20.51          1.623273e-01 8.320532e-08 -2.920011e-02 1.623188e-01 8.096463e-08 -2.919883e-02 8.527443e-06 2.240696e-09 -1.274946e-06
20.52          1.613455e-01 8.238725e-08 -2.939244e-02 1.613373e-01 8.087214e-08 -2.939120e-02 8.174868e-06 1.515106e-09 -1.231679e-06
20.53          1.548718e-01 7.977849e-08 -2.856218e-02 1.548643e-01 7.915125e-08 -2.856108e-02 7.548122e-06 6.272470e-10 -1.103286e-06
20.54          1.688340e-01 8.525136e-08 -3.151128e-02 1.688267e-01 8.614708e-08 -3.151022e-02 7.282597e-06 -8.957211e-10 -1.062769e-06
20.55          1.511747e-01 7.783512e-08 -2.854584e-02 1.511681e-01 7.851134e-08 -2.854493e-02 6.577317e-06 -6.762155e-10 -9.130719e-07
20.56          1.627080e-01 8.090224e-08 -3.107209e-02 1.627019e-01 8.195047e-08 -3.107126e-02 6.154145e-06 -1.048224e-09 -8.267768e-07
20.57          1.637362e-01 8.091954e-08 -3.161289e-02 1.637304e-01 8.312371e-08 -3.161212e-02 5.836678e-06 -2.204171e-09 -7.669156e-07
20.58          1.643072e-01 7.838061e-08 -3.206215e-02 1.643019e-01 8.151700e-08 -3.206151e-02 5.354828e-06 -3.136384e-09 -6.422149e-07
20.59          1.689661e-01 7.761262e-08 -3.331251e-02 1.689611e-01 8.191205e-08 -3.331194e-02 5.031479e-06 -4.299426e-09 -5.648968e-07
20.6           1.714643e-01 7.502789e-08 -3.414394e-02 1.714595e-01 8.154128e-08 -3.414345e-02 4.785892e-06 -6.513386e-09 -4.872059e-07
20.61          1.749827e-01 7.634597e-08 -3.518306e-02 1.749783e-01 8.450279e-08 -3.518267e-02 4.454998e-06 -8.156818e-09 -3.817444e-07
20.62          1.749981e-01 7.322351e-08 -3.551663e-02 1.749939e-01 8.346440e-08 -3.551634e-02 4.203721e-06 -1.024088e-08 -2.915342e-07
20.63          1.759213e-01 7.183261e-08 -3.602804e-02 1.759173e-01 8.503713e-08 -3.602783e-02 3.980242e-06 -1.320452e-08 -2.081178e-07
20.64          1.777734e-01 6.731172e-08 -3.672639e-02 1.777696e-01 8.268529e-08 -3.672629e-02 3.724107e-06 -1.537357e-08 -9.617540e-08
20.65          1.803485e-01 6.704607e-08 -3.757330e-02 1.803449e-01 8.504844e-08 -3.757329e-02 3.518704e-06 -1.800237e-08 -4.042182e-09
20.66          1.791909e-01 6.425697e-08 -3.763584e-02 1.791876e-01 8.521639e-08 -3.763592e-02 3.335605e-06 -2.095943e-08 8.008595e-08
20.67          1.869744e-01 6.561318e-08 -3.957764e-02 1.869713e-01 8.899863e-08 -3.957780e-02 3.179663e-06 -2.338545e-08 1.603452e-07
20.68          1.792560e-01 5.980170e-08 -3.822865e-02 1.792530e-01 8.520253e-08 -3.822889e-02 3.040327e-06 -2.540083e-08 2.387731e-07
20.69          1.843388e-01 5.561264e-08 -3.959478e-02 1.843359e-01 8.424991e-08 -3.959506e-02 2.950351e-06 -2.863728e-08 2.785783e-07
20.7           1.809321e-01 5.642219e-08 -3.913056e-02 1.809292e-01 8.538808e-08 -3.913090e-02 2.894574e-06 -2.896589e-08 3.385822e-07
20.71          1.931301e-01 5.614953e-08 -4.204289e-02 1.931273e-01 8.704848e-08 -4.204326e-02 2.854398e-06 -3.089896e-08 3.661785e-07
20.72          1.938398e-01 5.207254e-08 -4.246179e-02 1.938370e-01 8.517252e-08 -4.246217e-02 2.811483e-06 -3.309998e-08 3.810491e-07
20.73          1.817920e-01 4.485825e-08 -4.006020e-02 1.817892e-01 7.987143e-08 -4.006059e-02 2.796677e-06 -3.501317e-08 3.850676e-07
20.74          1.890631e-01 4.593943e-08 -4.189830e-02 1.890602e-01 8.214968e-08 -4.189867e-02 2.833226e-06 -3.621025e-08 3.788474e-07
20.75          1.955822e-01 4.588852e-08 -4.357562e-02 1.955793e-01 8.307186e-08 -4.357598e-02 2.913921e-06 -3.718334e-08 3.608602e-07
20.76          1.986929e-01 4.730483e-08 -4.449309e-02 1.986900e-01 8.671113e-08 -4.449342e-02 2.890938e-06 -3.940630e-08 3.303200e-07
20.77          2.045974e-01 4.871857e-08 -4.603392e-02 2.045944e-01 8.959879e-08 -4.603422e-02 2.995304e-06 -4.088021e-08 2.936904e-07
20.78          1.721996e-01 3.536734e-08 -3.891837e-02 1.721965e-01 7.778218e-08 -3.891860e-02 3.134937e-06 -4.241484e-08 2.350334e-07
20.79          2.293803e-01 5.758696e-08 -5.205663e-02 2.293773e-01 1.018922e-07 -5.205684e-02 2.998410e-06 -4.430525e-08 2.067708e-07
20.8           1.967652e-01 4.009575e-08 -4.482855e-02 1.967619e-01 8.572108e-08 -4.482866e-02 3.242486e-06 -4.562534e-08 1.125886e-07
20.81          2.117466e-01 4.482374e-08 -4.841451e-02 2.117431e-01 9.168982e-08 -4.841454e-02 3.464400e-06 -4.686608e-08 3.028506e-08
20.82          1.948540e-01 3.795691e-08 -4.469906e-02 1.948503e-01 8.562857e-08 -4.469901e-02 3.685603e-06 -4.767166e-08 -5.889740e-08
20.83          2.153810e-01 4.599911e-08 -4.955572e-02 2.153771e-01 9.472431e-08 -4.955559e-02 3.877173e-06 -4.872520e-08 -1.360478e-07
20.84          2.061709e-01 3.935457e-08 -4.756548e-02 2.061667e-01 8.886151e-08 -4.756524e-02 4.166595e-06 -4.950694e-08 -2.422671e-07
20.85          2.092025e-01 4.274017e-08 -4.838152e-02 2.091982e-01 9.306030e-08 -4.838120e-02 4.367536e-06 -5.032013e-08 -3.208595e-07
20.86          2.146114e-01 2.301245e-08 -4.973827e-02 2.146064e-01 7.454082e-08 -4.973779e-02 5.011137e-06 -5.152836e-08 -4.792409e-07
20.87          1.989846e-01 1.172836e-08 -4.620162e-02 1.989791e-01 6.369447e-08 -4.620101e-02 5.531841e-06 -5.196611e-08 -6.085846e-07
20.88          2.110383e-01 2.941314e-08 -4.907551e-02 2.110326e-01 8.092854e-08 -4.907488e-02 5.655345e-06 -5.151541e-08 -6.366385e-07
20.89          2.027110e-01 2.254395e-08 -4.719834e-02 2.027051e-01 7.323538e-08 -4.719762e-02 5.944823e-06 -5.069143e-08 -7.125266e-07
20.9           2.225585e-01 3.379188e-08 -5.186912e-02 2.225526e-01 8.378589e-08 -5.186840e-02 5.940027e-06 -4.999401e-08 -7.219749e-07
20.91          2.229874e-01 3.186106e-08 -5.200437e-02 2.229812e-01 8.135592e-08 -5.200360e-02 6.152233e-06 -4.949486e-08 -7.687653e-07
20.92          2.247624e-01 3.269153e-08 -5.243879e-02 2.247560e-01 8.164809e-08 -5.243796e-02 6.359900e-06 -4.895656e-08 -8.235163e-07
20.93          2.266359e-01 3.166095e-08 -5.288092e-02 2.266294e-01 8.014528e-08 -5.288006e-02 6.523954e-06 -4.848432e-08 -8.667633e-07
20.94          2.368742e-01 4.436828e-08 -5.525865e-02 2.368679e-01 9.190524e-08 -5.525781e-02 6.384268e-06 -4.753696e-08 -8.457219e-07
20.95          2.316193e-01 3.564928e-08 -5.400684e-02 2.316128e-01 8.244404e-08 -5.400593e-02 6.558662e-06 -4.679476e-08 -9.099217e-07
20.96          2.289071e-01 3.480362e-08 -5.333401e-02 2.289002e-01 8.044443e-08 -5.333303e-02 6.815553e-06 -4.564081e-08 -9.885637e-07
20.97          2.347311e-01 3.673722e-08 -5.463365e-02 2.347240e-01 8.153812e-08 -5.463258e-02 7.112710e-06 -4.480090e-08 -1.066602e-06
20.98          2.187862e-01 2.751042e-08 -5.085504e-02 2.187785e-01 7.127142e-08 -5.085383e-02 7.631679e-06 -4.376100e-08 -1.211617e-06
20.99          2.407477e-01 3.973270e-08 -5.586870e-02 2.407401e-01 8.232973e-08 -5.586747e-02 7.628145e-06 -4.259703e-08 -1.231558e-06
21             2.834984e-01 6.621771e-08 -6.566306e-02 2.834915e-01 1.078055e-07 -6.566199e-02 6.924060e-06 -4.158781e-08 -1.069480e-06
21.01          2.486330e-01 4.532054e-08 -5.746253e-02 2.486257e-01 8.593792e-08 -5.746134e-02 7.315416e-06 -4.061738e-08 -1.190023e-06
21.02          2.317629e-01 2.953092e-08 -5.343159e-02 2.317547e-01 7.050243e-08 -5.343021e-02 8.205824e-06 -4.097151e-08 -1.386803e-06
21.03          2.405383e-01 4.198819e-08 -5.530146e-02 2.405297e-01 8.191793e-08 -5.529999e-02 8.628896e-06 -3.992974e-08 -1.473653e-06
21.04          2.501180e-01 4.786295e-08 -5.732846e-02 2.501091e-01 8.640893e-08 -5.732689e-02 8.982193e-06 -3.854599e-08 -1.568915e-06
21.05          2.597418e-01 5.727200e-08 -5.933557e-02 2.597328e-01 9.474443e-08 -5.933397e-02 8.993005e-06 -3.747243e-08 -1.600174e-06
21.06          2.499237e-01 4.966543e-08 -5.688612e-02 2.499141e-01 8.604180e-08 -5.688441e-02 9.579277e-06 -3.637637e-08 -1.702748e-06
21.07          2.833228e-01 7.107923e-08 -6.423485e-02 2.833136e-01 1.058768e-07 -6.423326e-02 9.172859e-06 -3.479753e-08 -1.596143e-06
21.08          2.825646e-01 7.156370e-08 -6.379335e-02 2.825555e-01 1.051856e-07 -6.379176e-02 9.132357e-06 -3.362191e-08 -1.597181e-06
21.09          2.644048e-01 6.465279e-08 -5.942551e-02 2.643953e-01 9.650993e-08 -5.942380e-02 9.494407e-06 -3.185715e-08 -1.717822e-06
21.1           2.677958e-01 7.114474e-08 -5.989964e-02 2.677861e-01 1.015499e-07 -5.989784e-02 9.775191e-06 -3.040513e-08 -1.802358e-06
21.11          2.546567e-01 6.520046e-08 -5.667184e-02 2.546464e-01 9.425429e-08 -5.666991e-02 1.032324e-05 -2.905383e-08 -1.929671e-06
21.12          2.809020e-01 8.195478e-08 -6.217677e-02 2.808915e-01 1.097629e-07 -6.217478e-02 1.046599e-05 -2.780812e-08 -1.989854e-06
21.13          2.703233e-01 7.732399e-08 -5.949740e-02 2.703125e-01 1.029986e-07 -5.949535e-02 1.079402e-05 -2.567463e-08 -2.049621e-06
21.14          3.109524e-01 9.437188e-08 -6.803154e-02 3.109419e-01 1.193825e-07 -6.802960e-02 1.050675e-05 -2.501059e-08 -1.940419e-06
21.15          2.879090e-01 8.774060e-08 -6.259807e-02 2.878981e-01 1.118490e-07 -6.259603e-02 1.093139e-05 -2.410843e-08 -2.037629e-06
21.16          2.782109e-01 8.651524e-08 -6.009556e-02 2.781993e-01 1.096054e-07 -6.009341e-02 1.158548e-05 -2.309016e-08 -2.140836e-06
21.17          2.523081e-01 7.762331e-08 -5.413010e-02 2.522960e-01 9.968895e-08 -5.412787e-02 1.209303e-05 -2.206564e-08 -2.229575e-06
21.18          3.201149e-01 1.035794e-07 -6.818764e-02 3.201025e-01 1.246421e-07 -6.818533e-02 1.239012e-05 -2.106268e-08 -2.306320e-06
21.19          2.860475e-01 7.421374e-08 -6.048130e-02 2.860340e-01 9.462988e-08 -6.047879e-02 1.344253e-05 -2.041614e-08 -2.508608e-06
21.2           3.390411e-01 1.081102e-07 -7.113446e-02 3.390282e-01 1.271540e-07 -7.113208e-02 1.294721e-05 -1.904381e-08 -2.380764e-06
21.21          2.936773e-01 9.043604e-08 -6.112656e-02 2.936636e-01 1.103617e-07 -6.112401e-02 1.371478e-05 -1.992564e-08 -2.544410e-06
21.22          3.121809e-01 9.825158e-08 -6.443993e-02 3.121670e-01 1.158500e-07 -6.443732e-02 1.387770e-05 -1.759841e-08 -2.610648e-06
21.23          3.156471e-01 9.590388e-08 -6.459694e-02 3.156328e-01 1.117844e-07 -6.459423e-02 1.428154e-05 -1.588055e-08 -2.708886e-06
21.24          3.197728e-01 1.004872e-07 -6.485987e-02 3.197583e-01 1.149544e-07 -6.485709e-02 1.451897e-05 -1.446726e-08 -2.780729e-06
21.25          2.897327e-01 7.195477e-08 -5.822764e-02 2.897172e-01 8.608023e-08 -5.822462e-02 1.552865e-05 -1.412546e-08 -3.025688e-06
21.26          3.222089e-01 1.032210e-07 -6.413815e-02 3.221936e-01 1.163359e-07 -6.413519e-02 1.530269e-05 -1.311496e-08 -2.954857e-06
21.27          3.250975e-01 1.042095e-07 -6.407773e-02 3.250818e-01 1.164808e-07 -6.407476e-02 1.574445e-05 -1.227130e-08 -2.969489e-06
21.28          3.358804e-01 1.100472e-07 -6.553249e-02 3.358647e-01 1.206860e-07 -6.552953e-02 1.571653e-05 -1.063877e-08 -2.958139e-06
21.29          3.414856e-01 1.038067e-07 -6.593011e-02 3.414694e-01 1.143372e-07 -6.592713e-02 1.617069e-05 -1.053049e-08 -2.978739e-06
21.3           3.276181e-01 9.278629e-08 -6.257226e-02 3.276016e-01 1.025589e-07 -6.256925e-02 1.644806e-05 -9.772594e-09 -3.006029e-06
21.31          3.826445e-01 1.029714e-07 -7.226866e-02 3.826284e-01 1.122641e-07 -7.226578e-02 1.608579e-05 -9.292640e-09 -2.882984e-06
21.32          3.342577e-01 8.346554e-08 -6.241038e-02 3.342408e-01 9.210054e-08 -6.240740e-02 1.687111e-05 -8.635001e-09 -2.981857e-06
21.33          3.594425e-01 8.421756e-08 -6.632320e-02 3.594251e-01 9.264127e-08 -6.632014e-02 1.736498e-05 -8.423707e-09 -3.060097e-06
21.34          3.402686e-01 7.759171e-08 -6.202835e-02 3.402506e-01 8.562781e-08 -6.202520e-02 1.804684e-05 -8.036095e-09 -3.153981e-06
21.35          3.724966e-01 7.805541e-08 -6.706075e-02 3.724785e-01 8.543542e-08 -6.705761e-02 1.807070e-05 -7.380018e-09 -3.136501e-06
21.36          3.745500e-01 7.535647e-08 -6.657263e-02 3.745315e-01 8.287317e-08 -6.656947e-02 1.853403e-05 -7.516698e-09 -3.163940e-06
21.37          3.775794e-01 6.896682e-08 -6.623441e-02 3.775606e-01 7.633002e-08 -6.623125e-02 1.880508e-05 -7.363201e-09 -3.159811e-06
21.38          4.126749e-01 7.553723e-08 -7.141992e-02 4.126561e-01 8.283217e-08 -7.141682e-02 1.884479e-05 -7.294944e-09 -3.091624e-06
21.39          3.917258e-01 5.305977e-08 -6.686467e-02 3.917065e-01 6.081948e-08 -6.686156e-02 1.927456e-05 -7.759712e-09 -3.113948e-06
21.4           4.172839e-01 4.812143e-08 -7.022423e-02 4.172645e-01 5.612803e-08 -7.022117e-02 1.938042e-05 -8.006597e-09 -3.063645e-06
21.41          3.988482e-01 3.627484e-08 -6.615429e-02 3.988284e-01 4.540776e-08 -6.615121e-02 1.977561e-05 -9.132917e-09 -3.084459e-06
21.42          4.017651e-01 2.886085e-08 -6.565239e-02 4.017449e-01 3.888636e-08 -6.564928e-02 2.020580e-05 -1.002551e-08 -3.109567e-06
21.43          4.677333e-01 2.687599e-08 -7.527172e-02 4.677135e-01 3.711852e-08 -7.526873e-02 1.986496e-05 -1.024252e-08 -2.991565e-06
21.44          4.154985e-01 1.377737e-08 -6.582943e-02 4.154782e-01 2.527759e-08 -6.582640e-02 2.026141e-05 -1.150022e-08 -3.024118e-06
21.45          4.139925e-01 1.682872e-08 -6.454689e-02 4.139718e-01 3.045425e-08 -6.454385e-02 2.073372e-05 -1.362552e-08 -3.040516e-06
21.46          4.680434e-01 1.045949e-08 -7.178233e-02 4.680230e-01 2.463373e-08 -7.177940e-02 2.038404e-05 -1.417424e-08 -2.928792e-06
21.47          4.338082e-01 1.038660e-08 -6.542321e-02 4.337875e-01 2.513213e-08 -6.542025e-02 2.068587e-05 -1.474553e-08 -2.959220e-06
21.48          4.070393e-01 -1.309407e-08 -6.033763e-02 4.070181e-01 2.849889e-09 -6.033463e-02 2.127814e-05 -1.594396e-08 -3.003075e-06
21.49          4.764879e-01 1.935255e-08 -6.939410e-02 4.764672e-01 3.592883e-08 -6.939126e-02 2.063940e-05 -1.657628e-08 -2.840678e-06
21.5           4.216133e-01 -2.219010e-08 -6.030477e-02 4.215919e-01 -4.606095e-09 -6.030187e-02 2.132961e-05 -1.758401e-08 -2.895574e-06
21.51          4.270432e-01 -1.410556e-08 -5.996218e-02 4.270217e-01 4.979902e-09 -5.995928e-02 2.156745e-05 -1.908546e-08 -2.895548e-06
21.52          4.734837e-01 -1.177511e-08 -6.523622e-02 4.734624e-01 6.706197e-09 -6.523343e-02 2.130849e-05 -1.848130e-08 -2.788329e-06
21.53          4.167993e-01 -3.472183e-08 -5.632867e-02 4.167769e-01 -1.269256e-08 -5.632583e-02 2.233936e-05 -2.202927e-08 -2.844693e-06
21.54          4.955812e-01 -5.142999e-08 -6.566138e-02 4.955594e-01 -3.064155e-08 -6.565867e-02 2.177281e-05 -2.078844e-08 -2.713032e-06
21.55          3.982428e-01 -7.338342e-08 -5.171225e-02 3.982198e-01 -5.112573e-08 -5.170940e-02 2.298338e-05 -2.225769e-08 -2.850660e-06
21.56          4.711081e-01 -3.281906e-08 -5.991868e-02 4.710859e-01 -1.018058e-08 -5.991597e-02 2.223709e-05 -2.263847e-08 -2.710287e-06
21.57          4.352656e-01 -6.039383e-08 -5.420306e-02 4.352429e-01 -3.735637e-08 -5.420036e-02 2.273014e-05 -2.303746e-08 -2.694797e-06
21.58          4.437497e-01 -4.956699e-08 -5.407746e-02 4.437269e-01 -2.771238e-08 -5.407478e-02 2.276906e-05 -2.185460e-08 -2.679399e-06
21.59          4.271184e-01 -6.804852e-08 -5.091310e-02 4.270954e-01 -4.316125e-08 -5.091052e-02 2.302713e-05 -2.488727e-08 -2.584501e-06
21.6           5.040132e-01 -8.298329e-08 -5.873146e-02 5.039911e-01 -5.825982e-08 -5.872907e-02 2.205520e-05 -2.472347e-08 -2.388732e-06
21.61          4.915404e-01 -1.125700e-07 -5.596772e-02 4.915187e-01 -8.782025e-08 -5.596548e-02 2.166714e-05 -2.474976e-08 -2.242893e-06
21.62          4.600988e-01 -1.099388e-07 -5.116339e-02 4.600770e-01 -8.618739e-08 -5.116121e-02 2.179458e-05 -2.375145e-08 -2.175165e-06
21.63          4.378470e-01 -1.096031e-07 -4.752394e-02 4.378247e-01 -8.482139e-08 -4.752167e-02 2.234143e-05 -2.478169e-08 -2.272639e-06
21.64          4.255616e-01 -1.223108e-07 -4.505890e-02 4.255391e-01 -9.448634e-08 -4.505668e-02 2.246533e-05 -2.782451e-08 -2.221726e-06
21.65          4.001249e-01 -1.241176e-07 -4.130373e-02 4.001018e-01 -9.195559e-08 -4.130148e-02 2.305053e-05 -3.216199e-08 -2.253448e-06
21.66          4.159270e-01 -1.220888e-07 -4.183248e-02 4.159043e-01 -8.983289e-08 -4.183036e-02 2.268957e-05 -3.225589e-08 -2.123926e-06
21.67          3.732679e-01 -1.032049e-07 -3.655729e-02 3.732451e-01 -6.728098e-08 -3.655520e-02 2.282622e-05 -3.592391e-08 -2.086283e-06
21.68          3.754364e-01 -8.533606e-08 -3.578062e-02 3.754133e-01 -4.528617e-08 -3.577851e-02 2.308950e-05 -4.004989e-08 -2.105247e-06
21.69          4.101259e-01 -7.352472e-08 -3.801062e-02 4.101036e-01 -3.193539e-08 -3.800864e-02 2.233456e-05 -4.158933e-08 -1.978086e-06
21.7           4.350214e-01 -8.923043e-08 -3.918196e-02 4.350001e-01 -4.734705e-08 -3.918019e-02 2.126173e-05 -4.188337e-08 -1.766567e-06
21.71          3.857697e-01 -8.914547e-08 -3.374747e-02 3.857483e-01 -4.813518e-08 -3.374579e-02 2.144410e-05 -4.101029e-08 -1.676846e-06
21.72          3.535781e-01 -9.072458e-08 -3.002100e-02 3.535562e-01 -4.877822e-08 -3.001932e-02 2.192398e-05 -4.194636e-08 -1.676903e-06
21.73          3.668233e-01 -8.171717e-08 -3.020503e-02 3.668016e-01 -3.867345e-08 -3.020342e-02 2.168886e-05 -4.304372e-08 -1.609228e-06
21.74          3.111157e-01 -3.978804e-08 -2.482852e-02 3.110937e-01 5.993454e-09 -2.482686e-02 2.202907e-05 -4.578149e-08 -1.656239e-06
21.75          3.083111e-01 -1.310597e-08 -2.382551e-02 3.082892e-01 3.568251e-08 -2.382386e-02 2.185071e-05 -4.878848e-08 -1.650258e-06
21.76          3.169476e-01 -3.805150e-09 -2.369746e-02 3.169260e-01 4.718809e-08 -2.369586e-02 2.160577e-05 -5.099324e-08 -1.604382e-06
21.77          3.037517e-01 3.292122e-08 -2.195666e-02 3.037305e-01 8.643478e-08 -2.195512e-02 2.116093e-05 -5.351356e-08 -1.535903e-06
21.78          2.974935e-01 4.862569e-08 -2.077182e-02 2.974728e-01 1.034577e-07 -2.077036e-02 2.072973e-05 -5.483199e-08 -1.456777e-06
21.79          2.797017e-01 5.714892e-08 -1.884785e-02 2.796811e-01 1.120830e-07 -1.884644e-02 2.057996e-05 -5.493406e-08 -1.414765e-06
21.8           3.145346e-01 6.644153e-08 -2.043392e-02 3.145152e-01 1.205427e-07 -2.043268e-02 1.936047e-05 -5.410113e-08 -1.238220e-06
21.81          3.128352e-01 5.336727e-08 -1.957577e-02 3.128164e-01 1.065985e-07 -1.957464e-02 1.880349e-05 -5.323128e-08 -1.133550e-06
21.82          2.994185e-01 5.591956e-08 -1.802947e-02 2.994005e-01 1.076560e-07 -1.802849e-02 1.807502e-05 -5.173645e-08 -9.818899e-07
21.83          3.399998e-01 4.210866e-08 -1.967812e-02 3.399830e-01 9.103926e-08 -1.967731e-02 1.671386e-05 -4.893060e-08 -8.073056e-07
21.84          2.773397e-01 2.069286e-08 -1.541525e-02 2.773231e-01 6.814225e-08 -1.541449e-02 1.666353e-05 -4.744939e-08 -7.614081e-07
21.85          2.640168e-01 2.708448e-08 -1.407600e-02 2.640005e-01 7.379445e-08 -1.407529e-02 1.638464e-05 -4.670997e-08 -7.113575e-07
21.86          2.710607e-01 2.834672e-08 -1.384510e-02 2.710448e-01 7.425582e-08 -1.384443e-02 1.586868e-05 -4.590910e-08 -6.635845e-07
21.87          2.518863e-01 2.915479e-08 -1.231193e-02 2.518708e-01 7.554128e-08 -1.231132e-02 1.556912e-05 -4.638649e-08 -6.052684e-07
21.88          2.670540e-01 3.487365e-08 -1.247450e-02 2.670392e-01 8.211756e-08 -1.247394e-02 1.475059e-05 -4.724392e-08 -5.581621e-07
21.89          2.430847e-01 3.358757e-08 -1.083813e-02 2.430704e-01 8.178597e-08 -1.083765e-02 1.426605e-05 -4.819840e-08 -4.779240e-07
21.9           2.266587e-01 3.680109e-08 -9.631764e-03 2.266448e-01 8.584600e-08 -9.631343e-03 1.387109e-05 -4.904491e-08 -4.207757e-07
21.91          2.140338e-01 3.805684e-08 -8.655671e-03 2.140204e-01 8.742930e-08 -8.655292e-03 1.340030e-05 -4.937246e-08 -3.788835e-07
21.92          1.729713e-01 3.568365e-08 -6.647923e-03 1.729578e-01 8.621844e-08 -6.647514e-03 1.354761e-05 -5.053479e-08 -4.099075e-07
21.93          1.709765e-01 5.011271e-08 -6.233232e-03 1.709632e-01 1.030964e-07 -6.232827e-03 1.328957e-05 -5.298365e-08 -4.048106e-07
21.94          1.834778e-01 5.338267e-08 -6.332927e-03 1.834652e-01 1.087204e-07 -6.332577e-03 1.262676e-05 -5.533776e-08 -3.495566e-07
21.95          1.542411e-01 5.641375e-08 -5.032968e-03 1.542288e-01 1.138367e-07 -5.032622e-03 1.224194e-05 -5.742290e-08 -3.454027e-07
21.96          1.704768e-01 7.063121e-08 -5.246467e-03 1.704655e-01 1.289448e-07 -5.246191e-03 1.125495e-05 -5.831358e-08 -2.757529e-07
21.97          1.690603e-01 6.970847e-08 -4.897732e-03 1.690501e-01 1.285331e-07 -4.897544e-03 1.025816e-05 -5.882460e-08 -1.874154e-07
21.98          1.629216e-01 5.455405e-08 -4.433732e-03 1.629119e-01 1.147452e-07 -4.433592e-03 9.709230e-06 -6.019119e-08 -1.401697e-07
21.99          1.590444e-01 6.246910e-08 -4.056410e-03 1.590355e-01 1.227048e-07 -4.056347e-03 8.869941e-06 -6.023572e-08 -6.287636e-08
22             1.568369e-01 5.375324e-08 -3.739667e-03 1.568288e-01 1.152293e-07 -3.739682e-03 8.138702e-06 -6.147607e-08 1.521766e-08
22.01          1.490415e-01 5.452425e-08 -3.313987e-03 1.490340e-01 1.156984e-07 -3.314056e-03 7.477338e-06 -6.117414e-08 6.991934e-08
22.02          1.429183e-01 4.961080e-08 -2.954981e-03 1.429114e-01 1.110769e-07 -2.955127e-03 6.899833e-06 -6.146614e-08 1.468735e-07
22.03          1.316042e-01 4.105056e-08 -2.522892e-03 1.315977e-01 1.038636e-07 -2.523084e-03 6.470424e-06 -6.281305e-08 1.927008e-07
22.04          1.380780e-01 4.737384e-08 -2.445886e-03 1.380721e-01 1.123424e-07 -2.446167e-03 5.895966e-06 -6.496860e-08 2.805007e-07
22.05          1.425258e-01 5.784612e-08 -2.324518e-03 1.425205e-01 1.233751e-07 -2.324882e-03 5.327685e-06 -6.552894e-08 3.643800e-07
22.06          1.271989e-01 4.646783e-08 -1.903316e-03 1.271941e-01 1.145597e-07 -1.903769e-03 4.814124e-06 -6.809186e-08 4.524138e-07
22.07          1.282265e-01 4.559592e-08 -1.752231e-03 1.282221e-01 1.167176e-07 -1.752767e-03 4.406980e-06 -7.112169e-08 5.362744e-07
22.08          1.234988e-01 3.790958e-08 -1.534066e-03 1.234946e-01 1.121435e-07 -1.534646e-03 4.177008e-06 -7.423388e-08 5.800458e-07
22.09          1.177891e-01 3.609549e-08 -1.323457e-03 1.177851e-01 1.131992e-07 -1.324085e-03 3.987945e-06 -7.710369e-08 6.284855e-07
22.1           1.173641e-01 3.243772e-08 -1.186200e-03 1.173601e-01 1.116497e-07 -1.186857e-03 3.960695e-06 -7.921196e-08 6.568040e-07
22.11          1.126239e-01 4.044706e-08 -1.017390e-03 1.126199e-01 1.196395e-07 -1.018070e-03 4.009430e-06 -7.919247e-08 6.800186e-07
22.12          1.114984e-01 4.398065e-08 -8.944546e-04 1.114942e-01 1.218622e-07 -8.951522e-04 4.203800e-06 -7.788153e-08 6.975915e-07
22.13          1.077351e-01 5.051910e-08 -7.619859e-04 1.077305e-01 1.261484e-07 -7.626917e-04 4.559363e-06 -7.562928e-08 7.058196e-07
22.14          1.064784e-01 5.284625e-08 -6.585830e-04 1.064733e-01 1.234614e-07 -6.592678e-04 5.060662e-06 -7.061514e-08 6.848072e-07
22.15          9.302196e-02 6.537912e-08 -4.989314e-04 9.301652e-02 1.292126e-07 -4.995804e-04 5.433621e-06 -6.383347e-08 6.490377e-07
22.16          9.268603e-02 6.870809e-08 -4.265208e-04 9.268018e-02 1.233449e-07 -4.271221e-04 5.846050e-06 -5.463682e-08 6.012527e-07
22.17          9.726723e-02 8.716573e-08 -3.793647e-04 9.726065e-02 1.337982e-07 -3.799156e-04 6.586757e-06 -4.663243e-08 5.509232e-07
22.18          7.519723e-02 9.321769e-08 -2.468254e-04 7.519033e-02 1.272090e-07 -2.473167e-04 6.898422e-06 -3.399133e-08 4.912993e-07
22.19          9.648400e-02 1.089693e-07 -2.602907e-04 9.647608e-02 1.321663e-07 -2.607135e-04 7.921467e-06 -2.319693e-08 4.227847e-07
22.2           6.661156e-02 1.281594e-07 -1.481053e-04 6.660327e-02 1.379162e-07 -1.484664e-04 8.296925e-06 -9.756810e-09 3.610292e-07
22.21          9.487138e-02 1.335637e-07 -1.662492e-04 9.486201e-02 1.326384e-07 -1.665469e-04 9.377533e-06 9.252195e-10 2.977919e-07
22.22          1.000424e-01 1.385208e-07 -1.373683e-04 1.000319e-01 1.268271e-07 -1.376079e-04 1.052760e-05 1.169365e-08 2.396134e-07
22.23          8.618102e-02 1.444690e-07 -9.231108e-05 8.616961e-02 1.223699e-07 -9.251333e-05 1.141386e-05 2.209913e-08 2.022511e-07
22.24          4.671215e-02 1.452039e-07 -4.211629e-05 4.670043e-02 1.135451e-07 -4.228504e-05 1.172722e-05 3.165884e-08 1.687493e-07
22.25          6.569571e-02 1.294486e-07 -4.412811e-05 6.568339e-02 9.213091e-08 -4.425722e-05 1.231429e-05 3.731771e-08 1.291110e-07
22.26          7.873364e-02 1.372344e-07 -4.233542e-05 7.872027e-02 9.479731e-08 -4.240531e-05 1.336909e-05 4.243709e-08 6.989028e-08
22.27          6.345916e-02 1.303128e-07 -3.253514e-05 6.344492e-02 8.346476e-08 -3.256835e-05 1.424307e-05 4.684804e-08 3.320793e-08
22.28          5.069394e-02 1.228905e-07 -2.859114e-05 5.067907e-02 7.334817e-08 -2.859530e-05 1.487122e-05 4.954231e-08 4.161975e-09
22.29          3.317514e-02 1.125561e-07 -2.448049e-05 3.315961e-02 6.221445e-08 -2.446167e-05 1.553176e-05 5.034160e-08 -1.881919e-08
22.3           6.186776e-02 1.165211e-07 -4.728117e-05 6.185099e-02 6.548082e-08 -4.719739e-05 1.677081e-05 5.104029e-08 -8.377950e-08
22.31          -1.796888e-03 1.053943e-07 -7.677846e-06 -1.813425e-03 5.476185e-08 -7.585885e-06 1.653680e-05 5.063250e-08 -9.196053e-08
22.32          1.017057e-02 1.049951e-07 -2.074136e-05 1.015375e-02 5.489992e-08 -2.063357e-05 1.682425e-05 5.009516e-08 -1.077950e-07
22.33          2.519424e-02 1.063934e-07 -4.654037e-05 2.517654e-02 6.022469e-08 -4.637137e-05 1.770580e-05 4.616870e-08 -1.689950e-07
22.34          1.799339e-02 9.925276e-08 -4.372948e-05 1.797512e-02 5.632931e-08 -4.350790e-05 1.827069e-05 4.292345e-08 -2.215785e-07
22.35          4.023589e-03 9.474902e-08 -1.974275e-05 4.004836e-03 5.610255e-08 -1.947793e-05 1.875268e-05 3.864647e-08 -2.648168e-07
22.36          -2.877649e-02 8.321047e-08 7.245352e-05 -2.879511e-02 4.647459e-08 7.270439e-05 1.862166e-05 3.673588e-08 -2.508714e-07
22.37          -5.421917e-02 8.314093e-08 1.786137e-04 -5.423790e-02 4.954870e-08 1.788598e-04 1.872437e-05 3.359223e-08 -2.461225e-07
22.38          -6.402167e-03 9.041987e-08 1.529474e-05 -6.422031e-03 5.769227e-08 1.557211e-05 1.986464e-05 3.272760e-08 -2.773725e-07
22.39          -8.772464e-03 8.139195e-08 3.135088e-05 -8.792949e-03 5.157710e-08 3.167311e-05 2.048462e-05 2.981485e-08 -3.222382e-07
22.4           -5.063496e-02 6.517847e-08 2.777411e-04 -5.065556e-02 3.842710e-08 2.780832e-04 2.059925e-05 2.675137e-08 -3.421539e-07
22.41          -2.952507e-02 7.392849e-08 1.822129e-04 -2.954626e-02 5.148947e-08 1.825825e-04 2.119218e-05 2.243902e-08 -3.696136e-07
22.42          -5.450187e-02 5.896589e-08 3.973344e-04 -5.452321e-02 3.874212e-08 3.977216e-04 2.134083e-05 2.022377e-08 -3.871968e-07
22.43          -6.022062e-02 5.063810e-08 5.001272e-04 -6.024210e-02 3.240879e-08 5.004949e-04 2.147935e-05 1.822931e-08 -3.677725e-07
22.44          -5.301119e-02 5.473887e-08 4.944819e-04 -5.303297e-02 3.743775e-08 4.948069e-04 2.178173e-05 1.730112e-08 -3.250085e-07
22.45          -6.934617e-02 4.300625e-08 7.281669e-04 -6.936821e-02 2.789150e-08 7.284986e-04 2.204160e-05 1.511475e-08 -3.317347e-07
22.46          -3.983102e-02 5.561594e-08 4.592078e-04 -3.985382e-02 4.194690e-08 4.595660e-04 2.279763e-05 1.366904e-08 -3.581306e-07
22.47          -7.869119e-02 3.456647e-08 1.017963e-03 -7.871393e-02 2.276862e-08 1.018328e-03 2.274211e-05 1.179785e-08 -3.650410e-07
22.48          -9.719734e-02 3.175069e-08 1.386193e-03 -9.722004e-02 2.148295e-08 1.386541e-03 2.270368e-05 1.026773e-08 -3.485164e-07
22.49          -3.323345e-02 4.722928e-08 5.094942e-04 -3.325668e-02 3.770455e-08 5.098540e-04 2.323005e-05 9.524735e-09 -3.598081e-07
22.5           -9.682647e-02 2.025364e-08 1.648495e-03 -9.684976e-02 1.153987e-08 1.648887e-03 2.328770e-05 8.713767e-09 -3.922223e-07
22.51          -4.294913e-02 3.825085e-08 7.858527e-04 -4.297288e-02 3.016337e-08 7.862595e-04 2.374871e-05 8.087484e-09 -4.067929e-07
22.52          -1.236026e-01 5.177852e-09 2.477014e-03 -1.236259e-01 -2.230470e-09 2.477429e-03 2.338192e-05 7.408322e-09 -4.148418e-07
22.53          -6.374850e-02 2.428446e-08 1.370362e-03 -6.377218e-02 1.717240e-08 1.370756e-03 2.367417e-05 7.112057e-09 -3.939086e-07
22.54          -1.405922e-01 -6.423824e-09 3.268207e-03 -1.406157e-01 -1.295313e-08 3.268586e-03 2.347516e-05 6.529309e-09 -3.791344e-07
22.55          -6.723917e-02 1.601435e-08 1.667618e-03 -6.726346e-02 9.029788e-09 1.668038e-03 2.429180e-05 6.984560e-09 -4.198642e-07
22.56          -1.057166e-01 2.062392e-09 2.812388e-03 -1.057409e-01 -4.083785e-09 2.812864e-03 2.430558e-05 6.146177e-09 -4.757389e-07
22.57          -1.046165e-01 -1.290859e-10 2.968035e-03 -1.046409e-01 -6.132743e-09 2.968507e-03 2.438458e-05 6.003657e-09 -4.715906e-07
22.58          -1.319756e-01 -2.075409e-08 3.988148e-03 -1.319996e-01 -2.682481e-08 3.988602e-03 2.406005e-05 6.070726e-09 -4.535465e-07
22.59          -1.216294e-01 -1.778857e-08 3.900944e-03 -1.216535e-01 -2.403649e-08 3.901383e-03 2.408825e-05 6.247916e-09 -4.391763e-07
22.6           -1.327440e-01 -2.461697e-08 4.512144e-03 -1.327679e-01 -3.062355e-08 4.512563e-03 2.392826e-05 6.006578e-09 -4.195312e-07
22.61          -1.285528e-01 -2.681221e-08 4.620343e-03 -1.285769e-01 -3.290390e-08 4.620756e-03 2.401753e-05 6.091693e-09 -4.128398e-07
22.62          -1.042260e-01 -6.732948e-09 3.951137e-03 -1.042504e-01 -1.222521e-08 3.951600e-03 2.444805e-05 5.492263e-09 -4.630647e-07
22.63          -1.175523e-01 -2.240364e-08 4.698230e-03 -1.175769e-01 -2.839673e-08 4.698766e-03 2.459243e-05 5.993088e-09 -5.368215e-07
22.64          -8.767584e-02 -1.028468e-08 3.682924e-03 -8.770088e-02 -1.696762e-08 3.683542e-03 2.504101e-05 6.682937e-09 -6.182151e-07
22.65          -9.354245e-02 3.005194e-09 4.129050e-03 -9.356768e-02 -5.974636e-09 4.129767e-03 2.523386e-05 8.979831e-09 -7.165705e-07
22.66          -1.143129e-01 -2.743466e-08 5.296708e-03 -1.143375e-01 -3.708847e-08 5.297399e-03 2.461164e-05 9.653810e-09 -6.908788e-07
22.67          -1.735802e-01 -5.194083e-08 8.431751e-03 -1.736039e-01 -6.102440e-08 8.432417e-03 2.361880e-05 9.083567e-09 -6.659610e-07
22.68          -1.016056e-01 -3.005319e-08 5.156694e-03 -1.016295e-01 -3.825120e-08 5.157395e-03 2.387463e-05 8.198013e-09 -7.012224e-07
22.69          -5.923844e-02 -1.084969e-08 3.135098e-03 -5.926301e-02 -1.880817e-08 3.135947e-03 2.456706e-05 7.958486e-09 -8.491017e-07
22.7           -3.655045e-02 -2.289552e-09 2.013542e-03 -3.657546e-02 -9.780953e-09 2.014528e-03 2.500799e-05 7.491402e-09 -9.861113e-07
22.71          -5.046530e-02 3.482037e-09 2.903681e-03 -5.049037e-02 -4.217336e-09 2.904790e-03 2.506376e-05 7.699373e-09 -1.109115e-06
22.72          -9.190088e-02 -2.521387e-08 5.517972e-03 -9.192523e-02 -3.239055e-08 5.519101e-03 2.434856e-05 7.176680e-09 -1.128569e-06
22.73          -1.024003e-01 -3.078311e-08 6.396380e-03 -1.024241e-01 -3.782289e-08 6.397533e-03 2.380510e-05 7.039779e-09 -1.153003e-06
22.74          -8.293140e-02 -2.372887e-08 5.379481e-03 -8.295492e-02 -3.103243e-08 5.380616e-03 2.351644e-05 7.303552e-09 -1.134789e-06
22.75          -8.632809e-02 -2.732542e-08 5.812828e-03 -8.635134e-02 -3.499177e-08 5.814006e-03 2.325319e-05 7.666353e-09 -1.178524e-06
22.76          -9.661212e-02 -4.127367e-08 6.747516e-03 -9.663451e-02 -4.871942e-08 6.748627e-03 2.239339e-05 7.445754e-09 -1.110345e-06
22.77          -6.446597e-02 -2.463902e-08 4.659867e-03 -6.448852e-02 -3.192942e-08 4.661041e-03 2.255180e-05 7.290401e-09 -1.173978e-06
22.78          -7.346090e-02 -3.834958e-08 5.498405e-03 -7.348323e-02 -4.543995e-08 5.499643e-03 2.232974e-05 7.090371e-09 -1.238567e-06
22.79          -4.819256e-02 -1.809329e-08 3.726192e-03 -4.821488e-02 -2.663074e-08 3.727431e-03 2.232540e-05 8.537443e-09 -1.239041e-06
22.8           -5.557612e-02 -3.136013e-08 4.442602e-03 -5.559786e-02 -4.076772e-08 4.443796e-03 2.173946e-05 9.407589e-09 -1.194336e-06
22.81          -4.499702e-02 -2.651538e-08 3.711450e-03 -4.501870e-02 -3.550249e-08 3.712699e-03 2.168846e-05 8.987108e-09 -1.249066e-06
22.82          -1.046939e-01 -5.537293e-08 8.925790e-03 -1.047145e-01 -6.373281e-08 8.926991e-03 2.055440e-05 8.359873e-09 -1.201046e-06
22.83          1.038394e-02 -9.640811e-10 -9.258855e-04 1.036265e-02 -9.369949e-09 -9.245362e-04 2.129199e-05 8.405868e-09 -1.349261e-06
22.84          1.837958e-02 2.012603e-08 -1.678167e-03 1.835799e-02 1.154470e-08 -1.676644e-03 2.159015e-05 8.581340e-09 -1.522145e-06
22.85          1.423918e-02 5.002010e-09 -1.340109e-03 1.421760e-02 -1.973472e-09 -1.338454e-03 2.158638e-05 6.975482e-09 -1.655656e-06
22.86          2.730249e-02 1.007167e-08 -2.631552e-03 2.728118e-02 1.199992e-09 -2.629824e-03 2.130215e-05 8.871681e-09 -1.727778e-06
22.87          -6.483515e-04 8.166383e-09 5.372916e-05 -6.691292e-04 -1.887352e-09 5.545575e-05 2.077777e-05 1.005373e-08 -1.726593e-06
22.88          -8.794902e-03 -3.491807e-09 8.814111e-04 -8.814824e-03 -1.485246e-08 8.831241e-04 1.992123e-05 1.136065e-08 -1.712949e-06
22.89          -3.732013e-02 -2.492061e-08 3.874779e-03 -3.733875e-02 -3.694237e-08 3.876364e-03 1.861453e-05 1.202175e-08 -1.584297e-06
22.9           4.570403e-02 3.303916e-08 -4.891728e-03 4.568485e-02 2.385286e-08 -4.890004e-03 1.918766e-05 9.186302e-09 -1.724191e-06
22.91          1.571194e-02 6.508452e-10 -1.730604e-03 1.569349e-02 -8.281985e-09 -1.728935e-03 1.844739e-05 8.932830e-09 -1.669288e-06
22.92          1.181919e-02 -3.638793e-09 -1.336218e-03 1.180135e-02 -1.275752e-08 -1.334541e-03 1.783881e-05 9.118723e-09 -1.677203e-06
22.93          3.455146e-02 1.016345e-08 -3.982047e-03 3.453393e-02 1.337495e-09 -3.980383e-03 1.753068e-05 8.825956e-09 -1.663868e-06
22.94          2.933564e-02 -3.478289e-10 -3.462340e-03 2.931867e-02 -8.506627e-09 -3.460700e-03 1.696444e-05 8.158798e-09 -1.640247e-06
22.95          4.386318e-02 4.708183e-09 -5.291885e-03 4.384653e-02 -2.940679e-09 -5.290250e-03 1.665274e-05 7.648862e-09 -1.634580e-06
22.96          7.783521e-02 2.223825e-08 -9.595690e-03 7.781829e-02 1.494546e-08 -9.593920e-03 1.691653e-05 7.292787e-09 -1.769957e-06
22.97          8.998573e-02 2.340845e-08 -1.133742e-02 8.996860e-02 1.886728e-08 -1.133550e-02 1.713280e-05 4.541179e-09 -1.921400e-06
22.98          5.941542e-02 1.511747e-08 -7.650111e-03 5.939927e-02 8.161826e-09 -7.648269e-03 1.615021e-05 6.955649e-09 -1.841629e-06
22.99          9.912787e-02 3.373984e-08 -1.302689e-02 9.911150e-02 2.904024e-08 -1.302492e-02 1.636742e-05 4.699602e-09 -1.970522e-06
23             6.474913e-02 2.173641e-08 -8.686945e-03 6.473374e-02 1.418673e-08 -8.685060e-03 1.538388e-05 7.549680e-09 -1.884675e-06
23.01          7.134785e-02 2.558039e-08 -9.763921e-03 7.133325e-02 1.643620e-08 -9.762127e-03 1.460776e-05 9.144182e-09 -1.793566e-06
23.02          7.043752e-02 2.814638e-08 -9.828662e-03 7.042328e-02 1.833725e-08 -9.826867e-03 1.423561e-05 9.809134e-09 -1.794887e-06
23.03          8.733292e-02 3.469721e-08 -1.241853e-02 8.731915e-02 2.439460e-08 -1.241679e-02 1.377082e-05 1.030261e-08 -1.735745e-06
23.04          1.160884e-01 5.752300e-08 -1.681520e-02 1.160746e-01 4.661480e-08 -1.681336e-02 1.377844e-05 1.090820e-08 -1.841869e-06
23.05          1.218252e-01 5.861983e-08 -1.796916e-02 1.218115e-01 4.680362e-08 -1.796721e-02 1.374051e-05 1.181621e-08 -1.941455e-06
23.06          1.094316e-01 5.777186e-08 -1.643125e-02 1.094184e-01 4.490663e-08 -1.642933e-02 1.318581e-05 1.286524e-08 -1.915790e-06
23.07          1.054988e-01 4.389868e-08 -1.611872e-02 1.054867e-01 3.064216e-08 -1.611696e-02 1.212734e-05 1.325652e-08 -1.761761e-06
23.08          1.123401e-01 4.994833e-08 -1.745735e-02 1.123286e-01 3.642755e-08 -1.745570e-02 1.153891e-05 1.352078e-08 -1.651611e-06
23.09          1.193205e-01 5.520165e-08 -1.885148e-02 1.193094e-01 4.157378e-08 -1.884988e-02 1.108686e-05 1.362787e-08 -1.597270e-06
23.1           1.100593e-01 4.930662e-08 -1.767208e-02 1.100487e-01 3.598112e-08 -1.767053e-02 1.058218e-05 1.332550e-08 -1.544947e-06
23.11          1.093010e-01 4.204813e-08 -1.782936e-02 1.092911e-01 2.936665e-08 -1.782791e-02 9.852823e-06 1.268148e-08 -1.453725e-06
23.12          1.292081e-01 5.403855e-08 -2.140286e-02 1.291986e-01 4.200993e-08 -2.140146e-02 9.447292e-06 1.202863e-08 -1.393797e-06
23.13          1.431465e-01 7.172513e-08 -2.406984e-02 1.431371e-01 5.899155e-08 -2.406843e-02 9.420385e-06 1.273358e-08 -1.404651e-06
23.14          1.752556e-01 9.066432e-08 -2.990238e-02 1.752461e-01 7.727717e-08 -2.990091e-02 9.562210e-06 1.338716e-08 -1.474962e-06
23.15          1.683206e-01 8.432643e-08 -2.913174e-02 1.683112e-01 6.947873e-08 -2.913026e-02 9.409381e-06 1.484769e-08 -1.482085e-06
23.16          9.804524e-02 4.337722e-08 -1.720832e-02 9.803660e-02 2.817739e-08 -1.720699e-02 8.634793e-06 1.519982e-08 -1.332921e-06
23.17          1.549557e-01 6.978129e-08 -2.756581e-02 1.549476e-01 5.381699e-08 -2.756456e-02 8.129686e-06 1.596430e-08 -1.246199e-06
23.18          1.538536e-01 7.382592e-08 -2.773419e-02 1.538458e-01 5.705511e-08 -2.773301e-02 7.737715e-06 1.677081e-08 -1.181268e-06
23.19          1.618658e-01 6.600215e-08 -2.955626e-02 1.618588e-01 4.959463e-08 -2.955524e-02 7.082026e-06 1.640752e-08 -1.023442e-06
23.2           1.306680e-01 5.415812e-08 -2.416026e-02 1.306616e-01 3.839198e-08 -2.415940e-02 6.427894e-06 1.576614e-08 -8.598701e-07
23.21          1.550728e-01 7.082229e-08 -2.902115e-02 1.550666e-01 5.503406e-08 -2.902035e-02 6.234504e-06 1.578824e-08 -8.003231e-07
23.22          1.766384e-01 8.622021e-08 -3.344798e-02 1.766322e-01 6.963358e-08 -3.344718e-02 6.216859e-06 1.658663e-08 -7.986615e-07
23.23          1.662425e-01 7.748544e-08 -3.184186e-02 1.662366e-01 6.087747e-08 -3.184116e-02 5.863561e-06 1.660798e-08 -7.053270e-07
23.24          1.664972e-01 7.671340e-08 -3.224640e-02 1.664917e-01 6.010727e-08 -3.224578e-02 5.532854e-06 1.660613e-08 -6.196050e-07
23.25          1.706098e-01 8.181911e-08 -3.339998e-02 1.706045e-01 6.529965e-08 -3.339941e-02 5.372283e-06 1.651946e-08 -5.675340e-07
23.26          1.707715e-01 8.297264e-08 -3.378178e-02 1.707664e-01 6.578121e-08 -3.378128e-02 5.127311e-06 1.719143e-08 -4.961593e-07
23.27          1.804681e-01 9.202139e-08 -3.606169e-02 1.804630e-01 7.345759e-08 -3.606124e-02 5.012003e-06 1.856380e-08 -4.535926e-07
23.28          1.674301e-01 8.581199e-08 -3.378498e-02 1.674253e-01 6.616985e-08 -3.378458e-02 4.837307e-06 1.964214e-08 -3.971831e-07
23.29          1.874423e-01 9.302217e-08 -3.818218e-02 1.874377e-01 7.239258e-08 -3.818187e-02 4.589056e-06 2.062959e-08 -3.120196e-07
23.3           1.798319e-01 8.813159e-08 -3.696865e-02 1.798276e-01 6.665062e-08 -3.696844e-02 4.305164e-06 2.148097e-08 -2.107094e-07
23.31          1.679294e-01 8.347104e-08 -3.482783e-02 1.679254e-01 6.151845e-08 -3.482773e-02 4.021160e-06 2.195259e-08 -9.911580e-08
23.32          1.749933e-01 8.671669e-08 -3.660257e-02 1.749896e-01 6.424671e-08 -3.660259e-02 3.768259e-06 2.246998e-08 1.713363e-08
23.33          1.675604e-01 8.139891e-08 -3.533626e-02 1.675570e-01 5.842561e-08 -3.533644e-02 3.428662e-06 2.297330e-08 1.746077e-07
23.34          1.870518e-01 9.358261e-08 -3.975802e-02 1.870486e-01 6.985016e-08 -3.975828e-02 3.281192e-06 2.373244e-08 2.536957e-07
23.35          1.831799e-01 9.504402e-08 -3.923032e-02 1.831768e-01 7.034405e-08 -3.923063e-02 3.159514e-06 2.469997e-08 3.183791e-07
23.36          1.860248e-01 9.776199e-08 -4.012887e-02 1.860217e-01 7.223594e-08 -4.012924e-02 3.047587e-06 2.552604e-08 3.743846e-07
23.37          1.760332e-01 9.296793e-08 -3.823785e-02 1.760302e-01 6.717604e-08 -3.823828e-02 2.935725e-06 2.579189e-08 4.342820e-07
23.38          1.886452e-01 9.697129e-08 -4.125014e-02 1.886424e-01 7.081400e-08 -4.125061e-02 2.854718e-06 2.615729e-08 4.709065e-07
23.39          1.835243e-01 9.423690e-08 -4.038595e-02 1.835214e-01 6.813641e-08 -4.038646e-02 2.830076e-06 2.610048e-08 5.069589e-07
23.4           1.842602e-01 9.711694e-08 -4.079364e-02 1.842574e-01 7.024636e-08 -4.079416e-02 2.790058e-06 2.687057e-08 5.198157e-07
23.41          1.877853e-01 1.015107e-07 -4.181357e-02 1.877825e-01 7.387708e-08 -4.181409e-02 2.777504e-06 2.763365e-08 5.164273e-07
23.42          1.951484e-01 1.030764e-07 -4.369056e-02 1.951456e-01 7.471695e-08 -4.369105e-02 2.757834e-06 2.835945e-08 4.907502e-07
23.43          1.936122e-01 1.086212e-07 -4.357050e-02 1.936095e-01 7.965890e-08 -4.357097e-02 2.774881e-06 2.896228e-08 4.646009e-07
23.44          1.864746e-01 1.047319e-07 -4.216853e-02 1.864718e-01 7.518276e-08 -4.216897e-02 2.779007e-06 2.954919e-08 4.333466e-07
23.45          1.929271e-01 1.085751e-07 -4.382688e-02 1.929242e-01 7.916221e-08 -4.382728e-02 2.901661e-06 2.941289e-08 3.949096e-07
23.46          1.979415e-01 1.124900e-07 -4.515763e-02 1.979385e-01 8.299892e-08 -4.515799e-02 2.996304e-06 2.949106e-08 3.518265e-07
23.47          1.977604e-01 1.136919e-07 -4.529541e-02 1.977573e-01 8.397545e-08 -4.529570e-02 3.072326e-06 2.971650e-08 2.928143e-07
23.48          2.038816e-01 1.193073e-07 -4.686903e-02 2.038785e-01 8.987996e-08 -4.686927e-02 3.162461e-06 2.942736e-08 2.339561e-07
23.49          1.999320e-01 1.190996e-07 -4.611677e-02 1.999287e-01 9.016161e-08 -4.611694e-02 3.327601e-06 2.893801e-08 1.649365e-07
23.5           2.033198e-01 1.252339e-07 -4.704294e-02 2.033162e-01 9.722388e-08 -4.704304e-02 3.591589e-06 2.801001e-08 9.485395e-08
23.51          1.981287e-01 1.239189e-07 -4.597069e-02 1.981248e-01 9.626656e-08 -4.597069e-02 3.841308e-06 2.765238e-08 5.074132e-09
23.52          2.127315e-01 1.255113e-07 -4.948258e-02 2.127277e-01 9.792364e-08 -4.948253e-02 3.831520e-06 2.758766e-08 -4.446496e-08
23.53          2.119073e-01 1.270513e-07 -4.940063e-02 2.119032e-01 9.996003e-08 -4.940049e-02 4.010570e-06 2.709123e-08 -1.376373e-07
23.54          2.106901e-01 1.275912e-07 -4.921199e-02 2.106859e-01 1.008850e-07 -4.921178e-02 4.143770e-06 2.670618e-08 -2.112348e-07
23.55          1.844895e-01 1.240672e-07 -4.316339e-02 1.844849e-01 9.904636e-08 -4.316307e-02 4.572349e-06 2.502082e-08 -3.174361e-07
23.56          2.106466e-01 1.310954e-07 -4.934954e-02 2.106416e-01 1.073979e-07 -4.934912e-02 4.990166e-06 2.369752e-08 -4.209596e-07
23.57          2.227267e-01 1.325592e-07 -5.223543e-02 2.227216e-01 1.100010e-07 -5.223498e-02 5.059469e-06 2.255817e-08 -4.530916e-07
23.58          2.023590e-01 1.289665e-07 -4.749612e-02 2.023536e-01 1.076502e-07 -4.749557e-02 5.433958e-06 2.131632e-08 -5.454144e-07
23.59          2.140657e-01 1.308317e-07 -5.026793e-02 2.140600e-01 1.106623e-07 -5.026733e-02 5.700441e-06 2.016935e-08 -6.034454e-07
23.6           2.212500e-01 1.305646e-07 -5.196512e-02 2.212441e-01 1.114400e-07 -5.196447e-02 5.893521e-06 1.912459e-08 -6.449134e-07
23.61          2.269988e-01 1.319857e-07 -5.331051e-02 2.269928e-01 1.141137e-07 -5.330984e-02 6.026346e-06 1.787203e-08 -6.777024e-07
23.62          2.196822e-01 1.272529e-07 -5.157320e-02 2.196759e-01 1.105229e-07 -5.157248e-02 6.259365e-06 1.672997e-08 -7.236223e-07
23.63          2.175535e-01 1.235591e-07 -5.104003e-02 2.175470e-01 1.079914e-07 -5.103926e-02 6.464566e-06 1.556766e-08 -7.680388e-07
23.64          2.281917e-01 1.260176e-07 -5.348532e-02 2.281849e-01 1.118338e-07 -5.348448e-02 6.796916e-06 1.418381e-08 -8.429036e-07
23.65          2.233218e-01 1.208760e-07 -5.227973e-02 2.233148e-01 1.081496e-07 -5.227884e-02 7.030373e-06 1.272641e-08 -8.965459e-07
23.66          2.199660e-01 1.161816e-07 -5.141605e-02 2.199587e-01 1.046460e-07 -5.141508e-02 7.308879e-06 1.153559e-08 -9.681851e-07
23.67          2.214176e-01 1.137902e-07 -5.166218e-02 2.214101e-01 1.029316e-07 -5.166115e-02 7.463651e-06 1.085854e-08 -1.029920e-06
23.68          2.236443e-01 1.108761e-07 -5.207273e-02 2.236367e-01 1.009327e-07 -5.207164e-02 7.631924e-06 9.943464e-09 -1.093974e-06
23.69          2.847756e-01 1.223053e-07 -6.614765e-02 2.847685e-01 1.132182e-07 -6.614666e-02 7.083399e-06 9.087094e-09 -9.885229e-07
23.7           2.605158e-01 1.129414e-07 -6.035237e-02 2.605088e-01 1.047234e-07 -6.035138e-02 6.993886e-06 8.217931e-09 -9.841510e-07
23.71          2.593998e-01 1.114890e-07 -5.991733e-02 2.593927e-01 1.045207e-07 -5.991627e-02 7.189799e-06 6.968335e-09 -1.058226e-06
23.72          2.371541e-01 1.023771e-07 -5.460308e-02 2.371461e-01 9.689749e-08 -5.460184e-02 7.973387e-06 5.479562e-09 -1.238198e-06
23.73          2.489143e-01 1.018188e-07 -5.710930e-02 2.489060e-01 9.757722e-08 -5.710797e-02 8.344381e-06 4.241585e-09 -1.323873e-06
23.74          2.425277e-01 9.704756e-08 -5.543269e-02 2.425188e-01 9.370490e-08 -5.543127e-02 8.872263e-06 3.342655e-09 -1.420953e-06
23.75          2.523646e-01 1.006675e-07 -5.744519e-02 2.523554e-01 9.829522e-08 -5.744369e-02 9.166906e-06 2.372288e-09 -1.497358e-06
23.76          2.549713e-01 1.015454e-07 -5.778428e-02 2.549620e-01 9.995972e-08 -5.778273e-02 9.296818e-06 1.585667e-09 -1.545093e-06
23.77          2.663503e-01 1.026622e-07 -6.008120e-02 2.663409e-01 1.020094e-07 -6.007963e-02 9.404339e-06 6.527669e-10 -1.574347e-06
23.78          2.562181e-01 9.800166e-08 -5.750953e-02 2.562081e-01 9.821539e-08 -5.750785e-02 9.961502e-06 -2.137322e-10 -1.680733e-06
23.79          2.673686e-01 1.010293e-07 -5.969742e-02 2.673586e-01 1.019466e-07 -5.969570e-02 9.980320e-06 -9.172935e-10 -1.720535e-06
23.8           2.769708e-01 9.909878e-08 -6.149838e-02 2.769608e-01 1.008320e-07 -6.149668e-02 9.971668e-06 -1.733225e-09 -1.701915e-06
23.81          2.682757e-01 9.605796e-08 -5.922062e-02 2.682652e-01 9.847569e-08 -5.921883e-02 1.043104e-05 -2.417733e-09 -1.793044e-06
23.82          2.799357e-01 1.018662e-07 -6.141599e-02 2.799251e-01 1.047958e-07 -6.141415e-02 1.064859e-05 -2.929586e-09 -1.839470e-06
23.83          2.317832e-01 9.266432e-08 -5.052696e-02 2.317712e-01 9.642565e-08 -5.052482e-02 1.200347e-05 -3.761336e-09 -2.142339e-06
23.84          2.779177e-01 1.005378e-07 -6.017654e-02 2.779056e-01 1.041663e-07 -6.017439e-02 1.210261e-05 -3.628458e-09 -2.151615e-06
23.85          2.665347e-01 9.767968e-08 -5.730813e-02 2.665223e-01 1.016074e-07 -5.730597e-02 1.231394e-05 -3.927706e-09 -2.156056e-06
23.86          2.858302e-01 1.073486e-07 -6.100802e-02 2.858176e-01 1.116126e-07 -6.100583e-02 1.255923e-05 -4.264027e-09 -2.187609e-06
23.87          2.961617e-01 1.068554e-07 -6.273279e-02 2.961493e-01 1.108543e-07 -6.273065e-02 1.238796e-05 -3.998977e-09 -2.136884e-06
23.88          3.022688e-01 1.137253e-07 -6.352077e-02 3.022562e-01 1.175095e-07 -6.351858e-02 1.259833e-05 -3.784225e-09 -2.191820e-06
23.89          3.058203e-01 1.136729e-07 -6.374027e-02 3.058076e-01 1.177586e-07 -6.373807e-02 1.271942e-05 -4.085646e-09 -2.198271e-06
23.9           2.997677e-01 1.114267e-07 -6.194837e-02 2.997546e-01 1.156009e-07 -6.194609e-02 1.309966e-05 -4.174244e-09 -2.276094e-06
23.91          3.022457e-01 1.081583e-07 -6.191031e-02 3.022321e-01 1.125031e-07 -6.190794e-02 1.353464e-05 -4.344753e-09 -2.362842e-06
23.92          3.092328e-01 1.124324e-07 -6.276424e-02 3.092187e-01 1.173965e-07 -6.276176e-02 1.409875e-05 -4.964094e-09 -2.480139e-06
23.93          3.474301e-01 1.258191e-07 -6.985198e-02 3.474159e-01 1.308121e-07 -6.984953e-02 1.411782e-05 -4.992964e-09 -2.448114e-06
23.94          3.070369e-01 1.097709e-07 -6.113202e-02 3.070219e-01 1.161682e-07 -6.112948e-02 1.501209e-05 -6.397380e-09 -2.544849e-06
23.95          3.746237e-01 1.257203e-07 -7.383894e-02 3.746093e-01 1.311288e-07 -7.383655e-02 1.441073e-05 -5.408453e-09 -2.388789e-06
23.96          3.350872e-01 1.194966e-07 -6.536514e-02 3.350723e-01 1.248428e-07 -6.536262e-02 1.496983e-05 -5.346228e-09 -2.517313e-06
23.97          3.392775e-01 1.237003e-07 -6.547841e-02 3.392620e-01 1.298893e-07 -6.547582e-02 1.547396e-05 -6.188978e-09 -2.598857e-06
23.98          3.500653e-01 1.242746e-07 -6.681944e-02 3.500497e-01 1.282047e-07 -6.681680e-02 1.561085e-05 -3.930040e-09 -2.648187e-06
23.99          3.565801e-01 1.201879e-07 -6.729553e-02 3.565637e-01 1.251095e-07 -6.729278e-02 1.644048e-05 -4.921668e-09 -2.748760e-06
24             3.470607e-01 1.092385e-07 -6.474022e-02 3.470439e-01 1.147060e-07 -6.473741e-02 1.674424e-05 -5.467539e-09 -2.802104e-06
24.01          3.562352e-01 1.057824e-07 -6.565936e-02 3.562180e-01 1.113022e-07 -6.565652e-02 1.715790e-05 -5.519837e-09 -2.840343e-06
24.02          3.803011e-01 1.074769e-07 -6.923619e-02 3.802839e-01 1.132776e-07 -6.923336e-02 1.717728e-05 -5.800665e-09 -2.837870e-06
24.03          3.636678e-01 1.016537e-07 -6.537586e-02 3.636503e-01 1.090189e-07 -6.537302e-02 1.753744e-05 -7.365195e-09 -2.836221e-06
24.04          3.772996e-01 8.751549e-08 -6.694979e-02 3.772816e-01 9.562256e-08 -6.694690e-02 1.800409e-05 -8.107074e-09 -2.891415e-06
24.05          3.908554e-01 8.014183e-08 -6.843576e-02 3.908372e-01 8.798068e-08 -6.843288e-02 1.817455e-05 -7.838852e-09 -2.879363e-06
24.06          3.662235e-01 1.005278e-07 -6.325180e-02 3.662044e-01 1.171493e-07 -6.324884e-02 1.903700e-05 -1.662143e-08 -2.952059e-06
24.07          3.982145e-01 9.121030e-08 -6.781722e-02 3.981955e-01 1.053569e-07 -6.781428e-02 1.896858e-05 -1.414658e-08 -2.935627e-06
24.08          3.912769e-01 7.577434e-08 -6.568378e-02 3.912577e-01 8.960837e-08 -6.568083e-02 1.921911e-05 -1.383403e-08 -2.949962e-06
24.09          3.841759e-01 9.290791e-08 -6.354746e-02 3.841561e-01 1.093346e-07 -6.354445e-02 1.983567e-05 -1.642673e-08 -3.012023e-06
24.1           4.062984e-01 8.109429e-08 -6.619741e-02 4.062785e-01 9.669934e-08 -6.619442e-02 1.990407e-05 -1.560505e-08 -2.992756e-06
24.11          3.849771e-01 6.586424e-08 -6.175981e-02 3.849565e-01 8.255149e-08 -6.175674e-02 2.056175e-05 -1.668726e-08 -3.069070e-06
24.12          4.114558e-01 7.830507e-08 -6.496702e-02 4.114354e-01 9.116395e-08 -6.496399e-02 2.039855e-05 -1.285888e-08 -3.025934e-06
24.13          3.973408e-01 6.240597e-08 -6.172644e-02 3.973201e-01 7.559052e-08 -6.172346e-02 2.072677e-05 -1.318456e-08 -2.978832e-06
24.14          4.126244e-01 5.910456e-08 -6.304057e-02 4.126034e-01 7.207626e-08 -6.303762e-02 2.095871e-05 -1.297170e-08 -2.950028e-06
24.15          4.190718e-01 6.010813e-08 -6.294255e-02 4.190507e-01 7.171060e-08 -6.293963e-02 2.105941e-05 -1.160247e-08 -2.918730e-06
24.16          3.904783e-01 4.145252e-08 -5.763341e-02 3.904566e-01 5.375055e-08 -5.763048e-02 2.169087e-05 -1.229802e-08 -2.927924e-06
24.17          4.255051e-01 6.402853e-08 -6.168899e-02 4.254836e-01 7.615536e-08 -6.168608e-02 2.152846e-05 -1.212684e-08 -2.906427e-06
24.18          4.458337e-01 6.534814e-08 -6.346276e-02 4.458123e-01 7.706164e-08 -6.345995e-02 2.145463e-05 -1.171351e-08 -2.811628e-06
24.19          4.272689e-01 5.634913e-08 -5.969226e-02 4.272472e-01 6.721990e-08 -5.968945e-02 2.168788e-05 -1.087077e-08 -2.804967e-06
24.2           4.104838e-01 5.492380e-08 -5.625892e-02 4.104616e-01 6.639652e-08 -5.625612e-02 2.218204e-05 -1.147272e-08 -2.803426e-06
24.21          4.290312e-01 7.247612e-08 -5.765822e-02 4.290091e-01 8.368893e-08 -5.765544e-02 2.207110e-05 -1.121281e-08 -2.780612e-06
24.22          4.176626e-01 6.835138e-08 -5.501577e-02 4.176402e-01 8.113244e-08 -5.501302e-02 2.242926e-05 -1.278106e-08 -2.751870e-06
24.23          4.906264e-01 8.813575e-08 -6.331130e-02 4.906048e-01 9.922652e-08 -6.330872e-02 2.159924e-05 -1.109077e-08 -2.580657e-06
24.24          3.438984e-01 3.953968e-08 -4.346147e-02 3.438759e-01 4.935340e-08 -4.345883e-02 2.252880e-05 -9.813720e-09 -2.639120e-06
24.25          4.886594e-01 1.006324e-07 -6.043810e-02 4.886374e-01 1.102558e-07 -6.043555e-02 2.203212e-05 -9.623370e-09 -2.550044e-06
24.26          4.516182e-01 9.660720e-08 -5.464648e-02 4.515960e-01 1.040111e-07 -5.464393e-02 2.219781e-05 -7.403948e-09 -2.549833e-06
24.27          4.267053e-01 9.462110e-08 -5.048535e-02 4.266828e-01 1.037068e-07 -5.048286e-02 2.253125e-05 -9.085671e-09 -2.492936e-06
24.28          3.976003e-01 8.894898e-08 -4.597206e-02 3.975774e-01 9.847939e-08 -4.596953e-02 2.292814e-05 -9.530410e-09 -2.523946e-06
24.29          4.564402e-01 1.251769e-07 -5.154542e-02 4.564183e-01 1.289803e-07 -5.154311e-02 2.182924e-05 -3.803461e-09 -2.307171e-06
24.3           4.680144e-01 1.212221e-07 -5.159347e-02 4.679928e-01 1.264458e-07 -5.159128e-02 2.158459e-05 -5.223776e-09 -2.187668e-06
24.31          3.693780e-01 9.625250e-08 -3.973225e-02 3.693554e-01 1.018160e-07 -3.972998e-02 2.269578e-05 -5.563493e-09 -2.263871e-06
24.32          4.440441e-01 1.262062e-07 -4.657106e-02 4.440221e-01 1.303854e-07 -4.656889e-02 2.197111e-05 -4.179171e-09 -2.160101e-06
24.33          4.295443e-01 1.249194e-07 -4.390303e-02 4.295220e-01 1.309145e-07 -4.390091e-02 2.231779e-05 -5.995082e-09 -2.121858e-06
24.34          3.724665e-01 1.000591e-07 -3.707805e-02 3.724435e-01 1.069566e-07 -3.707595e-02 2.295071e-05 -6.897485e-09 -2.093492e-06
24.35          3.434210e-01 1.068443e-07 -3.327571e-02 3.433977e-01 1.144800e-07 -3.327355e-02 2.336358e-05 -7.635645e-09 -2.151150e-06
24.36          3.971839e-01 1.479745e-07 -3.743131e-02 3.971614e-01 1.558140e-07 -3.742928e-02 2.256013e-05 -7.839558e-09 -2.028723e-06
24.37          3.574613e-01 1.429721e-07 -3.274825e-02 3.574386e-01 1.510689e-07 -3.274625e-02 2.270572e-05 -8.096790e-09 -2.005775e-06
24.38          3.786552e-01 1.513244e-07 -3.369648e-02 3.786331e-01 1.588694e-07 -3.369464e-02 2.218381e-05 -7.545006e-09 -1.839906e-06
24.39          3.891812e-01 1.600728e-07 -3.361887e-02 3.891596e-01 1.667547e-07 -3.361708e-02 2.160964e-05 -6.681896e-09 -1.790925e-06
24.4           3.160584e-01 1.409809e-07 -2.648707e-02 3.160361e-01 1.478684e-07 -2.648523e-02 2.230221e-05 -6.887486e-09 -1.842328e-06
24.41          3.330292e-01 1.570498e-07 -2.705200e-02 3.330070e-01 1.642851e-07 -2.705017e-02 2.220591e-05 -7.235345e-09 -1.828823e-06
24.42          3.610101e-01 1.679739e-07 -2.840192e-02 3.609885e-01 1.748399e-07 -2.840022e-02 2.160079e-05 -6.866057e-09 -1.696418e-06
24.43          3.641946e-01 1.799650e-07 -2.773016e-02 3.641738e-01 1.848584e-07 -2.772850e-02 2.078522e-05 -4.893367e-09 -1.660020e-06
24.44          3.582662e-01 1.744970e-07 -2.637956e-02 3.582458e-01 1.783204e-07 -2.637809e-02 2.042069e-05 -3.823386e-09 -1.469236e-06
24.45          3.493457e-01 1.745097e-07 -2.485324e-02 3.493257e-01 1.775803e-07 -2.485195e-02 1.991965e-05 -3.070653e-09 -1.285743e-06
24.46          3.597220e-01 1.773667e-07 -2.470303e-02 3.597028e-01 1.787675e-07 -2.470191e-02 1.918461e-05 -1.400822e-09 -1.128495e-06
24.47          3.348728e-01 1.690816e-07 -2.217961e-02 3.348538e-01 1.698107e-07 -2.217855e-02 1.901670e-05 -7.291505e-10 -1.063333e-06
24.48          2.520369e-01 1.356412e-07 -1.608738e-02 2.520170e-01 1.376948e-07 -1.608623e-02 1.995832e-05 -2.053531e-09 -1.153854e-06
24.49          3.130343e-01 1.668521e-07 -1.922836e-02 3.130153e-01 1.688981e-07 -1.922730e-02 1.895137e-05 -2.046038e-09 -1.055895e-06
24.5           3.037323e-01 1.648935e-07 -1.793825e-02 3.037141e-01 1.664045e-07 -1.793731e-02 1.818928e-05 -1.510991e-09 -9.339332e-07
24.51          2.856221e-01 1.444095e-07 -1.620061e-02 2.856039e-01 1.495609e-07 -1.619974e-02 1.818318e-05 -5.151418e-09 -8.755216e-07
24.52          2.736312e-01 1.453832e-07 -1.488871e-02 2.736136e-01 1.484870e-07 -1.488791e-02 1.757126e-05 -3.103776e-09 -8.073976e-07
24.53          3.225229e-01 1.725479e-07 -1.681181e-02 3.225067e-01 1.733580e-07 -1.681115e-02 1.613944e-05 -8.101374e-10 -6.598966e-07
24.54          2.261550e-01 1.209194e-07 -1.128456e-02 2.261382e-01 1.215374e-07 -1.128383e-02 1.677589e-05 -6.180863e-10 -7.327812e-07
24.55          2.157482e-01 1.212767e-07 -1.028887e-02 2.157313e-01 1.230630e-07 -1.028810e-02 1.688090e-05 -1.786303e-09 -7.715675e-07
24.56          1.982426e-01 1.198793e-07 -9.023684e-03 1.982259e-01 1.231726e-07 -9.022883e-03 1.673903e-05 -3.293217e-09 -8.006050e-07
24.57          2.413642e-01 1.458207e-07 -1.046793e-02 2.413488e-01 1.487859e-07 -1.046722e-02 1.541651e-05 -2.965170e-09 -7.039570e-07
24.58          2.180332e-01 1.382024e-07 -8.998787e-03 2.180186e-01 1.392352e-07 -8.998177e-03 1.456861e-05 -1.032797e-09 -6.100882e-07
24.59          2.241079e-01 1.345637e-07 -8.787545e-03 2.240937e-01 1.361365e-07 -8.786981e-03 1.416815e-05 -1.572881e-09 -5.637980e-07
24.6           1.944981e-01 1.258368e-07 -7.234878e-03 1.944844e-01 1.255863e-07 -7.234337e-03 1.370643e-05 2.505118e-10 -5.402351e-07
24.61          2.023698e-01 1.309361e-07 -7.126430e-03 2.023568e-01 1.294460e-07 -7.125961e-03 1.298517e-05 1.490155e-09 -4.687445e-07
24.62          1.962056e-01 1.279956e-07 -6.529398e-03 1.961932e-01 1.253223e-07 -6.528998e-03 1.238859e-05 2.673310e-09 -3.998941e-07
24.63          1.963840e-01 1.341584e-07 -6.163169e-03 1.963724e-01 1.295256e-07 -6.162817e-03 1.164131e-05 4.632752e-09 -3.526468e-07
24.64          1.817610e-01 1.250205e-07 -5.368456e-03 1.817500e-01 1.185239e-07 -5.368155e-03 1.102837e-05 6.496647e-09 -3.005218e-07
24.65          1.750957e-01 1.215431e-07 -4.855717e-03 1.750852e-01 1.135510e-07 -4.855460e-03 1.045260e-05 7.992102e-09 -2.571674e-07
24.66          2.122190e-01 1.503425e-07 -5.510513e-03 2.122099e-01 1.373861e-07 -5.510367e-03 9.104821e-06 1.295645e-08 -1.456126e-07
24.67          1.617954e-01 1.199708e-07 -3.926113e-03 1.617866e-01 1.048020e-07 -3.925965e-03 8.828421e-06 1.516874e-08 -1.473189e-07
24.68          1.602373e-01 1.185760e-07 -3.621887e-03 1.602290e-01 1.025875e-07 -3.621768e-03 8.371333e-06 1.598848e-08 -1.193279e-07
24.69          1.596914e-01 1.201296e-07 -3.352040e-03 1.596837e-01 1.018544e-07 -3.351968e-03 7.737214e-06 1.827518e-08 -7.196460e-08
24.7           1.511409e-01 1.149706e-07 -2.936720e-03 1.511337e-01 9.454213e-08 -2.936691e-03 7.219951e-06 2.042848e-08 -2.970109e-08
24.71          1.533225e-01 1.207284e-07 -2.747713e-03 1.533160e-01 9.700228e-08 -2.747739e-03 6.522589e-06 2.372611e-08 2.576671e-08
24.72          1.454156e-01 1.159851e-07 -2.394232e-03 1.454097e-01 8.948052e-08 -2.394297e-03 5.975816e-06 2.650456e-08 6.519325e-08
24.73          1.404293e-01 1.082779e-07 -2.115008e-03 1.404238e-01 7.919846e-08 -2.115132e-03 5.494378e-06 2.907946e-08 1.239063e-07
24.74          1.355471e-01 1.093344e-07 -1.858651e-03 1.355422e-01 7.626452e-08 -1.858823e-03 4.953176e-06 3.306993e-08 1.721809e-07
24.75          1.313727e-01 1.012408e-07 -1.631035e-03 1.313681e-01 6.519311e-08 -1.631287e-03 4.550022e-06 3.604769e-08 2.523636e-07
24.76          1.331355e-01 1.058588e-07 -1.487664e-03 1.331314e-01 6.435217e-08 -1.488009e-03 4.118165e-06 4.150665e-08 3.450762e-07
24.77          1.302189e-01 1.037615e-07 -1.300543e-03 1.302150e-01 5.633866e-08 -1.300979e-03 3.816767e-06 4.742284e-08 4.358798e-07
24.78          1.092222e-01 8.151708e-08 -9.675535e-04 1.092185e-01 3.099224e-08 -9.679874e-04 3.664263e-06 5.052485e-08 4.339100e-07
24.79          1.217913e-01 9.130415e-08 -9.479197e-04 1.217877e-01 3.634825e-08 -9.484148e-04 3.625899e-06 5.495591e-08 4.950944e-07
24.8           1.234384e-01 9.621616e-08 -8.356067e-04 1.234346e-01 3.773377e-08 -8.361596e-04 3.793857e-06 5.848239e-08 5.528879e-07
24.81          1.114319e-01 7.605107e-08 -6.481891e-04 1.114279e-01 1.540245e-08 -6.487635e-04 3.932753e-06 6.064862e-08 5.743465e-07
24.82          1.074174e-01 7.337431e-08 -5.291153e-04 1.074133e-01 1.291656e-08 -5.296992e-04 4.174518e-06 6.045775e-08 5.838948e-07
24.83          1.071033e-01 6.551422e-08 -4.387621e-04 1.070988e-01 7.789366e-09 -4.393511e-04 4.540695e-06 5.772485e-08 5.890155e-07
24.84          1.075894e-01 6.606562e-08 -3.583504e-04 1.075843e-01 1.275390e-08 -3.589440e-04 5.095347e-06 5.331172e-08 5.936030e-07
24.85          1.041784e-01 5.449055e-08 -2.739753e-04 1.041727e-01 9.002439e-09 -2.745602e-04 5.699484e-06 4.548811e-08 5.848486e-07
24.86          8.128282e-02 1.036068e-08 -1.627801e-04 8.127692e-02 -2.585594e-08 -1.633422e-04 5.904431e-06 3.621662e-08 5.621661e-07
24.87          9.241680e-02 1.816282e-08 -1.312930e-04 9.241020e-02 -5.273187e-09 -1.318291e-04 6.597956e-06 2.343601e-08 5.360833e-07
24.88          1.051451e-01 3.470226e-08 -9.502263e-05 1.051375e-01 2.552108e-08 -9.553870e-05 7.631732e-06 9.181178e-09 5.160696e-07
24.89          8.925626e-02 9.466098e-09 -4.164379e-05 8.924789e-02 1.646561e-08 -4.215561e-05 8.369709e-06 -6.999510e-09 5.118198e-07
24.9           9.389922e-02 3.895989e-09 -7.842760e-06 9.389001e-02 2.862437e-08 -8.323914e-06 9.205452e-06 -2.472838e-08 4.811541e-07
24.91          8.649053e-02 -1.611232e-08 1.964930e-05 8.648065e-02 2.364616e-08 1.918444e-05 9.876681e-06 -3.975848e-08 4.648634e-07
24.92          9.124016e-02 -1.374745e-08 4.383322e-05 9.122937e-02 4.109942e-08 4.340337e-05 1.078471e-05 -5.484687e-08 4.298514e-07
24.93          7.750163e-02 -2.827052e-08 5.062386e-05 7.749005e-02 3.967676e-08 5.022838e-05 1.157939e-05 -6.794728e-08 3.954751e-07
24.94          9.947117e-02 5.435773e-09 7.869035e-05 9.945839e-02 8.675553e-08 7.835654e-05 1.277851e-05 -8.131976e-08 3.338088e-07
24.95          9.857408e-02 1.777819e-09 8.343751e-05 9.856026e-02 9.392369e-08 8.316426e-05 1.381807e-05 -9.214587e-08 2.732526e-07
24.96          7.007514e-02 -2.594707e-08 5.632588e-05 7.006081e-02 6.838067e-08 5.610511e-05 1.433144e-05 -9.432774e-08 2.207723e-07
24.97          5.242821e-02 -4.451860e-08 3.610893e-05 5.241350e-02 5.035337e-08 3.591912e-05 1.471137e-05 -9.487197e-08 1.898099e-07
24.98          3.257860e-02 -6.047407e-08 1.465163e-05 3.256355e-02 3.375327e-08 1.449138e-05 1.504743e-05 -9.422735e-08 1.602522e-07
24.99          2.004170e-02 -6.839829e-08 1.605908e-06 2.002624e-02 2.529651e-08 1.469777e-06 1.546416e-05 -9.369481e-08 1.361308e-07
25             3.090254e-02 -6.432288e-08 -2.013903e-06 3.088655e-02 2.688676e-08 -2.092310e-06 1.599637e-05 -9.120964e-08 7.840691e-08
25.01          1.836027e-02 -7.493968e-08 -1.093461e-05 1.834381e-02 1.201272e-08 -1.098748e-05 1.646148e-05 -8.695240e-08 5.286777e-08
25.02          2.450063e-02 -7.054305e-08 -2.198870e-05 2.448365e-02 1.025480e-08 -2.199703e-05 1.698825e-05 -8.079785e-08 8.332981e-09
25.03          3.436090e-02 -5.433450e-08 -4.356115e-05 3.434320e-02 2.037582e-08 -4.351754e-05 1.770463e-05 -7.471032e-08 -4.360598e-08
25.04          5.140333e-02 -2.482088e-08 -8.832957e-05 5.138455e-02 4.557971e-08 -8.820736e-05 1.877486e-05 -7.040059e-08 -1.222057e-07
25.05          7.976017e-03 -8.077800e-08 -2.672247e-05 7.957107e-03 -2.050170e-08 -2.655402e-05 1.891025e-05 -6.027630e-08 -1.684527e-07
25.06          3.339150e-03 -7.428195e-08 -1.936287e-05 3.319990e-03 -2.395379e-08 -1.915354e-05 1.915947e-05 -5.032816e-08 -2.093298e-07
25.07          -5.266931e-02 -1.287854e-07 1.748448e-04 -5.268805e-02 -8.849088e-08 1.750366e-04 1.874523e-05 -4.029455e-08 -1.918258e-07
25.08          -2.615899e-02 -1.114349e-07 1.020227e-04 -2.617814e-02 -7.084833e-08 1.022037e-04 1.914448e-05 -4.058654e-08 -1.809455e-07
25.09          -5.443200e-03 -8.288104e-08 1.696771e-05 -5.463166e-03 -4.410477e-08 1.716216e-05 1.996683e-05 -3.877627e-08 -1.944467e-07
25.1           -3.069881e-02 -1.156049e-07 1.752330e-04 -3.071899e-02 -8.627609e-08 1.754464e-04 2.017762e-05 -2.932876e-08 -2.134182e-07
25.11          -2.648487e-02 -1.031034e-07 1.752777e-04 -2.650546e-02 -7.999295e-08 1.754955e-04 2.059487e-05 -2.311040e-08 -2.177849e-07
25.12          -5.478031e-02 -1.450806e-07 4.318921e-04 -5.480087e-02 -1.281956e-07 4.320858e-04 2.056345e-05 -1.688499e-08 -1.936944e-07
25.13          -5.212391e-02 -1.290447e-07 4.674884e-04 -5.214476e-02 -1.178535e-07 4.676492e-04 2.084592e-05 -1.119118e-08 -1.607765e-07
25.14          -2.491437e-02 -9.484152e-08 2.457274e-04 -2.493583e-02 -8.693835e-08 2.458939e-04 2.145314e-05 -7.903175e-09 -1.664873e-07
25.15          -4.293385e-02 -1.026949e-07 4.847810e-04 -4.295560e-02 -9.770540e-08 4.849924e-04 2.175072e-05 -4.989532e-09 -2.113665e-07
25.16          -3.721966e-02 -9.927612e-08 4.660892e-04 -3.724176e-02 -9.654316e-08 4.663361e-04 2.209265e-05 -2.732952e-09 -2.469177e-07
25.17          -5.154242e-02 -1.004308e-07 7.192249e-04 -5.156480e-02 -9.982034e-08 7.195109e-04 2.237710e-05 -6.104624e-10 -2.859460e-07
25.18          -5.700388e-02 -1.115885e-07 8.760778e-04 -5.702640e-02 -1.126146e-07 8.763907e-04 2.251660e-05 1.026051e-09 -3.129410e-07
25.19          -6.660242e-02 -1.225914e-07 1.122098e-03 -6.662506e-02 -1.246785e-07 1.122455e-03 2.263781e-05 2.087126e-09 -3.573541e-07
25.2           -6.808976e-02 -1.167030e-07 1.249778e-03 -6.811248e-02 -1.208225e-07 1.250147e-03 2.272773e-05 4.119485e-09 -3.683077e-07
25.21          -7.971325e-02 -1.242235e-07 1.589329e-03 -7.973598e-02 -1.302794e-07 1.589710e-03 2.272433e-05 6.055913e-09 -3.810164e-07
25.22          -7.602622e-02 -1.185723e-07 1.637333e-03 -7.604911e-02 -1.255810e-07 1.637709e-03 2.288861e-05 7.008667e-09 -3.764121e-07
25.23          -9.192989e-02 -1.273519e-07 2.135214e-03 -9.195281e-02 -1.357041e-07 2.135574e-03 2.291613e-05 8.352161e-09 -3.601500e-07
25.24          -8.503678e-02 -1.212308e-07 2.119159e-03 -8.505983e-02 -1.306119e-07 2.119511e-03 2.305240e-05 9.381060e-09 -3.525075e-07
25.25          -8.694672e-02 -1.133698e-07 2.319788e-03 -8.696990e-02 -1.242949e-07 2.320141e-03 2.318405e-05 1.092504e-08 -3.526674e-07
25.26          -8.889263e-02 -1.136657e-07 2.532410e-03 -8.891584e-02 -1.252354e-07 2.532783e-03 2.321225e-05 1.156977e-08 -3.728530e-07
25.27          -1.079991e-01 -1.151873e-07 3.279754e-03 -1.080222e-01 -1.277495e-07 3.280135e-03 2.316225e-05 1.256213e-08 -3.807022e-07
25.28          -8.984773e-02 -9.614537e-08 2.896502e-03 -8.987119e-02 -1.088191e-07 2.896922e-03 2.346918e-05 1.267368e-08 -4.198532e-07
25.29          -1.170521e-01 -1.040893e-07 4.005036e-03 -1.170754e-01 -1.177975e-07 4.005457e-03 2.323812e-05 1.370814e-08 -4.206924e-07
25.3           -9.569355e-02 -9.099749e-08 3.461460e-03 -9.571693e-02 -1.054905e-07 3.461921e-03 2.337813e-05 1.449297e-08 -4.604970e-07
25.31          -9.416434e-02 -8.014199e-08 3.596674e-03 -9.418776e-02 -9.676246e-08 3.597126e-03 2.341980e-05 1.662047e-08 -4.519693e-07
25.32          -1.416467e-01 -1.208992e-07 5.710521e-03 -1.416696e-01 -1.373815e-07 5.710983e-03 2.291462e-05 1.648230e-08 -4.620252e-07
25.33          -9.813551e-02 -7.571789e-08 4.158523e-03 -9.815874e-02 -9.382305e-08 4.159009e-03 2.322729e-05 1.810516e-08 -4.866089e-07
25.34          -1.508131e-01 -1.073116e-07 6.721879e-03 -1.508358e-01 -1.273275e-07 6.722393e-03 2.269867e-05 2.001587e-08 -5.132799e-07
25.35          -6.485457e-02 -6.776203e-08 3.024047e-03 -6.487826e-02 -8.566848e-08 3.024685e-03 2.369453e-05 1.790645e-08 -6.380933e-07
25.36          -1.074192e-01 -8.168856e-08 5.256904e-03 -1.074425e-01 -1.007562e-07 5.257579e-03 2.329353e-05 1.906767e-08 -6.743251e-07
25.37          -1.347077e-01 -8.869789e-08 6.899851e-03 -1.347304e-01 -1.100912e-07 6.900511e-03 2.270640e-05 2.139332e-08 -6.596234e-07
25.38          -7.131333e-02 -4.865437e-08 3.809608e-03 -7.133658e-02 -7.279377e-08 3.810360e-03 2.324787e-05 2.413940e-08 -7.519795e-07
25.39          -7.644779e-02 -5.377637e-08 4.262586e-03 -7.647096e-02 -7.897326e-08 4.263443e-03 2.316719e-05 2.519688e-08 -8.562676e-07
25.4           -8.745862e-02 -6.045109e-08 5.084386e-03 -8.748149e-02 -8.547710e-08 5.085320e-03 2.286840e-05 2.502601e-08 -9.343619e-07
25.41          -2.895511e-02 -9.638715e-10 1.743282e-03 -2.897870e-02 -2.455963e-08 1.744366e-03 2.358707e-05 2.359576e-08 -1.084061e-06
25.42          -1.758847e-02 -5.675859e-09 1.096784e-03 -1.761232e-02 -2.905296e-08 1.097970e-03 2.384740e-05 2.337710e-08 -1.185721e-06
25.43          -7.323444e-02 -2.152739e-08 4.786290e-03 -7.325738e-02 -4.550241e-08 4.787423e-03 2.293383e-05 2.397502e-08 -1.133014e-06
25.44          -7.311514e-02 -2.322146e-08 4.958796e-03 -7.313757e-02 -4.669671e-08 4.959983e-03 2.243107e-05 2.347525e-08 -1.187640e-06
25.45          -5.827412e-02 -5.889625e-09 4.095207e-03 -5.829625e-02 -2.867480e-08 4.096354e-03 2.213136e-05 2.278517e-08 -1.147303e-06
25.46          -6.941739e-02 -1.699498e-08 5.055492e-03 -6.943929e-02 -3.899561e-08 5.056691e-03 2.189787e-05 2.200063e-08 -1.199414e-06
25.47          -5.255164e-02 -4.001365e-09 3.957714e-03 -5.257339e-02 -2.694531e-08 3.958920e-03 2.174652e-05 2.294395e-08 -1.205636e-06
25.48          -5.456542e-02 -9.531082e-09 4.249799e-03 -5.458675e-02 -3.253184e-08 4.251032e-03 2.133256e-05 2.300076e-08 -1.232960e-06
25.49          1.660177e-02 2.421361e-08 -1.351443e-03 1.657985e-02 2.117878e-09 -1.350064e-03 2.192709e-05 2.209574e-08 -1.379353e-06
25.5           -2.915564e-02 1.266256e-08 2.416624e-03 -2.917706e-02 -1.077873e-08 2.418034e-03 2.141801e-05 2.344129e-08 -1.409763e-06
25.51          -2.133476e-02 2.284668e-08 1.821294e-03 -2.135596e-02 -1.285807e-09 1.822750e-03 2.120010e-05 2.413248e-08 -1.455904e-06
25.52          2.087538e-02 3.983357e-08 -1.859419e-03 2.085400e-02 1.603463e-08 -1.857846e-03 2.138071e-05 2.379894e-08 -1.572874e-06
25.53          -5.519788e-02 7.809754e-09 5.022792e-03 -5.521816e-02 -1.758427e-08 5.024318e-03 2.027987e-05 2.539402e-08 -1.526267e-06
25.54          2.039839e-02 4.877678e-08 -1.925234e-03 2.037813e-02 2.324814e-08 -1.923659e-03 2.026555e-05 2.552864e-08 -1.574680e-06
25.55          2.735309e-02 5.196903e-08 -2.651143e-03 2.733314e-02 2.714333e-08 -2.649529e-03 1.994835e-05 2.482570e-08 -1.614001e-06
25.56          1.860621e-02 5.438628e-08 -1.856868e-03 1.858619e-02 2.894216e-08 -1.855176e-03 2.001630e-05 2.544412e-08 -1.691620e-06
25.57          -1.854570e-02 3.113003e-08 1.880441e-03 -1.856491e-02 4.344329e-09 1.882090e-03 1.921033e-05 2.678570e-08 -1.648961e-06
25.58          6.388435e-02 7.197525e-08 -6.694631e-03 6.386504e-02 4.528115e-08 -6.692886e-03 1.930622e-05 2.669411e-08 -1.744767e-06
25.59          2.423437e-02 6.415172e-08 -2.611116e-03 2.421560e-02 3.634015e-08 -2.609399e-03 1.877267e-05 2.781157e-08 -1.716437e-06
25.6           4.130709e-04 4.387269e-08 -5.485244e-05 3.951153e-04 1.482808e-08 -5.317123e-05 1.795559e-05 2.904461e-08 -1.681206e-06
25.61          1.717281e-02 5.560021e-08 -1.946343e-03 1.715552e-02 2.611308e-08 -1.944750e-03 1.728342e-05 2.948713e-08 -1.593455e-06
25.62          3.092657e-02 5.312515e-08 -3.581760e-03 3.090966e-02 2.449671e-08 -3.580193e-03 1.691327e-05 2.862844e-08 -1.567351e-06
25.63          6.903016e-03 2.250825e-08 -8.252540e-04 6.886973e-03 -2.728346e-09 -8.237632e-04 1.604246e-05 2.523660e-08 -1.490804e-06
25.64          3.756407e-02 4.721025e-08 -4.553102e-03 3.754818e-02 2.185885e-08 -4.551616e-03 1.588197e-05 2.535140e-08 -1.486309e-06
25.65          6.152458e-02 6.314092e-08 -7.618846e-03 6.150859e-02 3.834215e-08 -7.617282e-03 1.598890e-05 2.479877e-08 -1.564189e-06
25.66          5.944455e-02 5.788637e-08 -7.522860e-03 5.942890e-02 3.226031e-08 -7.521257e-03 1.565317e-05 2.562607e-08 -1.603716e-06
25.67          5.120756e-02 5.433684e-08 -6.620370e-03 5.119245e-02 2.765379e-08 -6.618797e-03 1.510878e-05 2.668306e-08 -1.573149e-06
25.68          4.996975e-02 4.627924e-08 -6.595445e-03 4.995516e-02 1.904083e-08 -6.593889e-03 1.458409e-05 2.723841e-08 -1.555968e-06
25.69          7.739137e-02 8.100061e-08 -1.041927e-02 7.737673e-02 5.293217e-08 -1.041767e-02 1.463940e-05 2.806844e-08 -1.593459e-06
25.7           7.218898e-02 6.315075e-08 -9.913919e-03 7.217468e-02 3.483466e-08 -9.912253e-03 1.429828e-05 2.831610e-08 -1.666063e-06
25.71          9.142553e-02 8.085426e-08 -1.279811e-02 9.141144e-02 5.077204e-08 -1.279643e-02 1.408386e-05 3.008222e-08 -1.671500e-06
25.72          8.361592e-02 7.265466e-08 -1.192858e-02 8.360236e-02 4.098068e-08 -1.192695e-02 1.356585e-05 3.167398e-08 -1.636026e-06
25.73          9.136800e-02 8.024738e-08 -1.327635e-02 9.135469e-02 4.824030e-08 -1.327468e-02 1.331258e-05 3.200708e-08 -1.662778e-06
25.74          4.118425e-02 5.404365e-08 -6.096737e-03 4.117224e-02 2.193997e-08 -6.095272e-03 1.201298e-05 3.210368e-08 -1.464929e-06
25.75          1.046175e-01 9.672776e-08 -1.575131e-02 1.046053e-01 6.328967e-08 -1.574979e-02 1.218920e-05 3.343809e-08 -1.513634e-06
25.76          1.081493e-01 9.112575e-08 -1.656527e-02 1.081373e-01 5.737473e-08 -1.656376e-02 1.194535e-05 3.375102e-08 -1.513178e-06
25.77          9.420605e-02 7.907986e-08 -1.467493e-02 9.419465e-02 4.535468e-08 -1.467345e-02 1.139954e-05 3.372519e-08 -1.478889e-06
25.78          1.273468e-01 1.013897e-07 -2.016348e-02 1.273356e-01 6.617961e-08 -2.016199e-02 1.124398e-05 3.521005e-08 -1.492636e-06
25.79          1.100040e-01 9.330184e-08 -1.769965e-02 1.099933e-01 5.838220e-08 -1.769821e-02 1.069831e-05 3.491964e-08 -1.444975e-06
25.8           1.204821e-01 1.062792e-07 -1.969056e-02 1.204717e-01 7.016907e-08 -1.968914e-02 1.041213e-05 3.611013e-08 -1.425363e-06
25.81          1.383833e-01 1.192542e-07 -2.296327e-02 1.383730e-01 8.217927e-08 -2.296180e-02 1.029425e-05 3.707495e-08 -1.471495e-06
25.82          1.403460e-01 1.251554e-07 -2.363865e-02 1.403360e-01 8.656034e-08 -2.363720e-02 1.000570e-05 3.859503e-08 -1.456149e-06
25.83          1.741159e-01 1.516708e-07 -2.975442e-02 1.741056e-01 1.116115e-07 -2.975285e-02 1.026960e-05 4.005928e-08 -1.570011e-06
25.84          1.362216e-01 1.355808e-07 -2.361215e-02 1.362120e-01 9.407604e-08 -2.361066e-02 9.627258e-06 4.150480e-08 -1.496283e-06
25.85          1.596590e-01 1.599961e-07 -2.805840e-02 1.596497e-01 1.176020e-07 -2.805695e-02 9.312977e-06 4.239409e-08 -1.452947e-06
25.86          1.389262e-01 1.577427e-07 -2.474617e-02 1.389173e-01 1.143122e-07 -2.474477e-02 8.897658e-06 4.343055e-08 -1.392417e-06
25.87          1.418214e-01 1.567492e-07 -2.559496e-02 1.418131e-01 1.123050e-07 -2.559368e-02 8.306331e-06 4.444428e-08 -1.280657e-06
25.88          1.454949e-01 1.651957e-07 -2.659455e-02 1.454871e-01 1.189786e-07 -2.659338e-02 7.779669e-06 4.621705e-08 -1.165850e-06
25.89          1.442579e-01 1.669298e-07 -2.669739e-02 1.442506e-01 1.188979e-07 -2.669634e-02 7.296148e-06 4.803191e-08 -1.055524e-06
25.9           1.434753e-01 1.686730e-07 -2.687429e-02 1.434683e-01 1.194639e-07 -2.687328e-02 6.999072e-06 4.920908e-08 -1.005930e-06
25.91          1.464991e-01 1.568351e-07 -2.776394e-02 1.464926e-01 1.075471e-07 -2.776306e-02 6.444977e-06 4.928795e-08 -8.896657e-07
25.92          1.569793e-01 1.648936e-07 -3.009018e-02 1.569732e-01 1.141864e-07 -3.008939e-02 6.067326e-06 5.070721e-08 -7.862368e-07
25.93          1.758364e-01 2.046543e-07 -3.407843e-02 1.758302e-01 1.514626e-07 -3.407760e-02 6.283964e-06 5.319170e-08 -8.313812e-07
25.94          1.838983e-01 1.996770e-07 -3.602518e-02 1.838921e-01 1.433320e-07 -3.602436e-02 6.193602e-06 5.634500e-08 -8.152743e-07
25.95          1.668134e-01 1.690295e-07 -3.302068e-02 1.668076e-01 1.120518e-07 -3.301998e-02 5.747527e-06 5.697770e-08 -7.051316e-07
25.96          1.536398e-01 1.493292e-07 -3.072142e-02 1.536347e-01 9.336907e-08 -3.072087e-02 5.193751e-06 5.596008e-08 -5.487575e-07
25.97          1.710768e-01 1.716891e-07 -3.454283e-02 1.710719e-01 1.140660e-07 -3.454239e-02 4.872176e-06 5.762309e-08 -4.401834e-07
25.98          1.642798e-01 1.705723e-07 -3.348447e-02 1.642751e-01 1.113521e-07 -3.348412e-02 4.604651e-06 5.922019e-08 -3.544395e-07
25.99          1.594173e-01 1.681644e-07 -3.279022e-02 1.594130e-01 1.076430e-07 -3.278995e-02 4.363116e-06 6.052145e-08 -2.704395e-07
26             1.792312e-01 1.779041e-07 -3.719047e-02 1.792270e-01 1.153397e-07 -3.719027e-02 4.195135e-06 6.256436e-08 -1.987145e-07
26.01          1.348699e-01 1.549511e-07 -2.822484e-02 1.348660e-01 9.348470e-08 -2.822471e-02 3.965793e-06 6.146640e-08 -1.209457e-07
26.02          2.207802e-01 2.034258e-07 -4.658136e-02 2.207763e-01 1.388986e-07 -4.658127e-02 3.910584e-06 6.452728e-08 -8.587929e-08
26.03          1.858917e-01 1.621347e-07 -3.953106e-02 1.858880e-01 9.928177e-08 -3.953109e-02 3.686009e-06 6.285292e-08 2.716869e-08
26.04          1.784415e-01 1.681442e-07 -3.823445e-02 1.784380e-01 1.051792e-07 -3.823460e-02 3.501102e-06 6.296496e-08 1.431232e-07
26.05          1.764376e-01 1.559277e-07 -3.807956e-02 1.764342e-01 9.486773e-08 -3.807978e-02 3.340049e-06 6.105993e-08 2.219241e-07
26.06          1.834507e-01 1.626450e-07 -3.986812e-02 1.834475e-01 1.020320e-07 -3.986841e-02 3.202453e-06 6.061297e-08 2.953891e-07
26.07          1.859918e-01 1.571746e-07 -4.068882e-02 1.859887e-01 9.895649e-08 -4.068918e-02 3.084433e-06 5.821811e-08 3.614258e-07
26.08          1.790906e-01 1.614187e-07 -3.942726e-02 1.790876e-01 1.047855e-07 -3.942767e-02 2.998520e-06 5.663323e-08 4.055499e-07
26.09          1.812063e-01 1.526580e-07 -4.013398e-02 1.812034e-01 9.931645e-08 -4.013442e-02 2.913750e-06 5.334153e-08 4.457462e-07
26.1           1.853752e-01 1.485743e-07 -4.129334e-02 1.853723e-01 1.000050e-07 -4.129381e-02 2.848358e-06 4.856935e-08 4.702712e-07
26.11          1.896249e-01 1.414262e-07 -4.247061e-02 1.896221e-01 9.791482e-08 -4.247110e-02 2.828585e-06 4.351137e-08 4.887665e-07
26.12          1.821067e-01 1.325894e-07 -4.099754e-02 1.821039e-01 9.408292e-08 -4.099804e-02 2.804254e-06 3.850645e-08 4.962655e-07
26.13          1.857087e-01 1.316568e-07 -4.201205e-02 1.857059e-01 9.688690e-08 -4.201254e-02 2.823102e-06 3.476990e-08 4.901034e-07
26.14          2.087691e-01 1.361448e-07 -4.744507e-02 2.087662e-01 1.058243e-07 -4.744554e-02 2.848318e-06 3.032048e-08 4.705296e-07
26.15          1.798987e-01 1.050084e-07 -4.105986e-02 1.798957e-01 8.112265e-08 -4.106032e-02 2.979463e-06 2.388575e-08 4.566153e-07
26.16          1.893362e-01 1.140094e-07 -4.338616e-02 1.893332e-01 9.486155e-08 -4.338660e-02 2.998103e-06 1.914787e-08 4.416099e-07
26.17          1.959737e-01 1.158679e-07 -4.507298e-02 1.959706e-01 1.003546e-07 -4.507339e-02 3.045961e-06 1.551331e-08 4.084155e-07
26.18          1.935805e-01 1.061231e-07 -4.467396e-02 1.935773e-01 9.489595e-08 -4.467433e-02 3.136937e-06 1.122718e-08 3.718064e-07
26.19          2.079937e-01 1.153416e-07 -4.814933e-02 2.079906e-01 1.065050e-07 -4.814966e-02 3.091439e-06 8.836621e-09 3.321498e-07
26.2           1.940267e-01 8.274853e-08 -4.504344e-02 1.940233e-01 7.915737e-08 -4.504369e-02 3.396409e-06 3.591159e-09 2.442059e-07
26.21          2.041218e-01 9.893737e-08 -4.750725e-02 2.041183e-01 9.833365e-08 -4.750742e-02 3.493672e-06 6.037191e-10 1.741809e-07
26.22          2.104773e-01 1.026954e-07 -4.909670e-02 2.104738e-01 1.037754e-07 -4.909684e-02 3.469293e-06 -1.080071e-09 1.420019e-07
26.23          1.952264e-01 7.982105e-08 -4.562916e-02 1.952224e-01 8.687405e-08 -4.562916e-02 3.940583e-06 -7.053003e-09 3.693080e-09
26.24          2.084643e-01 9.081162e-08 -4.880492e-02 2.084603e-01 1.001809e-07 -4.880488e-02 4.024631e-06 -9.369323e-09 -4.693829e-08
26.25          2.051428e-01 8.629449e-08 -4.809463e-02 2.051386e-01 9.808681e-08 -4.809451e-02 4.173659e-06 -1.179232e-08 -1.216223e-07
26.26          2.203782e-01 1.010619e-07 -5.172384e-02 2.203742e-01 1.142895e-07 -5.172370e-02 4.080416e-06 -1.322765e-08 -1.420586e-07
26.27          2.070246e-01 7.927874e-08 -4.863042e-02 2.070202e-01 9.756046e-08 -4.863020e-02 4.390203e-06 -1.828173e-08 -2.176758e-07
26.28          2.132519e-01 7.694559e-08 -5.012061e-02 2.132472e-01 9.877040e-08 -5.012032e-02 4.683630e-06 -2.182480e-08 -2.895251e-07
26.29          2.210050e-01 7.804175e-08 -5.195675e-02 2.210002e-01 1.013896e-07 -5.195639e-02 4.793913e-06 -2.334786e-08 -3.534026e-07
26.3           2.047175e-01 6.016734e-08 -4.812704e-02 2.047124e-01 8.614143e-08 -4.812663e-02 5.071558e-06 -2.597409e-08 -4.160135e-07
26.31          2.117477e-01 5.841135e-08 -4.976434e-02 2.117424e-01 8.634549e-08 -4.976385e-02 5.330695e-06 -2.793415e-08 -4.847277e-07
26.32          2.131952e-01 4.948015e-08 -5.007470e-02 2.131896e-01 7.857700e-08 -5.007414e-02 5.624332e-06 -2.909686e-08 -5.550363e-07
26.33          2.233926e-01 5.028422e-08 -5.242350e-02 2.233868e-01 8.015302e-08 -5.242293e-02 5.734161e-06 -2.986880e-08 -5.740926e-07
26.34          2.390982e-01 5.480862e-08 -5.604389e-02 2.390924e-01 8.475817e-08 -5.604327e-02 5.798888e-06 -2.994955e-08 -6.241184e-07
26.35          2.139696e-01 3.279499e-08 -5.008202e-02 2.139635e-01 6.470704e-08 -5.008133e-02 6.129333e-06 -3.191205e-08 -6.876635e-07
26.36          2.162580e-01 3.156359e-08 -5.053044e-02 2.162516e-01 6.407902e-08 -5.052969e-02 6.331533e-06 -3.251544e-08 -7.538370e-07
26.37          2.300315e-01 3.364985e-08 -5.364078e-02 2.300250e-01 6.671281e-08 -5.363996e-02 6.521910e-06 -3.306296e-08 -8.246113e-07
26.38          2.237847e-01 2.748092e-08 -5.206468e-02 2.237779e-01 6.011360e-08 -5.206377e-02 6.733276e-06 -3.263267e-08 -9.061497e-07
26.39          2.304803e-01 3.435169e-08 -5.348416e-02 2.304735e-01 6.732207e-08 -5.348319e-02 6.871329e-06 -3.297038e-08 -9.616633e-07
26.4           2.333091e-01 2.432457e-08 -5.398587e-02 2.333018e-01 5.717270e-08 -5.398482e-02 7.295921e-06 -3.284813e-08 -1.048724e-06
26.41          2.425118e-01 2.986306e-08 -5.593903e-02 2.425043e-01 6.266667e-08 -5.593791e-02 7.476807e-06 -3.280361e-08 -1.125519e-06
26.42          2.365157e-01 2.389853e-08 -5.436928e-02 2.365077e-01 5.669509e-08 -5.436806e-02 7.933868e-06 -3.279656e-08 -1.219822e-06
26.43          2.546559e-01 3.506167e-08 -5.832236e-02 2.546478e-01 6.748811e-08 -5.832107e-02 8.101264e-06 -3.242644e-08 -1.289160e-06
26.44          2.502278e-01 3.945530e-08 -5.708009e-02 2.502195e-01 7.338151e-08 -5.707875e-02 8.227778e-06 -3.392621e-08 -1.333146e-06
26.45          2.466021e-01 3.465451e-08 -5.601308e-02 2.465935e-01 6.832655e-08 -5.601168e-02 8.574872e-06 -3.367205e-08 -1.398298e-06
26.46          2.542260e-01 3.948231e-08 -5.748195e-02 2.542171e-01 7.327735e-08 -5.748050e-02 8.856201e-06 -3.379503e-08 -1.451572e-06
26.47          2.604428e-01 4.702397e-08 -5.860256e-02 2.604337e-01 8.190534e-08 -5.860109e-02 9.028428e-06 -3.488137e-08 -1.470925e-06
26.48          2.463015e-01 3.527541e-08 -5.513685e-02 2.462919e-01 7.003351e-08 -5.513529e-02 9.531394e-06 -3.475810e-08 -1.554105e-06
26.49          2.606013e-01 4.899221e-08 -5.802175e-02 2.605915e-01 8.320977e-08 -5.802013e-02 9.768370e-06 -3.421756e-08 -1.617249e-06
26.5           2.582085e-01 4.709872e-08 -5.716110e-02 2.581982e-01 8.232073e-08 -5.715939e-02 1.024212e-05 -3.522200e-08 -1.701300e-06
26.51          2.620205e-01 4.799898e-08 -5.765753e-02 2.620098e-01 8.315325e-08 -5.765575e-02 1.061534e-05 -3.515427e-08 -1.787477e-06
26.52          2.875739e-01 6.835372e-08 -6.288249e-02 2.875636e-01 1.016575e-07 -6.288075e-02 1.031435e-05 -3.330383e-08 -1.745025e-06
26.53          2.724505e-01 6.100215e-08 -5.918461e-02 2.724398e-01 9.375060e-08 -5.918279e-02 1.075793e-05 -3.274846e-08 -1.821738e-06
26.54          2.512168e-01 5.723817e-08 -5.419838e-02 2.512052e-01 9.167447e-08 -5.419636e-02 1.158225e-05 -3.443631e-08 -2.015239e-06
26.55          2.798098e-01 7.301397e-08 -5.993487e-02 2.797981e-01 1.072908e-07 -5.993287e-02 1.169666e-05 -3.427679e-08 -2.004545e-06
26.56          2.784115e-01 7.700266e-08 -5.919174e-02 2.783996e-01 1.109193e-07 -5.918973e-02 1.193425e-05 -3.391666e-08 -2.011656e-06
26.57          2.887415e-01 8.256308e-08 -6.091280e-02 2.887293e-01 1.159057e-07 -6.091076e-02 1.219835e-05 -3.334260e-08 -2.042893e-06
26.58          2.914881e-01 9.379330e-08 -6.099842e-02 2.914758e-01 1.266904e-07 -6.099638e-02 1.231315e-05 -3.289710e-08 -2.039538e-06
26.59          2.964972e-01 9.415542e-08 -6.152927e-02 2.964848e-01 1.254031e-07 -6.152724e-02 1.243204e-05 -3.124767e-08 -2.033285e-06
26.6           3.121000e-01 9.330442e-08 -6.420795e-02 3.120872e-01 1.222861e-07 -6.420584e-02 1.283171e-05 -2.898165e-08 -2.110746e-06
26.61          3.024190e-01 8.619058e-08 -6.166110e-02 3.024057e-01 1.135237e-07 -6.165893e-02 1.327081e-05 -2.733310e-08 -2.166077e-06
26.62          2.582925e-01 8.387769e-08 -5.217947e-02 2.582781e-01 1.127653e-07 -5.217704e-02 1.445248e-05 -2.888757e-08 -2.431407e-06
26.63          3.581587e-01 1.104460e-07 -7.166125e-02 3.581451e-01 1.370955e-07 -7.165905e-02 1.357423e-05 -2.664956e-08 -2.196189e-06
26.64          3.191118e-01 1.022980e-07 -6.322210e-02 3.190980e-01 1.278355e-07 -6.321988e-02 1.381560e-05 -2.553752e-08 -2.222713e-06
26.65          3.211842e-01 9.408860e-08 -6.298788e-02 3.211699e-01 1.170670e-07 -6.298556e-02 1.424722e-05 -2.297836e-08 -2.324658e-06
26.66          3.298832e-01 9.745671e-08 -6.401768e-02 3.298686e-01 1.204632e-07 -6.401527e-02 1.462134e-05 -2.300645e-08 -2.411240e-06
26.67          3.216505e-01 8.564546e-08 -6.174942e-02 3.216354e-01 1.076972e-07 -6.174693e-02 1.512947e-05 -2.205170e-08 -2.485973e-06
26.68          3.313252e-01 8.576378e-08 -6.290256e-02 3.313095e-01 1.075558e-07 -6.289997e-02 1.567251e-05 -2.179198e-08 -2.585806e-06
26.69          3.683498e-01 9.114891e-08 -6.913488e-02 3.683343e-01 1.115163e-07 -6.913235e-02 1.549045e-05 -2.036740e-08 -2.528281e-06
26.7           3.418714e-01 9.740089e-08 -6.341488e-02 3.418556e-01 1.236419e-07 -6.341234e-02 1.586315e-05 -2.624099e-08 -2.539434e-06
26.71          3.516284e-01 7.849977e-08 -6.444044e-02 3.516122e-01 1.075159e-07 -6.443782e-02 1.619102e-05 -2.901616e-08 -2.617032e-06
26.72          3.605357e-01 3.213098e-08 -6.525677e-02 3.605192e-01 6.056657e-08 -6.525411e-02 1.655779e-05 -2.843558e-08 -2.662324e-06
26.73          3.526299e-01 8.049077e-08 -6.301723e-02 3.526128e-01 1.166412e-07 -6.301451e-02 1.712394e-05 -3.615040e-08 -2.717459e-06
26.74          3.850367e-01 4.242223e-08 -6.791272e-02 3.850195e-01 7.977601e-08 -6.790999e-02 1.721227e-05 -3.735378e-08 -2.729734e-06
26.75          4.067140e-01 -4.024246e-08 -7.077856e-02 4.066970e-01 -5.585799e-09 -7.077594e-02 1.701404e-05 -3.465666e-08 -2.619972e-06
26.76          3.381354e-01 4.971862e-08 -5.804141e-02 3.381172e-01 9.737382e-08 -5.803861e-02 1.817725e-05 -4.765520e-08 -2.805853e-06
26.77          4.017195e-01 2.366672e-08 -6.798569e-02 4.017014e-01 7.101706e-08 -6.798291e-02 1.807733e-05 -4.735035e-08 -2.775276e-06
26.78          3.712470e-01 9.972955e-08 -6.192623e-02 3.712284e-01 1.572213e-07 -6.192345e-02 1.857093e-05 -5.749177e-08 -2.777608e-06
26.79          4.034983e-01 8.924319e-08 -6.631255e-02 4.034796e-01 1.459163e-07 -6.630980e-02 1.868286e-05 -5.667306e-08 -2.757198e-06
26.8           4.000017e-01 1.152078e-07 -6.474555e-02 3.999828e-01 1.722531e-07 -6.474285e-02 1.882387e-05 -5.704530e-08 -2.701353e-06
26.81          4.339278e-01 8.842445e-08 -6.914936e-02 4.339090e-01 1.426821e-07 -6.914672e-02 1.877562e-05 -5.425769e-08 -2.640816e-06
26.82          4.079342e-01 6.535459e-08 -6.397876e-02 4.079147e-01 1.176506e-07 -6.397602e-02 1.949126e-05 -5.229604e-08 -2.746176e-06
26.83          3.966129e-01 8.277943e-08 -6.119477e-02 3.965931e-01 1.359224e-07 -6.119201e-02 1.984602e-05 -5.314297e-08 -2.763327e-06
26.84          4.149614e-01 6.041811e-08 -6.296192e-02 4.149414e-01 1.124601e-07 -6.295916e-02 2.001872e-05 -5.204199e-08 -2.753622e-06
26.85          4.094662e-01 4.894999e-08 -6.107295e-02 4.094458e-01 9.869109e-08 -6.107018e-02 2.037831e-05 -4.974110e-08 -2.772698e-06
26.86          4.134112e-01 8.323518e-08 -6.058971e-02 4.133904e-01 1.367709e-07 -6.058695e-02 2.080867e-05 -5.353573e-08 -2.765323e-06
26.87          4.072237e-01 5.175212e-08 -5.862219e-02 4.072026e-01 1.017690e-07 -5.861941e-02 2.110735e-05 -5.001690e-08 -2.780735e-06
26.88          4.227590e-01 1.697432e-08 -5.975101e-02 4.227377e-01 6.550546e-08 -5.974825e-02 2.122827e-05 -4.853114e-08 -2.760200e-06
26.89          4.174437e-01 -2.781169e-08 -5.790226e-02 4.174221e-01 1.811036e-08 -5.789949e-02 2.153867e-05 -4.592205e-08 -2.774492e-06
26.9           4.425561e-01 -4.541024e-08 -6.021603e-02 4.425350e-01 -1.728311e-09 -6.021341e-02 2.110889e-05 -4.368193e-08 -2.623505e-06
26.91          4.095895e-01 -6.178551e-08 -5.464639e-02 4.095679e-01 -1.817033e-08 -5.464378e-02 2.156926e-05 -4.361518e-08 -2.608874e-06
26.92          4.290887e-01 -8.909111e-08 -5.610708e-02 4.290671e-01 -4.630096e-08 -5.610448e-02 2.155532e-05 -4.279015e-08 -2.595179e-06
26.93          3.798831e-01 -7.870342e-08 -4.866480e-02 3.798603e-01 -3.563699e-08 -4.866208e-02 2.275845e-05 -4.306643e-08 -2.712501e-06
26.94          4.141858e-01 -9.452480e-08 -5.195408e-02 4.141632e-01 -5.280240e-08 -5.195143e-02 2.259321e-05 -4.172240e-08 -2.647703e-06
26.95          4.324885e-01 -9.146203e-08 -5.309489e-02 4.324662e-01 -4.958019e-08 -5.309234e-02 2.226277e-05 -4.188184e-08 -2.551778e-06
26.96          4.224503e-01 -9.846215e-08 -5.073444e-02 4.224279e-01 -5.733765e-08 -5.073191e-02 2.242657e-05 -4.112449e-08 -2.526208e-06
26.97          3.925132e-01 -8.642111e-08 -4.609125e-02 3.924899e-01 -4.471512e-08 -4.608865e-02 2.328974e-05 -4.170598e-08 -2.595622e-06
26.98          4.864017e-01 -9.192673e-08 -5.581261e-02 4.863798e-01 -5.284195e-08 -5.581027e-02 2.193470e-05 -3.908478e-08 -2.338581e-06
26.99          4.975369e-01 -1.133720e-07 -5.576115e-02 4.975157e-01 -7.739335e-08 -5.575902e-02 2.119694e-05 -3.597868e-08 -2.125032e-06
27             4.252171e-01 -1.192006e-07 -4.652411e-02 4.251955e-01 -8.572546e-08 -4.652198e-02 2.161910e-05 -3.347515e-08 -2.122749e-06
27.01          3.961010e-01 -1.178933e-07 -4.228349e-02 3.960787e-01 -8.292692e-08 -4.228132e-02 2.227690e-05 -3.496638e-08 -2.170001e-06
27.02          4.028241e-01 -1.232669e-07 -4.192990e-02 4.028019e-01 -9.046927e-08 -4.192776e-02 2.225730e-05 -3.279767e-08 -2.134556e-06
27.03          4.100795e-01 -1.008902e-07 -4.159751e-02 4.100572e-01 -6.814811e-08 -4.159536e-02 2.235508e-05 -3.274208e-08 -2.149435e-06
27.04          4.326032e-01 -9.786468e-08 -4.273790e-02 4.325813e-01 -6.594520e-08 -4.273587e-02 2.194709e-05 -3.191947e-08 -2.033649e-06
27.05          3.442482e-01 -7.855826e-08 -3.310630e-02 3.442253e-01 -4.659519e-08 -3.310421e-02 2.296691e-05 -3.196308e-08 -2.092503e-06
27.06          3.977250e-01 -5.326798e-08 -3.720272e-02 3.977026e-01 -2.073478e-08 -3.720074e-02 2.240335e-05 -3.253319e-08 -1.981637e-06
27.07          3.878768e-01 -3.732323e-08 -3.526871e-02 3.878548e-01 -3.998123e-09 -3.526688e-02 2.191608e-05 -3.332511e-08 -1.829796e-06
27.08          3.941467e-01 -3.247140e-08 -3.481463e-02 3.941248e-01 2.680184e-10 -3.481280e-02 2.193176e-05 -3.273941e-08 -1.830989e-06
27.09          3.885516e-01 -2.586965e-08 -3.331708e-02 3.885298e-01 4.840041e-09 -3.331536e-02 2.175153e-05 -3.070969e-08 -1.721178e-06
27.1           3.869378e-01 -2.414046e-08 -3.218574e-02 3.869164e-01 6.072046e-09 -3.218411e-02 2.143007e-05 -3.021251e-08 -1.631804e-06
27.11          3.592101e-01 -1.356946e-08 -2.896443e-02 3.591884e-01 2.003114e-08 -2.896282e-02 2.162937e-05 -3.360060e-08 -1.608046e-06
27.12          3.722962e-01 -1.088365e-08 -2.907739e-02 3.722750e-01 2.122968e-08 -2.907588e-02 2.122218e-05 -3.211333e-08 -1.509165e-06
27.13          3.652089e-01 -6.484389e-09 -2.760735e-02 3.651879e-01 2.507086e-08 -2.760593e-02 2.096769e-05 -3.155525e-08 -1.427960e-06
27.14          3.700924e-01 4.135364e-09 -2.705485e-02 3.700718e-01 3.552937e-08 -2.705344e-02 2.064671e-05 -3.139400e-08 -1.410681e-06
27.15          3.437868e-01 1.604963e-08 -2.428493e-02 3.437664e-01 4.835235e-08 -2.428360e-02 2.035183e-05 -3.230272e-08 -1.329238e-06
27.16          3.550896e-01 2.152759e-08 -2.421553e-02 3.550696e-01 5.476325e-08 -2.421424e-02 2.005458e-05 -3.323566e-08 -1.284658e-06
27.17          3.340385e-01 2.235697e-08 -2.197208e-02 3.340188e-01 5.730493e-08 -2.197090e-02 1.965493e-05 -3.494796e-08 -1.179253e-06
27.18          3.863372e-01 3.389769e-08 -2.448361e-02 3.863187e-01 6.764515e-08 -2.448259e-02 1.848398e-05 -3.374746e-08 -1.020931e-06
27.19          2.658782e-01 1.120412e-08 -1.622295e-02 2.658590e-01 4.537908e-08 -1.622189e-02 1.924325e-05 -3.417495e-08 -1.058131e-06
27.2           2.420201e-01 2.456811e-08 -1.419976e-02 2.420004e-01 6.061984e-08 -1.419863e-02 1.963561e-05 -3.605173e-08 -1.126332e-06
27.21          2.973327e-01 5.159811e-08 -1.675150e-02 2.973143e-01 8.916551e-08 -1.675051e-02 1.843145e-05 -3.756741e-08 -9.915997e-07
27.22          2.511014e-01 2.980907e-08 -1.357247e-02 2.510829e-01 6.814825e-08 -1.357149e-02 1.852085e-05 -3.833918e-08 -9.852465e-07
27.23          2.790615e-01 6.298473e-08 -1.445085e-02 2.790441e-01 1.011993e-07 -1.444999e-02 1.741207e-05 -3.821461e-08 -8.645679e-07
27.24          2.624419e-01 5.765349e-08 -1.300533e-02 2.624251e-01 9.568932e-08 -1.300455e-02 1.679626e-05 -3.803583e-08 -7.783242e-07
27.25          2.157319e-01 4.275627e-08 -1.021899e-02 2.157149e-01 7.979758e-08 -1.021818e-02 1.696457e-05 -3.704131e-08 -8.119435e-07
27.26          2.204423e-01 3.575025e-08 -9.965322e-03 2.204253e-01 7.298528e-08 -9.964503e-03 1.694473e-05 -3.723503e-08 -8.188172e-07
27.27          2.371082e-01 6.479212e-08 -1.021423e-02 2.370923e-01 1.017649e-07 -1.021350e-02 1.585555e-05 -3.697273e-08 -7.297806e-07
27.28          2.523927e-01 7.529401e-08 -1.034481e-02 2.523781e-01 1.108303e-07 -1.034419e-02 1.465207e-05 -3.553624e-08 -6.175298e-07
27.29          2.311332e-01 6.495472e-08 -9.000775e-03 2.311192e-01 9.897769e-08 -9.000253e-03 1.399893e-05 -3.402298e-08 -5.214357e-07
27.3           2.161127e-01 5.771235e-08 -7.982367e-03 2.160989e-01 8.967389e-08 -7.981908e-03 1.379435e-05 -3.196154e-08 -4.591094e-07
27.31          1.699988e-01 3.809020e-08 -5.946797e-03 1.699847e-01 6.916023e-08 -5.946272e-03 1.409206e-05 -3.107003e-08 -5.246508e-07
27.32          1.977786e-01 6.324248e-08 -6.536157e-03 1.977653e-01 9.403953e-08 -6.535681e-03 1.325045e-05 -3.079705e-08 -4.757508e-07
27.33          1.850678e-01 5.887667e-08 -5.768057e-03 1.850552e-01 8.934152e-08 -5.767630e-03 1.263432e-05 -3.046486e-08 -4.272754e-07
27.34          1.966546e-01 6.829923e-08 -5.766913e-03 1.966429e-01 9.791318e-08 -5.766561e-03 1.177185e-05 -2.961395e-08 -3.520457e-07
27.35          2.043625e-01 7.924393e-08 -5.625888e-03 2.043516e-01 1.064201e-07 -5.625606e-03 1.095101e-05 -2.717621e-08 -2.815039e-07
27.36          1.832625e-01 6.958734e-08 -4.725217e-03 1.832522e-01 9.532428e-08 -4.724997e-03 1.026850e-05 -2.573694e-08 -2.196504e-07
27.37          1.643483e-01 5.825940e-08 -3.958499e-03 1.643384e-01 8.395804e-08 -3.958312e-03 9.836781e-06 -2.569864e-08 -1.866383e-07
27.38          1.609444e-01 6.060580e-08 -3.610363e-03 1.609351e-01 8.552723e-08 -3.610202e-03 9.298615e-06 -2.492143e-08 -1.610625e-07
27.39          1.636252e-01 6.484056e-08 -3.407713e-03 1.636165e-01 8.871855e-08 -3.407602e-03 8.742898e-06 -2.387799e-08 -1.113480e-07
27.4           1.573052e-01 6.349115e-08 -3.031677e-03 1.572970e-01 8.515941e-08 -3.031614e-03 8.210856e-06 -2.166826e-08 -6.220716e-08
27.41          1.566931e-01 6.898275e-08 -2.784416e-03 1.566855e-01 8.962499e-08 -2.784404e-03 7.534257e-06 -2.064224e-08 -1.131953e-08
27.42          1.493787e-01 6.587954e-08 -2.437688e-03 1.493717e-01 8.580429e-08 -2.437733e-03 7.008801e-06 -1.992476e-08 4.519835e-08
27.43          1.361110e-01 5.963776e-08 -2.031177e-03 1.361045e-01 7.833817e-08 -2.031254e-03 6.540445e-06 -1.870041e-08 7.710229e-08
27.44          1.445206e-01 7.174381e-08 -1.961960e-03 1.445147e-01 8.995625e-08 -1.962089e-03 5.914649e-06 -1.821244e-08 1.296874e-07
27.45          1.351303e-01 6.666459e-08 -1.660420e-03 1.351249e-01 8.481270e-08 -1.660608e-03 5.396554e-06 -1.814811e-08 1.881459e-07
27.46          1.323249e-01 6.339867e-08 -1.462394e-03 1.323199e-01 8.223651e-08 -1.462643e-03 4.982002e-06 -1.883783e-08 2.483418e-07
27.47          1.386059e-01 7.594422e-08 -1.368107e-03 1.386014e-01 9.456242e-08 -1.368439e-03 4.481415e-06 -1.861820e-08 3.325064e-07
27.48          1.275881e-01 6.741070e-08 -1.115914e-03 1.275840e-01 8.592760e-08 -1.116314e-03 4.150148e-06 -1.851691e-08 4.002240e-07
27.49          1.248884e-01 7.231104e-08 -9.587594e-04 1.248845e-01 9.004293e-08 -9.592196e-04 3.872408e-06 -1.773189e-08 4.602686e-07
27.5           1.199517e-01 7.098399e-08 -7.993197e-04 1.199479e-01 8.749189e-08 -7.998264e-04 3.739865e-06 -1.650790e-08 5.066266e-07
27.51          1.190299e-01 7.736374e-08 -6.792151e-04 1.190262e-01 9.102520e-08 -6.797604e-04 3.692945e-06 -1.366147e-08 5.452679e-07
27.52          1.264843e-01 8.500620e-08 -6.082101e-04 1.264804e-01 9.513601e-08 -6.088053e-04 3.845968e-06 -1.012981e-08 5.951940e-07
27.53          1.098373e-01 8.204364e-08 -4.366667e-04 1.098334e-01 8.754072e-08 -4.372602e-04 3.917757e-06 -5.497083e-09 5.934595e-07
27.54          1.081470e-01 9.059891e-08 -3.462148e-04 1.081428e-01 9.040684e-08 -3.468193e-04 4.224661e-06 1.920778e-10 6.045957e-07
27.55          9.711024e-02 8.146195e-08 -2.421878e-04 9.710574e-02 7.498130e-08 -2.427774e-04 4.495923e-06 6.480644e-09 5.896279e-07
27.56          1.036188e-01 9.519874e-08 -1.908557e-04 1.036137e-01 8.199616e-08 -1.914283e-04 5.044139e-06 1.320258e-08 5.725497e-07
27.57          9.705675e-02 1.008627e-07 -1.223340e-04 9.705126e-02 7.916572e-08 -1.228716e-04 5.491942e-06 2.169696e-08 5.375606e-07
27.58          1.034065e-01 1.090608e-07 -7.624657e-05 1.034004e-01 7.909310e-08 -7.675764e-05 6.094959e-06 2.996770e-08 5.110707e-07
27.59          9.107193e-02 1.100148e-07 -2.631747e-05 9.106548e-02 7.048799e-08 -2.679200e-05 6.453544e-06 3.952681e-08 4.745282e-07
27.6           7.075970e-02 1.113666e-07 5.844426e-06 7.075301e-02 6.558216e-08 5.416669e-06 6.687024e-06 4.578448e-08 4.277569e-07
27.61          9.343850e-02 1.171497e-07 3.980454e-05 9.343082e-02 6.540755e-08 3.942250e-05 7.675431e-06 5.174214e-08 3.820367e-07
27.62          5.888050e-02 1.072039e-07 3.824544e-05 5.887265e-02 5.084850e-08 3.789792e-05 7.850701e-06 5.635540e-08 3.475235e-07
27.63          6.957543e-02 1.071541e-07 5.996500e-05 6.956698e-02 4.813243e-08 5.967178e-05 8.445085e-06 5.902171e-08 2.932180e-07
27.64          8.241862e-02 1.046040e-07 8.326929e-05 8.240916e-02 4.464777e-08 8.301095e-05 9.460191e-06 5.995621e-08 2.583398e-07
27.65          7.721212e-02 9.451607e-08 8.302692e-05 7.720190e-02 3.424035e-08 8.276955e-05 1.021954e-05 6.027572e-08 2.573658e-07
27.66          7.988249e-02 8.979258e-08 8.629622e-05 7.987118e-02 2.871789e-08 8.607746e-05 1.131313e-05 6.107470e-08 2.187599e-07
27.67          7.906255e-02 8.764650e-08 8.069736e-05 7.905033e-02 2.637702e-08 8.051300e-05 1.222442e-05 6.126948e-08 1.843559e-07
27.68          4.681392e-02 7.424181e-08 3.900322e-05 4.680144e-02 1.603719e-08 3.880931e-05 1.247822e-05 5.820462e-08 1.939076e-07
27.69          5.161596e-02 8.118014e-08 3.396005e-05 5.160280e-02 2.624991e-08 3.378248e-05 1.315428e-05 5.493023e-08 1.775714e-07
27.7           3.461725e-02 7.456364e-08 1.134460e-05 3.460368e-02 2.515368e-08 1.117529e-05 1.356678e-05 4.940995e-08 1.693029e-07
27.71          5.571165e-02 9.200946e-08 5.274446e-06 5.569702e-02 4.673456e-08 5.162536e-06 1.462469e-05 4.527490e-08 1.119095e-07
27.72          2.316951e-02 7.030462e-08 -1.142779e-05 2.315459e-02 3.148702e-08 -1.152691e-05 1.491646e-05 3.881759e-08 9.912233e-08
27.73          2.551304e-02 6.796774e-08 -2.335816e-05 2.549733e-02 3.498995e-08 -2.341891e-05 1.570875e-05 3.297779e-08 6.074580e-08
27.74          6.270429e-03 2.524893e-08 -1.520963e-05 6.254503e-03 9.035878e-10 -1.528223e-05 1.592605e-05 2.434534e-08 7.260373e-08
27.75          -5.430077e-03 2.458008e-08 7.827771e-08 -5.446089e-03 7.603886e-09 2.097426e-09 1.601172e-05 1.697619e-08 7.618029e-08
27.76          1.771094e-02 3.609517e-08 -4.968511e-05 1.769407e-02 2.539275e-08 -4.972157e-05 1.687739e-05 1.070242e-08 3.645704e-08
27.77          2.788146e-02 4.120655e-08 -9.262509e-05 2.786363e-02 3.657393e-08 -9.262221e-05 1.783251e-05 4.632626e-09 -2.880763e-09
27.78          -3.215339e-02 1.164277e-08 1.107907e-04 -3.217103e-02 1.426447e-08 1.108091e-04 1.764702e-05 -2.621707e-09 -1.834660e-08
27.79          -2.420956e-02 5.836696e-09 1.007630e-04 -2.422736e-02 1.519633e-08 1.007902e-04 1.780038e-05 -9.359637e-09 -2.723626e-08
27.8           -4.446520e-02 -2.945830e-09 2.323823e-04 -4.448319e-02 1.402875e-08 2.324256e-04 1.798702e-05 -1.697458e-08 -4.327829e-08
27.81          -4.877627e-02 4.684157e-09 3.016029e-04 -4.879455e-02 2.668846e-08 3.016581e-04 1.828099e-05 -2.200430e-08 -5.522656e-08
27.82          -5.856812e-02 -5.006408e-09 4.229589e-04 -5.858658e-02 2.241651e-08 4.230261e-04 1.845801e-05 -2.742292e-08 -6.718666e-08
27.83          -6.233421e-02 -1.404565e-08 5.170218e-04 -6.235295e-02 1.846210e-08 5.171035e-04 1.874340e-05 -3.250775e-08 -8.169865e-08
27.84          -6.702006e-02 -2.229715e-08 6.317954e-04 -6.703912e-02 1.404952e-08 6.318977e-04 1.906046e-05 -3.634667e-08 -1.023334e-07
27.85          -3.535268e-02 -2.187151e-08 3.694843e-04 -3.537252e-02 1.701402e-08 3.696527e-04 1.983573e-05 -3.888553e-08 -1.683747e-07
27.86          6.274806e-03 3.581628e-09 -8.767224e-05 6.253587e-03 4.442209e-08 -8.740403e-05 2.121865e-05 -4.084046e-08 -2.682013e-07
27.87          -7.810422e-02 -7.149378e-08 1.028655e-03 -7.812494e-02 -2.872619e-08 1.028943e-03 2.071772e-05 -4.276759e-08 -2.882874e-07
27.88          -5.114545e-02 -5.756581e-08 7.384464e-04 -5.116652e-02 -1.272722e-08 7.387569e-04 2.107392e-05 -4.483859e-08 -3.105745e-07
27.89          5.904612e-03 -2.926679e-08 -1.072799e-04 5.882307e-03 1.555377e-08 -1.068981e-04 2.230570e-05 -4.482056e-08 -3.818193e-07
27.9           -8.359034e-02 -8.671151e-08 1.454175e-03 -8.361186e-02 -4.268426e-08 1.454537e-03 2.152610e-05 -4.402725e-08 -3.620750e-07
27.91          -5.989838e-02 -7.432126e-08 1.129097e-03 -5.992018e-02 -3.062977e-08 1.129464e-03 2.179858e-05 -4.369149e-08 -3.661179e-07
27.92          -3.676288e-03 -4.645244e-08 6.322108e-05 -3.699159e-03 -3.315156e-09 6.365049e-05 2.287016e-05 -4.313728e-08 -4.294121e-07
27.93          -9.990188e-02 -1.084507e-07 2.209130e-03 -9.992381e-02 -6.593593e-08 2.209523e-03 2.192818e-05 -4.251473e-08 -3.924033e-07
27.94          -4.502997e-02 -6.955706e-08 1.063494e-03 -4.505264e-02 -2.834224e-08 1.063929e-03 2.267399e-05 -4.121482e-08 -4.356554e-07
27.95          -6.500985e-02 -7.644131e-08 1.652383e-03 -6.503254e-02 -3.713301e-08 1.652876e-03 2.269215e-05 -3.930830e-08 -4.928342e-07
27.96          -3.012846e-02 -4.168469e-08 8.118356e-04 -3.015191e-02 -3.673374e-09 8.124115e-04 2.345541e-05 -3.801132e-08 -5.759621e-07
27.97          -7.524225e-02 -6.424763e-08 2.183337e-03 -7.526520e-02 -2.712892e-08 2.183924e-03 2.294937e-05 -3.711871e-08 -5.867340e-07
27.98          -6.839762e-02 -5.365550e-08 2.110156e-03 -6.842054e-02 -1.711186e-08 2.110744e-03 2.292224e-05 -3.654364e-08 -5.885040e-07
27.99          -1.154727e-01 -8.725036e-08 3.790863e-03 -1.154948e-01 -5.139210e-08 3.791386e-03 2.208686e-05 -3.585827e-08 -5.231550e-07
28             -2.949511e-02 -3.214302e-08 1.015432e-03 -2.951829e-02 2.796661e-09 1.016010e-03 2.317814e-05 -3.493968e-08 -5.785729e-07
28.01          -7.961445e-02 -9.182060e-08 2.922049e-03 -7.963735e-02 -5.673442e-08 2.922637e-03 2.289159e-05 -3.508619e-08 -5.878922e-07
28.02          -7.451062e-02 -1.213338e-07 2.885264e-03 -7.453359e-02 -8.636772e-08 2.885822e-03 2.296742e-05 -3.496612e-08 -5.581381e-07
28.03          -7.920237e-02 -1.263474e-07 3.231077e-03 -7.922540e-02 -9.318879e-08 3.231716e-03 2.302457e-05 -3.315861e-08 -6.389223e-07
28.04          -7.808682e-02 -1.333771e-07 3.349732e-03 -7.810977e-02 -1.013679e-07 3.350377e-03 2.295109e-05 -3.200917e-08 -6.449322e-07
28.05          -7.975319e-02 -1.365982e-07 3.592267e-03 -7.977615e-02 -1.051807e-07 3.592984e-03 2.295156e-05 -3.141748e-08 -7.168920e-07
28.06          -7.082413e-02 -1.393029e-07 3.343317e-03 -7.084705e-02 -1.087604e-07 3.344042e-03 2.291933e-05 -3.054252e-08 -7.251583e-07
28.07          -8.038917e-02 -1.523790e-07 3.974302e-03 -8.041178e-02 -1.227439e-07 3.975105e-03 2.261148e-05 -2.963513e-08 -8.029162e-07
28.08          -6.549133e-02 -1.484782e-07 3.383035e-03 -6.551385e-02 -1.196650e-07 3.383813e-03 2.252168e-05 -2.881322e-08 -7.778483e-07
28.09          -8.747506e-02 -1.737819e-07 4.723013e-03 -8.749717e-02 -1.464927e-07 4.723761e-03 2.211006e-05 -2.728915e-08 -7.476368e-07
28.1           -6.100908e-02 -1.513897e-07 3.431411e-03 -6.103137e-02 -1.239454e-07 3.432158e-03 2.228540e-05 -2.744428e-08 -7.469792e-07
28.11          -6.681355e-02 -1.656153e-07 3.915750e-03 -6.683564e-02 -1.378846e-07 3.916514e-03 2.209258e-05 -2.773064e-08 -7.641446e-07
28.12          -1.135239e-01 -2.062268e-07 6.931789e-03 -1.135452e-01 -1.779507e-07 6.932549e-03 2.132806e-05 -2.827613e-08 -7.595757e-07
28.13          -6.516882e-02 -1.892584e-07 4.130548e-03 -6.519034e-02 -1.561579e-07 4.131327e-03 2.151876e-05 -3.310050e-08 -7.792078e-07
28.14          -5.143040e-02 -1.759281e-07 3.381898e-03 -5.145201e-02 -1.438723e-07 3.382719e-03 2.161082e-05 -3.205584e-08 -8.205961e-07
28.15          -5.827916e-02 -1.859557e-07 3.977120e-03 -5.830070e-02 -1.556108e-07 3.978037e-03 2.154749e-05 -3.034491e-08 -9.172701e-07
28.16          -5.847798e-04 -1.384066e-07 2.944547e-05 -6.069698e-04 -1.098861e-07 3.050885e-05 2.218998e-05 -2.852051e-08 -1.063377e-06
28.17          -3.267069e-02 -1.676673e-07 2.387200e-03 -3.269265e-02 -1.402317e-07 2.388327e-03 2.196253e-05 -2.743564e-08 -1.127470e-06
28.18          -4.829357e-02 -1.767029e-07 3.656476e-03 -4.831498e-02 -1.508551e-07 3.657634e-03 2.141891e-05 -2.584772e-08 -1.157389e-06
28.19          -3.893693e-02 -1.867712e-07 3.045107e-03 -3.895790e-02 -1.611378e-07 3.046246e-03 2.097242e-05 -2.563342e-08 -1.138986e-06
28.2           -7.810681e-02 -2.445144e-07 6.319718e-03 -7.812670e-02 -2.188569e-07 6.320793e-03 1.988546e-05 -2.565754e-08 -1.075593e-06
28.21          -5.445022e-02 -2.350573e-07 4.542647e-03 -5.446976e-02 -2.098761e-07 4.543721e-03 1.954355e-05 -2.518116e-08 -1.073552e-06
28.22          -5.564632e-03 -1.777221e-07 4.686160e-04 -5.584942e-03 -1.536272e-07 4.698251e-04 2.030982e-05 -2.409492e-08 -1.209063e-06
28.23          -6.058530e-03 -1.879867e-07 5.274291e-04 -6.078555e-03 -1.633871e-07 5.286756e-04 2.002516e-05 -2.459952e-08 -1.246488e-06
28.24          -1.512758e-02 -2.035291e-07 1.373259e-03 -1.514717e-02 -1.788078e-07 1.374568e-03 1.958857e-05 -2.472129e-08 -1.309396e-06
28.25          -6.351382e-03 -2.017736e-07 5.875853e-04 -6.370626e-03 -1.770656e-07 5.888877e-04 1.924455e-05 -2.470801e-08 -1.302357e-06
28.26          -1.056311e-02 -2.079968e-07 1.012124e-03 -1.058195e-02 -1.838167e-07 1.013475e-03 1.884329e-05 -2.418012e-08 -1.350338e-06
28.27          3.125194e-02 -1.499619e-07 -3.118061e-03 3.123272e-02 -1.268489e-07 -3.116578e-03 1.921932e-05 -2.311296e-08 -1.483739e-06
28.28          9.988458e-03 -1.763745e-07 -1.029751e-03 9.969671e-03 -1.541043e-07 -1.028226e-03 1.878621e-05 -2.227029e-08 -1.525419e-06
28.29          -4.118991e-02 -2.510660e-07 4.307258e-03 -4.120754e-02 -2.285440e-07 4.308700e-03 1.763045e-05 -2.252194e-08 -1.442206e-06
28.3           4.196447e-02 -2.078252e-07 -4.520486e-03 4.194627e-02 -1.811916e-07 -4.518912e-03 1.820009e-05 -2.663362e-08 -1.573979e-06
28.31          6.046397e-02 -1.823682e-07 -6.672096e-03 6.044553e-02 -1.595098e-07 -6.670358e-03 1.844059e-05 -2.285840e-08 -1.738241e-06
28.32          7.657329e-02 -1.894628e-07 -8.653039e-03 7.655474e-02 -1.707813e-07 -8.651154e-03 1.854686e-05 -1.868148e-08 -1.885089e-06
28.33          -9.071236e-03 -2.209075e-07 1.039779e-03 -9.088051e-03 -2.107635e-07 1.041498e-03 1.681431e-05 -1.014394e-08 -1.719604e-06
28.34          6.266617e-02 -1.805919e-07 -7.421376e-03 6.264911e-02 -1.680552e-07 -7.419571e-03 1.706747e-05 -1.253665e-08 -1.804610e-06
28.35          4.281779e-02 -2.060765e-07 -5.189234e-03 4.280136e-02 -1.936298e-07 -5.187473e-03 1.642667e-05 -1.244675e-08 -1.760966e-06
28.36          4.180748e-02 -2.054056e-07 -5.179636e-03 4.179154e-02 -1.908164e-07 -5.177914e-03 1.593707e-05 -1.458915e-08 -1.721969e-06
28.37          5.659450e-02 -1.914212e-07 -7.161175e-03 5.657880e-02 -1.776425e-07 -7.159453e-03 1.569708e-05 -1.377876e-08 -1.721330e-06
28.38          6.437891e-02 -1.915030e-07 -8.318418e-03 6.436367e-02 -1.783730e-07 -8.316773e-03 1.524676e-05 -1.313002e-08 -1.645041e-06
28.39          5.635834e-02 -2.058057e-07 -7.434332e-03 5.634357e-02 -1.932693e-07 -7.432716e-03 1.476657e-05 -1.253638e-08 -1.615822e-06
28.4           6.858654e-02 -1.937008e-07 -9.229460e-03 6.857211e-02 -1.816165e-07 -9.227863e-03 1.442550e-05 -1.208432e-08 -1.597220e-06
28.41          9.119159e-02 -1.611713e-07 -1.251209e-02 9.117720e-02 -1.494772e-07 -1.251046e-02 1.439265e-05 -1.169404e-08 -1.629627e-06
28.42          3.555150e-02 -2.005604e-07 -4.976950e-03 3.553821e-02 -1.897197e-07 -4.975471e-03 1.329193e-05 -1.084072e-08 -1.479856e-06
28.43          7.996251e-02 -1.621110e-07 -1.139673e-02 7.994944e-02 -1.518793e-07 -1.139527e-02 1.306925e-05 -1.023163e-08 -1.456110e-06
28.44          7.822880e-02 -1.669345e-07 -1.135578e-02 7.821614e-02 -1.573324e-07 -1.135434e-02 1.265297e-05 -9.602163e-09 -1.445361e-06
28.45          1.092245e-01 -1.092455e-07 -1.613900e-02 1.092116e-01 -1.001691e-07 -1.613747e-02 1.294895e-05 -9.076326e-09 -1.536466e-06
28.46          1.250414e-01 -9.641013e-08 -1.880083e-02 1.250283e-01 -9.036940e-08 -1.879916e-02 1.313770e-05 -6.040726e-09 -1.670126e-06
28.47          1.033966e-01 -1.123860e-07 -1.581531e-02 1.033840e-01 -1.087783e-07 -1.581366e-02 1.261166e-05 -3.607754e-09 -1.658956e-06
28.48          9.958765e-02 -1.144523e-07 -1.548928e-02 9.957575e-02 -1.123076e-07 -1.548769e-02 1.190334e-05 -2.144695e-09 -1.588591e-06
28.49          1.121423e-01 -1.081350e-07 -1.772824e-02 1.121309e-01 -1.076637e-07 -1.772670e-02 1.143625e-05 -4.712464e-10 -1.536787e-06
28.5           9.475061e-02 -1.127850e-07 -1.522028e-02 9.473982e-02 -1.137940e-07 -1.521880e-02 1.078789e-05 1.008942e-09 -1.478910e-06
28.51          1.143230e-01 -1.000999e-07 -1.865085e-02 1.143126e-01 -1.021577e-07 -1.864942e-02 1.042974e-05 2.057825e-09 -1.429597e-06
28.52          1.191221e-01 -7.987164e-08 -1.973048e-02 1.191119e-01 -8.216324e-08 -1.972906e-02 1.017821e-05 2.291599e-09 -1.424591e-06
28.53          1.445934e-01 -5.588314e-08 -2.430554e-02 1.445833e-01 -6.069338e-08 -2.430410e-02 1.007313e-05 4.810240e-09 -1.434097e-06
28.54          1.827154e-01 -5.836690e-09 -3.115900e-02 1.827049e-01 -1.435651e-08 -3.115741e-02 1.054620e-05 8.519824e-09 -1.588127e-06
28.55          1.334570e-01 -3.034095e-08 -2.308322e-02 1.334471e-01 -4.127743e-08 -2.308173e-02 9.831123e-06 1.093648e-08 -1.487257e-06
28.56          1.249263e-01 -2.152930e-08 -2.190660e-02 1.249171e-01 -3.433390e-08 -2.190522e-02 9.174280e-06 1.280460e-08 -1.374066e-06
28.57          1.496437e-01 2.207716e-09 -2.659365e-02 1.496347e-01 -1.307662e-08 -2.659227e-02 9.047926e-06 1.528433e-08 -1.371824e-06
28.58          1.283092e-01 -7.587386e-09 -2.310221e-02 1.283008e-01 -2.407441e-08 -2.310097e-02 8.423474e-06 1.648702e-08 -1.242833e-06
28.59          1.566697e-01 1.795089e-08 -2.856831e-02 1.566616e-01 -1.424081e-09 -2.856712e-02 8.096822e-06 1.937497e-08 -1.186556e-06
28.6           1.513863e-01 2.046856e-08 -2.794880e-02 1.513787e-01 -8.744746e-10 -2.794771e-02 7.643735e-06 2.134303e-08 -1.096410e-06
28.61          1.379458e-01 1.084564e-08 -2.577603e-02 1.379388e-01 -1.020855e-08 -2.577508e-02 6.960188e-06 2.105419e-08 -9.499541e-07
28.62          1.550786e-01 3.598697e-08 -2.931696e-02 1.550717e-01 1.253846e-08 -2.931603e-02 6.856611e-06 2.344851e-08 -9.274059e-07
28.63          1.552736e-01 3.693078e-08 -2.968885e-02 1.552671e-01 1.279787e-08 -2.968797e-02 6.561626e-06 2.413291e-08 -8.795501e-07
28.64          1.594454e-01 4.639187e-08 -3.082411e-02 1.594392e-01 2.033507e-08 -3.082328e-02 6.266586e-06 2.605680e-08 -8.224043e-07
28.65          1.548366e-01 3.790455e-08 -3.025481e-02 1.548307e-01 1.204668e-08 -3.025410e-02 5.880303e-06 2.585788e-08 -7.143242e-07
28.66          1.588056e-01 5.210501e-08 -3.135324e-02 1.587998e-01 2.462595e-08 -3.135256e-02 5.816219e-06 2.747906e-08 -6.845718e-07
28.67          1.890016e-01 9.111538e-08 -3.769108e-02 1.889958e-01 5.625897e-08 -3.769040e-02 5.845875e-06 3.485640e-08 -6.819192e-07
28.68          1.710758e-01 7.860185e-08 -3.445089e-02 1.710702e-01 4.108158e-08 -3.445029e-02 5.525642e-06 3.752027e-08 -5.967107e-07
28.69          1.667077e-01 7.659443e-08 -3.388951e-02 1.667026e-01 3.804723e-08 -3.388903e-02 5.147476e-06 3.854721e-08 -4.849563e-07
28.7           1.726308e-01 8.951131e-08 -3.541502e-02 1.726259e-01 4.746332e-08 -3.541462e-02 4.894174e-06 4.204799e-08 -4.042415e-07
28.71          1.737623e-01 9.251969e-08 -3.596244e-02 1.737576e-01 4.861874e-08 -3.596212e-02 4.683194e-06 4.390096e-08 -3.261461e-07
28.72          1.059701e-01 6.407938e-08 -2.212032e-02 1.059657e-01 1.992569e-08 -2.212009e-02 4.387575e-06 4.415369e-08 -2.299245e-07
28.73          2.309186e-01 1.325507e-07 -4.859544e-02 2.309143e-01 8.391370e-08 -4.859527e-02 4.240519e-06 4.863696e-08 -1.712148e-07
28.74          1.806757e-01 1.097608e-07 -3.832408e-02 1.806716e-01 5.897171e-08 -3.832397e-02 4.085918e-06 5.078907e-08 -1.115465e-07
28.75          1.744113e-01 1.117786e-07 -3.727729e-02 1.744075e-01 6.015874e-08 -3.727729e-02 3.838271e-06 5.161983e-08 -2.719607e-09
28.76          1.847745e-01 1.222208e-07 -3.978028e-02 1.847708e-01 6.920230e-08 -3.978038e-02 3.639734e-06 5.301854e-08 1.008736e-07
28.77          1.791239e-01 1.187634e-07 -3.883310e-02 1.791204e-01 6.431886e-08 -3.883333e-02 3.444409e-06 5.444453e-08 2.251399e-07
28.78          1.797858e-01 1.204559e-07 -3.923681e-02 1.797825e-01 6.446837e-08 -3.923713e-02 3.277988e-06 5.598757e-08 3.181676e-07
28.79          1.728963e-01 1.214568e-07 -3.797363e-02 1.728932e-01 6.327585e-08 -3.797406e-02 3.098389e-06 5.818099e-08 4.220329e-07
28.8           1.804503e-01 1.266483e-07 -3.987319e-02 1.804473e-01 6.576567e-08 -3.987367e-02 2.990688e-06 6.088263e-08 4.804407e-07
28.81          1.719606e-01 1.349058e-07 -3.821704e-02 1.719577e-01 7.094192e-08 -3.821756e-02 2.895141e-06 6.396391e-08 5.167686e-07
28.82          1.935078e-01 1.435573e-07 -4.324211e-02 1.935050e-01 7.806493e-08 -4.324264e-02 2.820535e-06 6.549238e-08 5.379223e-07
28.83          1.881724e-01 1.393279e-07 -4.226916e-02 1.881696e-01 7.455835e-08 -4.226973e-02 2.777752e-06 6.476955e-08 5.659543e-07
28.84          1.940929e-01 1.688774e-07 -4.381295e-02 1.940902e-01 9.734645e-08 -4.381351e-02 2.674355e-06 7.153097e-08 5.550388e-07
28.85          1.893659e-01 1.498958e-07 -4.294381e-02 1.893632e-01 7.932181e-08 -4.294437e-02 2.676530e-06 7.057398e-08 5.641080e-07
28.86          1.895030e-01 1.539839e-07 -4.316132e-02 1.895003e-01 8.502060e-08 -4.316188e-02 2.725553e-06 6.896330e-08 5.611931e-07
28.87          1.983707e-01 1.562325e-07 -4.536391e-02 1.983680e-01 8.865207e-08 -4.536447e-02 2.754007e-06 6.758039e-08 5.588262e-07
28.88          1.939675e-01 1.548345e-07 -4.452364e-02 1.939647e-01 8.739320e-08 -4.452418e-02 2.762963e-06 6.744135e-08 5.480225e-07
28.89          1.959477e-01 1.576713e-07 -4.513363e-02 1.959450e-01 9.110652e-08 -4.513417e-02 2.686895e-06 6.656473e-08 5.465071e-07
28.9           1.982744e-01 1.639027e-07 -4.581415e-02 1.982717e-01 9.847458e-08 -4.581467e-02 2.735498e-06 6.542811e-08 5.164864e-07
28.91          2.021133e-01 1.665532e-07 -4.683583e-02 2.021105e-01 1.026313e-07 -4.683630e-02 2.806489e-06 6.392187e-08 4.744227e-07
28.92          2.021888e-01 1.674411e-07 -4.697510e-02 2.021859e-01 1.048331e-07 -4.697552e-02 2.886089e-06 6.260799e-08 4.193274e-07
28.93          1.979277e-01 1.623456e-07 -4.609156e-02 1.979246e-01 1.040152e-07 -4.609191e-02 3.116969e-06 5.833045e-08 3.516427e-07
28.94          2.106813e-01 1.676484e-07 -4.916086e-02 2.106781e-01 1.106823e-07 -4.916115e-02 3.193011e-06 5.696605e-08 2.931622e-07
28.95          1.995397e-01 1.607610e-07 -4.664280e-02 1.995363e-01 1.078343e-07 -4.664300e-02 3.490813e-06 5.292664e-08 2.077791e-07
28.96          2.065358e-01 1.589915e-07 -4.834892e-02 2.065321e-01 1.088413e-07 -4.834906e-02 3.672054e-06 5.015019e-08 1.405629e-07
28.97          2.185662e-01 1.642585e-07 -5.122565e-02 2.185626e-01 1.141133e-07 -5.122574e-02 3.610391e-06 5.014515e-08 9.663601e-08
28.98          2.157340e-01 1.640940e-07 -5.060794e-02 2.157304e-01 1.152766e-07 -5.060798e-02 3.646798e-06 4.881739e-08 4.107091e-08
28.99          2.073822e-01 1.609747e-07 -4.867949e-02 2.073783e-01 1.149521e-07 -4.867944e-02 3.901586e-06 4.602260e-08 -5.128209e-08
29             2.089653e-01 1.546674e-07 -4.906810e-02 2.089611e-01 1.121442e-07 -4.906797e-02 4.188730e-06 4.252315e-08 -1.322125e-07
29.01          2.183082e-01 1.519920e-07 -5.126522e-02 2.183038e-01 1.122313e-07 -5.126503e-02 4.385612e-06 3.976078e-08 -1.989774e-07
29.02          2.050862e-01 1.471376e-07 -4.815000e-02 2.050816e-01 1.096798e-07 -4.814972e-02 4.614045e-06 3.745773e-08 -2.834864e-07
29.03          2.252212e-01 1.451042e-07 -5.285029e-02 2.252167e-01 1.089930e-07 -5.284999e-02 4.567829e-06 3.611119e-08 -3.051043e-07
29.04          2.176073e-01 1.392014e-07 -5.102368e-02 2.176023e-01 1.065682e-07 -5.102327e-02 4.961600e-06 3.263324e-08 -4.117567e-07
29.05          2.031341e-01 1.298592e-07 -4.757952e-02 2.031287e-01 1.007752e-07 -4.757899e-02 5.434092e-06 2.908401e-08 -5.301658e-07
29.06          2.289562e-01 1.290215e-07 -5.355450e-02 2.289507e-01 1.011799e-07 -5.355395e-02 5.424873e-06 2.784167e-08 -5.497708e-07
29.07          2.241163e-01 1.221576e-07 -5.233723e-02 2.241104e-01 9.803473e-08 -5.233654e-02 5.957659e-06 2.412284e-08 -6.941977e-07
29.08          2.258936e-01 1.209606e-07 -5.265171e-02 2.258877e-01 9.874947e-08 -5.265100e-02 5.968548e-06 2.221114e-08 -7.065809e-07
29.09          2.219889e-01 1.103965e-07 -5.162851e-02 2.219827e-01 9.107246e-08 -5.162775e-02 6.197940e-06 1.932401e-08 -7.599144e-07
29.1           2.035795e-01 1.046006e-07 -4.723044e-02 2.035726e-01 8.930840e-08 -4.722952e-02 6.898680e-06 1.529218e-08 -9.242587e-07
29.11          2.652288e-01 1.037364e-07 -6.136199e-02 2.652224e-01 8.868769e-08 -6.136117e-02 6.399476e-06 1.504871e-08 -8.188988e-07
29.12          2.434532e-01 9.872032e-08 -5.615375e-02 2.434466e-01 8.571658e-08 -5.615290e-02 6.547797e-06 1.300374e-08 -8.554358e-07
29.13          2.318752e-01 9.406093e-08 -5.330629e-02 2.318681e-01 8.562819e-08 -5.330535e-02 7.083460e-06 8.432747e-09 -9.491694e-07
29.14          2.489778e-01 9.136006e-08 -5.703210e-02 2.489705e-01 8.463244e-08 -5.703105e-02 7.324945e-06 6.727615e-09 -1.040780e-06
29.15          2.209270e-01 7.562795e-08 -5.041141e-02 2.209192e-01 7.207890e-08 -5.041024e-02 7.855003e-06 3.549047e-09 -1.166656e-06
29.16          2.529729e-01 8.060710e-08 -5.748286e-02 2.529649e-01 7.910034e-08 -5.748167e-02 7.950557e-06 1.506757e-09 -1.194135e-06
29.17          2.449811e-01 7.237374e-08 -5.542011e-02 2.449727e-01 7.374193e-08 -5.541882e-02 8.407437e-06 -1.368188e-09 -1.285533e-06
29.18          2.467127e-01 6.936819e-08 -5.554828e-02 2.467040e-01 7.320478e-08 -5.554695e-02 8.718415e-06 -3.836595e-09 -1.332494e-06
29.19          2.219166e-01 6.489617e-08 -4.971569e-02 2.219071e-01 7.234162e-08 -4.971417e-02 9.476753e-06 -7.445445e-09 -1.519344e-06
29.2           2.701330e-01 7.160920e-08 -6.019555e-02 2.701237e-01 8.047031e-08 -6.019413e-02 9.275870e-06 -8.861114e-09 -1.421041e-06
29.21          2.589051e-01 6.915448e-08 -5.737176e-02 2.588957e-01 7.864736e-08 -5.737034e-02 9.364024e-06 -9.492879e-09 -1.421486e-06
29.22          2.513770e-01 6.899760e-08 -5.537689e-02 2.513672e-01 8.094320e-08 -5.537539e-02 9.859205e-06 -1.194560e-08 -1.504050e-06
29.23          3.174329e-01 7.879377e-08 -6.949678e-02 3.174239e-01 8.831187e-08 -6.949553e-02 8.994261e-06 -9.518098e-09 -1.254159e-06
29.24          2.603754e-01 6.880151e-08 -5.663921e-02 2.603657e-01 8.002600e-08 -5.663778e-02 9.757582e-06 -1.122449e-08 -1.428391e-06
29.25          2.742687e-01 6.960979e-08 -5.926029e-02 2.742586e-01 8.069122e-08 -5.925876e-02 1.006698e-05 -1.108142e-08 -1.528498e-06
29.26          2.803445e-01 6.781540e-08 -6.014836e-02 2.803342e-01 7.846180e-08 -6.014676e-02 1.031749e-05 -1.064640e-08 -1.601330e-06
29.27          2.780296e-01 6.606562e-08 -5.921646e-02 2.780187e-01 7.758947e-08 -5.921475e-02 1.086368e-05 -1.152385e-08 -1.711066e-06
29.28          2.676633e-01 7.037323e-08 -5.657580e-02 2.676521e-01 8.204178e-08 -5.657402e-02 1.121041e-05 -1.166855e-08 -1.789743e-06
29.29          2.792227e-01 6.823208e-08 -5.855291e-02 2.792110e-01 8.136369e-08 -5.855100e-02 1.174841e-05 -1.313161e-08 -1.907458e-06
29.3           2.688119e-01 6.751358e-08 -5.590801e-02 2.687995e-01 8.289372e-08 -5.590598e-02 1.232979e-05 -1.538014e-08 -2.025804e-06
29.31          2.695055e-01 6.250056e-08 -5.557635e-02 2.694931e-01 7.828063e-08 -5.557431e-02 1.238345e-05 -1.578007e-08 -2.032115e-06
29.32          3.212646e-01 7.980953e-08 -6.566661e-02 3.212522e-01 9.625292e-08 -6.566459e-02 1.244296e-05 -1.644339e-08 -2.027526e-06
29.33          2.605998e-01 6.363478e-08 -5.278564e-02 2.605862e-01 8.258118e-08 -5.278335e-02 1.357898e-05 -1.894640e-08 -2.288402e-06
29.34          3.029912e-01 7.065329e-08 -6.079671e-02 3.029777e-01 9.026927e-08 -6.079445e-02 1.353327e-05 -1.961598e-08 -2.264987e-06
29.35          3.037312e-01 7.291671e-08 -6.035641e-02 3.037175e-01 9.294002e-08 -6.035413e-02 1.369452e-05 -2.002332e-08 -2.272875e-06
29.36          3.197829e-01 7.314842e-08 -6.291266e-02 3.197691e-01 9.309402e-08 -6.291041e-02 1.373309e-05 -1.994560e-08 -2.246158e-06
29.37          3.284077e-01 7.449721e-08 -6.394593e-02 3.283938e-01 9.431446e-08 -6.394369e-02 1.390124e-05 -1.981724e-08 -2.233847e-06
29.38          3.220334e-01 6.663780e-08 -6.204255e-02 3.220189e-01 8.708552e-08 -6.204024e-02 1.449903e-05 -2.044771e-08 -2.308512e-06
29.39          3.640493e-01 6.642387e-08 -6.937304e-02 3.640350e-01 8.559854e-08 -6.937083e-02 1.424083e-05 -1.917467e-08 -2.210948e-06
29.4           3.231281e-01 6.001178e-08 -6.088795e-02 3.231131e-01 8.147024e-08 -6.088561e-02 1.503103e-05 -2.145846e-08 -2.340341e-06
29.41          3.391123e-01 4.846106e-08 -6.316411e-02 3.390968e-01 7.040079e-08 -6.316168e-02 1.548394e-05 -2.193973e-08 -2.429568e-06
29.42          3.349231e-01 4.648468e-08 -6.164577e-02 3.349073e-01 6.781648e-08 -6.164330e-02 1.580331e-05 -2.133179e-08 -2.467545e-06
29.43          3.460385e-01 3.115470e-08 -6.291769e-02 3.460222e-01 5.319077e-08 -6.291510e-02 1.637790e-05 -2.203606e-08 -2.590066e-06
29.44          3.690994e-01 2.715176e-08 -6.627296e-02 3.690831e-01 4.903723e-08 -6.627041e-02 1.634424e-05 -2.188547e-08 -2.547888e-06
29.45          3.568097e-01 8.101216e-09 -6.324623e-02 3.567931e-01 3.052520e-08 -6.324363e-02 1.660822e-05 -2.242398e-08 -2.594661e-06
29.46          3.266955e-01 7.838813e-09 -5.714867e-02 3.266779e-01 3.375270e-08 -5.714591e-02 1.762103e-05 -2.591389e-08 -2.766271e-06
29.47          3.638113e-01 -9.973827e-09 -6.278243e-02 3.637935e-01 1.722726e-08 -6.277966e-02 1.788379e-05 -2.720108e-08 -2.774686e-06
29.48          3.703818e-01 -8.303185e-09 -6.303227e-02 3.703640e-01 1.987955e-08 -6.302955e-02 1.777449e-05 -2.818273e-08 -2.724260e-06
29.49          3.386189e-01 -2.352849e-08 -5.681135e-02 3.386003e-01 4.520185e-09 -5.680853e-02 1.854139e-05 -2.804868e-08 -2.826518e-06
29.5           4.107256e-01 -3.413829e-08 -6.790514e-02 4.107075e-01 -7.971480e-09 -6.790246e-02 1.807189e-05 -2.616681e-08 -2.680812e-06
29.51          3.803945e-01 4.159976e-08 -6.195620e-02 3.803762e-01 7.584130e-08 -6.195355e-02 1.832276e-05 -3.424154e-08 -2.646543e-06
29.52          3.856560e-01 3.135288e-08 -6.185630e-02 3.856374e-01 6.471588e-08 -6.185363e-02 1.864572e-05 -3.336300e-08 -2.664436e-06
29.53          4.046339e-01 -1.790946e-08 -6.388648e-02 4.046148e-01 1.465217e-08 -6.388379e-02 1.902486e-05 -3.256162e-08 -2.690103e-06
29.54          3.880666e-01 -5.549014e-09 -6.029245e-02 3.880472e-01 2.713494e-08 -6.028973e-02 1.935928e-05 -3.268395e-08 -2.717364e-06
29.55          3.972539e-01 -9.424684e-09 -6.070956e-02 3.972341e-01 2.321053e-08 -6.070682e-02 1.980544e-05 -3.263521e-08 -2.740600e-06
29.56          3.639972e-01 1.122876e-08 -5.469760e-02 3.639765e-01 4.681003e-08 -5.469474e-02 2.064528e-05 -3.558126e-08 -2.860170e-06
29.57          4.306997e-01 -1.939886e-09 -6.360937e-02 4.306794e-01 3.095192e-08 -6.360661e-02 2.023045e-05 -3.289181e-08 -2.752283e-06
29.58          4.045037e-01 -1.832606e-08 -5.869429e-02 4.044832e-01 1.206373e-08 -5.869154e-02 2.043076e-05 -3.038978e-08 -2.752696e-06
29.59          4.170438e-01 -1.735923e-08 -5.942815e-02 4.170233e-01 1.159826e-08 -5.942544e-02 2.055730e-05 -2.895750e-08 -2.711149e-06
29.6           4.057295e-01 -2.649269e-08 -5.675553e-02 4.057087e-01 1.763004e-09 -5.675285e-02 2.080538e-05 -2.825569e-08 -2.676162e-06
29.61          4.341570e-01 -2.385776e-08 -5.959101e-02 4.341363e-01 2.856777e-09 -5.958844e-02 2.066809e-05 -2.671453e-08 -2.572469e-06
29.62          3.594724e-01 -2.905870e-08 -4.839602e-02 3.594507e-01 -6.260068e-10 -4.839334e-02 2.171673e-05 -2.843269e-08 -2.676545e-06
29.63          4.187943e-01 -5.294027e-09 -5.527281e-02 4.187730e-01 2.152806e-08 -5.527020e-02 2.134528e-05 -2.682209e-08 -2.610552e-06
29.64          3.913017e-01 2.917104e-09 -5.060856e-02 3.912796e-01 3.215646e-08 -5.060589e-02 2.212736e-05 -2.923936e-08 -2.662537e-06
29.65          4.342572e-01 1.427608e-08 -5.501053e-02 4.342354e-01 4.231190e-08 -5.500796e-02 2.176508e-05 -2.803582e-08 -2.571080e-06
29.66          4.054382e-01 9.351503e-09 -5.028427e-02 4.054163e-01 3.576137e-08 -5.028176e-02 2.191276e-05 -2.640987e-08 -2.507433e-06
29.67          4.542169e-01 2.973972e-08 -5.512358e-02 4.541954e-01 5.590723e-08 -5.512117e-02 2.153436e-05 -2.616751e-08 -2.411516e-06
29.68          3.730783e-01 3.369290e-10 -4.428679e-02 3.730555e-01 2.484186e-08 -4.428429e-02 2.278431e-05 -2.450493e-08 -2.501913e-06
29.69          4.691684e-01 3.982521e-08 -5.444062e-02 4.691464e-01 6.340202e-08 -5.443829e-02 2.196757e-05 -2.357681e-08 -2.330191e-06
29.7           3.527466e-01 3.233449e-08 -3.999721e-02 3.527237e-01 5.542572e-08 -3.999480e-02 2.287967e-05 -2.309123e-08 -2.408526e-06
29.71          4.220563e-01 6.601576e-08 -4.672956e-02 4.220339e-01 8.896445e-08 -4.672716e-02 2.244429e-05 -2.294869e-08 -2.400104e-06
29.72          4.083846e-01 6.483426e-08 -4.413121e-02 4.083623e-01 8.692372e-08 -4.412897e-02 2.226581e-05 -2.208946e-08 -2.247014e-06
29.73          4.137418e-01 6.882050e-08 -4.361182e-02 4.137198e-01 9.125532e-08 -4.360964e-02 2.200533e-05 -2.243483e-08 -2.176304e-06
29.74          4.041182e-01 7.752581e-08 -4.152868e-02 4.040958e-01 1.012195e-07 -4.152653e-02 2.237784e-05 -2.369367e-08 -2.151831e-06
29.75          4.147982e-01 8.002410e-08 -4.153201e-02 4.147764e-01 1.002799e-07 -4.152996e-02 2.184002e-05 -2.025581e-08 -2.047541e-06
29.76          3.496745e-01 7.177997e-08 -3.409448e-02 3.496520e-01 9.303228e-08 -3.409241e-02 2.255523e-05 -2.125231e-08 -2.064899e-06
29.77          4.546368e-01 1.015182e-07 -4.313181e-02 4.546156e-01 1.224130e-07 -4.312997e-02 2.118483e-05 -2.089487e-08 -1.839802e-06
29.78          4.100207e-01 7.609078e-08 -3.783052e-02 4.099998e-01 9.308614e-08 -3.782880e-02 2.092827e-05 -1.699536e-08 -1.723431e-06
29.79          3.896898e-01 6.248863e-08 -3.494316e-02 3.896686e-01 8.002109e-08 -3.494147e-02 2.122069e-05 -1.753246e-08 -1.695801e-06
29.8           4.241462e-01 7.580523e-08 -3.693600e-02 4.241255e-01 9.253843e-08 -3.693441e-02 2.069188e-05 -1.673321e-08 -1.598373e-06
29.81          3.568848e-01 4.957028e-08 -3.016460e-02 3.568637e-01 6.679893e-08 -3.016300e-02 2.116147e-05 -1.722865e-08 -1.594952e-06
29.82          4.241087e-01 5.518987e-08 -3.476069e-02 4.240883e-01 7.175991e-08 -3.475924e-02 2.032119e-05 -1.657004e-08 -1.449919e-06
29.83          3.333556e-01 4.171961e-08 -2.648189e-02 3.333344e-01 5.892817e-08 -2.648039e-02 2.117445e-05 -1.720857e-08 -1.499137e-06
29.84          3.618723e-01 5.003514e-08 -2.783596e-02 3.618513e-01 6.710305e-08 -2.783452e-02 2.097992e-05 -1.706791e-08 -1.440704e-06
29.85          3.631793e-01 5.789555e-08 -2.703029e-02 3.631587e-01 7.662315e-08 -2.702890e-02 2.054831e-05 -1.872760e-08 -1.389764e-06
29.86          3.359833e-01 5.351279e-08 -2.417633e-02 3.359627e-01 7.129273e-08 -2.417498e-02 2.063631e-05 -1.777994e-08 -1.346205e-06
29.87          3.440161e-01 6.654129e-08 -2.391103e-02 3.439958e-01 8.428815e-08 -2.390974e-02 2.029071e-05 -1.774686e-08 -1.285535e-06
29.88          3.141568e-01 4.909601e-08 -2.107365e-02 3.141361e-01 7.246657e-08 -2.107232e-02 2.070298e-05 -2.337056e-08 -1.335667e-06
29.89          3.267408e-01 6.803598e-08 -2.113197e-02 3.267211e-01 8.974589e-08 -2.113075e-02 1.971841e-05 -2.170991e-08 -1.214773e-06
29.9           3.394407e-01 7.864044e-08 -2.114488e-02 3.394218e-01 9.878604e-08 -2.114375e-02 1.894683e-05 -2.014560e-08 -1.136414e-06
29.91          2.926732e-01 6.308319e-08 -1.754365e-02 2.926538e-01 8.711653e-08 -1.754252e-02 1.941902e-05 -2.403334e-08 -1.134991e-06
29.92          3.065931e-01 7.416506e-08 -1.766332e-02 3.065748e-01 9.736112e-08 -1.766236e-02 1.837395e-05 -2.319606e-08 -9.650046e-07
29.93          2.920747e-01 6.122833e-08 -1.615459e-02 2.920566e-01 8.370022e-08 -1.615371e-02 1.805770e-05 -2.247189e-08 -8.752346e-07
29.94          2.770363e-01 6.516375e-08 -1.469368e-02 2.770188e-01 8.731986e-08 -1.469286e-02 1.748765e-05 -2.215612e-08 -8.177259e-07
29.95          2.291145e-01 5.898592e-08 -1.164064e-02 2.290967e-01 8.167361e-08 -1.163976e-02 1.775506e-05 -2.268769e-08 -8.744004e-07
29.96          2.652508e-01 7.052899e-08 -1.288900e-02 2.652340e-01 9.295295e-08 -1.288820e-02 1.682036e-05 -2.242396e-08 -7.958632e-07
29.97          3.018175e-01 8.079822e-08 -1.400917e-02 3.018022e-01 9.820448e-08 -1.400854e-02 1.528489e-05 -1.740626e-08 -6.332078e-07
29.98          2.114923e-01 5.060044e-08 -9.367753e-03 2.114763e-01 6.891187e-08 -9.367083e-03 1.601792e-05 -1.831143e-08 -6.703857e-07
29.99          2.190431e-01 6.003387e-08 -9.241746e-03 2.190276e-01 7.955444e-08 -9.241106e-03 1.551194e-05 -1.952057e-08 -6.395006e-07
30             2.658613e-01 7.728773e-08 -1.066725e-02 2.658472e-01 9.464661e-08 -1.066676e-02 1.408183e-05 -1.735888e-08 -4.919368e-07
30.01          2.451498e-01 7.127241e-08 -9.341467e-03 2.451360e-01 8.823648e-08 -9.341039e-03 1.370770e-05 -1.696407e-08 -4.279204e-07
30.02          2.245587e-01 6.838330e-08 -8.112474e-03 2.245454e-01 8.537013e-08 -8.112099e-03 1.331520e-05 -1.698683e-08 -3.751975e-07
30.03          2.162644e-01 6.407649e-08 -7.393007e-03 2.162515e-01 8.202018e-08 -7.392669e-03 1.287826e-05 -1.794369e-08 -3.377306e-07
30.04          2.082158e-01 6.643644e-08 -6.722462e-03 2.082034e-01 8.381037e-08 -6.722149e-03 1.238159e-05 -1.737393e-08 -3.130557e-07
30.05          2.398229e-01 7.642063e-08 -7.296162e-03 2.398116e-01 9.239882e-08 -7.295918e-03 1.127860e-05 -1.597820e-08 -2.436722e-07
30.06          2.013267e-01 6.711016e-08 -5.760989e-03 2.013158e-01 8.198713e-08 -5.760775e-03 1.087952e-05 -1.487697e-08 -2.132348e-07
30.07          1.832834e-01 5.607836e-08 -4.920639e-03 1.832727e-01 7.136212e-08 -4.920471e-03 1.069170e-05 -1.528376e-08 -1.674451e-07
30.08          1.601703e-01 5.675327e-08 -4.025057e-03 1.601597e-01 7.319497e-08 -4.024870e-03 1.057331e-05 -1.644170e-08 -1.864760e-07
30.09          1.747359e-01 6.561806e-08 -4.097367e-03 1.747261e-01 8.361263e-08 -4.097233e-03 9.799299e-06 -1.799457e-08 -1.338312e-07
30.1           1.562929e-01 5.803613e-08 -3.410793e-03 1.562836e-01 7.766775e-08 -3.410680e-03 9.353768e-06 -1.963163e-08 -1.132988e-07
30.11          1.647880e-01 6.341017e-08 -3.335357e-03 1.647792e-01 8.374162e-08 -3.335283e-03 8.768046e-06 -2.033145e-08 -7.371488e-08
30.12          1.503492e-01 5.840197e-08 -2.813602e-03 1.503409e-01 8.014993e-08 -2.813551e-03 8.264552e-06 -2.174797e-08 -5.112436e-08
30.13          1.515126e-01 5.447546e-08 -2.611230e-03 1.515049e-01 7.676854e-08 -2.611204e-03 7.735440e-06 -2.229308e-08 -2.608867e-08
30.14          1.534499e-01 6.052942e-08 -2.425531e-03 1.534428e-01 8.401120e-08 -2.425545e-03 7.053496e-06 -2.348179e-08 1.404905e-08
30.15          1.470842e-01 6.167314e-08 -2.122868e-03 1.470778e-01 8.719217e-08 -2.122934e-03 6.397167e-06 -2.551902e-08 6.594125e-08
30.16          1.485364e-01 6.086194e-08 -1.947525e-03 1.485307e-01 9.056557e-08 -1.947654e-03 5.709033e-06 -2.970363e-08 1.281562e-07
30.17          1.322832e-01 4.887649e-08 -1.566974e-03 1.322779e-01 8.111510e-08 -1.567161e-03 5.281078e-06 -3.223861e-08 1.869858e-07
30.18          1.321686e-01 4.860610e-08 -1.405296e-03 1.321638e-01 8.533888e-08 -1.405543e-03 4.795799e-06 -3.673278e-08 2.471532e-07
30.19          1.350952e-01 4.942374e-08 -1.279917e-03 1.350909e-01 9.071418e-08 -1.280219e-03 4.348531e-06 -4.129044e-08 3.021559e-07
30.2           1.220432e-01 3.826592e-08 -1.021718e-03 1.220391e-01 8.397064e-08 -1.022056e-03 4.061082e-06 -4.570472e-08 3.372124e-07
30.21          1.216293e-01 4.116263e-08 -8.909937e-04 1.216254e-01 9.364870e-08 -8.913826e-04 3.825293e-06 -5.248608e-08 3.888932e-07
30.22          1.206929e-01 3.483110e-08 -7.646233e-04 1.206893e-01 9.271062e-08 -7.650319e-04 3.675651e-06 -5.787951e-08 4.085664e-07
30.23          1.212611e-01 3.590419e-08 -6.547928e-04 1.212575e-01 9.781551e-08 -6.552352e-04 3.624449e-06 -6.191132e-08 4.423822e-07
30.24          1.180298e-01 3.924877e-08 -5.344857e-04 1.180261e-01 1.034597e-07 -5.349464e-04 3.690115e-06 -6.421093e-08 4.607109e-07
30.25          1.123492e-01 3.977045e-08 -4.176134e-04 1.123453e-01 1.042223e-07 -4.180899e-04 3.891667e-06 -6.445182e-08 4.764921e-07
30.26          1.068718e-01 4.422149e-08 -3.170069e-04 1.068676e-01 1.053855e-07 -3.174927e-04 4.161913e-06 -6.116398e-08 4.858294e-07
30.27          1.079003e-01 5.180140e-08 -2.456422e-04 1.078957e-01 1.071383e-07 -2.461262e-04 4.524768e-06 -5.533691e-08 4.839576e-07
30.28          1.133811e-01 6.068294e-08 -1.869821e-04 1.133760e-01 1.084555e-07 -1.874702e-04 5.133194e-06 -4.777258e-08 4.881108e-07
30.29          9.855126e-02 7.012178e-08 -1.076737e-04 9.854573e-02 1.063125e-07 -1.081471e-04 5.527726e-06 -3.619067e-08 4.733714e-07
30.3           1.044317e-01 8.292246e-08 -6.179584e-05 1.044255e-01 1.073560e-07 -6.225806e-05 6.153802e-06 -2.443353e-08 4.622201e-07
30.31          9.803127e-02 9.138808e-08 -1.585029e-05 9.802444e-02 1.010505e-07 -1.630542e-05 6.825819e-06 -9.662399e-09 4.551373e-07
30.32          1.028262e-01 1.070529e-07 2.159189e-05 1.028186e-01 1.023143e-07 2.114553e-05 7.605018e-06 4.738626e-09 4.463632e-07
30.33          1.008100e-01 1.175052e-07 5.151902e-05 1.008017e-01 9.632205e-08 5.110879e-05 8.331819e-06 2.118315e-08 4.102307e-07
30.34          9.525981e-02 1.309772e-07 7.142683e-05 9.525084e-02 9.478541e-08 7.103891e-05 8.976046e-06 3.619184e-08 3.879272e-07
30.35          1.019347e-01 1.473311e-07 9.477629e-05 1.019248e-01 9.568922e-08 9.441222e-05 9.874406e-06 5.164186e-08 3.640664e-07
30.36          8.190904e-02 1.359839e-07 8.401619e-05 8.189875e-02 7.354604e-08 8.367146e-05 1.029475e-05 6.243783e-08 3.447268e-07
30.37          8.614384e-02 1.439298e-07 9.278129e-05 8.613287e-02 7.147004e-08 9.246434e-05 1.097184e-05 7.245973e-08 3.169453e-07
30.38          7.450081e-02 1.415427e-07 7.803060e-05 7.448926e-02 6.185398e-08 7.774105e-05 1.154965e-05 7.968871e-08 2.895511e-07
30.39          7.264999e-02 1.360800e-07 7.027388e-05 7.263787e-02 5.286071e-08 6.997556e-05 1.211600e-05 8.321928e-08 2.983189e-07
30.4           8.053761e-02 1.434454e-07 6.661864e-05 8.052455e-02 5.529080e-08 6.634821e-05 1.306106e-05 8.815464e-08 2.704331e-07
30.41          3.814815e-02 1.292056e-07 1.960614e-05 3.813501e-02 3.964471e-08 1.934081e-05 1.313667e-05 8.956092e-08 2.653301e-07
30.42          3.517369e-02 1.271174e-07 7.692412e-06 3.516027e-02 3.918992e-08 7.437677e-06 1.342258e-05 8.792745e-08 2.547344e-07
30.43          6.213188e-02 1.267480e-07 -1.796104e-06 6.211754e-02 4.045667e-08 -1.995383e-06 1.434142e-05 8.629129e-08 1.992783e-07
30.44          5.186633e-02 1.172912e-07 -2.383988e-05 5.185125e-02 3.413575e-08 -2.398627e-05 1.508586e-05 8.315546e-08 1.463972e-07
30.45          -2.354977e-03 1.045610e-07 -6.504420e-06 -2.369996e-03 2.762956e-08 -6.640672e-06 1.501816e-05 7.693140e-08 1.362523e-07
30.46          2.363012e-02 1.000399e-07 -3.901937e-05 2.361434e-02 3.097949e-08 -3.912574e-05 1.578318e-05 6.906042e-08 1.063742e-07
30.47          2.487576e-02 1.007704e-07 -5.572959e-05 2.485932e-02 3.832752e-08 -5.580137e-05 1.644273e-05 6.244289e-08 7.177994e-08
30.48          2.419390e-02 9.817942e-08 -7.063032e-05 2.417668e-02 4.227327e-08 -7.064009e-05 1.722554e-05 5.590616e-08 9.769713e-09
30.49          5.273381e-02 1.114407e-07 -1.813015e-04 5.271549e-02 6.112674e-08 -1.812482e-04 1.831277e-05 5.031399e-08 -5.330077e-08
30.5           -1.877764e-02 7.800902e-08 6.652061e-05 -1.879560e-02 3.835529e-08 6.658990e-05 1.795844e-05 3.965373e-08 -6.928612e-08
30.51          -1.214217e-02 6.285043e-08 4.972880e-05 -1.216018e-02 3.276583e-08 4.980510e-05 1.800565e-05 3.008460e-08 -7.629999e-08
30.52          -4.960083e-02 7.448355e-08 2.772272e-04 -4.961870e-02 5.063688e-08 2.772910e-04 1.787822e-05 2.384667e-08 -6.384718e-08
30.53          -7.776557e-03 9.129227e-08 4.229222e-05 -7.795343e-03 7.202009e-08 4.239444e-05 1.878601e-05 1.927218e-08 -1.022141e-07
30.54          3.387361e-02 1.077719e-07 -2.741723e-04 3.385338e-02 9.276188e-08 -2.739945e-04 2.023037e-05 1.500999e-08 -1.777997e-07
30.55          -1.960495e-02 8.682453e-08 1.632671e-04 -1.962519e-02 7.778372e-08 1.634868e-04 2.024070e-05 9.040810e-09 -2.197190e-07
30.56          -2.218646e-02 8.452874e-08 2.113054e-04 -2.220666e-02 8.290834e-08 2.115109e-04 2.020159e-05 1.620398e-09 -2.054561e-07
30.57          -6.250710e-02 7.976704e-08 6.902872e-04 -6.252694e-02 8.347978e-08 6.904966e-04 1.983954e-05 -3.712736e-09 -2.094367e-07
30.58          -2.232822e-02 1.280709e-07 2.671579e-04 -2.234864e-02 1.355076e-07 2.673648e-04 2.041646e-05 -7.436702e-09 -2.069014e-07
30.59          -3.647432e-02 1.404817e-07 4.913060e-04 -3.649507e-02 1.523491e-07 4.915569e-04 2.075212e-05 -1.186747e-08 -2.508889e-07
30.6           -4.126331e-02 1.598725e-07 6.138075e-04 -4.128431e-02 1.750667e-07 6.140889e-04 2.099937e-05 -1.519415e-08 -2.813242e-07
30.61          1.980685e-03 2.080114e-07 -4.525262e-05 1.958634e-03 2.256801e-07 -4.489726e-05 2.205013e-05 -1.766871e-08 -3.553605e-07
30.62          -9.532754e-02 1.305706e-07 1.710418e-03 -9.534871e-02 1.506804e-07 1.710729e-03 2.116598e-05 -2.010980e-08 -3.112475e-07
30.63          -5.653298e-02 1.509092e-07 1.095504e-03 -5.655443e-02 1.731762e-07 1.095801e-03 2.145696e-05 -2.226699e-08 -2.968012e-07
30.64          -4.989597e-02 1.043170e-07 1.044167e-03 -4.991767e-02 1.278741e-07 1.044432e-03 2.169887e-05 -2.355707e-08 -2.652691e-07
30.65          -6.066518e-02 6.872557e-08 1.371050e-03 -6.068725e-02 9.228656e-08 1.371381e-03 2.206027e-05 -2.356099e-08 -3.314866e-07
30.66          -5.701966e-02 4.387792e-08 1.383762e-03 -5.704194e-02 6.809303e-08 1.384101e-03 2.227433e-05 -2.421511e-08 -3.390107e-07
30.67          -6.953104e-02 3.224163e-08 1.810239e-03 -6.955328e-02 5.760648e-08 1.810633e-03 2.223614e-05 -2.536485e-08 -3.932315e-07
30.68          -6.502343e-02 4.082997e-08 1.807817e-03 -6.504584e-02 6.506151e-08 1.808178e-03 2.240827e-05 -2.423155e-08 -3.612184e-07
30.69          -7.169602e-02 3.763694e-08 2.125074e-03 -7.171860e-02 6.062488e-08 2.125499e-03 2.257888e-05 -2.298795e-08 -4.246493e-07
30.7           -3.025641e-02 3.465295e-08 9.458876e-04 -3.027955e-02 5.801818e-08 9.463501e-04 2.314167e-05 -2.336523e-08 -4.625184e-07
30.71          -4.609823e-02 3.277197e-08 1.535956e-03 -4.612171e-02 5.768756e-08 1.536485e-03 2.348494e-05 -2.491559e-08 -5.291940e-07
30.72          -7.944071e-02 9.950536e-09 2.811749e-03 -7.946386e-02 3.340388e-08 2.812321e-03 2.314325e-05 -2.345335e-08 -5.721974e-07
30.73          -6.512975e-02 1.795281e-08 2.433068e-03 -6.515294e-02 3.828937e-08 2.433657e-03 2.319329e-05 -2.033657e-08 -5.887657e-07
30.74          -1.392684e-01 5.098067e-09 5.500987e-03 -1.392905e-01 2.306217e-08 5.501520e-03 2.209413e-05 -1.796410e-08 -5.327644e-07
30.75          -7.461080e-02 5.132751e-08 3.095935e-03 -7.463324e-02 6.857282e-08 3.096478e-03 2.244093e-05 -1.724531e-08 -5.432641e-07
30.76          -1.224261e-01 8.488778e-08 5.347933e-03 -1.224479e-01 1.022540e-07 5.348433e-03 2.182706e-05 -1.736624e-08 -4.993673e-07
30.77          -7.742596e-02 1.214688e-07 3.543901e-03 -7.744824e-02 1.383560e-07 3.544488e-03 2.227555e-05 -1.688726e-08 -5.867650e-07
30.78          -1.790020e-02 1.159400e-07 8.484192e-04 -1.792331e-02 1.310531e-07 8.491288e-04 2.310891e-05 -1.511309e-08 -7.095995e-07
30.79          -7.384854e-02 6.354513e-08 3.706616e-03 -7.387117e-02 7.826326e-08 3.707347e-03 2.263944e-05 -1.471813e-08 -7.311387e-07
30.8           -7.369220e-02 3.661972e-08 3.865661e-03 -7.371471e-02 5.250803e-08 3.866435e-03 2.251871e-05 -1.588831e-08 -7.737523e-07
30.81          -7.800510e-02 1.412529e-08 4.271776e-03 -7.802718e-02 2.943078e-08 4.272495e-03 2.207993e-05 -1.530550e-08 -7.188503e-07
30.82          -5.583955e-02 8.620026e-09 3.184283e-03 -5.586180e-02 2.378068e-08 3.185065e-03 2.224177e-05 -1.516066e-08 -7.819583e-07
30.83          -1.127674e-01 -1.158317e-08 6.709414e-03 -1.127888e-01 8.671501e-10 6.710161e-03 2.136337e-05 -1.245032e-08 -7.467682e-07
30.84          -4.365862e-02 1.726213e-08 2.694166e-03 -4.368062e-02 3.157000e-08 2.694990e-03 2.199574e-05 -1.430787e-08 -8.235657e-07
30.85          -6.705119e-02 -2.779149e-08 4.306158e-03 -6.707279e-02 -1.463324e-08 4.307038e-03 2.160410e-05 -1.315825e-08 -8.796342e-07
30.86          -5.612939e-02 -3.370846e-08 3.739738e-03 -5.615082e-02 -2.253074e-08 3.740647e-03 2.142297e-05 -1.117772e-08 -9.094118e-07
30.87          -4.788137e-02 -3.744153e-08 3.306610e-03 -4.790275e-02 -2.824578e-08 3.307563e-03 2.138225e-05 -9.195751e-09 -9.525387e-07
30.88          -1.094683e-01 -7.694721e-08 7.847714e-03 -1.094888e-01 -7.036969e-08 7.848646e-03 2.051584e-05 -6.577520e-09 -9.320315e-07
30.89          -3.968021e-02 -5.537889e-08 2.936982e-03 -3.970089e-02 -4.853053e-08 2.937938e-03 2.068543e-05 -6.848362e-09 -9.554111e-07
30.9           -5.132927e-02 -7.469582e-08 3.932453e-03 -5.134974e-02 -6.843208e-08 3.933496e-03 2.046511e-05 -6.263743e-09 -1.043513e-06
30.91          3.094821e-02 -2.125000e-08 -2.468621e-03 3.092673e-02 -1.438104e-08 -2.467378e-03 2.148071e-05 -6.868957e-09 -1.242849e-06
30.92          1.641474e-03 -3.069445e-08 -1.456523e-04 1.620005e-03 -2.498334e-08 -1.443056e-04 2.146864e-05 -5.711106e-09 -1.346659e-06
30.93          -2.186280e-02 -4.651961e-08 1.838240e-03 -2.188350e-02 -4.295469e-08 1.839553e-03 2.070106e-05 -3.564915e-09 -1.312322e-06
30.94          -3.219283e-02 -4.760776e-08 2.795804e-03 -3.221294e-02 -4.685572e-08 2.797126e-03 2.011426e-05 -7.520418e-10 -1.321848e-06
30.95          -5.489604e-02 -7.620413e-08 4.918833e-03 -5.491536e-02 -7.770250e-08 4.920095e-03 1.932001e-05 1.498373e-09 -1.261455e-06
30.96          3.656519e-02 -2.537490e-08 -3.390218e-03 3.654517e-02 -2.655882e-08 -3.388838e-03 2.001607e-05 1.183918e-09 -1.380414e-06
30.97          8.249944e-04 -5.612078e-08 -8.866141e-05 8.054662e-04 -5.935450e-08 -8.727564e-05 1.952812e-05 3.233721e-09 -1.385763e-06
30.98          -2.524784e-02 -8.751978e-08 2.457961e-03 -2.526656e-02 -9.242428e-08 2.459294e-03 1.872711e-05 4.904497e-09 -1.333169e-06
30.99          -5.372989e-03 -7.627918e-08 5.296886e-04 -5.391396e-03 -8.287324e-08 5.309833e-04 1.840735e-05 6.594061e-09 -1.294698e-06
31             7.233876e-03 -7.538580e-08 -7.554945e-04 7.215768e-03 -8.376598e-08 -7.541887e-04 1.810747e-05 8.380174e-09 -1.305732e-06
31.01          -3.699701e-03 -1.000572e-07 3.818954e-04 -3.717348e-03 -1.078366e-07 3.832238e-04 1.764705e-05 7.779382e-09 -1.328402e-06
31.02          6.413705e-02 -2.284435e-08 -6.967680e-03 6.411863e-02 -3.049891e-08 -6.966157e-03 1.842581e-05 7.654556e-09 -1.522601e-06
31.03          6.704671e-02 -2.056582e-08 -7.463845e-03 6.702818e-02 -2.865197e-08 -7.462182e-03 1.853329e-05 8.086150e-09 -1.663050e-06
31.04          2.785830e-02 -4.955862e-08 -3.181591e-03 2.784061e-02 -5.940793e-08 -3.179976e-03 1.768150e-05 9.849303e-09 -1.615121e-06
31.05          2.113176e-02 -4.990009e-08 -2.472424e-03 2.111457e-02 -6.039724e-08 -2.470792e-03 1.718871e-05 1.049715e-08 -1.632284e-06
31.06          4.327917e-02 -3.531141e-08 -5.171716e-03 4.326225e-02 -4.804693e-08 -5.170104e-03 1.692414e-05 1.273552e-08 -1.612314e-06
31.07          4.750820e-02 -2.747364e-08 -5.804810e-03 4.749158e-02 -4.320897e-08 -5.803118e-03 1.662544e-05 1.573533e-08 -1.691773e-06
31.08          4.796061e-02 -3.253281e-08 -5.989170e-03 4.794448e-02 -4.896885e-08 -5.987524e-03 1.613078e-05 1.643604e-08 -1.646097e-06
31.09          1.026876e-01 1.556330e-08 -1.309124e-02 1.026711e-01 -2.383573e-10 -1.308947e-02 1.648902e-05 1.580166e-08 -1.770372e-06
31.1           7.044406e-02 -1.065453e-08 -9.172889e-03 7.042819e-02 -2.893862e-08 -9.171141e-03 1.586572e-05 1.828410e-08 -1.747628e-06
31.11          7.214791e-02 -8.387447e-09 -9.588429e-03 7.213260e-02 -2.865355e-08 -9.586701e-03 1.530858e-05 2.026610e-08 -1.727822e-06
31.12          8.188513e-02 2.237601e-09 -1.110091e-02 8.187017e-02 -1.902991e-08 -1.109918e-02 1.496563e-05 2.126751e-08 -1.736693e-06
31.13          8.737318e-02 1.459324e-08 -1.207785e-02 8.735832e-02 -6.199178e-09 -1.207606e-02 1.485446e-05 2.079242e-08 -1.790618e-06
31.14          7.604326e-02 -4.020897e-09 -1.071485e-02 7.602904e-02 -2.704600e-08 -1.071311e-02 1.422682e-05 2.302510e-08 -1.747396e-06
31.15          7.730756e-02 1.274138e-08 -1.109747e-02 7.729391e-02 -1.305244e-08 -1.109575e-02 1.365340e-05 2.579382e-08 -1.722910e-06
31.16          1.223066e-01 5.952597e-08 -1.787543e-02 1.222928e-01 3.204931e-08 -1.787362e-02 1.381673e-05 2.747666e-08 -1.815722e-06
31.17          9.093395e-02 3.056213e-08 -1.353054e-02 9.092076e-02 5.952859e-10 -1.352878e-02 1.318296e-05 2.996684e-08 -1.757142e-06
31.18          8.858155e-02 3.281155e-08 -1.341187e-02 8.856883e-02 1.108844e-09 -1.341013e-02 1.271442e-05 3.170271e-08 -1.740566e-06
31.19          1.532073e-01 1.058179e-07 -2.358953e-02 1.531942e-01 7.293615e-08 -2.358767e-02 1.309155e-05 3.288171e-08 -1.865276e-06
31.2           1.448213e-01 9.871002e-08 -2.267247e-02 1.448085e-01 6.306559e-08 -2.267057e-02 1.288491e-05 3.564443e-08 -1.902715e-06
31.21          9.673482e-02 5.801843e-08 -1.539392e-02 9.672296e-02 2.037977e-08 -1.539219e-02 1.185773e-05 3.763865e-08 -1.729888e-06
31.22          1.132016e-01 6.763912e-08 -1.830135e-02 1.131904e-01 2.788882e-08 -1.829970e-02 1.123827e-05 3.975031e-08 -1.649071e-06
31.23          1.042459e-01 5.063913e-08 -1.711660e-02 1.042353e-01 1.056723e-08 -1.711508e-02 1.056270e-05 4.007190e-08 -1.520532e-06
31.24          1.198823e-01 5.989589e-08 -1.998288e-02 1.198721e-01 1.870058e-08 -1.998143e-02 1.016493e-05 4.119531e-08 -1.446076e-06
31.25          1.502803e-01 8.928343e-08 -2.542040e-02 1.502702e-01 4.724994e-08 -2.541894e-02 1.011653e-05 4.203349e-08 -1.464147e-06
31.26          1.411969e-01 8.576764e-08 -2.422985e-02 1.411869e-01 4.307413e-08 -2.422840e-02 9.956109e-06 4.269351e-08 -1.452803e-06
31.27          1.320813e-01 7.729405e-08 -2.298562e-02 1.320718e-01 3.310134e-08 -2.298427e-02 9.458522e-06 4.419271e-08 -1.349015e-06
31.28          1.483259e-01 9.205878e-08 -2.616696e-02 1.483168e-01 4.757804e-08 -2.616566e-02 9.056558e-06 4.448074e-08 -1.300923e-06
31.29          1.182881e-01 7.090361e-08 -2.114781e-02 1.182796e-01 2.644293e-08 -2.114662e-02 8.516225e-06 4.446068e-08 -1.198755e-06
31.3           1.719467e-01 1.429288e-07 -3.113930e-02 1.719380e-01 9.639941e-08 -3.113803e-02 8.699687e-06 4.652943e-08 -1.264471e-06
31.31          1.376650e-01 7.862795e-08 -2.524854e-02 1.376571e-01 3.130370e-08 -2.524743e-02 7.888068e-06 4.732426e-08 -1.115340e-06
31.32          1.278087e-01 8.526051e-08 -2.373077e-02 1.278012e-01 3.566857e-08 -2.372972e-02 7.499070e-06 4.959193e-08 -1.047664e-06
31.33          1.575634e-01 1.120799e-07 -2.960640e-02 1.575562e-01 5.982956e-08 -2.960540e-02 7.204504e-06 5.225032e-08 -1.006309e-06
31.34          1.400476e-01 8.055739e-08 -2.662371e-02 1.400410e-01 2.842010e-08 -2.662283e-02 6.599828e-06 5.213729e-08 -8.785402e-07
31.35          1.507178e-01 1.020804e-07 -2.897732e-02 1.507115e-01 4.777579e-08 -2.897652e-02 6.246516e-06 5.430464e-08 -8.031070e-07
31.36          1.558054e-01 1.045809e-07 -3.028576e-02 1.557995e-01 4.847450e-08 -3.028506e-02 5.891232e-06 5.610635e-08 -7.088498e-07
31.37          1.697033e-01 1.150999e-07 -3.333981e-02 1.696977e-01 5.717294e-08 -3.333916e-02 5.628225e-06 5.792697e-08 -6.433044e-07
31.38          1.651669e-01 1.221568e-07 -3.278464e-02 1.651614e-01 6.218397e-08 -3.278404e-02 5.484941e-06 5.997282e-08 -5.993524e-07
31.39          1.603050e-01 1.159723e-07 -3.213839e-02 1.602997e-01 5.583919e-08 -3.213782e-02 5.303137e-06 6.013309e-08 -5.653897e-07
31.4           1.666635e-01 1.216509e-07 -3.373675e-02 1.666585e-01 6.056078e-08 -3.373624e-02 5.090641e-06 6.109013e-08 -5.108963e-07
31.41          1.661077e-01 1.264002e-07 -3.393930e-02 1.661029e-01 6.245462e-08 -3.393891e-02 4.795521e-06 6.394555e-08 -3.905203e-07
31.42          1.708503e-01 1.304981e-07 -3.522455e-02 1.708457e-01 6.511279e-08 -3.522420e-02 4.695014e-06 6.538530e-08 -3.502523e-07
31.43          1.672164e-01 1.233846e-07 -3.477686e-02 1.672119e-01 5.608274e-08 -3.477658e-02 4.470177e-06 6.730182e-08 -2.784504e-07
31.44          1.820026e-01 1.370550e-07 -3.817116e-02 1.819983e-01 6.717265e-08 -3.817095e-02 4.279674e-06 6.988238e-08 -2.070413e-07
31.45          1.711657e-01 1.226835e-07 -3.619058e-02 1.711616e-01 5.279646e-08 -3.619045e-02 4.049440e-06 6.988703e-08 -1.257984e-07
31.46          1.707724e-01 1.227364e-07 -3.638995e-02 1.707686e-01 5.325914e-08 -3.638990e-02 3.839394e-06 6.947724e-08 -5.031964e-08
31.47          1.923783e-01 1.581904e-07 -4.130186e-02 1.923746e-01 8.430029e-08 -4.130188e-02 3.704219e-06 7.389009e-08 1.449551e-08
31.48          1.801836e-01 1.491501e-07 -3.896304e-02 1.801801e-01 7.346235e-08 -3.896313e-02 3.532939e-06 7.568773e-08 9.564347e-08
31.49          1.788690e-01 1.524420e-07 -3.894565e-02 1.788656e-01 7.548343e-08 -3.894583e-02 3.385544e-06 7.695861e-08 1.831385e-07
31.5           1.749505e-01 1.486333e-07 -3.834408e-02 1.749472e-01 7.108417e-08 -3.834431e-02 3.285458e-06 7.754909e-08 2.326971e-07
31.51          1.905906e-01 1.596577e-07 -4.203517e-02 1.905875e-01 7.994944e-08 -4.203546e-02 3.159703e-06 7.970830e-08 2.966597e-07
31.52          1.826559e-01 1.490042e-07 -4.052764e-02 1.826529e-01 7.054461e-08 -4.052800e-02 3.046384e-06 7.845955e-08 3.664572e-07
31.53          1.831354e-01 1.684643e-07 -4.086622e-02 1.831325e-01 8.809205e-08 -4.086663e-02 2.956122e-06 8.037228e-08 4.137056e-07
31.54          1.797623e-01 1.540378e-07 -4.033114e-02 1.797594e-01 7.617484e-08 -4.033160e-02 2.893113e-06 7.786294e-08 4.619565e-07
31.55          1.919447e-01 1.791872e-07 -4.328524e-02 1.919418e-01 1.000354e-07 -4.328572e-02 2.825060e-06 7.915176e-08 4.817465e-07
31.56          1.892285e-01 1.868340e-07 -4.287924e-02 1.892257e-01 1.074615e-07 -4.287975e-02 2.780011e-06 7.937249e-08 5.011852e-07
31.57          1.940191e-01 1.878294e-07 -4.416453e-02 1.940163e-01 1.079585e-07 -4.416505e-02 2.732476e-06 7.987095e-08 5.159560e-07
31.58          1.767496e-01 1.570096e-07 -4.040516e-02 1.767468e-01 8.221081e-08 -4.040567e-02 2.786596e-06 7.479878e-08 5.165321e-07
31.59          1.955164e-01 1.753973e-07 -4.487241e-02 1.955136e-01 1.025538e-07 -4.487293e-02 2.787745e-06 7.284353e-08 5.166077e-07
31.6           1.904736e-01 1.803406e-07 -4.387604e-02 1.904708e-01 1.100819e-07 -4.387653e-02 2.834789e-06 7.025873e-08 4.971501e-07
31.61          1.934438e-01 1.957617e-07 -4.471077e-02 1.934409e-01 1.257460e-07 -4.471125e-02 2.840645e-06 7.001571e-08 4.815682e-07
31.62          2.025403e-01 1.980676e-07 -4.695794e-02 2.025374e-01 1.285987e-07 -4.695839e-02 2.853687e-06 6.946892e-08 4.534018e-07
31.63          1.951613e-01 1.844551e-07 -4.537427e-02 1.951584e-01 1.180833e-07 -4.537470e-02 2.948784e-06 6.637177e-08 4.233693e-07
31.64          2.037667e-01 1.808485e-07 -4.749430e-02 2.037636e-01 1.187550e-07 -4.749469e-02 3.052593e-06 6.209351e-08 3.956997e-07
31.65          1.961483e-01 1.804141e-07 -4.582075e-02 1.961451e-01 1.219732e-07 -4.582111e-02 3.180549e-06 5.844098e-08 3.614062e-07
31.66          1.956378e-01 1.926420e-07 -4.579041e-02 1.956345e-01 1.350886e-07 -4.579072e-02 3.275004e-06 5.755337e-08 3.099393e-07
31.67          2.018533e-01 1.857467e-07 -4.732393e-02 2.018499e-01 1.306150e-07 -4.732416e-02 3.457696e-06 5.513167e-08 2.358863e-07
31.68          2.020650e-01 1.728240e-07 -4.743948e-02 2.020613e-01 1.228337e-07 -4.743963e-02 3.739237e-06 4.999038e-08 1.517767e-07
31.69          2.052674e-01 1.725137e-07 -4.824491e-02 2.052635e-01 1.264882e-07 -4.824500e-02 3.912245e-06 4.602550e-08 8.985004e-08
31.7           2.007905e-01 1.704844e-07 -4.723204e-02 2.007863e-01 1.285805e-07 -4.723205e-02 4.176789e-06 4.190386e-08 1.105986e-08
31.71          2.078154e-01 1.762677e-07 -4.891127e-02 2.078110e-01 1.366751e-07 -4.891121e-02 4.355162e-06 3.959253e-08 -6.101580e-08
31.72          2.008189e-01 1.748614e-07 -4.727731e-02 2.008144e-01 1.371883e-07 -4.727719e-02 4.484957e-06 3.767313e-08 -1.225281e-07
31.73          2.078302e-01 1.836079e-07 -4.892724e-02 2.078255e-01 1.474751e-07 -4.892702e-02 4.685883e-06 3.613280e-08 -2.242949e-07
31.74          2.235369e-01 1.872023e-07 -5.260924e-02 2.235322e-01 1.520889e-07 -5.260898e-02 4.754757e-06 3.511333e-08 -2.664943e-07
31.75          2.141981e-01 1.676656e-07 -5.038285e-02 2.141931e-01 1.361442e-07 -5.038251e-02 5.020353e-06 3.152136e-08 -3.429024e-07
31.76          2.249490e-01 1.713146e-07 -5.286599e-02 2.249438e-01 1.416295e-07 -5.286560e-02 5.167132e-06 2.968511e-08 -3.916472e-07
31.77          2.247513e-01 1.689467e-07 -5.275932e-02 2.247460e-01 1.402400e-07 -5.275890e-02 5.207597e-06 2.870675e-08 -4.172316e-07
31.78          2.151728e-01 1.485227e-07 -5.043903e-02 2.151671e-01 1.260943e-07 -5.043853e-02 5.739399e-06 2.242831e-08 -5.041449e-07
31.79          2.347639e-01 1.671353e-07 -5.493743e-02 2.347582e-01 1.443781e-07 -5.493690e-02 5.722404e-06 2.275724e-08 -5.287173e-07
31.8           2.154168e-01 1.380231e-07 -5.031065e-02 2.154106e-01 1.207775e-07 -5.030999e-02 6.208987e-06 1.724560e-08 -6.625172e-07
31.81          2.159945e-01 1.408870e-07 -5.033120e-02 2.159882e-01 1.252907e-07 -5.033051e-02 6.295141e-06 1.559628e-08 -6.937849e-07
31.82          2.511440e-01 1.493603e-07 -5.837188e-02 2.511377e-01 1.344039e-07 -5.837117e-02 6.259618e-06 1.495647e-08 -7.082777e-07
31.83          2.056440e-01 1.168928e-07 -4.766212e-02 2.056373e-01 1.049740e-07 -4.766131e-02 6.711562e-06 1.191884e-08 -8.102317e-07
31.84          2.434359e-01 1.282892e-07 -5.624459e-02 2.434291e-01 1.193335e-07 -5.624374e-02 6.846619e-06 8.955640e-09 -8.567740e-07
31.85          2.349529e-01 1.171286e-07 -5.410001e-02 2.349458e-01 1.109184e-07 -5.409909e-02 7.084709e-06 6.210260e-09 -9.232931e-07
31.86          2.060124e-01 8.459450e-08 -4.726200e-02 2.060044e-01 8.698459e-08 -4.726087e-02 7.978368e-06 -2.390086e-09 -1.132716e-06
31.87          2.530998e-01 1.139179e-07 -5.783231e-02 2.530921e-01 1.183953e-07 -5.783122e-02 7.786902e-06 -4.477431e-09 -1.081517e-06
31.88          2.452010e-01 9.830808e-08 -5.578893e-02 2.451929e-01 1.064010e-07 -5.578778e-02 8.091456e-06 -8.092899e-09 -1.143074e-06
31.89          2.578340e-01 1.097417e-07 -5.839625e-02 2.578259e-01 1.192084e-07 -5.839512e-02 8.062869e-06 -9.466726e-09 -1.129363e-06
31.9           2.853013e-01 1.135451e-07 -6.430432e-02 2.852934e-01 1.217363e-07 -6.430324e-02 7.913789e-06 -8.191214e-09 -1.073307e-06
31.91          2.431587e-01 8.889315e-08 -5.452654e-02 2.431504e-01 9.854974e-08 -5.452536e-02 8.353201e-06 -9.656583e-09 -1.186900e-06
31.92          2.667176e-01 9.146029e-08 -5.948614e-02 2.667089e-01 1.024073e-07 -5.948486e-02 8.643097e-06 -1.094703e-08 -1.281408e-06
31.93          2.318992e-01 7.346005e-08 -5.142690e-02 2.318901e-01 8.701375e-08 -5.142552e-02 9.087666e-06 -1.355370e-08 -1.379108e-06
31.94          2.429346e-01 7.518720e-08 -5.355115e-02 2.429251e-01 9.206937e-08 -5.354971e-02 9.416025e-06 -1.688217e-08 -1.442953e-06
31.95          2.660992e-01 7.900945e-08 -5.828817e-02 2.660894e-01 9.945295e-08 -5.828667e-02 9.817298e-06 -2.044351e-08 -1.506349e-06
31.96          2.582058e-01 6.743679e-08 -5.618792e-02 2.581955e-01 8.996370e-08 -5.618632e-02 1.037460e-05 -2.252691e-08 -1.599086e-06
31.97          2.497136e-01 6.114695e-08 -5.396772e-02 2.497027e-01 8.628067e-08 -5.396604e-02 1.084471e-05 -2.513372e-08 -1.684427e-06
31.98          2.779734e-01 7.374622e-08 -5.964523e-02 2.779624e-01 9.953291e-08 -5.964350e-02 1.095126e-05 -2.578670e-08 -1.728723e-06
31.99          2.819744e-01 6.880152e-08 -6.005401e-02 2.819631e-01 9.544586e-08 -6.005221e-02 1.129921e-05 -2.664435e-08 -1.804534e-06
32             2.760165e-01 6.703585e-08 -5.833175e-02 2.760048e-01 9.369853e-08 -5.832987e-02 1.168782e-05 -2.666268e-08 -1.881865e-06
32.01          2.919615e-01 7.636023e-08 -6.120682e-02 2.919499e-01 1.014580e-07 -6.120496e-02 1.163571e-05 -2.509773e-08 -1.856696e-06
32.02          3.036778e-01 7.678980e-08 -6.313354e-02 3.036660e-01 9.987726e-08 -6.313166e-02 1.179278e-05 -2.308746e-08 -1.880417e-06
32.03          2.927668e-01 6.818870e-08 -6.034154e-02 2.927546e-01 9.054558e-08 -6.033959e-02 1.220480e-05 -2.235688e-08 -1.952066e-06
32.04          3.175799e-01 7.421276e-08 -6.487226e-02 3.175675e-01 9.435393e-08 -6.487028e-02 1.234232e-05 -2.014116e-08 -1.981586e-06
32.05          2.809394e-01 5.652591e-08 -5.686028e-02 2.809264e-01 7.706916e-08 -5.685818e-02 1.296721e-05 -2.054325e-08 -2.096477e-06
32.06          3.543606e-01 7.687601e-08 -7.103544e-02 3.543481e-01 9.298878e-08 -7.103345e-02 1.251189e-05 -1.611277e-08 -1.988947e-06
32.07          3.196352e-01 5.722625e-08 -6.344618e-02 3.196224e-01 7.169412e-08 -6.344412e-02 1.278909e-05 -1.446787e-08 -2.053854e-06
32.08          3.021587e-01 5.969833e-08 -5.937034e-02 3.021448e-01 8.001322e-08 -5.936809e-02 1.386581e-05 -2.031489e-08 -2.252178e-06
32.09          3.034117e-01 4.807752e-08 -5.899443e-02 3.033973e-01 6.909385e-08 -5.899206e-02 1.437250e-05 -2.101633e-08 -2.364509e-06
32.1           3.371992e-01 4.717250e-08 -6.485808e-02 3.371847e-01 6.713499e-08 -6.485571e-02 1.448843e-05 -1.996249e-08 -2.366938e-06
32.11          3.353179e-01 3.317699e-08 -6.378287e-02 3.353031e-01 5.222109e-08 -6.378048e-02 1.470963e-05 -1.904410e-08 -2.389930e-06
32.12          3.236630e-01 5.137221e-08 -6.086580e-02 3.236476e-01 7.533776e-08 -6.086327e-02 1.544730e-05 -2.396555e-08 -2.522891e-06
32.13          3.385901e-01 3.879588e-08 -6.292733e-02 3.385744e-01 6.193165e-08 -6.292477e-02 1.564632e-05 -2.313577e-08 -2.553888e-06
32.14          3.498547e-01 2.860953e-08 -6.423876e-02 3.498385e-01 5.214597e-08 -6.423612e-02 1.625558e-05 -2.353644e-08 -2.646403e-06
32.15          3.254205e-01 9.632247e-09 -5.901526e-02 3.254038e-01 3.313220e-08 -5.901259e-02 1.664415e-05 -2.349995e-08 -2.667467e-06
32.16          3.389831e-01 8.132637e-09 -6.069474e-02 3.389661e-01 3.175534e-08 -6.069202e-02 1.701653e-05 -2.362270e-08 -2.717556e-06
32.17          3.649109e-01 3.698506e-09 -6.448585e-02 3.648938e-01 2.619349e-08 -6.448316e-02 1.705424e-05 -2.249498e-08 -2.685953e-06
32.18          3.755102e-01 -5.484717e-09 -6.547345e-02 3.754929e-01 1.556715e-08 -6.547074e-02 1.735166e-05 -2.105186e-08 -2.705166e-06
32.19          3.534746e-01 -1.489176e-08 -6.078983e-02 3.534569e-01 5.588519e-09 -6.078709e-02 1.773598e-05 -2.048028e-08 -2.738503e-06
32.2           3.633265e-01 -2.781765e-08 -6.160789e-02 3.633087e-01 -9.706313e-09 -6.160519e-02 1.776588e-05 -1.811134e-08 -2.694040e-06
32.21          3.819772e-01 -3.279569e-08 -6.383886e-02 3.819591e-01 -1.487123e-08 -6.383613e-02 1.813952e-05 -1.792446e-08 -2.729658e-06
32.22          3.915964e-01 -4.062276e-08 -6.448262e-02 3.915779e-01 -2.414990e-08 -6.447985e-02 1.848684e-05 -1.647286e-08 -2.762553e-06
32.23          3.780901e-01 -4.282155e-08 -6.132052e-02 3.780713e-01 -2.650132e-08 -6.131775e-02 1.882996e-05 -1.632024e-08 -2.771431e-06
32.24          3.905777e-01 -3.491914e-08 -6.236662e-02 3.905589e-01 -2.123919e-08 -6.236387e-02 1.877277e-05 -1.367995e-08 -2.747660e-06
32.25          4.307059e-01 8.438544e-10 -6.768394e-02 4.306874e-01 1.379676e-08 -6.768132e-02 1.846323e-05 -1.295291e-08 -2.611097e-06
32.26          4.170018e-01 3.210865e-08 -6.446821e-02 4.169829e-01 4.678760e-08 -6.446561e-02 1.884251e-05 -1.467895e-08 -2.599837e-06
32.27          4.040576e-01 5.580038e-08 -6.143129e-02 4.040384e-01 7.132440e-08 -6.142867e-02 1.919217e-05 -1.552402e-08 -2.618530e-06
32.28          4.019001e-01 6.884917e-08 -6.006559e-02 4.018803e-01 8.469319e-08 -6.006295e-02 1.974065e-05 -1.584402e-08 -2.646616e-06
32.29          3.918968e-01 7.265340e-08 -5.755230e-02 3.918765e-01 9.052120e-08 -5.754962e-02 2.031127e-05 -1.786780e-08 -2.677100e-06
32.3           4.018903e-01 7.298837e-08 -5.796900e-02 4.018697e-01 9.083709e-08 -5.796631e-02 2.056855e-05 -1.784872e-08 -2.696555e-06
32.31          4.042543e-01 7.360706e-08 -5.724844e-02 4.042334e-01 9.091818e-08 -5.724572e-02 2.087469e-05 -1.731112e-08 -2.720592e-06
32.32          3.999988e-01 6.989432e-08 -5.559141e-02 3.999776e-01 8.697952e-08 -5.558866e-02 2.121775e-05 -1.708520e-08 -2.751820e-06
32.33          4.082186e-01 8.551891e-08 -5.565305e-02 4.081974e-01 1.013512e-07 -5.565035e-02 2.118002e-05 -1.583233e-08 -2.696960e-06
32.34          4.145183e-01 8.678174e-08 -5.541196e-02 4.144970e-01 1.010858e-07 -5.540926e-02 2.136290e-05 -1.430404e-08 -2.705715e-06
32.35          3.999754e-01 8.406879e-08 -5.240434e-02 3.999538e-01 9.879817e-08 -5.240170e-02 2.159810e-05 -1.472938e-08 -2.631391e-06
32.36          4.377957e-01 1.082178e-07 -5.619129e-02 4.377747e-01 1.169478e-07 -5.618882e-02 2.095348e-05 -8.730058e-09 -2.468362e-06
32.37          4.728638e-01 1.303726e-07 -5.942909e-02 4.728431e-01 1.380393e-07 -5.942676e-02 2.070179e-05 -7.666664e-09 -2.336239e-06
32.38          4.357151e-01 9.206963e-08 -5.359844e-02 4.356942e-01 9.623374e-08 -5.359618e-02 2.080421e-05 -4.164106e-09 -2.261770e-06
32.39          4.076988e-01 8.311047e-08 -4.906359e-02 4.076771e-01 8.758767e-08 -4.906129e-02 2.165172e-05 -4.477193e-09 -2.300948e-06
32.4           4.363464e-01 1.006749e-07 -5.134284e-02 4.363248e-01 1.052457e-07 -5.134057e-02 2.158587e-05 -4.570778e-09 -2.269912e-06
32.41          4.001621e-01 9.044481e-08 -4.601647e-02 4.001402e-01 9.552981e-08 -4.601422e-02 2.185294e-05 -5.084996e-09 -2.245356e-06
32.42          4.311519e-01 1.042146e-07 -4.842637e-02 4.311301e-01 1.109639e-07 -4.842412e-02 2.176752e-05 -6.749294e-09 -2.248133e-06
32.43          4.183630e-01 1.008176e-07 -4.587321e-02 4.183408e-01 1.091856e-07 -4.587096e-02 2.211913e-05 -8.368001e-09 -2.250482e-06
32.44          4.260042e-01 1.127597e-07 -4.557418e-02 4.259825e-01 1.207708e-07 -4.557203e-02 2.172106e-05 -8.011094e-09 -2.146957e-06
32.45          3.955952e-01 9.996359e-08 -4.126869e-02 3.955732e-01 1.086444e-07 -4.126662e-02 2.202192e-05 -8.680802e-09 -2.065754e-06
32.46          3.898827e-01 9.538444e-08 -3.963736e-02 3.898605e-01 1.052009e-07 -3.963533e-02 2.214492e-05 -9.816435e-09 -2.024718e-06
32.47          4.024786e-01 9.968763e-08 -3.985202e-02 4.024564e-01 1.103001e-07 -3.985004e-02 2.219639e-05 -1.061246e-08 -1.976524e-06
32.48          3.578796e-01 8.885626e-08 -3.449374e-02 3.578570e-01 1.010971e-07 -3.449173e-02 2.260655e-05 -1.224081e-08 -2.013055e-06
32.49          3.516329e-01 9.750725e-08 -3.296706e-02 3.516102e-01 1.122639e-07 -3.296504e-02 2.270226e-05 -1.475665e-08 -2.023495e-06
32.5           3.397599e-01 7.877658e-08 -3.096388e-02 3.397371e-01 9.547757e-08 -3.096186e-02 2.283572e-05 -1.670099e-08 -2.017986e-06
32.51          3.316028e-01 1.041264e-07 -2.935749e-02 3.315800e-01 1.220309e-07 -2.935550e-02 2.282260e-05 -1.790448e-08 -1.995930e-06
32.52          4.045119e-01 1.417184e-07 -3.476071e-02 4.044903e-01 1.596455e-07 -3.475887e-02 2.162817e-05 -1.792719e-08 -1.840000e-06
32.53          3.155832e-01 1.045253e-07 -2.630887e-02 3.155612e-01 1.231459e-07 -2.630707e-02 2.200428e-05 -1.862053e-08 -1.798998e-06
32.54          3.246196e-01 1.116738e-07 -2.623030e-02 3.245977e-01 1.310235e-07 -2.622855e-02 2.191051e-05 -1.934964e-08 -1.756495e-06
32.55          3.257320e-01 1.100453e-07 -2.549247e-02 3.257102e-01 1.298958e-07 -2.549076e-02 2.177618e-05 -1.985056e-08 -1.705878e-06
32.56          3.686200e-01 1.181919e-07 -2.791733e-02 3.685991e-01 1.368585e-07 -2.791580e-02 2.086394e-05 -1.866656e-08 -1.533788e-06
32.57          3.196422e-01 1.018042e-07 -2.341053e-02 3.196216e-01 1.202841e-07 -2.340910e-02 2.064001e-05 -1.847998e-08 -1.432297e-06
32.58          3.696055e-01 1.129376e-07 -2.615144e-02 3.695855e-01 1.313024e-07 -2.615014e-02 2.000762e-05 -1.836478e-08 -1.306274e-06
32.59          3.348932e-01 8.854952e-08 -2.287426e-02 3.348733e-01 1.059928e-07 -2.287308e-02 1.983943e-05 -1.744324e-08 -1.176825e-06
32.6           2.806738e-01 7.920313e-08 -1.849111e-02 2.806537e-01 9.724630e-08 -1.848990e-02 2.014406e-05 -1.804317e-08 -1.207709e-06
32.61          2.745606e-01 6.804793e-08 -1.742777e-02 2.745404e-01 8.727982e-08 -1.742654e-02 2.023179e-05 -1.923189e-08 -1.222556e-06
32.62          3.123169e-01 9.003875e-08 -1.907903e-02 3.122978e-01 1.091037e-07 -1.907796e-02 1.909121e-05 -1.906492e-08 -1.071043e-06
32.63          2.727530e-01 8.060234e-08 -1.602100e-02 2.727336e-01 1.026316e-07 -1.601990e-02 1.939836e-05 -2.202922e-08 -1.099987e-06
32.64          2.840338e-01 7.998945e-08 -1.602270e-02 2.840154e-01 9.991115e-08 -1.602172e-02 1.832627e-05 -1.992170e-08 -9.853243e-07
32.65          2.212879e-01 6.047903e-08 -1.197761e-02 2.212694e-01 8.153369e-08 -1.197660e-02 1.858742e-05 -2.105466e-08 -1.009346e-06
32.66          2.007450e-01 5.224744e-08 -1.041212e-02 2.007262e-01 7.444366e-08 -1.041108e-02 1.873775e-05 -2.219621e-08 -1.040985e-06
32.67          2.795429e-01 7.546806e-08 -1.387095e-02 2.795254e-01 9.767371e-08 -1.387003e-02 1.750334e-05 -2.220565e-08 -9.188416e-07
32.68          2.526339e-01 6.654435e-08 -1.198155e-02 2.526173e-01 8.749509e-08 -1.198078e-02 1.657400e-05 -2.095074e-08 -7.740087e-07
32.69          2.410405e-01 5.827006e-08 -1.091135e-02 2.410244e-01 7.839835e-08 -1.091065e-02 1.603959e-05 -2.012828e-08 -6.990099e-07
32.7           2.514961e-01 5.562396e-08 -1.084948e-02 2.514808e-01 7.607593e-08 -1.084888e-02 1.531232e-05 -2.045197e-08 -6.026675e-07
32.71          2.586840e-01 5.699381e-08 -1.061945e-02 2.586695e-01 7.568575e-08 -1.061894e-02 1.453401e-05 -1.869194e-08 -5.159845e-07
32.72          2.356677e-01 5.312247e-08 -9.192183e-03 2.356539e-01 7.104187e-08 -9.191757e-03 1.385718e-05 -1.791941e-08 -4.257498e-07
32.73          2.033101e-01 4.355468e-08 -7.522054e-03 2.032964e-01 6.125711e-08 -7.521638e-03 1.365835e-05 -1.770243e-08 -4.155319e-07
32.74          1.746323e-01 3.678366e-08 -6.117828e-03 1.746185e-01 5.477946e-08 -6.117378e-03 1.383365e-05 -1.799580e-08 -4.498230e-07
32.75          1.711205e-01 3.819813e-08 -5.664213e-03 1.711069e-01 5.692409e-08 -5.663761e-03 1.356789e-05 -1.872596e-08 -4.524785e-07
32.76          2.287993e-01 6.144704e-08 -7.138085e-03 2.287870e-01 7.873305e-08 -7.137712e-03 1.229670e-05 -1.728601e-08 -3.730742e-07
32.77          2.024997e-01 4.786233e-08 -5.942823e-03 2.024881e-01 6.530404e-08 -5.942554e-03 1.155256e-05 -1.744171e-08 -2.689487e-07
32.78          1.906151e-01 4.832205e-08 -5.248760e-03 1.906044e-01 6.606389e-08 -5.248572e-03 1.065972e-05 -1.774184e-08 -1.881793e-07
32.79          1.629545e-01 3.897142e-08 -4.199986e-03 1.629446e-01 5.678163e-08 -4.199863e-03 9.896448e-06 -1.781021e-08 -1.233195e-07
32.8           1.938525e-01 4.626391e-08 -4.662786e-03 1.938435e-01 6.372284e-08 -4.662743e-03 9.012650e-06 -1.745893e-08 -4.273629e-08
32.81          1.687300e-01 4.092870e-08 -3.778384e-03 1.687214e-01 5.764270e-08 -3.778385e-03 8.676353e-06 -1.671400e-08 1.545424e-09
32.82          1.611793e-01 3.993459e-08 -3.349105e-03 1.611712e-01 5.674362e-08 -3.349139e-03 8.102617e-06 -1.680904e-08 3.439786e-08
32.83          1.528629e-01 4.055523e-08 -2.937326e-03 1.528553e-01 5.744464e-08 -2.937379e-03 7.629179e-06 -1.688941e-08 5.296816e-08
32.84          1.644607e-01 4.504325e-08 -2.911081e-03 1.644538e-01 6.210252e-08 -2.911178e-03 6.956798e-06 -1.705927e-08 9.650359e-08
32.85          1.495782e-01 4.221880e-08 -2.429589e-03 1.495718e-01 6.001613e-08 -2.429724e-03 6.410861e-06 -1.779733e-08 1.348570e-07
32.86          1.511441e-01 4.413120e-08 -2.242255e-03 1.511382e-01 6.314602e-08 -2.242422e-03 5.850897e-06 -1.901481e-08 1.672853e-07
32.87          1.472920e-01 4.293700e-08 -1.985923e-03 1.472867e-01 6.409112e-08 -1.986129e-03 5.298086e-06 -2.115412e-08 2.065386e-07
32.88          1.279063e-01 3.797051e-08 -1.558709e-03 1.279013e-01 6.022902e-08 -1.558946e-03 4.988353e-06 -2.225851e-08 2.362207e-07
32.89          1.381770e-01 4.318476e-08 -1.511479e-03 1.381724e-01 6.849463e-08 -1.511767e-03 4.525221e-06 -2.530987e-08 2.886421e-07
32.9           1.366634e-01 4.314154e-08 -1.332281e-03 1.366593e-01 7.149400e-08 -1.332626e-03 4.117131e-06 -2.835246e-08 3.451665e-07
32.91          1.333480e-01 4.436129e-08 -1.148594e-03 1.333442e-01 7.719619e-08 -1.149025e-03 3.749340e-06 -3.283490e-08 4.311191e-07
32.92          1.273730e-01 4.289382e-08 -9.594476e-04 1.273695e-01 8.010969e-08 -9.599495e-04 3.512837e-06 -3.721587e-08 5.018838e-07
32.93          1.254470e-01 4.235919e-08 -8.162507e-04 1.254436e-01 8.319886e-08 -8.167957e-04 3.393174e-06 -4.083968e-08 5.450115e-07
32.94          1.186496e-01 4.817570e-08 -6.572688e-04 1.186463e-01 8.947958e-08 -6.578265e-04 3.356960e-06 -4.130388e-08 5.577240e-07
32.95          1.146108e-01 4.908414e-08 -5.309150e-04 1.146074e-01 9.036271e-08 -5.314795e-04 3.406154e-06 -4.127857e-08 5.645559e-07
32.96          1.211412e-01 5.432748e-08 -4.584292e-04 1.211375e-01 9.487583e-08 -4.590264e-04 3.729493e-06 -4.054835e-08 5.972354e-07
32.97          1.077048e-01 5.858235e-08 -3.233934e-04 1.077008e-01 9.580980e-08 -3.239951e-04 4.019317e-06 -3.722745e-08 6.016349e-07
32.98          1.052063e-01 6.412654e-08 -2.399509e-04 1.052020e-01 9.594080e-08 -2.405351e-04 4.315119e-06 -3.181427e-08 5.842039e-07
32.99          1.231994e-01 8.114671e-08 -1.992423e-04 1.231942e-01 1.058136e-07 -1.998303e-04 5.144437e-06 -2.466693e-08 5.879749e-07
33             1.022050e-01 7.761620e-08 -1.055126e-04 1.021994e-01 9.610233e-08 -1.060466e-04 5.668082e-06 -1.848613e-08 5.340320e-07
33.01          1.045099e-01 8.998580e-08 -5.171449e-05 1.045037e-01 9.842986e-08 -5.226228e-05 6.187844e-06 -8.444059e-09 5.477913e-07
33.02          9.901044e-02 9.777022e-08 -3.250082e-06 9.900378e-02 9.449379e-08 -3.789382e-06 6.659841e-06 3.276429e-09 5.393000e-07
33.03          7.815950e-02 1.113444e-07 2.761287e-05 7.815263e-02 9.605160e-08 2.710499e-05 6.873002e-06 1.529285e-08 5.078814e-07
33.04          1.076992e-01 1.109082e-07 7.626966e-05 1.076913e-01 8.450840e-08 7.579673e-05 7.933115e-06 2.639981e-08 4.729300e-07
33.05          6.224708e-02 1.254754e-07 5.859503e-05 6.223910e-02 8.830046e-08 5.815232e-05 7.980212e-06 3.717493e-08 4.427134e-07
33.06          7.475695e-02 1.284656e-07 8.738249e-05 7.474843e-02 8.245661e-08 8.695915e-05 8.525038e-06 4.600896e-08 4.233425e-07
33.07          9.661818e-02 1.306141e-07 1.284528e-04 9.660849e-02 7.683917e-08 1.280786e-04 9.692047e-06 5.377495e-08 3.742224e-07
33.08          1.005738e-01 1.250925e-07 1.420887e-04 1.005630e-01 6.536853e-08 1.417584e-04 1.079022e-05 5.972400e-08 3.302532e-07
33.09          7.729852e-02 1.205418e-07 1.088719e-04 7.728709e-02 5.667053e-08 1.085797e-04 1.142736e-05 6.387128e-08 2.921425e-07
33.1           7.944391e-02 1.204481e-07 1.078749e-04 7.943179e-02 5.421466e-08 1.076471e-04 1.211550e-05 6.623340e-08 2.278134e-07
33.11          7.289548e-02 1.166775e-07 9.026468e-05 7.288285e-02 4.911746e-08 9.003846e-05 1.263710e-05 6.756001e-08 2.262208e-07
33.12          6.907020e-02 1.186493e-07 7.260965e-05 6.905689e-02 5.059287e-08 7.240467e-05 1.330509e-05 6.805647e-08 2.049829e-07
33.13          7.172481e-02 1.183227e-07 5.801174e-05 7.171072e-02 5.072371e-08 5.783677e-05 1.409118e-05 6.759898e-08 1.749763e-07
33.14          5.158351e-02 1.081483e-07 2.358219e-05 5.156904e-02 4.298871e-08 2.343209e-05 1.446599e-05 6.515959e-08 1.500960e-07
33.15          5.331910e-02 1.095877e-07 4.570158e-06 5.330390e-02 4.786376e-08 4.458733e-06 1.519464e-05 6.172398e-08 1.114251e-07
33.16          2.675231e-02 9.730089e-08 -1.363311e-05 2.673674e-02 3.923838e-08 -1.373056e-05 1.556229e-05 5.806251e-08 9.745483e-08
33.17          3.368127e-02 9.274680e-08 -3.207441e-05 3.366503e-02 4.162145e-08 -3.212955e-05 1.623979e-05 5.112534e-08 5.513606e-08
33.18          3.588535e-02 9.222041e-08 -5.422665e-05 3.586855e-02 4.595509e-08 -5.425032e-05 1.680198e-05 4.626532e-08 2.366377e-08
33.19          -1.218944e-02 9.012861e-08 1.416571e-05 -1.220599e-02 5.162908e-08 1.416978e-05 1.654404e-05 3.849953e-08 -4.067709e-09
33.2           1.106932e-05 8.463481e-08 -9.090816e-06 -5.694878e-06 5.205801e-08 -9.068155e-06 1.676420e-05 3.257679e-08 -2.266118e-08
33.21          -7.497103e-03 8.116541e-08 1.586301e-05 -7.514062e-03 5.425032e-08 1.588693e-05 1.695925e-05 2.691508e-08 -2.392035e-08
33.22          -2.660492e-02 8.815193e-08 1.011254e-04 -2.662203e-02 6.641630e-08 1.011548e-04 1.711531e-05 2.173563e-08 -2.937827e-08
33.23          -1.888686e-02 6.712017e-08 8.568362e-05 -1.890439e-02 5.168164e-08 8.571383e-05 1.753195e-05 1.543853e-08 -3.021704e-08
33.24          -3.425508e-02 7.908782e-08 1.952210e-04 -3.427293e-02 6.798891e-08 1.952461e-04 1.784789e-05 1.109891e-08 -2.504028e-08
33.25          -4.826799e-02 6.982808e-08 3.277253e-04 -4.828610e-02 6.290813e-08 3.277459e-04 1.810824e-05 6.919954e-09 -2.051385e-08
33.26          -1.581126e-02 6.517957e-08 1.168751e-04 -1.583020e-02 6.173220e-08 1.169138e-04 1.894020e-05 3.447373e-09 -3.869699e-08
33.27          2.885565e-02 6.047640e-08 -2.767060e-04 2.883537e-02 5.969093e-08 -2.765935e-04 2.027750e-05 7.854714e-10 -1.125605e-07
33.28          -6.039978e-02 1.727221e-08 6.167831e-04 -6.041962e-02 1.980589e-08 6.169073e-04 1.984009e-05 -2.533680e-09 -1.242698e-07
33.29          -3.270078e-02 1.709674e-08 3.693985e-04 -3.272099e-02 2.331911e-08 3.695369e-04 2.021086e-05 -6.222375e-09 -1.383659e-07
33.3           -2.720029e-02 2.539437e-08 3.403396e-04 -2.722103e-02 3.313347e-08 3.405213e-04 2.073780e-05 -7.739101e-09 -1.817234e-07
33.31          -3.533793e-02 3.214131e-09 4.935755e-04 -3.535892e-02 1.343861e-08 4.937803e-04 2.098993e-05 -1.022448e-08 -2.048790e-07
33.32          -4.049528e-02 -2.991572e-09 6.241141e-04 -4.051653e-02 7.887558e-09 6.243759e-04 2.124089e-05 -1.087913e-08 -2.617993e-07
33.33          -4.438332e-02 -2.859833e-08 7.502514e-04 -4.440472e-02 -1.670639e-08 7.505422e-04 2.139806e-05 -1.189194e-08 -2.907981e-07
33.34          -4.745868e-02 -4.339006e-08 8.749937e-04 -4.748031e-02 -3.067237e-08 8.753123e-04 2.163564e-05 -1.271770e-08 -3.186629e-07
33.35          -3.758450e-02 -5.609203e-08 7.491321e-04 -3.760649e-02 -4.253732e-08 7.494768e-04 2.199446e-05 -1.355471e-08 -3.446405e-07
33.36          -5.308363e-02 -7.099302e-08 1.149233e-03 -5.310574e-02 -5.668710e-08 1.149618e-03 2.210992e-05 -1.430591e-08 -3.854388e-07
33.37          -6.310819e-02 -7.218015e-08 1.473886e-03 -6.313023e-02 -5.647215e-08 1.474288e-03 2.203344e-05 -1.570800e-08 -4.015402e-07
33.38          -7.419702e-02 -7.186607e-08 1.862597e-03 -7.421901e-02 -5.446401e-08 1.862994e-03 2.198771e-05 -1.740206e-08 -3.965073e-07
33.39          -6.507052e-02 -7.220350e-08 1.746701e-03 -6.509260e-02 -5.305231e-08 1.747092e-03 2.208346e-05 -1.915119e-08 -3.911468e-07
33.4           -5.642140e-02 -7.055445e-08 1.614998e-03 -5.644380e-02 -5.086433e-08 1.615392e-03 2.240174e-05 -1.969012e-08 -3.941631e-07
33.41          -7.285604e-02 -8.214482e-08 2.224563e-03 -7.287836e-02 -6.247082e-08 2.224962e-03 2.232347e-05 -1.967400e-08 -3.998728e-07
33.42          -7.008276e-02 -7.593431e-08 2.272685e-03 -7.010530e-02 -5.690034e-08 2.273122e-03 2.254303e-05 -1.903397e-08 -4.369344e-07
33.43          -6.972786e-02 -7.311036e-08 2.396735e-03 -6.975049e-02 -5.498643e-08 2.397192e-03 2.263077e-05 -1.812393e-08 -4.568076e-07
33.44          -8.443567e-02 -8.339945e-08 3.073042e-03 -8.445810e-02 -6.636395e-08 3.073489e-03 2.243843e-05 -1.703550e-08 -4.476041e-07
33.45          -4.246026e-02 -6.187035e-08 1.625093e-03 -4.248329e-02 -4.589101e-08 1.625612e-03 2.303507e-05 -1.597934e-08 -5.181291e-07
33.46          -8.461843e-02 -8.864066e-08 3.426665e-03 -8.464138e-02 -7.251435e-08 3.427238e-03 2.294769e-05 -1.612631e-08 -5.732218e-07
33.47          -6.923089e-02 -7.348285e-08 2.947513e-03 -6.925392e-02 -5.898673e-08 2.948069e-03 2.302420e-05 -1.449613e-08 -5.565388e-07
33.48          -7.998455e-02 -9.456347e-08 3.579146e-03 -8.000745e-02 -8.097901e-08 3.579754e-03 2.289333e-05 -1.358446e-08 -6.079868e-07
33.49          -7.640135e-02 -9.584662e-08 3.585269e-03 -7.642407e-02 -8.365686e-08 3.585886e-03 2.271870e-05 -1.218976e-08 -6.170860e-07
33.5           -1.206582e-01 -1.610810e-07 5.938165e-03 -1.206800e-01 -1.485536e-07 5.938724e-03 2.180417e-05 -1.252733e-08 -5.598355e-07
33.51          -3.912792e-02 -8.913092e-08 2.005370e-03 -3.915038e-02 -7.729052e-08 2.006001e-03 2.246063e-05 -1.184040e-08 -6.304221e-07
33.52          -2.018363e-02 -7.222321e-08 1.074615e-03 -2.020660e-02 -6.138638e-08 1.075353e-03 2.297391e-05 -1.083683e-08 -7.375007e-07
33.53          -4.321510e-02 -8.583104e-08 2.416024e-03 -4.323791e-02 -7.679279e-08 2.416817e-03 2.281054e-05 -9.038253e-09 -7.932047e-07
33.54          -6.638737e-02 -1.005684e-07 3.874718e-03 -6.640982e-02 -9.230671e-08 3.875574e-03 2.244837e-05 -8.261725e-09 -8.559514e-07
33.55          -6.058294e-02 -1.058410e-07 3.679859e-03 -6.060490e-02 -9.850654e-08 3.680686e-03 2.196041e-05 -7.334435e-09 -8.272647e-07
33.56          -8.784965e-02 -1.464206e-07 5.553559e-03 -8.787083e-02 -1.374061e-07 5.554359e-03 2.118036e-05 -9.014555e-09 -8.005901e-07
33.57          -4.200200e-03 -5.788775e-08 2.639247e-04 -4.222339e-03 -5.011658e-08 2.648705e-04 2.213905e-05 -7.771169e-09 -9.457691e-07
33.58          6.922644e-03 -6.108224e-08 -4.845169e-04 6.900072e-03 -5.447137e-08 -4.834356e-04 2.257192e-05 -6.610862e-09 -1.081314e-06
33.59          -4.228099e-02 -9.625065e-08 2.979943e-03 -4.230298e-02 -9.212449e-08 2.981046e-03 2.198297e-05 -4.126162e-09 -1.103089e-06
33.6           -8.408208e-02 -1.614376e-07 6.149597e-03 -8.410292e-02 -1.586318e-07 6.150619e-03 2.083272e-05 -2.805741e-09 -1.021752e-06
33.61          1.214369e-02 -5.200212e-08 -9.320283e-04 1.212213e-02 -5.168318e-08 -9.308885e-04 2.155670e-05 -3.189484e-10 -1.139826e-06
33.62          -2.632169e-02 -5.835426e-08 2.051299e-03 -2.634281e-02 -5.977458e-08 2.052444e-03 2.112294e-05 1.420314e-09 -1.144607e-06
33.63          2.589007e-02 6.346389e-10 -2.106661e-03 2.586842e-02 -1.246718e-09 -2.105362e-03 2.164526e-05 1.881357e-09 -1.298488e-06
33.64          2.737540e-03 9.103791e-09 -2.398349e-04 2.716168e-03 6.087203e-09 -2.384638e-04 2.137187e-05 3.016588e-09 -1.371140e-06
33.65          3.413467e-02 4.237699e-08 -2.950916e-03 3.411320e-02 3.779281e-08 -2.949447e-03 2.146327e-05 4.584183e-09 -1.469294e-06
33.66          2.049752e-02 4.857224e-08 -1.829811e-03 2.047641e-02 4.130516e-08 -1.828284e-03 2.110308e-05 7.267078e-09 -1.526261e-06
33.67          4.579369e-02 9.366210e-08 -4.195897e-03 4.577257e-02 8.664153e-08 -4.194286e-03 2.112186e-05 7.020565e-09 -1.610778e-06
33.68          -7.981667e-03 5.978296e-08 7.406078e-04 -8.001681e-03 5.082275e-08 7.421315e-04 2.001409e-05 8.960218e-09 -1.523684e-06
33.69          2.224555e-02 1.065743e-07 -2.161925e-03 2.222559e-02 9.865155e-08 -2.160328e-03 1.995690e-05 7.922755e-09 -1.597291e-06
33.7           1.228793e-03 8.111789e-08 -1.318582e-04 1.209480e-03 7.241388e-08 -1.303153e-04 1.931352e-05 8.704012e-09 -1.542931e-06
33.71          -1.286923e-03 9.504704e-08 1.216635e-04 -1.305534e-03 8.410467e-08 1.231725e-04 1.861127e-05 1.094237e-08 -1.509041e-06
33.72          2.677739e-02 1.363724e-07 -2.815245e-03 2.675901e-02 1.256060e-07 -2.813734e-03 1.838758e-05 1.076633e-08 -1.511482e-06
33.73          2.510011e-02 1.334613e-07 -2.707139e-03 2.508214e-02 1.217102e-07 -2.705616e-03 1.796081e-05 1.175114e-08 -1.522298e-06
33.74          1.831668e-02 1.176873e-07 -2.027694e-03 1.829919e-02 1.043728e-07 -2.026117e-03 1.748469e-05 1.331451e-08 -1.576962e-06
33.75          5.045383e-02 1.825233e-07 -5.704802e-03 5.043622e-02 1.670814e-07 -5.703154e-03 1.760715e-05 1.544195e-08 -1.648392e-06
33.76          3.745647e-02 1.328870e-07 -4.338775e-03 3.743934e-02 1.170691e-07 -4.337157e-03 1.713907e-05 1.581795e-08 -1.618294e-06
33.77          1.802293e-02 8.004954e-08 -2.141095e-03 1.800648e-02 6.472549e-08 -2.139508e-03 1.644868e-05 1.532405e-08 -1.586291e-06
33.78          4.984730e-02 1.279742e-07 -6.041431e-03 4.983124e-02 1.122843e-07 -6.039892e-03 1.606152e-05 1.568989e-08 -1.538886e-06
33.79          3.975622e-02 8.968459e-08 -4.927790e-03 3.974060e-02 7.565090e-08 -4.926242e-03 1.562035e-05 1.403369e-08 -1.548128e-06
33.8           6.878297e-02 1.304866e-07 -8.705814e-03 6.876752e-02 1.164817e-07 -8.704253e-03 1.544530e-05 1.400487e-08 -1.560677e-06
33.81          9.091601e-02 1.974984e-07 -1.175075e-02 9.090021e-02 1.845649e-07 -1.174902e-02 1.579253e-05 1.293345e-08 -1.729697e-06
33.82          6.814334e-02 1.206534e-07 -8.992917e-03 6.812820e-02 1.078628e-07 -8.991210e-03 1.514354e-05 1.279054e-08 -1.706910e-06
33.83          6.818123e-02 9.375181e-08 -9.181485e-03 6.816681e-02 8.071282e-08 -9.179810e-03 1.441487e-05 1.303899e-08 -1.674549e-06
33.84          8.024217e-02 1.101075e-07 -1.101990e-02 8.022796e-02 9.709373e-08 -1.101820e-02 1.420409e-05 1.301376e-08 -1.700123e-06
33.85          7.510564e-02 5.433022e-08 -1.051566e-02 7.509200e-02 4.216830e-08 -1.051402e-02 1.364171e-05 1.216192e-08 -1.632174e-06
33.86          9.282580e-02 4.906083e-08 -1.324254e-02 9.281224e-02 3.881162e-08 -1.324087e-02 1.355921e-05 1.024921e-08 -1.666979e-06
33.87          8.152174e-02 9.241215e-09 -1.184705e-02 8.150867e-02 -4.017098e-10 -1.184541e-02 1.306217e-05 9.642925e-09 -1.638696e-06
33.88          1.052666e-01 3.050346e-08 -1.557425e-02 1.052539e-01 2.110421e-08 -1.557262e-02 1.268239e-05 9.399244e-09 -1.622718e-06
33.89          8.079964e-02 1.613930e-08 -1.216857e-02 8.078771e-02 6.707883e-09 -1.216702e-02 1.192248e-05 9.431420e-09 -1.549581e-06
33.9           1.039144e-01 7.052567e-08 -1.591982e-02 1.039027e-01 6.102938e-08 -1.591826e-02 1.170388e-05 9.496292e-09 -1.557882e-06
33.91          9.098196e-02 4.676847e-08 -1.417562e-02 9.097094e-02 3.794415e-08 -1.417413e-02 1.102665e-05 8.824325e-09 -1.483445e-06
33.92          1.032004e-01 4.139942e-08 -1.634434e-02 1.031898e-01 3.365752e-08 -1.634292e-02 1.057973e-05 7.741899e-09 -1.415153e-06
33.93          9.754466e-02 4.552373e-08 -1.569864e-02 9.753430e-02 3.799918e-08 -1.569723e-02 1.035465e-05 7.524554e-09 -1.409605e-06
33.94          1.182797e-01 6.420017e-09 -1.933506e-02 1.182699e-01 -7.259715e-10 -1.933374e-02 9.717639e-06 7.145988e-09 -1.320176e-06
33.95          1.015666e-01 1.921729e-08 -1.685904e-02 1.015569e-01 1.337559e-08 -1.685771e-02 9.680877e-06 5.841701e-09 -1.326335e-06
33.96          1.604669e-01 4.735015e-08 -2.703260e-02 1.604572e-01 4.161187e-08 -2.703120e-02 9.753990e-06 5.738277e-09 -1.397122e-06
33.97          1.338156e-01 4.178162e-08 -2.287376e-02 1.338060e-01 3.451156e-08 -2.287234e-02 9.619032e-06 7.270062e-09 -1.425273e-06
33.98          1.571001e-01 4.813700e-08 -2.723680e-02 1.570908e-01 4.012942e-08 -2.723539e-02 9.295181e-06 8.007578e-09 -1.409135e-06
33.99          1.336057e-01 3.415087e-08 -2.348604e-02 1.335969e-01 2.552329e-08 -2.348470e-02 8.856208e-06 8.627582e-09 -1.339792e-06
34             1.409750e-01 5.168082e-08 -2.511590e-02 1.409664e-01 4.234852e-08 -2.511461e-02 8.575509e-06 9.332306e-09 -1.286755e-06
34.01          1.246712e-01 1.044555e-08 -2.250418e-02 1.246633e-01 2.670957e-09 -2.250302e-02 7.856675e-06 7.774589e-09 -1.161511e-06
34.02          1.573265e-01 5.523449e-08 -2.876144e-02 1.573188e-01 4.648026e-08 -2.876030e-02 7.670012e-06 8.754229e-09 -1.132109e-06
34.03          1.493413e-01 4.758774e-08 -2.764211e-02 1.493339e-01 3.845142e-08 -2.764102e-02 7.342512e-06 9.136327e-09 -1.088526e-06
34.04          1.495176e-01 5.015853e-08 -2.800992e-02 1.495105e-01 3.967487e-08 -2.800887e-02 7.113573e-06 1.048366e-08 -1.048588e-06
34.05          1.512011e-01 4.795045e-08 -2.865878e-02 1.511943e-01 3.708043e-08 -2.865779e-02 6.809779e-06 1.087002e-08 -9.855353e-07
34.06          1.489944e-01 4.868748e-08 -2.856362e-02 1.489879e-01 3.699090e-08 -2.856268e-02 6.535347e-06 1.169657e-08 -9.438289e-07
34.07          1.506341e-01 3.884482e-08 -2.919867e-02 1.506280e-01 2.790222e-08 -2.919783e-02 6.095334e-06 1.094261e-08 -8.429556e-07
34.08          1.674895e-01 6.232992e-08 -3.281548e-02 1.674836e-01 5.125541e-08 -3.281466e-02 5.907073e-06 1.107451e-08 -8.182366e-07
34.09          1.639587e-01 6.395691e-08 -3.245966e-02 1.639530e-01 5.148953e-08 -3.245890e-02 5.649169e-06 1.246739e-08 -7.583183e-07
34.1           1.510273e-01 3.309223e-08 -3.020294e-02 1.510222e-01 2.453803e-08 -3.020230e-02 5.135107e-06 8.554203e-09 -6.421037e-07
34.11          1.704775e-01 8.653121e-08 -3.442646e-02 1.704724e-01 7.287369e-08 -3.442584e-02 5.094488e-06 1.365752e-08 -6.152207e-07
34.12          1.502133e-01 5.112370e-08 -3.062298e-02 1.502085e-01 3.934861e-08 -3.062246e-02 4.713287e-06 1.177509e-08 -5.235844e-07
34.13          1.781880e-01 6.365795e-08 -3.665924e-02 1.781836e-01 5.239856e-08 -3.665881e-02 4.387477e-06 1.125940e-08 -4.243099e-07
34.14          1.683619e-01 6.183935e-08 -3.494537e-02 1.683578e-01 5.015130e-08 -3.494504e-02 4.094799e-06 1.168805e-08 -3.256687e-07
34.15          1.689935e-01 8.367771e-08 -3.537671e-02 1.689896e-01 6.746356e-08 -3.537643e-02 3.943415e-06 1.621415e-08 -2.756892e-07
34.16          1.769330e-01 7.702573e-08 -3.734451e-02 1.769292e-01 6.082322e-08 -3.734432e-02 3.702622e-06 1.620251e-08 -1.892049e-07
34.17          1.745477e-01 7.423358e-08 -3.713405e-02 1.745442e-01 5.799056e-08 -3.713396e-02 3.490635e-06 1.624302e-08 -9.836365e-08
34.18          1.657740e-01 7.248790e-08 -3.553716e-02 1.657708e-01 5.579833e-08 -3.553715e-02 3.296579e-06 1.668957e-08 -1.023527e-08
34.19          1.860655e-01 1.116378e-07 -4.017942e-02 1.860623e-01 8.773787e-08 -4.017947e-02 3.224107e-06 2.389996e-08 4.810278e-08
34.2           1.739957e-01 9.712624e-08 -3.783802e-02 1.739926e-01 7.032539e-08 -3.783814e-02 3.085892e-06 2.680084e-08 1.236618e-07
34.21          1.814900e-01 1.070336e-07 -3.973388e-02 1.814870e-01 7.686272e-08 -3.973407e-02 2.965195e-06 3.017085e-08 1.877789e-07
34.22          1.772188e-01 8.620727e-08 -3.904893e-02 1.772160e-01 5.870040e-08 -3.904921e-02 2.819124e-06 2.750686e-08 2.806578e-07
34.23          1.810153e-01 1.093555e-07 -4.013035e-02 1.810126e-01 7.897315e-08 -4.013068e-02 2.733449e-06 3.038233e-08 3.318374e-07
34.24          1.862258e-01 1.138562e-07 -4.152672e-02 1.862231e-01 8.164575e-08 -4.152711e-02 2.654836e-06 3.221044e-08 3.849756e-07
34.25          1.896000e-01 1.121430e-07 -4.251358e-02 1.895974e-01 7.939069e-08 -4.251402e-02 2.588628e-06 3.275226e-08 4.355136e-07
34.26          1.907740e-01 1.192814e-07 -4.300133e-02 1.907715e-01 8.563563e-08 -4.300181e-02 2.530988e-06 3.364579e-08 4.740404e-07
34.27          1.640198e-01 1.079227e-07 -3.715432e-02 1.640173e-01 7.410243e-08 -3.715482e-02 2.493913e-06 3.382029e-08 5.040474e-07
34.28          2.207704e-01 1.457482e-07 -5.024228e-02 2.207680e-01 1.085285e-07 -5.024280e-02 2.437262e-06 3.721975e-08 5.163271e-07
34.29          1.907510e-01 1.302031e-07 -4.360103e-02 1.907486e-01 9.227870e-08 -4.360156e-02 2.428780e-06 3.792445e-08 5.332257e-07
34.3           1.812216e-01 1.295762e-07 -4.159163e-02 1.812192e-01 9.057233e-08 -4.159218e-02 2.416257e-06 3.900391e-08 5.435905e-07
34.31          1.840363e-01 1.184044e-07 -4.239706e-02 1.840338e-01 8.337886e-08 -4.239761e-02 2.499135e-06 3.502555e-08 5.426404e-07
34.32          1.975349e-01 1.384560e-07 -4.566544e-02 1.975324e-01 1.024971e-07 -4.566596e-02 2.505889e-06 3.595898e-08 5.182976e-07
34.33          2.047553e-01 1.467945e-07 -4.748625e-02 2.047528e-01 1.108116e-07 -4.748675e-02 2.535859e-06 3.598292e-08 5.023067e-07
34.34          1.846958e-01 1.225206e-07 -4.295942e-02 1.846931e-01 9.151634e-08 -4.295989e-02 2.746971e-06 3.100425e-08 4.693886e-07
34.35          1.962345e-01 1.393012e-07 -4.576297e-02 1.962317e-01 1.081874e-07 -4.576341e-02 2.814359e-06 3.111386e-08 4.396570e-07
34.36          1.952984e-01 1.366044e-07 -4.565156e-02 1.952954e-01 1.078127e-07 -4.565197e-02 2.980966e-06 2.879169e-08 4.090626e-07
34.37          2.060398e-01 1.466775e-07 -4.826175e-02 2.060367e-01 1.175854e-07 -4.826212e-02 3.081154e-06 2.909210e-08 3.642739e-07
34.38          1.947228e-01 1.398637e-07 -4.569243e-02 1.947194e-01 1.123746e-07 -4.569270e-02 3.398014e-06 2.748914e-08 2.747984e-07
34.39          2.132016e-01 1.564220e-07 -5.010321e-02 2.131982e-01 1.266428e-07 -5.010345e-02 3.409433e-06 2.977918e-08 2.340680e-07
34.4           1.993026e-01 1.421749e-07 -4.689433e-02 1.992989e-01 1.156754e-07 -4.689447e-02 3.748658e-06 2.649952e-08 1.412311e-07
34.41          2.109001e-01 1.491819e-07 -4.966942e-02 2.108961e-01 1.237544e-07 -4.966949e-02 3.949283e-06 2.542752e-08 7.287234e-08
34.42          1.968886e-01 1.347725e-07 -4.640012e-02 1.968843e-01 1.128161e-07 -4.640009e-02 4.346011e-06 2.195645e-08 -2.537938e-08
34.43          2.127172e-01 1.442757e-07 -5.014874e-02 2.127127e-01 1.235226e-07 -5.014866e-02 4.493921e-06 2.075305e-08 -8.245900e-08
34.44          2.262408e-01 1.640125e-07 -5.334130e-02 2.262364e-01 1.404012e-07 -5.334121e-02 4.383277e-06 2.361132e-08 -8.860073e-08
34.45          2.185740e-01 1.534588e-07 -5.152357e-02 2.185694e-01 1.300462e-07 -5.152340e-02 4.584196e-06 2.341267e-08 -1.614925e-07
34.46          2.218937e-01 1.546890e-07 -5.228066e-02 2.218889e-01 1.310028e-07 -5.228044e-02 4.761043e-06 2.368614e-08 -2.182371e-07
34.47          2.195512e-01 1.488652e-07 -5.168901e-02 2.195462e-01 1.263159e-07 -5.168872e-02 5.020503e-06 2.254926e-08 -2.874784e-07
34.48          2.197336e-01 1.511697e-07 -5.167745e-02 2.197284e-01 1.285364e-07 -5.167712e-02 5.132441e-06 2.263333e-08 -3.285780e-07
34.49          2.351079e-01 1.600194e-07 -5.521907e-02 2.351028e-01 1.362504e-07 -5.521873e-02 5.116031e-06 2.376897e-08 -3.410595e-07
34.5           2.244577e-01 1.464867e-07 -5.263293e-02 2.244523e-01 1.234607e-07 -5.263250e-02 5.416940e-06 2.302605e-08 -4.328388e-07
34.51          2.045870e-01 1.189682e-07 -4.788314e-02 2.045808e-01 1.006675e-07 -4.788253e-02 6.188698e-06 1.830070e-08 -6.138106e-07
34.52          2.323130e-01 1.404574e-07 -5.425327e-02 2.323068e-01 1.233665e-07 -5.425266e-02 6.147142e-06 1.709085e-08 -6.153039e-07
34.53          2.148622e-01 1.240378e-07 -5.005475e-02 2.148557e-01 1.097725e-07 -5.005405e-02 6.567420e-06 1.426527e-08 -7.075372e-07
34.54          2.373579e-01 1.331974e-07 -5.514330e-02 2.373512e-01 1.203805e-07 -5.514255e-02 6.709665e-06 1.281683e-08 -7.461535e-07
34.55          2.524314e-01 1.418029e-07 -5.846756e-02 2.524250e-01 1.284790e-07 -5.846687e-02 6.455874e-06 1.332396e-08 -6.854205e-07
34.56          2.480805e-01 1.348767e-07 -5.726996e-02 2.480740e-01 1.216957e-07 -5.726927e-02 6.477060e-06 1.318097e-08 -6.960457e-07
34.57          2.322720e-01 1.190797e-07 -5.342830e-02 2.322650e-01 1.081458e-07 -5.342750e-02 6.974937e-06 1.093390e-08 -7.990345e-07
34.58          2.490218e-01 1.230033e-07 -5.705914e-02 2.490146e-01 1.133638e-07 -5.705829e-02 7.175801e-06 9.639515e-09 -8.486367e-07
34.59          2.425302e-01 1.157573e-07 -5.534071e-02 2.425226e-01 1.087466e-07 -5.533978e-02 7.529023e-06 7.010767e-09 -9.347684e-07
34.6           2.797989e-01 1.334871e-07 -6.355991e-02 2.797918e-01 1.255635e-07 -6.355906e-02 7.148456e-06 7.923691e-09 -8.490938e-07
34.61          2.509939e-01 1.111294e-07 -5.674742e-02 2.509862e-01 1.052061e-07 -5.674643e-02 7.636730e-06 5.923297e-09 -9.902138e-07
34.62          2.525174e-01 1.052607e-07 -5.680563e-02 2.525094e-01 1.017731e-07 -5.680454e-02 8.073038e-06 3.487627e-09 -1.086549e-06
34.63          2.546595e-01 1.042467e-07 -5.698334e-02 2.546511e-01 1.021762e-07 -5.698215e-02 8.431908e-06 2.070546e-09 -1.190789e-06
34.64          2.428542e-01 9.015435e-08 -5.403806e-02 2.428452e-01 9.135494e-08 -5.403676e-02 9.032636e-06 -1.200594e-09 -1.297518e-06
34.65          2.492683e-01 9.389953e-08 -5.513903e-02 2.492587e-01 9.795593e-08 -5.513756e-02 9.636797e-06 -4.056400e-09 -1.466311e-06
34.66          2.593815e-01 9.559891e-08 -5.702205e-02 2.593717e-01 1.004749e-07 -5.702053e-02 9.826440e-06 -4.875978e-09 -1.520665e-06
34.67          2.633247e-01 9.408072e-08 -5.751520e-02 2.633145e-01 1.008035e-07 -5.751362e-02 1.012681e-05 -6.722824e-09 -1.576863e-06
34.68          2.631667e-01 9.225524e-08 -5.709315e-02 2.631561e-01 1.003281e-07 -5.709151e-02 1.060543e-05 -8.072852e-09 -1.642700e-06
34.69          3.000190e-01 1.103325e-07 -6.462977e-02 3.000087e-01 1.175469e-07 -6.462819e-02 1.029512e-05 -7.214462e-09 -1.583603e-06
34.7           2.877750e-01 1.040925e-07 -6.153946e-02 2.877643e-01 1.114652e-07 -6.153778e-02 1.065452e-05 -7.372766e-09 -1.684934e-06
34.71          2.653935e-01 9.672416e-08 -5.632283e-02 2.653826e-01 1.043560e-07 -5.632111e-02 1.090698e-05 -7.631790e-09 -1.718501e-06
34.72          3.144575e-01 1.132498e-07 -6.620746e-02 3.144464e-01 1.217852e-07 -6.620570e-02 1.106932e-05 -8.535366e-09 -1.765794e-06
34.73          2.837810e-01 9.604061e-08 -5.926023e-02 2.837691e-01 1.059492e-07 -5.925832e-02 1.192363e-05 -9.908591e-09 -1.904687e-06
34.74          3.187057e-01 1.115834e-07 -6.598849e-02 3.186940e-01 1.213407e-07 -6.598663e-02 1.178150e-05 -9.757284e-09 -1.862496e-06
34.75          3.270250e-01 1.243207e-07 -6.711706e-02 3.270135e-01 1.333803e-07 -6.711527e-02 1.157729e-05 -9.059649e-09 -1.792620e-06
34.76          3.427210e-01 1.194521e-07 -6.969931e-02 3.427095e-01 1.278465e-07 -6.969756e-02 1.150234e-05 -8.394470e-09 -1.748544e-06
34.77          2.838790e-01 8.867626e-08 -5.719272e-02 2.838662e-01 9.913242e-08 -5.719072e-02 1.278272e-05 -1.045616e-08 -1.996172e-06
34.78          3.019589e-01 8.441024e-08 -6.024507e-02 3.019456e-01 9.603171e-08 -6.024294e-02 1.336819e-05 -1.162147e-08 -2.129634e-06
34.79          2.844821e-01 7.694736e-08 -5.619105e-02 2.844679e-01 9.018664e-08 -5.618872e-02 1.415188e-05 -1.323928e-08 -2.322029e-06
34.8           3.181358e-01 8.587931e-08 -6.218855e-02 3.181216e-01 9.961288e-08 -6.218620e-02 1.425904e-05 -1.373357e-08 -2.351590e-06
34.81          3.157875e-01 8.145332e-08 -6.107334e-02 3.157729e-01 9.615533e-08 -6.107092e-02 1.463403e-05 -1.470201e-08 -2.413891e-06
34.82          3.181726e-01 7.832290e-08 -6.086102e-02 3.181576e-01 9.459186e-08 -6.085856e-02 1.497608e-05 -1.626895e-08 -2.461970e-06
34.83          3.156763e-01 6.667402e-08 -5.970363e-02 3.156608e-01 8.419108e-08 -5.970109e-02 1.548841e-05 -1.751706e-08 -2.542126e-06
34.84          3.332212e-01 8.043720e-08 -6.229111e-02 3.332055e-01 9.764361e-08 -6.228851e-02 1.573852e-05 -1.720641e-08 -2.599251e-06
34.85          3.343000e-01 7.402025e-08 -6.174879e-02 3.342841e-01 9.165017e-08 -6.174615e-02 1.596402e-05 -1.762992e-08 -2.643254e-06
34.86          3.342879e-01 7.190298e-08 -6.099116e-02 3.342715e-01 9.008632e-08 -6.098848e-02 1.637517e-05 -1.818334e-08 -2.684338e-06
34.87          3.500638e-01 7.571684e-08 -6.306701e-02 3.500470e-01 9.461986e-08 -6.306428e-02 1.672633e-05 -1.890302e-08 -2.728471e-06
34.88          3.607207e-01 8.042141e-08 -6.414885e-02 3.607039e-01 9.957103e-08 -6.414612e-02 1.685261e-05 -1.914962e-08 -2.725457e-06
34.89          3.386615e-01 7.212036e-08 -5.942982e-02 3.386442e-01 9.179116e-08 -5.942706e-02 1.732424e-05 -1.967079e-08 -2.760413e-06
34.9           3.681217e-01 8.544901e-08 -6.372197e-02 3.681042e-01 1.053231e-07 -6.371920e-02 1.750270e-05 -1.987413e-08 -2.763904e-06
34.91          3.635308e-01 9.113164e-08 -6.205239e-02 3.635131e-01 1.110744e-07 -6.204963e-02 1.767105e-05 -1.994275e-08 -2.762702e-06
34.92          3.583896e-01 8.654174e-08 -6.030240e-02 3.583713e-01 1.066513e-07 -6.029959e-02 1.822573e-05 -2.010961e-08 -2.812651e-06
34.93          3.609036e-01 8.926420e-08 -5.983724e-02 3.608850e-01 1.095629e-07 -5.983441e-02 1.864249e-05 -2.029874e-08 -2.827082e-06
34.94          3.674834e-01 9.788538e-08 -6.001499e-02 3.674645e-01 1.180446e-07 -6.001216e-02 1.886511e-05 -2.015924e-08 -2.835039e-06
34.95          3.766933e-01 1.032256e-07 -6.057389e-02 3.766741e-01 1.241259e-07 -6.057106e-02 1.913003e-05 -2.090030e-08 -2.827984e-06
34.96          3.335828e-01 8.379755e-08 -5.279937e-02 3.335627e-01 1.058702e-07 -5.279639e-02 2.012976e-05 -2.207268e-08 -2.987662e-06
34.97          3.836183e-01 1.181695e-07 -5.973819e-02 3.835984e-01 1.397401e-07 -5.973528e-02 1.990659e-05 -2.157057e-08 -2.916429e-06
34.98          3.643945e-01 1.099571e-07 -5.580917e-02 3.643743e-01 1.313255e-07 -5.580624e-02 2.027065e-05 -2.136837e-08 -2.923407e-06
34.99          3.822781e-01 1.237019e-07 -5.755868e-02 3.822579e-01 1.439401e-07 -5.755582e-02 2.018663e-05 -2.023826e-08 -2.861235e-06
35             3.910170e-01 1.269756e-07 -5.785671e-02 3.909966e-01 1.465661e-07 -5.785390e-02 2.037223e-05 -1.959048e-08 -2.807324e-06
35.01          4.420030e-01 1.564450e-07 -6.424224e-02 4.419830e-01 1.740554e-07 -6.423959e-02 1.996574e-05 -1.761042e-08 -2.643735e-06
35.02          4.421657e-01 1.615049e-07 -6.310416e-02 4.421454e-01 1.779358e-07 -6.310148e-02 2.027184e-05 -1.643093e-08 -2.682803e-06
35.03          4.100671e-01 1.478938e-07 -5.744123e-02 4.100464e-01 1.640294e-07 -5.743860e-02 2.075417e-05 -1.613554e-08 -2.637436e-06
35.04          3.636198e-01 1.285218e-07 -4.997188e-02 3.635987e-01 1.451725e-07 -4.996926e-02 2.105764e-05 -1.665074e-08 -2.621935e-06
35.05          4.269153e-01 1.554106e-07 -5.753119e-02 4.268943e-01 1.715514e-07 -5.752861e-02 2.094611e-05 -1.614080e-08 -2.586562e-06
35.06          4.387369e-01 1.535666e-07 -5.795358e-02 4.387161e-01 1.671094e-07 -5.795110e-02 2.086456e-05 -1.354278e-08 -2.479878e-06
35.07          3.976776e-01 1.414769e-07 -5.146688e-02 3.976564e-01 1.562648e-07 -5.146443e-02 2.122116e-05 -1.478788e-08 -2.450409e-06
35.08          3.586158e-01 1.112348e-07 -4.545056e-02 3.585937e-01 1.274642e-07 -4.544798e-02 2.218123e-05 -1.622944e-08 -2.582087e-06
35.09          4.384888e-01 1.618460e-07 -5.439171e-02 4.384671e-01 1.781771e-07 -5.438924e-02 2.166643e-05 -1.633112e-08 -2.477047e-06
35.1           4.511227e-01 1.547032e-07 -5.474473e-02 4.511015e-01 1.703118e-07 -5.474238e-02 2.119208e-05 -1.560856e-08 -2.344448e-06
35.11          3.534364e-01 1.098106e-07 -4.194289e-02 3.534141e-01 1.260588e-07 -4.194044e-02 2.230004e-05 -1.624821e-08 -2.454728e-06
35.12          4.295318e-01 1.400153e-07 -4.981256e-02 4.295100e-01 1.564550e-07 -4.981018e-02 2.176103e-05 -1.643968e-08 -2.378654e-06
35.13          4.123657e-01 1.292070e-07 -4.671202e-02 4.123439e-01 1.457466e-07 -4.670968e-02 2.175923e-05 -1.653958e-08 -2.339905e-06
35.14          3.704961e-01 1.147564e-07 -4.097361e-02 3.704739e-01 1.322626e-07 -4.097131e-02 2.227688e-05 -1.750623e-08 -2.304021e-06
35.15          3.940473e-01 1.176885e-07 -4.251719e-02 3.940253e-01 1.358484e-07 -4.251505e-02 2.203318e-05 -1.815992e-08 -2.144110e-06
35.16          3.882713e-01 1.136700e-07 -4.085232e-02 3.882492e-01 1.323477e-07 -4.085017e-02 2.211412e-05 -1.867769e-08 -2.155066e-06
35.17          3.720351e-01 9.569273e-08 -3.814833e-02 3.720126e-01 1.150560e-07 -3.814613e-02 2.252559e-05 -1.936326e-08 -2.198585e-06
35.18          3.454992e-01 9.833502e-08 -3.450617e-02 3.454764e-01 1.179511e-07 -3.450395e-02 2.289195e-05 -1.961606e-08 -2.218706e-06
35.19          4.156065e-01 1.201462e-07 -4.039781e-02 4.155844e-01 1.396433e-07 -4.039573e-02 2.214245e-05 -1.949708e-08 -2.077371e-06
35.2           3.520988e-01 1.021281e-07 -3.329292e-02 3.520767e-01 1.216699e-07 -3.329092e-02 2.209484e-05 -1.954178e-08 -1.998174e-06
35.21          3.677903e-01 1.045903e-07 -3.380359e-02 3.677688e-01 1.239511e-07 -3.380174e-02 2.149226e-05 -1.936083e-08 -1.842523e-06
35.22          3.740543e-01 1.020128e-07 -3.339546e-02 3.740331e-01 1.205058e-07 -3.339369e-02 2.119528e-05 -1.849294e-08 -1.768189e-06
35.23          3.635799e-01 9.155118e-08 -3.151011e-02 3.635586e-01 1.097261e-07 -3.150847e-02 2.129466e-05 -1.817495e-08 -1.643222e-06
35.24          3.724928e-01 1.006235e-07 -3.131444e-02 3.724720e-01 1.166815e-07 -3.131287e-02 2.080983e-05 -1.605796e-08 -1.569818e-06
35.25          3.477456e-01 8.058199e-08 -2.833726e-02 3.477247e-01 9.718272e-08 -2.833575e-02 2.092878e-05 -1.660073e-08 -1.508834e-06
35.26          3.999019e-01 1.051276e-07 -3.156035e-02 3.998819e-01 1.208239e-07 -3.155896e-02 2.003405e-05 -1.569630e-08 -1.385984e-06
35.27          3.469126e-01 9.073100e-08 -2.649873e-02 3.468926e-01 1.061756e-07 -2.649741e-02 2.006734e-05 -1.544463e-08 -1.318606e-06
35.28          3.555615e-01 9.200736e-08 -2.626323e-02 3.555416e-01 1.064938e-07 -2.626196e-02 1.989722e-05 -1.448642e-08 -1.268070e-06
35.29          3.316930e-01 8.662298e-08 -2.367186e-02 3.316733e-01 1.011602e-07 -2.367061e-02 1.975440e-05 -1.453724e-08 -1.247551e-06
35.3           3.424674e-01 8.798862e-08 -2.359123e-02 3.424478e-01 1.026692e-07 -2.359002e-02 1.952715e-05 -1.468058e-08 -1.207589e-06
35.31          3.145444e-01 7.728860e-08 -2.089657e-02 3.145246e-01 9.437255e-08 -2.089535e-02 1.972401e-05 -1.708394e-08 -1.223146e-06
35.32          3.051419e-01 7.259764e-08 -1.953169e-02 3.051225e-01 8.838434e-08 -1.953055e-02 1.938378e-05 -1.578670e-08 -1.138290e-06
35.33          3.129596e-01 7.504442e-08 -1.927988e-02 3.129410e-01 8.965898e-08 -1.927882e-02 1.859310e-05 -1.461456e-08 -1.055034e-06
35.34          2.420521e-01 5.675255e-08 -1.433969e-02 2.420329e-01 7.148109e-08 -1.433856e-02 1.916203e-05 -1.472854e-08 -1.122327e-06
35.35          2.719833e-01 6.324751e-08 -1.547263e-02 2.719650e-01 7.884877e-08 -1.547158e-02 1.837129e-05 -1.560126e-08 -1.045275e-06
35.36          2.755612e-01 6.261044e-08 -1.503726e-02 2.755436e-01 7.737028e-08 -1.503630e-02 1.764135e-05 -1.475984e-08 -9.630550e-07
35.37          2.758547e-01 6.446749e-08 -1.442261e-02 2.758377e-01 7.896466e-08 -1.442174e-02 1.699373e-05 -1.449717e-08 -8.774309e-07
35.38          2.723817e-01 6.528023e-08 -1.362769e-02 2.723655e-01 7.785331e-08 -1.362689e-02 1.618117e-05 -1.257307e-08 -7.963917e-07
35.39          2.623146e-01 6.016859e-08 -1.254281e-02 2.622986e-01 7.270298e-08 -1.254209e-02 1.602116e-05 -1.253439e-08 -7.159921e-07
35.4           2.874420e-01 6.788478e-08 -1.311621e-02 2.874268e-01 8.039269e-08 -1.311560e-02 1.518958e-05 -1.250791e-08 -6.169440e-07
35.41          2.228750e-01 4.801527e-08 -9.693319e-03 2.228598e-01 6.076120e-08 -9.692733e-03 1.512590e-05 -1.274593e-08 -5.860028e-07
35.42          2.410654e-01 5.006139e-08 -9.973908e-03 2.410511e-01 6.210500e-08 -9.973409e-03 1.435694e-05 -1.204361e-08 -4.989548e-07
35.43          1.989843e-01 3.902368e-08 -7.821685e-03 1.989698e-01 5.031521e-08 -7.821163e-03 1.447588e-05 -1.129153e-08 -5.223489e-07
35.44          1.670031e-01 2.955689e-08 -6.226049e-03 1.669884e-01 3.966902e-08 -6.225480e-03 1.473358e-05 -1.011213e-08 -5.692194e-07
35.45          2.176370e-01 4.408508e-08 -7.676377e-03 2.176236e-01 5.328401e-08 -7.675910e-03 1.347734e-05 -9.198932e-09 -4.669848e-07
35.46          1.910361e-01 3.787416e-08 -6.365709e-03 1.910232e-01 4.675145e-08 -6.365293e-03 1.291207e-05 -8.877290e-09 -4.159432e-07
35.47          1.579010e-01 2.918615e-08 -4.961009e-03 1.578881e-01 3.616901e-08 -4.960578e-03 1.291179e-05 -6.982865e-09 -4.317366e-07
35.48          1.895435e-01 3.867277e-08 -5.599262e-03 1.895316e-01 4.464111e-08 -5.598908e-03 1.193726e-05 -5.968345e-09 -3.540301e-07
35.49          1.812384e-01 3.672708e-08 -5.023570e-03 1.812272e-01 4.134265e-08 -5.023296e-03 1.125297e-05 -4.615570e-09 -2.743153e-07
35.5           1.779643e-01 3.894116e-08 -4.616518e-03 1.779539e-01 4.231160e-08 -4.616299e-03 1.045914e-05 -3.370440e-09 -2.192528e-07
35.51          2.118436e-01 5.062144e-08 -5.127312e-03 2.118345e-01 5.402082e-08 -5.127233e-03 9.038108e-06 -3.399383e-09 -7.844045e-08
35.52          1.466635e-01 2.609848e-08 -3.304934e-03 1.466544e-01 2.689808e-08 -3.304837e-03 9.093741e-06 -7.995923e-10 -9.695711e-08
35.53          1.627406e-01 4.005815e-08 -3.401038e-03 1.627322e-01 4.010724e-08 -3.400989e-03 8.446529e-06 -4.909117e-11 -4.963737e-08
35.54          1.568064e-01 4.230703e-08 -3.028962e-03 1.567986e-01 4.138045e-08 -3.028948e-03 7.853811e-06 9.265802e-10 -1.445688e-08
35.55          1.561638e-01 4.574256e-08 -2.777449e-03 1.561566e-01 4.447883e-08 -2.777479e-03 7.150970e-06 1.263726e-09 3.046345e-08
35.56          1.473176e-01 4.543786e-08 -2.402265e-03 1.473110e-01 4.312101e-08 -2.402346e-03 6.599456e-06 2.316851e-09 8.176299e-08
35.57          1.380290e-01 4.501645e-08 -2.054126e-03 1.380227e-01 4.073489e-08 -2.054224e-03 6.265212e-06 4.281562e-09 9.876148e-08
35.58          1.448915e-01 5.244176e-08 -1.956936e-03 1.448859e-01 4.749619e-08 -1.957088e-03 5.676227e-06 4.945574e-09 1.523531e-07
35.59          1.306865e-01 5.231123e-08 -1.592801e-03 1.306813e-01 4.636351e-08 -1.593027e-03 5.213151e-06 5.947717e-09 2.254779e-07
35.6           1.259951e-01 5.489726e-08 -1.376271e-03 1.259903e-01 4.687753e-08 -1.376538e-03 4.833341e-06 8.019724e-09 2.668709e-07
35.61          1.338391e-01 6.551291e-08 -1.299533e-03 1.338347e-01 5.656533e-08 -1.299872e-03 4.412490e-06 8.947582e-09 3.388940e-07
35.62          1.296029e-01 7.121066e-08 -1.108782e-03 1.295988e-01 6.083572e-08 -1.109192e-03 4.095558e-06 1.037494e-08 4.103846e-07
35.63          1.238359e-01 7.649287e-08 -9.232757e-04 1.238321e-01 6.431220e-08 -9.237334e-04 3.877658e-06 1.218067e-08 4.577049e-07
35.64          1.203152e-01 7.958337e-08 -7.714010e-04 1.203115e-01 6.558085e-08 -7.718989e-04 3.746419e-06 1.400252e-08 4.979099e-07
35.65          1.197350e-01 8.858285e-08 -6.496428e-04 1.197313e-01 7.062198e-08 -6.501588e-04 3.730537e-06 1.796087e-08 5.160011e-07
35.66          1.292265e-01 9.549731e-08 -5.812963e-04 1.292225e-01 7.336572e-08 -5.818611e-04 4.006248e-06 2.213159e-08 5.648215e-07
35.67          1.108046e-01 9.567762e-08 -4.028906e-04 1.108005e-01 6.860717e-08 -4.034562e-04 4.122142e-06 2.707045e-08 5.655631e-07
35.68          1.074610e-01 9.934256e-08 -3.044226e-04 1.074567e-01 6.660119e-08 -3.049882e-04 4.359860e-06 3.274137e-08 5.656031e-07
35.69          1.000732e-01 9.949791e-08 -2.097504e-04 1.000686e-01 6.029860e-08 -2.103004e-04 4.551962e-06 3.919931e-08 5.499719e-07
35.7           9.949788e-02 1.012476e-07 -1.412766e-04 9.949291e-02 5.696083e-08 -1.418039e-04 4.972997e-06 4.428677e-08 5.273031e-07
35.71          9.654062e-02 1.019417e-07 -7.817454e-05 9.653522e-02 5.178952e-08 -7.866540e-05 5.394155e-06 5.015219e-08 4.908558e-07
35.72          9.104478e-02 1.018235e-07 -2.420410e-05 9.103896e-02 4.695199e-08 -2.465973e-05 5.816621e-06 5.487155e-08 4.556379e-07
35.73          1.022472e-01 9.704235e-08 2.294387e-05 1.022406e-01 3.698139e-08 2.251112e-05 6.535884e-06 6.006096e-08 4.327516e-07
35.74          1.043301e-01 9.186628e-08 6.747842e-05 1.043227e-01 2.737557e-08 6.704531e-05 7.379711e-06 6.449071e-08 4.331121e-07
35.75          9.860128e-02 8.931743e-08 9.809635e-05 9.859307e-02 2.116408e-08 9.770820e-05 8.215026e-06 6.815335e-08 3.881461e-07
35.76          9.632762e-02 8.570686e-08 1.236466e-04 9.631861e-02 1.508317e-08 1.232997e-04 9.008598e-06 7.062369e-08 3.468897e-07
35.77          8.902369e-02 7.767874e-08 1.340225e-04 8.901399e-02 6.267230e-09 1.336996e-04 9.695855e-06 7.141151e-08 3.228073e-07
35.78          8.749669e-02 6.966143e-08 1.459299e-04 8.748629e-02 -1.169898e-09 1.456096e-04 1.039738e-05 7.083133e-08 3.202833e-07
35.79          7.947925e-02 5.718065e-08 1.397075e-04 7.946833e-02 -1.127902e-08 1.393793e-04 1.091671e-05 6.845967e-08 3.281360e-07
35.8           9.098371e-02 6.024515e-08 1.637024e-04 9.097189e-02 -9.026640e-09 1.634099e-04 1.182301e-05 6.927179e-08 2.924750e-07
35.81          8.398525e-02 5.630925e-08 1.478439e-04 8.397275e-02 -1.170828e-08 1.475817e-04 1.250286e-05 6.801753e-08 2.621818e-07
35.82          8.607185e-02 5.482172e-08 1.432644e-04 8.605857e-02 -1.064415e-08 1.430341e-04 1.328500e-05 6.546587e-08 2.303131e-07
35.83          6.906049e-02 4.075152e-08 1.021282e-04 6.904665e-02 -1.843610e-08 1.019176e-04 1.384257e-05 5.918762e-08 2.106423e-07
35.84          9.508889e-02 4.587012e-08 1.216233e-04 9.507396e-02 -9.708400e-09 1.214736e-04 1.493580e-05 5.557852e-08 1.497103e-07
35.85          5.993088e-02 2.231654e-08 5.589001e-05 5.991544e-02 -2.656661e-08 5.581141e-05 1.543009e-05 4.888315e-08 7.859524e-08
35.86          4.795166e-02 -1.975513e-10 2.595688e-05 4.793596e-02 -3.918863e-08 2.589182e-05 1.570634e-05 3.899108e-08 6.506346e-08
35.87          4.809927e-02 -8.131767e-09 5.403670e-06 4.808306e-02 -3.920147e-08 5.391841e-06 1.621620e-05 3.106970e-08 1.182950e-08
35.88          3.308998e-02 -2.137365e-08 -1.527594e-05 3.307325e-02 -4.324434e-08 -1.525060e-05 1.672958e-05 2.187070e-08 -2.533620e-08
35.89          8.636900e-03 -4.576356e-08 -1.522221e-05 8.620171e-03 -5.567797e-08 -1.518836e-05 1.672937e-05 9.914404e-09 -3.384143e-08
35.9           5.969465e-02 -1.800637e-08 -9.128501e-05 5.967687e-02 -2.250016e-08 -9.120176e-05 1.778011e-05 4.493787e-09 -8.325628e-08
35.91          -8.921612e-03 -5.384347e-08 9.086564e-06 -8.939089e-03 -4.739028e-08 9.180758e-06 1.747643e-05 -6.453197e-09 -9.419379e-08
35.92          2.215290e-02 -3.691053e-08 -7.178141e-05 2.213497e-02 -2.373279e-08 -7.166903e-05 1.792836e-05 -1.317774e-08 -1.123859e-07
35.93          -1.279262e-02 -4.546005e-08 3.654703e-05 -1.281042e-02 -2.203009e-08 3.666197e-05 1.779814e-05 -2.342996e-08 -1.149355e-07
35.94          -1.333534e-02 -4.352430e-08 4.999801e-05 -1.335330e-02 -1.310528e-08 5.010727e-05 1.795904e-05 -3.041902e-08 -1.092605e-07
35.95          1.350886e-02 -1.673447e-08 -8.402979e-05 1.349015e-02 1.775846e-08 -8.389042e-05 1.870579e-05 -3.449292e-08 -1.393721e-07
35.96          5.444526e-03 -2.374144e-08 -4.579247e-05 5.425324e-03 1.612354e-08 -4.561596e-05 1.920154e-05 -3.986499e-08 -1.765107e-07
35.97          -3.672861e-02 -8.068529e-08 2.656349e-04 -3.674758e-02 -3.248854e-08 2.657905e-04 1.897364e-05 -4.819674e-08 -1.555920e-07
35.98          -2.840312e-02 -6.605266e-08 2.347630e-04 -2.842228e-02 -1.222104e-08 2.348870e-04 1.916154e-05 -5.383162e-08 -1.240657e-07
35.99          -4.857802e-02 -6.278914e-08 4.663280e-04 -4.859721e-02 -4.509694e-09 4.664140e-04 1.919527e-05 -5.827945e-08 -8.599816e-08
36             -6.402378e-02 -7.390921e-08 6.977086e-04 -6.404294e-02 -1.121392e-08 6.977609e-04 1.915455e-05 -6.269530e-08 -5.231192e-08
36.01          -8.949344e-03 -3.560080e-08 9.908472e-05 -8.969465e-03 2.731790e-08 9.918021e-05 2.012184e-05 -6.291870e-08 -9.548714e-08
36.02          -4.866586e-02 -7.878970e-08 6.568247e-04 -4.868605e-02 -1.563959e-08 6.569490e-04 2.018623e-05 -6.315011e-08 -1.242907e-07
36.03          -2.963599e-02 -6.929969e-08 4.371716e-04 -2.965673e-02 -7.313453e-09 4.373531e-04 2.074683e-05 -6.198624e-08 -1.814201e-07
36.04          -5.527983e-02 -1.023458e-07 9.067344e-04 -5.530061e-02 -3.949589e-08 9.069138e-04 2.077957e-05 -6.284987e-08 -1.793988e-07
36.05          -5.167216e-02 -1.097349e-07 9.251747e-04 -5.169314e-02 -4.632605e-08 9.253495e-04 2.097707e-05 -6.340880e-08 -1.748208e-07
36.06          -5.483740e-02 -1.116236e-07 1.068534e-03 -5.485856e-02 -4.856000e-08 1.068711e-03 2.115832e-05 -6.306359e-08 -1.770268e-07
36.07          -5.710111e-02 -1.239443e-07 1.205713e-03 -5.712239e-02 -6.292814e-08 1.205915e-03 2.128136e-05 -6.101620e-08 -2.020734e-07
36.08          -6.520290e-02 -1.322132e-07 1.487387e-03 -6.522423e-02 -7.305901e-08 1.487608e-03 2.132655e-05 -5.915421e-08 -2.208324e-07
36.09          -5.328719e-02 -1.258212e-07 1.304925e-03 -5.330871e-02 -6.870311e-08 1.305168e-03 2.152926e-05 -5.711805e-08 -2.435063e-07
36.1           -4.779422e-02 -1.242030e-07 1.253553e-03 -4.781609e-02 -6.837343e-08 1.253836e-03 2.187307e-05 -5.582955e-08 -2.827289e-07
36.11          -6.272194e-02 -1.435498e-07 1.762688e-03 -6.274376e-02 -8.923893e-08 1.763004e-03 2.182178e-05 -5.431087e-08 -3.163704e-07
36.12          -5.346862e-02 -1.316054e-07 1.600048e-03 -5.349063e-02 -7.838843e-08 1.600421e-03 2.201293e-05 -5.321692e-08 -3.735023e-07
36.13          -8.636259e-02 -1.743019e-07 2.756786e-03 -8.638419e-02 -1.217253e-07 2.757166e-03 2.159772e-05 -5.257660e-08 -3.795558e-07
36.14          -8.355367e-02 -1.702698e-07 2.829386e-03 -8.357528e-02 -1.186802e-07 2.829782e-03 2.160337e-05 -5.158962e-08 -3.955274e-07
36.15          -5.914564e-02 -1.547236e-07 2.116894e-03 -5.916741e-02 -1.018414e-07 2.117279e-03 2.176553e-05 -5.288218e-08 -3.854657e-07
36.16          -8.512709e-02 -1.740846e-07 3.225175e-03 -8.514876e-02 -1.236050e-07 3.225617e-03 2.166340e-05 -5.047960e-08 -4.418143e-07
36.17          -6.414256e-02 -1.611751e-07 2.559974e-03 -6.416434e-02 -1.103528e-07 2.560428e-03 2.177331e-05 -5.082228e-08 -4.532862e-07
36.18          -7.283988e-02 -1.661366e-07 3.062606e-03 -7.286187e-02 -1.190755e-07 3.063154e-03 2.198658e-05 -4.706111e-08 -5.479647e-07
36.19          -1.500374e-02 -1.235486e-07 6.532399e-04 -1.502651e-02 -7.863157e-08 6.538836e-04 2.276512e-05 -4.491700e-08 -6.437296e-07
36.2           -1.230659e-03 -1.158850e-07 4.503998e-05 -1.253907e-03 -7.397110e-08 4.580253e-05 2.324734e-05 -4.191393e-08 -7.625503e-07
36.21          -4.618848e-02 -1.494305e-07 2.241381e-03 -4.621134e-02 -1.111379e-07 2.242184e-03 2.286070e-05 -3.829266e-08 -8.031372e-07
36.22          -8.367225e-02 -1.978822e-07 4.259311e-03 -8.369413e-02 -1.604577e-07 4.260077e-03 2.187767e-05 -3.742448e-08 -7.657724e-07
36.23          -5.558265e-02 -1.757663e-07 2.953211e-03 -5.560433e-02 -1.375928e-07 2.953938e-03 2.168286e-05 -3.817351e-08 -7.275104e-07
36.24          -5.505840e-02 -1.818972e-07 3.053221e-03 -5.507983e-02 -1.448534e-07 3.053961e-03 2.143134e-05 -3.704382e-08 -7.396125e-07
36.25          -3.695262e-02 -1.596284e-07 2.132319e-03 -3.697408e-02 -1.234156e-07 2.133110e-03 2.146067e-05 -3.621281e-08 -7.911643e-07
36.26          -5.336100e-02 -1.905145e-07 3.211988e-03 -5.338208e-02 -1.552497e-07 3.212823e-03 2.107510e-05 -3.526474e-08 -8.346162e-07
36.27          -4.497702e-02 -1.871805e-07 2.814210e-03 -4.499792e-02 -1.525278e-07 2.815102e-03 2.090510e-05 -3.465267e-08 -8.918858e-07
36.28          -2.936777e-02 -1.615085e-07 1.905653e-03 -2.938874e-02 -1.277245e-07 1.906549e-03 2.097040e-05 -3.378402e-08 -8.954468e-07
36.29          -4.188814e-02 -1.793129e-07 2.826330e-03 -4.190880e-02 -1.469211e-07 2.827279e-03 2.065735e-05 -3.239175e-08 -9.489285e-07
36.3           1.234253e-02 -1.190813e-07 -8.783044e-04 1.232136e-02 -8.749263e-08 -8.772493e-04 2.116612e-05 -3.158866e-08 -1.055148e-06
36.31          -1.934895e-02 -1.310506e-07 1.396716e-03 -1.936982e-02 -1.014678e-07 1.397802e-03 2.086722e-05 -2.958280e-08 -1.086181e-06
36.32          -3.426119e-02 -1.510865e-07 2.568998e-03 -3.428139e-02 -1.226110e-07 2.570100e-03 2.019500e-05 -2.847549e-08 -1.102147e-06
36.33          -1.825874e-02 -1.268728e-07 1.411046e-03 -1.827878e-02 -9.680503e-08 1.412144e-03 2.004445e-05 -3.006773e-08 -1.097251e-06
36.34          -1.745630e-02 -1.408968e-07 1.393299e-03 -1.747603e-02 -1.103147e-07 1.394470e-03 1.972816e-05 -3.058209e-08 -1.170850e-06
36.35          7.288144e-03 -1.022005e-07 -6.161400e-04 7.268260e-03 -7.027379e-08 -6.148903e-04 1.988415e-05 -3.192674e-08 -1.249716e-06
36.36          7.238827e-03 -1.244339e-07 -6.303759e-04 7.219369e-03 -9.131081e-08 -6.291019e-04 1.945838e-05 -3.312304e-08 -1.274045e-06
36.37          -1.091523e-02 -1.501125e-07 9.535644e-04 -1.093432e-02 -1.165217e-07 9.548766e-04 1.909262e-05 -3.359078e-08 -1.312231e-06
36.38          1.825350e-02 -1.142159e-07 -1.670162e-03 1.823446e-02 -7.937514e-08 -1.668833e-03 1.903891e-05 -3.484079e-08 -1.329330e-06
36.39          5.332854e-02 -6.942773e-08 -5.001503e-03 5.330917e-02 -3.445329e-08 -5.000070e-03 1.937544e-05 -3.497444e-08 -1.432947e-06
36.4           1.768735e-02 -1.201115e-07 -1.712286e-03 1.766860e-02 -8.636543e-08 -1.710884e-03 1.874886e-05 -3.374610e-08 -1.401935e-06
36.41          2.837687e-03 -1.621004e-07 -2.902026e-04 2.819441e-03 -1.297911e-07 -2.887983e-04 1.824593e-05 -3.230934e-08 -1.404314e-06
36.42          8.485837e-03 -1.781841e-07 -8.719861e-04 8.467845e-03 -1.459538e-07 -8.705496e-04 1.799259e-05 -3.223024e-08 -1.436481e-06
36.43          1.440285e-02 -2.144497e-07 -1.511988e-03 1.438556e-02 -1.829279e-07 -1.510617e-03 1.728278e-05 -3.152188e-08 -1.371396e-06
36.44          3.300671e-02 -2.071726e-07 -3.542134e-03 3.298969e-02 -1.759884e-07 -3.540756e-03 1.702565e-05 -3.118423e-08 -1.377970e-06
36.45          2.084556e-02 -2.131060e-07 -2.296872e-03 2.082904e-02 -1.832019e-07 -2.295469e-03 1.651532e-05 -2.990412e-08 -1.402998e-06
36.46          2.779203e-02 -2.079519e-07 -3.134425e-03 2.777590e-02 -1.787310e-07 -3.133014e-03 1.612148e-05 -2.922083e-08 -1.411444e-06
36.47          5.572021e-02 -1.649349e-07 -6.426324e-03 5.570397e-02 -1.365609e-07 -6.424876e-03 1.623768e-05 -2.837400e-08 -1.448196e-06
36.48          5.337612e-02 -1.677492e-07 -6.301030e-03 5.336022e-02 -1.403991e-07 -6.299587e-03 1.590437e-05 -2.735011e-08 -1.443094e-06
36.49          3.843878e-02 -1.829306e-07 -4.644455e-03 3.842352e-02 -1.584914e-07 -4.643022e-03 1.526298e-05 -2.443926e-08 -1.433775e-06
36.5           6.545212e-02 -1.584739e-07 -8.079941e-03 6.543694e-02 -1.349182e-07 -8.078493e-03 1.517263e-05 -2.355569e-08 -1.447866e-06
36.51          6.603818e-02 -1.616570e-07 -8.331206e-03 6.602331e-02 -1.394914e-07 -8.329766e-03 1.486771e-05 -2.216566e-08 -1.439321e-06
36.52          7.525205e-02 -1.484564e-07 -9.696146e-03 7.523743e-02 -1.281049e-07 -9.694672e-03 1.462028e-05 -2.035146e-08 -1.474220e-06
36.53          7.934675e-02 -1.351567e-07 -1.043760e-02 7.933226e-02 -1.160219e-07 -1.043608e-02 1.448130e-05 -1.913479e-08 -1.523209e-06
36.54          6.997049e-02 -1.359036e-07 -9.393439e-03 6.995656e-02 -1.194470e-07 -9.391928e-03 1.393295e-05 -1.645661e-08 -1.511760e-06
36.55          3.974818e-02 -1.673067e-07 -5.445990e-03 3.973524e-02 -1.508333e-07 -5.444599e-03 1.293989e-05 -1.647338e-08 -1.391415e-06
36.56          9.457845e-02 -1.035874e-07 -1.320176e-02 9.456542e-02 -8.652544e-08 -1.320033e-02 1.303672e-05 -1.706193e-08 -1.434670e-06
36.57          8.447705e-02 -1.158334e-07 -1.201784e-02 8.446439e-02 -1.000806e-07 -1.201642e-02 1.265902e-05 -1.575283e-08 -1.425160e-06
36.58          9.551751e-02 -1.045574e-07 -1.384110e-02 9.550516e-02 -9.044832e-08 -1.383966e-02 1.234436e-05 -1.410910e-08 -1.437511e-06
36.59          1.013546e-01 -7.960950e-08 -1.495427e-02 1.013423e-01 -6.654513e-08 -1.495277e-02 1.228358e-05 -1.306437e-08 -1.492662e-06
36.6           1.097328e-01 -6.228558e-08 -1.647832e-02 1.097206e-01 -5.349434e-08 -1.647676e-02 1.214119e-05 -8.791238e-09 -1.559755e-06
36.61          1.043759e-01 -6.181510e-08 -1.594685e-02 1.043642e-01 -5.465479e-08 -1.594531e-02 1.171413e-05 -7.160311e-09 -1.542426e-06
36.62          1.557617e-01 2.120573e-08 -2.419953e-02 1.557497e-01 2.248698e-08 -2.419783e-02 1.207100e-05 -1.281251e-09 -1.700691e-06
36.63          1.251999e-01 -1.139361e-08 -1.977575e-02 1.251884e-01 -1.315578e-08 -1.977409e-02 1.151745e-05 1.762168e-09 -1.663532e-06
36.64          1.195292e-01 -2.524913e-09 -1.918647e-02 1.195181e-01 -7.714955e-09 -1.918481e-02 1.109318e-05 5.190042e-09 -1.653200e-06
36.65          1.239974e-01 7.041072e-09 -2.021843e-02 1.239868e-01 7.164124e-10 -2.021683e-02 1.057938e-05 6.324660e-09 -1.599386e-06
36.66          1.702757e-01 8.513068e-08 -2.819105e-02 1.702649e-01 7.315662e-08 -2.818936e-02 1.080929e-05 1.197406e-08 -1.697305e-06
36.67          1.229450e-01 1.572526e-08 -2.066339e-02 1.229350e-01 1.997105e-09 -2.066183e-02 9.953529e-06 1.372815e-08 -1.563221e-06
36.68          1.084806e-01 -1.275611e-08 -1.850090e-02 1.084715e-01 -2.544401e-08 -1.849948e-02 9.077080e-06 1.268790e-08 -1.412660e-06
36.69          1.424206e-01 4.271566e-08 -2.463539e-02 1.424117e-01 2.900930e-08 -2.463402e-02 8.906928e-06 1.370635e-08 -1.373307e-06
36.7           1.512794e-01 6.201116e-08 -2.653303e-02 1.512706e-01 4.561579e-08 -2.653167e-02 8.815053e-06 1.639537e-08 -1.359252e-06
36.71          1.475577e-01 6.728728e-08 -2.623242e-02 1.475490e-01 4.673302e-08 -2.623108e-02 8.640196e-06 2.055426e-08 -1.343369e-06
36.72          1.503398e-01 6.139480e-08 -2.708108e-02 1.503314e-01 3.850170e-08 -2.707979e-02 8.362507e-06 2.289309e-08 -1.292340e-06
36.73          1.419590e-01 4.607740e-08 -2.590153e-02 1.419511e-01 2.117309e-08 -2.590033e-02 7.892140e-06 2.490430e-08 -1.203140e-06
36.74          1.389496e-01 5.064479e-08 -2.567082e-02 1.389421e-01 2.424266e-08 -2.566970e-02 7.476351e-06 2.640213e-08 -1.119016e-06
36.75          1.649116e-01 8.496817e-08 -3.083883e-02 1.649044e-01 5.432647e-08 -3.083775e-02 7.252852e-06 3.064171e-08 -1.074768e-06
36.76          1.625923e-01 9.487108e-08 -3.076688e-02 1.625853e-01 5.825830e-08 -3.076584e-02 7.016860e-06 3.661278e-08 -1.036904e-06
36.77          1.613766e-01 9.373266e-08 -3.088992e-02 1.613699e-01 5.276984e-08 -3.088895e-02 6.704033e-06 4.096282e-08 -9.702204e-07
36.78          1.444277e-01 5.363208e-08 -2.795635e-02 1.444216e-01 1.419975e-08 -2.795551e-02 6.120724e-06 3.943234e-08 -8.411118e-07
36.79          1.579855e-01 7.598280e-08 -3.091310e-02 1.579797e-01 3.576946e-08 -3.091236e-02 5.752382e-06 4.021334e-08 -7.419329e-07
36.8           1.728885e-01 1.006679e-07 -3.418599e-02 1.728830e-01 5.686641e-08 -3.418530e-02 5.502137e-06 4.380154e-08 -6.851173e-07
36.81          1.631449e-01 1.021901e-07 -3.258906e-02 1.631396e-01 5.576370e-08 -3.258844e-02 5.287316e-06 4.642639e-08 -6.205600e-07
36.82          1.444457e-01 4.542030e-08 -2.913950e-02 1.444409e-01 5.925656e-09 -2.913899e-02 4.770807e-06 3.949464e-08 -5.031179e-07
36.83          1.692624e-01 8.233175e-08 -3.447151e-02 1.692578e-01 4.307902e-08 -3.447107e-02 4.556659e-06 3.925273e-08 -4.371015e-07
36.84          1.761893e-01 1.079575e-07 -3.621356e-02 1.761849e-01 6.567879e-08 -3.621316e-02 4.476963e-06 4.227875e-08 -4.020823e-07
36.85          1.710829e-01 1.209501e-07 -3.547761e-02 1.710785e-01 7.158584e-08 -3.547725e-02 4.395593e-06 4.936426e-08 -3.667209e-07
36.86          1.801890e-01 1.095164e-07 -3.768772e-02 1.801848e-01 5.835950e-08 -3.768743e-02 4.172766e-06 5.115692e-08 -2.896768e-07
36.87          1.756590e-01 1.095509e-07 -3.704543e-02 1.756551e-01 5.650297e-08 -3.704522e-02 3.940877e-06 5.304792e-08 -2.101435e-07
36.88          1.682185e-01 1.199894e-07 -3.575985e-02 1.682148e-01 6.210071e-08 -3.575972e-02 3.772401e-06 5.788868e-08 -1.327395e-07
36.89          1.774198e-01 1.012416e-07 -3.800572e-02 1.774163e-01 4.504210e-08 -3.800569e-02 3.517872e-06 5.619949e-08 -3.146359e-08
36.9           1.881154e-01 1.464492e-07 -4.059387e-02 1.881120e-01 8.220163e-08 -4.059390e-02 3.428879e-06 6.424759e-08 2.976851e-08
36.91          1.784671e-01 1.320701e-07 -3.878462e-02 1.784638e-01 6.209997e-08 -3.878470e-02 3.282281e-06 6.997014e-08 8.919819e-08
36.92          1.731137e-01 1.438233e-07 -3.787591e-02 1.731105e-01 6.882784e-08 -3.787607e-02 3.153745e-06 7.499546e-08 1.595815e-07
36.93          1.825181e-01 1.518474e-07 -4.019212e-02 1.825150e-01 7.191174e-08 -4.019235e-02 3.038664e-06 7.993566e-08 2.279266e-07
36.94          1.954322e-01 1.637082e-07 -4.330217e-02 1.954292e-01 7.979649e-08 -4.330246e-02 2.936651e-06 8.391168e-08 2.918136e-07
36.95          1.808839e-01 1.646155e-07 -4.031488e-02 1.808811e-01 7.588377e-08 -4.031524e-02 2.847093e-06 8.873172e-08 3.584169e-07
36.96          1.812320e-01 1.657280e-07 -4.061795e-02 1.812292e-01 7.340232e-08 -4.061837e-02 2.765804e-06 9.232565e-08 4.175612e-07
36.97          1.906625e-01 1.700477e-07 -4.295740e-02 1.906597e-01 7.655191e-08 -4.295787e-02 2.708594e-06 9.349576e-08 4.716753e-07
36.98          1.904383e-01 1.756382e-07 -4.312122e-02 1.904357e-01 7.965358e-08 -4.312173e-02 2.661246e-06 9.598463e-08 5.123219e-07
36.99          1.894439e-01 1.748058e-07 -4.309768e-02 1.894412e-01 7.771907e-08 -4.309822e-02 2.627834e-06 9.708677e-08 5.461183e-07
37             1.813808e-01 1.551299e-07 -4.144557e-02 1.813781e-01 6.566157e-08 -4.144615e-02 2.692604e-06 8.946830e-08 5.790783e-07
37.01          1.978719e-01 1.888137e-07 -4.539979e-02 1.978693e-01 9.460157e-08 -4.540038e-02 2.625667e-06 9.421215e-08 5.890346e-07
37.02          1.977451e-01 1.922472e-07 -4.554444e-02 1.977425e-01 9.772938e-08 -4.554504e-02 2.563615e-06 9.451778e-08 6.031898e-07
37.03          1.934900e-01 1.875603e-07 -4.472209e-02 1.934874e-01 9.193286e-08 -4.472269e-02 2.573663e-06 9.562741e-08 5.995494e-07
37.04          1.866163e-01 1.812666e-07 -4.327340e-02 1.866137e-01 8.761037e-08 -4.327400e-02 2.649970e-06 9.365618e-08 5.976029e-07
37.05          2.033200e-01 1.907249e-07 -4.728615e-02 2.033174e-01 9.673070e-08 -4.728673e-02 2.667415e-06 9.399419e-08 5.858374e-07
37.06          2.094610e-01 1.990828e-07 -4.884441e-02 2.094583e-01 1.028502e-07 -4.884497e-02 2.674522e-06 9.623260e-08 5.668121e-07
37.07          1.984818e-01 2.011840e-07 -4.639474e-02 1.984791e-01 1.048912e-07 -4.639528e-02 2.763649e-06 9.629281e-08 5.375624e-07
37.08          1.914600e-01 1.983988e-07 -4.484750e-02 1.914572e-01 1.010896e-07 -4.484801e-02 2.818396e-06 9.730925e-08 5.021712e-07
37.09          2.060792e-01 2.050038e-07 -4.835966e-02 2.060762e-01 1.078338e-07 -4.836011e-02 2.917366e-06 9.716998e-08 4.489514e-07
37.1           2.020879e-01 2.107964e-07 -4.749619e-02 2.020848e-01 1.146046e-07 -4.749658e-02 3.068206e-06 9.619179e-08 3.902428e-07
37.11          2.030666e-01 2.107678e-07 -4.778617e-02 2.030633e-01 1.166469e-07 -4.778652e-02 3.281766e-06 9.412090e-08 3.487112e-07
37.12          2.042647e-01 2.087243e-07 -4.811548e-02 2.042612e-01 1.157561e-07 -4.811574e-02 3.530157e-06 9.296817e-08 2.612999e-07
37.13          2.085296e-01 2.073148e-07 -4.915458e-02 2.085258e-01 1.160914e-07 -4.915476e-02 3.766178e-06 9.122342e-08 1.818842e-07
37.14          2.083761e-01 2.085735e-07 -4.913940e-02 2.083722e-01 1.168468e-07 -4.913952e-02 3.865900e-06 9.172664e-08 1.152310e-07
37.15          1.972408e-01 2.096740e-07 -4.652057e-02 1.972366e-01 1.183373e-07 -4.652059e-02 4.153582e-06 9.133670e-08 2.212678e-08
37.16          2.490633e-01 2.133366e-07 -5.873421e-02 2.490596e-01 1.175888e-07 -5.873425e-02 3.723407e-06 9.574778e-08 4.053168e-08
37.17          2.282234e-01 2.229313e-07 -5.379830e-02 2.282195e-01 1.264850e-07 -5.379824e-02 3.928688e-06 9.644623e-08 -5.181948e-08
37.18          2.152115e-01 2.263548e-07 -5.069615e-02 2.152072e-01 1.304930e-07 -5.069597e-02 4.328376e-06 9.586184e-08 -1.750315e-07
37.19          2.198022e-01 2.260157e-07 -5.172685e-02 2.197976e-01 1.324770e-07 -5.172657e-02 4.639664e-06 9.353869e-08 -2.831007e-07
37.2           2.113125e-01 2.269864e-07 -4.966619e-02 2.113072e-01 1.367589e-07 -4.966577e-02 5.215764e-06 9.022752e-08 -4.192020e-07
37.21          2.164986e-01 2.240054e-07 -5.080627e-02 2.164929e-01 1.369999e-07 -5.080576e-02 5.624983e-06 8.700549e-08 -5.144834e-07
37.22          2.306813e-01 2.194923e-07 -5.403553e-02 2.306756e-01 1.348331e-07 -5.403497e-02 5.696230e-06 8.465917e-08 -5.588118e-07
37.23          2.468846e-01 2.128109e-07 -5.770875e-02 2.468791e-01 1.292097e-07 -5.770821e-02 5.542595e-06 8.360114e-08 -5.459316e-07
37.24          2.255983e-01 2.118706e-07 -5.260804e-02 2.255925e-01 1.311597e-07 -5.260740e-02 5.864032e-06 8.071091e-08 -6.363134e-07
37.25          2.278518e-01 2.093260e-07 -5.299198e-02 2.278457e-01 1.325633e-07 -5.299124e-02 6.173733e-06 7.676270e-08 -7.375376e-07
37.26          2.514629e-01 2.124295e-07 -5.830964e-02 2.514565e-01 1.396132e-07 -5.830882e-02 6.444158e-06 7.281633e-08 -8.150796e-07
37.27          2.004625e-01 1.901129e-07 -4.633353e-02 2.004555e-01 1.216365e-07 -4.633260e-02 6.960055e-06 6.847641e-08 -9.314146e-07
37.28          2.690552e-01 2.031730e-07 -6.196556e-02 2.690483e-01 1.389312e-07 -6.196461e-02 6.967050e-06 6.424184e-08 -9.460148e-07
37.29          2.274331e-01 1.842820e-07 -5.217975e-02 2.274258e-01 1.242787e-07 -5.217871e-02 7.342264e-06 6.000333e-08 -1.043658e-06
37.3           2.493789e-01 1.867040e-07 -5.697924e-02 2.493712e-01 1.315247e-07 -5.697811e-02 7.703208e-06 5.517927e-08 -1.133871e-06
37.31          2.323609e-01 1.775539e-07 -5.285857e-02 2.323526e-01 1.284080e-07 -5.285731e-02 8.284668e-06 4.914582e-08 -1.251715e-06
37.32          2.538717e-01 1.750786e-07 -5.748172e-02 2.538634e-01 1.293091e-07 -5.748047e-02 8.328048e-06 4.576949e-08 -1.248974e-06
37.33          2.503582e-01 1.648816e-07 -5.640507e-02 2.503497e-01 1.220574e-07 -5.640381e-02 8.466348e-06 4.282418e-08 -1.259171e-06
37.34          2.575801e-01 1.627573e-07 -5.772703e-02 2.575713e-01 1.235801e-07 -5.772572e-02 8.805085e-06 3.917713e-08 -1.318498e-06
37.35          2.661753e-01 1.592373e-07 -5.932238e-02 2.661663e-01 1.237097e-07 -5.932105e-02 8.993622e-06 3.552762e-08 -1.330158e-06
37.36          2.490932e-01 1.565020e-07 -5.519166e-02 2.490836e-01 1.241830e-07 -5.519024e-02 9.590638e-06 3.231900e-08 -1.421484e-06
37.37          2.218836e-01 1.410559e-07 -4.886245e-02 2.218735e-01 1.114344e-07 -4.886094e-02 1.002639e-05 2.962145e-08 -1.505476e-06
37.38          2.850363e-01 1.618196e-07 -6.236496e-02 2.850262e-01 1.350146e-07 -6.236342e-02 1.016569e-05 2.680498e-08 -1.537512e-06
37.39          2.721054e-01 1.486652e-07 -5.913591e-02 2.720951e-01 1.236498e-07 -5.913432e-02 1.025688e-05 2.501546e-08 -1.589550e-06
37.4           2.659607e-01 1.467818e-07 -5.739576e-02 2.659502e-01 1.235226e-07 -5.739413e-02 1.047944e-05 2.325918e-08 -1.626140e-06
37.41          2.637143e-01 1.427392e-07 -5.649623e-02 2.637032e-01 1.228106e-07 -5.649447e-02 1.107524e-05 1.992860e-08 -1.755186e-06
37.42          3.046646e-01 1.542200e-07 -6.477451e-02 3.046537e-01 1.352765e-07 -6.477282e-02 1.083821e-05 1.894353e-08 -1.687952e-06
37.43          2.590740e-01 1.312520e-07 -5.465026e-02 2.590624e-01 1.145682e-07 -5.464845e-02 1.164547e-05 1.668380e-08 -1.816866e-06
37.44          2.003851e-01 1.079356e-07 -4.192760e-02 2.003727e-01 9.067903e-08 -4.192560e-02 1.243130e-05 1.725658e-08 -1.992233e-06
37.45          3.316469e-01 1.627199e-07 -6.880062e-02 3.316345e-01 1.500444e-07 -6.879861e-02 1.235416e-05 1.267551e-08 -2.007569e-06
37.46          2.803185e-01 1.302211e-07 -5.764373e-02 2.803058e-01 1.184870e-07 -5.764167e-02 1.265746e-05 1.173409e-08 -2.060939e-06
37.47          2.899799e-01 1.320345e-07 -5.908970e-02 2.899670e-01 1.213742e-07 -5.908763e-02 1.283379e-05 1.066029e-08 -2.068477e-06
37.48          2.823848e-01 1.257405e-07 -5.700287e-02 2.823718e-01 1.163786e-07 -5.700078e-02 1.299503e-05 9.361908e-09 -2.087437e-06
37.49          3.140714e-01 1.338271e-07 -6.278389e-02 3.140581e-01 1.262009e-07 -6.278178e-02 1.328414e-05 7.626140e-09 -2.106115e-06
37.5           3.217917e-01 1.315913e-07 -6.368496e-02 3.217779e-01 1.260825e-07 -6.368277e-02 1.381011e-05 5.508864e-09 -2.189560e-06
37.51          3.285312e-01 1.289604e-07 -6.435034e-02 3.285176e-01 1.234174e-07 -6.434822e-02 1.364154e-05 5.543030e-09 -2.123203e-06
37.52          3.154563e-01 1.250422e-07 -6.113578e-02 3.154423e-01 1.204606e-07 -6.113357e-02 1.405987e-05 4.581628e-09 -2.207970e-06
37.53          3.301132e-01 1.270890e-07 -6.327847e-02 3.300988e-01 1.230953e-07 -6.327620e-02 1.439549e-05 3.993683e-09 -2.269584e-06
37.54          3.300600e-01 1.252102e-07 -6.255899e-02 3.300453e-01 1.218032e-07 -6.255665e-02 1.474926e-05 3.406996e-09 -2.332337e-06
37.55          3.077828e-01 1.108743e-07 -5.766435e-02 3.077672e-01 1.082894e-07 -5.766189e-02 1.556582e-05 2.584834e-09 -2.461064e-06
37.56          3.336384e-01 1.216115e-07 -6.176694e-02 3.336226e-01 1.198681e-07 -6.176443e-02 1.582669e-05 1.743410e-09 -2.507900e-06
37.57          3.654122e-01 1.302336e-07 -6.682478e-02 3.653967e-01 1.282979e-07 -6.682235e-02 1.554567e-05 1.935629e-09 -2.434922e-06
37.58          2.941258e-01 1.160090e-07 -5.311785e-02 2.941091e-01 1.152830e-07 -5.311521e-02 1.672219e-05 7.259525e-10 -2.646989e-06
37.59          3.828710e-01 1.452048e-07 -6.825388e-02 3.828549e-01 1.444372e-07 -6.825137e-02 1.616510e-05 7.675515e-10 -2.510288e-06
37.6           3.027070e-01 1.174692e-07 -5.325577e-02 3.026895e-01 1.182154e-07 -5.325304e-02 1.748611e-05 -7.461903e-10 -2.732835e-06
37.61          3.598969e-01 1.338431e-07 -6.246032e-02 3.598796e-01 1.351769e-07 -6.245765e-02 1.730634e-05 -1.333858e-09 -2.669037e-06
37.62          3.623388e-01 1.380369e-07 -6.201356e-02 3.623215e-01 1.393270e-07 -6.201097e-02 1.726308e-05 -1.290161e-09 -2.595608e-06
37.63          3.392930e-01 1.329191e-07 -5.724651e-02 3.392751e-01 1.342735e-07 -5.724390e-02 1.785333e-05 -1.354319e-09 -2.615421e-06
37.64          3.958992e-01 1.615713e-07 -6.582468e-02 3.958813e-01 1.629342e-07 -6.582210e-02 1.789290e-05 -1.362947e-09 -2.580219e-06
37.65          4.076465e-01 1.752563e-07 -6.676872e-02 4.076288e-01 1.762135e-07 -6.676623e-02 1.774601e-05 -9.572163e-10 -2.488004e-06
37.66          3.776840e-01 1.672459e-07 -6.091960e-02 3.776654e-01 1.690421e-07 -6.091697e-02 1.863193e-05 -1.796203e-09 -2.635323e-06
37.67          3.633496e-01 1.627608e-07 -5.769279e-02 3.633305e-01 1.654410e-07 -5.769011e-02 1.905084e-05 -2.680153e-09 -2.676454e-06
37.68          3.933261e-01 1.837361e-07 -6.145226e-02 3.933070e-01 1.870343e-07 -6.144959e-02 1.908217e-05 -3.298228e-09 -2.668797e-06
37.69          4.206081e-01 1.948623e-07 -6.463733e-02 4.205893e-01 1.978482e-07 -6.463476e-02 1.885192e-05 -2.985929e-09 -2.573725e-06
37.7           3.754956e-01 1.621413e-07 -5.673938e-02 3.754759e-01 1.638699e-07 -5.673675e-02 1.970944e-05 -1.728627e-09 -2.629708e-06
37.71          3.932090e-01 1.751636e-07 -5.839641e-02 3.931891e-01 1.767450e-07 -5.839376e-02 1.985717e-05 -1.581414e-09 -2.648525e-06
37.72          3.797949e-01 1.754554e-07 -5.541421e-02 3.797744e-01 1.793977e-07 -5.541151e-02 2.043908e-05 -3.942325e-09 -2.701043e-06
37.73          3.896222e-01 1.794375e-07 -5.582592e-02 3.896018e-01 1.842349e-07 -5.582323e-02 2.038145e-05 -4.797462e-09 -2.688639e-06
37.74          4.115335e-01 1.868287e-07 -5.788014e-02 4.115134e-01 1.899213e-07 -5.787749e-02 2.014467e-05 -3.092563e-09 -2.648853e-06
37.75          4.029607e-01 1.836139e-07 -5.560901e-02 4.029402e-01 1.876855e-07 -5.560639e-02 2.049569e-05 -4.071590e-09 -2.613250e-06
37.76          4.476704e-01 2.007859e-07 -6.058932e-02 4.476503e-01 2.049281e-07 -6.058684e-02 2.010929e-05 -4.142203e-09 -2.477907e-06
37.77          3.618339e-01 1.672624e-07 -4.801291e-02 3.618127e-01 1.724672e-07 -4.801034e-02 2.122134e-05 -5.204746e-09 -2.575388e-06
37.78          3.812904e-01 1.523530e-07 -4.957642e-02 3.812686e-01 1.592257e-07 -4.957379e-02 2.184301e-05 -6.872636e-09 -2.627583e-06
37.79          4.238263e-01 1.832686e-07 -5.397294e-02 4.238051e-01 1.909287e-07 -5.397040e-02 2.126139e-05 -7.660171e-09 -2.532958e-06
37.8           4.060181e-01 1.633955e-07 -5.061936e-02 4.059968e-01 1.712652e-07 -5.061694e-02 2.127334e-05 -7.869700e-09 -2.423248e-06
37.81          4.577316e-01 1.996387e-07 -5.583963e-02 4.577110e-01 2.077091e-07 -5.583738e-02 2.051914e-05 -8.070421e-09 -2.256360e-06
37.82          3.810166e-01 1.449161e-07 -4.546312e-02 3.809952e-01 1.534808e-07 -4.546082e-02 2.140184e-05 -8.564682e-09 -2.294667e-06
37.83          4.082551e-01 1.496893e-07 -4.761732e-02 4.082338e-01 1.591369e-07 -4.761504e-02 2.131473e-05 -9.447579e-09 -2.278447e-06
37.84          3.768452e-01 1.276494e-07 -4.294513e-02 3.768233e-01 1.376663e-07 -4.294285e-02 2.186474e-05 -1.001681e-08 -2.279236e-06
37.85          4.014363e-01 1.318418e-07 -4.467092e-02 4.014147e-01 1.426796e-07 -4.466869e-02 2.160688e-05 -1.083783e-08 -2.223822e-06
37.86          4.084469e-01 1.331804e-07 -4.435775e-02 4.084253e-01 1.452592e-07 -4.435558e-02 2.166226e-05 -1.207877e-08 -2.163524e-06
37.87          4.688324e-01 1.461877e-07 -4.966021e-02 4.688119e-01 1.571954e-07 -4.965826e-02 2.052218e-05 -1.100768e-08 -1.953263e-06
37.88          3.866871e-01 1.147702e-07 -3.993082e-02 3.866664e-01 1.249933e-07 -3.992890e-02 2.072325e-05 -1.022303e-08 -1.926387e-06
37.89          3.941900e-01 1.102103e-07 -3.965617e-02 3.941691e-01 1.210557e-07 -3.965426e-02 2.092940e-05 -1.084540e-08 -1.905293e-06
37.9           3.557903e-01 1.013172e-07 -3.485133e-02 3.557687e-01 1.134731e-07 -3.484937e-02 2.156764e-05 -1.215589e-08 -1.963197e-06
37.91          3.506203e-01 9.252638e-08 -3.341843e-02 3.505986e-01 1.064604e-07 -3.341647e-02 2.173611e-05 -1.393405e-08 -1.963618e-06
37.92          4.329120e-01 1.110601e-07 -4.011809e-02 4.328915e-01 1.250755e-07 -4.011634e-02 2.051925e-05 -1.401541e-08 -1.759628e-06
37.93          4.086968e-01 1.150527e-07 -3.680470e-02 4.086768e-01 1.282610e-07 -3.680305e-02 2.001045e-05 -1.320828e-08 -1.652964e-06
37.94          4.393421e-01 1.094627e-07 -3.841788e-02 4.393226e-01 1.223311e-07 -3.841640e-02 1.943126e-05 -1.286840e-08 -1.479252e-06
37.95          3.439299e-01 6.644276e-08 -2.918547e-02 3.439100e-01 7.900369e-08 -2.918402e-02 1.986402e-05 -1.256093e-08 -1.449472e-06
37.96          2.966572e-01 5.122096e-08 -2.441069e-02 2.966363e-01 6.562485e-08 -2.440914e-02 2.084265e-05 -1.440389e-08 -1.547633e-06
37.97          3.269962e-01 4.861406e-08 -2.606763e-02 3.269757e-01 6.481553e-08 -2.606614e-02 2.047226e-05 -1.620148e-08 -1.485388e-06
37.98          3.727597e-01 6.620289e-08 -2.876646e-02 3.727397e-01 8.344006e-08 -2.876508e-02 1.993900e-05 -1.723718e-08 -1.387734e-06
37.99          3.463530e-01 4.475908e-08 -2.585705e-02 3.463332e-01 6.269205e-08 -2.585576e-02 1.980121e-05 -1.793297e-08 -1.288346e-06
38             3.380711e-01 4.295498e-08 -2.439463e-02 3.380513e-01 6.078830e-08 -2.439340e-02 1.979284e-05 -1.783332e-08 -1.225620e-06
38.01          4.054806e-01 6.066847e-08 -2.825166e-02 4.054622e-01 7.749923e-08 -2.825060e-02 1.844061e-05 -1.683075e-08 -1.062243e-06
38.02          2.787731e-01 1.529177e-08 -1.874389e-02 2.787537e-01 3.176073e-08 -1.874277e-02 1.939966e-05 -1.646896e-08 -1.126042e-06
38.03          2.703980e-01 2.666170e-08 -1.752487e-02 2.703783e-01 4.398335e-08 -1.752368e-02 1.971207e-05 -1.732165e-08 -1.193461e-06
38.04          2.999297e-01 3.366097e-08 -1.871600e-02 2.999109e-01 5.213363e-08 -1.871490e-02 1.881632e-05 -1.847266e-08 -1.096840e-06
38.05          2.984314e-01 3.229914e-08 -1.791289e-02 2.984132e-01 5.078278e-08 -1.791189e-02 1.812579e-05 -1.848364e-08 -1.001251e-06
38.06          2.987680e-01 3.129886e-08 -1.723145e-02 2.987504e-01 4.989799e-08 -1.723050e-02 1.757622e-05 -1.859913e-08 -9.482581e-07
38.07          2.793367e-01 2.471820e-08 -1.546343e-02 2.793196e-01 4.272425e-08 -1.546254e-02 1.710748e-05 -1.800605e-08 -8.822833e-07
38.08          2.843628e-01 2.045216e-08 -1.509042e-02 2.843461e-01 3.798369e-08 -1.508959e-02 1.671077e-05 -1.753154e-08 -8.349956e-07
38.09          2.688686e-01 1.406402e-08 -1.366185e-02 2.688526e-01 3.106101e-08 -1.366111e-02 1.604688e-05 -1.699700e-08 -7.402910e-07
38.1           2.512274e-01 5.144145e-09 -1.220793e-02 2.512113e-01 2.152069e-08 -1.220722e-02 1.606068e-05 -1.637654e-08 -7.041003e-07
38.11          2.498171e-01 3.691689e-09 -1.159334e-02 2.498015e-01 1.965408e-08 -1.159267e-02 1.561352e-05 -1.596239e-08 -6.651171e-07
38.12          2.470085e-01 5.727656e-09 -1.093184e-02 2.469935e-01 2.206506e-08 -1.093125e-02 1.506522e-05 -1.633741e-08 -5.938337e-07
38.13          2.583320e-01 1.137932e-08 -1.088651e-02 2.583178e-01 2.786686e-08 -1.088599e-02 1.421510e-05 -1.648753e-08 -5.124324e-07
38.14          2.342008e-01 4.101672e-09 -9.384469e-03 2.341868e-01 2.043819e-08 -9.384000e-03 1.400325e-05 -1.633651e-08 -4.691878e-07
38.15          1.871728e-01 -1.275097e-08 -7.121046e-03 1.871585e-01 3.276803e-09 -7.120569e-03 1.427591e-05 -1.602778e-08 -4.773035e-07
38.16          2.271018e-01 2.198818e-09 -8.185247e-03 2.270885e-01 1.793446e-08 -8.184841e-03 1.329770e-05 -1.573565e-08 -4.060086e-07
38.17          1.810592e-01 -1.295058e-08 -6.174036e-03 1.810459e-01 2.017827e-09 -6.173631e-03 1.331497e-05 -1.496841e-08 -4.056661e-07
38.18          1.994761e-01 -2.975968e-09 -6.419911e-03 1.994636e-01 1.145554e-08 -6.419549e-03 1.253539e-05 -1.443151e-08 -3.629536e-07
38.19          1.822170e-01 -6.834099e-09 -5.524753e-03 1.822047e-01 6.704946e-09 -5.524431e-03 1.221811e-05 -1.353905e-08 -3.226147e-07
38.2           1.855895e-01 -2.007031e-09 -5.288397e-03 1.855779e-01 1.019397e-08 -5.288116e-03 1.154515e-05 -1.220101e-08 -2.809752e-07
38.21          1.873773e-01 3.307155e-09 -5.006058e-03 1.873665e-01 1.441450e-08 -5.005822e-03 1.077770e-05 -1.110735e-08 -2.359327e-07
38.22          1.724605e-01 3.051762e-09 -4.309407e-03 1.724503e-01 1.233772e-08 -4.309223e-03 1.025346e-05 -9.285963e-09 -1.841145e-07
38.23          1.855443e-01 1.347011e-08 -4.323464e-03 1.855351e-01 2.164297e-08 -4.323308e-03 9.243898e-06 -8.172865e-09 -1.554740e-07
38.24          1.716096e-01 1.435578e-08 -3.718431e-03 1.716011e-01 2.204113e-08 -3.718321e-03 8.580649e-06 -7.685347e-09 -1.096752e-07
38.25          1.685499e-01 1.650653e-08 -3.384688e-03 1.685420e-01 2.322837e-08 -3.384662e-03 7.947147e-06 -6.721837e-09 -2.569279e-08
38.26          1.567767e-01 1.398751e-08 -2.907654e-03 1.567693e-01 2.116620e-08 -2.907687e-03 7.329913e-06 -7.178694e-09 3.225406e-08
38.27          1.435040e-01 1.347443e-08 -2.448709e-03 1.434971e-01 2.037785e-08 -2.448773e-03 6.909829e-06 -6.903422e-09 6.435750e-08
38.28          1.334479e-01 1.636483e-08 -2.086146e-03 1.334413e-01 2.231001e-08 -2.086226e-03 6.573094e-06 -5.945187e-09 7.969898e-08
38.29          1.565650e-01 3.488397e-08 -2.230679e-03 1.565591e-01 4.029098e-08 -2.230822e-03 5.858345e-06 -5.407010e-09 1.435177e-07
38.3           1.471080e-01 3.607090e-08 -1.901049e-03 1.471025e-01 4.049100e-08 -1.901256e-03 5.418946e-06 -4.420102e-09 2.071357e-07
38.31          1.270540e-01 3.579343e-08 -1.481007e-03 1.270489e-01 3.865509e-08 -1.481258e-03 5.037117e-06 -2.861657e-09 2.506254e-07
38.32          1.256993e-01 3.693531e-08 -1.312300e-03 1.256946e-01 3.735889e-08 -1.312595e-03 4.726841e-06 -4.235812e-10 2.950943e-07
38.33          1.370110e-01 6.288084e-08 -1.271468e-03 1.370067e-01 6.159785e-08 -1.271829e-03 4.287853e-06 1.282996e-09 3.609808e-07
38.34          1.327641e-01 6.654041e-08 -1.085665e-03 1.327601e-01 6.529647e-08 -1.086103e-03 3.941001e-06 1.243940e-09 4.378163e-07
38.35          1.213482e-01 6.759911e-08 -8.653012e-04 1.213444e-01 6.571158e-08 -8.657778e-04 3.732398e-06 1.887526e-09 4.766588e-07
38.36          1.240124e-01 7.661185e-08 -7.612739e-04 1.240088e-01 7.272267e-08 -7.618129e-04 3.627572e-06 3.889172e-09 5.390132e-07
38.37          1.137729e-01 8.680427e-08 -5.925424e-04 1.137693e-01 7.831823e-08 -5.931010e-04 3.567817e-06 8.486043e-09 5.585608e-07
38.38          1.127604e-01 9.506827e-08 -4.887508e-04 1.127568e-01 8.077693e-08 -4.893214e-04 3.616191e-06 1.429134e-08 5.705606e-07
38.39          1.216803e-01 9.724245e-08 -4.281596e-04 1.216763e-01 7.775103e-08 -4.287685e-04 3.957371e-06 1.949142e-08 6.088318e-07
38.4           1.090899e-01 1.034207e-07 -3.020743e-04 1.090857e-01 7.623369e-08 -3.026931e-04 4.238997e-06 2.718697e-08 6.188339e-07
38.41          1.147941e-01 1.081590e-07 -2.384404e-04 1.147893e-01 7.181618e-08 -2.390683e-04 4.840410e-06 3.634279e-08 6.278184e-07
38.42          9.731196e-02 1.172641e-07 -1.416719e-04 9.730689e-02 7.177603e-08 -1.422703e-04 5.068830e-06 4.548808e-08 5.983576e-07
38.43          1.030341e-01 1.173973e-07 -9.164740e-05 1.030286e-01 6.309241e-08 -9.221648e-05 5.570252e-06 5.430486e-08 5.690840e-07
38.44          1.045965e-01 1.130959e-07 -4.081240e-05 1.045902e-01 5.058169e-08 -4.135650e-05 6.252503e-06 6.251418e-08 5.440972e-07
38.45          1.026132e-01 1.123583e-07 4.471885e-06 1.026063e-01 4.149973e-08 3.954280e-06 6.931031e-06 7.085854e-08 5.176057e-07
38.46          1.034336e-01 1.095280e-07 4.271259e-05 1.034260e-01 3.122911e-08 4.224404e-05 7.672465e-06 7.829887e-08 4.685529e-07
38.47          1.005228e-01 1.040227e-07 7.206590e-05 1.005143e-01 2.059386e-08 7.165427e-05 8.466465e-06 8.342883e-08 4.116296e-07
38.48          9.511365e-02 9.600684e-08 9.084104e-05 9.510446e-02 9.711087e-09 9.047885e-05 9.194222e-06 8.629576e-08 3.621846e-07
38.49          9.244870e-02 8.523282e-08 1.046968e-04 9.243885e-02 -1.573153e-09 1.043553e-04 9.846577e-06 8.680598e-08 3.415174e-07
38.5           8.617400e-02 7.774512e-08 1.068506e-04 8.616359e-02 -8.790907e-09 1.065452e-04 1.040547e-05 8.653602e-08 3.053590e-07
38.51          1.193337e-01 6.399168e-08 1.565781e-04 1.193221e-01 -2.370778e-08 1.563025e-04 1.162381e-05 8.769945e-08 2.756121e-07
38.52          7.592349e-02 5.982654e-08 9.597980e-05 7.591165e-02 -2.289274e-08 9.570287e-05 1.184154e-05 8.271927e-08 2.769257e-07
38.53          5.793765e-02 6.292541e-08 6.690779e-05 5.792544e-02 -1.436941e-08 6.664830e-05 1.220597e-05 7.729482e-08 2.594874e-07
38.54          7.072104e-02 6.232348e-08 7.322875e-05 7.070819e-02 -8.661597e-09 7.298544e-05 1.285656e-05 7.098508e-08 2.433041e-07
38.55          4.529798e-02 4.275995e-08 3.474839e-05 4.528496e-02 -1.665211e-08 3.453685e-05 1.302344e-05 5.941206e-08 2.115345e-07
38.56          4.747745e-02 4.783678e-08 2.364505e-05 4.746412e-02 -1.477191e-09 2.343760e-05 1.333854e-05 4.931397e-08 2.074494e-07
38.57          6.865040e-02 5.026972e-08 1.421406e-05 6.863609e-02 7.197905e-09 1.404008e-05 1.430290e-05 4.307181e-08 1.739736e-07
38.58          3.376824e-02 4.488138e-08 -1.088208e-05 3.375364e-02 1.116317e-08 -1.104028e-05 1.459108e-05 3.371821e-08 1.582007e-07
38.59          6.433358e-02 4.543636e-08 -4.339777e-05 6.431811e-02 1.906848e-08 -4.351296e-05 1.546907e-05 2.636788e-08 1.151868e-07
38.6           2.608137e-02 3.760621e-08 -3.646340e-05 2.606573e-02 2.078428e-08 -3.654989e-05 1.564268e-05 1.682193e-08 8.648635e-08
38.61          2.540427e-02 2.075356e-08 -5.123792e-05 2.538826e-02 1.613756e-08 -5.128161e-05 1.601213e-05 4.616007e-09 4.368774e-08
38.62          3.633331e-02 1.099208e-08 -9.343196e-05 3.631651e-02 1.245543e-08 -9.343557e-05 1.680097e-05 -1.463346e-09 3.606007e-09
38.63          1.762310e-02 1.748596e-08 -6.290102e-05 1.760583e-02 2.564358e-08 -6.284337e-05 1.726149e-05 -8.157626e-09 -5.765313e-08
38.64          4.997913e-02 1.537195e-08 -2.008462e-04 4.996086e-02 3.128422e-08 -2.007182e-04 1.826737e-05 -1.591226e-08 -1.279282e-07
38.65          -1.766528e-02 2.188102e-09 7.316169e-05 -1.768301e-02 2.646016e-08 7.330583e-05 1.773612e-05 -2.427206e-08 -1.441402e-07
38.66          -1.585091e-02 -1.050090e-08 7.915120e-05 -1.586856e-02 2.316382e-08 7.929463e-05 1.764683e-05 -3.366472e-08 -1.434240e-07
38.67          -2.555545e-02 1.049518e-08 1.577927e-04 -2.557316e-02 5.027516e-08 1.579347e-04 1.771141e-05 -3.977998e-08 -1.420114e-07
38.68          2.033522e-02 2.864827e-08 -1.648189e-04 2.031649e-02 7.207393e-08 -1.646386e-04 1.872246e-05 -4.342565e-08 -1.802828e-07
38.69          1.623361e-02 3.009842e-08 -1.517289e-04 1.621422e-02 8.039658e-08 -1.514998e-04 1.939434e-05 -5.029816e-08 -2.290631e-07
38.7           -2.884210e-02 -9.198526e-09 2.736997e-04 -2.886134e-02 4.891645e-08 2.739356e-04 1.923453e-05 -5.811497e-08 -2.359012e-07
38.71          -8.890101e-03 -7.621462e-09 8.763021e-05 -8.909686e-03 5.643739e-08 8.789988e-05 1.958444e-05 -6.405885e-08 -2.696749e-07
38.72          -2.533035e-02 -2.734316e-08 3.016104e-04 -2.535009e-02 4.144783e-08 3.018899e-04 1.973723e-05 -6.879099e-08 -2.795348e-07
38.73          5.466672e-03 -2.465480e-08 -8.572211e-05 5.446231e-03 4.623669e-08 -8.540790e-05 2.044103e-05 -7.089149e-08 -3.142034e-07
38.74          -3.494650e-02 -5.266151e-08 5.144323e-04 -3.496685e-02 2.007052e-08 5.147738e-04 2.035059e-05 -7.273204e-08 -3.415894e-07
38.75          -2.687577e-02 -6.200024e-08 4.316273e-04 -2.689621e-02 1.331113e-08 4.319417e-04 2.044006e-05 -7.531137e-08 -3.143759e-07
38.76          -6.044470e-02 -7.869110e-08 1.074682e-03 -6.046499e-02 -3.006016e-09 1.074979e-03 2.028987e-05 -7.568508e-08 -2.978209e-07
38.77          -4.181363e-02 -7.085506e-08 8.041205e-04 -4.183416e-02 4.724688e-09 8.044231e-04 2.053025e-05 -7.557975e-08 -3.025531e-07
38.78          -5.231529e-02 -8.369016e-08 1.092307e-03 -5.233590e-02 -8.171777e-09 1.092596e-03 2.060539e-05 -7.551838e-08 -2.886596e-07
38.79          -5.347956e-02 -8.648808e-08 1.204573e-03 -5.350023e-02 -1.193876e-08 1.204842e-03 2.066911e-05 -7.454932e-08 -2.698268e-07
38.8           -2.313278e-02 -4.227992e-08 5.530329e-04 -2.315408e-02 2.843632e-08 5.533332e-04 2.130057e-05 -7.071624e-08 -3.002893e-07
38.81          -6.361529e-02 -1.046083e-07 1.653532e-03 -6.363638e-02 -3.492326e-08 1.653825e-03 2.109461e-05 -6.968507e-08 -2.936014e-07
38.82          -4.852979e-02 -1.026929e-07 1.345016e-03 -4.855104e-02 -3.334549e-08 1.345354e-03 2.124273e-05 -6.934744e-08 -3.374442e-07
38.83          -4.902295e-02 -1.124130e-07 1.448553e-03 -4.904436e-02 -4.491121e-08 1.448924e-03 2.141191e-05 -6.750181e-08 -3.712421e-07
38.84          -6.756637e-02 -1.326201e-07 2.127926e-03 -6.758769e-02 -6.703993e-08 2.128318e-03 2.132057e-05 -6.558016e-08 -3.916148e-07
38.85          -3.609768e-02 -9.917242e-08 1.200417e-03 -3.611948e-02 -3.737166e-08 1.200845e-03 2.180171e-05 -6.180076e-08 -4.278507e-07
38.86          -5.721760e-02 -1.259782e-07 2.022162e-03 -5.723933e-02 -6.598862e-08 2.022654e-03 2.172733e-05 -5.998953e-08 -4.914899e-07
38.87          -3.408011e-02 -1.144484e-07 1.267920e-03 -3.410225e-02 -5.611271e-08 1.268475e-03 2.214496e-05 -5.833570e-08 -5.542050e-07
38.88          -1.050233e-01 -1.839674e-07 4.147707e-03 -1.050445e-01 -1.255824e-07 4.148223e-03 2.117362e-05 -5.838500e-08 -5.158650e-07
38.89          -5.144104e-02 -1.414479e-07 2.132544e-03 -5.146252e-02 -8.358199e-08 2.133086e-03 2.147922e-05 -5.786593e-08 -5.413169e-07
38.9           -6.766064e-02 -1.555271e-07 2.952480e-03 -6.768214e-02 -1.008515e-07 2.953092e-03 2.149547e-05 -5.467559e-08 -6.113875e-07
38.91          -5.163941e-02 -1.509667e-07 2.362190e-03 -5.166095e-02 -9.629085e-08 2.362816e-03 2.154022e-05 -5.467584e-08 -6.256897e-07
38.92          -7.185545e-02 -1.797970e-07 3.450025e-03 -7.187659e-02 -1.257485e-07 3.450652e-03 2.114037e-05 -5.404848e-08 -6.269274e-07
38.93          -2.761735e-02 -1.241964e-07 1.379994e-03 -2.763897e-02 -7.180343e-08 1.380694e-03 2.161405e-05 -5.239298e-08 -7.002628e-07
38.94          -5.371812e-02 -1.594359e-07 2.818035e-03 -5.373945e-02 -1.094060e-07 2.818778e-03 2.133136e-05 -5.002993e-08 -7.422720e-07
38.95          -3.905437e-03 -1.112961e-07 2.026326e-04 -3.927228e-03 -6.427755e-08 2.034658e-04 2.179079e-05 -4.701853e-08 -8.331818e-07
38.96          -7.731661e-02 -2.014502e-07 4.420146e-03 -7.733743e-02 -1.556433e-07 4.420939e-03 2.082345e-05 -4.580695e-08 -7.930840e-07
38.97          -3.557622e-02 -1.623733e-07 2.111691e-03 -3.559700e-02 -1.167852e-07 2.112475e-03 2.077618e-05 -4.558807e-08 -7.842362e-07
38.98          -4.619680e-02 -1.768363e-07 2.856005e-03 -4.621735e-02 -1.324346e-07 2.856835e-03 2.054602e-05 -4.440170e-08 -8.303953e-07
38.99          -2.809446e-02 -1.595972e-07 1.800417e-03 -2.811494e-02 -1.151190e-07 1.801248e-03 2.047685e-05 -4.447818e-08 -8.313554e-07
39             -8.992015e-02 -2.231223e-07 6.007998e-03 -8.993973e-02 -1.796780e-07 6.008802e-03 1.957591e-05 -4.344432e-08 -8.039893e-07
39.01          -2.403050e-02 -1.642924e-07 1.657026e-03 -2.405055e-02 -1.168034e-07 1.657835e-03 2.004684e-05 -4.748903e-08 -8.090992e-07
39.02          -1.680080e-02 -1.469101e-07 1.196981e-03 -1.682105e-02 -1.026611e-07 1.197876e-03 2.024467e-05 -4.424899e-08 -8.955373e-07
39.03          -2.205002e-02 -1.622005e-07 1.630026e-03 -2.207005e-02 -1.208013e-07 1.631017e-03 2.003164e-05 -4.139917e-08 -9.908953e-07
39.04          -9.377698e-03 -1.538744e-07 7.108622e-04 -9.397735e-03 -1.142791e-07 7.119169e-04 2.003650e-05 -3.959529e-08 -1.054739e-06
39.05          -2.018691e-02 -1.684566e-07 1.594597e-03 -2.020658e-02 -1.306184e-07 1.595700e-03 1.967488e-05 -3.783818e-08 -1.102827e-06
39.06          2.807926e-02 -1.178977e-07 -2.315584e-03 2.805916e-02 -8.250491e-08 -2.314365e-03 2.010322e-05 -3.539280e-08 -1.218584e-06
39.07          -9.091679e-05 -1.503434e-07 -2.580717e-06 -1.106410e-04 -1.160861e-07 -1.341213e-06 1.972423e-05 -3.425735e-08 -1.239505e-06
39.08          -7.003460e-03 -1.556779e-07 6.011609e-04 -7.022795e-03 -1.220078e-07 6.024618e-04 1.933466e-05 -3.367010e-08 -1.300911e-06
39.09          2.759154e-03 -1.449546e-07 -2.580531e-04 2.740268e-03 -1.129710e-07 -2.567368e-04 1.888557e-05 -3.198359e-08 -1.316331e-06
39.1           8.040417e-04 -1.499143e-07 -8.425401e-05 7.856415e-04 -1.182273e-07 -8.297361e-05 1.840020e-05 -3.168703e-08 -1.280399e-06
39.11          2.079405e-02 -1.291016e-07 -1.989642e-03 2.077574e-02 -9.836579e-08 -1.988325e-03 1.831335e-05 -3.073584e-08 -1.317132e-06
39.12          2.216783e-02 -1.285329e-07 -2.179265e-03 2.214978e-02 -9.773205e-08 -2.177932e-03 1.804496e-05 -3.080081e-08 -1.333685e-06
39.13          1.956294e-02 -1.336246e-07 -1.976095e-03 1.954512e-02 -1.034561e-07 -1.974770e-03 1.781406e-05 -3.016848e-08 -1.324748e-06
39.14          1.515050e-02 -1.433456e-07 -1.573077e-03 1.513310e-02 -1.130642e-07 -1.571727e-03 1.739789e-05 -3.028148e-08 -1.349998e-06
39.15          2.976786e-02 -1.328704e-07 -3.161985e-03 2.975079e-02 -1.017602e-07 -3.160633e-03 1.707507e-05 -3.111022e-08 -1.351694e-06
39.16          2.516645e-02 -1.243640e-07 -2.742177e-03 2.514977e-02 -9.520852e-08 -2.740779e-03 1.667094e-05 -2.915552e-08 -1.398391e-06
39.17          8.228871e-02 -5.388348e-08 -9.168351e-03 8.227140e-02 -2.525586e-08 -9.166788e-03 1.730539e-05 -2.862761e-08 -1.562887e-06
39.18          3.857064e-02 -9.739666e-08 -4.406104e-03 3.855399e-02 -7.055946e-08 -4.404518e-03 1.664518e-05 -2.683720e-08 -1.585362e-06
39.19          8.085205e-02 -2.459494e-08 -9.445904e-03 8.083526e-02 -2.132100e-10 -9.444213e-03 1.679247e-05 -2.438173e-08 -1.691338e-06
39.2           6.023433e-02 -7.671823e-08 -7.201920e-03 6.021816e-02 -5.332885e-08 -7.200242e-03 1.617275e-05 -2.338939e-08 -1.677927e-06
39.21          5.344526e-02 -9.148434e-08 -6.535824e-03 5.342984e-02 -6.771514e-08 -6.534211e-03 1.542438e-05 -2.376919e-08 -1.613735e-06
39.22          9.984071e-02 -3.185448e-08 -1.247258e-02 9.982501e-02 -1.011624e-08 -1.247085e-02 1.570202e-05 -2.173824e-08 -1.730068e-06
39.23          6.978940e-02 -7.571607e-08 -8.909100e-03 6.977431e-02 -5.442572e-08 -8.907403e-03 1.509173e-05 -2.129036e-08 -1.696903e-06
39.24          6.434984e-02 -8.347313e-08 -8.388556e-03 6.433546e-02 -6.297770e-08 -8.386919e-03 1.438778e-05 -2.049543e-08 -1.637116e-06
39.25          7.417512e-02 -5.825074e-08 -9.867755e-03 7.416095e-02 -3.682563e-08 -9.866146e-03 1.416632e-05 -2.142511e-08 -1.609792e-06
39.26          7.582676e-02 -6.357521e-08 -1.029084e-02 7.581313e-02 -4.340880e-08 -1.028925e-02 1.363553e-05 -2.016641e-08 -1.584267e-06
39.27          8.515240e-02 -5.871307e-08 -1.178365e-02 8.513924e-02 -3.820627e-08 -1.178212e-02 1.315878e-05 -2.050679e-08 -1.529263e-06
39.28          8.964908e-02 -6.183133e-08 -1.264486e-02 8.963640e-02 -4.121530e-08 -1.264333e-02 1.267514e-05 -2.061603e-08 -1.533051e-06
39.29          1.006645e-01 -3.082765e-08 -1.446472e-02 1.006520e-01 -1.050461e-08 -1.446318e-02 1.253439e-05 -2.032303e-08 -1.536401e-06
39.3           1.075215e-01 -7.804893e-09 -1.573337e-02 1.075090e-01 1.323574e-08 -1.573179e-02 1.249396e-05 -2.104063e-08 -1.575124e-06
39.31          9.960926e-02 -9.391350e-09 -1.483737e-02 9.959691e-02 1.105600e-08 -1.483576e-02 1.234953e-05 -2.044735e-08 -1.613076e-06
39.32          1.269745e-01 2.514483e-09 -1.924376e-02 1.269627e-01 2.128661e-08 -1.924216e-02 1.185480e-05 -1.877213e-08 -1.594349e-06
39.33          7.473664e-02 -6.903905e-08 -1.152359e-02 7.472595e-02 -4.703219e-08 -1.152216e-02 1.069250e-05 -2.200686e-08 -1.433131e-06
39.34          1.320427e-01 4.892423e-08 -2.069485e-02 1.320317e-01 6.783565e-08 -2.069332e-02 1.102641e-05 -1.891142e-08 -1.530073e-06
39.35          1.189444e-01 1.492041e-09 -1.894612e-02 1.189337e-01 2.221584e-08 -1.894465e-02 1.065989e-05 -2.072380e-08 -1.473822e-06
39.36          1.191795e-01 -1.539860e-08 -1.928608e-02 1.191692e-01 5.825193e-09 -1.928466e-02 1.023664e-05 -2.122379e-08 -1.418794e-06
39.37          1.255126e-01 -1.730822e-08 -2.062567e-02 1.255027e-01 3.932242e-09 -2.062431e-02 9.871105e-06 -2.124046e-08 -1.361566e-06
39.38          1.179318e-01 -3.845693e-08 -1.967381e-02 1.179225e-01 -1.631434e-08 -1.967251e-02 9.339283e-06 -2.214259e-08 -1.305465e-06
39.39          1.299167e-01 -2.139986e-08 -2.199240e-02 1.299075e-01 8.126386e-10 -2.199109e-02 9.150745e-06 -2.221249e-08 -1.311255e-06
39.4           1.389846e-01 -1.517391e-08 -2.386528e-02 1.389757e-01 7.980191e-09 -2.386404e-02 8.822953e-06 -2.315410e-08 -1.237101e-06
39.41          1.360002e-01 -1.995122e-08 -2.368049e-02 1.359917e-01 3.719731e-09 -2.367930e-02 8.543966e-06 -2.367095e-08 -1.190057e-06
39.42          1.410607e-01 -1.413556e-08 -2.489705e-02 1.410524e-01 9.686157e-09 -2.489587e-02 8.293207e-06 -2.382172e-08 -1.174507e-06
39.43          1.453245e-01 -1.326423e-08 -2.599048e-02 1.453164e-01 9.767350e-09 -2.598936e-02 8.014303e-06 -2.303158e-08 -1.122831e-06
39.44          1.476395e-01 -1.209986e-08 -2.674644e-02 1.476318e-01 1.067072e-08 -2.674537e-02 7.712423e-06 -2.277058e-08 -1.069128e-06
39.45          1.461893e-01 -7.882499e-09 -2.681736e-02 1.461818e-01 1.409393e-08 -2.681632e-02 7.470736e-06 -2.197643e-08 -1.038320e-06
39.46          1.584139e-01 1.385162e-08 -2.941573e-02 1.584066e-01 3.430642e-08 -2.941472e-02 7.315937e-06 -2.045480e-08 -1.007558e-06
39.47          1.449502e-01 -5.498064e-09 -2.723704e-02 1.449433e-01 1.340121e-08 -2.723609e-02 6.943440e-06 -1.889928e-08 -9.472780e-07
39.48          1.541241e-01 6.525364e-09 -2.929627e-02 1.541174e-01 2.387404e-08 -2.929537e-02 6.670989e-06 -1.734868e-08 -8.973572e-07
39.49          1.374816e-01 -3.126399e-08 -2.642767e-02 1.374755e-01 -1.099648e-08 -2.642690e-02 6.106108e-06 -2.026751e-08 -7.778179e-07
39.5           1.585106e-01 -5.462464e-09 -3.080216e-02 1.585048e-01 1.510863e-08 -3.080145e-02 5.825856e-06 -2.057109e-08 -7.053930e-07
39.51          1.608291e-01 1.752992e-08 -3.158378e-02 1.608234e-01 3.566457e-08 -3.158311e-02 5.685928e-06 -1.813465e-08 -6.678109e-07
39.52          1.722231e-01 3.534399e-08 -3.416854e-02 1.722175e-01 4.912100e-08 -3.416790e-02 5.576544e-06 -1.377701e-08 -6.440316e-07
39.53          1.516528e-01 -1.216752e-08 -3.038765e-02 1.516477e-01 4.934500e-09 -3.038711e-02 5.101466e-06 -1.710202e-08 -5.388236e-07
39.54          1.541992e-01 4.974500e-09 -3.119563e-02 1.541943e-01 2.102503e-08 -3.119516e-02 4.839781e-06 -1.605053e-08 -4.678118e-07
39.55          1.611893e-01 -9.624567e-09 -3.291432e-02 1.611850e-01 6.602220e-09 -3.291398e-02 4.361577e-06 -1.622679e-08 -3.381764e-07
39.56          1.758537e-01 3.015378e-08 -3.623286e-02 1.758494e-01 4.269569e-08 -3.623258e-02 4.228361e-06 -1.254191e-08 -2.847436e-07
39.57          1.713571e-01 4.550754e-08 -3.561461e-02 1.713530e-01 5.244835e-08 -3.561436e-02 4.102004e-06 -6.940804e-09 -2.527116e-07
39.58          1.690657e-01 4.344321e-08 -3.543395e-02 1.690618e-01 4.673045e-08 -3.543376e-02 3.918097e-06 -3.287237e-09 -1.924669e-07
39.59          1.739377e-01 5.118786e-08 -3.675064e-02 1.739339e-01 5.003146e-08 -3.675052e-02 3.753852e-06 1.156397e-09 -1.262233e-07
39.6           1.684396e-01 4.612470e-08 -3.586675e-02 1.684361e-01 4.064848e-08 -3.586670e-02 3.562227e-06 5.476223e-09 -5.085196e-08
39.61          1.667949e-01 6.704735e-08 -3.578292e-02 1.667915e-01 5.353459e-08 -3.578293e-02 3.439265e-06 1.351276e-08 1.337430e-08
39.62          1.771081e-01 7.733306e-08 -3.826919e-02 1.771047e-01 5.658915e-08 -3.826927e-02 3.301258e-06 2.074391e-08 7.878126e-08
39.63          1.622300e-01 7.405114e-08 -3.529715e-02 1.622269e-01 4.642474e-08 -3.529730e-02 3.160899e-06 2.762640e-08 1.500642e-07
39.64          2.123949e-01 1.301397e-07 -4.651675e-02 2.123918e-01 8.829932e-08 -4.651695e-02 3.095527e-06 4.184039e-08 2.003957e-07
39.65          1.583576e-01 9.676256e-08 -3.490225e-02 1.583546e-01 4.787466e-08 -3.490250e-02 2.989395e-06 4.888790e-08 2.476259e-07
39.66          2.053471e-01 1.136734e-07 -4.553101e-02 2.053442e-01 6.069981e-08 -4.553135e-02 2.897172e-06 5.297359e-08 3.341072e-07
39.67          1.601570e-01 1.058584e-07 -3.571573e-02 1.601542e-01 4.702131e-08 -3.571611e-02 2.839260e-06 5.883713e-08 3.807223e-07
39.68          2.021590e-01 1.574669e-07 -4.532733e-02 2.021562e-01 8.351980e-08 -4.532774e-02 2.763807e-06 7.394709e-08 4.085253e-07
39.69          1.683892e-01 1.403761e-07 -3.795112e-02 1.683865e-01 6.005083e-08 -3.795155e-02 2.737440e-06 8.032528e-08 4.292870e-07
39.7           2.046066e-01 1.704632e-07 -4.633803e-02 2.046039e-01 8.080641e-08 -4.633847e-02 2.690736e-06 8.965684e-08 4.383813e-07
39.71          1.797474e-01 1.626919e-07 -4.089550e-02 1.797447e-01 6.833648e-08 -4.089594e-02 2.702719e-06 9.435545e-08 4.401100e-07
39.72          1.771897e-01 1.625188e-07 -4.048723e-02 1.771870e-01 6.853288e-08 -4.048766e-02 2.783318e-06 9.398594e-08 4.354969e-07
39.73          1.983221e-01 1.758411e-07 -4.549746e-02 1.983193e-01 8.072859e-08 -4.549790e-02 2.833726e-06 9.511251e-08 4.402102e-07
39.74          1.862159e-01 1.800388e-07 -4.287938e-02 1.862131e-01 8.005963e-08 -4.287981e-02 2.836724e-06 9.997922e-08 4.296287e-07
39.75          2.027976e-01 1.920510e-07 -4.685714e-02 2.027947e-01 8.961019e-08 -4.685757e-02 2.867761e-06 1.024408e-07 4.296035e-07
39.76          1.770313e-01 1.831919e-07 -4.103247e-02 1.770283e-01 8.206045e-08 -4.103288e-02 3.002317e-06 1.011314e-07 4.044205e-07
39.77          2.208117e-01 2.093766e-07 -5.132554e-02 2.208087e-01 1.036705e-07 -5.132591e-02 3.000748e-06 1.057062e-07 3.779355e-07
39.78          1.793464e-01 1.975528e-07 -4.179519e-02 1.793432e-01 9.274015e-08 -4.179552e-02 3.175302e-06 1.048126e-07 3.272137e-07
39.79          2.083899e-01 2.122485e-07 -4.867444e-02 2.083866e-01 1.076210e-07 -4.867472e-02 3.315451e-06 1.046275e-07 2.852188e-07
39.8           1.913752e-01 2.065660e-07 -4.479021e-02 1.913718e-01 1.021582e-07 -4.479045e-02 3.470843e-06 1.044078e-07 2.395483e-07
39.81          2.091876e-01 2.151748e-07 -4.904293e-02 2.091842e-01 1.066932e-07 -4.904313e-02 3.443782e-06 1.084816e-07 2.030535e-07
39.82          1.989938e-01 2.305995e-07 -4.672060e-02 1.989901e-01 1.224287e-07 -4.672071e-02 3.726632e-06 1.081708e-07 1.121034e-07
39.83          2.130054e-01 2.255752e-07 -5.006796e-02 2.130018e-01 1.133759e-07 -5.006804e-02 3.657932e-06 1.121993e-07 8.011312e-08
39.84          1.986790e-01 2.371793e-07 -4.674200e-02 1.986751e-01 1.258232e-07 -4.674199e-02 3.887653e-06 1.113560e-07 -1.490102e-08
39.85          2.157591e-01 2.373777e-07 -5.079051e-02 2.157552e-01 1.255533e-07 -5.079046e-02 3.944001e-06 1.118244e-07 -5.506470e-08
39.86          1.902536e-01 2.465993e-07 -4.480126e-02 1.902491e-01 1.402842e-07 -4.480109e-02 4.499686e-06 1.063151e-07 -1.694085e-07
39.87          1.903091e-01 2.426690e-07 -4.481588e-02 1.903041e-01 1.402366e-07 -4.481560e-02 4.992507e-06 1.024325e-07 -2.741203e-07
39.88          2.008048e-01 2.342080e-07 -4.727575e-02 2.007996e-01 1.342003e-07 -4.727542e-02 5.269170e-06 1.000077e-07 -3.333123e-07
39.89          2.099347e-01 2.274628e-07 -4.939908e-02 2.099293e-01 1.285007e-07 -4.939873e-02 5.325966e-06 9.896213e-08 -3.512197e-07
39.9           2.172101e-01 2.207170e-07 -5.106967e-02 2.172048e-01 1.207896e-07 -5.106932e-02 5.256620e-06 9.992739e-08 -3.524562e-07
39.91          2.145674e-01 2.229081e-07 -5.039335e-02 2.145620e-01 1.234035e-07 -5.039298e-02 5.341825e-06 9.950452e-08 -3.733059e-07
39.92          2.148738e-01 2.239155e-07 -5.039577e-02 2.148685e-01 1.241414e-07 -5.039539e-02 5.326149e-06 9.977408e-08 -3.838857e-07
39.93          2.106805e-01 2.279050e-07 -4.933030e-02 2.106750e-01 1.291169e-07 -4.932988e-02 5.514380e-06 9.878819e-08 -4.192907e-07
39.94          2.269537e-01 2.351202e-07 -5.303737e-02 2.269480e-01 1.370090e-07 -5.303690e-02 5.708946e-06 9.811119e-08 -4.787023e-07
39.95          2.163966e-01 2.239050e-07 -5.045860e-02 2.163908e-01 1.276669e-07 -5.045807e-02 5.811843e-06 9.623812e-08 -5.261835e-07
39.96          2.179414e-01 2.233905e-07 -5.069184e-02 2.179355e-01 1.283631e-07 -5.069126e-02 5.943504e-06 9.502739e-08 -5.758081e-07
39.97          2.340637e-01 2.217515e-07 -5.429014e-02 2.340576e-01 1.302674e-07 -5.428952e-02 6.051602e-06 9.148409e-08 -6.203065e-07
39.98          2.248093e-01 2.290574e-07 -5.198441e-02 2.248028e-01 1.414406e-07 -5.198366e-02 6.565875e-06 8.761679e-08 -7.429252e-07
39.99          2.248469e-01 2.152624e-07 -5.181947e-02 2.248402e-01 1.304093e-07 -5.181868e-02 6.710333e-06 8.485311e-08 -7.912502e-07
40             2.341005e-01 2.039334e-07 -5.375654e-02 2.340937e-01 1.229249e-07 -5.375573e-02 6.782318e-06 8.100850e-08 -8.076387e-07
