# Force       
# CofR        : (2.260236e+01 0.000000e+00 2.346873e+01)
#
# Time        	total_x total_y total_z	pressure_x pressure_y pressure_z	viscous_x viscous_y viscous_z
0.01           1.635515e-01 7.275974e-08 -4.410528e-05 1.635515e-01 7.244488e-08 -4.408757e-05 3.868149e-08 3.148644e-10 -1.771206e-08
0.02           2.275217e-01 9.786454e-08 -8.006269e-05 2.275215e-01 9.700862e-08 -7.999809e-05 2.502397e-07 8.559137e-10 -6.459662e-08
0.03           2.113548e-01 9.484529e-08 -1.043523e-04 2.113541e-01 9.438121e-08 -1.042756e-04 6.416343e-07 4.640782e-10 -7.670238e-08
0.04           1.985023e-01 9.317321e-08 -1.322672e-04 1.985012e-01 9.239306e-08 -1.321950e-04 1.166030e-06 7.801467e-10 -7.223444e-08
0.05           2.179882e-01 9.735747e-08 -1.899571e-04 2.179868e-01 9.543150e-08 -1.899022e-04 1.414819e-06 1.925966e-09 -5.490639e-08
0.06           2.145138e-01 9.766954e-08 -2.408190e-04 2.145118e-01 9.530718e-08 -2.407766e-04 2.047204e-06 2.362359e-09 -4.242612e-08
0.07           1.912828e-01 9.140219e-08 -2.707463e-04 1.912795e-01 8.923753e-08 -2.707043e-04 3.230957e-06 2.164668e-09 -4.201728e-08
0.08           1.926684e-01 8.989813e-08 -3.346343e-04 1.926642e-01 8.780506e-08 -3.345920e-04 4.226447e-06 2.093065e-09 -4.226155e-08
0.09           2.011590e-01 9.498924e-08 -4.207736e-04 2.011541e-01 9.232430e-08 -4.207582e-04 4.934355e-06 2.664944e-09 -1.534705e-08
0.1            2.009706e-01 9.557001e-08 -4.990109e-04 2.009650e-01 9.284726e-08 -4.990173e-04 5.645180e-06 2.722749e-09 6.347289e-09
0.11           1.981555e-01 9.570960e-08 -5.764708e-04 1.981491e-01 9.221434e-08 -5.765515e-04 6.454739e-06 3.495263e-09 8.072364e-08
0.12           1.913366e-01 9.481587e-08 -6.447740e-04 1.913292e-01 9.206147e-08 -6.448549e-04 7.369317e-06 2.754402e-09 8.088075e-08
0.13           2.076443e-01 1.125881e-07 -8.012694e-04 2.076364e-01 1.088362e-07 -8.013430e-04 7.869932e-06 3.751877e-09 7.360829e-08
0.14           2.067307e-01 1.034987e-07 -9.063426e-04 2.067222e-01 9.969861e-08 -9.064280e-04 8.514193e-06 3.800088e-09 8.536845e-08
0.15           2.014704e-01 9.512818e-08 -9.954172e-04 2.014612e-01 9.094468e-08 -9.954814e-04 9.180948e-06 4.183507e-09 6.421768e-08
0.16           2.057577e-01 9.263788e-08 -1.137185e-03 2.057480e-01 8.777961e-08 -1.137243e-03 9.733326e-06 4.858263e-09 5.712994e-08
0.17           2.077564e-01 8.934430e-08 -1.276418e-03 2.077462e-01 8.472184e-08 -1.276467e-03 1.020095e-05 4.622452e-09 4.921792e-08
0.18           1.648263e-01 7.370618e-08 -1.121020e-03 1.648148e-01 7.222750e-08 -1.120941e-03 1.148329e-05 1.478681e-09 -7.918041e-08
0.19           1.944611e-01 8.494577e-08 -1.452385e-03 1.944495e-01 8.336444e-08 -1.452218e-03 1.159199e-05 1.581325e-09 -1.664956e-07
0.2            1.968897e-01 9.530602e-08 -1.609287e-03 1.968780e-01 9.410837e-08 -1.609027e-03 1.172776e-05 1.197652e-09 -2.594122e-07
0.21           2.458868e-01 1.102981e-07 -2.187891e-03 2.458758e-01 1.085465e-07 -2.187635e-03 1.100073e-05 1.751586e-09 -2.563163e-07
0.22           2.142041e-01 9.264916e-08 -2.070565e-03 2.141927e-01 8.911243e-08 -2.070241e-03 1.141499e-05 3.536735e-09 -3.239585e-07
0.23           1.828170e-01 8.013774e-08 -1.912817e-03 1.828047e-01 7.863876e-08 -1.912387e-03 1.229959e-05 1.498981e-09 -4.298574e-07
0.24           2.127674e-01 9.323192e-08 -2.398295e-03 2.127552e-01 8.960882e-08 -2.397829e-03 1.223024e-05 3.623105e-09 -4.659120e-07
0.25           2.034029e-01 9.890304e-08 -2.463989e-03 2.033907e-01 9.698750e-08 -2.463462e-03 1.219993e-05 1.915543e-09 -5.268634e-07
0.26           2.223100e-01 1.003844e-07 -2.884743e-03 2.222980e-01 9.879947e-08 -2.884186e-03 1.193570e-05 1.584972e-09 -5.566280e-07
0.27           2.076865e-01 9.223964e-08 -2.880579e-03 2.076743e-01 9.214857e-08 -2.879991e-03 1.223047e-05 9.106851e-11 -5.874951e-07
0.28           2.200800e-01 9.762657e-08 -3.253417e-03 2.200677e-01 9.884904e-08 -3.252814e-03 1.231276e-05 -1.222472e-09 -6.028684e-07
0.29           2.211486e-01 9.840303e-08 -3.477153e-03 2.211363e-01 9.889817e-08 -3.476526e-03 1.238410e-05 -4.951427e-10 -6.277422e-07
0.3            1.711463e-01 7.458433e-08 -2.857739e-03 1.711329e-01 7.681281e-08 -2.856988e-03 1.332834e-05 -2.228477e-09 -7.512307e-07
0.31           2.296134e-01 9.371743e-08 -4.056327e-03 2.296007e-01 9.530325e-08 -4.055572e-03 1.267677e-05 -1.585820e-09 -7.548099e-07
0.32           2.100449e-01 9.054292e-08 -3.922226e-03 2.100323e-01 9.385551e-08 -3.921463e-03 1.258917e-05 -3.312581e-09 -7.626449e-07
0.33           2.421979e-01 9.621596e-08 -4.769045e-03 2.421859e-01 9.910936e-08 -4.768316e-03 1.202464e-05 -2.893400e-09 -7.294070e-07
0.34           2.272994e-01 9.908933e-08 -4.713857e-03 2.272873e-01 1.031060e-07 -4.713128e-03 1.203832e-05 -4.016656e-09 -7.287103e-07
0.35           2.090676e-01 6.413555e-08 -4.559321e-03 2.090550e-01 6.857751e-08 -4.558560e-03 1.264272e-05 -4.441961e-09 -7.613232e-07
0.36           2.334904e-01 8.785004e-08 -5.343838e-03 2.334778e-01 9.227598e-08 -5.343076e-03 1.258518e-05 -4.425937e-09 -7.615994e-07
0.37           2.124325e-01 8.131712e-08 -5.096713e-03 2.124196e-01 8.767724e-08 -5.095942e-03 1.289527e-05 -6.360120e-09 -7.704687e-07
0.38           2.273571e-01 8.474303e-08 -5.708301e-03 2.273443e-01 9.134011e-08 -5.707514e-03 1.274183e-05 -6.597084e-09 -7.865651e-07
0.39           2.177807e-01 8.617497e-08 -5.715011e-03 2.177680e-01 9.557714e-08 -5.714193e-03 1.274688e-05 -9.402176e-09 -8.174008e-07
0.4            2.325455e-01 8.036361e-08 -6.369404e-03 2.325327e-01 8.878415e-08 -6.368607e-03 1.275112e-05 -8.420538e-09 -7.971748e-07
0.41           2.282746e-01 7.995012e-08 -6.518535e-03 2.282617e-01 8.959243e-08 -6.517731e-03 1.295245e-05 -9.642312e-09 -8.044047e-07
0.42           2.326389e-01 7.820193e-08 -6.917640e-03 2.326259e-01 8.828456e-08 -6.916835e-03 1.300146e-05 -1.008263e-08 -8.050219e-07
0.43           2.324240e-01 7.900305e-08 -7.188710e-03 2.324110e-01 9.023980e-08 -7.187878e-03 1.294279e-05 -1.123675e-08 -8.325769e-07
0.44           2.284278e-01 7.879744e-08 -7.340632e-03 2.284148e-01 9.320754e-08 -7.339784e-03 1.301758e-05 -1.441009e-08 -8.477731e-07
0.45           2.267902e-01 6.895390e-08 -7.564271e-03 2.267772e-01 8.455024e-08 -7.563411e-03 1.303813e-05 -1.559633e-08 -8.598028e-07
0.46           2.384886e-01 6.817632e-08 -8.247493e-03 2.384755e-01 8.336926e-08 -8.246645e-03 1.308837e-05 -1.519294e-08 -8.482120e-07
0.47           2.308976e-01 7.255114e-08 -8.271833e-03 2.308844e-01 9.006145e-08 -8.270965e-03 1.314969e-05 -1.751031e-08 -8.681477e-07
0.48           2.492703e-01 7.420568e-08 -9.241046e-03 2.492573e-01 9.192366e-08 -9.240182e-03 1.301800e-05 -1.771799e-08 -8.637808e-07
0.49           2.113330e-01 6.349583e-08 -8.102715e-03 2.113193e-01 8.197102e-08 -8.101784e-03 1.365140e-05 -1.847518e-08 -9.308351e-07
0.5            2.235255e-01 6.653603e-08 -8.853021e-03 2.235116e-01 8.545393e-08 -8.852023e-03 1.390595e-05 -1.891790e-08 -9.982348e-07
0.51           2.487297e-01 7.336866e-08 -1.016733e-02 2.487158e-01 9.163510e-08 -1.016630e-02 1.389156e-05 -1.826644e-08 -1.031093e-06
0.52           2.361278e-01 6.868012e-08 -9.955869e-03 2.361139e-01 8.898245e-08 -9.954842e-03 1.386497e-05 -2.030232e-08 -1.027054e-06
0.53           2.368636e-01 6.716798e-08 -1.029240e-02 2.368499e-01 8.790977e-08 -1.029137e-02 1.366311e-05 -2.074179e-08 -1.027722e-06
0.54           2.475817e-01 7.862685e-08 -1.107925e-02 2.475679e-01 1.011631e-07 -1.107821e-02 1.385527e-05 -2.253621e-08 -1.041991e-06
0.55           2.693788e-01 7.561265e-08 -1.240402e-02 2.693654e-01 9.851734e-08 -1.240301e-02 1.334485e-05 -2.290469e-08 -1.010713e-06
0.56           2.617703e-01 7.227099e-08 -1.239507e-02 2.617571e-01 9.585646e-08 -1.239407e-02 1.321464e-05 -2.358547e-08 -1.000307e-06
0.57           2.516273e-01 6.821820e-08 -1.224411e-02 2.516137e-01 9.134375e-08 -1.224307e-02 1.359009e-05 -2.312555e-08 -1.033589e-06
0.58           2.523979e-01 7.200874e-08 -1.261174e-02 2.523841e-01 9.796575e-08 -1.261072e-02 1.376528e-05 -2.595701e-08 -1.019525e-06
0.59           2.520533e-01 6.125534e-08 -1.292529e-02 2.520393e-01 8.637971e-08 -1.292425e-02 1.399276e-05 -2.512437e-08 -1.032490e-06
0.6            2.356352e-01 5.168771e-08 -1.239320e-02 2.356208e-01 7.812179e-08 -1.239209e-02 1.445649e-05 -2.643408e-08 -1.115324e-06
0.61           2.606316e-01 7.175690e-08 -1.404824e-02 2.606174e-01 9.827378e-08 -1.404711e-02 1.414472e-05 -2.651688e-08 -1.124017e-06
0.62           2.476649e-01 7.535929e-08 -1.367451e-02 2.476509e-01 1.025846e-07 -1.367338e-02 1.406627e-05 -2.722532e-08 -1.132787e-06
0.63           2.540043e-01 7.386349e-08 -1.435680e-02 2.539902e-01 1.002086e-07 -1.435560e-02 1.406627e-05 -2.634508e-08 -1.203271e-06
0.64           2.214463e-01 2.064296e-08 -1.280702e-02 2.214313e-01 4.503114e-08 -1.280568e-02 1.496108e-05 -2.438818e-08 -1.338635e-06
0.65           2.404168e-01 8.694384e-08 -1.421624e-02 2.404021e-01 1.131209e-07 -1.421487e-02 1.462892e-05 -2.617705e-08 -1.373786e-06
0.66           2.573411e-01 8.565383e-08 -1.555034e-02 2.573269e-01 1.118738e-07 -1.554896e-02 1.422930e-05 -2.622000e-08 -1.383461e-06
0.67           2.335065e-01 8.354046e-08 -1.441350e-02 2.334919e-01 1.088091e-07 -1.441207e-02 1.461872e-05 -2.526865e-08 -1.429406e-06
0.68           2.453137e-01 8.696589e-08 -1.545803e-02 2.452990e-01 1.106036e-07 -1.545659e-02 1.461858e-05 -2.363766e-08 -1.446189e-06
0.69           2.373763e-01 8.931256e-08 -1.526340e-02 2.373615e-01 1.113924e-07 -1.526194e-02 1.478139e-05 -2.207989e-08 -1.461907e-06
0.7            2.620533e-01 9.604584e-08 -1.718420e-02 2.620389e-01 1.173917e-07 -1.718277e-02 1.439252e-05 -2.134588e-08 -1.437318e-06
0.71           2.468700e-01 9.707202e-08 -1.650330e-02 2.468557e-01 1.184521e-07 -1.650188e-02 1.432835e-05 -2.138007e-08 -1.414022e-06
0.72           2.481141e-01 9.740548e-08 -1.690078e-02 2.480998e-01 1.164389e-07 -1.689940e-02 1.430252e-05 -1.903344e-08 -1.384464e-06
0.73           2.749956e-01 9.634582e-08 -1.907669e-02 2.749815e-01 1.109153e-07 -1.907535e-02 1.409359e-05 -1.456951e-08 -1.341831e-06
0.74           2.617472e-01 1.004639e-07 -1.848582e-02 2.617330e-01 1.119987e-07 -1.848454e-02 1.418054e-05 -1.153475e-08 -1.276939e-06
0.75           2.652802e-01 1.025891e-07 -1.906440e-02 2.652662e-01 1.116376e-07 -1.906318e-02 1.399354e-05 -9.048511e-09 -1.219517e-06
0.76           2.723025e-01 1.025635e-07 -1.990441e-02 2.722887e-01 1.096045e-07 -1.990326e-02 1.386357e-05 -7.040992e-09 -1.153370e-06
0.77           2.590259e-01 7.518289e-08 -1.925172e-02 2.590118e-01 8.078358e-08 -1.925062e-02 1.415932e-05 -5.600693e-09 -1.096795e-06
0.78           2.444006e-01 1.047544e-07 -1.846180e-02 2.443860e-01 1.112622e-07 -1.846064e-02 1.459206e-05 -6.507799e-09 -1.161168e-06
0.79           2.360163e-01 6.170441e-08 -1.811212e-02 2.360010e-01 6.535493e-08 -1.811085e-02 1.526980e-05 -3.650519e-09 -1.263188e-06
0.8            2.590518e-01 1.121597e-07 -2.018728e-02 2.590369e-01 1.169475e-07 -2.018603e-02 1.493470e-05 -4.787765e-09 -1.250366e-06
0.81           2.528600e-01 1.046425e-07 -2.000302e-02 2.528452e-01 1.137426e-07 -2.000177e-02 1.486654e-05 -9.100121e-09 -1.247457e-06
0.82           2.550482e-01 1.109230e-07 -2.047342e-02 2.550336e-01 1.234191e-07 -2.047219e-02 1.467984e-05 -1.249607e-08 -1.230809e-06
0.83           2.745290e-01 1.105111e-07 -2.235272e-02 2.745147e-01 1.230818e-07 -2.235153e-02 1.437045e-05 -1.257078e-08 -1.193531e-06
0.84           2.490680e-01 1.075752e-07 -2.056461e-02 2.490533e-01 1.204981e-07 -2.056339e-02 1.467077e-05 -1.292288e-08 -1.213169e-06
0.85           2.560834e-01 1.102456e-07 -2.143179e-02 2.560686e-01 1.228492e-07 -2.143057e-02 1.472641e-05 -1.260363e-08 -1.221296e-06
0.86           2.637199e-01 1.097333e-07 -2.236387e-02 2.637051e-01 1.203328e-07 -2.236262e-02 1.480628e-05 -1.059944e-08 -1.252225e-06
0.87           2.554907e-01 1.160558e-07 -2.194619e-02 2.554761e-01 1.273584e-07 -2.194495e-02 1.462790e-05 -1.130257e-08 -1.244698e-06
0.88           2.606669e-01 1.130080e-07 -2.267232e-02 2.606522e-01 1.201187e-07 -2.267105e-02 1.469924e-05 -7.110635e-09 -1.271264e-06
0.89           2.574563e-01 1.194665e-07 -2.266718e-02 2.574418e-01 1.264948e-07 -2.266589e-02 1.455120e-05 -7.028282e-09 -1.284776e-06
0.9            2.493262e-01 1.226358e-07 -2.221255e-02 2.493117e-01 1.300775e-07 -2.221125e-02 1.457186e-05 -7.441687e-09 -1.304984e-06
0.91           2.476839e-01 1.233830e-07 -2.232143e-02 2.476692e-01 1.319238e-07 -2.232007e-02 1.463811e-05 -8.540819e-09 -1.362481e-06
0.92           2.609280e-01 1.213388e-07 -2.377895e-02 2.609135e-01 1.267603e-07 -2.377756e-02 1.449484e-05 -5.421533e-09 -1.385303e-06
0.93           2.662381e-01 1.263204e-07 -2.452763e-02 2.662238e-01 1.295719e-07 -2.452628e-02 1.429118e-05 -3.251455e-09 -1.355756e-06
0.94           2.520750e-01 1.097636e-07 -2.346980e-02 2.520606e-01 1.098377e-07 -2.346844e-02 1.448162e-05 -7.404007e-11 -1.357352e-06
0.95           2.609470e-01 1.317226e-07 -2.454572e-02 2.609325e-01 1.290114e-07 -2.454436e-02 1.449663e-05 2.711237e-09 -1.359208e-06
0.96           2.480140e-01 1.128166e-07 -2.356283e-02 2.479993e-01 1.120071e-07 -2.356144e-02 1.471549e-05 8.095379e-10 -1.394617e-06
0.97           2.671637e-01 1.335751e-07 -2.562715e-02 2.671493e-01 1.325308e-07 -2.562579e-02 1.439762e-05 1.044312e-09 -1.355578e-06
0.98           2.459036e-01 1.287462e-07 -2.381047e-02 2.458890e-01 1.275592e-07 -2.380909e-02 1.464420e-05 1.186937e-09 -1.384518e-06
0.99           2.608038e-01 1.371708e-07 -2.548259e-02 2.607892e-01 1.337373e-07 -2.548120e-02 1.457595e-05 3.433497e-09 -1.386320e-06
1              2.369071e-01 1.293197e-07 -2.335306e-02 2.368922e-01 1.268817e-07 -2.335161e-02 1.493889e-05 2.437976e-09 -1.450921e-06
1.01           2.661648e-01 1.321039e-07 -2.645981e-02 2.661502e-01 1.273737e-07 -2.645839e-02 1.463116e-05 4.730144e-09 -1.411109e-06
1.02           2.475168e-01 1.328079e-07 -2.480985e-02 2.475021e-01 1.291791e-07 -2.480844e-02 1.474719e-05 3.628806e-09 -1.413934e-06
1.03           2.587085e-01 1.357826e-07 -2.613832e-02 2.586937e-01 1.322663e-07 -2.613692e-02 1.471888e-05 3.516259e-09 -1.402948e-06
1.04           2.386271e-01 8.386560e-08 -2.429626e-02 2.386117e-01 7.529184e-08 -2.429472e-02 1.539325e-05 8.573758e-09 -1.532659e-06
1.05           2.375737e-01 1.348731e-07 -2.436948e-02 2.375584e-01 1.280432e-07 -2.436791e-02 1.528441e-05 6.829821e-09 -1.564631e-06
1.06           2.375959e-01 1.369860e-07 -2.454645e-02 2.375807e-01 1.321178e-07 -2.454486e-02 1.519756e-05 4.868131e-09 -1.594543e-06
1.07           2.579973e-01 1.413016e-07 -2.683714e-02 2.579824e-01 1.371657e-07 -2.683559e-02 1.486156e-05 4.135851e-09 -1.545416e-06
1.08           2.686089e-01 1.442837e-07 -2.812624e-02 2.685945e-01 1.399918e-07 -2.812474e-02 1.440016e-05 4.291831e-09 -1.494378e-06
1.09           2.642504e-01 1.580172e-07 -2.784676e-02 2.642364e-01 1.552042e-07 -2.784534e-02 1.404773e-05 2.812943e-09 -1.419606e-06
1.1            2.469590e-01 1.349475e-07 -2.618451e-02 2.469447e-01 1.313981e-07 -2.618306e-02 1.437137e-05 3.549428e-09 -1.452137e-06
1.11           2.530721e-01 1.400958e-07 -2.698961e-02 2.530576e-01 1.349359e-07 -2.698804e-02 1.449443e-05 5.159926e-09 -1.567296e-06
1.12           2.633711e-01 1.422837e-07 -2.824507e-02 2.633569e-01 1.364107e-07 -2.824354e-02 1.414982e-05 5.873056e-09 -1.525351e-06
1.13           2.298772e-01 1.351924e-07 -2.478645e-02 2.298627e-01 1.292095e-07 -2.478486e-02 1.457812e-05 5.982972e-09 -1.593808e-06
1.14           2.694583e-01 1.422778e-07 -2.920027e-02 2.694441e-01 1.358022e-07 -2.919874e-02 1.413863e-05 6.475663e-09 -1.532773e-06
1.15           2.453877e-01 1.388004e-07 -2.672199e-02 2.453733e-01 1.325172e-07 -2.672045e-02 1.432887e-05 6.283172e-09 -1.539974e-06
1.16           2.711967e-01 1.456109e-07 -2.966711e-02 2.711828e-01 1.393327e-07 -2.966564e-02 1.389155e-05 6.278206e-09 -1.468630e-06
1.17           2.434811e-01 1.366355e-07 -2.675245e-02 2.434669e-01 1.304645e-07 -2.675095e-02 1.417449e-05 6.170985e-09 -1.493791e-06
1.18           2.521406e-01 1.418970e-07 -2.781751e-02 2.521265e-01 1.366107e-07 -2.781601e-02 1.408865e-05 5.286269e-09 -1.495691e-06
1.19           2.508478e-01 1.365592e-07 -2.778240e-02 2.508337e-01 1.303701e-07 -2.778088e-02 1.412865e-05 6.189054e-09 -1.520417e-06
1.2            2.526431e-01 1.435657e-07 -2.808274e-02 2.526293e-01 1.378941e-07 -2.808126e-02 1.386565e-05 5.671579e-09 -1.480910e-06
1.21           2.633656e-01 1.390954e-07 -2.937372e-02 2.633520e-01 1.327590e-07 -2.937228e-02 1.366875e-05 6.336401e-09 -1.442457e-06
1.22           2.385475e-01 1.316436e-07 -2.669124e-02 2.385334e-01 1.242848e-07 -2.668975e-02 1.408219e-05 7.358833e-09 -1.490409e-06
1.23           2.566181e-01 1.401768e-07 -2.879689e-02 2.566041e-01 1.304591e-07 -2.879539e-02 1.400265e-05 9.717757e-09 -1.494152e-06
1.24           2.502838e-01 1.411616e-07 -2.816247e-02 2.502701e-01 1.341018e-07 -2.816101e-02 1.376898e-05 7.059797e-09 -1.461937e-06
1.25           2.426639e-01 1.333961e-07 -2.737298e-02 2.426498e-01 1.269319e-07 -2.737146e-02 1.411895e-05 6.464205e-09 -1.518530e-06
1.26           2.700420e-01 1.395580e-07 -3.052889e-02 2.700285e-01 1.329786e-07 -3.052745e-02 1.346709e-05 6.579403e-09 -1.437271e-06
1.27           2.369040e-01 1.291571e-07 -2.683848e-02 2.368902e-01 1.228035e-07 -2.683700e-02 1.379214e-05 6.353507e-09 -1.485433e-06
1.28           2.610805e-01 1.391407e-07 -2.962997e-02 2.610671e-01 1.319481e-07 -2.962851e-02 1.345520e-05 7.192579e-09 -1.457868e-06
1.29           2.394955e-01 1.305469e-07 -2.722456e-02 2.394817e-01 1.238927e-07 -2.722306e-02 1.371274e-05 6.654221e-09 -1.494151e-06
1.3            2.662346e-01 1.370661e-07 -3.030444e-02 2.662214e-01 1.297796e-07 -3.030301e-02 1.322416e-05 7.286543e-09 -1.435373e-06
1.31           2.389740e-01 1.334925e-07 -2.723396e-02 2.389606e-01 1.281695e-07 -2.723248e-02 1.339254e-05 5.322944e-09 -1.476658e-06
1.32           2.519275e-01 1.313800e-07 -2.873661e-02 2.519143e-01 1.249479e-07 -2.873513e-02 1.320630e-05 6.432063e-09 -1.473221e-06
1.33           2.361853e-01 1.276770e-07 -2.696113e-02 2.361718e-01 1.207644e-07 -2.695964e-02 1.347376e-05 6.912669e-09 -1.489589e-06
1.34           2.582550e-01 1.340978e-07 -2.949462e-02 2.582419e-01 1.264587e-07 -2.949317e-02 1.308613e-05 7.639154e-09 -1.449759e-06
1.35           2.334565e-01 1.259605e-07 -2.667158e-02 2.334431e-01 1.181472e-07 -2.667008e-02 1.334807e-05 7.813249e-09 -1.497654e-06
1.36           2.463913e-01 1.245823e-07 -2.815152e-02 2.463780e-01 1.156450e-07 -2.815003e-02 1.328779e-05 8.937290e-09 -1.489179e-06
1.37           2.262023e-01 1.230729e-07 -2.584282e-02 2.261887e-01 1.149122e-07 -2.584128e-02 1.355955e-05 8.160769e-09 -1.535795e-06
1.38           2.325834e-01 1.264580e-07 -2.656317e-02 2.325698e-01 1.190158e-07 -2.656162e-02 1.354545e-05 7.442282e-09 -1.547353e-06
1.39           2.478237e-01 1.305629e-07 -2.828843e-02 2.478106e-01 1.234214e-07 -2.828694e-02 1.316834e-05 7.141536e-09 -1.487600e-06
1.4            2.228621e-01 1.229179e-07 -2.542202e-02 2.228487e-01 1.160267e-07 -2.542049e-02 1.340638e-05 6.891190e-09 -1.530745e-06
1.41           2.376428e-01 1.166704e-07 -2.708263e-02 2.376296e-01 1.091680e-07 -2.708114e-02 1.318415e-05 7.502421e-09 -1.491339e-06
1.42           2.376241e-01 1.277047e-07 -2.705027e-02 2.376111e-01 1.193206e-07 -2.704879e-02 1.303584e-05 8.384131e-09 -1.472876e-06
1.43           2.299073e-01 1.227985e-07 -2.613780e-02 2.298945e-01 1.154763e-07 -2.613634e-02 1.285880e-05 7.322265e-09 -1.458716e-06
1.44           2.391647e-01 1.286503e-07 -2.714913e-02 2.391519e-01 1.197713e-07 -2.714767e-02 1.282197e-05 8.879024e-09 -1.461038e-06
1.45           2.411171e-01 1.297195e-07 -2.732456e-02 2.411045e-01 1.207669e-07 -2.732314e-02 1.259060e-05 8.952589e-09 -1.417922e-06
1.46           2.308755e-01 1.276949e-07 -2.611514e-02 2.308630e-01 1.191690e-07 -2.611373e-02 1.254940e-05 8.525973e-09 -1.410031e-06
1.47           2.176605e-01 1.207386e-07 -2.457012e-02 2.176478e-01 1.120494e-07 -2.456867e-02 1.274468e-05 8.689186e-09 -1.452104e-06
1.48           2.353266e-01 1.247499e-07 -2.650376e-02 2.353140e-01 1.129231e-07 -2.650235e-02 1.256127e-05 1.182683e-08 -1.415175e-06
1.49           2.263434e-01 1.236933e-07 -2.543027e-02 2.263308e-01 1.133180e-07 -2.542888e-02 1.255828e-05 1.037524e-08 -1.392173e-06
1.5            2.342822e-01 1.195701e-07 -2.625317e-02 2.342697e-01 1.078683e-07 -2.625179e-02 1.244282e-05 1.170185e-08 -1.385053e-06
1.51           2.220977e-01 1.148808e-07 -2.481879e-02 2.220852e-01 1.043041e-07 -2.481740e-02 1.246497e-05 1.057670e-08 -1.381746e-06
1.52           2.319581e-01 1.243903e-07 -2.584326e-02 2.319458e-01 1.108937e-07 -2.584192e-02 1.227606e-05 1.349661e-08 -1.345281e-06
1.53           2.246605e-01 1.088852e-07 -2.495170e-02 2.246481e-01 9.540848e-08 -2.495037e-02 1.231957e-05 1.347672e-08 -1.328906e-06
1.54           2.376562e-01 1.280858e-07 -2.630675e-02 2.376443e-01 1.159007e-07 -2.630549e-02 1.191397e-05 1.218510e-08 -1.268339e-06
1.55           2.179876e-01 1.200328e-07 -2.404606e-02 2.179756e-01 1.089490e-07 -2.404478e-02 1.204263e-05 1.108381e-08 -1.284787e-06
1.56           2.338579e-01 1.229224e-07 -2.570139e-02 2.338462e-01 1.119713e-07 -2.570014e-02 1.172440e-05 1.095109e-08 -1.249910e-06
1.57           2.171055e-01 1.178367e-07 -2.376946e-02 2.170937e-01 1.070004e-07 -2.376818e-02 1.184999e-05 1.083633e-08 -1.287240e-06
1.58           2.320398e-01 1.251389e-07 -2.530215e-02 2.320282e-01 1.135317e-07 -2.530090e-02 1.153953e-05 1.160711e-08 -1.251933e-06
1.59           2.159862e-01 1.189640e-07 -2.345394e-02 2.159746e-01 1.090019e-07 -2.345267e-02 1.156294e-05 9.962119e-09 -1.265725e-06
1.6            2.264438e-01 1.193412e-07 -2.448253e-02 2.264324e-01 1.083229e-07 -2.448127e-02 1.140539e-05 1.101830e-08 -1.253443e-06
1.61           2.111462e-01 1.146528e-07 -2.272654e-02 2.111346e-01 1.033644e-07 -2.272526e-02 1.158667e-05 1.128838e-08 -1.282366e-06
1.62           2.095337e-01 1.141799e-07 -2.244803e-02 2.095221e-01 1.024851e-07 -2.244671e-02 1.165947e-05 1.169472e-08 -1.313146e-06
1.63           2.195008e-01 1.215630e-07 -2.340224e-02 2.194893e-01 1.095571e-07 -2.340095e-02 1.151990e-05 1.200584e-08 -1.290059e-06
1.64           2.098018e-01 1.143340e-07 -2.225722e-02 2.097903e-01 1.028289e-07 -2.225594e-02 1.152571e-05 1.150512e-08 -1.280280e-06
1.65           2.119870e-01 1.155602e-07 -2.237359e-02 2.119755e-01 1.043180e-07 -2.237232e-02 1.147853e-05 1.124220e-08 -1.268817e-06
1.66           2.150934e-01 1.128653e-07 -2.258147e-02 2.150821e-01 1.010855e-07 -2.258021e-02 1.132864e-05 1.177981e-08 -1.255054e-06
1.67           1.870259e-01 1.006303e-07 -1.952919e-02 1.870142e-01 9.181902e-08 -1.952787e-02 1.165021e-05 8.811280e-09 -1.324289e-06
1.68           1.956770e-01 1.050243e-07 -2.031803e-02 1.956657e-01 9.361683e-08 -2.031675e-02 1.125957e-05 1.140751e-08 -1.280450e-06
1.69           2.012768e-01 1.095839e-07 -2.077959e-02 2.012657e-01 9.752253e-08 -2.077833e-02 1.108434e-05 1.206138e-08 -1.256544e-06
1.7            2.024414e-01 1.107005e-07 -2.077697e-02 2.024306e-01 9.881821e-08 -2.077576e-02 1.078542e-05 1.188230e-08 -1.207368e-06
1.71           2.005053e-01 1.095195e-07 -2.045496e-02 2.004944e-01 9.735675e-08 -2.045374e-02 1.086182e-05 1.216274e-08 -1.220603e-06
1.72           1.980798e-01 1.090650e-07 -2.008318e-02 1.980693e-01 9.629100e-08 -2.008201e-02 1.054739e-05 1.277402e-08 -1.175295e-06
1.73           2.011275e-01 1.100126e-07 -2.026387e-02 2.011171e-01 9.728418e-08 -2.026273e-02 1.041197e-05 1.272844e-08 -1.137654e-06
1.74           1.841037e-01 1.029188e-07 -1.843010e-02 1.840933e-01 9.064246e-08 -1.842895e-02 1.046073e-05 1.227638e-08 -1.145288e-06
1.75           1.925165e-01 1.055484e-07 -1.914633e-02 1.925058e-01 9.327302e-08 -1.914514e-02 1.066132e-05 1.227540e-08 -1.184777e-06
1.76           1.966837e-01 1.056228e-07 -1.943038e-02 1.966732e-01 9.331904e-08 -1.942924e-02 1.040898e-05 1.230371e-08 -1.143742e-06
1.77           1.939736e-01 1.057275e-07 -1.903313e-02 1.939631e-01 9.392137e-08 -1.903197e-02 1.051518e-05 1.180615e-08 -1.155190e-06
1.78           1.966115e-01 1.081606e-07 -1.915863e-02 1.966012e-01 9.635347e-08 -1.915752e-02 1.026688e-05 1.180718e-08 -1.106809e-06
1.79           1.818035e-01 9.992160e-08 -1.759205e-02 1.817930e-01 8.826997e-08 -1.759090e-02 1.049317e-05 1.165162e-08 -1.146630e-06
1.8            1.949876e-01 1.039536e-07 -1.873241e-02 1.949774e-01 9.213374e-08 -1.873132e-02 1.016437e-05 1.181991e-08 -1.089387e-06
1.81           1.850933e-01 1.020994e-07 -1.765322e-02 1.850831e-01 9.013222e-08 -1.765213e-02 1.017245e-05 1.196719e-08 -1.091919e-06
1.82           1.893800e-01 1.030013e-07 -1.792856e-02 1.893701e-01 9.103054e-08 -1.792750e-02 9.946806e-06 1.197075e-08 -1.057999e-06
1.83           1.968624e-01 1.062908e-07 -1.849723e-02 1.968525e-01 9.499353e-08 -1.849618e-02 9.866443e-06 1.129727e-08 -1.050828e-06
1.84           1.996185e-01 1.077249e-07 -1.861367e-02 1.996089e-01 9.708151e-08 -1.861264e-02 9.670755e-06 1.064335e-08 -1.028030e-06
1.85           1.932146e-01 1.021932e-07 -1.787806e-02 1.932050e-01 9.133963e-08 -1.787708e-02 9.518478e-06 1.085356e-08 -9.847398e-07
1.86           1.849953e-01 9.856477e-08 -1.698426e-02 1.849858e-01 8.809346e-08 -1.698329e-02 9.487718e-06 1.047131e-08 -9.712299e-07
1.87           1.934483e-01 1.000279e-07 -1.761982e-02 1.934390e-01 8.890354e-08 -1.761888e-02 9.272538e-06 1.112439e-08 -9.412103e-07
1.88           1.916356e-01 9.836250e-08 -1.731538e-02 1.916264e-01 8.775921e-08 -1.731446e-02 9.164728e-06 1.060329e-08 -9.191085e-07
1.89           2.009226e-01 1.028686e-07 -1.800743e-02 2.009138e-01 9.184144e-08 -1.800657e-02 8.822955e-06 1.102718e-08 -8.617423e-07
1.9            1.900388e-01 9.737306e-08 -1.689326e-02 1.900299e-01 8.660408e-08 -1.689241e-02 8.835736e-06 1.076899e-08 -8.465425e-07
1.91           1.892927e-01 9.814037e-08 -1.668809e-02 1.892838e-01 8.762949e-08 -1.668723e-02 8.851795e-06 1.051088e-08 -8.638905e-07
1.92           1.855003e-01 9.522058e-08 -1.621777e-02 1.854915e-01 8.481197e-08 -1.621688e-02 8.892915e-06 1.040860e-08 -8.937786e-07
1.93           1.871595e-01 9.585462e-08 -1.622542e-02 1.871508e-01 8.498168e-08 -1.622454e-02 8.713668e-06 1.087293e-08 -8.791833e-07
1.94           1.811138e-01 9.339138e-08 -1.556861e-02 1.811051e-01 8.254559e-08 -1.556773e-02 8.721486e-06 1.084579e-08 -8.822007e-07
1.95           1.881662e-01 9.511445e-08 -1.603656e-02 1.881576e-01 8.340036e-08 -1.603570e-02 8.592254e-06 1.171410e-08 -8.598480e-07
1.96           1.857932e-01 9.524183e-08 -1.569838e-02 1.857846e-01 8.392903e-08 -1.569755e-02 8.530724e-06 1.131280e-08 -8.312359e-07
1.97           1.857424e-01 9.070260e-08 -1.555839e-02 1.857340e-01 7.926852e-08 -1.555757e-02 8.454345e-06 1.143408e-08 -8.183353e-07
1.98           1.800094e-01 9.297455e-08 -1.494728e-02 1.800011e-01 8.264902e-08 -1.494649e-02 8.336125e-06 1.032553e-08 -7.946863e-07
1.99           1.662310e-01 8.686372e-08 -1.368273e-02 1.662228e-01 7.682980e-08 -1.368195e-02 8.257442e-06 1.003392e-08 -7.798607e-07
2              1.962232e-01 9.882157e-08 -1.600873e-02 1.962151e-01 8.890951e-08 -1.600795e-02 8.179902e-06 9.912056e-09 -7.770657e-07
2.01           1.909321e-01 9.275504e-08 -1.543975e-02 1.909240e-01 8.211811e-08 -1.543900e-02 8.061378e-06 1.063693e-08 -7.502587e-07
2.02           1.865211e-01 9.133430e-08 -1.494979e-02 1.865131e-01 8.066353e-08 -1.494908e-02 7.970364e-06 1.067077e-08 -7.154653e-07
2.03           1.873210e-01 9.304242e-08 -1.488075e-02 1.873132e-01 8.258615e-08 -1.488006e-02 7.762757e-06 1.045627e-08 -6.829164e-07
2.04           1.772371e-01 9.069253e-08 -1.395517e-02 1.772292e-01 8.098514e-08 -1.395448e-02 7.855037e-06 9.707394e-09 -6.867196e-07
2.05           1.817206e-01 9.016964e-08 -1.418105e-02 1.817128e-01 8.043819e-08 -1.418038e-02 7.792309e-06 9.731443e-09 -6.724400e-07
2.06           1.857993e-01 9.313487e-08 -1.437047e-02 1.857915e-01 8.383113e-08 -1.436980e-02 7.754178e-06 9.303742e-09 -6.664412e-07
2.07           1.714526e-01 8.498590e-08 -1.314315e-02 1.714449e-01 7.597284e-08 -1.314247e-02 7.714660e-06 9.013063e-09 -6.806109e-07
2.08           1.801571e-01 8.796300e-08 -1.368700e-02 1.801495e-01 7.791360e-08 -1.368634e-02 7.594672e-06 1.004940e-08 -6.615963e-07
2.09           1.735127e-01 9.115901e-08 -1.306504e-02 1.735052e-01 8.159810e-08 -1.306438e-02 7.522479e-06 9.560913e-09 -6.604900e-07
2.1            1.809327e-01 8.997200e-08 -1.350234e-02 1.809253e-01 8.012153e-08 -1.350168e-02 7.380034e-06 9.850471e-09 -6.506567e-07
2.11           1.781062e-01 8.885354e-08 -1.317367e-02 1.780988e-01 7.915439e-08 -1.317301e-02 7.388333e-06 9.699153e-09 -6.565969e-07
2.12           1.874936e-01 9.302368e-08 -1.374500e-02 1.874864e-01 8.295675e-08 -1.374436e-02 7.198628e-06 1.006692e-08 -6.419938e-07
2.13           1.790269e-01 8.992295e-08 -1.300883e-02 1.790198e-01 7.941350e-08 -1.300820e-02 7.089605e-06 1.050945e-08 -6.373481e-07
2.14           1.730632e-01 8.837727e-08 -1.246530e-02 1.730561e-01 7.785848e-08 -1.246465e-02 7.147212e-06 1.051879e-08 -6.540650e-07
2.15           1.835413e-01 8.865813e-08 -1.310419e-02 1.835342e-01 7.719483e-08 -1.310353e-02 7.082617e-06 1.146330e-08 -6.569603e-07
2.16           1.777068e-01 8.825100e-08 -1.257789e-02 1.776998e-01 7.702217e-08 -1.257724e-02 7.052686e-06 1.122883e-08 -6.502598e-07
2.17           1.813134e-01 9.185663e-08 -1.272260e-02 1.813064e-01 8.043965e-08 -1.272196e-02 6.915083e-06 1.141698e-08 -6.368142e-07
2.18           1.717238e-01 8.864368e-08 -1.194737e-02 1.717168e-01 7.743228e-08 -1.194672e-02 6.982557e-06 1.121139e-08 -6.490563e-07
2.19           1.779629e-01 8.860914e-08 -1.227664e-02 1.779560e-01 7.641524e-08 -1.227602e-02 6.852540e-06 1.219389e-08 -6.224146e-07
2.2            1.774846e-01 9.131096e-08 -1.214131e-02 1.774779e-01 7.878191e-08 -1.214070e-02 6.723093e-06 1.252904e-08 -6.118348e-07
2.21           1.685877e-01 8.819087e-08 -1.143770e-02 1.685810e-01 7.614241e-08 -1.143708e-02 6.766858e-06 1.204847e-08 -6.178589e-07
2.22           1.754171e-01 8.581689e-08 -1.180368e-02 1.754104e-01 7.332826e-08 -1.180307e-02 6.701193e-06 1.248862e-08 -6.096070e-07
2.23           1.614207e-01 8.604919e-08 -1.077509e-02 1.614139e-01 7.399763e-08 -1.077446e-02 6.833179e-06 1.205156e-08 -6.283224e-07
2.24           1.689316e-01 8.786875e-08 -1.118671e-02 1.689249e-01 7.597255e-08 -1.118610e-02 6.704354e-06 1.189621e-08 -6.187127e-07
2.25           1.706247e-01 8.858767e-08 -1.121070e-02 1.706181e-01 7.614566e-08 -1.121010e-02 6.595472e-06 1.244201e-08 -6.022691e-07
2.26           1.648761e-01 8.724955e-08 -1.075037e-02 1.648694e-01 7.489939e-08 -1.074975e-02 6.649326e-06 1.235016e-08 -6.186669e-07
2.27           1.737090e-01 8.989632e-08 -1.124084e-02 1.737026e-01 7.708617e-08 -1.124024e-02 6.417080e-06 1.281016e-08 -5.972717e-07
2.28           1.632195e-01 8.707967e-08 -1.048471e-02 1.632130e-01 7.432063e-08 -1.048411e-02 6.460762e-06 1.275903e-08 -6.073755e-07
2.29           1.741903e-01 8.949562e-08 -1.110844e-02 1.741840e-01 7.596575e-08 -1.110785e-02 6.325717e-06 1.352986e-08 -5.858936e-07
2.3            1.656386e-01 8.840823e-08 -1.048916e-02 1.656323e-01 7.511729e-08 -1.048857e-02 6.341765e-06 1.329094e-08 -5.896498e-07
2.31           1.716182e-01 8.962494e-08 -1.079312e-02 1.716120e-01 7.524272e-08 -1.079255e-02 6.235222e-06 1.438222e-08 -5.677547e-07
2.32           1.728385e-01 9.332111e-08 -1.079733e-02 1.728324e-01 7.871744e-08 -1.079679e-02 6.145174e-06 1.460367e-08 -5.409968e-07
2.33           1.613789e-01 8.819353e-08 -1.001632e-02 1.613729e-01 7.381144e-08 -1.001580e-02 6.064238e-06 1.438209e-08 -5.286361e-07
2.34           1.670281e-01 8.972906e-08 -1.030140e-02 1.670221e-01 7.560063e-08 -1.030088e-02 6.017169e-06 1.412844e-08 -5.236541e-07
2.35           1.712509e-01 9.153940e-08 -1.049717e-02 1.712450e-01 7.728635e-08 -1.049666e-02 5.877930e-06 1.425305e-08 -5.084776e-07
2.36           1.572233e-01 8.794530e-08 -9.581108e-03 1.572172e-01 7.356150e-08 -9.580566e-03 6.082327e-06 1.438380e-08 -5.427218e-07
2.37           1.703019e-01 9.191359e-08 -1.031850e-02 1.702960e-01 7.716271e-08 -1.031796e-02 5.927335e-06 1.475088e-08 -5.365406e-07
2.38           1.698369e-01 9.187206e-08 -1.023407e-02 1.698311e-01 7.674488e-08 -1.023354e-02 5.826025e-06 1.512718e-08 -5.312843e-07
2.39           1.679565e-01 9.044138e-08 -1.006771e-02 1.679508e-01 7.446005e-08 -1.006718e-02 5.736477e-06 1.598133e-08 -5.271190e-07
2.4            1.645183e-01 9.123543e-08 -9.812316e-03 1.645125e-01 7.509892e-08 -9.811780e-03 5.774378e-06 1.613651e-08 -5.367703e-07
2.41           1.753742e-01 9.514112e-08 -1.040950e-02 1.753686e-01 7.876521e-08 -1.040899e-02 5.612704e-06 1.637591e-08 -5.183516e-07
2.42           1.683257e-01 9.387801e-08 -9.946458e-03 1.683200e-01 7.718852e-08 -9.945930e-03 5.673452e-06 1.668948e-08 -5.277546e-07
2.43           1.744426e-01 9.105775e-08 -1.026392e-02 1.744370e-01 7.315598e-08 -1.026340e-02 5.612912e-06 1.790176e-08 -5.166158e-07
2.44           1.659397e-01 9.944810e-08 -9.725138e-03 1.659341e-01 8.229520e-08 -9.724614e-03 5.634222e-06 1.715290e-08 -5.238366e-07
2.45           1.727423e-01 9.681956e-08 -1.008596e-02 1.727367e-01 7.928502e-08 -1.008544e-02 5.553000e-06 1.753454e-08 -5.179143e-07
2.46           1.658566e-01 9.250126e-08 -9.650912e-03 1.658509e-01 7.501529e-08 -9.650371e-03 5.611233e-06 1.748596e-08 -5.408721e-07
2.47           1.728175e-01 9.657875e-08 -1.002400e-02 1.728119e-01 7.850495e-08 -1.002346e-02 5.547875e-06 1.807380e-08 -5.390559e-07
2.48           1.675318e-01 9.594721e-08 -9.689836e-03 1.675261e-01 7.782688e-08 -9.689282e-03 5.688577e-06 1.812033e-08 -5.544524e-07
2.49           1.743114e-01 9.769337e-08 -1.005576e-02 1.743058e-01 7.853150e-08 -1.005521e-02 5.665006e-06 1.916186e-08 -5.497259e-07
2.5            1.684377e-01 9.778700e-08 -9.694921e-03 1.684319e-01 7.853552e-08 -9.694360e-03 5.722074e-06 1.925148e-08 -5.612403e-07
2.51           1.736153e-01 9.945829e-08 -9.972678e-03 1.736097e-01 7.987249e-08 -9.972126e-03 5.605495e-06 1.958580e-08 -5.517708e-07
2.52           1.684620e-01 9.830349e-08 -9.660313e-03 1.684564e-01 7.862381e-08 -9.659765e-03 5.672891e-06 1.967968e-08 -5.483034e-07
2.53           1.754989e-01 1.008733e-07 -1.004938e-02 1.754933e-01 8.086532e-08 -1.004884e-02 5.602813e-06 2.000794e-08 -5.466452e-07
2.54           1.744021e-01 1.010305e-07 -9.975487e-03 1.743965e-01 8.057293e-08 -9.974942e-03 5.564718e-06 2.045760e-08 -5.458465e-07
2.55           1.734293e-01 9.733374e-08 -9.911722e-03 1.734237e-01 7.572086e-08 -9.911176e-03 5.592132e-06 2.161288e-08 -5.467757e-07
2.56           1.669726e-01 1.009214e-07 -9.538035e-03 1.669668e-01 7.928865e-08 -9.537470e-03 5.722572e-06 2.163277e-08 -5.651897e-07
2.57           1.691763e-01 1.020905e-07 -9.661732e-03 1.691705e-01 8.022563e-08 -9.661150e-03 5.820802e-06 2.186484e-08 -5.822115e-07
2.58           1.758662e-01 1.007773e-07 -1.004436e-02 1.758604e-01 7.813027e-08 -1.004378e-02 5.808641e-06 2.264706e-08 -5.801566e-07
2.59           1.700408e-01 1.035801e-07 -9.715654e-03 1.700349e-01 8.111897e-08 -9.715065e-03 5.897535e-06 2.246109e-08 -5.885638e-07
2.6            1.734309e-01 1.044495e-07 -9.915991e-03 1.734251e-01 8.168968e-08 -9.915406e-03 5.815424e-06 2.275982e-08 -5.848580e-07
2.61           1.713002e-01 1.035060e-07 -9.803859e-03 1.712944e-01 8.007743e-08 -9.803273e-03 5.787505e-06 2.342859e-08 -5.852768e-07
2.62           1.699891e-01 1.038501e-07 -9.741183e-03 1.699833e-01 7.995521e-08 -9.740595e-03 5.812922e-06 2.389485e-08 -5.879637e-07
2.63           1.676826e-01 1.045559e-07 -9.624096e-03 1.676766e-01 8.038266e-08 -9.623490e-03 5.950669e-06 2.417322e-08 -6.062497e-07
2.64           1.774526e-01 1.077673e-07 -1.020320e-02 1.774467e-01 8.324975e-08 -1.020260e-02 5.864081e-06 2.451759e-08 -6.012891e-07
2.65           1.669444e-01 1.028425e-07 -9.619774e-03 1.669384e-01 7.812416e-08 -9.619144e-03 5.967548e-06 2.471831e-08 -6.299235e-07
2.66           1.688668e-01 1.096814e-07 -9.753916e-03 1.688608e-01 8.481287e-08 -9.753269e-03 6.012080e-06 2.486850e-08 -6.469649e-07
2.67           1.801851e-01 1.092553e-07 -1.043510e-02 1.801792e-01 8.394536e-08 -1.043446e-02 5.918680e-06 2.530990e-08 -6.434531e-07
2.68           1.725235e-01 1.033171e-07 -1.002126e-02 1.725175e-01 7.702563e-08 -1.002060e-02 6.048777e-06 2.629145e-08 -6.583017e-07
2.69           1.798390e-01 1.102785e-07 -1.047947e-02 1.798331e-01 8.372141e-08 -1.047882e-02 5.964717e-06 2.655704e-08 -6.551588e-07
2.7            1.792623e-01 1.136359e-07 -1.048224e-02 1.792563e-01 8.667907e-08 -1.048160e-02 6.000402e-06 2.695683e-08 -6.454621e-07
2.71           1.711141e-01 1.095764e-07 -1.004328e-02 1.711080e-01 8.247773e-08 -1.004261e-02 6.160880e-06 2.709863e-08 -6.689250e-07
2.72           1.768817e-01 1.109399e-07 -1.042268e-02 1.768755e-01 8.326868e-08 -1.042201e-02 6.189014e-06 2.767117e-08 -6.704160e-07
2.73           1.726188e-01 1.106427e-07 -1.021448e-02 1.726124e-01 8.274183e-08 -1.021379e-02 6.357660e-06 2.790088e-08 -6.906701e-07
2.74           1.785464e-01 1.126609e-07 -1.061190e-02 1.785401e-01 8.440382e-08 -1.061119e-02 6.352584e-06 2.825704e-08 -7.128343e-07
2.75           1.734208e-01 1.120193e-07 -1.035558e-02 1.734143e-01 8.329031e-08 -1.035486e-02 6.477240e-06 2.872901e-08 -7.268367e-07
2.76           1.796544e-01 1.143076e-07 -1.077991e-02 1.796480e-01 8.497724e-08 -1.077918e-02 6.434095e-06 2.933035e-08 -7.261457e-07
2.77           1.748023e-01 1.136885e-07 -1.054242e-02 1.747958e-01 8.390415e-08 -1.054168e-02 6.561597e-06 2.978439e-08 -7.391948e-07
2.78           1.777714e-01 1.146450e-07 -1.077830e-02 1.777648e-01 8.447038e-08 -1.077756e-02 6.573435e-06 3.017457e-08 -7.401087e-07
2.79           1.848751e-01 1.183578e-07 -1.127026e-02 1.848686e-01 8.734680e-08 -1.126951e-02 6.589722e-06 3.101098e-08 -7.453435e-07
2.8            1.770623e-01 1.175962e-07 -1.085588e-02 1.770556e-01 8.622505e-08 -1.085512e-02 6.709046e-06 3.137117e-08 -7.570815e-07
2.81           1.761079e-01 1.125549e-07 -1.086074e-02 1.761010e-01 7.971025e-08 -1.085995e-02 6.862237e-06 3.284467e-08 -7.918916e-07
2.82           1.818790e-01 1.191667e-07 -1.128447e-02 1.818721e-01 8.565495e-08 -1.128370e-02 6.887395e-06 3.351176e-08 -7.751636e-07
2.83           1.822338e-01 1.217316e-07 -1.137713e-02 1.822268e-01 8.811217e-08 -1.137635e-02 6.923195e-06 3.361941e-08 -7.802558e-07
2.84           1.875840e-01 1.236390e-07 -1.178599e-02 1.875771e-01 9.008312e-08 -1.178522e-02 6.842625e-06 3.355583e-08 -7.746423e-07
2.85           1.829431e-01 1.227276e-07 -1.156994e-02 1.829362e-01 8.917506e-08 -1.156919e-02 6.909991e-06 3.355257e-08 -7.535003e-07
2.86           1.890802e-01 1.246329e-07 -1.203783e-02 1.890734e-01 9.112376e-08 -1.203708e-02 6.862570e-06 3.350918e-08 -7.505815e-07
2.87           1.855584e-01 1.211487e-07 -1.189450e-02 1.855514e-01 8.766752e-08 -1.189374e-02 6.929670e-06 3.348121e-08 -7.577049e-07
2.88           1.825708e-01 1.223994e-07 -1.178438e-02 1.825638e-01 8.975963e-08 -1.178361e-02 7.024128e-06 3.263976e-08 -7.716927e-07
2.89           1.919715e-01 1.329322e-07 -1.247841e-02 1.919646e-01 9.977150e-08 -1.247765e-02 6.923236e-06 3.316068e-08 -7.593023e-07
2.9            1.847480e-01 1.237598e-07 -1.209543e-02 1.847409e-01 9.106612e-08 -1.209466e-02 7.082671e-06 3.269364e-08 -7.653793e-07
2.91           1.899207e-01 1.251092e-07 -1.252461e-02 1.899135e-01 9.217440e-08 -1.252383e-02 7.167555e-06 3.293479e-08 -7.765970e-07
2.92           1.914825e-01 1.262903e-07 -1.272079e-02 1.914754e-01 9.311579e-08 -1.272001e-02 7.181115e-06 3.317453e-08 -7.783151e-07
2.93           1.828311e-01 1.244968e-07 -1.223709e-02 1.828238e-01 9.092946e-08 -1.223629e-02 7.371543e-06 3.356730e-08 -8.032194e-07
2.94           1.928646e-01 1.242881e-07 -1.300553e-02 1.928572e-01 8.985760e-08 -1.300473e-02 7.409498e-06 3.443050e-08 -8.084836e-07
2.95           1.896730e-01 1.234850e-07 -1.288778e-02 1.896655e-01 8.843538e-08 -1.288699e-02 7.512631e-06 3.504959e-08 -7.933588e-07
2.96           1.942981e-01 1.346361e-07 -1.330323e-02 1.942906e-01 9.884466e-08 -1.330245e-02 7.511892e-06 3.579142e-08 -7.802572e-07
2.97           1.969277e-01 1.332838e-07 -1.358728e-02 1.969203e-01 9.799421e-08 -1.358651e-02 7.404487e-06 3.528960e-08 -7.683868e-07
2.98           1.910384e-01 1.304470e-07 -1.328363e-02 1.910309e-01 9.585444e-08 -1.328286e-02 7.528213e-06 3.459254e-08 -7.713038e-07
2.99           1.933562e-01 1.315035e-07 -1.354982e-02 1.933486e-01 9.693247e-08 -1.354901e-02 7.580520e-06 3.457102e-08 -8.051758e-07
3              1.888049e-01 1.299032e-07 -1.333503e-02 1.887971e-01 9.544379e-08 -1.333420e-02 7.787974e-06 3.445942e-08 -8.297033e-07
3.01           1.873833e-01 1.301867e-07 -1.333898e-02 1.873754e-01 9.528024e-08 -1.333812e-02 7.959450e-06 3.490648e-08 -8.639846e-07
3.02           2.002189e-01 1.326180e-07 -1.436489e-02 2.002110e-01 9.683818e-08 -1.436404e-02 7.895813e-06 3.577983e-08 -8.434074e-07
3.03           1.901830e-01 1.340151e-07 -1.375317e-02 1.901750e-01 9.901703e-08 -1.375230e-02 7.987268e-06 3.499805e-08 -8.781005e-07
3.04           1.911262e-01 1.327508e-07 -1.393098e-02 1.911181e-01 9.743265e-08 -1.393008e-02 8.089628e-06 3.531810e-08 -8.974906e-07
3.05           1.961573e-01 1.339572e-07 -1.441083e-02 1.961492e-01 9.760196e-08 -1.440992e-02 8.035527e-06 3.635527e-08 -9.075995e-07
3.06           1.914272e-01 1.335696e-07 -1.417485e-02 1.914191e-01 9.690000e-08 -1.417393e-02 8.096520e-06 3.666958e-08 -9.194779e-07
3.07           1.917969e-01 1.306107e-07 -1.431437e-02 1.917888e-01 9.382690e-08 -1.431343e-02 8.115640e-06 3.678383e-08 -9.400095e-07
3.08           2.027159e-01 1.377366e-07 -1.524834e-02 2.027079e-01 1.006315e-07 -1.524741e-02 8.019141e-06 3.710505e-08 -9.299902e-07
3.09           1.908087e-01 1.331740e-07 -1.446627e-02 1.908004e-01 9.600949e-08 -1.446531e-02 8.219210e-06 3.716451e-08 -9.583522e-07
3.1            2.019101e-01 1.381369e-07 -1.542773e-02 2.019020e-01 1.004741e-07 -1.542678e-02 8.131535e-06 3.766276e-08 -9.491452e-07
3.11           1.977100e-01 1.387761e-07 -1.522518e-02 1.977018e-01 1.015782e-07 -1.522421e-02 8.198120e-06 3.719799e-08 -9.692888e-07
3.12           2.011325e-01 1.391169e-07 -1.560935e-02 2.011244e-01 1.017489e-07 -1.560838e-02 8.154845e-06 3.736792e-08 -9.666609e-07
3.13           1.885442e-01 1.350790e-07 -1.474653e-02 1.885357e-01 9.736927e-08 -1.474552e-02 8.447834e-06 3.770971e-08 -1.004548e-06
3.14           1.995961e-01 1.390566e-07 -1.573097e-02 1.995877e-01 1.016151e-07 -1.572997e-02 8.453285e-06 3.744153e-08 -1.002967e-06
3.15           2.020351e-01 1.400978e-07 -1.604548e-02 2.020266e-01 1.024163e-07 -1.604448e-02 8.462770e-06 3.768149e-08 -1.001525e-06
3.16           2.005905e-01 1.382662e-07 -1.605237e-02 2.005821e-01 9.954965e-08 -1.605136e-02 8.433670e-06 3.871658e-08 -1.010566e-06
3.17           1.974606e-01 1.388106e-07 -1.592163e-02 1.974521e-01 1.008478e-07 -1.592062e-02 8.510422e-06 3.796277e-08 -1.009322e-06
3.18           2.066689e-01 1.419714e-07 -1.678903e-02 2.066605e-01 1.040875e-07 -1.678803e-02 8.436760e-06 3.788383e-08 -9.989492e-07
3.19           1.967428e-01 1.385106e-07 -1.610234e-02 1.967342e-01 1.006572e-07 -1.610132e-02 8.615913e-06 3.785347e-08 -1.019256e-06
3.2            2.024271e-01 1.387732e-07 -1.668984e-02 2.024185e-01 1.010243e-07 -1.668879e-02 8.587961e-06 3.774887e-08 -1.052131e-06
3.21           2.019998e-01 1.388667e-07 -1.677658e-02 2.019912e-01 1.016023e-07 -1.677554e-02 8.622635e-06 3.726437e-08 -1.042219e-06
3.22           2.122132e-01 1.430974e-07 -1.775228e-02 2.122047e-01 1.063924e-07 -1.775128e-02 8.469122e-06 3.670492e-08 -1.001562e-06
3.23           1.993625e-01 1.381177e-07 -1.679757e-02 1.993539e-01 1.029628e-07 -1.679655e-02 8.597173e-06 3.515485e-08 -1.017122e-06
3.24           2.076855e-01 1.430437e-07 -1.762299e-02 2.076768e-01 1.071058e-07 -1.762199e-02 8.621785e-06 3.593786e-08 -9.999273e-07
3.25           1.988979e-01 1.370399e-07 -1.699625e-02 1.988891e-01 1.013694e-07 -1.699523e-02 8.806137e-06 3.567048e-08 -1.017567e-06
3.26           2.105289e-01 1.453716e-07 -1.811469e-02 2.105201e-01 1.095658e-07 -1.811370e-02 8.741412e-06 3.580581e-08 -9.944076e-07
3.27           2.072471e-01 1.407920e-07 -1.795475e-02 2.072384e-01 1.058337e-07 -1.795377e-02 8.747506e-06 3.495827e-08 -9.788819e-07
3.28           1.979760e-01 1.369593e-07 -1.726829e-02 1.979670e-01 1.019777e-07 -1.726727e-02 8.970944e-06 3.498163e-08 -1.010937e-06
3.29           2.112975e-01 1.457786e-07 -1.855308e-02 2.112886e-01 1.104098e-07 -1.855209e-02 8.907455e-06 3.536874e-08 -9.944413e-07
3.3            2.038192e-01 1.378609e-07 -1.801473e-02 2.038102e-01 1.030640e-07 -1.801374e-02 8.956745e-06 3.479687e-08 -9.878266e-07
3.31           2.095389e-01 1.384519e-07 -1.864069e-02 2.095300e-01 1.031571e-07 -1.863972e-02 8.904635e-06 3.529484e-08 -9.688901e-07
3.32           2.099348e-01 1.409624e-07 -1.879576e-02 2.099259e-01 1.067514e-07 -1.879481e-02 8.922182e-06 3.421096e-08 -9.542638e-07
3.33           2.122559e-01 1.395129e-07 -1.912390e-02 2.122470e-01 1.046923e-07 -1.912296e-02 8.911260e-06 3.482053e-08 -9.438459e-07
3.34           2.034905e-01 1.376099e-07 -1.844872e-02 2.034814e-01 1.034171e-07 -1.844775e-02 9.045726e-06 3.419280e-08 -9.705680e-07
3.35           2.050613e-01 1.358953e-07 -1.870503e-02 2.050522e-01 1.019993e-07 -1.870402e-02 9.092546e-06 3.389600e-08 -1.001527e-06
3.36           2.121461e-01 1.404285e-07 -1.946770e-02 2.121371e-01 1.068910e-07 -1.946670e-02 8.912661e-06 3.353757e-08 -9.935755e-07
3.37           2.051284e-01 1.359213e-07 -1.893557e-02 2.051194e-01 1.031683e-07 -1.893456e-02 9.002849e-06 3.275303e-08 -1.008528e-06
3.38           2.131882e-01 1.392359e-07 -1.979395e-02 2.131793e-01 1.066357e-07 -1.979294e-02 8.886386e-06 3.260023e-08 -1.008068e-06
3.39           2.006749e-01 1.332538e-07 -1.873929e-02 2.006658e-01 1.011559e-07 -1.873824e-02 9.091624e-06 3.209790e-08 -1.045081e-06
3.4            2.093131e-01 1.368006e-07 -1.965528e-02 2.093040e-01 1.046064e-07 -1.965421e-02 9.083648e-06 3.219416e-08 -1.067276e-06
3.41           2.037715e-01 1.335086e-07 -1.924065e-02 2.037623e-01 1.017100e-07 -1.923957e-02 9.157320e-06 3.179866e-08 -1.080341e-06
3.42           2.034976e-01 1.352578e-07 -1.931856e-02 2.034885e-01 1.041068e-07 -1.931744e-02 9.134277e-06 3.115098e-08 -1.118022e-06
3.43           2.084004e-01 1.331018e-07 -1.988849e-02 2.083914e-01 1.008826e-07 -1.988737e-02 8.989852e-06 3.221923e-08 -1.124516e-06
3.44           1.991499e-01 1.244726e-07 -1.910425e-02 1.991409e-01 9.323428e-08 -1.910309e-02 8.994317e-06 3.123833e-08 -1.158535e-06
3.45           2.100557e-01 1.325989e-07 -2.025208e-02 2.100468e-01 1.007129e-07 -2.025090e-02 8.970324e-06 3.188596e-08 -1.172906e-06
3.46           2.087277e-01 1.326104e-07 -2.022383e-02 2.087188e-01 1.005590e-07 -2.022266e-02 8.970112e-06 3.205138e-08 -1.168935e-06
3.47           2.127484e-01 1.339763e-07 -2.071288e-02 2.127396e-01 1.013575e-07 -2.071172e-02 8.792437e-06 3.261871e-08 -1.158741e-06
3.48           2.007306e-01 1.291749e-07 -1.963556e-02 2.007217e-01 9.666881e-08 -1.963438e-02 8.907514e-06 3.250606e-08 -1.179032e-06
3.49           2.054879e-01 1.302479e-07 -2.019340e-02 2.054791e-01 9.702102e-08 -2.019221e-02 8.816067e-06 3.322692e-08 -1.198869e-06
3.5            2.069889e-01 1.318313e-07 -2.043214e-02 2.069802e-01 9.863038e-08 -2.043095e-02 8.768049e-06 3.320088e-08 -1.189570e-06
3.51           2.015126e-01 1.296455e-07 -1.997902e-02 2.015038e-01 9.680882e-08 -1.997782e-02 8.831581e-06 3.283667e-08 -1.194806e-06
3.52           2.121612e-01 1.305278e-07 -2.112414e-02 2.121525e-01 9.696611e-08 -2.112296e-02 8.733167e-06 3.356173e-08 -1.176286e-06
3.53           1.987813e-01 1.280226e-07 -1.987481e-02 1.987724e-01 9.518609e-08 -1.987363e-02 8.846526e-06 3.283653e-08 -1.185083e-06
3.54           2.049736e-01 1.305297e-07 -2.057657e-02 2.049649e-01 9.802487e-08 -2.057540e-02 8.723123e-06 3.250479e-08 -1.174160e-06
3.55           1.994864e-01 1.235215e-07 -2.010462e-02 1.994777e-01 9.232613e-08 -2.010343e-02 8.724196e-06 3.119533e-08 -1.187343e-06
3.56           1.987768e-01 1.250736e-07 -2.010972e-02 1.987680e-01 9.391711e-08 -2.010852e-02 8.775588e-06 3.115652e-08 -1.199258e-06
3.57           2.030557e-01 1.277773e-07 -2.061865e-02 2.030470e-01 9.711631e-08 -2.061746e-02 8.755353e-06 3.066100e-08 -1.194004e-06
3.58           2.071116e-01 1.342974e-07 -2.110616e-02 2.071030e-01 1.044565e-07 -2.110496e-02 8.647969e-06 2.984082e-08 -1.200296e-06
3.59           1.959051e-01 1.213541e-07 -2.003432e-02 1.958964e-01 9.146766e-08 -2.003310e-02 8.755798e-06 2.988644e-08 -1.218637e-06
3.6            2.048936e-01 1.254357e-07 -2.102396e-02 2.048850e-01 9.452237e-08 -2.102277e-02 8.630529e-06 3.091336e-08 -1.186980e-06
3.61           2.060624e-01 1.283908e-07 -2.121296e-02 2.060539e-01 9.796533e-08 -2.121184e-02 8.477989e-06 3.042550e-08 -1.118721e-06
3.62           2.034022e-01 1.273521e-07 -2.100527e-02 2.033937e-01 9.751311e-08 -2.100419e-02 8.498263e-06 2.983900e-08 -1.074769e-06
3.63           2.030186e-01 1.235981e-07 -2.102947e-02 2.030101e-01 9.455823e-08 -2.102836e-02 8.471366e-06 2.903989e-08 -1.110614e-06
3.64           2.034554e-01 1.262362e-07 -2.113658e-02 2.034470e-01 9.812004e-08 -2.113551e-02 8.355187e-06 2.811613e-08 -1.075766e-06
3.65           1.990734e-01 1.204888e-07 -2.073985e-02 1.990650e-01 9.318731e-08 -2.073877e-02 8.434434e-06 2.730150e-08 -1.081190e-06
3.66           2.052231e-01 1.242235e-07 -2.143831e-02 2.052147e-01 9.706965e-08 -2.143724e-02 8.336755e-06 2.715385e-08 -1.074867e-06
3.67           1.974116e-01 1.180695e-07 -2.067631e-02 1.974031e-01 9.139143e-08 -2.067522e-02 8.434066e-06 2.667806e-08 -1.095276e-06
3.68           2.059541e-01 1.217892e-07 -2.162437e-02 2.059458e-01 9.556042e-08 -2.162330e-02 8.259610e-06 2.622876e-08 -1.069207e-06
3.69           2.009229e-01 1.185152e-07 -2.114661e-02 2.009147e-01 9.305327e-08 -2.114553e-02 8.277150e-06 2.546190e-08 -1.077043e-06
3.7            1.984678e-01 1.165473e-07 -2.093602e-02 1.984594e-01 9.162999e-08 -2.093493e-02 8.355975e-06 2.491727e-08 -1.094815e-06
3.71           2.063553e-01 1.206151e-07 -2.181513e-02 2.063471e-01 9.597565e-08 -2.181405e-02 8.194514e-06 2.463947e-08 -1.077373e-06
3.72           1.942494e-01 1.123073e-07 -2.057833e-02 1.942411e-01 8.796048e-08 -2.057723e-02 8.309011e-06 2.434680e-08 -1.102043e-06
3.73           2.044226e-01 1.154780e-07 -2.169823e-02 2.044145e-01 9.012225e-08 -2.169716e-02 8.181614e-06 2.535576e-08 -1.072637e-06
3.74           1.959498e-01 1.146163e-07 -2.083783e-02 1.959416e-01 9.081912e-08 -2.083674e-02 8.162796e-06 2.379722e-08 -1.081410e-06
3.75           1.992572e-01 1.125352e-07 -2.122658e-02 1.992491e-01 8.823505e-08 -2.122550e-02 8.047033e-06 2.430020e-08 -1.079332e-06
3.76           1.913164e-01 1.082998e-07 -2.041453e-02 1.913083e-01 8.455422e-08 -2.041343e-02 8.119562e-06 2.374560e-08 -1.097500e-06
3.77           1.992875e-01 1.116339e-07 -2.129757e-02 1.992796e-01 8.770396e-08 -2.129648e-02 7.967495e-06 2.392992e-08 -1.088517e-06
3.78           1.929980e-01 1.106620e-07 -2.065532e-02 1.929900e-01 8.812085e-08 -2.065421e-02 7.956285e-06 2.254111e-08 -1.109094e-06
3.79           1.995091e-01 1.114594e-07 -2.138061e-02 1.995012e-01 8.869026e-08 -2.137951e-02 7.880338e-06 2.276910e-08 -1.096742e-06
3.8            1.911569e-01 1.057484e-07 -2.051129e-02 1.911489e-01 8.351996e-08 -2.051017e-02 7.979951e-06 2.222849e-08 -1.114969e-06
3.81           1.996458e-01 1.103750e-07 -2.144632e-02 1.996380e-01 8.750530e-08 -2.144523e-02 7.840592e-06 2.286968e-08 -1.092649e-06
3.82           1.908516e-01 1.055942e-07 -2.052345e-02 1.908437e-01 8.327939e-08 -2.052235e-02 7.890985e-06 2.231481e-08 -1.103292e-06
3.83           2.026351e-01 1.128539e-07 -2.181084e-02 2.026275e-01 9.054869e-08 -2.180978e-02 7.637816e-06 2.230523e-08 -1.064226e-06
3.84           1.876796e-01 1.024854e-07 -2.021898e-02 1.876718e-01 8.058199e-08 -2.021789e-02 7.764857e-06 2.190344e-08 -1.091597e-06
3.85           1.941176e-01 1.072978e-07 -2.092831e-02 1.941099e-01 8.629630e-08 -2.092722e-02 7.738074e-06 2.100151e-08 -1.086560e-06
3.86           2.037906e-01 1.138422e-07 -2.198577e-02 2.037831e-01 9.266142e-08 -2.198472e-02 7.516634e-06 2.118079e-08 -1.053954e-06
3.87           1.934552e-01 1.071083e-07 -2.088338e-02 1.934476e-01 8.682846e-08 -2.088232e-02 7.551041e-06 2.027983e-08 -1.057065e-06
3.88           1.941533e-01 1.064908e-07 -2.096920e-02 1.941458e-01 8.593139e-08 -2.096815e-02 7.502843e-06 2.055936e-08 -1.049773e-06
3.89           1.879517e-01 1.019083e-07 -2.030800e-02 1.879441e-01 8.180319e-08 -2.030693e-02 7.612743e-06 2.010515e-08 -1.068318e-06
3.9            1.945270e-01 1.086458e-07 -2.102500e-02 1.945195e-01 8.776311e-08 -2.102395e-02 7.519522e-06 2.088267e-08 -1.051055e-06
3.91           1.915264e-01 1.057690e-07 -2.070568e-02 1.915189e-01 8.609752e-08 -2.070464e-02 7.485927e-06 1.967144e-08 -1.042009e-06
3.92           1.891299e-01 1.018598e-07 -2.044993e-02 1.891224e-01 8.277205e-08 -2.044888e-02 7.506599e-06 1.908777e-08 -1.049615e-06
3.93           1.900324e-01 1.004392e-07 -2.054894e-02 1.900249e-01 8.172118e-08 -2.054787e-02 7.486164e-06 1.871798e-08 -1.075552e-06
3.94           1.941256e-01 1.041667e-07 -2.099116e-02 1.941184e-01 8.538032e-08 -2.099012e-02 7.273103e-06 1.878635e-08 -1.043488e-06
3.95           1.875456e-01 9.974348e-08 -2.027800e-02 1.875384e-01 8.128176e-08 -2.027696e-02 7.244693e-06 1.846172e-08 -1.038527e-06
3.96           1.946443e-01 1.036910e-07 -2.104160e-02 1.946372e-01 8.510532e-08 -2.104058e-02 7.079370e-06 1.858571e-08 -1.015122e-06
3.97           1.835350e-01 9.588276e-08 -1.983608e-02 1.835278e-01 7.770759e-08 -1.983505e-02 7.147944e-06 1.817518e-08 -1.027206e-06
3.98           1.899485e-01 1.003235e-07 -2.052214e-02 1.899415e-01 8.211252e-08 -2.052113e-02 6.991836e-06 1.821095e-08 -1.008325e-06
3.99           1.861897e-01 9.125585e-08 -2.010802e-02 1.861828e-01 7.260483e-08 -2.010702e-02 6.915925e-06 1.865102e-08 -9.935587e-07
4              1.854240e-01 9.729841e-08 -2.001555e-02 1.854172e-01 7.872823e-08 -2.001457e-02 6.813341e-06 1.857017e-08 -9.742930e-07
4.01           1.875064e-01 9.940910e-08 -2.022882e-02 1.874996e-01 8.111698e-08 -2.022785e-02 6.715717e-06 1.829212e-08 -9.719059e-07
4.02           1.810266e-01 9.392666e-08 -1.951759e-02 1.810199e-01 7.633466e-08 -1.951662e-02 6.746256e-06 1.759199e-08 -9.744915e-07
4.03           1.921517e-01 1.022771e-07 -2.070190e-02 1.921452e-01 8.495652e-08 -2.070098e-02 6.484337e-06 1.732055e-08 -9.260245e-07
4.04           1.811320e-01 9.302669e-08 -1.950002e-02 1.811254e-01 7.635353e-08 -1.949909e-02 6.550955e-06 1.667316e-08 -9.319120e-07
4.05           1.848519e-01 9.551601e-08 -1.988369e-02 1.848454e-01 7.893141e-08 -1.988276e-02 6.491829e-06 1.658460e-08 -9.213372e-07
4.06           1.786944e-01 9.016077e-08 -1.920428e-02 1.786879e-01 7.428725e-08 -1.920335e-02 6.540246e-06 1.587352e-08 -9.304258e-07
4.07           1.799731e-01 8.987117e-08 -1.932296e-02 1.799665e-01 7.475615e-08 -1.932203e-02 6.523835e-06 1.511502e-08 -9.304129e-07
4.08           1.848984e-01 9.358808e-08 -1.983121e-02 1.848921e-01 7.835225e-08 -1.983030e-02 6.377355e-06 1.523583e-08 -9.114497e-07
4.09           1.845418e-01 9.458265e-08 -1.977133e-02 1.845355e-01 7.913316e-08 -1.977045e-02 6.205016e-06 1.544950e-08 -8.826812e-07
4.1            1.769117e-01 8.797731e-08 -1.893230e-02 1.769055e-01 7.305637e-08 -1.893141e-02 6.221299e-06 1.492094e-08 -8.851593e-07
4.11           1.840954e-01 9.317954e-08 -1.967689e-02 1.840893e-01 7.824125e-08 -1.967603e-02 6.072560e-06 1.493829e-08 -8.615176e-07
4.12           1.798690e-01 8.776603e-08 -1.920105e-02 1.798629e-01 7.313906e-08 -1.920021e-02 6.026108e-06 1.462697e-08 -8.471237e-07
4.13           1.756099e-01 8.544438e-08 -1.872186e-02 1.756039e-01 7.159369e-08 -1.872100e-02 6.045059e-06 1.385069e-08 -8.609993e-07
4.14           1.832769e-01 9.233284e-08 -1.951198e-02 1.832710e-01 7.834259e-08 -1.951115e-02 5.838369e-06 1.399026e-08 -8.334494e-07
4.15           1.746340e-01 8.483775e-08 -1.856562e-02 1.746282e-01 7.150076e-08 -1.856478e-02 5.854269e-06 1.333699e-08 -8.420429e-07
4.16           1.816336e-01 8.953452e-08 -1.928097e-02 1.816279e-01 7.510962e-08 -1.928015e-02 5.725906e-06 1.442489e-08 -8.177721e-07
4.17           1.751659e-01 8.743224e-08 -1.856627e-02 1.751602e-01 7.360398e-08 -1.856546e-02 5.726502e-06 1.382826e-08 -8.040112e-07
4.18           1.751661e-01 8.645155e-08 -1.853707e-02 1.751605e-01 7.321153e-08 -1.853627e-02 5.628675e-06 1.324002e-08 -7.959610e-07
4.19           1.765414e-01 8.693100e-08 -1.865233e-02 1.765359e-01 7.361402e-08 -1.865155e-02 5.501108e-06 1.331698e-08 -7.785701e-07
4.2            1.718213e-01 8.219306e-08 -1.812366e-02 1.718158e-01 6.925774e-08 -1.812287e-02 5.488906e-06 1.293532e-08 -7.837511e-07
4.21           1.751967e-01 8.605166e-08 -1.844810e-02 1.751913e-01 7.304604e-08 -1.844732e-02 5.365828e-06 1.300562e-08 -7.799215e-07
4.22           1.720823e-01 8.233618e-08 -1.808869e-02 1.720770e-01 7.001896e-08 -1.808791e-02 5.326521e-06 1.231722e-08 -7.751497e-07
4.23           1.779313e-01 8.770954e-08 -1.867001e-02 1.779262e-01 7.539382e-08 -1.866926e-02 5.154560e-06 1.231572e-08 -7.488723e-07
4.24           1.625910e-01 7.219971e-08 -1.703005e-02 1.625857e-01 6.063086e-08 -1.702927e-02 5.312275e-06 1.156884e-08 -7.855317e-07
4.25           1.750183e-01 8.416058e-08 -1.829715e-02 1.750132e-01 7.241951e-08 -1.829639e-02 5.096869e-06 1.174108e-08 -7.563169e-07
4.26           1.683185e-01 7.734541e-08 -1.756384e-02 1.683134e-01 6.603056e-08 -1.756308e-02 5.082817e-06 1.131485e-08 -7.598439e-07
4.27           1.636815e-01 7.652577e-08 -1.704738e-02 1.636766e-01 6.514220e-08 -1.704663e-02 4.970085e-06 1.138357e-08 -7.445294e-07
4.28           1.678767e-01 7.786816e-08 -1.745031e-02 1.678718e-01 6.669636e-08 -1.744958e-02 4.887832e-06 1.117180e-08 -7.349489e-07
4.29           1.532970e-01 7.291742e-08 -1.590384e-02 1.532922e-01 6.189757e-08 -1.590313e-02 4.775392e-06 1.101984e-08 -7.142208e-07
4.3            1.953554e-01 9.131305e-08 -2.022597e-02 1.953508e-01 7.991733e-08 -2.022525e-02 4.623992e-06 1.139572e-08 -7.144102e-07
4.31           1.766629e-01 8.251299e-08 -1.825434e-02 1.766584e-01 7.111030e-08 -1.825365e-02 4.556552e-06 1.140269e-08 -6.957639e-07
4.32           1.600954e-01 6.788370e-08 -1.650949e-02 1.600907e-01 5.745652e-08 -1.650877e-02 4.684457e-06 1.042717e-08 -7.202301e-07
4.33           1.696530e-01 7.943574e-08 -1.745866e-02 1.696485e-01 6.896199e-08 -1.745798e-02 4.497809e-06 1.047375e-08 -6.876551e-07
4.34           1.670101e-01 7.499596e-08 -1.715122e-02 1.670056e-01 6.480005e-08 -1.715054e-02 4.449683e-06 1.019590e-08 -6.813559e-07
4.35           1.722427e-01 8.072937e-08 -1.765150e-02 1.722385e-01 7.041301e-08 -1.765085e-02 4.295569e-06 1.031636e-08 -6.513264e-07
4.36           1.658122e-01 7.280463e-08 -1.695710e-02 1.658079e-01 6.281302e-08 -1.695644e-02 4.269068e-06 9.991617e-09 -6.556356e-07
4.37           1.670530e-01 7.376187e-08 -1.704805e-02 1.670487e-01 6.451192e-08 -1.704740e-02 4.260280e-06 9.249954e-09 -6.563481e-07
4.38           1.672253e-01 7.505929e-08 -1.702950e-02 1.672211e-01 6.592394e-08 -1.702886e-02 4.195541e-06 9.135343e-09 -6.423918e-07
4.39           1.651748e-01 7.447567e-08 -1.678514e-02 1.651706e-01 6.576344e-08 -1.678450e-02 4.127989e-06 8.712236e-09 -6.455337e-07
4.4            1.666474e-01 7.420589e-08 -1.689853e-02 1.666433e-01 6.524956e-08 -1.689790e-02 4.036349e-06 8.956330e-09 -6.331771e-07
4.41           1.673767e-01 7.630066e-08 -1.693622e-02 1.673728e-01 6.694076e-08 -1.693561e-02 3.903752e-06 9.359897e-09 -6.110514e-07
4.42           1.635823e-01 7.104592e-08 -1.651709e-02 1.635784e-01 6.207424e-08 -1.651648e-02 3.897305e-06 8.971681e-09 -6.126125e-07
4.43           1.714417e-01 7.550041e-08 -1.727354e-02 1.714379e-01 6.651778e-08 -1.727295e-02 3.816196e-06 8.982628e-09 -5.941309e-07
4.44           1.682688e-01 7.303953e-08 -1.691794e-02 1.682650e-01 6.427261e-08 -1.691735e-02 3.771632e-06 8.766925e-09 -5.848062e-07
4.45           1.724107e-01 7.874305e-08 -1.729732e-02 1.724070e-01 6.978233e-08 -1.729676e-02 3.635981e-06 8.960723e-09 -5.653810e-07
4.46           1.645059e-01 7.294885e-08 -1.646942e-02 1.645023e-01 6.424169e-08 -1.646886e-02 3.578078e-06 8.707161e-09 -5.577025e-07
4.47           1.641055e-01 6.885216e-08 -1.639451e-02 1.641020e-01 6.075828e-08 -1.639394e-02 3.547942e-06 8.093880e-09 -5.668049e-07
4.48           1.676958e-01 7.486762e-08 -1.671759e-02 1.676923e-01 6.663379e-08 -1.671704e-02 3.429964e-06 8.233832e-09 -5.506006e-07
4.49           1.640713e-01 7.105020e-08 -1.632197e-02 1.640679e-01 6.307636e-08 -1.632143e-02 3.391100e-06 7.973838e-09 -5.445079e-07
4.5            1.635116e-01 7.067404e-08 -1.623225e-02 1.635083e-01 6.307720e-08 -1.623170e-02 3.357732e-06 7.596840e-09 -5.471557e-07
4.51           1.663905e-01 7.484864e-08 -1.648360e-02 1.663872e-01 6.713172e-08 -1.648308e-02 3.238464e-06 7.716919e-09 -5.287185e-07
4.52           1.644824e-01 7.400081e-08 -1.626114e-02 1.644793e-01 6.611339e-08 -1.626062e-02 3.147978e-06 7.887415e-09 -5.215983e-07
4.53           1.673571e-01 7.644187e-08 -1.651132e-02 1.673540e-01 6.812361e-08 -1.651082e-02 3.065334e-06 8.318266e-09 -5.012599e-07
4.54           1.598245e-01 6.735785e-08 -1.573654e-02 1.598214e-01 5.974211e-08 -1.573604e-02 3.083331e-06 7.615744e-09 -5.078274e-07
4.55           1.648611e-01 7.268215e-08 -1.619971e-02 1.648581e-01 6.525854e-08 -1.619922e-02 2.991215e-06 7.423603e-09 -4.915221e-07
4.56           1.636784e-01 7.081646e-08 -1.605176e-02 1.636755e-01 6.375021e-08 -1.605128e-02 2.944936e-06 7.066257e-09 -4.797344e-07
4.57           1.605274e-01 6.760811e-08 -1.571219e-02 1.605245e-01 6.126896e-08 -1.571171e-02 2.914962e-06 6.339150e-09 -4.770118e-07
4.58           1.673718e-01 7.111707e-08 -1.635024e-02 1.673690e-01 6.512557e-08 -1.634977e-02 2.857681e-06 5.991497e-09 -4.710937e-07
4.59           1.609125e-01 6.736192e-08 -1.568945e-02 1.609096e-01 6.202204e-08 -1.568898e-02 2.816363e-06 5.339876e-09 -4.691703e-07
4.6            1.648529e-01 7.031284e-08 -1.604322e-02 1.648501e-01 6.493460e-08 -1.604276e-02 2.752341e-06 5.378236e-09 -4.594920e-07
4.61           1.583982e-01 6.460706e-08 -1.538704e-02 1.583955e-01 6.051553e-08 -1.538658e-02 2.734087e-06 4.091530e-09 -4.639519e-07
4.62           1.592673e-01 6.350850e-08 -1.544346e-02 1.592646e-01 5.990994e-08 -1.544300e-02 2.703902e-06 3.598561e-09 -4.615651e-07
4.63           1.583637e-01 6.301188e-08 -1.532852e-02 1.583610e-01 6.050418e-08 -1.532806e-02 2.676779e-06 2.507696e-09 -4.572357e-07
4.64           1.597459e-01 6.477693e-08 -1.543548e-02 1.597433e-01 6.253784e-08 -1.543503e-02 2.604196e-06 2.239095e-09 -4.478723e-07
4.65           1.599841e-01 6.281722e-08 -1.543228e-02 1.599815e-01 6.135251e-08 -1.543183e-02 2.568454e-06 1.464714e-09 -4.511990e-07
4.66           1.648229e-01 6.470083e-08 -1.587242e-02 1.648204e-01 6.289209e-08 -1.587198e-02 2.503108e-06 1.808746e-09 -4.427784e-07
4.67           1.605321e-01 6.239307e-08 -1.543446e-02 1.605296e-01 6.096464e-08 -1.543401e-02 2.475616e-06 1.428423e-09 -4.430503e-07
4.68           1.662163e-01 7.024369e-08 -1.595557e-02 1.662139e-01 6.867425e-08 -1.595514e-02 2.359205e-06 1.569442e-09 -4.231789e-07
4.69           1.635798e-01 6.784015e-08 -1.567862e-02 1.635775e-01 6.653311e-08 -1.567821e-02 2.292553e-06 1.307038e-09 -4.112167e-07
4.7            1.619378e-01 6.327014e-08 -1.549832e-02 1.619355e-01 6.207328e-08 -1.549791e-02 2.273173e-06 1.196861e-09 -4.064723e-07
4.71           1.657226e-01 6.566539e-08 -1.583765e-02 1.657204e-01 6.428620e-08 -1.583725e-02 2.247607e-06 1.379193e-09 -4.002118e-07
4.72           1.605678e-01 6.131113e-08 -1.532418e-02 1.605656e-01 6.021569e-08 -1.532378e-02 2.252645e-06 1.095446e-09 -4.009706e-07
4.73           1.622072e-01 6.427191e-08 -1.545993e-02 1.622050e-01 6.323204e-08 -1.545954e-02 2.203200e-06 1.039877e-09 -3.899072e-07
4.74           1.574518e-01 5.968039e-08 -1.498763e-02 1.574496e-01 5.935789e-08 -1.498724e-02 2.200444e-06 3.224976e-10 -3.916240e-07
4.75           1.624410e-01 6.379692e-08 -1.544323e-02 1.624389e-01 6.351068e-08 -1.544285e-02 2.143647e-06 2.862453e-10 -3.796342e-07
4.76           1.607965e-01 6.127600e-08 -1.526893e-02 1.607944e-01 6.131613e-08 -1.526855e-02 2.133709e-06 -4.013340e-11 -3.775533e-07
4.77           1.641950e-01 6.472533e-08 -1.557397e-02 1.641929e-01 6.481683e-08 -1.557360e-02 2.080431e-06 -9.149159e-11 -3.650814e-07
4.78           1.635994e-01 6.306492e-08 -1.550082e-02 1.635973e-01 6.300980e-08 -1.550046e-02 2.052443e-06 5.512810e-11 -3.555770e-07
4.79           1.603662e-01 6.280338e-08 -1.517916e-02 1.603641e-01 6.280931e-08 -1.517882e-02 2.018835e-06 -5.931826e-12 -3.444138e-07
4.8            1.603022e-01 6.084040e-08 -1.515850e-02 1.603002e-01 6.110918e-08 -1.515816e-02 2.021391e-06 -2.687713e-10 -3.438960e-07
4.81           1.635601e-01 6.419458e-08 -1.545239e-02 1.635581e-01 6.466054e-08 -1.545206e-02 1.971061e-06 -4.659619e-10 -3.297828e-07
4.82           1.597333e-01 6.054190e-08 -1.507819e-02 1.597313e-01 6.112472e-08 -1.507786e-02 1.972366e-06 -5.828259e-10 -3.277501e-07
4.83           1.629383e-01 6.320013e-08 -1.536841e-02 1.629364e-01 6.410727e-08 -1.536810e-02 1.936467e-06 -9.071374e-10 -3.158076e-07
4.84           1.635305e-01 6.273227e-08 -1.541290e-02 1.635286e-01 6.368164e-08 -1.541260e-02 1.912410e-06 -9.493758e-10 -3.028572e-07
4.85           1.589775e-01 6.042809e-08 -1.497389e-02 1.589756e-01 6.142190e-08 -1.497359e-02 1.929458e-06 -9.938059e-10 -3.032467e-07
4.86           1.643315e-01 6.720145e-08 -1.546845e-02 1.643296e-01 6.888903e-08 -1.546816e-02 1.866538e-06 -1.687582e-09 -2.879673e-07
4.87           1.602754e-01 6.060216e-08 -1.507853e-02 1.602735e-01 6.221874e-08 -1.507824e-02 1.900547e-06 -1.616582e-09 -2.888227e-07
4.88           1.632291e-01 6.285760e-08 -1.534874e-02 1.632272e-01 6.502547e-08 -1.534846e-02 1.868589e-06 -2.167869e-09 -2.753498e-07
4.89           1.610157e-01 6.090302e-08 -1.513429e-02 1.610138e-01 6.315774e-08 -1.513401e-02 1.891817e-06 -2.254714e-09 -2.748238e-07
4.9            1.633683e-01 6.118368e-08 -1.534976e-02 1.633664e-01 6.377611e-08 -1.534950e-02 1.885216e-06 -2.592436e-09 -2.674906e-07
4.91           1.618589e-01 6.096230e-08 -1.520333e-02 1.618571e-01 6.377887e-08 -1.520307e-02 1.872030e-06 -2.816567e-09 -2.547726e-07
4.92           1.627444e-01 6.033272e-08 -1.528266e-02 1.627425e-01 6.343180e-08 -1.528241e-02 1.860376e-06 -3.099072e-09 -2.430624e-07
4.93           1.583924e-01 6.026359e-08 -1.487137e-02 1.583906e-01 6.412079e-08 -1.487115e-02 1.831571e-06 -3.857197e-09 -2.239909e-07
4.94           1.620585e-01 6.135226e-08 -1.521371e-02 1.620567e-01 6.561060e-08 -1.521350e-02 1.830661e-06 -4.258336e-09 -2.101133e-07
4.95           1.571491e-01 5.808071e-08 -1.475231e-02 1.571472e-01 6.222755e-08 -1.475210e-02 1.871756e-06 -4.146839e-09 -2.080024e-07
4.96           1.597893e-01 5.903981e-08 -1.500024e-02 1.597874e-01 6.353401e-08 -1.500004e-02 1.873026e-06 -4.494204e-09 -1.963985e-07
4.97           1.572020e-01 5.751579e-08 -1.475857e-02 1.572001e-01 6.166456e-08 -1.475838e-02 1.921604e-06 -4.148767e-09 -1.968342e-07
4.98           1.584272e-01 5.725780e-08 -1.487561e-02 1.584252e-01 6.141924e-08 -1.487541e-02 1.953662e-06 -4.161442e-09 -1.993805e-07
4.99           1.634981e-01 6.039983e-08 -1.535460e-02 1.634962e-01 6.535643e-08 -1.535442e-02 1.927462e-06 -4.956595e-09 -1.839373e-07
5              1.597084e-01 5.874809e-08 -1.500278e-02 1.597064e-01 6.376723e-08 -1.500259e-02 1.954826e-06 -5.019134e-09 -1.826551e-07
5.01           1.639174e-01 6.042375e-08 -1.540290e-02 1.639155e-01 6.633682e-08 -1.540273e-02 1.925977e-06 -5.913072e-09 -1.671064e-07
5.02           1.649296e-01 6.209823e-08 -1.550385e-02 1.649277e-01 6.847641e-08 -1.550371e-02 1.913285e-06 -6.378182e-09 -1.482657e-07
5.03           1.544621e-01 4.912278e-08 -1.452669e-02 1.544600e-01 5.485441e-08 -1.452652e-02 2.070115e-06 -5.731627e-09 -1.689383e-07
5.04           1.630151e-01 5.972053e-08 -1.533832e-02 1.630130e-01 6.582469e-08 -1.533816e-02 2.037798e-06 -6.104160e-09 -1.565403e-07
5.05           1.645119e-01 6.041884e-08 -1.548763e-02 1.645099e-01 6.743190e-08 -1.548749e-02 1.999519e-06 -7.013067e-09 -1.410684e-07
5.06           1.640825e-01 5.965660e-08 -1.545662e-02 1.640805e-01 6.717838e-08 -1.545649e-02 1.986991e-06 -7.521784e-09 -1.297190e-07
5.07           1.664001e-01 6.165959e-08 -1.568526e-02 1.663981e-01 6.950579e-08 -1.568515e-02 1.970258e-06 -7.846197e-09 -1.100141e-07
5.08           1.611887e-01 5.840581e-08 -1.520525e-02 1.611866e-01 6.567115e-08 -1.520513e-02 2.041374e-06 -7.265337e-09 -1.155964e-07
5.09           1.675853e-01 6.070670e-08 -1.582072e-02 1.675832e-01 6.859181e-08 -1.582062e-02 2.019590e-06 -7.885111e-09 -1.016934e-07
5.1            1.622581e-01 5.848634e-08 -1.533085e-02 1.622560e-01 6.593864e-08 -1.533074e-02 2.086371e-06 -7.452300e-09 -1.043216e-07
5.11           1.655069e-01 6.035307e-08 -1.565164e-02 1.655048e-01 6.777177e-08 -1.565154e-02 2.102955e-06 -7.418695e-09 -1.002169e-07
5.12           1.630941e-01 5.982555e-08 -1.543817e-02 1.630919e-01 6.663250e-08 -1.543807e-02 2.168782e-06 -6.806952e-09 -1.028436e-07
5.13           1.670418e-01 6.163741e-08 -1.582747e-02 1.670396e-01 6.864430e-08 -1.582738e-02 2.164575e-06 -7.006886e-09 -9.270664e-08
5.14           1.668280e-01 6.172212e-08 -1.582376e-02 1.668259e-01 6.912054e-08 -1.582368e-02 2.158311e-06 -7.398420e-09 -8.156783e-08
5.15           1.636821e-01 6.054799e-08 -1.554241e-02 1.636799e-01 6.769891e-08 -1.554233e-02 2.188373e-06 -7.150922e-09 -7.659250e-08
5.16           1.608190e-01 6.156688e-08 -1.528799e-02 1.608168e-01 6.849509e-08 -1.528791e-02 2.238667e-06 -6.928211e-09 -8.147589e-08
5.17           1.660953e-01 6.230140e-08 -1.580796e-02 1.660930e-01 6.900244e-08 -1.580788e-02 2.253081e-06 -6.701043e-09 -7.654632e-08
5.18           1.629490e-01 6.225979e-08 -1.552768e-02 1.629467e-01 6.805004e-08 -1.552760e-02 2.338312e-06 -5.790253e-09 -8.505577e-08
5.19           1.658063e-01 6.317784e-08 -1.581986e-02 1.658040e-01 6.840577e-08 -1.581978e-02 2.348845e-06 -5.227932e-09 -8.036601e-08
5.2            1.617065e-01 6.328877e-08 -1.544901e-02 1.617041e-01 6.754072e-08 -1.544892e-02 2.429161e-06 -4.251946e-09 -8.852048e-08
5.21           1.685783e-01 6.637096e-08 -1.612698e-02 1.685758e-01 7.052347e-08 -1.612690e-02 2.426120e-06 -4.152504e-09 -8.243378e-08
5.22           1.666071e-01 6.679172e-08 -1.596069e-02 1.666046e-01 7.033763e-08 -1.596060e-02 2.494924e-06 -3.545917e-09 -8.904451e-08
5.23           1.679999e-01 7.075074e-08 -1.611699e-02 1.679974e-01 7.395583e-08 -1.611691e-02 2.525879e-06 -3.205087e-09 -8.647838e-08
5.24           1.716185e-01 6.914209e-08 -1.648811e-02 1.716160e-01 7.295781e-08 -1.648803e-02 2.483565e-06 -3.815729e-09 -7.531219e-08
5.25           1.684832e-01 6.847794e-08 -1.621134e-02 1.684807e-01 7.209223e-08 -1.621126e-02 2.552119e-06 -3.614292e-09 -8.237345e-08
5.26           1.695475e-01 6.956419e-08 -1.633888e-02 1.695448e-01 7.276164e-08 -1.633879e-02 2.635998e-06 -3.197446e-09 -9.263222e-08
5.27           1.753350e-01 7.189189e-08 -1.692315e-02 1.753323e-01 7.440786e-08 -1.692306e-02 2.676968e-06 -2.515967e-09 -8.873298e-08
5.28           1.666661e-01 7.123744e-08 -1.611256e-02 1.666633e-01 7.353432e-08 -1.611245e-02 2.785151e-06 -2.296877e-09 -1.121749e-07
5.29           1.728814e-01 7.424322e-08 -1.674048e-02 1.728786e-01 7.604250e-08 -1.674038e-02 2.793601e-06 -1.799280e-09 -9.971916e-08
5.3            1.614935e-01 7.052977e-08 -1.566423e-02 1.614905e-01 7.050050e-08 -1.566409e-02 3.020284e-06 2.926885e-11 -1.335355e-07
5.31           1.709695e-01 7.466924e-08 -1.661097e-02 1.709665e-01 7.379652e-08 -1.661084e-02 3.032569e-06 8.727138e-10 -1.294152e-07
5.32           1.751184e-01 7.634019e-08 -1.704303e-02 1.751154e-01 7.525398e-08 -1.704291e-02 3.001352e-06 1.086214e-09 -1.237864e-07
5.33           1.695002e-01 7.432811e-08 -1.652507e-02 1.694970e-01 7.224308e-08 -1.652492e-02 3.172404e-06 2.085031e-09 -1.513055e-07
5.34           1.739683e-01 7.726807e-08 -1.699014e-02 1.739651e-01 7.462521e-08 -1.698999e-02 3.150844e-06 2.642868e-09 -1.463436e-07
5.35           1.685639e-01 7.924645e-08 -1.649159e-02 1.685607e-01 7.623579e-08 -1.649144e-02 3.195334e-06 3.010656e-09 -1.557321e-07
5.36           1.754737e-01 7.818162e-08 -1.719805e-02 1.754705e-01 7.458691e-08 -1.719791e-02 3.181621e-06 3.594704e-09 -1.453746e-07
5.37           1.750450e-01 7.954300e-08 -1.718703e-02 1.750418e-01 7.541433e-08 -1.718686e-02 3.240918e-06 4.128671e-09 -1.619426e-07
5.38           1.751133e-01 7.972846e-08 -1.722512e-02 1.751100e-01 7.517944e-08 -1.722497e-02 3.265842e-06 4.549022e-09 -1.553149e-07
5.39           1.683321e-01 7.670865e-08 -1.658865e-02 1.683287e-01 7.151817e-08 -1.658847e-02 3.383775e-06 5.190477e-09 -1.854586e-07
5.4            1.752188e-01 8.187844e-08 -1.729893e-02 1.752154e-01 7.591716e-08 -1.729874e-02 3.389581e-06 5.961272e-09 -1.832727e-07
5.41           1.686242e-01 8.452144e-08 -1.667893e-02 1.686207e-01 7.842842e-08 -1.667873e-02 3.480817e-06 6.093021e-09 -1.994386e-07
5.42           1.708323e-01 8.474533e-08 -1.692868e-02 1.708288e-01 7.799961e-08 -1.692847e-02 3.533636e-06 6.745717e-09 -2.097629e-07
5.43           1.765710e-01 8.467952e-08 -1.752977e-02 1.765675e-01 7.705374e-08 -1.752955e-02 3.547990e-06 7.625774e-09 -2.199029e-07
5.44           1.714388e-01 8.333934e-08 -1.705221e-02 1.714351e-01 7.492857e-08 -1.705197e-02 3.649265e-06 8.410772e-09 -2.350304e-07
5.45           1.720692e-01 7.946467e-08 -1.714695e-02 1.720654e-01 6.959631e-08 -1.714670e-02 3.752524e-06 9.868357e-09 -2.437650e-07
5.46           1.735086e-01 8.660324e-08 -1.732287e-02 1.735048e-01 7.614807e-08 -1.732261e-02 3.830394e-06 1.045518e-08 -2.566613e-07
5.47           1.746075e-01 8.733108e-08 -1.746534e-02 1.746036e-01 7.646287e-08 -1.746507e-02 3.900882e-06 1.086820e-08 -2.754267e-07
5.48           1.746874e-01 8.786032e-08 -1.750618e-02 1.746834e-01 7.673819e-08 -1.750590e-02 3.934406e-06 1.112213e-08 -2.734547e-07
5.49           1.802789e-01 9.066816e-08 -1.810023e-02 1.802750e-01 7.953230e-08 -1.809997e-02 3.876736e-06 1.113586e-08 -2.582989e-07
5.5            1.743109e-01 8.806176e-08 -1.753403e-02 1.743069e-01 7.650057e-08 -1.753376e-02 3.979894e-06 1.156119e-08 -2.673561e-07
5.51           1.803052e-01 8.994027e-08 -1.817063e-02 1.803012e-01 7.778245e-08 -1.817037e-02 3.993317e-06 1.215782e-08 -2.544133e-07
5.52           1.735073e-01 9.015930e-08 -1.751818e-02 1.735032e-01 7.849304e-08 -1.751791e-02 4.083736e-06 1.166627e-08 -2.673112e-07
5.53           1.752718e-01 8.991700e-08 -1.772875e-02 1.752677e-01 7.761299e-08 -1.772849e-02 4.127789e-06 1.230402e-08 -2.617497e-07
5.54           1.766633e-01 9.148676e-08 -1.790207e-02 1.766591e-01 7.875547e-08 -1.790182e-02 4.135398e-06 1.273129e-08 -2.409072e-07
5.55           1.830171e-01 9.434386e-08 -1.857931e-02 1.830130e-01 8.161969e-08 -1.857908e-02 4.097421e-06 1.272417e-08 -2.333069e-07
5.56           1.752731e-01 9.162180e-08 -1.782554e-02 1.752688e-01 7.845028e-08 -1.782529e-02 4.269377e-06 1.317152e-08 -2.510608e-07
5.57           1.844422e-01 9.819870e-08 -1.879130e-02 1.844379e-01 8.472053e-08 -1.879108e-02 4.245119e-06 1.347817e-08 -2.243896e-07
5.58           1.776079e-01 9.408954e-08 -1.812717e-02 1.776036e-01 8.071085e-08 -1.812695e-02 4.331649e-06 1.337869e-08 -2.263278e-07
5.59           1.836084e-01 9.627781e-08 -1.877217e-02 1.836041e-01 8.298859e-08 -1.877195e-02 4.282204e-06 1.328922e-08 -2.120478e-07
5.6            1.789850e-01 9.438349e-08 -1.833123e-02 1.789807e-01 8.102680e-08 -1.833101e-02 4.369159e-06 1.335669e-08 -2.183462e-07
5.61           1.804534e-01 9.658926e-08 -1.851324e-02 1.804489e-01 8.351756e-08 -1.851301e-02 4.472171e-06 1.307170e-08 -2.253644e-07
5.62           1.814152e-01 9.623993e-08 -1.864353e-02 1.814106e-01 8.311648e-08 -1.864330e-02 4.597299e-06 1.312345e-08 -2.367837e-07
5.63           1.863967e-01 9.860745e-08 -1.918742e-02 1.863921e-01 8.537566e-08 -1.918719e-02 4.561070e-06 1.323179e-08 -2.274886e-07
5.64           1.749517e-01 9.410137e-08 -1.803936e-02 1.749470e-01 8.033473e-08 -1.803911e-02 4.736004e-06 1.376663e-08 -2.465560e-07
5.65           1.778642e-01 9.597814e-08 -1.836934e-02 1.778594e-01 8.176445e-08 -1.836908e-02 4.839519e-06 1.421369e-08 -2.584532e-07
5.66           1.796670e-01 9.737060e-08 -1.858499e-02 1.796621e-01 8.254284e-08 -1.858471e-02 4.915927e-06 1.482775e-08 -2.781790e-07
5.67           1.756970e-01 9.686822e-08 -1.820300e-02 1.756919e-01 8.158818e-08 -1.820271e-02 5.027723e-06 1.528004e-08 -2.887921e-07
5.68           1.855278e-01 1.010896e-07 -1.925073e-02 1.855229e-01 8.565991e-08 -1.925046e-02 4.940643e-06 1.542964e-08 -2.749799e-07
5.69           1.849221e-01 1.059039e-07 -1.921683e-02 1.849172e-01 9.125308e-08 -1.921656e-02 4.872243e-06 1.465084e-08 -2.669019e-07
5.7            1.850277e-01 1.002182e-07 -1.925614e-02 1.850229e-01 8.544496e-08 -1.925588e-02 4.837327e-06 1.477323e-08 -2.570547e-07
5.71           1.806133e-01 9.347806e-08 -1.882396e-02 1.806083e-01 7.743881e-08 -1.882371e-02 4.929450e-06 1.603925e-08 -2.578925e-07
5.72           1.858464e-01 1.021269e-07 -1.939642e-02 1.858415e-01 8.592906e-08 -1.939617e-02 4.867288e-06 1.619780e-08 -2.467335e-07
5.73           1.853180e-01 1.026123e-07 -1.936790e-02 1.853131e-01 8.649025e-08 -1.936766e-02 4.842117e-06 1.612203e-08 -2.410215e-07
5.74           1.775607e-01 9.637016e-08 -1.858221e-02 1.775558e-01 8.101941e-08 -1.858194e-02 4.943457e-06 1.535075e-08 -2.676552e-07
5.75           1.821189e-01 9.952717e-08 -1.908393e-02 1.821140e-01 8.339091e-08 -1.908367e-02 4.949946e-06 1.613625e-08 -2.646733e-07
5.76           1.779577e-01 9.925618e-08 -1.867150e-02 1.779526e-01 8.252530e-08 -1.867122e-02 5.049856e-06 1.673087e-08 -2.785248e-07
5.77           1.879372e-01 1.069706e-07 -1.974235e-02 1.879323e-01 8.942362e-08 -1.974210e-02 4.973386e-06 1.754703e-08 -2.512470e-07
5.78           1.718354e-01 9.880150e-08 -1.807265e-02 1.718304e-01 8.141177e-08 -1.807239e-02 5.068485e-06 1.738973e-08 -2.605142e-07
5.79           1.809547e-01 1.036779e-07 -1.905336e-02 1.809496e-01 8.655970e-08 -1.905312e-02 5.032256e-06 1.711819e-08 -2.430288e-07
5.8            1.775396e-01 1.007361e-07 -1.871461e-02 1.775345e-01 8.410673e-08 -1.871436e-02 5.103853e-06 1.662941e-08 -2.510873e-07
5.81           1.865582e-01 1.033773e-07 -1.968601e-02 1.865532e-01 8.702592e-08 -1.968578e-02 5.001408e-06 1.635141e-08 -2.301331e-07
5.82           1.767296e-01 9.949791e-08 -1.866839e-02 1.767245e-01 8.293059e-08 -1.866814e-02 5.146376e-06 1.656732e-08 -2.490040e-07
5.83           1.781165e-01 1.000433e-07 -1.883348e-02 1.781112e-01 8.341606e-08 -1.883322e-02 5.261042e-06 1.662719e-08 -2.623088e-07
5.84           1.880376e-01 1.036252e-07 -1.990108e-02 1.880325e-01 8.702367e-08 -1.990084e-02 5.158720e-06 1.660154e-08 -2.474398e-07
5.85           1.865290e-01 1.027885e-07 -1.975931e-02 1.865240e-01 8.624185e-08 -1.975907e-02 5.086932e-06 1.654667e-08 -2.349751e-07
5.86           1.869280e-01 1.030461e-07 -1.981857e-02 1.869230e-01 8.667900e-08 -1.981835e-02 5.018722e-06 1.636706e-08 -2.220264e-07
5.87           1.909114e-01 1.128789e-07 -2.025732e-02 1.909065e-01 9.711676e-08 -2.025712e-02 4.875369e-06 1.576212e-08 -1.988476e-07
5.88           1.981067e-01 1.210950e-07 -2.103688e-02 1.981020e-01 1.056181e-07 -2.103673e-02 4.655628e-06 1.547684e-08 -1.509567e-07
5.89           1.859943e-01 1.031110e-07 -1.976566e-02 1.859893e-01 8.788282e-08 -1.976546e-02 4.994495e-06 1.522820e-08 -1.954791e-07
5.9            1.858426e-01 1.016598e-07 -1.976301e-02 1.858376e-01 8.669607e-08 -1.976281e-02 5.038455e-06 1.496376e-08 -2.032040e-07
5.91           1.892493e-01 1.013382e-07 -2.013809e-02 1.892443e-01 8.559559e-08 -2.013791e-02 5.014757e-06 1.574261e-08 -1.798666e-07
5.92           1.881531e-01 1.013958e-07 -2.003335e-02 1.881480e-01 8.602965e-08 -2.003317e-02 5.044527e-06 1.536617e-08 -1.857358e-07
5.93           1.803079e-01 9.961171e-08 -1.920877e-02 1.803027e-01 8.508742e-08 -1.920857e-02 5.145775e-06 1.452429e-08 -2.083510e-07
5.94           1.820450e-01 9.940131e-08 -1.940351e-02 1.820398e-01 8.482602e-08 -1.940330e-02 5.191586e-06 1.457528e-08 -2.134061e-07
5.95           1.846797e-01 9.818938e-08 -1.969312e-02 1.846745e-01 8.430235e-08 -1.969287e-02 5.233872e-06 1.388703e-08 -2.453059e-07
5.96           1.888829e-01 9.983985e-08 -2.014957e-02 1.888778e-01 8.620235e-08 -2.014934e-02 5.113769e-06 1.363750e-08 -2.286773e-07
5.97           1.825590e-01 9.344609e-08 -1.948233e-02 1.825538e-01 7.971148e-08 -1.948209e-02 5.196415e-06 1.373460e-08 -2.375835e-07
5.98           2.040822e-01 1.076087e-07 -2.178567e-02 2.040774e-01 9.342971e-08 -2.178549e-02 4.812122e-06 1.417895e-08 -1.848071e-07
5.99           1.866577e-01 1.012361e-07 -1.993172e-02 1.866528e-01 8.768653e-08 -1.993148e-02 4.929645e-06 1.354960e-08 -2.400701e-07
6              1.803406e-01 9.553934e-08 -1.926200e-02 1.803354e-01 8.093842e-08 -1.926174e-02 5.118270e-06 1.460092e-08 -2.578993e-07
6.01           1.896591e-01 1.008762e-07 -2.026084e-02 1.896540e-01 8.639143e-08 -2.026061e-02 5.026084e-06 1.448482e-08 -2.361311e-07
6.02           1.853495e-01 9.749473e-08 -1.980363e-02 1.853445e-01 8.283472e-08 -1.980339e-02 5.020375e-06 1.466002e-08 -2.364004e-07
6.03           1.810324e-01 9.711492e-08 -1.934440e-02 1.810273e-01 8.232816e-08 -1.934416e-02 5.139744e-06 1.478677e-08 -2.457222e-07
6.04           1.882918e-01 9.874532e-08 -2.012106e-02 1.882867e-01 8.348476e-08 -2.012083e-02 5.073540e-06 1.526056e-08 -2.299813e-07
6.05           1.846963e-01 9.777661e-08 -1.973703e-02 1.846912e-01 8.284057e-08 -1.973682e-02 5.092164e-06 1.493603e-08 -2.080334e-07
6.06           1.825599e-01 1.019971e-07 -1.950829e-02 1.825547e-01 8.812916e-08 -1.950807e-02 5.114488e-06 1.386798e-08 -2.145626e-07
6.07           1.966960e-01 9.873225e-08 -2.101682e-02 1.966911e-01 8.496883e-08 -2.101665e-02 4.865561e-06 1.376341e-08 -1.770936e-07
6.08           1.787951e-01 9.426389e-08 -1.910246e-02 1.787901e-01 8.005524e-08 -1.910226e-02 5.054987e-06 1.420865e-08 -2.007046e-07
6.09           1.794440e-01 8.556045e-08 -1.916875e-02 1.794388e-01 6.944210e-08 -1.916851e-02 5.261054e-06 1.611836e-08 -2.349686e-07
6.1            1.822218e-01 9.784078e-08 -1.946166e-02 1.822166e-01 8.162296e-08 -1.946143e-02 5.183081e-06 1.621782e-08 -2.298689e-07
6.11           1.880268e-01 9.829517e-08 -2.007650e-02 1.880217e-01 8.225131e-08 -2.007629e-02 5.029611e-06 1.604387e-08 -2.118631e-07
6.12           1.953236e-01 1.119636e-07 -2.084951e-02 1.953188e-01 9.672134e-08 -2.084935e-02 4.722906e-06 1.524228e-08 -1.647163e-07
6.13           1.843439e-01 9.432154e-08 -1.967143e-02 1.843391e-01 7.941364e-08 -1.967125e-02 4.829329e-06 1.490790e-08 -1.787435e-07
6.14           1.876833e-01 9.547500e-08 -2.002045e-02 1.876785e-01 8.057117e-08 -2.002027e-02 4.817122e-06 1.490383e-08 -1.760773e-07
6.15           1.813012e-01 9.396682e-08 -1.933208e-02 1.812963e-01 7.910159e-08 -1.933189e-02 4.909986e-06 1.486522e-08 -1.875327e-07
6.16           1.887566e-01 9.553568e-08 -2.011782e-02 1.887518e-01 8.083716e-08 -2.011766e-02 4.779806e-06 1.469852e-08 -1.673747e-07
6.17           1.844708e-01 9.369754e-08 -1.965168e-02 1.844659e-01 7.920411e-08 -1.965151e-02 4.828485e-06 1.449343e-08 -1.709523e-07
6.18           1.871680e-01 9.443095e-08 -1.992864e-02 1.871632e-01 8.003155e-08 -1.992848e-02 4.765477e-06 1.439940e-08 -1.610351e-07
6.19           1.820886e-01 9.000158e-08 -1.937723e-02 1.820838e-01 7.649863e-08 -1.937704e-02 4.811451e-06 1.350295e-08 -1.889142e-07
6.2            1.973152e-01 9.307794e-08 -2.098464e-02 1.973106e-01 8.031105e-08 -2.098449e-02 4.543736e-06 1.276690e-08 -1.472769e-07
6.21           1.862709e-01 8.407781e-08 -1.979829e-02 1.862663e-01 7.108511e-08 -1.979812e-02 4.589191e-06 1.299270e-08 -1.692393e-07
6.22           1.804458e-01 8.508378e-08 -1.916661e-02 1.804411e-01 7.256516e-08 -1.916642e-02 4.685855e-06 1.251862e-08 -1.901063e-07
6.23           1.871331e-01 8.919802e-08 -1.986297e-02 1.871285e-01 7.641452e-08 -1.986280e-02 4.600203e-06 1.278350e-08 -1.692331e-07
6.24           1.854616e-01 8.891160e-08 -1.967120e-02 1.854571e-01 7.626195e-08 -1.967105e-02 4.519384e-06 1.264965e-08 -1.484167e-07
6.25           1.768306e-01 8.589102e-08 -1.874164e-02 1.768260e-01 7.465661e-08 -1.874147e-02 4.616601e-06 1.123441e-08 -1.729781e-07
6.26           1.822319e-01 8.629245e-08 -1.929867e-02 1.822274e-01 7.405689e-08 -1.929851e-02 4.580757e-06 1.223556e-08 -1.585203e-07
6.27           1.806133e-01 8.666678e-08 -1.911148e-02 1.806087e-01 7.388629e-08 -1.911131e-02 4.631142e-06 1.278048e-08 -1.654013e-07
6.28           1.865160e-01 8.661339e-08 -1.971902e-02 1.865115e-01 7.365711e-08 -1.971887e-02 4.532129e-06 1.295627e-08 -1.475686e-07
6.29           1.770045e-01 8.360014e-08 -1.869721e-02 1.769999e-01 7.156159e-08 -1.869704e-02 4.591504e-06 1.203854e-08 -1.701184e-07
6.3            1.818595e-01 8.444899e-08 -1.919251e-02 1.818549e-01 7.209767e-08 -1.919234e-02 4.581488e-06 1.235132e-08 -1.706876e-07
6.31           1.885977e-01 8.332964e-08 -1.988488e-02 1.885933e-01 7.096080e-08 -1.988474e-02 4.422404e-06 1.236884e-08 -1.485449e-07
6.32           1.794648e-01 8.048446e-08 -1.890414e-02 1.794604e-01 6.684803e-08 -1.890400e-02 4.464297e-06 1.363643e-08 -1.464559e-07
6.33           1.782216e-01 7.943235e-08 -1.875472e-02 1.782171e-01 6.470438e-08 -1.875456e-02 4.530445e-06 1.472797e-08 -1.632708e-07
6.34           1.847302e-01 8.428900e-08 -1.941996e-02 1.847258e-01 6.957272e-08 -1.941981e-02 4.399394e-06 1.471629e-08 -1.430963e-07
6.35           1.816959e-01 8.317988e-08 -1.908140e-02 1.816916e-01 6.850010e-08 -1.908127e-02 4.322403e-06 1.467978e-08 -1.285440e-07
6.36           1.803347e-01 8.234801e-08 -1.891851e-02 1.803305e-01 6.738558e-08 -1.891839e-02 4.253444e-06 1.496243e-08 -1.164089e-07
6.37           1.770423e-01 8.298411e-08 -1.855324e-02 1.770380e-01 6.739408e-08 -1.855312e-02 4.281379e-06 1.559003e-08 -1.190430e-07
6.38           1.823917e-01 8.634483e-08 -1.909275e-02 1.823875e-01 7.172187e-08 -1.909264e-02 4.184988e-06 1.462297e-08 -1.077344e-07
6.39           1.813745e-01 8.061611e-08 -1.896522e-02 1.813704e-01 6.585445e-08 -1.896513e-02 4.115533e-06 1.476166e-08 -9.205538e-08
6.4            1.775236e-01 7.842486e-08 -1.854169e-02 1.775195e-01 6.381884e-08 -1.854161e-02 4.114381e-06 1.460602e-08 -8.709978e-08
6.41           1.866694e-01 7.966776e-08 -1.947447e-02 1.866654e-01 6.553630e-08 -1.947440e-02 4.002200e-06 1.413146e-08 -6.862816e-08
6.42           1.798594e-01 7.873016e-08 -1.874263e-02 1.798554e-01 6.388217e-08 -1.874257e-02 4.002934e-06 1.484799e-08 -6.029748e-08
6.43           1.805366e-01 7.757275e-08 -1.879135e-02 1.805327e-01 6.281315e-08 -1.879130e-02 3.981702e-06 1.475960e-08 -4.818246e-08
6.44           1.841530e-01 8.303869e-08 -1.914548e-02 1.841491e-01 6.812943e-08 -1.914545e-02 3.908520e-06 1.490926e-08 -3.027621e-08
6.45           1.778231e-01 7.868632e-08 -1.846588e-02 1.778191e-01 6.332518e-08 -1.846585e-02 3.960979e-06 1.536114e-08 -3.336914e-08
6.46           1.790792e-01 7.767035e-08 -1.857439e-02 1.790753e-01 6.222758e-08 -1.857437e-02 3.913805e-06 1.544277e-08 -2.537745e-08
6.47           1.751775e-01 7.643929e-08 -1.814827e-02 1.751736e-01 6.113938e-08 -1.814824e-02 3.934721e-06 1.529992e-08 -3.012088e-08
6.48           1.805974e-01 7.718334e-08 -1.868727e-02 1.805936e-01 6.197209e-08 -1.868725e-02 3.858023e-06 1.521125e-08 -1.784415e-08
6.49           1.749449e-01 7.821016e-08 -1.808091e-02 1.749410e-01 6.236753e-08 -1.808089e-02 3.903522e-06 1.584262e-08 -2.271626e-08
6.5            1.795322e-01 8.072006e-08 -1.853273e-02 1.795284e-01 6.508708e-08 -1.853271e-02 3.837769e-06 1.563298e-08 -1.595047e-08
6.51           1.786708e-01 7.688482e-08 -1.842180e-02 1.786670e-01 6.116734e-08 -1.842178e-02 3.788656e-06 1.571747e-08 -1.130021e-08
6.52           1.740689e-01 7.788290e-08 -1.792587e-02 1.740651e-01 6.093965e-08 -1.792587e-02 3.772353e-06 1.694325e-08 -6.315391e-09
6.53           1.805223e-01 7.114467e-08 -1.856768e-02 1.805187e-01 5.543922e-08 -1.856770e-02 3.596032e-06 1.570545e-08 1.724603e-08
6.54           1.759686e-01 7.379077e-08 -1.807768e-02 1.759650e-01 5.833682e-08 -1.807770e-02 3.611401e-06 1.545395e-08 1.459426e-08
6.55           1.693382e-01 8.141609e-08 -1.737611e-02 1.693344e-01 6.340057e-08 -1.737611e-02 3.757615e-06 1.801552e-08 -4.575409e-09
6.56           1.644577e-01 8.334707e-08 -1.685543e-02 1.644538e-01 6.236293e-08 -1.685540e-02 3.897746e-06 2.098414e-08 -2.218101e-08
6.57           1.733188e-01 7.890987e-08 -1.774227e-02 1.733150e-01 5.612706e-08 -1.774227e-02 3.792508e-06 2.278281e-08 3.973801e-09
6.58           1.764882e-01 8.162221e-08 -1.804526e-02 1.764845e-01 5.867143e-08 -1.804528e-02 3.663408e-06 2.295078e-08 1.894815e-08
6.59           1.763797e-01 8.140932e-08 -1.801310e-02 1.763762e-01 5.834802e-08 -1.801313e-02 3.561825e-06 2.306129e-08 2.854225e-08
6.6            1.771792e-01 7.938546e-08 -1.807370e-02 1.771758e-01 5.701252e-08 -1.807374e-02 3.437776e-06 2.237294e-08 4.343572e-08
6.61           1.743108e-01 8.017024e-08 -1.776068e-02 1.743074e-01 5.758153e-08 -1.776073e-02 3.370363e-06 2.258871e-08 5.298594e-08
6.62           1.745786e-01 8.058218e-08 -1.776766e-02 1.745753e-01 5.772516e-08 -1.776772e-02 3.308681e-06 2.285701e-08 6.089467e-08
6.63           1.798528e-01 8.177717e-08 -1.828358e-02 1.798496e-01 5.893098e-08 -1.828366e-02 3.230958e-06 2.284619e-08 7.160846e-08
6.64           1.811825e-01 8.227528e-08 -1.839823e-02 1.811794e-01 5.852305e-08 -1.839832e-02 3.169727e-06 2.375223e-08 8.182751e-08
6.65           1.725753e-01 8.026075e-08 -1.750533e-02 1.725721e-01 5.636905e-08 -1.750541e-02 3.180614e-06 2.389170e-08 8.054750e-08
6.66           1.760916e-01 7.658715e-08 -1.784266e-02 1.760885e-01 5.300497e-08 -1.784275e-02 3.091189e-06 2.358217e-08 9.347523e-08
6.67           1.697828e-01 7.431463e-08 -1.718527e-02 1.697797e-01 5.210216e-08 -1.718536e-02 3.090287e-06 2.221246e-08 8.790327e-08
6.68           1.758952e-01 8.257028e-08 -1.778511e-02 1.758922e-01 5.849517e-08 -1.778522e-02 2.995582e-06 2.407512e-08 1.128222e-07
6.69           1.724782e-01 8.324875e-08 -1.742184e-02 1.724752e-01 5.824797e-08 -1.742197e-02 2.938421e-06 2.500078e-08 1.294290e-07
6.7            1.724687e-01 7.884034e-08 -1.740334e-02 1.724658e-01 5.392731e-08 -1.740347e-02 2.915931e-06 2.491302e-08 1.251438e-07
6.71           1.737221e-01 8.089160e-08 -1.751258e-02 1.737193e-01 5.627391e-08 -1.751271e-02 2.856145e-06 2.461768e-08 1.318151e-07
6.72           1.729011e-01 8.512556e-08 -1.741306e-02 1.728983e-01 5.948568e-08 -1.741321e-02 2.792525e-06 2.563988e-08 1.471233e-07
6.73           1.697553e-01 7.462462e-08 -1.708029e-02 1.697525e-01 5.003373e-08 -1.708042e-02 2.794009e-06 2.459089e-08 1.363505e-07
6.74           1.744399e-01 7.644187e-08 -1.753545e-02 1.744372e-01 5.221027e-08 -1.753560e-02 2.710535e-06 2.423160e-08 1.475114e-07
6.75           1.753259e-01 8.576034e-08 -1.760881e-02 1.753233e-01 6.037947e-08 -1.760898e-02 2.633538e-06 2.538087e-08 1.655684e-07
6.76           1.704724e-01 7.507268e-08 -1.710667e-02 1.704698e-01 4.956378e-08 -1.710684e-02 2.613318e-06 2.550890e-08 1.618474e-07
6.77           1.709721e-01 7.851889e-08 -1.714248e-02 1.709695e-01 5.315861e-08 -1.714265e-02 2.595556e-06 2.536027e-08 1.711583e-07
6.78           1.733885e-01 7.695037e-08 -1.737073e-02 1.733860e-01 5.043035e-08 -1.737092e-02 2.544885e-06 2.652002e-08 1.823185e-07
6.79           1.678853e-01 7.865010e-08 -1.680657e-02 1.678828e-01 5.265433e-08 -1.680675e-02 2.532581e-06 2.599577e-08 1.844429e-07
6.8            1.715059e-01 7.856167e-08 -1.715612e-02 1.715035e-01 5.239326e-08 -1.715632e-02 2.467817e-06 2.616842e-08 1.968418e-07
6.81           1.687980e-01 8.153728e-08 -1.687333e-02 1.687956e-01 5.511177e-08 -1.687354e-02 2.456367e-06 2.642551e-08 2.005261e-07
6.82           1.730390e-01 7.940706e-08 -1.728529e-02 1.730366e-01 5.283149e-08 -1.728550e-02 2.409406e-06 2.657557e-08 2.076561e-07
6.83           1.659325e-01 7.248312e-08 -1.656500e-02 1.659301e-01 4.721414e-08 -1.656520e-02 2.410443e-06 2.526897e-08 2.019393e-07
6.84           1.704214e-01 8.575189e-08 -1.700269e-02 1.704191e-01 5.948598e-08 -1.700290e-02 2.331138e-06 2.626591e-08 2.038119e-07
6.85           1.683760e-01 8.493582e-08 -1.678890e-02 1.683737e-01 5.684088e-08 -1.678911e-02 2.316453e-06 2.809494e-08 2.098492e-07
6.86           1.731737e-01 8.288971e-08 -1.725775e-02 1.731714e-01 5.421250e-08 -1.725797e-02 2.254044e-06 2.867721e-08 2.219643e-07
6.87           1.665369e-01 8.076786e-08 -1.658826e-02 1.665347e-01 5.157987e-08 -1.658849e-02 2.220864e-06 2.918799e-08 2.278448e-07
6.88           1.715583e-01 8.141557e-08 -1.708022e-02 1.715561e-01 5.269465e-08 -1.708046e-02 2.130525e-06 2.872091e-08 2.437829e-07
6.89           1.671637e-01 8.584832e-08 -1.663566e-02 1.671616e-01 5.532782e-08 -1.663591e-02 2.110559e-06 3.052050e-08 2.503158e-07
6.9            1.720143e-01 8.551096e-08 -1.711142e-02 1.720123e-01 5.471111e-08 -1.711168e-02 2.059417e-06 3.079985e-08 2.591709e-07
6.91           1.706372e-01 8.382190e-08 -1.696862e-02 1.706352e-01 5.343606e-08 -1.696889e-02 1.997842e-06 3.038583e-08 2.700241e-07
6.92           1.684063e-01 8.280831e-08 -1.674168e-02 1.684044e-01 5.200772e-08 -1.674195e-02 1.965286e-06 3.080060e-08 2.770581e-07
6.93           1.664874e-01 9.044496e-08 -1.654657e-02 1.664854e-01 5.762882e-08 -1.654685e-02 1.957835e-06 3.281614e-08 2.830178e-07
6.94           1.714746e-01 9.721199e-08 -1.703822e-02 1.714727e-01 6.294290e-08 -1.703852e-02 1.890100e-06 3.426909e-08 2.998514e-07
6.95           1.646283e-01 9.235142e-08 -1.635520e-02 1.646264e-01 5.669174e-08 -1.635550e-02 1.860654e-06 3.565968e-08 3.055419e-07
6.96           1.696078e-01 9.135808e-08 -1.684708e-02 1.696060e-01 5.570567e-08 -1.684739e-02 1.801381e-06 3.565242e-08 3.166078e-07
6.97           1.646669e-01 8.522248e-08 -1.635464e-02 1.646651e-01 4.957145e-08 -1.635495e-02 1.783280e-06 3.565103e-08 3.186209e-07
6.98           1.649083e-01 9.781157e-08 -1.637749e-02 1.649066e-01 5.965839e-08 -1.637782e-02 1.765510e-06 3.815318e-08 3.292297e-07
6.99           1.690901e-01 1.022944e-07 -1.679228e-02 1.690884e-01 6.273802e-08 -1.679262e-02 1.710904e-06 3.955635e-08 3.404790e-07
7              1.688082e-01 1.018798e-07 -1.676469e-02 1.688065e-01 6.141831e-08 -1.676504e-02 1.658125e-06 4.046144e-08 3.494401e-07
7.01           1.686022e-01 1.010924e-07 -1.674538e-02 1.686006e-01 5.971587e-08 -1.674573e-02 1.631727e-06 4.137656e-08 3.540664e-07
7.02           1.692345e-01 1.010375e-07 -1.681005e-02 1.692329e-01 5.936818e-08 -1.681041e-02 1.583382e-06 4.166928e-08 3.627084e-07
7.03           1.662798e-01 1.003484e-07 -1.651924e-02 1.662783e-01 5.817694e-08 -1.651961e-02 1.556125e-06 4.217143e-08 3.686613e-07
7.04           1.716753e-01 1.113441e-07 -1.705865e-02 1.716738e-01 6.839531e-08 -1.705903e-02 1.505387e-06 4.294878e-08 3.800830e-07
7.05           1.659256e-01 1.042408e-07 -1.649182e-02 1.659241e-01 6.032446e-08 -1.649220e-02 1.491332e-06 4.391630e-08 3.835653e-07
7.06           1.640129e-01 9.715638e-08 -1.630673e-02 1.640114e-01 5.326902e-08 -1.630712e-02 1.492368e-06 4.388736e-08 3.860015e-07
7.07           1.639999e-01 1.044665e-07 -1.631120e-02 1.639985e-01 5.963836e-08 -1.631160e-02 1.448554e-06 4.482818e-08 3.987060e-07
7.08           1.659704e-01 1.086531e-07 -1.651353e-02 1.659690e-01 6.268068e-08 -1.651394e-02 1.417216e-06 4.597246e-08 4.091040e-07
7.09           1.711222e-01 1.135302e-07 -1.703351e-02 1.711208e-01 6.716943e-08 -1.703392e-02 1.368516e-06 4.636072e-08 4.176929e-07
7.1            1.635545e-01 1.054135e-07 -1.628850e-02 1.635532e-01 5.862319e-08 -1.628892e-02 1.356074e-06 4.679028e-08 4.204967e-07
7.11           1.660938e-01 1.102837e-07 -1.655012e-02 1.660924e-01 6.233936e-08 -1.655055e-02 1.330482e-06 4.794438e-08 4.313750e-07
7.12           1.690757e-01 1.111722e-07 -1.685701e-02 1.690744e-01 6.383624e-08 -1.685744e-02 1.286118e-06 4.733593e-08 4.367941e-07
7.13           1.649478e-01 1.068308e-07 -1.645591e-02 1.649465e-01 5.969361e-08 -1.645635e-02 1.268080e-06 4.713715e-08 4.411423e-07
7.14           1.683327e-01 1.130150e-07 -1.680468e-02 1.683314e-01 6.547732e-08 -1.680513e-02 1.233039e-06 4.753765e-08 4.506402e-07
7.15           1.645590e-01 1.180974e-07 -1.643969e-02 1.645578e-01 6.847024e-08 -1.644015e-02 1.222945e-06 4.962715e-08 4.588808e-07
7.16           1.675104e-01 1.137107e-07 -1.674700e-02 1.675092e-01 6.507245e-08 -1.674746e-02 1.177443e-06 4.863825e-08 4.645730e-07
7.17           1.635660e-01 1.082863e-07 -1.636578e-02 1.635649e-01 6.014546e-08 -1.636625e-02 1.164035e-06 4.814089e-08 4.691893e-07
7.18           1.658056e-01 1.173424e-07 -1.660365e-02 1.658044e-01 6.859878e-08 -1.660412e-02 1.130360e-06 4.874362e-08 4.683136e-07
7.19           1.621888e-01 1.247412e-07 -1.625570e-02 1.621877e-01 7.272122e-08 -1.625618e-02 1.134494e-06 5.201995e-08 4.778899e-07
7.2            1.711014e-01 1.318313e-07 -1.716442e-02 1.711004e-01 7.840320e-08 -1.716491e-02 1.090016e-06 5.342809e-08 4.875585e-07
7.21           1.663588e-01 1.234507e-07 -1.670479e-02 1.663578e-01 6.988175e-08 -1.670528e-02 1.064671e-06 5.356897e-08 4.919777e-07
7.22           1.683986e-01 1.200812e-07 -1.692638e-02 1.683976e-01 6.769269e-08 -1.692688e-02 1.030582e-06 5.238850e-08 4.974335e-07
7.23           1.661727e-01 1.232535e-07 -1.672006e-02 1.661717e-01 7.002102e-08 -1.672057e-02 1.022587e-06 5.323248e-08 5.041768e-07
7.24           1.679520e-01 1.202714e-07 -1.691722e-02 1.679510e-01 6.810597e-08 -1.691773e-02 9.904339e-07 5.216539e-08 5.107978e-07
7.25           1.636828e-01 1.208227e-07 -1.650568e-02 1.636818e-01 6.830082e-08 -1.650620e-02 9.922291e-07 5.252192e-08 5.185243e-07
7.26           1.649465e-01 1.258797e-07 -1.665218e-02 1.649455e-01 7.173495e-08 -1.665271e-02 9.806342e-07 5.414472e-08 5.274207e-07
7.27           1.686404e-01 1.253557e-07 -1.704523e-02 1.686395e-01 7.154675e-08 -1.704576e-02 9.503195e-07 5.380894e-08 5.335370e-07
7.28           1.646614e-01 1.202695e-07 -1.666349e-02 1.646604e-01 6.703760e-08 -1.666403e-02 9.354930e-07 5.323186e-08 5.409030e-07
7.29           1.673140e-01 1.236631e-07 -1.695307e-02 1.673131e-01 7.089519e-08 -1.695362e-02 9.072068e-07 5.276790e-08 5.490602e-07
7.3            1.675584e-01 1.227450e-07 -1.699969e-02 1.675576e-01 7.093253e-08 -1.700024e-02 8.818086e-07 5.181243e-08 5.526391e-07
7.31           1.699639e-01 1.297904e-07 -1.726638e-02 1.699631e-01 7.786829e-08 -1.726694e-02 8.542012e-07 5.192213e-08 5.602322e-07
7.32           1.674505e-01 1.207754e-07 -1.703413e-02 1.674496e-01 6.979908e-08 -1.703469e-02 8.367582e-07 5.097637e-08 5.610923e-07
7.33           1.653245e-01 1.229531e-07 -1.684118e-02 1.653237e-01 7.082749e-08 -1.684174e-02 8.397981e-07 5.212562e-08 5.682797e-07
7.34           1.678543e-01 1.212324e-07 -1.712298e-02 1.678535e-01 6.979994e-08 -1.712356e-02 8.228121e-07 5.143251e-08 5.727501e-07
7.35           1.645196e-01 1.234595e-07 -1.680710e-02 1.645187e-01 7.095199e-08 -1.680768e-02 8.215540e-07 5.250756e-08 5.798368e-07
7.36           1.637576e-01 1.233367e-07 -1.675393e-02 1.637568e-01 7.045756e-08 -1.675452e-02 8.326573e-07 5.287917e-08 5.859166e-07
7.37           1.677781e-01 1.233712e-07 -1.719084e-02 1.677773e-01 7.155550e-08 -1.719143e-02 8.031222e-07 5.181568e-08 5.904396e-07
7.38           1.618221e-01 1.172089e-07 -1.660601e-02 1.618213e-01 6.654156e-08 -1.660661e-02 7.991966e-07 5.066735e-08 5.969132e-07
7.39           1.681117e-01 1.245047e-07 -1.727790e-02 1.681109e-01 7.456067e-08 -1.727850e-02 7.759007e-07 4.994408e-08 6.036280e-07
7.4            1.688909e-01 1.268868e-07 -1.738521e-02 1.688901e-01 7.717656e-08 -1.738581e-02 7.618898e-07 4.971020e-08 6.058215e-07
7.41           1.650468e-01 1.248819e-07 -1.701686e-02 1.650461e-01 7.530272e-08 -1.701747e-02 7.504599e-07 4.957913e-08 6.102198e-07
7.42           1.699791e-01 1.198820e-07 -1.755358e-02 1.699784e-01 7.250340e-08 -1.755418e-02 7.256929e-07 4.737864e-08 6.090077e-07
7.43           1.667608e-01 1.215064e-07 -1.724962e-02 1.667601e-01 7.453143e-08 -1.725023e-02 7.255515e-07 4.697495e-08 6.110437e-07
7.44           1.688070e-01 1.167828e-07 -1.749027e-02 1.688063e-01 7.196223e-08 -1.749088e-02 7.063655e-07 4.482055e-08 6.092034e-07
7.45           1.659019e-01 1.201791e-07 -1.721830e-02 1.659012e-01 7.497062e-08 -1.721891e-02 7.172884e-07 4.520852e-08 6.099320e-07
7.46           1.689245e-01 1.164572e-07 -1.756177e-02 1.689238e-01 7.289254e-08 -1.756238e-02 7.036508e-07 4.356469e-08 6.082269e-07
7.47           1.672985e-01 1.163164e-07 -1.742276e-02 1.672978e-01 7.326075e-08 -1.742336e-02 7.089657e-07 4.305563e-08 6.056891e-07
7.48           1.679411e-01 1.140721e-07 -1.752013e-02 1.679403e-01 7.199034e-08 -1.752073e-02 7.133277e-07 4.208171e-08 6.015719e-07
7.49           1.648933e-01 1.087317e-07 -1.723248e-02 1.648926e-01 6.781301e-08 -1.723308e-02 7.522656e-07 4.091871e-08 5.938716e-07
7.5            1.674244e-01 1.106682e-07 -1.752785e-02 1.674236e-01 7.124038e-08 -1.752844e-02 7.317249e-07 3.942786e-08 5.927947e-07
7.51           1.652887e-01 1.156483e-07 -1.733512e-02 1.652880e-01 7.538136e-08 -1.733571e-02 7.443053e-07 4.026698e-08 5.915213e-07
7.52           1.690806e-01 1.119826e-07 -1.776446e-02 1.690799e-01 7.310935e-08 -1.776505e-02 7.324494e-07 3.887330e-08 5.872706e-07
7.53           1.660442e-01 1.143664e-07 -1.747698e-02 1.660435e-01 7.555714e-08 -1.747757e-02 7.360164e-07 3.880928e-08 5.851436e-07
7.54           1.637958e-01 1.140479e-07 -1.727142e-02 1.637950e-01 7.508325e-08 -1.727200e-02 7.757699e-07 3.896463e-08 5.818807e-07
7.55           1.677567e-01 1.149364e-07 -1.772095e-02 1.677559e-01 7.617993e-08 -1.772153e-02 7.722594e-07 3.875652e-08 5.760832e-07
7.56           1.693385e-01 1.158367e-07 -1.792063e-02 1.693377e-01 7.743391e-08 -1.792120e-02 7.668751e-07 3.840280e-08 5.691988e-07
7.57           1.660910e-01 1.178181e-07 -1.760921e-02 1.660902e-01 7.855922e-08 -1.760977e-02 7.865855e-07 3.925885e-08 5.642623e-07
7.58           1.670975e-01 1.179253e-07 -1.774839e-02 1.670967e-01 7.818033e-08 -1.774895e-02 7.998840e-07 3.974493e-08 5.589859e-07
7.59           1.686352e-01 1.144747e-07 -1.794464e-02 1.686344e-01 7.550783e-08 -1.794518e-02 7.955927e-07 3.896688e-08 5.482003e-07
7.6            1.672023e-01 1.142532e-07 -1.782492e-02 1.672015e-01 7.547272e-08 -1.782547e-02 8.118447e-07 3.878047e-08 5.402666e-07
7.61           1.659623e-01 1.177354e-07 -1.772543e-02 1.659614e-01 7.874945e-08 -1.772596e-02 8.257395e-07 3.898599e-08 5.333094e-07
7.62           1.704132e-01 1.140041e-07 -1.823415e-02 1.704124e-01 7.602113e-08 -1.823467e-02 8.202908e-07 3.798300e-08 5.217637e-07
7.63           1.682674e-01 1.133339e-07 -1.803774e-02 1.682666e-01 7.594097e-08 -1.803825e-02 8.269935e-07 3.739290e-08 5.127393e-07
7.64           1.659388e-01 1.158865e-07 -1.782089e-02 1.659379e-01 7.779772e-08 -1.782139e-02 8.593742e-07 3.808883e-08 5.032726e-07
7.65           1.693391e-01 1.167740e-07 -1.821933e-02 1.693382e-01 7.875565e-08 -1.821983e-02 8.707988e-07 3.801840e-08 4.935744e-07
7.66           1.661160e-01 1.210296e-07 -1.790539e-02 1.661151e-01 8.157224e-08 -1.790588e-02 9.109483e-07 3.945735e-08 4.858727e-07
7.67           1.681961e-01 1.175897e-07 -1.816257e-02 1.681952e-01 7.819547e-08 -1.816305e-02 9.117791e-07 3.939419e-08 4.791234e-07
7.68           1.639517e-01 1.247315e-07 -1.773649e-02 1.639508e-01 8.316154e-08 -1.773696e-02 9.597401e-07 4.156995e-08 4.740331e-07
7.69           1.685496e-01 1.246541e-07 -1.826680e-02 1.685486e-01 8.227521e-08 -1.826726e-02 9.911717e-07 4.237891e-08 4.639088e-07
7.7            1.733789e-01 1.178320e-07 -1.882404e-02 1.733779e-01 7.705666e-08 -1.882449e-02 9.674192e-07 4.077530e-08 4.501018e-07
7.71           1.667266e-01 1.235855e-07 -1.813453e-02 1.667256e-01 8.179797e-08 -1.813497e-02 1.017199e-06 4.178748e-08 4.409677e-07
7.72           1.671391e-01 1.244233e-07 -1.821185e-02 1.671380e-01 8.171973e-08 -1.821228e-02 1.057932e-06 4.270356e-08 4.318044e-07
7.73           1.696058e-01 1.223067e-07 -1.851335e-02 1.696047e-01 7.975017e-08 -1.851377e-02 1.070176e-06 4.255656e-08 4.241377e-07
7.74           1.664209e-01 1.291830e-07 -1.819786e-02 1.664198e-01 8.486776e-08 -1.819827e-02 1.125340e-06 4.431522e-08 4.141030e-07
7.75           1.693560e-01 1.265406e-07 -1.855108e-02 1.693549e-01 8.188534e-08 -1.855149e-02 1.137641e-06 4.465521e-08 4.058507e-07
7.76           1.665278e-01 1.315368e-07 -1.827298e-02 1.665266e-01 8.498642e-08 -1.827337e-02 1.191085e-06 4.655036e-08 3.977145e-07
7.77           1.546609e-01 1.428044e-07 -1.700026e-02 1.546596e-01 9.193324e-08 -1.700065e-02 1.285737e-06 5.087119e-08 3.918449e-07
7.78           1.680043e-01 1.357270e-07 -1.849803e-02 1.680030e-01 8.430160e-08 -1.849842e-02 1.242793e-06 5.142535e-08 3.913100e-07
7.79           1.681759e-01 1.307041e-07 -1.854817e-02 1.681746e-01 7.938546e-08 -1.854855e-02 1.246764e-06 5.131862e-08 3.833253e-07
7.8            1.638340e-01 1.352148e-07 -1.809962e-02 1.638327e-01 8.246068e-08 -1.809999e-02 1.290601e-06 5.275414e-08 3.746775e-07
7.81           1.646735e-01 1.408307e-07 -1.822228e-02 1.646721e-01 8.700364e-08 -1.822265e-02 1.325838e-06 5.382709e-08 3.774615e-07
7.82           1.698044e-01 1.427845e-07 -1.882053e-02 1.698031e-01 8.821078e-08 -1.882090e-02 1.321024e-06 5.457370e-08 3.773604e-07
7.83           1.622511e-01 1.365709e-07 -1.801252e-02 1.622497e-01 8.036254e-08 -1.801288e-02 1.396728e-06 5.620832e-08 3.606521e-07
7.84           1.700228e-01 1.448473e-07 -1.890492e-02 1.700214e-01 8.752362e-08 -1.890529e-02 1.390498e-06 5.732372e-08 3.625043e-07
7.85           1.672415e-01 1.431274e-07 -1.862491e-02 1.672401e-01 8.397052e-08 -1.862526e-02 1.443271e-06 5.915685e-08 3.500346e-07
7.86           1.706798e-01 1.433101e-07 -1.903705e-02 1.706783e-01 8.369041e-08 -1.903739e-02 1.456289e-06 5.961968e-08 3.433276e-07
7.87           1.692394e-01 1.421355e-07 -1.890511e-02 1.692380e-01 8.196278e-08 -1.890544e-02 1.470022e-06 6.017274e-08 3.365756e-07
7.88           1.656236e-01 1.514316e-07 -1.852892e-02 1.656220e-01 8.859516e-08 -1.852925e-02 1.539892e-06 6.283648e-08 3.283898e-07
7.89           1.731561e-01 1.505380e-07 -1.939979e-02 1.731546e-01 8.634644e-08 -1.940012e-02 1.547938e-06 6.419152e-08 3.275147e-07
7.9            1.705730e-01 1.573421e-07 -1.913814e-02 1.705715e-01 9.070256e-08 -1.913848e-02 1.546650e-06 6.663952e-08 3.383580e-07
7.91           1.665942e-01 1.596505e-07 -1.871830e-02 1.665925e-01 9.050604e-08 -1.871863e-02 1.631513e-06 6.914444e-08 3.301177e-07
7.92           1.709846e-01 1.543108e-07 -1.923814e-02 1.709830e-01 8.454516e-08 -1.923847e-02 1.640901e-06 6.976561e-08 3.292551e-07
7.93           1.658969e-01 1.626211e-07 -1.869123e-02 1.658952e-01 9.038245e-08 -1.869156e-02 1.715667e-06 7.223866e-08 3.255448e-07
7.94           1.685232e-01 1.618363e-07 -1.901221e-02 1.685214e-01 8.817002e-08 -1.901254e-02 1.732838e-06 7.366628e-08 3.286627e-07
7.95           1.638379e-01 1.600570e-07 -1.850770e-02 1.638361e-01 8.462735e-08 -1.850801e-02 1.791857e-06 7.542966e-08 3.184933e-07
7.96           1.718036e-01 1.664451e-07 -1.943172e-02 1.718019e-01 8.973259e-08 -1.943205e-02 1.776434e-06 7.671255e-08 3.286669e-07
7.97           1.758676e-01 1.681478e-07 -1.991584e-02 1.758658e-01 9.006387e-08 -1.991616e-02 1.807055e-06 7.808394e-08 3.190154e-07
7.98           1.693347e-01 1.747640e-07 -1.919922e-02 1.693329e-01 9.379764e-08 -1.919953e-02 1.879781e-06 8.096640e-08 3.157942e-07
7.99           1.740821e-01 1.662355e-07 -1.976030e-02 1.740802e-01 8.480864e-08 -1.976062e-02 1.861009e-06 8.142690e-08 3.189652e-07
8              1.681518e-01 1.694288e-07 -1.910891e-02 1.681499e-01 8.649417e-08 -1.910922e-02 1.908935e-06 8.293460e-08 3.125204e-07
8.01           1.682427e-01 1.769768e-07 -1.914030e-02 1.682407e-01 9.216475e-08 -1.914061e-02 1.935858e-06 8.481208e-08 3.126768e-07
8.02           1.747322e-01 1.789891e-07 -1.989941e-02 1.747303e-01 9.298920e-08 -1.989973e-02 1.920990e-06 8.599993e-08 3.227637e-07
8.03           1.699250e-01 1.780344e-07 -1.937203e-02 1.699230e-01 9.037468e-08 -1.937235e-02 1.972364e-06 8.765970e-08 3.175799e-07
8.04           1.735777e-01 1.796013e-07 -1.980805e-02 1.735757e-01 9.077129e-08 -1.980837e-02 1.971891e-06 8.882998e-08 3.266310e-07
8.05           1.678136e-01 1.839219e-07 -1.916887e-02 1.678116e-01 9.266269e-08 -1.916920e-02 2.044198e-06 9.125922e-08 3.220717e-07
8.06           1.715420e-01 1.842798e-07 -1.961282e-02 1.715400e-01 9.149551e-08 -1.961314e-02 2.081321e-06 9.278432e-08 3.251423e-07
8.07           1.747226e-01 1.790198e-07 -1.999418e-02 1.747205e-01 8.567617e-08 -1.999451e-02 2.069239e-06 9.334361e-08 3.278832e-07
8.08           1.677207e-01 1.906000e-07 -1.920950e-02 1.677186e-01 9.536095e-08 -1.920983e-02 2.142786e-06 9.523901e-08 3.261451e-07
8.09           1.716804e-01 1.852278e-07 -1.967888e-02 1.716782e-01 8.865061e-08 -1.967921e-02 2.144565e-06 9.657721e-08 3.328272e-07
8.1            1.658885e-01 1.855700e-07 -1.902995e-02 1.658863e-01 8.767137e-08 -1.903027e-02 2.204166e-06 9.789861e-08 3.203975e-07
8.11           1.695553e-01 1.898586e-07 -1.946489e-02 1.695530e-01 9.079500e-08 -1.946521e-02 2.235809e-06 9.906355e-08 3.213519e-07
8.12           1.772193e-01 1.802158e-07 -2.035888e-02 1.772172e-01 8.231751e-08 -2.035920e-02 2.152834e-06 9.789830e-08 3.282410e-07
8.13           1.658571e-01 1.896310e-07 -1.906663e-02 1.658549e-01 9.123268e-08 -1.906695e-02 2.208798e-06 9.839835e-08 3.190966e-07
8.14           1.657571e-01 1.888837e-07 -1.906707e-02 1.657548e-01 8.969204e-08 -1.906738e-02 2.261581e-06 9.919171e-08 3.063903e-07
8.15           1.719958e-01 1.911364e-07 -1.979609e-02 1.719935e-01 9.131352e-08 -1.979641e-02 2.234986e-06 9.982284e-08 3.186017e-07
8.16           1.665486e-01 1.967891e-07 -1.917978e-02 1.665463e-01 9.471432e-08 -1.918010e-02 2.292411e-06 1.020747e-07 3.109896e-07
8.17           1.736366e-01 1.875160e-07 -2.000599e-02 1.736343e-01 8.599094e-08 -2.000631e-02 2.248861e-06 1.015250e-07 3.141670e-07
8.18           1.678318e-01 1.976327e-07 -1.934645e-02 1.678295e-01 9.478539e-08 -1.934676e-02 2.299028e-06 1.028473e-07 3.097479e-07
8.19           1.682952e-01 1.992482e-07 -1.940822e-02 1.682928e-01 9.508314e-08 -1.940853e-02 2.331066e-06 1.041650e-07 3.079586e-07
8.2            1.754827e-01 1.975391e-07 -2.024488e-02 1.754804e-01 9.301429e-08 -2.024520e-02 2.286717e-06 1.045248e-07 3.252423e-07
8.21           1.673934e-01 1.978353e-07 -1.931887e-02 1.673911e-01 9.219067e-08 -1.931919e-02 2.299803e-06 1.056446e-07 3.252531e-07
8.22           1.663421e-01 1.963505e-07 -1.920354e-02 1.663398e-01 9.014568e-08 -1.920385e-02 2.340424e-06 1.062048e-07 3.146670e-07
8.23           1.744038e-01 1.908987e-07 -2.013953e-02 1.744015e-01 8.521975e-08 -2.013985e-02 2.319678e-06 1.056789e-07 3.198456e-07
8.24           1.672942e-01 2.012195e-07 -1.932353e-02 1.672918e-01 9.420526e-08 -1.932385e-02 2.365066e-06 1.070143e-07 3.186338e-07
8.25           1.665670e-01 1.973849e-07 -1.924351e-02 1.665646e-01 8.998980e-08 -1.924382e-02 2.395682e-06 1.073951e-07 3.097863e-07
8.26           1.726010e-01 1.981567e-07 -1.994378e-02 1.725986e-01 9.048568e-08 -1.994410e-02 2.376005e-06 1.076710e-07 3.189881e-07
8.27           1.678279e-01 2.043335e-07 -1.939494e-02 1.678255e-01 9.557157e-08 -1.939526e-02 2.409493e-06 1.087619e-07 3.164244e-07
8.28           1.727041e-01 1.915518e-07 -1.996012e-02 1.727017e-01 8.391848e-08 -1.996045e-02 2.351429e-06 1.076334e-07 3.258401e-07
8.29           1.692013e-01 1.994066e-07 -1.955644e-02 1.691989e-01 9.085322e-08 -1.955677e-02 2.380078e-06 1.085534e-07 3.277632e-07
8.3            1.711942e-01 2.003142e-07 -1.978705e-02 1.711918e-01 9.157019e-08 -1.978739e-02 2.366689e-06 1.087440e-07 3.362397e-07
8.31           1.639731e-01 1.955855e-07 -1.895205e-02 1.639707e-01 8.623551e-08 -1.895240e-02 2.345299e-06 1.093500e-07 3.523104e-07
8.32           1.657917e-01 1.961968e-07 -1.916092e-02 1.657894e-01 8.618578e-08 -1.916129e-02 2.333526e-06 1.100110e-07 3.667482e-07
8.33           1.790670e-01 1.651075e-07 -2.069269e-02 1.790649e-01 5.864189e-08 -2.069307e-02 2.159245e-06 1.064656e-07 3.877844e-07
8.34           1.742539e-01 1.922010e-07 -2.013398e-02 1.742517e-01 8.558182e-08 -2.013437e-02 2.200688e-06 1.066192e-07 3.917009e-07
8.35           1.705830e-01 1.911668e-07 -1.970656e-02 1.705808e-01 8.410559e-08 -1.970697e-02 2.196941e-06 1.070612e-07 4.076198e-07
8.36           1.696182e-01 1.874323e-07 -1.959108e-02 1.696160e-01 7.931500e-08 -1.959149e-02 2.197219e-06 1.081173e-07 4.156696e-07
8.37           1.704022e-01 1.805354e-07 -1.967676e-02 1.704000e-01 7.277249e-08 -1.967719e-02 2.144403e-06 1.077630e-07 4.282905e-07
8.38           1.718871e-01 1.883985e-07 -1.984271e-02 1.718850e-01 8.015004e-08 -1.984315e-02 2.130426e-06 1.082485e-07 4.411398e-07
8.39           1.647958e-01 1.939382e-07 -1.901824e-02 1.647935e-01 8.395139e-08 -1.901867e-02 2.239362e-06 1.099868e-07 4.355619e-07
8.4            1.673486e-01 1.979832e-07 -1.930610e-02 1.673463e-01 8.644725e-08 -1.930654e-02 2.262530e-06 1.115359e-07 4.420600e-07
8.41           1.684549e-01 1.922013e-07 -1.942624e-02 1.684527e-01 8.025987e-08 -1.942669e-02 2.237870e-06 1.119414e-07 4.477539e-07
8.42           1.683182e-01 1.966433e-07 -1.940238e-02 1.683159e-01 8.354889e-08 -1.940284e-02 2.258734e-06 1.130945e-07 4.558684e-07
8.43           1.731860e-01 1.881751e-07 -1.995446e-02 1.731838e-01 7.564601e-08 -1.995492e-02 2.203206e-06 1.125291e-07 4.654413e-07
8.44           1.662751e-01 2.010908e-07 -1.914922e-02 1.662729e-01 8.681087e-08 -1.914968e-02 2.252043e-06 1.142799e-07 4.664221e-07
8.45           1.704708e-01 2.034366e-07 -1.962228e-02 1.704685e-01 8.789040e-08 -1.962275e-02 2.261544e-06 1.155462e-07 4.738324e-07
8.46           1.786474e-01 1.990743e-07 -2.055211e-02 1.786452e-01 8.378375e-08 -2.055259e-02 2.206345e-06 1.152905e-07 4.829305e-07
8.47           1.704036e-01 2.041274e-07 -1.959260e-02 1.704014e-01 8.739533e-08 -1.959308e-02 2.234758e-06 1.167321e-07 4.866734e-07
8.48           1.754407e-01 1.927167e-07 -2.015938e-02 1.754385e-01 7.646894e-08 -2.015988e-02 2.170849e-06 1.162478e-07 4.960289e-07
8.49           1.640206e-01 2.176896e-07 -1.883550e-02 1.640184e-01 9.844181e-08 -1.883600e-02 2.265844e-06 1.192478e-07 4.943621e-07
8.5            1.706643e-01 2.027483e-07 -1.958517e-02 1.706621e-01 8.385829e-08 -1.958567e-02 2.197710e-06 1.188900e-07 5.046110e-07
8.51           1.662318e-01 2.078251e-07 -1.906339e-02 1.662296e-01 8.740442e-08 -1.906390e-02 2.214555e-06 1.204207e-07 5.103915e-07
8.52           1.653888e-01 2.122575e-07 -1.895308e-02 1.653866e-01 9.046050e-08 -1.895358e-02 2.232961e-06 1.217970e-07 5.028949e-07
8.53           1.738873e-01 2.032745e-07 -1.991195e-02 1.738852e-01 8.253600e-08 -1.991246e-02 2.166562e-06 1.207385e-07 5.131416e-07
8.54           1.678556e-01 2.089263e-07 -1.920667e-02 1.678534e-01 8.736030e-08 -1.920719e-02 2.161919e-06 1.215660e-07 5.161190e-07
8.55           1.711406e-01 2.049271e-07 -1.956700e-02 1.711385e-01 8.354643e-08 -1.956752e-02 2.117343e-06 1.213807e-07 5.215190e-07
8.56           1.654815e-01 2.177091e-07 -1.890475e-02 1.654794e-01 9.499047e-08 -1.890526e-02 2.134370e-06 1.227186e-07 5.169855e-07
8.57           1.680242e-01 2.152366e-07 -1.917901e-02 1.680221e-01 9.191076e-08 -1.917953e-02 2.106962e-06 1.233258e-07 5.242514e-07
8.58           1.654878e-01 2.197073e-07 -1.887321e-02 1.654857e-01 9.460588e-08 -1.887374e-02 2.105982e-06 1.251015e-07 5.297902e-07
8.59           1.711005e-01 2.102376e-07 -1.949570e-02 1.710984e-01 8.505370e-08 -1.949624e-02 2.065395e-06 1.251839e-07 5.349862e-07
8.6            1.683731e-01 2.174736e-07 -1.916770e-02 1.683711e-01 9.071516e-08 -1.916824e-02 2.057177e-06 1.267585e-07 5.381782e-07
8.61           1.720083e-01 2.134389e-07 -1.956330e-02 1.720063e-01 8.605432e-08 -1.956386e-02 2.009268e-06 1.273846e-07 5.528127e-07
8.62           1.687389e-01 2.159069e-07 -1.917346e-02 1.687369e-01 8.715639e-08 -1.917401e-02 1.997457e-06 1.287505e-07 5.568231e-07
8.63           1.706035e-01 2.115796e-07 -1.936666e-02 1.706015e-01 8.259633e-08 -1.936722e-02 1.953525e-06 1.289832e-07 5.665301e-07
8.64           1.652224e-01 2.268171e-07 -1.873759e-02 1.652204e-01 9.526214e-08 -1.873816e-02 1.979178e-06 1.315549e-07 5.724720e-07
8.65           1.694087e-01 2.199645e-07 -1.919308e-02 1.694067e-01 8.777201e-08 -1.919366e-02 1.935597e-06 1.321925e-07 5.856579e-07
8.66           1.650088e-01 2.271807e-07 -1.867578e-02 1.650069e-01 9.252471e-08 -1.867637e-02 1.937740e-06 1.346560e-07 5.963377e-07
8.67           1.651963e-01 2.359121e-07 -1.867790e-02 1.651943e-01 9.892708e-08 -1.867851e-02 1.924136e-06 1.369850e-07 6.047305e-07
8.68           1.673552e-01 2.379998e-07 -1.890220e-02 1.673532e-01 9.866173e-08 -1.890281e-02 1.937037e-06 1.393381e-07 6.086021e-07
8.69           1.637711e-01 2.426371e-07 -1.847809e-02 1.637692e-01 1.013229e-07 -1.847871e-02 1.916585e-06 1.413142e-07 6.152734e-07
8.7            1.695855e-01 2.328381e-07 -1.911359e-02 1.695836e-01 9.142439e-08 -1.911421e-02 1.860746e-06 1.414137e-07 6.279528e-07
8.71           1.674658e-01 2.406644e-07 -1.885449e-02 1.674640e-01 9.755624e-08 -1.885513e-02 1.849369e-06 1.431082e-07 6.335492e-07
8.72           1.670026e-01 2.386455e-07 -1.878196e-02 1.670007e-01 9.470765e-08 -1.878258e-02 1.855676e-06 1.439378e-07 6.278489e-07
8.73           1.673157e-01 2.365181e-07 -1.879652e-02 1.673139e-01 9.164312e-08 -1.879716e-02 1.844343e-06 1.448750e-07 6.478087e-07
8.74           1.659722e-01 2.471596e-07 -1.862513e-02 1.659703e-01 1.002448e-07 -1.862578e-02 1.844880e-06 1.469148e-07 6.562896e-07
8.75           1.720452e-01 2.293311e-07 -1.928516e-02 1.720435e-01 8.338983e-08 -1.928582e-02 1.763008e-06 1.459413e-07 6.641512e-07
8.76           1.678454e-01 2.466859e-07 -1.879363e-02 1.678437e-01 9.909395e-08 -1.879429e-02 1.756518e-06 1.475919e-07 6.680796e-07
8.77           1.714042e-01 2.345944e-07 -1.917064e-02 1.714025e-01 8.748845e-08 -1.917131e-02 1.698821e-06 1.471059e-07 6.722419e-07
8.78           1.675444e-01 2.433018e-07 -1.871810e-02 1.675427e-01 9.463482e-08 -1.871878e-02 1.687303e-06 1.486669e-07 6.755959e-07
8.79           1.711711e-01 2.341249e-07 -1.910180e-02 1.711695e-01 8.610022e-08 -1.910248e-02 1.634503e-06 1.480247e-07 6.801616e-07
8.8            1.665511e-01 2.469351e-07 -1.856556e-02 1.665495e-01 9.705266e-08 -1.856625e-02 1.629839e-06 1.498824e-07 6.862379e-07
8.81           1.683870e-01 2.486329e-07 -1.874920e-02 1.683854e-01 9.698795e-08 -1.874989e-02 1.617230e-06 1.516449e-07 6.898522e-07
8.82           1.726677e-01 2.369493e-07 -1.920435e-02 1.726661e-01 8.575119e-08 -1.920504e-02 1.564532e-06 1.511981e-07 6.900605e-07
8.83           1.666469e-01 2.515752e-07 -1.851427e-02 1.666453e-01 9.827333e-08 -1.851497e-02 1.569186e-06 1.533019e-07 6.948831e-07
8.84           1.716840e-01 2.407626e-07 -1.905261e-02 1.716824e-01 8.782858e-08 -1.905331e-02 1.522606e-06 1.529341e-07 6.985688e-07
8.85           1.667537e-01 2.547098e-07 -1.848513e-02 1.667521e-01 9.943882e-08 -1.848583e-02 1.527935e-06 1.552710e-07 7.061786e-07
8.86           1.690961e-01 2.543193e-07 -1.872413e-02 1.690946e-01 9.734307e-08 -1.872484e-02 1.512260e-06 1.569762e-07 7.145771e-07
8.87           1.740180e-01 2.429765e-07 -1.924797e-02 1.740166e-01 8.689969e-08 -1.924870e-02 1.461676e-06 1.560768e-07 7.296394e-07
8.88           1.667312e-01 2.526373e-07 -1.842219e-02 1.667297e-01 9.363356e-08 -1.842292e-02 1.461617e-06 1.590037e-07 7.326271e-07
8.89           1.697380e-01 2.464639e-07 -1.873413e-02 1.697366e-01 8.673122e-08 -1.873487e-02 1.425302e-06 1.597327e-07 7.404348e-07
8.9            1.631635e-01 2.603573e-07 -1.798939e-02 1.631621e-01 9.707266e-08 -1.799013e-02 1.431819e-06 1.632846e-07 7.438642e-07
8.91           1.703577e-01 2.532902e-07 -1.876224e-02 1.703563e-01 8.909834e-08 -1.876300e-02 1.411795e-06 1.641918e-07 7.572557e-07
8.92           1.673285e-01 2.647859e-07 -1.840944e-02 1.673271e-01 9.780200e-08 -1.841021e-02 1.410138e-06 1.669839e-07 7.676811e-07
8.93           1.692744e-01 2.629629e-07 -1.860417e-02 1.692730e-01 9.396216e-08 -1.860494e-02 1.390844e-06 1.690008e-07 7.771312e-07
8.94           1.713492e-01 2.535893e-07 -1.881288e-02 1.713478e-01 8.423357e-08 -1.881367e-02 1.346431e-06 1.693557e-07 7.843778e-07
8.95           1.639433e-01 2.686750e-07 -1.798177e-02 1.639420e-01 9.651244e-08 -1.798256e-02 1.338071e-06 1.721625e-07 7.936876e-07
8.96           1.689521e-01 2.603075e-07 -1.851241e-02 1.689508e-01 8.706555e-08 -1.851322e-02 1.302026e-06 1.732419e-07 8.072820e-07
8.97           1.722180e-01 2.557415e-07 -1.885156e-02 1.722167e-01 8.208941e-08 -1.885238e-02 1.271033e-06 1.736521e-07 8.164545e-07
8.98           1.692730e-01 2.685923e-07 -1.851147e-02 1.692718e-01 9.265932e-08 -1.851229e-02 1.264811e-06 1.759330e-07 8.202057e-07
8.99           1.703026e-01 2.761371e-07 -1.860651e-02 1.703013e-01 9.790385e-08 -1.860734e-02 1.262037e-06 1.782333e-07 8.283937e-07
9              1.711947e-01 2.625776e-07 -1.868669e-02 1.711935e-01 8.388182e-08 -1.868753e-02 1.221038e-06 1.786958e-07 8.354324e-07
9.01           1.670040e-01 2.638593e-07 -1.821275e-02 1.670028e-01 8.370890e-08 -1.821360e-02 1.197269e-06 1.801504e-07 8.475252e-07
9.02           1.619003e-01 2.857592e-07 -1.764044e-02 1.618991e-01 1.022398e-07 -1.764131e-02 1.212279e-06 1.835193e-07 8.681662e-07
9.03           1.656120e-01 2.777385e-07 -1.802890e-02 1.656109e-01 9.161065e-08 -1.802978e-02 1.188616e-06 1.861279e-07 8.816249e-07
9.04           1.685021e-01 2.753516e-07 -1.832763e-02 1.685009e-01 8.751233e-08 -1.832853e-02 1.165355e-06 1.878393e-07 8.964012e-07
9.05           1.708923e-01 2.630621e-07 -1.857193e-02 1.708912e-01 7.345838e-08 -1.857284e-02 1.123132e-06 1.896037e-07 9.065991e-07
9.06           1.672972e-01 2.809611e-07 -1.816643e-02 1.672961e-01 8.941563e-08 -1.816736e-02 1.118760e-06 1.915455e-07 9.233101e-07
9.07           1.713079e-01 2.699334e-07 -1.858706e-02 1.713068e-01 7.664001e-08 -1.858800e-02 1.085225e-06 1.932934e-07 9.360385e-07
9.08           1.699889e-01 2.699579e-07 -1.842974e-02 1.699879e-01 7.505699e-08 -1.843069e-02 1.059801e-06 1.949009e-07 9.490666e-07
9.09           1.684710e-01 2.791164e-07 -1.825157e-02 1.684700e-01 8.233884e-08 -1.825253e-02 1.047766e-06 1.967776e-07 9.639516e-07
9.1            1.724697e-01 2.714384e-07 -1.867125e-02 1.724687e-01 7.286651e-08 -1.867223e-02 1.016248e-06 1.985719e-07 9.734261e-07
9.11           1.701542e-01 2.735810e-07 -1.840784e-02 1.701532e-01 7.342339e-08 -1.840882e-02 9.951913e-07 2.001576e-07 9.843192e-07
9.12           1.695493e-01 2.812867e-07 -1.833018e-02 1.695483e-01 7.912760e-08 -1.833118e-02 9.808008e-07 2.021591e-07 9.966250e-07
9.13           1.720477e-01 2.828288e-07 -1.858844e-02 1.720467e-01 7.880338e-08 -1.858945e-02 9.631723e-07 2.040254e-07 1.013279e-06
9.14           1.724276e-01 2.759176e-07 -1.861807e-02 1.724266e-01 7.035737e-08 -1.861909e-02 9.460275e-07 2.055603e-07 1.021869e-06
9.15           1.682036e-01 2.842369e-07 -1.815171e-02 1.682026e-01 7.639261e-08 -1.815275e-02 9.315566e-07 2.078443e-07 1.033164e-06
9.16           1.726352e-01 2.807879e-07 -1.861972e-02 1.726343e-01 7.116480e-08 -1.862076e-02 9.065991e-07 2.096231e-07 1.044029e-06
9.17           1.705204e-01 2.778943e-07 -1.838219e-02 1.705195e-01 6.689120e-08 -1.838324e-02 8.820823e-07 2.110031e-07 1.055025e-06
9.18           1.675766e-01 2.857017e-07 -1.805599e-02 1.675757e-01 7.285894e-08 -1.805707e-02 8.778484e-07 2.128428e-07 1.082024e-06
9.19           1.723532e-01 2.807057e-07 -1.856209e-02 1.723523e-01 6.650237e-08 -1.856318e-02 8.528993e-07 2.142033e-07 1.091297e-06
9.2            1.725584e-01 2.816988e-07 -1.857628e-02 1.725576e-01 6.650939e-08 -1.857738e-02 8.245944e-07 2.151894e-07 1.104768e-06
9.21           1.729209e-01 2.819199e-07 -1.860787e-02 1.729201e-01 6.593643e-08 -1.860899e-02 8.157687e-07 2.159835e-07 1.116188e-06
9.22           1.672249e-01 2.981617e-07 -1.798855e-02 1.672241e-01 8.017054e-08 -1.798968e-02 8.250354e-07 2.179911e-07 1.125269e-06
9.23           1.728446e-01 2.861237e-07 -1.858673e-02 1.728438e-01 6.778118e-08 -1.858787e-02 8.120263e-07 2.183425e-07 1.140714e-06
9.24           1.708206e-01 2.872656e-07 -1.836369e-02 1.708198e-01 6.713403e-08 -1.836484e-02 7.945315e-07 2.201316e-07 1.148677e-06
9.25           1.702848e-01 2.941666e-07 -1.830130e-02 1.702841e-01 7.254596e-08 -1.830245e-02 7.830257e-07 2.216206e-07 1.155500e-06
9.26           1.720054e-01 2.918516e-07 -1.848187e-02 1.720047e-01 6.866403e-08 -1.848303e-02 7.749468e-07 2.231875e-07 1.161280e-06
9.27           1.685389e-01 2.981290e-07 -1.810598e-02 1.685381e-01 7.308362e-08 -1.810715e-02 7.690470e-07 2.250453e-07 1.168693e-06
9.28           1.694468e-01 2.995014e-07 -1.820046e-02 1.694460e-01 7.271099e-08 -1.820164e-02 7.620828e-07 2.267904e-07 1.177566e-06
9.29           1.665555e-01 3.066977e-07 -1.788756e-02 1.665547e-01 7.803951e-08 -1.788875e-02 7.686105e-07 2.286582e-07 1.187189e-06
9.3            1.736637e-01 2.904618e-07 -1.864890e-02 1.736630e-01 6.014625e-08 -1.865010e-02 7.297143e-07 2.303156e-07 1.193306e-06
9.31           1.700274e-01 2.995832e-07 -1.825724e-02 1.700267e-01 6.801430e-08 -1.825844e-02 7.255108e-07 2.315689e-07 1.199730e-06
9.32           1.683796e-01 3.023317e-07 -1.807970e-02 1.683789e-01 6.966577e-08 -1.808091e-02 7.208606e-07 2.326660e-07 1.206237e-06
9.33           1.720654e-01 2.980621e-07 -1.847534e-02 1.720647e-01 6.445195e-08 -1.847655e-02 7.089108e-07 2.336101e-07 1.214354e-06
9.34           1.680998e-01 2.998731e-07 -1.805003e-02 1.680991e-01 6.591911e-08 -1.805126e-02 7.057934e-07 2.339540e-07 1.222772e-06
9.35           1.747125e-01 2.908354e-07 -1.876102e-02 1.747119e-01 5.635811e-08 -1.876225e-02 6.735384e-07 2.344773e-07 1.229840e-06
9.36           1.758891e-01 2.935975e-07 -1.888907e-02 1.758884e-01 5.849228e-08 -1.889030e-02 6.671216e-07 2.351052e-07 1.233210e-06
9.37           1.729170e-01 2.937286e-07 -1.857235e-02 1.729163e-01 5.772235e-08 -1.857359e-02 6.508455e-07 2.360063e-07 1.235503e-06
9.38           1.713017e-01 3.010980e-07 -1.840183e-02 1.713010e-01 6.407329e-08 -1.840307e-02 6.441394e-07 2.370247e-07 1.237906e-06
9.39           1.744271e-01 3.015361e-07 -1.874113e-02 1.744264e-01 6.362753e-08 -1.874237e-02 6.300836e-07 2.379085e-07 1.240238e-06
9.4            1.715878e-01 3.059208e-07 -1.844030e-02 1.715872e-01 6.734410e-08 -1.844155e-02 6.192342e-07 2.385767e-07 1.244802e-06
9.41           1.738890e-01 3.003030e-07 -1.869225e-02 1.738884e-01 6.123478e-08 -1.869350e-02 6.164634e-07 2.390682e-07 1.255135e-06
9.42           1.734669e-01 3.071008e-07 -1.865231e-02 1.734663e-01 6.699272e-08 -1.865356e-02 6.070690e-07 2.401081e-07 1.254691e-06
9.43           1.745146e-01 3.068378e-07 -1.877101e-02 1.745140e-01 6.635769e-08 -1.877227e-02 5.926273e-07 2.404801e-07 1.257795e-06
9.44           1.739074e-01 3.055950e-07 -1.871226e-02 1.739068e-01 6.554681e-08 -1.871353e-02 5.893761e-07 2.400482e-07 1.265677e-06
9.45           1.740529e-01 3.055174e-07 -1.873494e-02 1.740523e-01 6.553809e-08 -1.873620e-02 5.833116e-07 2.399793e-07 1.265870e-06
9.46           1.755550e-01 3.061616e-07 -1.890414e-02 1.755544e-01 6.668398e-08 -1.890541e-02 5.800610e-07 2.394776e-07 1.269570e-06
9.47           1.745664e-01 3.107122e-07 -1.880579e-02 1.745658e-01 7.125731e-08 -1.880706e-02 5.773499e-07 2.394549e-07 1.271085e-06
9.48           1.759707e-01 3.064396e-07 -1.896571e-02 1.759701e-01 6.664694e-08 -1.896698e-02 5.644721e-07 2.397927e-07 1.274307e-06
9.49           1.705845e-01 3.097067e-07 -1.839416e-02 1.705839e-01 6.942116e-08 -1.839544e-02 5.669303e-07 2.402855e-07 1.280429e-06
9.5            1.710703e-01 3.125477e-07 -1.845593e-02 1.710697e-01 7.249227e-08 -1.845721e-02 5.757422e-07 2.400555e-07 1.287924e-06
9.51           1.763542e-01 3.081876e-07 -1.903608e-02 1.763537e-01 6.757447e-08 -1.903737e-02 5.515316e-07 2.406131e-07 1.290996e-06
9.52           1.750333e-01 3.080186e-07 -1.890411e-02 1.750327e-01 6.675902e-08 -1.890540e-02 5.413362e-07 2.412596e-07 1.294584e-06
9.53           1.761356e-01 3.075557e-07 -1.903428e-02 1.761350e-01 6.593030e-08 -1.903558e-02 5.316633e-07 2.416254e-07 1.299961e-06
9.54           1.739365e-01 3.165749e-07 -1.880817e-02 1.739360e-01 7.404623e-08 -1.880947e-02 5.279962e-07 2.425287e-07 1.299188e-06
9.55           1.725432e-01 3.168352e-07 -1.866937e-02 1.725427e-01 7.397103e-08 -1.867067e-02 5.422219e-07 2.428642e-07 1.308591e-06
9.56           1.750911e-01 3.166495e-07 -1.895754e-02 1.750906e-01 7.232207e-08 -1.895886e-02 5.262947e-07 2.443275e-07 1.311283e-06
9.57           1.784515e-01 3.154817e-07 -1.933461e-02 1.784510e-01 6.945448e-08 -1.933592e-02 5.029958e-07 2.460273e-07 1.311937e-06
9.58           1.731943e-01 3.221511e-07 -1.877848e-02 1.731938e-01 7.555941e-08 -1.877980e-02 4.983591e-07 2.465917e-07 1.311007e-06
9.59           1.744888e-01 3.188201e-07 -1.893250e-02 1.744883e-01 7.192201e-08 -1.893382e-02 4.918093e-07 2.468981e-07 1.320609e-06
9.6            1.742985e-01 3.188474e-07 -1.892594e-02 1.742980e-01 7.064782e-08 -1.892726e-02 4.820868e-07 2.481996e-07 1.318311e-06
9.61           1.772388e-01 3.235995e-07 -1.925989e-02 1.772383e-01 7.398096e-08 -1.926121e-02 4.765489e-07 2.496185e-07 1.323672e-06
9.62           1.777485e-01 3.240117e-07 -1.933050e-02 1.777481e-01 7.360788e-08 -1.933182e-02 4.712333e-07 2.504039e-07 1.323974e-06
9.63           1.732178e-01 3.276655e-07 -1.885308e-02 1.732174e-01 7.659349e-08 -1.885441e-02 4.667742e-07 2.510720e-07 1.328029e-06
9.64           1.722459e-01 3.283332e-07 -1.876246e-02 1.722454e-01 7.603890e-08 -1.876379e-02 4.947595e-07 2.522943e-07 1.330626e-06
9.65           1.792886e-01 3.240428e-07 -1.954565e-02 1.792881e-01 7.046804e-08 -1.954699e-02 4.706442e-07 2.535748e-07 1.338536e-06
9.66           1.789444e-01 3.243475e-07 -1.952465e-02 1.789439e-01 6.941499e-08 -1.952598e-02 4.437413e-07 2.549325e-07 1.330552e-06
9.67           1.752378e-01 3.344987e-07 -1.913665e-02 1.752374e-01 7.860745e-08 -1.913799e-02 4.571182e-07 2.558913e-07 1.333170e-06
9.68           1.783918e-01 3.297986e-07 -1.949794e-02 1.783914e-01 7.312377e-08 -1.949927e-02 4.414531e-07 2.566748e-07 1.329879e-06
9.69           1.748011e-01 3.392288e-07 -1.912233e-02 1.748006e-01 8.119885e-08 -1.912367e-02 4.609823e-07 2.580299e-07 1.334078e-06
9.7            1.815771e-01 3.262712e-07 -1.988114e-02 1.815767e-01 6.851813e-08 -1.988247e-02 4.073996e-07 2.577531e-07 1.320786e-06
9.71           1.758191e-01 3.365737e-07 -1.926814e-02 1.758187e-01 7.798303e-08 -1.926946e-02 4.187288e-07 2.585907e-07 1.317734e-06
9.72           1.802886e-01 3.327792e-07 -1.977572e-02 1.802882e-01 7.426081e-08 -1.977704e-02 4.098349e-07 2.585184e-07 1.320665e-06
9.73           1.761612e-01 3.429420e-07 -1.934082e-02 1.761608e-01 8.337069e-08 -1.934213e-02 4.245235e-07 2.595713e-07 1.313250e-06
9.74           1.800186e-01 3.341899e-07 -1.978245e-02 1.800182e-01 7.652779e-08 -1.978376e-02 4.060119e-07 2.576621e-07 1.307079e-06
9.75           1.788008e-01 3.305163e-07 -1.966684e-02 1.788004e-01 7.370430e-08 -1.966814e-02 3.981854e-07 2.568120e-07 1.299746e-06
9.76           1.743939e-01 3.457877e-07 -1.920005e-02 1.743935e-01 8.721023e-08 -1.920134e-02 4.210672e-07 2.585774e-07 1.289602e-06
9.77           1.746310e-01 3.540640e-07 -1.924396e-02 1.746305e-01 9.399560e-08 -1.924526e-02 4.508258e-07 2.600684e-07 1.293966e-06
9.78           1.819186e-01 3.337181e-07 -2.006552e-02 1.819181e-01 7.477743e-08 -2.006681e-02 4.364219e-07 2.589406e-07 1.291861e-06
9.79           1.769249e-01 3.450971e-07 -1.953312e-02 1.769244e-01 8.602040e-08 -1.953441e-02 4.564300e-07 2.590767e-07 1.285299e-06
9.8            1.797183e-01 3.393489e-07 -1.985999e-02 1.797178e-01 8.121746e-08 -1.986127e-02 4.563734e-07 2.581314e-07 1.281240e-06
9.81           1.808748e-01 3.276645e-07 -2.000629e-02 1.808744e-01 7.213136e-08 -2.000757e-02 4.417033e-07 2.555331e-07 1.280883e-06
9.82           1.742655e-01 3.459321e-07 -1.929316e-02 1.742651e-01 8.900899e-08 -1.929444e-02 4.792519e-07 2.569231e-07 1.279889e-06
9.83           1.789069e-01 3.362956e-07 -1.982502e-02 1.789064e-01 8.148799e-08 -1.982629e-02 4.734933e-07 2.548077e-07 1.274739e-06
9.84           1.754680e-01 3.531967e-07 -1.946167e-02 1.754675e-01 9.703654e-08 -1.946295e-02 5.166017e-07 2.561602e-07 1.276865e-06
9.85           1.804403e-01 3.335887e-07 -2.003112e-02 1.804398e-01 7.989707e-08 -2.003239e-02 4.995490e-07 2.536916e-07 1.266557e-06
9.86           1.736981e-01 3.523992e-07 -1.930008e-02 1.736975e-01 9.655195e-08 -1.930133e-02 5.356891e-07 2.558473e-07 1.253730e-06
9.87           1.799655e-01 3.310299e-07 -2.001391e-02 1.799650e-01 7.713975e-08 -2.001515e-02 5.121810e-07 2.538901e-07 1.244537e-06
9.88           1.791656e-01 3.306484e-07 -1.994232e-02 1.791651e-01 7.802946e-08 -1.994357e-02 5.097496e-07 2.526190e-07 1.243623e-06
9.89           1.744215e-01 3.510315e-07 -1.943116e-02 1.744210e-01 9.760848e-08 -1.943240e-02 5.382537e-07 2.534230e-07 1.233006e-06
9.9            1.814175e-01 3.313889e-07 -2.022726e-02 1.814170e-01 7.895430e-08 -2.022848e-02 5.431243e-07 2.524346e-07 1.224075e-06
9.91           1.767477e-01 3.534684e-07 -1.972328e-02 1.767471e-01 9.923463e-08 -1.972450e-02 5.954209e-07 2.542338e-07 1.220707e-06
9.92           1.840144e-01 3.322513e-07 -2.055082e-02 1.840138e-01 8.040973e-08 -2.055202e-02 5.987739e-07 2.518415e-07 1.205806e-06
9.93           1.816875e-01 3.252802e-07 -2.030756e-02 1.816869e-01 7.696848e-08 -2.030875e-02 5.916014e-07 2.483117e-07 1.190028e-06
9.94           1.801122e-01 3.210552e-07 -2.014739e-02 1.801116e-01 7.583431e-08 -2.014857e-02 5.959270e-07 2.452209e-07 1.184033e-06
9.95           1.768979e-01 3.422816e-07 -1.980322e-02 1.768972e-01 9.661443e-08 -1.980440e-02 6.531894e-07 2.456672e-07 1.177089e-06
9.96           1.852307e-01 3.146376e-07 -2.075151e-02 1.852301e-01 7.373233e-08 -2.075268e-02 6.359928e-07 2.409053e-07 1.174293e-06
9.97           1.817529e-01 3.235971e-07 -2.037702e-02 1.817522e-01 8.508918e-08 -2.037819e-02 6.705355e-07 2.385079e-07 1.168993e-06
9.98           1.788762e-01 3.397813e-07 -2.006916e-02 1.788754e-01 1.004763e-07 -2.007031e-02 7.580852e-07 2.393051e-07 1.159556e-06
9.99           1.841717e-01 3.176450e-07 -2.067763e-02 1.841709e-01 8.095173e-08 -2.067878e-02 7.822784e-07 2.366932e-07 1.147386e-06
10             1.784661e-01 3.289254e-07 -2.005095e-02 1.784652e-01 9.354889e-08 -2.005208e-02 8.423474e-07 2.353765e-07 1.135096e-06
10.01          1.824408e-01 3.138589e-07 -2.051096e-02 1.824400e-01 8.256424e-08 -2.051208e-02 8.541379e-07 2.312946e-07 1.117574e-06
10.02          1.798764e-01 3.106072e-07 -2.023570e-02 1.798755e-01 8.163391e-08 -2.023681e-02 8.990096e-07 2.289733e-07 1.110111e-06
10.03          1.844620e-01 3.015177e-07 -2.076417e-02 1.844611e-01 7.699019e-08 -2.076527e-02 9.035962e-07 2.245275e-07 1.099989e-06
10.04          1.819659e-01 3.012343e-07 -2.049538e-02 1.819649e-01 8.024276e-08 -2.049646e-02 9.374464e-07 2.209915e-07 1.086855e-06
10.05          1.804753e-01 3.010321e-07 -2.033900e-02 1.804743e-01 8.345260e-08 -2.034007e-02 9.725077e-07 2.175795e-07 1.073511e-06
10.06          1.781611e-01 3.164153e-07 -2.008909e-02 1.781601e-01 9.901804e-08 -2.009015e-02 1.068930e-06 2.173973e-07 1.062331e-06
10.07          1.781465e-01 3.203846e-07 -2.009772e-02 1.781454e-01 1.030559e-07 -2.009876e-02 1.174657e-06 2.173287e-07 1.040264e-06
10.08          1.817873e-01 2.958340e-07 -2.051827e-02 1.817861e-01 8.192208e-08 -2.051930e-02 1.159615e-06 2.139119e-07 1.024257e-06
10.09          1.763153e-01 3.087187e-07 -1.990982e-02 1.763141e-01 9.652971e-08 -1.991082e-02 1.206408e-06 2.121890e-07 1.004950e-06
10.1           1.848777e-01 2.852407e-07 -2.088530e-02 1.848765e-01 7.722973e-08 -2.088629e-02 1.185178e-06 2.080110e-07 9.835857e-07
10.11          1.780006e-01 3.109224e-07 -2.011659e-02 1.779993e-01 1.024767e-07 -2.011756e-02 1.294341e-06 2.084457e-07 9.684658e-07
10.12          1.805046e-01 3.029947e-07 -2.040706e-02 1.805032e-01 9.600991e-08 -2.040801e-02 1.343096e-06 2.069848e-07 9.488704e-07
10.13          1.815441e-01 2.931425e-07 -2.053150e-02 1.815428e-01 8.918330e-08 -2.053243e-02 1.361878e-06 2.039592e-07 9.319308e-07
10.14          1.784036e-01 2.986321e-07 -2.018255e-02 1.784022e-01 9.539983e-08 -2.018347e-02 1.423974e-06 2.032323e-07 9.186187e-07
10.15          1.768835e-01 3.072171e-07 -2.001617e-02 1.768820e-01 1.044660e-07 -2.001705e-02 1.498995e-06 2.027511e-07 8.852462e-07
10.16          1.839272e-01 2.850853e-07 -2.081807e-02 1.839257e-01 8.652741e-08 -2.081893e-02 1.480736e-06 1.985579e-07 8.662831e-07
10.17          1.794517e-01 2.975934e-07 -2.031596e-02 1.794502e-01 1.001698e-07 -2.031680e-02 1.558407e-06 1.974236e-07 8.438179e-07
10.18          1.839015e-01 2.860753e-07 -2.082344e-02 1.838999e-01 9.174700e-08 -2.082427e-02 1.578246e-06 1.943283e-07 8.264986e-07
10.19          1.762729e-01 2.951114e-07 -1.996278e-02 1.762712e-01 1.020184e-07 -1.996357e-02 1.649511e-06 1.930930e-07 7.934847e-07
10.2           1.812141e-01 2.747760e-07 -2.052435e-02 1.812124e-01 8.536869e-08 -2.052513e-02 1.621060e-06 1.894073e-07 7.779134e-07
10.21          1.768414e-01 2.936373e-07 -2.003064e-02 1.768397e-01 1.048408e-07 -2.003141e-02 1.716351e-06 1.887965e-07 7.622302e-07
10.22          1.823720e-01 2.843533e-07 -2.065764e-02 1.823703e-01 9.808664e-08 -2.065838e-02 1.746203e-06 1.862667e-07 7.312326e-07
10.23          1.766038e-01 2.901814e-07 -2.000447e-02 1.766020e-01 1.051422e-07 -2.000517e-02 1.823094e-06 1.850392e-07 7.001702e-07
10.24          1.765444e-01 2.871464e-07 -1.999699e-02 1.765425e-01 1.037015e-07 -1.999766e-02 1.892163e-06 1.834449e-07 6.698044e-07
10.25          1.853956e-01 2.693358e-07 -2.099772e-02 1.853938e-01 9.036473e-08 -2.099837e-02 1.843031e-06 1.789710e-07 6.496155e-07
10.26          1.814767e-01 2.685759e-07 -2.055160e-02 1.814748e-01 9.250911e-08 -2.055224e-02 1.848775e-06 1.760668e-07 6.443310e-07
10.27          1.771010e-01 2.715680e-07 -2.005309e-02 1.770990e-01 9.787316e-08 -2.005369e-02 1.956856e-06 1.736949e-07 6.050926e-07
10.28          1.817676e-01 2.607392e-07 -2.057743e-02 1.817657e-01 9.022858e-08 -2.057802e-02 1.924102e-06 1.705107e-07 5.932049e-07
10.29          1.771519e-01 2.729290e-07 -2.005044e-02 1.771499e-01 1.032898e-07 -2.005102e-02 2.004679e-06 1.696391e-07 5.801435e-07
10.3           1.765410e-01 2.656720e-07 -1.997599e-02 1.765389e-01 9.706480e-08 -1.997653e-02 2.124649e-06 1.686072e-07 5.443281e-07
10.31          1.830866e-01 2.590130e-07 -2.071010e-02 1.830845e-01 9.350339e-08 -2.071065e-02 2.067709e-06 1.655097e-07 5.502028e-07
10.32          1.814734e-01 2.555874e-07 -2.052060e-02 1.814714e-01 9.282029e-08 -2.052116e-02 2.018904e-06 1.627671e-07 5.586257e-07
10.33          1.788827e-01 2.669820e-07 -2.022005e-02 1.788806e-01 1.054513e-07 -2.022060e-02 2.119181e-06 1.615307e-07 5.442909e-07
10.34          1.848565e-01 2.505866e-07 -2.088644e-02 1.848544e-01 9.260110e-08 -2.088698e-02 2.091562e-06 1.579855e-07 5.323609e-07
10.35          1.756724e-01 2.589843e-07 -1.984005e-02 1.756703e-01 1.034818e-07 -1.984057e-02 2.139491e-06 1.555025e-07 5.214596e-07
10.36          1.827621e-01 2.459084e-07 -2.063011e-02 1.827599e-01 9.346200e-08 -2.063062e-02 2.119164e-06 1.524464e-07 5.107914e-07
10.37          1.860721e-01 2.429649e-07 -2.099234e-02 1.860700e-01 9.397271e-08 -2.099286e-02 2.087155e-06 1.489922e-07 5.211286e-07
10.38          1.791109e-01 2.462647e-07 -2.019551e-02 1.791088e-01 9.872461e-08 -2.019602e-02 2.155435e-06 1.475401e-07 5.078420e-07
10.39          1.809588e-01 2.436915e-07 -2.039119e-02 1.809566e-01 9.878333e-08 -2.039170e-02 2.187351e-06 1.449082e-07 5.039796e-07
10.4           1.748487e-01 2.470554e-07 -1.968983e-02 1.748464e-01 1.030963e-07 -1.969031e-02 2.282734e-06 1.439591e-07 4.809030e-07
10.41          1.819172e-01 2.388895e-07 -2.047122e-02 1.819150e-01 9.779138e-08 -2.047170e-02 2.270319e-06 1.410981e-07 4.810247e-07
10.42          1.830191e-01 2.326445e-07 -2.057999e-02 1.830168e-01 9.463133e-08 -2.058048e-02 2.249197e-06 1.380132e-07 4.834853e-07
10.43          1.764014e-01 2.410785e-07 -1.982056e-02 1.763991e-01 1.046861e-07 -1.982102e-02 2.345953e-06 1.363924e-07 4.603617e-07
10.44          1.846706e-01 2.272333e-07 -2.073243e-02 1.846682e-01 9.269240e-08 -2.073289e-02 2.356754e-06 1.345409e-07 4.611950e-07
10.45          1.798361e-01 2.315828e-07 -2.017255e-02 1.798336e-01 9.864532e-08 -2.017301e-02 2.415221e-06 1.329375e-07 4.545371e-07
10.46          1.804184e-01 2.329725e-07 -2.021985e-02 1.804160e-01 1.019822e-07 -2.022029e-02 2.455399e-06 1.309903e-07 4.421880e-07
10.47          1.800921e-01 2.270302e-07 -2.016427e-02 1.800896e-01 9.831888e-08 -2.016471e-02 2.459958e-06 1.287113e-07 4.381241e-07
10.48          1.772358e-01 2.290742e-07 -1.982504e-02 1.772333e-01 1.013643e-07 -1.982548e-02 2.518826e-06 1.277098e-07 4.408480e-07
10.49          1.802704e-01 2.256659e-07 -2.014384e-02 1.802678e-01 9.987015e-08 -2.014429e-02 2.532667e-06 1.257958e-07 4.485079e-07
10.5           1.752652e-01 2.314660e-07 -1.956397e-02 1.752626e-01 1.058339e-07 -1.956442e-02 2.629038e-06 1.256321e-07 4.484092e-07
10.51          1.841816e-01 2.177214e-07 -2.053649e-02 1.841791e-01 9.447048e-08 -2.053694e-02 2.571102e-06 1.232509e-07 4.576427e-07
10.52          1.834059e-01 2.165220e-07 -2.042699e-02 1.834033e-01 9.498310e-08 -2.042745e-02 2.585311e-06 1.215389e-07 4.630683e-07
10.53          1.870880e-01 2.069363e-07 -2.081282e-02 1.870855e-01 8.801827e-08 -2.081329e-02 2.534462e-06 1.189180e-07 4.675962e-07
10.54          1.766010e-01 2.207589e-07 -1.962296e-02 1.765983e-01 1.020942e-07 -1.962342e-02 2.662015e-06 1.186647e-07 4.624648e-07
10.55          1.781146e-01 2.199051e-07 -1.976657e-02 1.781119e-01 1.019740e-07 -1.976703e-02 2.731961e-06 1.179311e-07 4.571182e-07
10.56          1.795883e-01 2.105349e-07 -1.990461e-02 1.795856e-01 9.448200e-08 -1.990507e-02 2.694797e-06 1.160529e-07 4.661056e-07
10.57          1.794658e-01 2.093044e-07 -1.986479e-02 1.794631e-01 9.456307e-08 -1.986526e-02 2.669139e-06 1.147414e-07 4.730120e-07
10.58          1.772007e-01 2.128537e-07 -1.958758e-02 1.771979e-01 9.867977e-08 -1.958806e-02 2.714806e-06 1.141739e-07 4.771341e-07
10.59          1.809192e-01 2.106677e-07 -1.997080e-02 1.809165e-01 9.748977e-08 -1.997128e-02 2.718555e-06 1.131779e-07 4.760583e-07
10.6           1.799450e-01 2.062430e-07 -1.983497e-02 1.799423e-01 9.417104e-08 -1.983545e-02 2.696253e-06 1.120720e-07 4.790152e-07
10.61          1.789005e-01 2.069089e-07 -1.969106e-02 1.788978e-01 9.555687e-08 -1.969155e-02 2.705974e-06 1.113521e-07 4.903844e-07
10.62          1.739264e-01 2.131077e-07 -1.911510e-02 1.739237e-01 1.011921e-07 -1.911559e-02 2.786509e-06 1.119156e-07 4.873389e-07
10.63          1.824684e-01 2.050512e-07 -2.002309e-02 1.824656e-01 9.409528e-08 -2.002358e-02 2.736622e-06 1.109559e-07 4.938060e-07
10.64          1.727463e-01 2.091277e-07 -1.892693e-02 1.727435e-01 9.803017e-08 -1.892742e-02 2.827617e-06 1.110975e-07 4.908833e-07
10.65          1.800994e-01 2.086708e-07 -1.970104e-02 1.800966e-01 9.794607e-08 -1.970155e-02 2.792020e-06 1.107247e-07 5.105239e-07
10.66          1.744044e-01 2.140468e-07 -1.904737e-02 1.744015e-01 1.028532e-07 -1.904787e-02 2.857830e-06 1.111935e-07 5.071652e-07
10.67          1.734229e-01 2.167319e-07 -1.890910e-02 1.734200e-01 1.049172e-07 -1.890961e-02 2.934760e-06 1.118147e-07 5.080897e-07
10.68          1.743495e-01 2.170735e-07 -1.897841e-02 1.743466e-01 1.053545e-07 -1.897891e-02 2.957901e-06 1.117190e-07 5.024577e-07
10.69          1.795136e-01 2.091673e-07 -1.950738e-02 1.795107e-01 9.741363e-08 -1.950788e-02 2.947131e-06 1.117537e-07 5.079498e-07
10.7           1.794028e-01 2.067873e-07 -1.946197e-02 1.793999e-01 9.599268e-08 -1.946248e-02 2.888799e-06 1.107946e-07 5.112028e-07
10.71          1.818619e-01 2.101703e-07 -1.969439e-02 1.818590e-01 9.973743e-08 -1.969490e-02 2.874319e-06 1.104328e-07 5.181466e-07
10.72          1.694705e-01 2.173647e-07 -1.832018e-02 1.694675e-01 1.057877e-07 -1.832070e-02 2.971298e-06 1.115769e-07 5.166534e-07
10.73          1.731387e-01 2.131882e-07 -1.868285e-02 1.731357e-01 1.007773e-07 -1.868337e-02 2.993861e-06 1.124109e-07 5.195826e-07
10.74          1.755934e-01 2.109209e-07 -1.891298e-02 1.755904e-01 9.761935e-08 -1.891351e-02 2.949883e-06 1.133016e-07 5.245046e-07
10.75          1.718687e-01 2.091686e-07 -1.847757e-02 1.718658e-01 9.548374e-08 -1.847811e-02 2.905567e-06 1.136849e-07 5.347692e-07
10.76          1.867997e-01 1.962793e-07 -2.004490e-02 1.867970e-01 8.327098e-08 -2.004545e-02 2.694788e-06 1.130083e-07 5.522915e-07
10.77          1.788411e-01 2.082945e-07 -1.915503e-02 1.788384e-01 9.504665e-08 -1.915560e-02 2.696121e-06 1.132478e-07 5.685009e-07
10.78          1.715448e-01 2.157302e-07 -1.833889e-02 1.715421e-01 1.012723e-07 -1.833946e-02 2.758993e-06 1.144580e-07 5.665510e-07
10.79          1.777474e-01 2.112207e-07 -1.896524e-02 1.777447e-01 9.592998e-08 -1.896582e-02 2.741979e-06 1.152907e-07 5.773807e-07
10.8           1.771685e-01 2.105926e-07 -1.886715e-02 1.771658e-01 9.458640e-08 -1.886775e-02 2.706555e-06 1.160062e-07 6.052988e-07
10.81          1.758938e-01 2.172921e-07 -1.869516e-02 1.758911e-01 9.979294e-08 -1.869577e-02 2.740656e-06 1.174991e-07 6.121720e-07
10.82          1.763180e-01 2.163277e-07 -1.870376e-02 1.763153e-01 9.789076e-08 -1.870439e-02 2.715396e-06 1.184370e-07 6.257227e-07
10.83          1.709427e-01 2.235541e-07 -1.809821e-02 1.709399e-01 1.036027e-07 -1.809884e-02 2.769054e-06 1.199514e-07 6.324637e-07
10.84          1.741981e-01 2.202689e-07 -1.840645e-02 1.741954e-01 9.897505e-08 -1.840709e-02 2.722054e-06 1.212938e-07 6.444596e-07
10.85          1.732383e-01 2.240583e-07 -1.826890e-02 1.732356e-01 1.010348e-07 -1.826955e-02 2.721172e-06 1.230236e-07 6.501751e-07
10.86          1.667456e-01 2.336667e-07 -1.754947e-02 1.667428e-01 1.085918e-07 -1.755011e-02 2.764316e-06 1.250749e-07 6.379985e-07
10.87          1.789211e-01 2.259656e-07 -1.879311e-02 1.789184e-01 1.008000e-07 -1.879376e-02 2.643587e-06 1.251655e-07 6.484166e-07
10.88          1.720095e-01 2.250577e-07 -1.803110e-02 1.720069e-01 9.837142e-08 -1.803176e-02 2.583277e-06 1.266863e-07 6.601097e-07
10.89          1.670929e-01 2.389197e-07 -1.748059e-02 1.670903e-01 1.103820e-07 -1.748125e-02 2.651139e-06 1.285377e-07 6.641663e-07
10.9           1.765107e-01 2.344700e-07 -1.842844e-02 1.765081e-01 1.041965e-07 -1.842912e-02 2.588473e-06 1.302735e-07 6.789177e-07
10.91          1.615241e-01 2.464366e-07 -1.683023e-02 1.615214e-01 1.135206e-07 -1.683091e-02 2.696502e-06 1.329161e-07 6.797538e-07
10.92          1.704832e-01 2.369242e-07 -1.772771e-02 1.704806e-01 1.014031e-07 -1.772841e-02 2.609000e-06 1.355211e-07 6.980387e-07
10.93          1.688824e-01 2.383187e-07 -1.752596e-02 1.688799e-01 9.991245e-08 -1.752668e-02 2.542351e-06 1.384063e-07 7.170557e-07
10.94          1.683504e-01 2.395285e-07 -1.743556e-02 1.683480e-01 9.783792e-08 -1.743630e-02 2.463944e-06 1.416905e-07 7.362132e-07
10.95          1.655430e-01 2.484417e-07 -1.711042e-02 1.655405e-01 1.035571e-07 -1.711117e-02 2.454049e-06 1.448846e-07 7.518658e-07
10.96          1.748523e-01 2.477207e-07 -1.803639e-02 1.748499e-01 9.955078e-08 -1.803716e-02 2.360412e-06 1.481699e-07 7.660940e-07
10.97          1.668956e-01 2.554688e-07 -1.718180e-02 1.668933e-01 1.038841e-07 -1.718259e-02 2.354408e-06 1.515847e-07 7.899557e-07
10.98          1.664903e-01 2.609057e-07 -1.710634e-02 1.664880e-01 1.059573e-07 -1.710714e-02 2.303071e-06 1.549484e-07 8.017141e-07
10.99          1.721006e-01 2.595856e-07 -1.764825e-02 1.720984e-01 1.008443e-07 -1.764906e-02 2.219636e-06 1.587413e-07 8.182799e-07
11             1.630008e-01 2.619838e-07 -1.668300e-02 1.629986e-01 9.892024e-08 -1.668382e-02 2.182078e-06 1.630636e-07 8.260139e-07
11.01          1.636830e-01 2.725849e-07 -1.672088e-02 1.636808e-01 1.055733e-07 -1.672171e-02 2.172329e-06 1.670115e-07 8.290052e-07
11.02          1.768246e-01 2.724657e-07 -1.802917e-02 1.768225e-01 1.020557e-07 -1.803001e-02 2.091388e-06 1.704100e-07 8.400324e-07
11.03          1.639349e-01 2.803768e-07 -1.668417e-02 1.639328e-01 1.064966e-07 -1.668502e-02 2.089031e-06 1.738803e-07 8.499839e-07
11.04          1.674891e-01 2.790081e-07 -1.701470e-02 1.674871e-01 1.016577e-07 -1.701556e-02 2.024731e-06 1.773505e-07 8.611193e-07
11.05          1.701126e-01 2.767998e-07 -1.725019e-02 1.701107e-01 9.591802e-08 -1.725107e-02 1.966001e-06 1.808818e-07 8.770120e-07
11.06          1.610379e-01 2.897747e-07 -1.630135e-02 1.610359e-01 1.050281e-07 -1.630223e-02 1.965100e-06 1.847467e-07 8.870003e-07
11.07          1.672572e-01 2.880331e-07 -1.690141e-02 1.672553e-01 9.899867e-08 -1.690231e-02 1.887028e-06 1.890344e-07 9.016868e-07
11.08          1.617547e-01 2.975030e-07 -1.631772e-02 1.617528e-01 1.044122e-07 -1.631864e-02 1.871178e-06 1.930908e-07 9.152753e-07
11.09          1.630333e-01 2.992139e-07 -1.641928e-02 1.630314e-01 1.017389e-07 -1.642021e-02 1.820961e-06 1.974750e-07 9.352217e-07
11.1           1.620396e-01 3.059782e-07 -1.629269e-02 1.620378e-01 1.033081e-07 -1.629365e-02 1.804597e-06 2.026700e-07 9.562595e-07
11.11          1.610580e-01 3.107800e-07 -1.616826e-02 1.610562e-01 1.033525e-07 -1.616924e-02 1.764774e-06 2.074275e-07 9.746698e-07
11.12          1.609416e-01 3.191093e-07 -1.613160e-02 1.609398e-01 1.065070e-07 -1.613259e-02 1.761115e-06 2.126023e-07 9.909441e-07
11.13          1.589090e-01 3.171173e-07 -1.590401e-02 1.589073e-01 1.001941e-07 -1.590502e-02 1.712369e-06 2.169232e-07 1.011897e-06
11.14          1.618754e-01 3.165814e-07 -1.617707e-02 1.618738e-01 9.408213e-08 -1.617811e-02 1.648398e-06 2.224993e-07 1.035911e-06
11.15          1.590153e-01 3.212667e-07 -1.586870e-02 1.590136e-01 9.521724e-08 -1.586976e-02 1.622758e-06 2.260495e-07 1.062667e-06
11.16          1.635062e-01 3.237713e-07 -1.629437e-02 1.635046e-01 9.202926e-08 -1.629545e-02 1.562047e-06 2.317420e-07 1.087927e-06
11.17          1.585012e-01 3.265133e-07 -1.577482e-02 1.584997e-01 9.053156e-08 -1.577593e-02 1.520347e-06 2.359817e-07 1.110088e-06
11.18          1.640955e-01 3.293554e-07 -1.631072e-02 1.640940e-01 8.673936e-08 -1.631186e-02 1.462273e-06 2.426161e-07 1.137015e-06
11.19          1.604576e-01 3.346862e-07 -1.592978e-02 1.604561e-01 8.800099e-08 -1.593095e-02 1.428561e-06 2.466852e-07 1.162501e-06
11.2           1.616971e-01 3.372046e-07 -1.603422e-02 1.616958e-01 8.527401e-08 -1.603541e-02 1.383606e-06 2.519306e-07 1.186176e-06
11.21          1.582498e-01 3.404314e-07 -1.567519e-02 1.582485e-01 8.545926e-08 -1.567640e-02 1.354186e-06 2.549721e-07 1.213190e-06
11.22          1.586226e-01 3.424688e-07 -1.569580e-02 1.586213e-01 8.329542e-08 -1.569704e-02 1.312445e-06 2.591734e-07 1.237522e-06
11.23          1.605847e-01 3.449320e-07 -1.587444e-02 1.605834e-01 8.104123e-08 -1.587571e-02 1.277649e-06 2.638908e-07 1.263924e-06
11.24          1.553460e-01 3.489386e-07 -1.534272e-02 1.553448e-01 8.297925e-08 -1.534402e-02 1.237169e-06 2.659594e-07 1.293127e-06
11.25          1.641835e-01 3.482067e-07 -1.620159e-02 1.641823e-01 7.699851e-08 -1.620291e-02 1.200640e-06 2.712082e-07 1.314184e-06
11.26          1.571056e-01 3.472936e-07 -1.549115e-02 1.571044e-01 7.565694e-08 -1.549249e-02 1.178636e-06 2.716366e-07 1.339367e-06
11.27          1.612917e-01 3.477944e-07 -1.589253e-02 1.612905e-01 7.126868e-08 -1.589389e-02 1.146047e-06 2.765257e-07 1.357572e-06
11.28          1.589161e-01 3.465266e-07 -1.564843e-02 1.589150e-01 6.831485e-08 -1.564981e-02 1.129711e-06 2.782118e-07 1.376094e-06
11.29          1.555734e-01 3.428734e-07 -1.531051e-02 1.555723e-01 6.594799e-08 -1.531191e-02 1.107300e-06 2.769254e-07 1.393089e-06
11.3           1.622103e-01 3.422450e-07 -1.595555e-02 1.622092e-01 6.228343e-08 -1.595696e-02 1.105916e-06 2.799616e-07 1.407954e-06
11.31          1.569307e-01 3.428016e-07 -1.542983e-02 1.569296e-01 6.610245e-08 -1.543125e-02 1.083348e-06 2.766992e-07 1.417002e-06
11.32          1.607938e-01 3.424436e-07 -1.580418e-02 1.607927e-01 6.309094e-08 -1.580561e-02 1.065399e-06 2.793527e-07 1.426606e-06
11.33          1.545795e-01 3.382553e-07 -1.518946e-02 1.545785e-01 6.337105e-08 -1.519090e-02 1.024448e-06 2.748843e-07 1.435315e-06
11.34          1.574051e-01 3.280689e-07 -1.546413e-02 1.574041e-01 5.567743e-08 -1.546557e-02 1.018857e-06 2.723914e-07 1.445706e-06
11.35          1.563806e-01 3.189924e-07 -1.536181e-02 1.563796e-01 5.269304e-08 -1.536326e-02 9.989435e-07 2.662994e-07 1.446735e-06
11.36          1.526993e-01 3.129732e-07 -1.499980e-02 1.526983e-01 5.169123e-08 -1.500125e-02 9.660564e-07 2.612820e-07 1.451795e-06
11.37          1.598910e-01 3.088076e-07 -1.570697e-02 1.598900e-01 5.208627e-08 -1.570841e-02 9.774029e-07 2.567213e-07 1.445096e-06
11.38          1.557860e-01 2.944036e-07 -1.530615e-02 1.557850e-01 4.627577e-08 -1.530759e-02 9.606568e-07 2.481278e-07 1.434423e-06
11.39          1.618256e-01 2.934803e-07 -1.590319e-02 1.618246e-01 4.999924e-08 -1.590460e-02 1.001493e-06 2.434810e-07 1.416411e-06
11.4           1.564683e-01 2.820835e-07 -1.538177e-02 1.564673e-01 4.794480e-08 -1.538317e-02 9.827113e-07 2.341387e-07 1.396348e-06
11.41          1.594967e-01 2.797934e-07 -1.568591e-02 1.594957e-01 5.126194e-08 -1.568728e-02 9.992363e-07 2.285314e-07 1.375353e-06
11.42          1.539208e-01 2.633838e-07 -1.514523e-02 1.539198e-01 4.601849e-08 -1.514659e-02 9.762816e-07 2.173653e-07 1.354892e-06
11.43          1.571966e-01 2.552702e-07 -1.547654e-02 1.571956e-01 4.794923e-08 -1.547787e-02 9.724783e-07 2.073210e-07 1.332623e-06
11.44          1.529633e-01 2.460009e-07 -1.507019e-02 1.529624e-01 5.081424e-08 -1.507150e-02 9.408582e-07 1.951866e-07 1.313294e-06
11.45          1.571157e-01 2.328918e-07 -1.549109e-02 1.571147e-01 4.753421e-08 -1.549238e-02 9.732284e-07 1.853576e-07 1.286302e-06
11.46          1.540983e-01 2.156084e-07 -1.520676e-02 1.540973e-01 4.400034e-08 -1.520802e-02 9.520976e-07 1.716080e-07 1.255661e-06
11.47          1.603931e-01 2.154931e-07 -1.584298e-02 1.603921e-01 5.326652e-08 -1.584421e-02 1.000194e-06 1.622266e-07 1.223402e-06
11.48          1.533290e-01 1.952175e-07 -1.516135e-02 1.533280e-01 4.749966e-08 -1.516255e-02 9.681216e-07 1.477178e-07 1.192979e-06
11.49          1.520584e-01 1.804341e-07 -1.505303e-02 1.520575e-01 4.735397e-08 -1.505420e-02 9.226332e-07 1.330801e-07 1.164326e-06
11.5           1.584073e-01 1.801803e-07 -1.570091e-02 1.584063e-01 5.749632e-08 -1.570204e-02 9.711369e-07 1.226840e-07 1.127017e-06
11.51          1.543761e-01 1.643688e-07 -1.532194e-02 1.543751e-01 5.495352e-08 -1.532303e-02 9.669684e-07 1.094153e-07 1.091010e-06
11.52          1.580963e-01 1.576965e-07 -1.571357e-02 1.580952e-01 5.928406e-08 -1.571462e-02 1.006086e-06 9.841247e-08 1.053368e-06
11.53          1.612261e-01 1.516613e-07 -1.604915e-02 1.612250e-01 6.342804e-08 -1.605016e-02 1.101005e-06 8.823328e-08 1.007975e-06
11.54          1.531843e-01 1.357974e-07 -1.527363e-02 1.531833e-01 6.086001e-08 -1.527459e-02 1.049070e-06 7.493740e-08 9.647589e-07
11.55          1.575477e-01 1.346970e-07 -1.573564e-02 1.575467e-01 6.953071e-08 -1.573657e-02 1.067626e-06 6.516625e-08 9.245548e-07
11.56          1.520722e-01 1.200686e-07 -1.521653e-02 1.520712e-01 6.770507e-08 -1.521742e-02 1.022022e-06 5.236352e-08 8.876070e-07
11.57          1.564187e-01 1.190970e-07 -1.568126e-02 1.564176e-01 7.624726e-08 -1.568211e-02 1.060303e-06 4.284978e-08 8.445905e-07
11.58          1.514506e-01 1.024045e-07 -1.521380e-02 1.514496e-01 7.178364e-08 -1.521461e-02 1.012885e-06 3.062081e-08 8.045305e-07
11.59          1.537384e-01 9.926448e-08 -1.547605e-02 1.537374e-01 7.938899e-08 -1.547682e-02 9.998993e-07 1.987549e-08 7.646921e-07
11.6           1.574949e-01 9.455656e-08 -1.588881e-02 1.574938e-01 8.412238e-08 -1.588953e-02 1.038687e-06 1.043419e-08 7.199436e-07
11.61          1.524418e-01 8.130164e-08 -1.541442e-02 1.524408e-01 8.122754e-08 -1.541510e-02 9.958348e-07 7.409985e-11 6.864456e-07
11.62          1.576873e-01 8.396356e-08 -1.598266e-02 1.576863e-01 9.084276e-08 -1.598331e-02 1.051407e-06 -6.879192e-09 6.451513e-07
11.63          1.533244e-01 7.061373e-08 -1.557901e-02 1.533234e-01 8.613562e-08 -1.557962e-02 1.029538e-06 -1.552190e-08 6.100958e-07
11.64          1.573094e-01 7.303063e-08 -1.602476e-02 1.573083e-01 9.524317e-08 -1.602531e-02 1.051457e-06 -2.221254e-08 5.552698e-07
11.65          1.532100e-01 6.056937e-08 -1.564875e-02 1.532090e-01 8.989879e-08 -1.564927e-02 1.017960e-06 -2.932941e-08 5.207983e-07
11.66          1.567542e-01 6.321450e-08 -1.605453e-02 1.567531e-01 9.768481e-08 -1.605499e-02 1.043644e-06 -3.447032e-08 4.678944e-07
11.67          1.512105e-01 5.059119e-08 -1.553074e-02 1.512095e-01 9.154942e-08 -1.553118e-02 9.951644e-07 -4.095823e-08 4.384747e-07
11.68          1.589965e-01 5.722890e-08 -1.637771e-02 1.589954e-01 1.011256e-07 -1.637810e-02 1.079341e-06 -4.389673e-08 3.975639e-07
11.69          1.553778e-01 4.838529e-08 -1.605301e-02 1.553767e-01 9.671320e-08 -1.605338e-02 1.069615e-06 -4.832791e-08 3.647442e-07
11.7           1.561966e-01 4.902287e-08 -1.618727e-02 1.561955e-01 1.001686e-07 -1.618760e-02 1.109234e-06 -5.114572e-08 3.305091e-07
11.71          1.533827e-01 4.234937e-08 -1.594597e-02 1.533816e-01 9.706487e-08 -1.594627e-02 1.092858e-06 -5.471550e-08 2.984197e-07
11.72          1.559793e-01 4.348482e-08 -1.626832e-02 1.559782e-01 1.006129e-07 -1.626859e-02 1.129720e-06 -5.712812e-08 2.631640e-07
11.73          1.522397e-01 3.520377e-08 -1.593106e-02 1.522386e-01 9.534968e-08 -1.593129e-02 1.079698e-06 -6.014591e-08 2.342978e-07
11.74          1.595084e-01 4.229880e-08 -1.674808e-02 1.595073e-01 1.035840e-07 -1.674828e-02 1.145029e-06 -6.128522e-08 1.969305e-07
11.75          1.518826e-01 3.208386e-08 -1.600297e-02 1.518815e-01 9.577506e-08 -1.600314e-02 1.078887e-06 -6.369120e-08 1.692264e-07
11.76          1.528724e-01 3.114711e-08 -1.616425e-02 1.528714e-01 9.623854e-08 -1.616440e-02 1.034888e-06 -6.509143e-08 1.452558e-07
11.77          1.527389e-01 2.953108e-08 -1.620852e-02 1.527379e-01 9.541084e-08 -1.620864e-02 9.818553e-07 -6.587976e-08 1.227560e-07
11.78          1.544687e-01 3.333657e-08 -1.645240e-02 1.544677e-01 9.903464e-08 -1.645249e-02 1.001733e-06 -6.569806e-08 9.292033e-08
11.79          1.584559e-01 3.264271e-08 -1.694015e-02 1.584548e-01 9.716923e-08 -1.694020e-02 1.088423e-06 -6.452652e-08 5.120022e-08
11.8           1.524281e-01 3.048083e-08 -1.635807e-02 1.524271e-01 9.589235e-08 -1.635810e-02 1.033417e-06 -6.541152e-08 2.427460e-08
11.81          1.619823e-01 3.936233e-08 -1.745047e-02 1.619811e-01 1.043601e-07 -1.745046e-02 1.109577e-06 -6.499779e-08 -1.116097e-08
11.82          1.521196e-01 2.985797e-08 -1.645290e-02 1.521185e-01 9.528037e-08 -1.645287e-02 1.021697e-06 -6.542240e-08 -2.947371e-08
11.83          1.597525e-01 3.741142e-08 -1.734724e-02 1.597514e-01 1.018761e-07 -1.734718e-02 1.082010e-06 -6.446472e-08 -5.931920e-08
11.84          1.548659e-01 3.304152e-08 -1.688493e-02 1.548648e-01 9.745496e-08 -1.688485e-02 1.067823e-06 -6.441345e-08 -8.203117e-08
11.85          1.608151e-01 4.087326e-08 -1.760545e-02 1.608140e-01 1.036514e-07 -1.760533e-02 1.141854e-06 -6.277814e-08 -1.199337e-07
11.86          1.582694e-01 3.593931e-08 -1.739895e-02 1.582683e-01 9.914022e-08 -1.739882e-02 1.089860e-06 -6.320091e-08 -1.334933e-07
11.87          1.648897e-01 4.184916e-08 -1.820313e-02 1.648886e-01 1.030651e-07 -1.820296e-02 1.107381e-06 -6.121596e-08 -1.662227e-07
11.88          1.579980e-01 3.627484e-08 -1.751696e-02 1.579970e-01 9.716577e-08 -1.751678e-02 1.037831e-06 -6.089092e-08 -1.820688e-07
11.89          1.605446e-01 3.879317e-08 -1.787593e-02 1.605435e-01 9.853543e-08 -1.787572e-02 1.052126e-06 -5.974226e-08 -2.072150e-07
11.9           1.501171e-01 3.283001e-08 -1.678793e-02 1.501161e-01 9.176479e-08 -1.678771e-02 1.012240e-06 -5.893477e-08 -2.229606e-07
11.91          1.585241e-01 3.751830e-08 -1.780606e-02 1.585231e-01 9.410611e-08 -1.780581e-02 1.047346e-06 -5.658781e-08 -2.478956e-07
11.92          1.400735e-01 2.710330e-08 -1.580418e-02 1.400726e-01 8.289656e-08 -1.580392e-02 9.770042e-07 -5.579327e-08 -2.596441e-07
11.93          1.533532e-01 3.678764e-08 -1.738000e-02 1.533522e-01 8.982595e-08 -1.737971e-02 1.012508e-06 -5.303831e-08 -2.898614e-07
11.94          1.526445e-01 3.588414e-08 -1.737828e-02 1.526435e-01 8.738636e-08 -1.737797e-02 1.002571e-06 -5.150221e-08 -3.153968e-07
11.95          1.569464e-01 3.929415e-08 -1.794976e-02 1.569455e-01 9.117046e-08 -1.794944e-02 8.840646e-07 -5.187631e-08 -3.215387e-07
11.96          1.545869e-01 3.583236e-08 -1.776097e-02 1.545860e-01 8.625938e-08 -1.776063e-02 9.116272e-07 -5.042702e-08 -3.433207e-07
11.97          1.550598e-01 3.360147e-08 -1.789752e-02 1.550589e-01 8.280606e-08 -1.789715e-02 9.086631e-07 -4.920460e-08 -3.657026e-07
11.98          1.663478e-01 4.032179e-08 -1.928896e-02 1.663469e-01 8.923480e-08 -1.928857e-02 9.198771e-07 -4.891301e-08 -3.893350e-07
11.99          1.570446e-01 3.697547e-08 -1.829503e-02 1.570438e-01 8.505669e-08 -1.829463e-02 8.938766e-07 -4.808122e-08 -4.031372e-07
12             1.536965e-01 3.568670e-08 -1.798852e-02 1.536957e-01 8.322473e-08 -1.798812e-02 7.915960e-07 -4.753803e-08 -4.010434e-07
12.01          1.624751e-01 3.884044e-08 -1.910458e-02 1.624744e-01 8.649689e-08 -1.910419e-02 6.993039e-07 -4.765645e-08 -3.947419e-07
12.02          1.608921e-01 3.932872e-08 -1.900681e-02 1.608913e-01 8.579895e-08 -1.900641e-02 7.235042e-07 -4.647023e-08 -4.062958e-07
12.03          1.565941e-01 3.562095e-08 -1.858560e-02 1.565934e-01 8.154723e-08 -1.858519e-02 6.846501e-07 -4.592629e-08 -4.078786e-07
12.04          1.610152e-01 3.956601e-08 -1.919953e-02 1.610145e-01 8.438057e-08 -1.919911e-02 7.124830e-07 -4.481457e-08 -4.260650e-07
12.05          1.626686e-01 3.831940e-08 -1.948737e-02 1.626680e-01 8.292403e-08 -1.948694e-02 6.824253e-07 -4.460463e-08 -4.221649e-07
12.06          1.640752e-01 3.910382e-08 -1.974765e-02 1.640746e-01 8.329985e-08 -1.974722e-02 6.923501e-07 -4.419604e-08 -4.346277e-07
12.07          1.617592e-01 3.775170e-08 -1.955976e-02 1.617585e-01 8.198989e-08 -1.955933e-02 6.320198e-07 -4.423820e-08 -4.319637e-07
12.08          1.662990e-01 3.750339e-08 -2.020199e-02 1.662983e-01 8.164913e-08 -2.020155e-02 6.806848e-07 -4.414574e-08 -4.447039e-07
12.09          1.614099e-01 3.625399e-08 -1.969919e-02 1.614092e-01 8.038644e-08 -1.969875e-02 6.327898e-07 -4.413244e-08 -4.422818e-07
12.1           1.652094e-01 3.784993e-08 -2.025610e-02 1.652088e-01 8.185303e-08 -2.025565e-02 6.474707e-07 -4.400310e-08 -4.514278e-07
12.11          1.584587e-01 3.612370e-08 -1.951830e-02 1.584582e-01 8.003465e-08 -1.951786e-02 5.429574e-07 -4.391096e-08 -4.397568e-07
12.12          1.685838e-01 3.653109e-08 -2.086044e-02 1.685832e-01 8.016577e-08 -2.085998e-02 6.276152e-07 -4.363468e-08 -4.549214e-07
12.13          1.605616e-01 4.574244e-08 -1.995906e-02 1.605611e-01 8.993327e-08 -1.995862e-02 5.599318e-07 -4.419084e-08 -4.474085e-07
12.14          1.696446e-01 3.947278e-08 -2.118373e-02 1.696440e-01 8.325728e-08 -2.118328e-02 5.842954e-07 -4.378450e-08 -4.507649e-07
12.15          1.618618e-01 3.554227e-08 -2.030338e-02 1.618612e-01 7.923871e-08 -2.030293e-02 5.385256e-07 -4.369644e-08 -4.435379e-07
12.16          1.697067e-01 3.011569e-08 -2.138249e-02 1.697061e-01 7.298416e-08 -2.138204e-02 5.869910e-07 -4.286848e-08 -4.505057e-07
12.17          1.716011e-01 3.537923e-08 -2.171744e-02 1.716004e-01 7.820455e-08 -2.171698e-02 6.454143e-07 -4.282532e-08 -4.638847e-07
12.18          1.673222e-01 3.495741e-08 -2.126961e-02 1.673215e-01 7.782490e-08 -2.126914e-02 6.501228e-07 -4.286748e-08 -4.657334e-07
12.19          1.608904e-01 3.760660e-08 -2.054188e-02 1.608899e-01 8.019642e-08 -2.054143e-02 5.548416e-07 -4.258981e-08 -4.505208e-07
12.2           1.629092e-01 3.859284e-08 -2.088995e-02 1.629088e-01 8.010045e-08 -2.088953e-02 4.337838e-07 -4.150761e-08 -4.191388e-07
12.21          1.614979e-01 3.330378e-08 -2.079812e-02 1.614974e-01 7.463204e-08 -2.079769e-02 5.047843e-07 -4.132826e-08 -4.292886e-07
12.22          1.438397e-01 2.624695e-08 -1.860378e-02 1.438392e-01 6.695070e-08 -1.860335e-02 5.242483e-07 -4.070376e-08 -4.343130e-07
12.23          1.712645e-01 4.068180e-08 -2.224457e-02 1.712640e-01 8.074663e-08 -2.224415e-02 4.557467e-07 -4.006483e-08 -4.209211e-07
12.24          1.576440e-01 3.269372e-08 -2.056238e-02 1.576435e-01 7.216532e-08 -2.056195e-02 4.658565e-07 -3.947160e-08 -4.219096e-07
12.25          1.666749e-01 3.803754e-08 -2.183115e-02 1.666745e-01 7.683787e-08 -2.183074e-02 4.195775e-07 -3.880032e-08 -4.045660e-07
12.26          1.687072e-01 3.503651e-08 -2.218880e-02 1.687067e-01 7.273120e-08 -2.218838e-02 4.452908e-07 -3.769468e-08 -4.142001e-07
12.27          1.676269e-01 3.835031e-08 -2.213709e-02 1.676265e-01 7.540790e-08 -2.213669e-02 3.929844e-07 -3.705759e-08 -4.053217e-07
12.28          1.663392e-01 4.016392e-08 -2.205582e-02 1.663388e-01 7.646395e-08 -2.205542e-02 3.430015e-07 -3.630003e-08 -3.953886e-07
12.29          1.598721e-01 4.771853e-08 -2.128294e-02 1.598718e-01 8.288993e-08 -2.128257e-02 2.501419e-07 -3.517141e-08 -3.694714e-07
12.3           1.873637e-01 3.900810e-08 -2.503977e-02 1.873633e-01 7.376275e-08 -2.503940e-02 3.215294e-07 -3.475464e-08 -3.692422e-07
12.31          1.624103e-01 4.568591e-08 -2.178963e-02 1.624101e-01 7.856039e-08 -2.178929e-02 2.466950e-07 -3.287448e-08 -3.473668e-07
12.32          1.754934e-01 5.988021e-08 -2.363451e-02 1.754933e-01 9.077660e-08 -2.363420e-02 1.144563e-07 -3.089638e-08 -3.156324e-07
12.33          1.642041e-01 5.018305e-08 -2.219706e-02 1.642040e-01 7.958581e-08 -2.219675e-02 6.861061e-08 -2.940276e-08 -3.020926e-07
12.34          1.699593e-01 6.091297e-08 -2.305940e-02 1.699593e-01 8.888342e-08 -2.305913e-02 -1.118768e-08 -2.797046e-08 -2.704665e-07
12.35          1.674789e-01 5.228259e-08 -2.280480e-02 1.674789e-01 7.903205e-08 -2.280455e-02 -1.830077e-08 -2.674946e-08 -2.578058e-07
12.36          1.814488e-01 5.912316e-08 -2.479386e-02 1.814488e-01 8.425725e-08 -2.479362e-02 -2.229418e-08 -2.513409e-08 -2.389463e-07
12.37          1.857085e-01 6.964247e-08 -2.546384e-02 1.857086e-01 9.340044e-08 -2.546363e-02 -8.890295e-08 -2.375798e-08 -2.087209e-07
12.38          1.688993e-01 7.304642e-08 -2.323740e-02 1.688995e-01 9.531762e-08 -2.323722e-02 -1.929603e-07 -2.227120e-08 -1.757474e-07
12.39          1.749465e-01 6.312492e-08 -2.414792e-02 1.749467e-01 8.451123e-08 -2.414775e-02 -2.079690e-07 -2.138631e-08 -1.650513e-07
12.4           1.730466e-01 7.263887e-08 -2.396219e-02 1.730469e-01 9.292100e-08 -2.396205e-02 -2.938198e-07 -2.028213e-08 -1.398860e-07
12.41          1.751667e-01 7.443138e-08 -2.433114e-02 1.751670e-01 9.353968e-08 -2.433104e-02 -3.613908e-07 -1.910831e-08 -1.073473e-07
12.42          1.798280e-01 6.862638e-08 -2.505407e-02 1.798284e-01 8.730931e-08 -2.505397e-02 -3.444948e-07 -1.868294e-08 -1.001844e-07
12.43          1.547232e-01 6.482716e-08 -2.162068e-02 1.547236e-01 8.174733e-08 -2.162060e-02 -3.999564e-07 -1.692017e-08 -8.122509e-08
12.44          1.770117e-01 7.414567e-08 -2.480587e-02 1.770121e-01 8.983118e-08 -2.480580e-02 -4.164882e-07 -1.568551e-08 -6.717176e-08
12.45          1.731604e-01 7.524347e-08 -2.433426e-02 1.731608e-01 8.903008e-08 -2.433421e-02 -4.427871e-07 -1.378662e-08 -4.965767e-08
12.46          1.760695e-01 7.730861e-08 -2.480996e-02 1.760700e-01 8.895854e-08 -2.480994e-02 -4.546634e-07 -1.164993e-08 -2.881155e-08
12.47          1.739512e-01 7.908136e-08 -2.457599e-02 1.739517e-01 8.848027e-08 -2.457597e-02 -4.834491e-07 -9.398910e-09 -1.854518e-08
12.48          1.802212e-01 8.099461e-08 -2.552616e-02 1.802217e-01 8.866288e-08 -2.552616e-02 -4.945302e-07 -7.668273e-09 -3.072490e-09
12.49          1.907285e-01 8.901934e-08 -2.708006e-02 1.907290e-01 9.410780e-08 -2.708008e-02 -5.304321e-07 -5.088456e-09 2.056372e-08
12.5           1.811019e-01 9.194824e-08 -2.577348e-02 1.811025e-01 9.444262e-08 -2.577352e-02 -5.726818e-07 -2.494380e-09 4.869774e-08
12.51          1.835464e-01 8.984562e-08 -2.617954e-02 1.835470e-01 9.055734e-08 -2.617960e-02 -5.840817e-07 -7.117222e-10 6.358620e-08
12.52          1.851600e-01 8.681054e-08 -2.646591e-02 1.851606e-01 8.507355e-08 -2.646598e-02 -5.801532e-07 1.736994e-09 6.829391e-08
12.53          1.907831e-01 8.123653e-08 -2.732480e-02 1.907836e-01 7.674455e-08 -2.732487e-02 -5.548955e-07 4.491982e-09 6.841576e-08
12.54          1.782909e-01 1.031292e-07 -2.558534e-02 1.782915e-01 9.533461e-08 -2.558544e-02 -6.007155e-07 7.794580e-09 9.981966e-08
12.55          1.829601e-01 1.102718e-07 -2.630320e-02 1.829607e-01 9.930363e-08 -2.630333e-02 -6.427088e-07 1.096817e-08 1.337389e-07
12.56          1.808662e-01 1.143320e-07 -2.604703e-02 1.808669e-01 1.002055e-07 -2.604720e-02 -6.844114e-07 1.412657e-08 1.667065e-07
12.57          1.822180e-01 1.216048e-07 -2.628420e-02 1.822188e-01 1.044436e-07 -2.628439e-02 -7.291134e-07 1.716118e-08 1.971694e-07
12.58          1.825196e-01 1.225869e-07 -2.636736e-02 1.825204e-01 1.025105e-07 -2.636759e-02 -7.630036e-07 2.007636e-08 2.279437e-07
12.59          1.841951e-01 1.274959e-07 -2.664675e-02 1.841959e-01 1.044145e-07 -2.664701e-02 -7.991327e-07 2.308137e-08 2.551980e-07
12.6           1.817018e-01 1.374166e-07 -2.632020e-02 1.817026e-01 1.112148e-07 -2.632049e-02 -8.356367e-07 2.620176e-08 2.889525e-07
12.61          1.876134e-01 1.294817e-07 -2.720859e-02 1.876143e-01 1.013650e-07 -2.720890e-02 -8.485984e-07 2.811676e-08 3.083860e-07
12.62          1.884092e-01 1.272685e-07 -2.735343e-02 1.884101e-01 9.633713e-08 -2.735375e-02 -8.485876e-07 3.093135e-08 3.214516e-07
12.63          1.855147e-01 1.408952e-07 -2.695941e-02 1.855155e-01 1.068114e-07 -2.695975e-02 -8.624140e-07 3.408388e-08 3.461959e-07
12.64          1.908059e-01 1.284053e-07 -2.775186e-02 1.908067e-01 9.169930e-08 -2.775222e-02 -8.565978e-07 3.670602e-08 3.574525e-07
12.65          1.883105e-01 1.403325e-07 -2.740944e-02 1.883113e-01 1.006713e-07 -2.740981e-02 -8.423402e-07 3.966117e-08 3.784749e-07
12.66          1.886014e-01 1.392160e-07 -2.746898e-02 1.886022e-01 9.585844e-08 -2.746937e-02 -8.299878e-07 4.335757e-08 3.893175e-07
12.67          1.960897e-01 1.413674e-07 -2.857420e-02 1.960905e-01 9.420032e-08 -2.857460e-02 -8.029266e-07 4.716706e-08 4.050578e-07
12.68          1.832082e-01 1.526999e-07 -2.670821e-02 1.832090e-01 1.011888e-07 -2.670864e-02 -7.588795e-07 5.151102e-08 4.237484e-07
12.69          1.947072e-01 1.570703e-07 -2.839245e-02 1.947079e-01 1.013987e-07 -2.839290e-02 -7.161334e-07 5.567162e-08 4.460019e-07
12.7           1.862634e-01 1.783358e-07 -2.716613e-02 1.862640e-01 1.179852e-07 -2.716660e-02 -6.476204e-07 6.035061e-08 4.732500e-07
12.71          1.933036e-01 1.724157e-07 -2.819411e-02 1.933042e-01 1.079137e-07 -2.819461e-02 -6.062898e-07 6.450196e-08 4.975346e-07
12.72          1.852790e-01 1.884445e-07 -2.702205e-02 1.852795e-01 1.195309e-07 -2.702257e-02 -5.408711e-07 6.891353e-08 5.235819e-07
12.73          1.938434e-01 1.823240e-07 -2.826539e-02 1.938439e-01 1.091968e-07 -2.826594e-02 -5.003762e-07 7.312719e-08 5.471541e-07
12.74          1.859903e-01 1.976063e-07 -2.711208e-02 1.859907e-01 1.193013e-07 -2.711264e-02 -4.088158e-07 7.830509e-08 5.570383e-07
12.75          1.995855e-01 2.010652e-07 -2.908116e-02 1.995858e-01 1.188031e-07 -2.908174e-02 -3.360634e-07 8.226213e-08 5.742364e-07
12.76          1.920155e-01 2.045564e-07 -2.796279e-02 1.920157e-01 1.183342e-07 -2.796338e-02 -2.608035e-07 8.622224e-08 5.918130e-07
12.77          1.919240e-01 2.082260e-07 -2.793041e-02 1.919242e-01 1.189296e-07 -2.793102e-02 -1.856701e-07 8.929642e-08 6.163832e-07
12.78          1.883627e-01 2.189721e-07 -2.739000e-02 1.883628e-01 1.241177e-07 -2.739064e-02 -1.000279e-07 9.485442e-08 6.358319e-07
12.79          1.850880e-01 2.487217e-07 -2.688879e-02 1.850879e-01 1.483442e-07 -2.688945e-02 1.907004e-08 1.003775e-07 6.591178e-07
12.8           1.876219e-01 2.334474e-07 -2.722764e-02 1.876219e-01 1.296832e-07 -2.722833e-02 6.072873e-08 1.037642e-07 6.873311e-07
12.81          1.924356e-01 2.330190e-07 -2.789274e-02 1.924355e-01 1.271783e-07 -2.789345e-02 1.062609e-07 1.058407e-07 7.063996e-07
12.82          1.963256e-01 2.364651e-07 -2.841892e-02 1.963254e-01 1.266380e-07 -2.841964e-02 1.763583e-07 1.098271e-07 7.171076e-07
12.83          1.938016e-01 2.458192e-07 -2.801321e-02 1.938013e-01 1.321957e-07 -2.801394e-02 2.662934e-07 1.136235e-07 7.316073e-07
12.84          1.927662e-01 2.367724e-07 -2.781953e-02 1.927659e-01 1.201879e-07 -2.782028e-02 3.180341e-07 1.165846e-07 7.500072e-07
12.85          1.956403e-01 2.495405e-07 -2.818601e-02 1.956399e-01 1.301412e-07 -2.818678e-02 4.060454e-07 1.193993e-07 7.626899e-07
12.86          2.005106e-01 2.365498e-07 -2.883431e-02 2.005102e-01 1.152000e-07 -2.883509e-02 4.524847e-07 1.213498e-07 7.785248e-07
12.87          1.931859e-01 2.642967e-07 -2.772647e-02 1.931853e-01 1.391210e-07 -2.772726e-02 5.927173e-07 1.251757e-07 7.916889e-07
12.88          1.939970e-01 2.648033e-07 -2.778408e-02 1.939963e-01 1.371732e-07 -2.778488e-02 6.898327e-07 1.276300e-07 8.009698e-07
12.89          1.900106e-01 2.844825e-07 -2.715233e-02 1.900098e-01 1.532846e-07 -2.715314e-02 8.470686e-07 1.311979e-07 8.114768e-07
12.9           1.969971e-01 2.716199e-07 -2.808347e-02 1.969962e-01 1.386979e-07 -2.808430e-02 9.144389e-07 1.329220e-07 8.264601e-07
12.91          1.983430e-01 2.713070e-07 -2.820423e-02 1.983420e-01 1.366620e-07 -2.820508e-02 9.969921e-07 1.346450e-07 8.435095e-07
12.92          2.026246e-01 2.537705e-07 -2.873658e-02 2.026235e-01 1.185039e-07 -2.873744e-02 1.026705e-06 1.352666e-07 8.573392e-07
12.93          2.029665e-01 2.734886e-07 -2.870526e-02 2.029654e-01 1.372804e-07 -2.870612e-02 1.169377e-06 1.362081e-07 8.550009e-07
12.94          1.950537e-01 2.902384e-07 -2.750600e-02 1.950523e-01 1.524589e-07 -2.750685e-02 1.369488e-06 1.377795e-07 8.508544e-07
12.95          1.989349e-01 2.871510e-07 -2.796761e-02 1.989334e-01 1.477018e-07 -2.796846e-02 1.501660e-06 1.394492e-07 8.482128e-07
12.96          1.986941e-01 2.791654e-07 -2.784451e-02 1.986925e-01 1.395355e-07 -2.784536e-02 1.597969e-06 1.396298e-07 8.506161e-07
12.97          2.019335e-01 2.809297e-07 -2.820416e-02 2.019318e-01 1.416006e-07 -2.820501e-02 1.701766e-06 1.393291e-07 8.509101e-07
12.98          1.997923e-01 2.808508e-07 -2.780827e-02 1.997905e-01 1.415417e-07 -2.780912e-02 1.810265e-06 1.393091e-07 8.505497e-07
12.99          2.027111e-01 2.790869e-07 -2.811255e-02 2.027092e-01 1.402665e-07 -2.811339e-02 1.905637e-06 1.388203e-07 8.424697e-07
13             2.032064e-01 2.776578e-07 -2.807568e-02 2.032043e-01 1.396699e-07 -2.807651e-02 2.002807e-06 1.379879e-07 8.279626e-07
13.01          2.022140e-01 2.829951e-07 -2.783003e-02 2.022118e-01 1.458733e-07 -2.783086e-02 2.151297e-06 1.371218e-07 8.239280e-07
13.02          2.037007e-01 2.719239e-07 -2.792178e-02 2.036985e-01 1.363403e-07 -2.792262e-02 2.227011e-06 1.355836e-07 8.326244e-07
13.03          2.005691e-01 2.770620e-07 -2.737819e-02 2.005668e-01 1.424260e-07 -2.737902e-02 2.366770e-06 1.346360e-07 8.334948e-07
13.04          1.996109e-01 2.753993e-07 -2.713017e-02 1.996084e-01 1.423051e-07 -2.713100e-02 2.495913e-06 1.330942e-07 8.258834e-07
13.05          1.998524e-01 2.783450e-07 -2.704232e-02 1.998498e-01 1.462720e-07 -2.704313e-02 2.646293e-06 1.320729e-07 8.118456e-07
13.06          2.044796e-01 2.659037e-07 -2.754145e-02 2.044769e-01 1.352860e-07 -2.754225e-02 2.748551e-06 1.306177e-07 8.063753e-07
13.07          1.879068e-01 3.002096e-07 -2.519046e-02 1.879037e-01 1.690518e-07 -2.519121e-02 3.091199e-06 1.311578e-07 7.584414e-07
13.08          2.014955e-01 2.764562e-07 -2.688029e-02 2.014923e-01 1.474443e-07 -2.688104e-02 3.130284e-06 1.290119e-07 7.496681e-07
13.09          2.039428e-01 2.661862e-07 -2.707082e-02 2.039396e-01 1.396270e-07 -2.707160e-02 3.234501e-06 1.265592e-07 7.716829e-07
13.1           2.059673e-01 2.650611e-07 -2.719929e-02 2.059640e-01 1.408350e-07 -2.720004e-02 3.301875e-06 1.242261e-07 7.521911e-07
13.11          2.103673e-01 2.574226e-07 -2.763396e-02 2.103639e-01 1.361082e-07 -2.763472e-02 3.347757e-06 1.213144e-07 7.574768e-07
13.12          2.004682e-01 2.695493e-07 -2.619132e-02 2.004647e-01 1.491434e-07 -2.619205e-02 3.506449e-06 1.204059e-07 7.351384e-07
13.13          2.030402e-01 2.693960e-07 -2.638031e-02 2.030365e-01 1.514069e-07 -2.638103e-02 3.679632e-06 1.179891e-07 7.202930e-07
13.14          2.046638e-01 2.603540e-07 -2.644024e-02 2.046600e-01 1.449387e-07 -2.644095e-02 3.791673e-06 1.154152e-07 7.105235e-07
13.15          2.012133e-01 2.696089e-07 -2.584356e-02 2.012092e-01 1.567577e-07 -2.584423e-02 4.031959e-06 1.128512e-07 6.678649e-07
13.16          2.095252e-01 2.494538e-07 -2.675064e-02 2.095212e-01 1.390683e-07 -2.675130e-02 4.054810e-06 1.103854e-07 6.630048e-07
13.17          2.096075e-01 2.436477e-07 -2.659830e-02 2.096034e-01 1.367547e-07 -2.659896e-02 4.090783e-06 1.068929e-07 6.600367e-07
13.18          2.060891e-01 2.452346e-07 -2.598903e-02 2.060848e-01 1.407273e-07 -2.598966e-02 4.231934e-06 1.045072e-07 6.296734e-07
13.19          1.988687e-01 2.490861e-07 -2.491932e-02 1.988642e-01 1.465705e-07 -2.491990e-02 4.543588e-06 1.025157e-07 5.788539e-07
13.2           2.109693e-01 2.395771e-07 -2.626358e-02 2.109647e-01 1.397849e-07 -2.626416e-02 4.600399e-06 9.979221e-08 5.729212e-07
13.21          2.051752e-01 2.418728e-07 -2.537303e-02 2.051704e-01 1.449217e-07 -2.537358e-02 4.761551e-06 9.695108e-08 5.493124e-07
13.22          2.037461e-01 2.369642e-07 -2.502595e-02 2.037411e-01 1.439090e-07 -2.502648e-02 4.922079e-06 9.305521e-08 5.285258e-07
13.23          2.060096e-01 2.316963e-07 -2.512936e-02 2.060045e-01 1.417239e-07 -2.512987e-02 5.028065e-06 8.997239e-08 5.101761e-07
13.24          2.016823e-01 2.268614e-07 -2.442859e-02 2.016772e-01 1.405778e-07 -2.442907e-02 5.171180e-06 8.628352e-08 4.826478e-07
13.25          2.058360e-01 2.224245e-07 -2.475279e-02 2.058307e-01 1.389609e-07 -2.475325e-02 5.255038e-06 8.346359e-08 4.592978e-07
13.26          2.068847e-01 2.099663e-07 -2.469712e-02 2.068794e-01 1.290250e-07 -2.469756e-02 5.273100e-06 8.094130e-08 4.487390e-07
13.27          2.079409e-01 2.058781e-07 -2.463850e-02 2.079356e-01 1.278434e-07 -2.463895e-02 5.308867e-06 7.803468e-08 4.478823e-07
13.28          2.064583e-01 2.003859e-07 -2.427740e-02 2.064530e-01 1.244727e-07 -2.427785e-02 5.314543e-06 7.591321e-08 4.498187e-07
13.29          2.031747e-01 2.040777e-07 -2.370744e-02 2.031692e-01 1.313921e-07 -2.370786e-02 5.456218e-06 7.268553e-08 4.279874e-07
13.3           1.992264e-01 1.985897e-07 -2.306465e-02 1.992208e-01 1.290618e-07 -2.306505e-02 5.618367e-06 6.952781e-08 4.022208e-07
13.31          2.073373e-01 1.914935e-07 -2.381238e-02 2.073316e-01 1.247819e-07 -2.381277e-02 5.691673e-06 6.671159e-08 3.814735e-07
13.32          2.073470e-01 1.884106e-07 -2.362084e-02 2.073413e-01 1.241954e-07 -2.362120e-02 5.740845e-06 6.421517e-08 3.610792e-07
13.33          1.996332e-01 1.817297e-07 -2.255546e-02 1.996272e-01 1.211427e-07 -2.255579e-02 5.971872e-06 6.058702e-08 3.274440e-07
13.34          2.128970e-01 1.732348e-07 -2.385292e-02 2.128911e-01 1.138004e-07 -2.385327e-02 5.865104e-06 5.943438e-08 3.509430e-07
13.35          2.028660e-01 1.718710e-07 -2.253690e-02 2.028599e-01 1.154046e-07 -2.253722e-02 6.084691e-06 5.646647e-08 3.208365e-07
13.36          2.058593e-01 1.715180e-07 -2.267282e-02 2.058532e-01 1.164963e-07 -2.267313e-02 6.122268e-06 5.502167e-08 3.100354e-07
13.37          2.040323e-01 1.681740e-07 -2.227596e-02 2.040261e-01 1.156043e-07 -2.227625e-02 6.227769e-06 5.256974e-08 2.815074e-07
13.38          2.064917e-01 1.590576e-07 -2.234559e-02 2.064855e-01 1.089980e-07 -2.234587e-02 6.203471e-06 5.005956e-08 2.839371e-07
13.39          2.014070e-01 1.577283e-07 -2.160044e-02 2.014005e-01 1.112602e-07 -2.160069e-02 6.402564e-06 4.646810e-08 2.538176e-07
13.4           1.987696e-01 1.540872e-07 -2.112470e-02 1.987630e-01 1.101112e-07 -2.112492e-02 6.538876e-06 4.397596e-08 2.230352e-07
13.41          2.142119e-01 1.498813e-07 -2.255695e-02 2.142055e-01 1.075104e-07 -2.255720e-02 6.419307e-06 4.237087e-08 2.504741e-07
13.42          1.965826e-01 1.495086e-07 -2.050905e-02 1.965759e-01 1.105473e-07 -2.050926e-02 6.668300e-06 3.896136e-08 2.143417e-07
13.43          2.035086e-01 1.407168e-07 -2.103192e-02 2.035019e-01 1.038384e-07 -2.103215e-02 6.659276e-06 3.687834e-08 2.295296e-07
13.44          1.994422e-01 1.412591e-07 -2.041612e-02 1.994354e-01 1.074872e-07 -2.041634e-02 6.744534e-06 3.377193e-08 2.144484e-07
13.45          2.117313e-01 1.363059e-07 -2.146548e-02 2.117247e-01 1.035986e-07 -2.146573e-02 6.592584e-06 3.270733e-08 2.470056e-07
13.46          1.977819e-01 1.338641e-07 -1.985655e-02 1.977752e-01 1.029550e-07 -1.985678e-02 6.671635e-06 3.090908e-08 2.275525e-07
13.47          2.063107e-01 1.287572e-07 -2.050911e-02 2.063041e-01 9.865023e-08 -2.050935e-02 6.568020e-06 3.010695e-08 2.406362e-07
13.48          2.033624e-01 1.177330e-07 -2.001526e-02 2.033558e-01 8.949976e-08 -2.001552e-02 6.529219e-06 2.823325e-08 2.563886e-07
13.49          1.993469e-01 1.210376e-07 -1.942319e-02 1.993402e-01 9.558173e-08 -1.942344e-02 6.609805e-06 2.545582e-08 2.481792e-07
13.5           2.044896e-01 1.183190e-07 -1.972232e-02 2.044829e-01 9.495550e-08 -1.972256e-02 6.625208e-06 2.336353e-08 2.423452e-07
13.51          2.056461e-01 1.159379e-07 -1.963086e-02 2.056394e-01 9.468666e-08 -1.963112e-02 6.631697e-06 2.125125e-08 2.528985e-07
13.52          1.919616e-01 1.082304e-07 -1.813597e-02 1.919548e-01 8.984888e-08 -1.813620e-02 6.803747e-06 1.838153e-08 2.210690e-07
13.53          1.956431e-01 1.052324e-07 -1.829155e-02 1.956362e-01 8.962446e-08 -1.829175e-02 6.901795e-06 1.560795e-08 1.983851e-07
13.54          1.970902e-01 1.031375e-07 -1.823370e-02 1.970834e-01 8.932590e-08 -1.823392e-02 6.828242e-06 1.381160e-08 2.165651e-07
13.55          2.153288e-01 1.019417e-07 -1.971075e-02 2.153223e-01 8.780754e-08 -1.971102e-02 6.536004e-06 1.413418e-08 2.663966e-07
13.56          1.868381e-01 9.013116e-08 -1.692234e-02 1.868313e-01 7.885026e-08 -1.692256e-02 6.809259e-06 1.128090e-08 2.204227e-07
13.57          1.969589e-01 9.824007e-08 -1.764823e-02 1.969521e-01 8.839558e-08 -1.764848e-02 6.767623e-06 9.844493e-09 2.466029e-07
13.58          1.987019e-01 8.495335e-08 -1.761355e-02 1.986953e-01 7.651346e-08 -1.761382e-02 6.623631e-06 8.439893e-09 2.720093e-07
13.59          1.941840e-01 7.844604e-08 -1.702757e-02 1.941774e-01 7.149856e-08 -1.702786e-02 6.630341e-06 6.947470e-09 2.845797e-07
13.6           2.001728e-01 7.607294e-08 -1.736255e-02 2.001662e-01 7.173244e-08 -1.736283e-02 6.617575e-06 4.340501e-09 2.832470e-07
13.61          2.009481e-01 7.434987e-08 -1.724012e-02 2.009416e-01 7.146812e-08 -1.724039e-02 6.546344e-06 2.881749e-09 2.774706e-07
13.62          1.902345e-01 6.996124e-08 -1.614295e-02 1.902279e-01 6.949118e-08 -1.614321e-02 6.575100e-06 4.700592e-10 2.632165e-07
13.63          1.981321e-01 6.737234e-08 -1.662892e-02 1.981256e-01 6.907562e-08 -1.662920e-02 6.489772e-06 -1.703274e-09 2.838511e-07
13.64          1.967884e-01 5.966653e-08 -1.633478e-02 1.967821e-01 6.388930e-08 -1.633509e-02 6.370720e-06 -4.222777e-09 3.056703e-07
13.65          1.905421e-01 5.559070e-08 -1.564191e-02 1.905359e-01 6.083531e-08 -1.564224e-02 6.240797e-06 -5.244613e-09 3.327450e-07
13.66          1.872212e-01 5.502530e-08 -1.519941e-02 1.872149e-01 6.341975e-08 -1.519975e-02 6.262755e-06 -8.394445e-09 3.396550e-07
13.67          1.977894e-01 5.454417e-08 -1.587930e-02 1.977832e-01 6.471807e-08 -1.587968e-02 6.113597e-06 -1.017390e-08 3.774144e-07
13.68          1.837404e-01 4.706736e-08 -1.458809e-02 1.837342e-01 6.066136e-08 -1.458847e-02 6.177305e-06 -1.359400e-08 3.751922e-07
13.69          1.885019e-01 4.296715e-08 -1.479998e-02 1.884959e-01 5.769888e-08 -1.480039e-02 5.998908e-06 -1.473174e-08 4.116851e-07
13.7           1.688845e-01 3.276156e-08 -1.311345e-02 1.688783e-01 5.154648e-08 -1.311383e-02 6.210496e-06 -1.878492e-08 3.840205e-07
13.71          1.855968e-01 3.792074e-08 -1.425139e-02 1.855907e-01 5.784757e-08 -1.425180e-02 6.043229e-06 -1.992683e-08 4.109958e-07
13.72          1.799216e-01 3.421542e-08 -1.366376e-02 1.799155e-01 5.683765e-08 -1.366417e-02 6.017974e-06 -2.262223e-08 4.169847e-07
13.73          1.924369e-01 3.695097e-08 -1.445367e-02 1.924312e-01 6.013439e-08 -1.445414e-02 5.742446e-06 -2.318342e-08 4.645575e-07
13.74          1.717224e-01 2.586157e-08 -1.275724e-02 1.717166e-01 5.158826e-08 -1.275771e-02 5.752232e-06 -2.572669e-08 4.699960e-07
13.75          1.882788e-01 3.086994e-08 -1.383449e-02 1.882735e-01 5.740035e-08 -1.383500e-02 5.388251e-06 -2.653041e-08 5.083104e-07
13.76          1.755345e-01 2.385123e-08 -1.275877e-02 1.755291e-01 5.256739e-08 -1.275927e-02 5.448503e-06 -2.871616e-08 5.092137e-07
13.77          1.720432e-01 2.224453e-08 -1.237071e-02 1.720380e-01 5.127978e-08 -1.237126e-02 5.214274e-06 -2.903525e-08 5.546902e-07
13.78          1.751470e-01 2.134241e-08 -1.246030e-02 1.751419e-01 5.132330e-08 -1.246087e-02 5.132861e-06 -2.998089e-08 5.705165e-07
13.79          1.747511e-01 1.697671e-08 -1.230201e-02 1.747460e-01 4.855380e-08 -1.230261e-02 5.042568e-06 -3.157710e-08 5.996256e-07
13.8           1.685039e-01 1.431929e-08 -1.173945e-02 1.684988e-01 4.771475e-08 -1.174005e-02 5.034047e-06 -3.339546e-08 5.984676e-07
13.81          1.747051e-01 1.557804e-08 -1.204708e-02 1.747001e-01 4.997941e-08 -1.204769e-02 4.915657e-06 -3.440137e-08 6.176077e-07
13.82          1.731635e-01 1.370174e-08 -1.182069e-02 1.731586e-01 5.012087e-08 -1.182132e-02 4.861574e-06 -3.641913e-08 6.313637e-07
13.83          1.629097e-01 -2.456968e-10 -1.101031e-02 1.629048e-01 3.734075e-08 -1.101095e-02 4.898727e-06 -3.758645e-08 6.381041e-07
13.84          1.653164e-01 1.659940e-08 -1.106341e-02 1.653116e-01 5.614349e-08 -1.106406e-02 4.773392e-06 -3.954409e-08 6.490154e-07
13.85          1.614450e-01 7.566286e-09 -1.070067e-02 1.614403e-01 4.933008e-08 -1.070134e-02 4.721295e-06 -4.176380e-08 6.632588e-07
13.86          1.634655e-01 6.210293e-09 -1.073265e-02 1.634608e-01 4.987520e-08 -1.073333e-02 4.642284e-06 -4.366491e-08 6.756413e-07
13.87          1.709162e-01 9.182811e-09 -1.111847e-02 1.709118e-01 5.336511e-08 -1.111919e-02 4.423010e-06 -4.418230e-08 7.128148e-07
13.88          1.704482e-01 9.190314e-09 -1.098852e-02 1.704440e-01 5.396469e-08 -1.098927e-02 4.206139e-06 -4.477438e-08 7.523788e-07
13.89          1.636622e-01 5.509525e-09 -1.045898e-02 1.636582e-01 5.178789e-08 -1.045976e-02 4.091182e-06 -4.627837e-08 7.764832e-07
13.9           1.655222e-01 4.192702e-09 -1.048817e-02 1.655183e-01 5.197516e-08 -1.048897e-02 3.945111e-06 -4.778246e-08 8.014690e-07
13.91          1.603990e-01 2.824863e-09 -1.007983e-02 1.603951e-01 5.245830e-08 -1.008066e-02 3.861847e-06 -4.963344e-08 8.226536e-07
13.92          1.641689e-01 3.374687e-09 -1.023454e-02 1.641652e-01 5.391533e-08 -1.023540e-02 3.692525e-06 -5.054065e-08 8.586397e-07
13.93          1.559999e-01 -3.398348e-10 -9.650814e-03 1.559963e-01 5.240578e-08 -9.651699e-03 3.630492e-06 -5.274561e-08 8.849616e-07
13.94          1.614990e-01 5.153183e-10 -9.917248e-03 1.614955e-01 5.458793e-08 -9.918169e-03 3.488604e-06 -5.407261e-08 9.204844e-07
13.95          1.603679e-01 -9.362438e-10 -9.778418e-03 1.603646e-01 5.503865e-08 -9.779378e-03 3.342262e-06 -5.597490e-08 9.596694e-07
13.96          1.542935e-01 -4.425309e-09 -9.344567e-03 1.542902e-01 5.412740e-08 -9.345558e-03 3.276075e-06 -5.855271e-08 9.910299e-07
13.97          1.593246e-01 -3.431892e-09 -9.587421e-03 1.593214e-01 5.681200e-08 -9.588458e-03 3.142083e-06 -6.024390e-08 1.036737e-06
13.98          1.546853e-01 -4.375546e-09 -9.252005e-03 1.546823e-01 5.818952e-08 -9.253083e-03 3.045676e-06 -6.256507e-08 1.077868e-06
13.99          1.513001e-01 -6.896499e-09 -8.997889e-03 1.512971e-01 5.723254e-08 -8.998994e-03 3.003261e-06 -6.412904e-08 1.104539e-06
14             1.525148e-01 -5.163620e-09 -9.021918e-03 1.525119e-01 6.094370e-08 -9.023076e-03 2.898848e-06 -6.610732e-08 1.158082e-06
14.01          1.551373e-01 -3.811686e-09 -9.131623e-03 1.551346e-01 6.422061e-08 -9.132832e-03 2.777275e-06 -6.803230e-08 1.208186e-06
14.02          1.526121e-01 -4.602206e-09 -8.942067e-03 1.526094e-01 6.571610e-08 -8.943324e-03 2.701508e-06 -7.031831e-08 1.256272e-06
14.03          1.544476e-01 -5.816708e-09 -9.012064e-03 1.544449e-01 6.677811e-08 -9.013367e-03 2.629635e-06 -7.259482e-08 1.303388e-06
14.04          1.490122e-01 -1.734353e-09 -8.662372e-03 1.490096e-01 7.316901e-08 -8.663719e-03 2.553790e-06 -7.490337e-08 1.347315e-06
14.05          1.444774e-01 -9.733100e-09 -8.370887e-03 1.444749e-01 6.654458e-08 -8.372270e-03 2.521440e-06 -7.627768e-08 1.383495e-06
14.06          1.562241e-01 -4.488080e-09 -9.025252e-03 1.562217e-01 7.360930e-08 -9.026670e-03 2.451286e-06 -7.809738e-08 1.418135e-06
14.07          1.505162e-01 -8.598358e-09 -8.674327e-03 1.505138e-01 7.100759e-08 -8.675771e-03 2.416696e-06 -7.960594e-08 1.443805e-06
14.08          1.482581e-01 -9.726675e-09 -8.527259e-03 1.482557e-01 7.078318e-08 -8.528722e-03 2.385607e-06 -8.050985e-08 1.463486e-06
14.09          1.493170e-01 -5.191751e-09 -8.575069e-03 1.493147e-01 7.635284e-08 -8.576537e-03 2.352796e-06 -8.154459e-08 1.468578e-06
14.1           1.486382e-01 -7.907090e-09 -8.527132e-03 1.486358e-01 7.398882e-08 -8.528597e-03 2.374268e-06 -8.189591e-08 1.465413e-06
14.11          1.434472e-01 -8.334084e-09 -8.224563e-03 1.434448e-01 7.268822e-08 -8.226016e-03 2.382285e-06 -8.102230e-08 1.452909e-06
14.12          1.562668e-01 -7.430715e-09 -8.958387e-03 1.562643e-01 7.340851e-08 -8.959812e-03 2.475495e-06 -8.083922e-08 1.424875e-06
14.13          1.497352e-01 -3.896189e-09 -8.587300e-03 1.497327e-01 7.631124e-08 -8.588698e-03 2.505729e-06 -8.020743e-08 1.397613e-06
14.14          1.434387e-01 -4.456031e-09 -8.233442e-03 1.434361e-01 7.352383e-08 -8.234811e-03 2.517062e-06 -7.797987e-08 1.369189e-06
14.15          1.481035e-01 -2.197271e-09 -8.512698e-03 1.481008e-01 7.472468e-08 -8.514020e-03 2.639036e-06 -7.692195e-08 1.321929e-06
14.16          1.419716e-01 -1.728473e-10 -8.175455e-03 1.419690e-01 7.308321e-08 -8.176725e-03 2.666276e-06 -7.325606e-08 1.269552e-06
14.17          1.464270e-01 4.794956e-09 -8.451597e-03 1.464242e-01 7.517546e-08 -8.452812e-03 2.752005e-06 -7.038050e-08 1.215390e-06
14.18          1.418349e-01 1.281358e-08 -8.209882e-03 1.418321e-01 8.130407e-08 -8.211034e-03 2.792569e-06 -6.849049e-08 1.151804e-06
14.19          1.401997e-01 1.143344e-08 -8.142249e-03 1.401968e-01 7.627227e-08 -8.143333e-03 2.870132e-06 -6.483883e-08 1.083987e-06
14.2           1.494307e-01 1.384327e-08 -8.711078e-03 1.494276e-01 7.550974e-08 -8.712077e-03 3.059713e-06 -6.166647e-08 9.989184e-07
14.21          1.395946e-01 1.739621e-08 -8.172818e-03 1.395915e-01 7.446136e-08 -8.173737e-03 3.129846e-06 -5.706515e-08 9.192744e-07
14.22          1.459130e-01 1.760616e-08 -8.583222e-03 1.459097e-01 7.015269e-08 -8.584051e-03 3.318453e-06 -5.254653e-08 8.290132e-07
14.23          1.401944e-01 2.365207e-08 -8.290133e-03 1.401910e-01 7.126899e-08 -8.290868e-03 3.404417e-06 -4.761692e-08 7.352802e-07
14.24          1.431607e-01 2.655014e-08 -8.513537e-03 1.431570e-01 6.974615e-08 -8.514165e-03 3.635354e-06 -4.319601e-08 6.279892e-07
14.25          1.352785e-01 3.290440e-08 -8.094422e-03 1.352748e-01 7.129214e-08 -8.094952e-03 3.721936e-06 -3.838773e-08 5.304148e-07
14.26          1.386715e-01 3.678887e-08 -8.351946e-03 1.386677e-01 7.046330e-08 -8.352377e-03 3.844563e-06 -3.367443e-08 4.304079e-07
14.27          1.445962e-01 3.772014e-08 -8.769707e-03 1.445921e-01 6.704054e-08 -8.770034e-03 4.098866e-06 -2.932040e-08 3.271747e-07
14.28          1.350735e-01 4.302915e-08 -8.253575e-03 1.350694e-01 6.744756e-08 -8.253817e-03 4.161798e-06 -2.441841e-08 2.411726e-07
14.29          1.436568e-01 4.577911e-08 -8.846703e-03 1.436524e-01 6.691489e-08 -8.846838e-03 4.422608e-06 -2.113577e-08 1.353870e-07
14.3           1.310974e-01 4.886429e-08 -8.140557e-03 1.310930e-01 6.536494e-08 -8.140616e-03 4.448579e-06 -1.650065e-08 5.868631e-08
14.31          1.430992e-01 4.959479e-08 -8.962220e-03 1.430945e-01 6.251061e-08 -8.962180e-03 4.722803e-06 -1.291582e-08 -4.035399e-08
14.32          1.388107e-01 5.145446e-08 -8.772538e-03 1.388058e-01 6.185764e-08 -8.772404e-03 4.959808e-06 -1.040318e-08 -1.336127e-07
14.33          1.340379e-01 5.354457e-08 -8.550844e-03 1.340328e-01 5.914945e-08 -8.550649e-03 5.064587e-06 -5.604883e-09 -1.951348e-07
14.34          1.483006e-01 5.870237e-08 -9.552549e-03 1.482953e-01 6.241029e-08 -9.552266e-03 5.304109e-06 -3.707917e-09 -2.830014e-07
14.35          1.378083e-01 5.810822e-08 -8.967221e-03 1.378029e-01 5.842606e-08 -8.966868e-03 5.448455e-06 -3.178473e-10 -3.533442e-07
14.36          1.323151e-01 6.002640e-08 -8.700006e-03 1.323096e-01 5.831223e-08 -8.699594e-03 5.488732e-06 1.714172e-09 -4.122504e-07
14.37          1.416727e-01 6.034213e-08 -9.415299e-03 1.416670e-01 5.750441e-08 -9.414811e-03 5.719404e-06 2.837720e-09 -4.883410e-07
14.38          1.313990e-01 6.505484e-08 -8.829953e-03 1.313934e-01 5.967437e-08 -8.829418e-03 5.615399e-06 5.380469e-09 -5.350031e-07
14.39          1.331375e-01 6.024836e-08 -9.048321e-03 1.331316e-01 5.377622e-08 -9.047721e-03 5.842201e-06 6.472139e-09 -6.000248e-07
14.4           1.328927e-01 6.452030e-08 -9.137057e-03 1.328867e-01 5.614668e-08 -9.136392e-03 6.003636e-06 8.373615e-09 -6.643476e-07
14.41          1.241187e-01 6.352432e-08 -8.635855e-03 1.241127e-01 5.392737e-08 -8.635151e-03 6.022293e-06 9.596952e-09 -7.045648e-07
14.42          1.437676e-01 6.518043e-08 -1.012343e-02 1.437611e-01 5.570398e-08 -1.012264e-02 6.450561e-06 9.476457e-09 -7.813068e-07
14.43          1.337235e-01 6.905848e-08 -9.533362e-03 1.337170e-01 5.881007e-08 -9.532545e-03 6.498927e-06 1.024842e-08 -8.169923e-07
14.44          1.318455e-01 6.768677e-08 -9.518136e-03 1.318389e-01 5.642644e-08 -9.517273e-03 6.636436e-06 1.126033e-08 -8.633508e-07
14.45          1.239488e-01 6.611872e-08 -9.063052e-03 1.239422e-01 5.489628e-08 -9.062164e-03 6.626222e-06 1.122244e-08 -8.880200e-07
14.46          1.391992e-01 6.867895e-08 -1.030958e-02 1.391924e-01 5.759017e-08 -1.030864e-02 6.836219e-06 1.108878e-08 -9.318107e-07
14.47          1.294984e-01 6.835147e-08 -9.718278e-03 1.294916e-01 5.705194e-08 -9.717331e-03 6.801989e-06 1.129954e-08 -9.465974e-07
14.48          1.288091e-01 6.607480e-08 -9.795722e-03 1.288022e-01 5.508954e-08 -9.794764e-03 6.832307e-06 1.098526e-08 -9.577578e-07
14.49          1.318241e-01 6.827404e-08 -1.016056e-02 1.318170e-01 5.638682e-08 -1.015956e-02 7.027822e-06 1.188721e-08 -1.002698e-06
14.5           1.235129e-01 6.576662e-08 -9.650448e-03 1.235059e-01 5.463429e-08 -9.649430e-03 6.999363e-06 1.113233e-08 -1.018052e-06
14.51          1.309837e-01 6.937790e-08 -1.037499e-02 1.309765e-01 5.861989e-08 -1.037392e-02 7.163683e-06 1.075801e-08 -1.066019e-06
14.52          1.226155e-01 6.530136e-08 -9.847599e-03 1.226083e-01 5.551888e-08 -9.846524e-03 7.146863e-06 9.782476e-09 -1.075080e-06
14.53          1.371951e-01 6.744893e-08 -1.117218e-02 1.371876e-01 5.873805e-08 -1.117105e-02 7.460806e-06 8.710883e-09 -1.128051e-06
14.54          1.242424e-01 6.466946e-08 -1.026093e-02 1.242350e-01 5.664397e-08 -1.025979e-02 7.476547e-06 8.025484e-09 -1.146202e-06
14.55          1.317614e-01 6.537147e-08 -1.103574e-02 1.317538e-01 5.824137e-08 -1.103457e-02 7.640743e-06 7.130099e-09 -1.177799e-06
14.56          1.215254e-01 6.375527e-08 -1.032407e-02 1.215179e-01 5.732115e-08 -1.032290e-02 7.519508e-06 6.434120e-09 -1.170171e-06
14.57          1.324820e-01 6.453464e-08 -1.141538e-02 1.324743e-01 5.900582e-08 -1.141417e-02 7.727814e-06 5.528813e-09 -1.207750e-06
14.58          1.277859e-01 6.641440e-08 -1.116917e-02 1.277781e-01 5.971669e-08 -1.116794e-02 7.801169e-06 6.697710e-09 -1.232158e-06
14.59          1.177664e-01 6.151914e-08 -1.044202e-02 1.177588e-01 5.611681e-08 -1.044080e-02 7.643359e-06 5.402328e-09 -1.220470e-06
14.6           1.320061e-01 6.302798e-08 -1.187257e-02 1.319983e-01 5.894968e-08 -1.187131e-02 7.798779e-06 4.078299e-09 -1.253119e-06
14.61          1.222333e-01 6.057864e-08 -1.115281e-02 1.222256e-01 5.755560e-08 -1.115155e-02 7.722908e-06 3.023043e-09 -1.253106e-06
14.62          1.284043e-01 5.517513e-08 -1.188482e-02 1.283966e-01 5.208467e-08 -1.188356e-02 7.764307e-06 3.090465e-09 -1.266401e-06
14.63          1.212150e-01 6.008310e-08 -1.138190e-02 1.212073e-01 5.782699e-08 -1.138063e-02 7.677846e-06 2.256111e-09 -1.267571e-06
14.64          1.327488e-01 6.277477e-08 -1.264430e-02 1.327409e-01 6.110734e-08 -1.264300e-02 7.860873e-06 1.667427e-09 -1.304683e-06
14.65          1.290220e-01 6.296054e-08 -1.246691e-02 1.290140e-01 6.190345e-08 -1.246557e-02 7.959581e-06 1.057090e-09 -1.338307e-06
14.66          1.193181e-01 5.772816e-08 -1.169555e-02 1.193103e-01 5.729470e-08 -1.169422e-02 7.807656e-06 4.334563e-10 -1.326548e-06
14.67          1.346388e-01 6.317743e-08 -1.338606e-02 1.346309e-01 6.268804e-08 -1.338471e-02 7.915385e-06 4.893825e-10 -1.354250e-06
14.68          1.310232e-01 6.244484e-08 -1.321329e-02 1.310152e-01 6.206969e-08 -1.321191e-02 7.986115e-06 3.751483e-10 -1.377274e-06
14.69          1.385712e-01 6.331691e-08 -1.417341e-02 1.385630e-01 6.345311e-08 -1.417199e-02 8.178619e-06 -1.362022e-10 -1.420701e-06
14.7           1.290036e-01 6.230769e-08 -1.338280e-02 1.289955e-01 6.203392e-08 -1.338138e-02 8.079123e-06 2.737732e-10 -1.418617e-06
14.71          1.180909e-01 5.819932e-08 -1.242446e-02 1.180831e-01 5.807514e-08 -1.242308e-02 7.810095e-06 1.241754e-10 -1.382379e-06
14.72          1.300490e-01 5.982718e-08 -1.387436e-02 1.300411e-01 5.982629e-08 -1.387296e-02 7.932013e-06 8.921776e-13 -1.404917e-06
14.73          1.389042e-01 6.331246e-08 -1.502609e-02 1.388962e-01 6.360460e-08 -1.502466e-02 8.034460e-06 -2.921392e-10 -1.431588e-06
14.74          1.250868e-01 5.921736e-08 -1.372015e-02 1.250789e-01 6.010461e-08 -1.371874e-02 7.892490e-06 -8.872448e-10 -1.415097e-06
14.75          1.377349e-01 6.315483e-08 -1.531566e-02 1.377269e-01 6.412963e-08 -1.531422e-02 8.005341e-06 -9.747911e-10 -1.440825e-06
14.76          1.302816e-01 6.650875e-08 -1.468656e-02 1.302737e-01 6.485402e-08 -1.468511e-02 7.889863e-06 1.654725e-09 -1.451688e-06
14.77          1.178088e-01 5.776206e-08 -1.346214e-02 1.178012e-01 5.663490e-08 -1.346073e-02 7.608886e-06 1.127163e-09 -1.408591e-06
14.78          1.302627e-01 6.065768e-08 -1.508610e-02 1.302551e-01 6.058980e-08 -1.508469e-02 7.585406e-06 6.788526e-11 -1.413216e-06
14.79          1.253926e-01 5.719994e-08 -1.471753e-02 1.253851e-01 5.849937e-08 -1.471614e-02 7.479739e-06 -1.299432e-09 -1.399859e-06
14.8           1.334212e-01 5.852143e-08 -1.586834e-02 1.334137e-01 6.162960e-08 -1.586695e-02 7.501649e-06 -3.108170e-09 -1.395923e-06
14.81          1.217183e-01 5.712945e-08 -1.466866e-02 1.217111e-01 5.902811e-08 -1.466731e-02 7.244709e-06 -1.898658e-09 -1.352776e-06
14.82          1.310221e-01 6.183631e-08 -1.599634e-02 1.310148e-01 6.198575e-08 -1.599498e-02 7.304422e-06 -1.494457e-10 -1.365482e-06
14.83          1.182366e-01 5.637266e-08 -1.462340e-02 1.182295e-01 5.624554e-08 -1.462207e-02 7.090253e-06 1.271217e-10 -1.335944e-06
14.84          1.283888e-01 5.684978e-08 -1.608254e-02 1.283817e-01 5.775701e-08 -1.608120e-02 7.081000e-06 -9.072276e-10 -1.330463e-06
14.85          1.391494e-01 6.852329e-08 -1.765202e-02 1.391423e-01 6.627499e-08 -1.765067e-02 7.176187e-06 2.248295e-09 -1.347610e-06
14.86          1.238626e-01 6.052073e-08 -1.591117e-02 1.238556e-01 5.854300e-08 -1.590985e-02 6.974784e-06 1.977732e-09 -1.320773e-06
14.87          1.398900e-01 6.550279e-08 -1.819272e-02 1.398828e-01 6.357984e-08 -1.819137e-02 7.145662e-06 1.922946e-09 -1.358205e-06
14.88          1.294632e-01 6.834549e-08 -1.704437e-02 1.294562e-01 6.889729e-08 -1.704302e-02 7.031153e-06 -5.517966e-10 -1.351642e-06
14.89          1.411757e-01 6.777080e-08 -1.881203e-02 1.411686e-01 6.756282e-08 -1.881067e-02 7.070793e-06 2.079808e-10 -1.359652e-06
14.9           1.465247e-01 6.728404e-08 -1.975953e-02 1.465175e-01 6.866361e-08 -1.975813e-02 7.228091e-06 -1.379572e-09 -1.409156e-06
14.91          1.273644e-01 6.349281e-08 -1.738057e-02 1.273575e-01 6.084246e-08 -1.737919e-02 6.924886e-06 2.650357e-09 -1.370754e-06
14.92          1.464128e-01 7.025663e-08 -2.021375e-02 1.464059e-01 6.741790e-08 -2.021238e-02 6.873558e-06 2.838727e-09 -1.368397e-06
14.93          1.249943e-01 6.222932e-08 -1.745803e-02 1.249878e-01 5.909449e-08 -1.745672e-02 6.514588e-06 3.134830e-09 -1.304760e-06
14.94          1.459287e-01 6.940174e-08 -2.061428e-02 1.459221e-01 6.607721e-08 -2.061296e-02 6.586687e-06 3.324522e-09 -1.322291e-06
14.95          1.460457e-01 6.923690e-08 -2.086390e-02 1.460392e-01 6.494693e-08 -2.086258e-02 6.509061e-06 4.289979e-09 -1.311442e-06
14.96          1.329337e-01 6.475809e-08 -1.920241e-02 1.329274e-01 6.087302e-08 -1.920114e-02 6.294464e-06 3.885070e-09 -1.272227e-06
14.97          1.415142e-01 6.647970e-08 -2.066511e-02 1.415080e-01 6.306970e-08 -2.066389e-02 6.167809e-06 3.410000e-09 -1.220090e-06
14.98          1.477637e-01 6.801137e-08 -2.181041e-02 1.477575e-01 6.355195e-08 -2.180918e-02 6.183653e-06 4.459420e-09 -1.228598e-06
14.99          1.466963e-01 7.067379e-08 -2.188263e-02 1.466900e-01 6.607387e-08 -2.188138e-02 6.233563e-06 4.599916e-09 -1.256846e-06
15             1.364816e-01 6.473048e-08 -2.057188e-02 1.364755e-01 5.683399e-08 -2.057062e-02 6.134827e-06 7.896498e-09 -1.255740e-06
15.01          1.443373e-01 7.322558e-08 -2.197882e-02 1.443312e-01 6.571023e-08 -2.197756e-02 6.101834e-06 7.515350e-09 -1.263529e-06
15.02          1.535743e-01 7.559266e-08 -2.362082e-02 1.535681e-01 6.901458e-08 -2.361952e-02 6.206777e-06 6.578080e-09 -1.291368e-06
15.03          1.484586e-01 7.335621e-08 -2.306069e-02 1.484525e-01 6.712257e-08 -2.305939e-02 6.174850e-06 6.233640e-09 -1.294812e-06
15.04          1.501788e-01 7.169843e-08 -2.355522e-02 1.501727e-01 6.558454e-08 -2.355393e-02 6.089074e-06 6.113891e-09 -1.284106e-06
15.05          1.373132e-01 6.762655e-08 -2.174403e-02 1.373074e-01 6.216246e-08 -2.174281e-02 5.788727e-06 5.464084e-09 -1.221347e-06
15.06          1.598773e-01 7.578826e-08 -2.555387e-02 1.598715e-01 7.001773e-08 -2.555265e-02 5.806025e-06 5.770536e-09 -1.225326e-06
15.07          1.466142e-01 6.936865e-08 -2.364987e-02 1.466086e-01 6.357281e-08 -2.364869e-02 5.636743e-06 5.795841e-09 -1.185879e-06
15.08          1.369427e-01 7.197187e-08 -2.228890e-02 1.369371e-01 6.643317e-08 -2.228773e-02 5.572970e-06 5.538697e-09 -1.176376e-06
15.09          1.640991e-01 7.464594e-08 -2.694400e-02 1.640937e-01 6.829830e-08 -2.694287e-02 5.345044e-06 6.347639e-09 -1.122497e-06
15.1           1.357815e-01 6.761847e-08 -2.248812e-02 1.357763e-01 6.213892e-08 -2.248702e-02 5.215416e-06 5.479543e-09 -1.101962e-06
15.11          1.736315e-01 7.998546e-08 -2.899945e-02 1.736264e-01 7.355754e-08 -2.899840e-02 5.072451e-06 6.427914e-09 -1.052576e-06
15.12          1.369395e-01 7.167561e-08 -2.306164e-02 1.369345e-01 6.504687e-08 -2.306061e-02 4.979228e-06 6.628739e-09 -1.035777e-06
15.13          1.577693e-01 7.568798e-08 -2.678450e-02 1.577647e-01 6.898957e-08 -2.678356e-02 4.594940e-06 6.698411e-09 -9.389104e-07
15.14          1.387223e-01 7.093051e-08 -2.373744e-02 1.387177e-01 6.357959e-08 -2.373650e-02 4.589870e-06 7.350916e-09 -9.348290e-07
15.15          1.638635e-01 8.047693e-08 -2.825556e-02 1.638592e-01 7.347076e-08 -2.825470e-02 4.323524e-06 7.006168e-09 -8.633392e-07
15.16          1.255015e-01 6.400586e-08 -2.180413e-02 1.254972e-01 5.673709e-08 -2.180327e-02 4.310947e-06 7.268768e-09 -8.614174e-07
15.17          1.922110e-01 9.250466e-08 -3.363679e-02 1.922067e-01 8.520279e-08 -3.363595e-02 4.275928e-06 7.301864e-09 -8.333212e-07
15.18          1.679750e-01 8.233352e-08 -2.960544e-02 1.679708e-01 7.483820e-08 -2.960463e-02 4.208455e-06 7.495322e-09 -8.109960e-07
15.19          1.536807e-01 7.576261e-08 -2.727379e-02 1.536767e-01 6.849607e-08 -2.727304e-02 4.013881e-06 7.266533e-09 -7.567750e-07
15.2           1.638391e-01 8.013456e-08 -2.927122e-02 1.638351e-01 7.333989e-08 -2.927048e-02 3.969525e-06 6.794674e-09 -7.385804e-07
15.21          1.737792e-01 8.646954e-08 -3.124887e-02 1.737752e-01 7.876732e-08 -3.124814e-02 3.988122e-06 7.702216e-09 -7.378865e-07
15.22          1.613844e-01 8.037832e-08 -2.920329e-02 1.613806e-01 7.288472e-08 -2.920259e-02 3.841895e-06 7.493596e-09 -6.972713e-07
15.23          1.690718e-01 8.605651e-08 -3.078033e-02 1.690679e-01 7.733126e-08 -3.077963e-02 3.860104e-06 8.725243e-09 -6.924850e-07
15.24          1.670143e-01 8.292386e-08 -3.058479e-02 1.670106e-01 7.466272e-08 -3.058413e-02 3.754059e-06 8.261141e-09 -6.627762e-07
15.25          1.665847e-01 8.208053e-08 -3.067966e-02 1.665811e-01 7.400597e-08 -3.067904e-02 3.620027e-06 8.074568e-09 -6.237837e-07
15.26          1.688384e-01 8.138087e-08 -3.126525e-02 1.688349e-01 7.412593e-08 -3.126466e-02 3.492435e-06 7.254937e-09 -5.808126e-07
15.27          1.710365e-01 8.390197e-08 -3.183949e-02 1.710331e-01 7.585780e-08 -3.183895e-02 3.417516e-06 8.044175e-09 -5.451955e-07
15.28          1.751601e-01 8.614614e-08 -3.277250e-02 1.751568e-01 7.793695e-08 -3.277199e-02 3.332250e-06 8.209192e-09 -5.132925e-07
15.29          1.776355e-01 8.882162e-08 -3.339758e-02 1.776322e-01 7.955955e-08 -3.339709e-02 3.281451e-06 9.262066e-09 -4.885971e-07
15.3           1.747066e-01 9.117502e-08 -3.300039e-02 1.747034e-01 7.872452e-08 -3.299996e-02 3.180250e-06 1.245050e-08 -4.272782e-07
15.31          1.776641e-01 9.150840e-08 -3.370862e-02 1.776610e-01 7.876662e-08 -3.370822e-02 3.093209e-06 1.274178e-08 -3.970571e-07
15.32          1.732529e-01 9.025494e-08 -3.301151e-02 1.732500e-01 7.653602e-08 -3.301118e-02 2.905727e-06 1.371893e-08 -3.274439e-07
15.33          1.787164e-01 9.429967e-08 -3.418962e-02 1.787135e-01 7.950851e-08 -3.418931e-02 2.897381e-06 1.479116e-08 -3.086015e-07
15.34          1.752403e-01 9.079091e-08 -3.365308e-02 1.752376e-01 7.655141e-08 -3.365283e-02 2.717430e-06 1.423950e-08 -2.420740e-07
15.35          1.756653e-01 9.218449e-08 -3.385622e-02 1.756626e-01 7.699879e-08 -3.385600e-02 2.711245e-06 1.518571e-08 -2.251222e-07
15.36          1.708083e-01 8.932377e-08 -3.303230e-02 1.708058e-01 7.484814e-08 -3.303215e-02 2.505361e-06 1.447563e-08 -1.451264e-07
15.37          1.908994e-01 1.006646e-07 -3.703466e-02 1.908969e-01 8.466155e-08 -3.703454e-02 2.509550e-06 1.600310e-08 -1.236612e-07
15.38          1.834110e-01 9.855002e-08 -3.568803e-02 1.834086e-01 8.194771e-08 -3.568795e-02 2.428155e-06 1.660231e-08 -7.447988e-08
15.39          1.836481e-01 9.987844e-08 -3.583282e-02 1.836458e-01 8.202238e-08 -3.583278e-02 2.371539e-06 1.785607e-08 -3.157570e-08
15.4           1.809306e-01 9.924307e-08 -3.539249e-02 1.809282e-01 8.067966e-08 -3.539250e-02 2.317891e-06 1.856341e-08 8.950641e-09
15.41          1.989587e-01 1.085254e-07 -3.900932e-02 1.989565e-01 8.845956e-08 -3.900938e-02 2.260051e-06 2.006579e-08 5.472698e-08
15.42          1.908376e-01 1.079720e-07 -3.749596e-02 1.908354e-01 8.570283e-08 -3.749606e-02 2.217458e-06 2.226912e-08 9.906986e-08
15.43          1.967524e-01 1.152295e-07 -3.873145e-02 1.967503e-01 8.980036e-08 -3.873158e-02 2.153485e-06 2.542916e-08 1.370308e-07
15.44          1.829747e-01 1.100724e-07 -3.607965e-02 1.829726e-01 8.234918e-08 -3.607985e-02 2.090395e-06 2.772319e-08 1.984802e-07
15.45          1.942573e-01 1.189390e-07 -3.835985e-02 1.942552e-01 8.822696e-08 -3.836010e-02 2.059754e-06 3.071201e-08 2.447370e-07
15.46          1.910038e-01 1.190328e-07 -3.776429e-02 1.910018e-01 8.563567e-08 -3.776459e-02 2.022877e-06 3.339713e-08 2.945737e-07
15.47          1.849685e-01 1.222832e-07 -3.660847e-02 1.849666e-01 8.621267e-08 -3.660882e-02 1.984926e-06 3.607057e-08 3.481517e-07
15.48          1.936725e-01 1.270452e-07 -3.836156e-02 1.936706e-01 8.760935e-08 -3.836195e-02 1.955445e-06 3.943580e-08 3.892007e-07
15.49          1.869121e-01 1.317229e-07 -3.704421e-02 1.869101e-01 8.926960e-08 -3.704464e-02 1.943655e-06 4.245334e-08 4.288626e-07
15.5           1.954262e-01 1.369573e-07 -3.874539e-02 1.954243e-01 9.170067e-08 -3.874585e-02 1.928289e-06 4.525666e-08 4.638113e-07
15.51          1.907552e-01 1.409290e-07 -3.782463e-02 1.907533e-01 9.315387e-08 -3.782512e-02 1.938380e-06 4.777517e-08 4.922559e-07
15.52          1.977029e-01 1.442025e-07 -3.919874e-02 1.977010e-01 9.370946e-08 -3.919925e-02 1.930909e-06 5.049305e-08 5.181423e-07
15.53          1.994276e-01 1.482844e-07 -3.952844e-02 1.994257e-01 9.511649e-08 -3.952897e-02 1.932578e-06 5.316793e-08 5.343029e-07
15.54          1.928721e-01 1.540104e-07 -3.820887e-02 1.928701e-01 9.905668e-08 -3.820942e-02 1.998139e-06 5.495377e-08 5.476270e-07
15.55          1.994651e-01 1.567129e-07 -3.948495e-02 1.994631e-01 9.935341e-08 -3.948551e-02 2.015032e-06 5.735947e-08 5.659020e-07
15.56          1.950784e-01 1.615102e-07 -3.857854e-02 1.950764e-01 1.023270e-07 -3.857910e-02 2.068026e-06 5.918316e-08 5.632612e-07
15.57          1.970052e-01 1.637858e-07 -3.891217e-02 1.970031e-01 1.029284e-07 -3.891273e-02 2.117253e-06 6.085730e-08 5.631538e-07
15.58          2.054644e-01 1.670292e-07 -4.052437e-02 2.054623e-01 1.043513e-07 -4.052492e-02 2.137440e-06 6.267786e-08 5.559765e-07
15.59          1.987737e-01 1.732437e-07 -3.913951e-02 1.987715e-01 1.091437e-07 -3.914005e-02 2.222773e-06 6.409996e-08 5.411128e-07
15.6           2.057911e-01 1.744769e-07 -4.044405e-02 2.057888e-01 1.093323e-07 -4.044457e-02 2.282345e-06 6.514456e-08 5.217729e-07
15.61          1.979059e-01 1.809950e-07 -3.881173e-02 1.979035e-01 1.146551e-07 -3.881222e-02 2.461810e-06 6.633989e-08 4.921147e-07
15.62          2.036247e-01 1.851547e-07 -3.983878e-02 2.036221e-01 1.178643e-07 -3.983925e-02 2.577609e-06 6.729047e-08 4.674304e-07
15.63          2.077877e-01 1.839782e-07 -4.054788e-02 2.077851e-01 1.153320e-07 -4.054832e-02 2.674606e-06 6.864620e-08 4.435678e-07
15.64          2.059805e-01 1.916799e-07 -4.008190e-02 2.059776e-01 1.224751e-07 -4.008231e-02 2.848124e-06 6.920481e-08 4.085650e-07
15.65          2.045684e-01 1.957500e-07 -3.968599e-02 2.045654e-01 1.265159e-07 -3.968635e-02 3.007407e-06 6.923409e-08 3.609032e-07
15.66          2.207911e-01 1.808033e-07 -4.269235e-02 2.207882e-01 1.107104e-07 -4.269270e-02 2.934617e-06 7.009291e-08 3.502843e-07
15.67          2.154412e-01 1.938005e-07 -4.151160e-02 2.154381e-01 1.236301e-07 -4.151191e-02 3.087233e-06 7.017045e-08 3.090841e-07
15.68          2.135667e-01 2.020688e-07 -4.099617e-02 2.135633e-01 1.322518e-07 -4.099643e-02 3.323741e-06 6.981698e-08 2.528723e-07
15.69          2.107154e-01 2.022693e-07 -4.028760e-02 2.107119e-01 1.327816e-07 -4.028781e-02 3.535509e-06 6.948762e-08 2.094229e-07
15.7           2.132354e-01 1.982155e-07 -4.059688e-02 2.132318e-01 1.291023e-07 -4.059705e-02 3.643294e-06 6.911327e-08 1.729259e-07
15.71          2.066941e-01 2.085597e-07 -3.917565e-02 2.066901e-01 1.399541e-07 -3.917577e-02 3.969368e-06 6.860566e-08 1.111672e-07
15.72          2.180094e-01 2.055055e-07 -4.112512e-02 2.180053e-01 1.380339e-07 -4.112522e-02 4.026584e-06 6.747169e-08 9.874303e-08
15.73          2.200019e-01 2.080761e-07 -4.129542e-02 2.199976e-01 1.417571e-07 -4.129547e-02 4.287389e-06 6.631896e-08 4.561917e-08
15.74          2.279354e-01 2.093108e-07 -4.256217e-02 2.279310e-01 1.448589e-07 -4.256220e-02 4.360124e-06 6.445196e-08 2.972841e-08
15.75          2.192026e-01 2.042218e-07 -4.070905e-02 2.191980e-01 1.410934e-07 -4.070903e-02 4.644500e-06 6.312834e-08 -2.210696e-08
15.76          2.132443e-01 2.001359e-07 -3.937747e-02 2.132395e-01 1.377189e-07 -3.937742e-02 4.814386e-06 6.241707e-08 -5.418983e-08
15.77          2.182920e-01 2.042669e-07 -4.007035e-02 2.182869e-01 1.430654e-07 -4.007025e-02 5.058825e-06 6.120146e-08 -9.779350e-08
15.78          2.171045e-01 2.026307e-07 -3.960585e-02 2.170992e-01 1.425180e-07 -3.960572e-02 5.295023e-06 6.011275e-08 -1.276101e-07
15.79          2.194028e-01 2.031050e-07 -3.976745e-02 2.193973e-01 1.440332e-07 -3.976728e-02 5.538065e-06 5.907181e-08 -1.702056e-07
15.8           2.372023e-01 1.958552e-07 -4.270537e-02 2.371968e-01 1.379497e-07 -4.270521e-02 5.488823e-06 5.790545e-08 -1.542981e-07
15.81          2.195747e-01 1.997340e-07 -3.925730e-02 2.195689e-01 1.427179e-07 -3.925709e-02 5.844286e-06 5.701605e-08 -2.178715e-07
15.82          2.311328e-01 1.957730e-07 -4.102591e-02 2.311268e-01 1.396458e-07 -4.102568e-02 6.036846e-06 5.612728e-08 -2.300175e-07
15.83          2.207475e-01 1.978179e-07 -3.889066e-02 2.207411e-01 1.426947e-07 -3.889037e-02 6.424499e-06 5.512322e-08 -2.948660e-07
15.84          2.267026e-01 1.983172e-07 -3.963205e-02 2.266958e-01 1.451535e-07 -3.963171e-02 6.769841e-06 5.316373e-08 -3.467472e-07
15.85          2.243203e-01 1.914473e-07 -3.890344e-02 2.243134e-01 1.389160e-07 -3.890308e-02 6.867875e-06 5.253139e-08 -3.593164e-07
15.86          2.360350e-01 1.960400e-07 -4.059824e-02 2.360278e-01 1.454656e-07 -4.059784e-02 7.134905e-06 5.057438e-08 -3.997272e-07
15.87          2.298150e-01 1.911667e-07 -3.919277e-02 2.298076e-01 1.414654e-07 -3.919233e-02 7.372729e-06 4.970133e-08 -4.350565e-07
15.88          2.252291e-01 1.825647e-07 -3.807478e-02 2.252216e-01 1.341655e-07 -3.807432e-02 7.547861e-06 4.839921e-08 -4.642313e-07
15.89          2.346802e-01 1.907868e-07 -3.931451e-02 2.346725e-01 1.430666e-07 -3.931401e-02 7.744280e-06 4.772021e-08 -5.007190e-07
15.9           2.671505e-01 1.997331e-07 -4.433788e-02 2.671430e-01 1.517183e-07 -4.433740e-02 7.536020e-06 4.801485e-08 -4.713688e-07
15.91          2.608579e-01 1.909343e-07 -4.288017e-02 2.608504e-01 1.444159e-07 -4.287972e-02 7.477746e-06 4.651840e-08 -4.514106e-07
15.92          2.422384e-01 1.867998e-07 -3.942866e-02 2.422307e-01 1.425957e-07 -3.942817e-02 7.778461e-06 4.420412e-08 -4.903061e-07
15.93          2.444104e-01 1.940922e-07 -3.938059e-02 2.444023e-01 1.510599e-07 -3.938004e-02 8.047544e-06 4.303229e-08 -5.538596e-07
15.94          2.281860e-01 1.860977e-07 -3.638532e-02 2.281775e-01 1.443436e-07 -3.638467e-02 8.548673e-06 4.175416e-08 -6.485230e-07
15.95          2.221925e-01 1.857036e-07 -3.505213e-02 2.221835e-01 1.450481e-07 -3.505137e-02 9.055633e-06 4.065555e-08 -7.551106e-07
15.96          2.423531e-01 1.794435e-07 -3.781373e-02 2.423441e-01 1.384624e-07 -3.781298e-02 9.047933e-06 4.098108e-08 -7.460061e-07
15.97          2.645638e-01 1.834316e-07 -4.081510e-02 2.645550e-01 1.435529e-07 -4.081441e-02 8.815180e-06 3.987871e-08 -6.877037e-07
15.98          2.360973e-01 1.954566e-07 -3.600453e-02 2.360882e-01 1.571423e-07 -3.600380e-02 9.103066e-06 3.831431e-08 -7.340413e-07
15.99          2.532043e-01 1.822753e-07 -3.815740e-02 2.531951e-01 1.452840e-07 -3.815664e-02 9.233490e-06 3.699138e-08 -7.614298e-07
16             2.485436e-01 1.799427e-07 -3.700278e-02 2.485342e-01 1.442255e-07 -3.700197e-02 9.482283e-06 3.571721e-08 -8.077520e-07
16.01          2.503722e-01 1.773291e-07 -3.681381e-02 2.503626e-01 1.421900e-07 -3.681299e-02 9.665061e-06 3.513914e-08 -8.279112e-07
16.02          2.404407e-01 1.765658e-07 -3.490528e-02 2.404306e-01 1.430557e-07 -3.490441e-02 1.007070e-05 3.351012e-08 -8.743061e-07
16.03          2.728832e-01 1.748871e-07 -3.909968e-02 2.728734e-01 1.427667e-07 -3.909889e-02 9.825479e-06 3.212040e-08 -7.966147e-07
16.04          2.536860e-01 1.703284e-07 -3.586637e-02 2.536758e-01 1.391706e-07 -3.586555e-02 1.016860e-05 3.115785e-08 -8.269352e-07
16.05          2.366120e-01 1.659773e-07 -3.299820e-02 2.366014e-01 1.351085e-07 -3.299730e-02 1.057598e-05 3.086881e-08 -8.989975e-07
16.06          2.635413e-01 1.724906e-07 -3.624184e-02 2.635308e-01 1.414476e-07 -3.624095e-02 1.049483e-05 3.104306e-08 -8.834151e-07
16.07          2.470312e-01 1.737875e-07 -3.348778e-02 2.470204e-01 1.455940e-07 -3.348685e-02 1.074419e-05 2.819352e-08 -9.280872e-07
16.08          2.553210e-01 1.677303e-07 -3.410718e-02 2.553103e-01 1.395154e-07 -3.410626e-02 1.066935e-05 2.821490e-08 -9.134255e-07
16.09          2.506609e-01 1.483241e-07 -3.298609e-02 2.506501e-01 1.191736e-07 -3.298519e-02 1.073479e-05 2.915051e-08 -8.952380e-07
16.1           2.996745e-01 1.701339e-07 -3.883380e-02 2.996643e-01 1.412234e-07 -3.883303e-02 1.018685e-05 2.891048e-08 -7.680119e-07
16.11          2.438720e-01 1.613709e-07 -3.111232e-02 2.438612e-01 1.345276e-07 -3.111148e-02 1.088425e-05 2.684334e-08 -8.457221e-07
16.12          2.696686e-01 1.572718e-07 -3.385557e-02 2.696578e-01 1.317766e-07 -3.385478e-02 1.072751e-05 2.549517e-08 -7.883963e-07
16.13          2.561075e-01 1.541809e-07 -3.163141e-02 2.560964e-01 1.303914e-07 -3.163059e-02 1.104558e-05 2.378951e-08 -8.181897e-07
16.14          2.530161e-01 1.512835e-07 -3.073169e-02 2.530048e-01 1.299577e-07 -3.073086e-02 1.134996e-05 2.132586e-08 -8.282062e-07
16.15          2.438581e-01 1.437683e-07 -2.911824e-02 2.438464e-01 1.233739e-07 -2.911733e-02 1.168409e-05 2.039432e-08 -9.070951e-07
16.16          2.571470e-01 1.457265e-07 -3.017367e-02 2.571354e-01 1.256883e-07 -3.017277e-02 1.159536e-05 2.003811e-08 -8.970906e-07
16.17          2.712754e-01 1.417249e-07 -3.126848e-02 2.712642e-01 1.224723e-07 -3.126770e-02 1.122541e-05 1.925260e-08 -7.857076e-07
16.18          2.399130e-01 1.396709e-07 -2.715607e-02 2.399010e-01 1.214822e-07 -2.715520e-02 1.196491e-05 1.818866e-08 -8.768156e-07
16.19          2.754399e-01 1.425910e-07 -3.060248e-02 2.754283e-01 1.250046e-07 -3.060168e-02 1.152932e-05 1.758646e-08 -7.966511e-07
16.2           2.600737e-01 1.396987e-07 -2.835249e-02 2.600620e-01 1.236030e-07 -2.835170e-02 1.165840e-05 1.609568e-08 -7.915649e-07
16.21          2.607453e-01 1.373058e-07 -2.788037e-02 2.607338e-01 1.208503e-07 -2.787959e-02 1.155280e-05 1.645552e-08 -7.739642e-07
16.22          2.489562e-01 1.347078e-07 -2.609884e-02 2.489444e-01 1.190273e-07 -2.609807e-02 1.178053e-05 1.568050e-08 -7.740175e-07
16.23          2.629610e-01 1.324481e-07 -2.701615e-02 2.629495e-01 1.173594e-07 -2.701542e-02 1.152716e-05 1.508864e-08 -7.245028e-07
16.24          2.546969e-01 1.309515e-07 -2.563467e-02 2.546852e-01 1.164764e-07 -2.563393e-02 1.169851e-05 1.447511e-08 -7.426570e-07
16.25          2.656139e-01 1.376205e-07 -2.617762e-02 2.656023e-01 1.233982e-07 -2.617689e-02 1.159106e-05 1.422233e-08 -7.352530e-07
16.26          2.560238e-01 1.316970e-07 -2.469752e-02 2.560122e-01 1.176279e-07 -2.469681e-02 1.155233e-05 1.406909e-08 -7.061626e-07
16.27          2.501183e-01 1.305271e-07 -2.360570e-02 2.501067e-01 1.179180e-07 -2.360501e-02 1.159176e-05 1.260912e-08 -6.880844e-07
16.28          2.681589e-01 1.366710e-07 -2.474909e-02 2.681476e-01 1.241811e-07 -2.474843e-02 1.134566e-05 1.248990e-08 -6.521477e-07
16.29          2.519110e-01 1.386173e-07 -2.272645e-02 2.518997e-01 1.269888e-07 -2.272584e-02 1.129091e-05 1.162851e-08 -6.079122e-07
16.3           2.327144e-01 1.281700e-07 -2.051270e-02 2.327028e-01 1.178921e-07 -2.051205e-02 1.153520e-05 1.027792e-08 -6.446820e-07
16.31          2.488454e-01 1.324882e-07 -2.142053e-02 2.488338e-01 1.217441e-07 -2.141987e-02 1.160699e-05 1.074411e-08 -6.646753e-07
16.32          2.426423e-01 1.307873e-07 -2.038782e-02 2.426309e-01 1.191127e-07 -2.038720e-02 1.141436e-05 1.167469e-08 -6.204860e-07
16.33          2.516760e-01 1.596918e-07 -2.063173e-02 2.516651e-01 1.501777e-07 -2.063122e-02 1.091249e-05 9.514137e-09 -5.110529e-07
16.34          2.499529e-01 1.346576e-07 -1.998089e-02 2.499421e-01 1.244076e-07 -1.998042e-02 1.074662e-05 1.025000e-08 -4.725931e-07
16.35          2.224510e-01 1.320811e-07 -1.733220e-02 2.224401e-01 1.226536e-07 -1.733171e-02 1.087029e-05 9.427428e-09 -4.990126e-07
16.36          2.313660e-01 1.361109e-07 -1.756115e-02 2.313551e-01 1.250973e-07 -1.756065e-02 1.092927e-05 1.101354e-08 -5.006800e-07
16.37          2.201362e-01 1.374149e-07 -1.626987e-02 2.201249e-01 1.261783e-07 -1.626930e-02 1.127242e-05 1.123663e-08 -5.651130e-07
16.38          2.284446e-01 1.342415e-07 -1.643034e-02 2.284336e-01 1.214042e-07 -1.642980e-02 1.105704e-05 1.283735e-08 -5.354692e-07
16.39          2.406327e-01 1.416600e-07 -1.683217e-02 2.406223e-01 1.275358e-07 -1.683173e-02 1.043442e-05 1.412420e-08 -4.443893e-07
16.4           2.460908e-01 1.465110e-07 -1.673366e-02 2.460807e-01 1.320772e-07 -1.673327e-02 1.017080e-05 1.443383e-08 -3.926229e-07
16.41          2.056441e-01 1.379393e-07 -1.358737e-02 2.056336e-01 1.239450e-07 -1.358694e-02 1.051220e-05 1.399435e-08 -4.278427e-07
16.42          2.128798e-01 1.407559e-07 -1.365750e-02 2.128694e-01 1.297037e-07 -1.365707e-02 1.041327e-05 1.105225e-08 -4.361202e-07
16.43          2.103307e-01 1.334324e-07 -1.309488e-02 2.103205e-01 1.206088e-07 -1.309449e-02 1.023557e-05 1.282362e-08 -3.941851e-07
16.44          2.013033e-01 1.322468e-07 -1.215501e-02 2.012932e-01 1.184581e-07 -1.215462e-02 1.012466e-05 1.378876e-08 -3.835648e-07
16.45          1.972921e-01 1.324039e-07 -1.154673e-02 1.972820e-01 1.179012e-07 -1.154634e-02 1.009471e-05 1.450270e-08 -3.866537e-07
16.46          2.129857e-01 1.365620e-07 -1.207397e-02 2.129760e-01 1.201576e-07 -1.207363e-02 9.726303e-06 1.640438e-08 -3.356988e-07
16.47          1.885939e-01 1.295065e-07 -1.035013e-02 1.885841e-01 1.136886e-07 -1.034980e-02 9.757936e-06 1.581792e-08 -3.286684e-07
16.48          1.783212e-01 1.237245e-07 -9.467981e-03 1.783115e-01 1.084199e-07 -9.467668e-03 9.651907e-06 1.530463e-08 -3.125442e-07
16.49          2.287107e-01 1.363677e-07 -1.173962e-02 2.287019e-01 1.206404e-07 -1.173942e-02 8.797335e-06 1.572727e-08 -1.995837e-07
16.5           2.026404e-01 1.331544e-07 -1.005173e-02 2.026316e-01 1.190963e-07 -1.005154e-02 8.717429e-06 1.405813e-08 -1.910672e-07
16.51          1.717485e-01 1.206080e-07 -8.227848e-03 1.717396e-01 1.064159e-07 -8.227638e-03 8.918935e-06 1.419203e-08 -2.090243e-07
16.52          1.821256e-01 1.174710e-07 -8.419005e-03 1.821170e-01 1.030939e-07 -8.418828e-03 8.635907e-06 1.437715e-08 -1.769709e-07
16.53          1.813818e-01 1.147755e-07 -8.085881e-03 1.813734e-01 1.007322e-07 -8.085740e-03 8.373318e-06 1.404335e-08 -1.409512e-07
16.54          1.798473e-01 1.115573e-07 -7.726979e-03 1.798391e-01 9.828667e-08 -7.726870e-03 8.118393e-06 1.327066e-08 -1.088282e-07
16.55          1.893544e-01 1.030788e-07 -7.835478e-03 1.893467e-01 8.917572e-08 -7.835418e-03 7.756506e-06 1.390312e-08 -5.975770e-08
16.56          1.700494e-01 1.043617e-07 -6.773894e-03 1.700418e-01 9.145969e-08 -6.773864e-03 7.635799e-06 1.290205e-08 -3.035674e-08
16.57          1.684981e-01 1.002207e-07 -6.457122e-03 1.684908e-01 8.823525e-08 -6.457127e-03 7.351137e-06 1.198549e-08 4.933774e-09
16.58          1.733733e-01 9.719670e-08 -6.387830e-03 1.733663e-01 8.599613e-08 -6.387877e-03 7.002124e-06 1.120057e-08 4.662129e-08
16.59          1.761934e-01 9.361868e-08 -6.238151e-03 1.761869e-01 8.301104e-08 -6.238263e-03 6.529116e-06 1.060764e-08 1.122378e-07
16.6           1.622794e-01 9.003840e-08 -5.518671e-03 1.622730e-01 8.048717e-08 -5.518808e-03 6.438229e-06 9.551230e-09 1.377028e-07
16.61          1.759982e-01 8.867307e-08 -5.744858e-03 1.759922e-01 7.975974e-08 -5.745056e-03 6.015878e-06 8.913326e-09 1.973992e-07
16.62          1.517835e-01 8.080470e-08 -4.754047e-03 1.517775e-01 7.303116e-08 -4.754254e-03 5.971238e-06 7.773542e-09 2.071107e-07
16.63          1.504386e-01 7.674307e-08 -4.518456e-03 1.504328e-01 7.016317e-08 -4.518687e-03 5.805021e-06 6.579898e-09 2.303228e-07
16.64          1.663453e-01 7.824279e-08 -4.788515e-03 1.663399e-01 7.243210e-08 -4.788817e-03 5.318991e-06 5.810686e-09 3.018497e-07
16.65          1.525359e-01 7.081758e-08 -4.207213e-03 1.525308e-01 6.643590e-08 -4.207543e-03 5.153927e-06 4.381681e-09 3.295217e-07
16.66          1.520835e-01 6.749180e-08 -4.017410e-03 1.520786e-01 6.477937e-08 -4.017783e-03 4.902318e-06 2.712430e-09 3.725333e-07
16.67          1.484772e-01 6.443423e-08 -3.755432e-03 1.484724e-01 6.334196e-08 -3.755838e-03 4.720867e-06 1.092270e-09 4.058405e-07
16.68          1.674522e-01 6.307320e-08 -4.053692e-03 1.674479e-01 6.396331e-08 -4.054169e-03 4.284078e-06 -8.901107e-10 4.774303e-07
16.69          1.471046e-01 5.684614e-08 -3.408729e-03 1.471005e-01 5.935392e-08 -3.409264e-03 4.093118e-06 -2.507779e-09 5.346398e-07
16.7           1.507849e-01 5.287335e-08 -3.343903e-03 1.507811e-01 5.555147e-08 -3.344501e-03 3.845241e-06 -2.678123e-09 5.979970e-07
16.71          1.477106e-01 5.305145e-08 -3.135218e-03 1.477070e-01 5.747544e-08 -3.135870e-03 3.646070e-06 -4.423991e-09 6.517867e-07
16.72          1.363417e-01 5.007062e-08 -2.770645e-03 1.363382e-01 5.650845e-08 -2.771340e-03 3.524088e-06 -6.437832e-09 6.954694e-07
16.73          1.374262e-01 4.688637e-08 -2.674393e-03 1.374229e-01 5.559833e-08 -2.675134e-03 3.375714e-06 -8.711961e-09 7.403340e-07
16.74          1.450196e-01 4.568192e-08 -2.704020e-03 1.450164e-01 5.710216e-08 -2.704821e-03 3.208810e-06 -1.142024e-08 8.016175e-07
16.75          1.428833e-01 4.160049e-08 -2.554703e-03 1.428802e-01 5.598013e-08 -2.555558e-03 3.098204e-06 -1.437964e-08 8.550156e-07
16.76          1.404230e-01 3.810933e-08 -2.409854e-03 1.404200e-01 5.599245e-08 -2.410760e-03 3.021299e-06 -1.788312e-08 9.060447e-07
16.77          1.449396e-01 3.482212e-08 -2.390127e-03 1.449365e-01 5.534944e-08 -2.391077e-03 3.027098e-06 -2.052732e-08 9.508819e-07
16.78          1.367322e-01 3.182970e-08 -2.169848e-03 1.367292e-01 5.484841e-08 -2.170819e-03 3.021137e-06 -2.301871e-08 9.704588e-07
16.79          1.359297e-01 2.917637e-08 -2.079226e-03 1.359267e-01 5.616763e-08 -2.080221e-03 3.033235e-06 -2.699126e-08 9.945623e-07
16.8           1.518486e-01 3.338422e-08 -2.242982e-03 1.518454e-01 6.664452e-08 -2.243990e-03 3.254942e-06 -3.326030e-08 1.008653e-06
16.81          1.385280e-01 2.462176e-08 -1.980962e-03 1.385246e-01 6.078798e-08 -1.981960e-03 3.348201e-06 -3.616621e-08 9.982561e-07
16.82          1.449465e-01 2.567383e-08 -2.011141e-03 1.449430e-01 6.390378e-08 -2.012117e-03 3.509152e-06 -3.822995e-08 9.757451e-07
16.83          1.486601e-01 2.617454e-08 -2.006947e-03 1.486563e-01 6.638492e-08 -2.007893e-03 3.822689e-06 -4.021038e-08 9.452499e-07
16.84          1.214782e-01 1.808519e-08 -1.601486e-03 1.214742e-01 5.894618e-08 -1.602370e-03 3.978305e-06 -4.086099e-08 8.846189e-07
16.85          1.338274e-01 2.239282e-08 -1.727733e-03 1.338231e-01 6.334015e-08 -1.728547e-03 4.294631e-06 -4.094732e-08 8.146758e-07
16.86          1.301896e-01 2.378320e-08 -1.652826e-03 1.301850e-01 6.660418e-08 -1.653572e-03 4.569744e-06 -4.282098e-08 7.463663e-07
16.87          1.231815e-01 2.266874e-08 -1.544288e-03 1.231767e-01 6.504251e-08 -1.544956e-03 4.751491e-06 -4.237378e-08 6.675558e-07
16.88          1.206555e-01 2.518279e-08 -1.499902e-03 1.206506e-01 6.654579e-08 -1.500477e-03 4.938964e-06 -4.136300e-08 5.755439e-07
16.89          1.255228e-01 2.571259e-08 -1.553654e-03 1.255175e-01 6.624359e-08 -1.554144e-03 5.297531e-06 -4.053100e-08 4.900129e-07
16.9           1.196435e-01 3.021461e-08 -1.481629e-03 1.196380e-01 6.881609e-08 -1.482032e-03 5.530843e-06 -3.860148e-08 4.032256e-07
16.91          1.197006e-01 3.459519e-08 -1.489475e-03 1.196949e-01 7.042261e-08 -1.489785e-03 5.774757e-06 -3.582742e-08 3.101370e-07
16.92          1.159595e-01 3.832118e-08 -1.456445e-03 1.159534e-01 7.091393e-08 -1.456666e-03 6.034354e-06 -3.259275e-08 2.206711e-07
16.93          1.135451e-01 4.349075e-08 -1.445608e-03 1.135388e-01 7.240229e-08 -1.445744e-03 6.289984e-06 -2.891154e-08 1.365815e-07
16.94          1.099058e-01 4.951011e-08 -1.424332e-03 1.098993e-01 7.437450e-08 -1.424387e-03 6.520846e-06 -2.486439e-08 5.497691e-08
16.95          1.216103e-01 5.115380e-08 -1.609512e-03 1.216032e-01 7.168868e-08 -1.609479e-03 7.141384e-06 -2.053488e-08 -3.334572e-08
16.96          1.039923e-01 5.869513e-08 -1.412310e-03 1.039850e-01 7.643733e-08 -1.412214e-03 7.297402e-06 -1.774220e-08 -9.634169e-08
16.97          1.194190e-01 6.121118e-08 -1.667531e-03 1.194113e-01 7.516610e-08 -1.667368e-03 7.732876e-06 -1.395493e-08 -1.636714e-07
16.98          1.016031e-01 6.634438e-08 -1.465539e-03 1.015953e-01 7.799308e-08 -1.465313e-03 7.860383e-06 -1.164870e-08 -2.260324e-07
16.99          1.083472e-01 6.192537e-08 -1.616889e-03 1.083390e-01 7.275263e-08 -1.616616e-03 8.287410e-06 -1.082726e-08 -2.734431e-07
17             1.013161e-01 6.927802e-08 -1.569233e-03 1.013076e-01 7.741312e-08 -1.568917e-03 8.513430e-06 -8.135105e-09 -3.163143e-07
17.01          1.179428e-01 6.999945e-08 -1.898125e-03 1.179337e-01 7.522899e-08 -1.897751e-03 9.166781e-06 -5.229541e-09 -3.740367e-07
17.02          1.037567e-01 7.464271e-08 -1.740594e-03 1.037472e-01 7.911609e-08 -1.740127e-03 9.480862e-06 -4.473386e-09 -4.668177e-07
17.03          9.672266e-02 6.975833e-08 -1.692633e-03 9.671296e-02 7.423639e-08 -1.692144e-03 9.699617e-06 -4.478058e-09 -4.887768e-07
17.04          9.426223e-02 7.823389e-08 -1.723141e-03 9.425238e-02 7.982680e-08 -1.722640e-03 9.845836e-06 -1.592911e-09 -5.013019e-07
17.05          1.274768e-01 7.237195e-08 -2.433713e-03 1.274660e-01 7.597947e-08 -2.433143e-03 1.080711e-05 -3.607526e-09 -5.705383e-07
17.06          8.688352e-02 8.043848e-08 -1.737780e-03 8.687289e-02 8.204375e-08 -1.737200e-03 1.063424e-05 -1.605269e-09 -5.804833e-07
17.07          9.903161e-02 8.697514e-08 -2.072374e-03 9.902067e-02 8.846887e-08 -2.071771e-03 1.093646e-05 -1.493736e-09 -6.031860e-07
17.08          7.442890e-02 9.245200e-08 -1.633071e-03 7.441817e-02 8.957568e-08 -1.632474e-03 1.073286e-05 2.876317e-09 -5.976173e-07
17.09          7.364924e-02 9.386023e-08 -1.692716e-03 7.363854e-02 8.767090e-08 -1.692114e-03 1.070595e-05 6.189326e-09 -6.020420e-07
17.1           8.210029e-02 9.324703e-08 -1.975790e-03 8.208942e-02 8.565300e-08 -1.975169e-03 1.086676e-05 7.594031e-09 -6.212165e-07
17.11          9.049690e-02 8.838897e-08 -2.280269e-03 9.048572e-02 7.967202e-08 -2.279657e-03 1.117656e-05 8.716949e-09 -6.120643e-07
17.12          8.142513e-02 9.800435e-08 -2.149681e-03 8.141372e-02 8.918455e-08 -2.149060e-03 1.140959e-05 8.819794e-09 -6.213564e-07
17.13          7.703363e-02 1.005493e-07 -2.129887e-03 7.702214e-02 8.818020e-08 -2.129264e-03 1.148260e-05 1.236914e-08 -6.234466e-07
17.14          9.197365e-02 1.023144e-07 -2.660191e-03 9.196175e-02 8.624389e-08 -2.659553e-03 1.189780e-05 1.607051e-08 -6.382625e-07
17.15          7.444121e-02 1.041734e-07 -2.254118e-03 7.442930e-02 8.735201e-08 -2.253462e-03 1.191113e-05 1.682138e-08 -6.561565e-07
17.16          9.911205e-02 1.006355e-07 -3.135924e-03 9.909959e-02 8.298557e-08 -3.135219e-03 1.246359e-05 1.764989e-08 -7.043238e-07
17.17          6.382999e-02 1.050119e-07 -2.113646e-03 6.381776e-02 8.735693e-08 -2.112930e-03 1.223406e-05 1.765498e-08 -7.163082e-07
17.18          9.319723e-02 9.852943e-08 -3.220216e-03 9.318449e-02 8.082159e-08 -3.219449e-03 1.273940e-05 1.770784e-08 -7.676931e-07
17.19          6.444616e-02 1.052180e-07 -2.327211e-03 6.443365e-02 8.798800e-08 -2.326433e-03 1.251398e-05 1.723004e-08 -7.781598e-07
17.2           8.829411e-02 1.014847e-07 -3.323949e-03 8.828126e-02 8.355294e-08 -3.323130e-03 1.285624e-05 1.793180e-08 -8.191567e-07
17.21          6.667858e-02 1.052868e-07 -2.619562e-03 6.666591e-02 8.734640e-08 -2.618729e-03 1.266758e-05 1.794038e-08 -8.322103e-07
17.22          7.784725e-02 1.060107e-07 -3.185958e-03 7.783451e-02 8.506066e-08 -3.185114e-03 1.274544e-05 2.095004e-08 -8.448390e-07
17.23          5.875229e-02 1.105775e-07 -2.506067e-03 5.873979e-02 9.081806e-08 -2.505211e-03 1.249964e-05 1.975944e-08 -8.569129e-07
17.24          7.910013e-02 1.111067e-07 -3.509151e-03 7.908736e-02 8.859388e-08 -3.508218e-03 1.277057e-05 2.251285e-08 -9.335178e-07
17.25          6.552505e-02 1.138588e-07 -3.024587e-03 6.551232e-02 9.343315e-08 -3.023638e-03 1.273281e-05 2.042560e-08 -9.493847e-07
17.26          5.895023e-02 1.130209e-07 -2.829203e-03 5.893767e-02 9.142451e-08 -2.828264e-03 1.255915e-05 2.159635e-08 -9.386926e-07
17.27          9.565910e-02 1.038940e-07 -4.763723e-03 9.564583e-02 8.154281e-08 -4.762731e-03 1.326900e-05 2.235117e-08 -9.916392e-07
17.28          7.139167e-02 1.081297e-07 -3.692516e-03 7.137856e-02 8.726271e-08 -3.691502e-03 1.311237e-05 2.086700e-08 -1.014695e-06
17.29          8.723893e-02 1.087542e-07 -4.678966e-03 8.722552e-02 8.649330e-08 -4.677937e-03 1.340860e-05 2.226089e-08 -1.029036e-06
17.3           5.467308e-02 1.133992e-07 -3.042909e-03 5.466011e-02 9.079280e-08 -3.041903e-03 1.296594e-05 2.260644e-08 -1.006003e-06
17.31          8.411783e-02 1.151634e-07 -4.845984e-03 8.410469e-02 9.031749e-08 -4.844955e-03 1.314806e-05 2.484591e-08 -1.029885e-06
17.32          7.359341e-02 1.124471e-07 -4.390523e-03 7.358037e-02 8.818947e-08 -4.389485e-03 1.304090e-05 2.425762e-08 -1.037417e-06
17.33          6.818030e-02 1.152200e-07 -4.209398e-03 6.816729e-02 8.828123e-08 -4.208375e-03 1.301566e-05 2.693882e-08 -1.023443e-06
17.34          7.305625e-02 1.139338e-07 -4.663310e-03 7.304307e-02 8.466289e-08 -4.662277e-03 1.317684e-05 2.927088e-08 -1.032430e-06
17.35          4.132599e-02 1.156692e-07 -2.729443e-03 4.131334e-02 8.596040e-08 -2.728444e-03 1.264912e-05 2.970878e-08 -9.986381e-07
17.36          9.857339e-02 1.057451e-07 -6.712332e-03 9.856012e-02 7.665202e-08 -6.711251e-03 1.326307e-05 2.909307e-08 -1.081677e-06
17.37          7.267338e-02 9.927651e-08 -5.109818e-03 7.266025e-02 7.462560e-08 -5.108716e-03 1.312581e-05 2.465091e-08 -1.101705e-06
17.38          8.291321e-02 1.070513e-07 -6.012751e-03 8.290001e-02 8.036544e-08 -6.011643e-03 1.319590e-05 2.668590e-08 -1.108163e-06
17.39          8.568799e-02 1.075217e-07 -6.406105e-03 8.567475e-02 7.988661e-08 -6.404980e-03 1.324228e-05 2.763506e-08 -1.125125e-06
17.4           7.966765e-02 1.097562e-07 -6.137451e-03 7.965454e-02 8.227040e-08 -6.136295e-03 1.310992e-05 2.748576e-08 -1.155971e-06
17.41          7.904610e-02 1.119632e-07 -6.270913e-03 7.903323e-02 8.583660e-08 -6.269741e-03 1.286567e-05 2.612657e-08 -1.172539e-06
17.42          9.877519e-02 1.146543e-07 -8.063326e-03 9.876219e-02 8.788061e-08 -8.062116e-03 1.300415e-05 2.677373e-08 -1.209332e-06
17.43          7.841046e-02 1.136825e-07 -6.586053e-03 7.839780e-02 8.812267e-08 -6.584843e-03 1.266074e-05 2.555982e-08 -1.210857e-06
17.44          9.147671e-02 1.161996e-07 -7.898687e-03 9.146406e-02 8.872852e-08 -7.897469e-03 1.265266e-05 2.747109e-08 -1.217523e-06
17.45          8.360487e-02 1.261564e-07 -7.419405e-03 8.359241e-02 9.556479e-08 -7.418139e-03 1.246022e-05 3.059164e-08 -1.265991e-06
17.46          7.516187e-02 1.215599e-07 -6.851256e-03 7.514991e-02 9.146980e-08 -6.850024e-03 1.196235e-05 3.009014e-08 -1.231520e-06
17.47          1.059544e-01 1.153286e-07 -9.911787e-03 1.059422e-01 8.540142e-08 -9.910516e-03 1.217585e-05 2.992723e-08 -1.271166e-06
17.48          9.875326e-02 1.118827e-07 -9.479530e-03 9.874097e-02 8.259415e-08 -9.478216e-03 1.229566e-05 2.928859e-08 -1.314544e-06
17.49          9.107885e-02 1.150605e-07 -8.966910e-03 9.106672e-02 8.590602e-08 -8.965587e-03 1.212982e-05 2.915450e-08 -1.323139e-06
17.5           1.024936e-01 1.156479e-07 -1.034277e-02 1.024815e-01 8.633411e-08 -1.034142e-02 1.212489e-05 2.931381e-08 -1.345629e-06
17.51          7.849925e-02 1.198521e-07 -8.117901e-03 7.848774e-02 8.962296e-08 -8.116616e-03 1.151124e-05 3.022917e-08 -1.284801e-06
17.52          9.879707e-02 1.191918e-07 -1.046155e-02 9.878571e-02 8.466456e-08 -1.046027e-02 1.136089e-05 3.452724e-08 -1.276569e-06
17.53          9.932321e-02 1.193490e-07 -1.076587e-02 9.931193e-02 8.500378e-08 -1.076459e-02 1.128270e-05 3.434518e-08 -1.283798e-06
17.54          8.746037e-02 1.217652e-07 -9.700632e-03 8.744948e-02 8.821083e-08 -9.699376e-03 1.089055e-05 3.355442e-08 -1.255881e-06
17.55          1.265400e-01 1.144858e-07 -1.435106e-02 1.265287e-01 8.226580e-08 -1.434973e-02 1.124527e-05 3.221998e-08 -1.330431e-06
17.56          1.040661e-01 1.137838e-07 -1.206656e-02 1.040552e-01 8.424995e-08 -1.206527e-02 1.090183e-05 2.953385e-08 -1.287952e-06
17.57          1.208812e-01 1.142437e-07 -1.432191e-02 1.208702e-01 8.452485e-08 -1.432060e-02 1.093687e-05 2.971885e-08 -1.316437e-06
17.58          9.583264e-02 1.129986e-07 -1.159896e-02 9.582216e-02 8.466717e-08 -1.159770e-02 1.048141e-05 2.833139e-08 -1.264015e-06
17.59          1.202592e-01 1.159105e-07 -1.485976e-02 1.202488e-01 8.899282e-08 -1.485850e-02 1.045410e-05 2.691765e-08 -1.263374e-06
17.6           1.225753e-01 1.201448e-07 -1.545828e-02 1.225651e-01 9.059780e-08 -1.545702e-02 1.024568e-05 2.954704e-08 -1.252986e-06
17.61          1.409098e-01 1.131345e-07 -1.812851e-02 1.408995e-01 8.423242e-08 -1.812721e-02 1.033808e-05 2.890206e-08 -1.297202e-06
17.62          1.376520e-01 1.111590e-07 -1.806006e-02 1.376416e-01 8.359038e-08 -1.805870e-02 1.041211e-05 2.756858e-08 -1.353757e-06
17.63          1.102767e-01 1.115794e-07 -1.475000e-02 1.102669e-01 8.941047e-08 -1.474873e-02 9.754240e-06 2.216893e-08 -1.269297e-06
17.64          1.119462e-01 1.228168e-07 -1.525793e-02 1.119370e-01 9.701572e-08 -1.525674e-02 9.277300e-06 2.580104e-08 -1.187833e-06
17.65          1.324627e-01 1.205916e-07 -1.838938e-02 1.324536e-01 9.358005e-08 -1.838821e-02 9.120654e-06 2.701156e-08 -1.172990e-06
17.66          1.338010e-01 1.168388e-07 -1.891383e-02 1.337920e-01 8.957280e-08 -1.891265e-02 9.055854e-06 2.726601e-08 -1.179900e-06
17.67          1.383858e-01 1.167147e-07 -1.991105e-02 1.383768e-01 8.994568e-08 -1.990986e-02 8.951634e-06 2.676902e-08 -1.186891e-06
17.68          1.136453e-01 1.200175e-07 -1.663874e-02 1.136367e-01 9.162415e-08 -1.663755e-02 8.596398e-06 2.839335e-08 -1.186173e-06
17.69          1.501726e-01 1.369606e-07 -2.236165e-02 1.501643e-01 1.068471e-07 -2.236048e-02 8.297448e-06 3.011352e-08 -1.165698e-06
17.7           1.218771e-01 1.283232e-07 -1.845355e-02 1.218692e-01 9.976659e-08 -1.845242e-02 7.916653e-06 2.855660e-08 -1.130822e-06
17.71          1.342931e-01 1.205927e-07 -2.066631e-02 1.342852e-01 9.162685e-08 -2.066518e-02 7.801751e-06 2.896581e-08 -1.131045e-06
17.72          1.298329e-01 1.224682e-07 -2.030091e-02 1.298254e-01 9.547947e-08 -2.029981e-02 7.474150e-06 2.698876e-08 -1.095735e-06
17.73          1.345485e-01 1.205830e-07 -2.136878e-02 1.345413e-01 9.466171e-08 -2.136771e-02 7.252901e-06 2.592133e-08 -1.069231e-06
17.74          1.322994e-01 1.256140e-07 -2.133497e-02 1.322925e-01 9.831195e-08 -2.133394e-02 6.936956e-06 2.730207e-08 -1.026996e-06
17.75          1.354385e-01 1.208377e-07 -2.216952e-02 1.354317e-01 9.324162e-08 -2.216852e-02 6.723976e-06 2.759608e-08 -1.003006e-06
17.76          1.529650e-01 1.222900e-07 -2.540563e-02 1.529584e-01 9.486868e-08 -2.540465e-02 6.607806e-06 2.742129e-08 -9.811061e-07
17.77          1.330925e-01 1.340254e-07 -2.242297e-02 1.330864e-01 1.044599e-07 -2.242208e-02 6.164358e-06 2.956547e-08 -8.952826e-07
17.78          1.510571e-01 1.240370e-07 -2.580507e-02 1.510510e-01 9.429237e-08 -2.580419e-02 6.079317e-06 2.974462e-08 -8.755299e-07
17.79          1.589171e-01 1.227349e-07 -2.751865e-02 1.589111e-01 9.438295e-08 -2.751779e-02 5.972355e-06 2.835191e-08 -8.599320e-07
17.8           1.594253e-01 1.208765e-07 -2.797504e-02 1.594195e-01 9.399591e-08 -2.797421e-02 5.858434e-06 2.688060e-08 -8.371015e-07
17.81          1.399633e-01 1.309057e-07 -2.488019e-02 1.399578e-01 1.026805e-07 -2.487942e-02 5.501497e-06 2.822522e-08 -7.697963e-07
17.82          1.552467e-01 1.292746e-07 -2.794657e-02 1.552414e-01 1.025387e-07 -2.794586e-02 5.279099e-06 2.673594e-08 -7.158352e-07
17.83          1.621551e-01 1.222444e-07 -2.955092e-02 1.621499e-01 9.647789e-08 -2.955023e-02 5.190463e-06 2.576656e-08 -6.931676e-07
17.84          1.381866e-01 1.340376e-07 -2.548684e-02 1.381817e-01 1.050005e-07 -2.548623e-02 4.817941e-06 2.903702e-08 -6.082197e-07
17.85          1.660316e-01 1.185790e-07 -3.098027e-02 1.660267e-01 9.219891e-08 -3.097967e-02 4.823650e-06 2.638009e-08 -6.032952e-07
17.86          1.584636e-01 1.244938e-07 -2.990594e-02 1.584590e-01 9.792069e-08 -2.990538e-02 4.617874e-06 2.657307e-08 -5.605495e-07
17.87          1.693278e-01 1.224710e-07 -3.231048e-02 1.693234e-01 9.757123e-08 -3.230995e-02 4.495928e-06 2.489981e-08 -5.280990e-07
17.88          1.597198e-01 1.213589e-07 -3.080546e-02 1.597155e-01 9.835141e-08 -3.080497e-02 4.348396e-06 2.300745e-08 -4.865135e-07
17.89          1.679482e-01 1.150707e-07 -3.273064e-02 1.679439e-01 9.291936e-08 -3.273019e-02 4.230822e-06 2.215134e-08 -4.526087e-07
17.9           1.759246e-01 1.109300e-07 -3.463266e-02 1.759203e-01 9.591925e-08 -3.463220e-02 4.227716e-06 1.501078e-08 -4.508905e-07
17.91          1.656732e-01 1.149962e-07 -3.293611e-02 1.656691e-01 1.021992e-07 -3.293573e-02 4.020087e-06 1.279703e-08 -3.884438e-07
17.92          1.721237e-01 1.067631e-07 -3.454519e-02 1.721198e-01 9.784451e-08 -3.454485e-02 3.884713e-06 8.918631e-09 -3.450251e-07
17.93          1.710967e-01 1.056663e-07 -3.465677e-02 1.710930e-01 1.015961e-07 -3.465647e-02 3.743500e-06 4.070244e-09 -2.941596e-07
17.94          1.663057e-01 1.065390e-07 -3.398778e-02 1.663021e-01 1.048396e-07 -3.398755e-02 3.562807e-06 1.699405e-09 -2.248361e-07
17.95          1.750352e-01 9.834880e-08 -3.608086e-02 1.750318e-01 1.020737e-07 -3.608068e-02 3.440401e-06 -3.724861e-09 -1.751332e-07
17.96          1.787530e-01 8.854903e-08 -3.715490e-02 1.787497e-01 9.848457e-08 -3.715477e-02 3.336418e-06 -9.935534e-09 -1.288067e-07
17.97          1.858289e-01 8.520060e-08 -3.893683e-02 1.858257e-01 1.030474e-07 -3.893675e-02 3.227601e-06 -1.784675e-08 -8.052579e-08
17.98          1.821845e-01 7.421622e-08 -3.846940e-02 1.821814e-01 1.004574e-07 -3.846936e-02 3.128006e-06 -2.624121e-08 -3.346136e-08
17.99          1.674208e-01 6.870391e-08 -3.561593e-02 1.674178e-01 9.930877e-08 -3.561597e-02 3.007381e-06 -3.060485e-08 4.263614e-08
18             1.705306e-01 6.873816e-08 -3.653780e-02 1.705277e-01 1.048238e-07 -3.653790e-02 2.894750e-06 -3.608563e-08 1.028591e-07
18.01          1.890061e-01 6.799740e-08 -4.077505e-02 1.890034e-01 1.098301e-07 -4.077521e-02 2.789622e-06 -4.183270e-08 1.625536e-07
18.02          1.752926e-01 5.318548e-08 -3.806613e-02 1.752899e-01 1.020069e-07 -3.806634e-02 2.701855e-06 -4.882145e-08 2.079570e-07
18.03          1.789181e-01 6.091908e-08 -3.909835e-02 1.789155e-01 1.107586e-07 -3.909863e-02 2.611195e-06 -4.983951e-08 2.833926e-07
18.04          1.762800e-01 5.264209e-08 -3.875302e-02 1.762774e-01 1.054126e-07 -3.875336e-02 2.528435e-06 -5.277051e-08 3.446889e-07
18.05          1.840148e-01 3.961621e-08 -4.068407e-02 1.840123e-01 1.014652e-07 -4.068445e-02 2.462812e-06 -6.184894e-08 3.802194e-07
18.06          1.856400e-01 3.687801e-08 -4.126584e-02 1.856375e-01 1.025850e-07 -4.126624e-02 2.403593e-06 -6.570694e-08 3.977560e-07
18.07          1.833002e-01 3.063362e-08 -4.095481e-02 1.832979e-01 1.021703e-07 -4.095526e-02 2.354275e-06 -7.153664e-08 4.413681e-07
18.08          1.893526e-01 2.442569e-08 -4.251196e-02 1.893503e-01 1.029818e-07 -4.251241e-02 2.294945e-06 -7.855615e-08 4.464877e-07
18.09          1.840366e-01 1.691619e-08 -4.150700e-02 1.840343e-01 1.012121e-07 -4.150747e-02 2.270672e-06 -8.429587e-08 4.685116e-07
18.1           1.870809e-01 9.235288e-09 -4.237384e-02 1.870786e-01 1.003279e-07 -4.237433e-02 2.224606e-06 -9.109264e-08 4.883099e-07
18.11          1.893772e-01 -6.792100e-10 -4.306532e-02 1.893750e-01 9.611294e-08 -4.306581e-02 2.221522e-06 -9.679215e-08 4.864023e-07
18.12          1.981215e-01 -6.089581e-09 -4.522105e-02 1.981192e-01 9.599430e-08 -4.522153e-02 2.227160e-06 -1.020839e-07 4.856527e-07
18.13          2.011330e-01 -1.421698e-08 -4.606562e-02 2.011308e-01 9.566267e-08 -4.606610e-02 2.192104e-06 -1.098797e-07 4.872348e-07
18.14          1.945430e-01 -2.730936e-08 -4.469630e-02 1.945408e-01 8.766547e-08 -4.469680e-02 2.213686e-06 -1.149748e-07 4.936580e-07
18.15          2.011848e-01 -3.439320e-08 -4.635427e-02 2.011826e-01 8.584932e-08 -4.635475e-02 2.239733e-06 -1.202425e-07 4.809006e-07
18.16          1.962769e-01 -4.525437e-08 -4.534018e-02 1.962746e-01 7.933942e-08 -4.534063e-02 2.294540e-06 -1.245938e-07 4.549505e-07
18.17          1.894033e-01 -5.014061e-08 -4.385310e-02 1.894008e-01 7.220298e-08 -4.385353e-02 2.468699e-06 -1.223436e-07 4.309942e-07
18.18          1.991387e-01 -5.238241e-08 -4.619988e-02 1.991361e-01 7.190369e-08 -4.620030e-02 2.544394e-06 -1.242861e-07 4.159862e-07
18.19          1.948921e-01 -5.778468e-08 -4.529328e-02 1.948894e-01 6.875357e-08 -4.529368e-02 2.620700e-06 -1.265382e-07 3.988527e-07
18.2           1.963689e-01 -6.043090e-08 -4.570283e-02 1.963662e-01 6.874538e-08 -4.570321e-02 2.673907e-06 -1.291763e-07 3.836714e-07
18.21          2.142468e-01 -6.322175e-08 -4.992203e-02 2.142442e-01 7.548304e-08 -4.992240e-02 2.584919e-06 -1.387048e-07 3.655471e-07
18.22          2.054308e-01 -8.342462e-08 -4.791125e-02 2.054281e-01 5.775200e-08 -4.791157e-02 2.682714e-06 -1.411766e-07 3.182390e-07
18.23          2.161131e-01 -8.719127e-08 -5.043398e-02 2.161104e-01 6.082828e-08 -5.043426e-02 2.673978e-06 -1.480195e-07 2.866844e-07
18.24          2.008277e-01 -1.126582e-07 -4.688342e-02 2.008248e-01 3.443257e-08 -4.688363e-02 2.925831e-06 -1.470908e-07 2.154612e-07
18.25          2.026580e-01 -1.149074e-07 -4.731380e-02 2.026549e-01 3.354368e-08 -4.731396e-02 3.091756e-06 -1.484511e-07 1.556877e-07
18.26          2.061263e-01 -1.055680e-07 -4.811313e-02 2.061232e-01 4.513590e-08 -4.811326e-02 3.140792e-06 -1.507039e-07 1.334548e-07
18.27          2.033995e-01 -1.236569e-07 -4.745336e-02 2.033962e-01 2.839861e-08 -4.745344e-02 3.284092e-06 -1.520555e-07 8.597281e-08
18.28          1.965473e-01 -1.248566e-07 -4.581875e-02 1.965439e-01 2.752120e-08 -4.581881e-02 3.378678e-06 -1.523778e-07 5.375773e-08
18.29          2.162920e-01 -1.162193e-07 -5.036764e-02 2.162886e-01 3.803603e-08 -5.036768e-02 3.404164e-06 -1.542553e-07 3.532141e-08
18.3           2.106503e-01 -1.378107e-07 -4.898822e-02 2.106466e-01 1.592697e-08 -4.898818e-02 3.644702e-06 -1.537377e-07 -3.834404e-08
18.31          2.138880e-01 -1.364551e-07 -4.966052e-02 2.138842e-01 1.655908e-08 -4.966043e-02 3.810138e-06 -1.530141e-07 -9.170492e-08
18.32          2.158564e-01 -1.283355e-07 -5.002185e-02 2.158526e-01 2.598276e-08 -5.002174e-02 3.834660e-06 -1.543182e-07 -1.133702e-07
18.33          2.287917e-01 -1.245464e-07 -5.290297e-02 2.287879e-01 3.195788e-08 -5.290284e-02 3.816821e-06 -1.565043e-07 -1.315180e-07
18.34          1.919415e-01 -1.638358e-07 -4.427301e-02 1.919374e-01 -9.362579e-09 -4.427281e-02 4.131034e-06 -1.544732e-07 -2.001688e-07
18.35          2.120684e-01 -1.572190e-07 -4.878003e-02 2.120640e-01 -5.199873e-09 -4.877977e-02 4.428867e-06 -1.520191e-07 -2.573266e-07
18.36          2.217652e-01 -1.454676e-07 -5.085463e-02 2.217606e-01 5.795505e-09 -5.085434e-02 4.566851e-06 -1.512632e-07 -2.844786e-07
18.37          2.178169e-01 -1.471623e-07 -4.978262e-02 2.178122e-01 2.994668e-09 -4.978231e-02 4.707815e-06 -1.501570e-07 -3.140928e-07
18.38          2.161120e-01 -1.540123e-07 -4.921409e-02 2.161071e-01 -5.216061e-09 -4.921373e-02 4.925153e-06 -1.487963e-07 -3.522505e-07
18.39          2.372280e-01 -1.355216e-07 -5.381107e-02 2.372230e-01 1.353246e-08 -5.381072e-02 4.924491e-06 -1.490540e-07 -3.549261e-07
18.4           2.293714e-01 -1.544199e-07 -5.181097e-02 2.293662e-01 -7.156886e-09 -5.181053e-02 5.222806e-06 -1.472630e-07 -4.459041e-07
18.41          2.214424e-01 -1.562485e-07 -4.979625e-02 2.214369e-01 -1.209895e-08 -4.979575e-02 5.515673e-06 -1.441496e-07 -5.035628e-07
18.42          2.234281e-01 -1.531600e-07 -5.000340e-02 2.234223e-01 -1.224261e-08 -5.000285e-02 5.759643e-06 -1.409174e-07 -5.541540e-07
18.43          2.319076e-01 -1.416236e-07 -5.163849e-02 2.319017e-01 -4.519843e-09 -5.163792e-02 5.938241e-06 -1.371038e-07 -5.732618e-07
18.44          2.274524e-01 -1.217412e-07 -5.037562e-02 2.274465e-01 1.343470e-08 -5.037506e-02 5.872597e-06 -1.351759e-07 -5.600657e-07
18.45          2.371894e-01 -1.235621e-07 -5.223579e-02 2.371834e-01 9.132112e-09 -5.223518e-02 6.015113e-06 -1.326942e-07 -6.090440e-07
18.46          2.245378e-01 -1.295704e-07 -4.915647e-02 2.245315e-01 -9.045228e-10 -4.915581e-02 6.287482e-06 -1.286659e-07 -6.605214e-07
18.47          2.314007e-01 -1.212597e-07 -5.034365e-02 2.313941e-01 3.630297e-09 -5.034292e-02 6.601560e-06 -1.248900e-07 -7.228296e-07
18.48          2.191880e-01 -1.273700e-07 -4.737617e-02 2.191811e-01 -6.546580e-09 -4.737538e-02 6.910780e-06 -1.208234e-07 -7.878775e-07
18.49          2.561653e-01 -8.286696e-08 -5.499092e-02 2.561584e-01 3.429698e-08 -5.499013e-02 6.860333e-06 -1.171639e-07 -7.905879e-07
18.5           2.371346e-01 -1.013035e-07 -5.054549e-02 2.371274e-01 1.242963e-08 -5.054464e-02 7.145121e-06 -1.137331e-07 -8.459731e-07
18.51          2.372051e-01 -9.407494e-08 -5.018782e-02 2.371976e-01 1.519569e-08 -5.018688e-02 7.482879e-06 -1.092706e-07 -9.320537e-07
18.52          2.168603e-01 -9.359944e-08 -4.553118e-02 2.168526e-01 1.167419e-08 -4.553019e-02 7.742641e-06 -1.052736e-07 -9.864798e-07
18.53          2.375091e-01 -7.268975e-08 -4.946725e-02 2.375013e-01 2.671452e-08 -4.946625e-02 7.793334e-06 -9.940426e-08 -9.975773e-07
18.54          2.516535e-01 -5.120244e-08 -5.197758e-02 2.516455e-01 4.458831e-08 -5.197653e-02 7.968045e-06 -9.579075e-08 -1.047217e-06
18.55          2.570249e-01 -3.711672e-08 -5.263020e-02 2.570169e-01 5.428107e-08 -5.262915e-02 7.984298e-06 -9.139779e-08 -1.052622e-06
18.56          2.455811e-01 -3.517514e-08 -4.983925e-02 2.455728e-01 5.325178e-08 -4.983811e-02 8.288964e-06 -8.842692e-08 -1.142392e-06
18.57          2.405248e-01 -2.924990e-08 -4.836322e-02 2.405163e-01 5.421327e-08 -4.836204e-02 8.484368e-06 -8.346317e-08 -1.183357e-06
18.58          2.543479e-01 -1.652587e-08 -5.065464e-02 2.543392e-01 6.335076e-08 -5.065342e-02 8.707405e-06 -7.987663e-08 -1.219640e-06
18.59          2.384750e-01 -2.601927e-08 -4.702605e-02 2.384658e-01 4.923892e-08 -4.702472e-02 9.191640e-06 -7.525819e-08 -1.335822e-06
18.6           2.509287e-01 -1.461832e-09 -4.897886e-02 2.509191e-01 7.142171e-08 -4.897744e-02 9.564536e-06 -7.288354e-08 -1.417638e-06
18.61          2.515332e-01 7.826646e-09 -4.858229e-02 2.515236e-01 7.877481e-08 -4.858089e-02 9.567871e-06 -7.094816e-08 -1.400625e-06
18.62          2.643371e-01 1.606130e-08 -5.050356e-02 2.643273e-01 8.423603e-08 -5.050212e-02 9.804488e-06 -6.817473e-08 -1.437798e-06
18.63          2.625448e-01 1.608686e-08 -4.960343e-02 2.625348e-01 8.138493e-08 -4.960195e-02 1.002480e-05 -6.529807e-08 -1.481061e-06
18.64          2.655644e-01 1.522542e-08 -4.959974e-02 2.655541e-01 7.809834e-08 -4.959822e-02 1.034067e-05 -6.287292e-08 -1.522959e-06
18.65          2.847904e-01 1.786183e-08 -5.256418e-02 2.847800e-01 7.837133e-08 -5.256267e-02 1.047024e-05 -6.050949e-08 -1.512851e-06
18.66          2.585539e-01 7.049221e-09 -4.714482e-02 2.585431e-01 6.706372e-08 -4.714325e-02 1.086665e-05 -6.001450e-08 -1.572927e-06
18.67          2.687542e-01 1.427650e-08 -4.839455e-02 2.687435e-01 7.403320e-08 -4.839303e-02 1.068530e-05 -5.975670e-08 -1.518339e-06
18.68          2.804014e-01 1.169588e-08 -4.984610e-02 2.803905e-01 7.077597e-08 -4.984453e-02 1.094700e-05 -5.908010e-08 -1.570726e-06
18.69          2.741427e-01 7.375976e-09 -4.809365e-02 2.741316e-01 6.546327e-08 -4.809207e-02 1.110466e-05 -5.808730e-08 -1.578384e-06
18.7           2.757614e-01 7.606407e-09 -4.772536e-02 2.757501e-01 6.473156e-08 -4.772377e-02 1.128870e-05 -5.712516e-08 -1.595453e-06
18.71          2.846636e-01 3.463219e-08 -4.858383e-02 2.846523e-01 9.010011e-08 -4.858226e-02 1.130715e-05 -5.546792e-08 -1.570677e-06
18.72          2.767668e-01 9.405003e-09 -4.656572e-02 2.767551e-01 6.374458e-08 -4.656409e-02 1.175667e-05 -5.433958e-08 -1.631890e-06
18.73          2.834408e-01 6.248487e-09 -4.699407e-02 2.834288e-01 5.996056e-08 -4.699242e-02 1.197286e-05 -5.371207e-08 -1.647111e-06
18.74          2.717673e-01 1.119068e-08 -4.438593e-02 2.717551e-01 6.676199e-08 -4.438423e-02 1.223929e-05 -5.557130e-08 -1.696285e-06
18.75          2.729820e-01 1.357101e-08 -4.390100e-02 2.729697e-01 6.808464e-08 -4.389930e-02 1.229767e-05 -5.451364e-08 -1.691920e-06
18.76          2.813029e-01 1.044014e-08 -4.452815e-02 2.812902e-01 6.309229e-08 -4.452642e-02 1.267968e-05 -5.265215e-08 -1.734322e-06
18.77          2.577215e-01 1.590334e-09 -4.013988e-02 2.577083e-01 5.200489e-08 -4.013806e-02 1.318445e-05 -5.041456e-08 -1.820656e-06
18.78          2.861216e-01 2.252271e-08 -4.382725e-02 2.861085e-01 7.214457e-08 -4.382545e-02 1.315689e-05 -4.962186e-08 -1.794504e-06
18.79          2.884618e-01 2.120444e-08 -4.343893e-02 2.884487e-01 6.966971e-08 -4.343716e-02 1.309405e-05 -4.846526e-08 -1.766506e-06
18.8           2.955911e-01 2.497269e-08 -4.374133e-02 2.955780e-01 7.325177e-08 -4.373960e-02 1.302934e-05 -4.827908e-08 -1.733472e-06
18.81          2.845670e-01 2.563340e-08 -4.136305e-02 2.845539e-01 7.281777e-08 -4.136133e-02 1.311895e-05 -4.718436e-08 -1.724157e-06
18.82          2.888647e-01 2.003829e-08 -4.122445e-02 2.888514e-01 6.628544e-08 -4.122273e-02 1.337723e-05 -4.624715e-08 -1.723515e-06
18.83          2.877571e-01 2.065826e-08 -4.030275e-02 2.877435e-01 6.613522e-08 -4.030101e-02 1.352040e-05 -4.547697e-08 -1.736971e-06
18.84          2.974871e-01 2.387860e-08 -4.087209e-02 2.974737e-01 6.860134e-08 -4.087037e-02 1.343461e-05 -4.472274e-08 -1.721895e-06
18.85          2.653958e-01 1.788300e-08 -3.575286e-02 2.653819e-01 6.124555e-08 -3.575108e-02 1.391441e-05 -4.336255e-08 -1.782574e-06
18.86          2.930601e-01 3.620809e-08 -3.868998e-02 2.930464e-01 8.114359e-08 -3.868827e-02 1.369002e-05 -4.493550e-08 -1.709646e-06
18.87          2.631437e-01 1.869605e-08 -3.403069e-02 2.631294e-01 6.082304e-08 -3.402889e-02 1.429856e-05 -4.212700e-08 -1.791478e-06
18.88          3.026259e-01 4.964793e-08 -3.831566e-02 3.026120e-01 9.061772e-08 -3.831395e-02 1.393387e-05 -4.096978e-08 -1.701385e-06
18.89          2.986155e-01 2.618169e-08 -3.699794e-02 2.986016e-01 6.709353e-08 -3.699629e-02 1.386653e-05 -4.091184e-08 -1.645678e-06
18.9           2.125615e-01 4.050918e-09 -2.576062e-02 2.125476e-01 4.503043e-08 -2.575902e-02 1.384254e-05 -4.097951e-08 -1.607739e-06
18.91          3.170779e-01 4.608424e-08 -3.756030e-02 3.170642e-01 8.834041e-08 -3.755872e-02 1.376211e-05 -4.225617e-08 -1.580304e-06
18.92          2.882259e-01 3.857768e-08 -3.335848e-02 2.882122e-01 8.105768e-08 -3.335693e-02 1.372546e-05 -4.248000e-08 -1.552676e-06
18.93          2.727056e-01 2.328296e-08 -3.081943e-02 2.726918e-01 6.405525e-08 -3.081790e-02 1.379781e-05 -4.077229e-08 -1.531207e-06
18.94          2.854088e-01 4.225941e-08 -3.147652e-02 2.853952e-01 8.306239e-08 -3.147503e-02 1.366886e-05 -4.080298e-08 -1.488022e-06
18.95          2.981001e-01 4.431457e-08 -3.206323e-02 2.980868e-01 8.671147e-08 -3.206184e-02 1.327576e-05 -4.239690e-08 -1.388640e-06
18.96          2.604814e-01 3.593092e-08 -2.730854e-02 2.604678e-01 7.863226e-08 -2.730716e-02 1.353091e-05 -4.270134e-08 -1.389469e-06
18.97          2.770301e-01 3.290737e-08 -2.828974e-02 2.770166e-01 7.325445e-08 -2.828839e-02 1.353413e-05 -4.034708e-08 -1.346563e-06
18.98          2.483035e-01 3.880533e-08 -2.468388e-02 2.482895e-01 7.698386e-08 -2.468249e-02 1.406039e-05 -3.817853e-08 -1.387048e-06
18.99          2.548607e-01 5.594312e-08 -2.464587e-02 2.548467e-01 9.431146e-08 -2.464449e-02 1.401604e-05 -3.836834e-08 -1.386604e-06
19             2.552029e-01 4.610815e-08 -2.398968e-02 2.551889e-01 8.209779e-08 -2.398828e-02 1.401045e-05 -3.598964e-08 -1.403427e-06
19.01          2.748858e-01 6.591108e-08 -2.509973e-02 2.748724e-01 1.026219e-07 -2.509844e-02 1.342384e-05 -3.671082e-08 -1.295508e-06
19.02          2.737048e-01 6.547389e-08 -2.425828e-02 2.736920e-01 1.048056e-07 -2.425711e-02 1.284242e-05 -3.933168e-08 -1.168976e-06
19.03          2.747217e-01 5.598479e-08 -2.361649e-02 2.747090e-01 9.491790e-08 -2.361539e-02 1.267896e-05 -3.893311e-08 -1.105705e-06
19.04          2.555888e-01 5.226912e-08 -2.129448e-02 2.555762e-01 9.163697e-08 -2.129342e-02 1.261488e-05 -3.936786e-08 -1.063898e-06
19.05          2.387269e-01 5.688785e-08 -1.926046e-02 2.387142e-01 9.548881e-08 -1.925939e-02 1.275198e-05 -3.860096e-08 -1.071046e-06
19.06          2.107366e-01 5.239796e-08 -1.645135e-02 2.107232e-01 8.838470e-08 -1.645023e-02 1.335197e-05 -3.598673e-08 -1.124271e-06
19.07          2.724318e-01 6.504928e-08 -2.055606e-02 2.724194e-01 1.012490e-07 -2.055507e-02 1.242655e-05 -3.619972e-08 -9.968087e-07
19.08          2.114711e-01 6.236089e-08 -1.541260e-02 2.114581e-01 9.777218e-08 -1.541157e-02 1.299985e-05 -3.541130e-08 -1.029789e-06
19.09          2.052820e-01 7.020184e-08 -1.443568e-02 2.052688e-01 1.049891e-07 -1.443466e-02 1.313052e-05 -3.478729e-08 -1.019881e-06
19.1           2.489059e-01 7.844535e-08 -1.686912e-02 2.488936e-01 1.144802e-07 -1.686820e-02 1.231244e-05 -3.603485e-08 -9.132558e-07
19.11          2.168843e-01 7.492398e-08 -1.415446e-02 2.168721e-01 1.112607e-07 -1.415360e-02 1.225471e-05 -3.633670e-08 -8.631972e-07
19.12          2.083405e-01 7.630810e-08 -1.307786e-02 2.083284e-01 1.126049e-07 -1.307705e-02 1.211260e-05 -3.629685e-08 -8.187245e-07
19.13          2.100899e-01 7.889418e-08 -1.266868e-02 2.100780e-01 1.143343e-07 -1.266791e-02 1.185760e-05 -3.544013e-08 -7.694137e-07
19.14          2.217309e-01 8.532010e-08 -1.282826e-02 2.217194e-01 1.209478e-07 -1.282756e-02 1.142552e-05 -3.562774e-08 -6.962009e-07
19.15          1.988926e-01 8.002171e-08 -1.102686e-02 1.988814e-01 1.151101e-07 -1.102620e-02 1.121935e-05 -3.508840e-08 -6.603298e-07
19.16          2.174747e-01 9.165646e-08 -1.153686e-02 2.174644e-01 1.303373e-07 -1.153634e-02 1.033021e-05 -3.868082e-08 -5.268612e-07
19.17          2.132028e-01 7.514870e-08 -1.080744e-02 2.131930e-01 1.141635e-07 -1.080697e-02 9.822687e-06 -3.901477e-08 -4.661250e-07
19.18          2.001636e-01 7.298061e-08 -9.681359e-03 2.001539e-01 1.118798e-07 -9.680950e-03 9.609888e-06 -3.889918e-08 -4.081889e-07
19.19          2.008765e-01 7.332050e-08 -9.255688e-03 2.008671e-01 1.111738e-07 -9.255328e-03 9.398785e-06 -3.785333e-08 -3.605603e-07
19.2           2.083528e-01 6.887969e-08 -9.130363e-03 2.083438e-01 1.065981e-07 -9.130056e-03 8.922858e-06 -3.771842e-08 -3.064933e-07
19.21          1.826078e-01 6.808462e-08 -7.598115e-03 1.825989e-01 1.050787e-07 -7.597829e-03 8.862900e-06 -3.699407e-08 -2.858194e-07
19.22          1.755181e-01 7.186296e-08 -6.920924e-03 1.755093e-01 1.080456e-07 -6.920642e-03 8.808838e-06 -3.618261e-08 -2.813712e-07
19.23          1.795504e-01 7.593815e-08 -6.695220e-03 1.795418e-01 1.118822e-07 -6.694963e-03 8.546777e-06 -3.594406e-08 -2.574355e-07
19.24          1.758712e-01 7.467539e-08 -6.188069e-03 1.758631e-01 1.115664e-07 -6.187852e-03 8.112521e-06 -3.689106e-08 -2.173901e-07
19.25          1.741110e-01 7.313343e-08 -5.766950e-03 1.741032e-01 1.104511e-07 -5.766765e-03 7.758271e-06 -3.731763e-08 -1.848025e-07
19.26          1.806554e-01 7.097035e-08 -5.618200e-03 1.806482e-01 1.104403e-07 -5.618071e-03 7.181497e-06 -3.946993e-08 -1.286143e-07
19.27          1.721534e-01 6.067934e-08 -5.013205e-03 1.721467e-01 1.024816e-07 -5.013129e-03 6.737854e-06 -4.180229e-08 -7.621389e-08
19.28          1.567923e-01 6.366987e-08 -4.262732e-03 1.567858e-01 1.069825e-07 -4.262673e-03 6.514307e-06 -4.331259e-08 -5.924241e-08
19.29          1.562641e-01 6.235142e-08 -3.953074e-03 1.562579e-01 1.069600e-07 -3.953037e-03 6.219133e-06 -4.460859e-08 -3.644346e-08
19.3           1.554038e-01 5.933254e-08 -3.645095e-03 1.553980e-01 1.061605e-07 -3.645087e-03 5.845973e-06 -4.682791e-08 -8.443810e-09
19.31          1.514695e-01 5.720037e-08 -3.281311e-03 1.514640e-01 1.060335e-07 -3.281333e-03 5.521368e-06 -4.883313e-08 2.121899e-08
19.32          1.616885e-01 4.925329e-08 -3.220476e-03 1.616835e-01 1.023902e-07 -3.220547e-03 5.013858e-06 -5.313694e-08 7.139333e-08
19.33          1.498125e-01 4.636455e-08 -2.730689e-03 1.498078e-01 1.029162e-07 -2.730796e-03 4.691536e-06 -5.655169e-08 1.071283e-07
19.34          1.482838e-01 4.405570e-08 -2.459443e-03 1.482794e-01 1.038906e-07 -2.459582e-03 4.399560e-06 -5.983491e-08 1.383253e-07
19.35          1.480379e-01 4.053357e-08 -2.220124e-03 1.480338e-01 1.048342e-07 -2.220303e-03 4.085075e-06 -6.430063e-08 1.785787e-07
19.36          1.376834e-01 2.746850e-08 -1.853669e-03 1.376796e-01 9.648117e-08 -1.853891e-03 3.788191e-06 -6.901266e-08 2.224729e-07
19.37          1.337495e-01 2.814251e-08 -1.602647e-03 1.337460e-01 1.013541e-07 -1.602908e-03 3.541509e-06 -7.321156e-08 2.612896e-07
19.38          1.426400e-01 2.100022e-08 -1.505566e-03 1.426367e-01 9.861663e-08 -1.505874e-03 3.317808e-06 -7.761641e-08 3.079413e-07
19.39          1.342006e-01 2.472120e-08 -1.232769e-03 1.341975e-01 1.053459e-07 -1.233102e-03 3.160344e-06 -8.062469e-08 3.322422e-07
19.4           1.393327e-01 1.605953e-08 -1.096576e-03 1.393296e-01 9.973497e-08 -1.096951e-03 3.054578e-06 -8.367544e-08 3.742971e-07
19.41          1.367884e-01 1.790620e-08 -9.043324e-04 1.367853e-01 1.037019e-07 -9.047306e-04 3.013466e-06 -8.579566e-08 3.982331e-07
19.42          1.327171e-01 2.318795e-08 -7.179070e-04 1.327141e-01 1.101684e-07 -7.183255e-04 3.018699e-06 -8.698046e-08 4.184744e-07
19.43          1.263951e-01 2.558150e-08 -5.393913e-04 1.263921e-01 1.125340e-07 -5.398112e-04 3.039832e-06 -8.695255e-08 4.198442e-07
19.44          1.211191e-01 3.128833e-08 -3.861112e-04 1.211160e-01 1.183189e-07 -3.865428e-04 3.158241e-06 -8.703052e-08 4.315531e-07
19.45          1.194417e-01 3.136547e-08 -2.591187e-04 1.194384e-01 1.184474e-07 -2.595697e-04 3.344881e-06 -8.708191e-08 4.510145e-07
19.46          1.284491e-01 2.319679e-08 -1.558337e-04 1.284454e-01 1.092021e-07 -1.562994e-04 3.686829e-06 -8.600532e-08 4.657533e-07
19.47          1.189795e-01 3.728667e-08 -3.886231e-05 1.189757e-01 1.204323e-07 -3.930966e-05 3.854006e-06 -8.314558e-08 4.473545e-07
19.48          1.186644e-01 4.497477e-08 5.896198e-05 1.186603e-01 1.246019e-07 5.853386e-05 4.085992e-06 -7.962712e-08 4.281210e-07
19.49          1.195106e-01 5.119516e-08 1.500309e-04 1.195062e-01 1.268897e-07 1.496178e-04 4.422340e-06 -7.569455e-08 4.130874e-07
19.5           1.139005e-01 6.372275e-08 2.215981e-04 1.138959e-01 1.334979e-07 2.212073e-04 4.675034e-06 -6.977517e-08 3.907376e-07
19.51          1.136145e-01 7.438186e-08 2.920250e-04 1.136095e-01 1.373168e-07 2.916584e-04 4.978946e-06 -6.293489e-08 3.666220e-07
19.52          1.129923e-01 7.112471e-08 3.531301e-04 1.129868e-01 1.295056e-07 3.528094e-04 5.444343e-06 -5.838090e-08 3.206599e-07
19.53          1.141721e-01 8.959355e-08 4.133133e-04 1.141662e-01 1.404623e-07 4.129966e-04 5.943000e-06 -5.086875e-08 3.167657e-07
19.54          1.167069e-01 9.634732e-08 4.721631e-04 1.167004e-01 1.382122e-07 4.718529e-04 6.562784e-06 -4.186488e-08 3.102240e-07
19.55          1.033407e-01 1.193849e-07 4.544821e-04 1.033338e-01 1.507516e-07 4.541826e-04 6.899964e-06 -3.136667e-08 2.995311e-07
19.56          1.047502e-01 1.321465e-07 4.911521e-04 1.047429e-01 1.534140e-07 4.908692e-04 7.306869e-06 -2.126750e-08 2.829297e-07
19.57          1.000148e-01 1.457856e-07 4.907948e-04 1.000071e-01 1.559907e-07 4.905288e-04 7.652552e-06 -1.020507e-08 2.659827e-07
19.58          1.044490e-01 1.490797e-07 5.286730e-04 1.044409e-01 1.497782e-07 5.284236e-04 8.158395e-06 -6.984753e-10 2.494130e-07
19.59          9.284215e-02 1.647331e-07 4.769617e-04 9.283370e-02 1.546749e-07 4.767209e-04 8.444648e-06 1.005817e-08 2.407827e-07
19.6           8.664284e-02 1.767858e-07 4.458697e-04 8.663416e-02 1.565392e-07 4.456408e-04 8.681027e-06 2.024659e-08 2.288904e-07
19.61          9.526941e-02 1.726317e-07 4.856903e-04 9.526016e-02 1.465409e-07 4.854552e-04 9.251843e-06 2.609072e-08 2.351369e-07
19.62          9.410884e-02 1.717306e-07 4.678744e-04 9.409907e-02 1.368306e-07 4.676389e-04 9.764648e-06 3.489998e-08 2.355508e-07
19.63          8.337752e-02 1.784707e-07 3.978577e-04 8.336745e-02 1.365513e-07 3.976330e-04 1.007682e-05 4.191937e-08 2.247111e-07
19.64          8.021827e-02 1.863508e-07 3.616182e-04 8.020800e-02 1.388937e-07 3.614109e-04 1.026516e-05 4.745706e-08 2.073640e-07
19.65          1.087968e-01 1.729266e-07 4.568058e-04 1.087857e-01 1.208261e-07 4.566165e-04 1.111332e-05 5.210051e-08 1.892762e-07
19.66          7.253159e-02 1.876621e-07 2.735620e-04 7.252046e-02 1.319308e-07 2.734018e-04 1.113419e-05 5.573126e-08 1.601754e-07
19.67          6.879675e-02 1.933669e-07 2.271228e-04 6.878551e-02 1.335317e-07 2.269876e-04 1.123614e-05 5.983517e-08 1.352396e-07
19.68          7.384286e-02 1.893424e-07 2.048262e-04 7.383132e-02 1.264592e-07 2.047119e-04 1.154101e-05 6.288322e-08 1.142815e-07
19.69          9.425863e-02 1.798342e-07 2.064879e-04 9.424630e-02 1.162365e-07 2.063951e-04 1.232905e-05 6.359766e-08 9.278994e-08
19.7           8.345647e-02 1.789530e-07 1.262838e-04 8.344376e-02 1.183533e-07 1.262188e-04 1.271101e-05 6.059969e-08 6.501662e-08
19.71          6.800407e-02 1.960390e-07 5.144208e-05 6.799142e-02 1.329296e-07 5.138921e-05 1.264563e-05 6.310941e-08 5.287224e-08
19.72          7.603194e-02 1.895532e-07 -3.167856e-06 7.601910e-02 1.224175e-07 -3.212987e-06 1.284353e-05 6.713570e-08 4.513063e-08
19.73          8.590058e-02 1.861327e-07 -7.769596e-05 8.588733e-02 1.217140e-07 -7.769052e-05 1.324830e-05 6.441868e-08 -5.435016e-09
19.74          6.671121e-02 1.892964e-07 -1.245220e-04 6.669789e-02 1.259441e-07 -1.244913e-04 1.331775e-05 6.335230e-08 -3.077148e-08
19.75          6.792041e-02 1.852143e-07 -1.948022e-04 6.790696e-02 1.227530e-07 -1.947720e-04 1.344818e-05 6.246127e-08 -3.024279e-08
19.76          8.232057e-02 1.829537e-07 -3.230215e-04 8.230662e-02 1.191126e-07 -3.229713e-04 1.395027e-05 6.384116e-08 -5.012106e-08
19.77          6.438853e-02 1.906498e-07 -3.272690e-04 6.437464e-02 1.290950e-07 -3.271963e-04 1.389304e-05 6.155479e-08 -7.275671e-08
19.78          5.216970e-02 1.824729e-07 -3.290529e-04 5.215583e-02 1.223380e-07 -3.289657e-04 1.387239e-05 6.013485e-08 -8.724585e-08
19.79          4.551886e-02 1.891458e-07 -3.455117e-04 4.550520e-02 1.293460e-07 -3.454230e-04 1.366788e-05 5.979981e-08 -8.866871e-08
19.8           4.173260e-02 1.860258e-07 -3.728546e-04 4.171897e-02 1.263664e-07 -3.727639e-04 1.362991e-05 5.965942e-08 -9.068050e-08
19.81          6.328725e-02 1.842950e-07 -6.491210e-04 6.327323e-02 1.252936e-07 -6.490191e-04 1.402254e-05 5.900132e-08 -1.019945e-07
19.82          4.367666e-02 1.805810e-07 -5.133360e-04 4.366256e-02 1.228536e-07 -5.132146e-04 1.409944e-05 5.772739e-08 -1.213310e-07
19.83          4.533494e-02 1.829270e-07 -6.004614e-04 4.532081e-02 1.270286e-07 -6.003280e-04 1.413234e-05 5.589841e-08 -1.334369e-07
19.84          4.534859e-02 1.736270e-07 -6.713424e-04 4.533427e-02 1.183932e-07 -6.711773e-04 1.431762e-05 5.523374e-08 -1.650845e-07
19.85          4.798502e-02 1.752017e-07 -7.871331e-04 4.797059e-02 1.225790e-07 -7.869506e-04 1.443013e-05 5.262277e-08 -1.825873e-07
19.86          5.645612e-02 1.689335e-07 -1.018794e-03 5.644137e-02 1.176390e-07 -1.018582e-03 1.474895e-05 5.129457e-08 -2.121105e-07
19.87          5.961033e-02 1.653957e-07 -1.177789e-03 5.959533e-02 1.158791e-07 -1.177543e-03 1.499899e-05 4.951651e-08 -2.463940e-07
19.88          5.057453e-02 1.677614e-07 -1.089956e-03 5.055944e-02 1.200143e-07 -1.089672e-03 1.509192e-05 4.774711e-08 -2.840165e-07
19.89          3.128753e-02 1.852754e-07 -7.342293e-04 3.127280e-02 1.393010e-07 -7.339370e-04 1.472768e-05 4.597442e-08 -2.922265e-07
19.9           4.386067e-02 1.766289e-07 -1.108477e-03 4.384580e-02 1.327981e-07 -1.108148e-03 1.486767e-05 4.383089e-08 -3.290315e-07
19.91          3.615556e-02 1.744261e-07 -9.846038e-04 3.614089e-02 1.292871e-07 -9.842665e-04 1.467672e-05 4.513901e-08 -3.372158e-07
19.92          4.731665e-02 1.792153e-07 -1.379411e-03 4.730165e-02 1.353987e-07 -1.379066e-03 1.499847e-05 4.381659e-08 -3.455695e-07
19.93          5.111343e-02 1.678640e-07 -1.592525e-03 5.109830e-02 1.244806e-07 -1.592154e-03 1.512921e-05 4.338335e-08 -3.711473e-07
19.94          3.234508e-02 1.779721e-07 -1.077304e-03 3.233013e-02 1.378427e-07 -1.076925e-03 1.495734e-05 4.012937e-08 -3.788374e-07
19.95          6.180920e-02 1.631676e-07 -2.181670e-03 6.179404e-02 1.225184e-07 -2.181290e-03 1.516385e-05 4.064920e-08 -3.795051e-07
19.96          3.755475e-02 1.708749e-07 -1.409361e-03 3.753966e-02 1.338485e-07 -1.408944e-03 1.508255e-05 3.702638e-08 -4.169228e-07
19.97          5.507856e-02 1.667108e-07 -2.183921e-03 5.506328e-02 1.346130e-07 -2.183495e-03 1.528359e-05 3.209785e-08 -4.263815e-07
19.98          -5.533577e-03 1.970193e-07 2.233825e-04 -5.547950e-03 1.629142e-07 2.237655e-04 1.437214e-05 3.410512e-08 -3.830058e-07
19.99          3.727057e-02 1.765313e-07 -1.648338e-03 3.725599e-02 1.399664e-07 -1.647981e-03 1.458218e-05 3.656482e-08 -3.566662e-07
20             1.738994e-02 1.905805e-07 -8.135478e-04 1.737574e-02 1.547342e-07 -8.131851e-04 1.419946e-05 3.584630e-08 -3.627446e-07
20.01          6.295332e-02 1.712367e-07 -3.072926e-03 6.293864e-02 1.358433e-07 -3.072510e-03 1.467789e-05 3.539343e-08 -4.157456e-07
20.02          2.497433e-02 1.870453e-07 -1.283432e-03 2.496032e-02 1.512459e-07 -1.283041e-03 1.400478e-05 3.579948e-08 -3.906413e-07
20.03          7.631595e-02 1.671817e-07 -4.091130e-03 7.630136e-02 1.332407e-07 -4.090647e-03 1.459782e-05 3.394105e-08 -4.825935e-07
20.04          3.313506e-02 1.849608e-07 -1.862075e-03 3.312105e-02 1.537394e-07 -1.861571e-03 1.400738e-05 3.122139e-08 -5.034958e-07
20.05          7.357048e-02 1.626975e-07 -4.308701e-03 7.355618e-02 1.322828e-07 -4.308149e-03 1.430500e-05 3.041471e-08 -5.524405e-07
20.06          3.573696e-02 1.801359e-07 -2.187008e-03 3.572325e-02 1.517117e-07 -2.186460e-03 1.371268e-05 2.842424e-08 -5.477036e-07
20.07          7.300488e-02 1.643575e-07 -4.646763e-03 7.299093e-02 1.359574e-07 -4.646185e-03 1.394770e-05 2.840004e-08 -5.783125e-07
20.08          5.718559e-02 1.777689e-07 -3.789349e-03 5.717190e-02 1.488076e-07 -3.788756e-03 1.369896e-05 2.896134e-08 -5.931928e-07
20.09          4.699285e-02 1.828948e-07 -3.237853e-03 4.697957e-02 1.561331e-07 -3.237256e-03 1.327212e-05 2.676171e-08 -5.969907e-07
20.1           5.999591e-02 1.777053e-07 -4.290072e-03 5.998274e-02 1.515305e-07 -4.289449e-03 1.317062e-05 2.617476e-08 -6.226719e-07
20.11          7.392231e-02 1.831475e-07 -5.481127e-03 7.390916e-02 1.532301e-07 -5.480481e-03 1.314935e-05 2.991737e-08 -6.465428e-07
20.12          5.491200e-02 1.828224e-07 -4.220691e-03 5.489930e-02 1.559303e-07 -4.220031e-03 1.270177e-05 2.689206e-08 -6.597140e-07
20.13          8.908349e-02 1.609169e-07 -7.084059e-03 8.907050e-02 1.339463e-07 -7.083355e-03 1.299570e-05 2.697060e-08 -7.041210e-07
20.14          6.694021e-02 1.554502e-07 -5.507112e-03 6.692753e-02 1.363365e-07 -5.506403e-03 1.267308e-05 1.911373e-08 -7.092765e-07
20.15          1.015347e-01 1.498497e-07 -8.628506e-03 1.015218e-01 1.280337e-07 -8.627752e-03 1.292084e-05 2.181595e-08 -7.541805e-07
20.16          8.899238e-02 1.715750e-07 -7.809339e-03 8.897977e-02 1.481883e-07 -7.808592e-03 1.261076e-05 2.338675e-08 -7.472757e-07
20.17          7.278582e-02 1.820017e-07 -6.590575e-03 7.277378e-02 1.593117e-07 -6.589850e-03 1.203756e-05 2.268999e-08 -7.244905e-07
20.18          7.890105e-02 1.953208e-07 -7.364373e-03 7.888943e-02 1.677258e-07 -7.363679e-03 1.161919e-05 2.759505e-08 -6.935180e-07
20.19          8.733744e-02 1.806271e-07 -8.396200e-03 8.732597e-02 1.526344e-07 -8.395505e-03 1.147052e-05 2.799276e-08 -6.950323e-07
20.2           7.481568e-02 1.812732e-07 -7.404136e-03 7.480466e-02 1.567206e-07 -7.403441e-03 1.102263e-05 2.455259e-08 -6.944051e-07
20.21          1.117351e-01 1.509911e-07 -1.137089e-02 1.117238e-01 1.264020e-07 -1.137014e-02 1.132106e-05 2.458902e-08 -7.529881e-07
20.22          1.079603e-01 1.592901e-07 -1.129320e-02 1.079491e-01 1.360689e-07 -1.129242e-02 1.122561e-05 2.322120e-08 -7.835045e-07
20.23          1.087753e-01 1.615766e-07 -1.168769e-02 1.087642e-01 1.383270e-07 -1.168690e-02 1.109551e-05 2.324966e-08 -7.929303e-07
20.24          1.007466e-01 1.709789e-07 -1.111208e-02 1.007360e-01 1.482127e-07 -1.111135e-02 1.065242e-05 2.276618e-08 -7.285600e-07
20.25          1.097330e-01 1.618186e-07 -1.241593e-02 1.097224e-01 1.390569e-07 -1.241519e-02 1.058754e-05 2.276166e-08 -7.494603e-07
20.26          9.403176e-02 1.875509e-07 -1.090873e-02 9.402180e-02 1.658145e-07 -1.090803e-02 9.965604e-06 2.173641e-08 -7.021774e-07
20.27          1.053829e-01 1.939022e-07 -1.252652e-02 1.053733e-01 1.695633e-07 -1.252579e-02 9.631771e-06 2.433890e-08 -7.278272e-07
20.28          1.143302e-01 1.794692e-07 -1.391640e-02 1.143209e-01 1.555994e-07 -1.391571e-02 9.276767e-06 2.386978e-08 -6.921066e-07
20.29          1.246516e-01 1.657630e-07 -1.552906e-02 1.246424e-01 1.472977e-07 -1.552836e-02 9.135449e-06 1.846529e-08 -7.027958e-07
20.3           1.159844e-01 1.646436e-07 -1.478133e-02 1.159755e-01 1.450598e-07 -1.478064e-02 8.891072e-06 1.958381e-08 -6.881949e-07
20.31          1.142001e-01 1.743023e-07 -1.487995e-02 1.141916e-01 1.557718e-07 -1.487930e-02 8.469730e-06 1.853056e-08 -6.555781e-07
20.32          1.238006e-01 1.700209e-07 -1.648335e-02 1.237923e-01 1.529340e-07 -1.648269e-02 8.241873e-06 1.708683e-08 -6.620290e-07
20.33          1.171691e-01 1.801615e-07 -1.593345e-02 1.171613e-01 1.620498e-07 -1.593286e-02 7.771521e-06 1.811173e-08 -5.908848e-07
20.34          1.199272e-01 1.729188e-07 -1.664807e-02 1.199197e-01 1.518147e-07 -1.664751e-02 7.473094e-06 2.110414e-08 -5.592315e-07
20.35          1.392257e-01 1.482645e-07 -1.971882e-02 1.392181e-01 1.277237e-07 -1.971823e-02 7.557066e-06 2.054080e-08 -5.844770e-07
20.36          1.441064e-01 1.386544e-07 -2.081488e-02 1.440989e-01 1.209621e-07 -2.081427e-02 7.556730e-06 1.769235e-08 -6.137823e-07
20.37          1.432586e-01 1.749603e-07 -2.109347e-02 1.432517e-01 1.571680e-07 -2.109294e-02 6.930139e-06 1.779227e-08 -5.340455e-07
20.38          1.167108e-01 1.706943e-07 -1.750978e-02 1.167043e-01 1.525509e-07 -1.750929e-02 6.558648e-06 1.814340e-08 -4.837177e-07
20.39          1.370018e-01 1.494504e-07 -2.093133e-02 1.369953e-01 1.319823e-07 -2.093084e-02 6.514055e-06 1.746810e-08 -4.866724e-07
20.4           1.439072e-01 1.581803e-07 -2.238153e-02 1.439010e-01 1.427016e-07 -2.238107e-02 6.199862e-06 1.547867e-08 -4.646773e-07
20.41          1.507898e-01 1.429948e-07 -2.386325e-02 1.507838e-01 1.294617e-07 -2.386279e-02 6.081678e-06 1.353307e-08 -4.577276e-07
20.42          1.590346e-01 1.489219e-07 -2.559850e-02 1.590288e-01 1.364140e-07 -2.559808e-02 5.843919e-06 1.250792e-08 -4.251301e-07
20.43          1.498035e-01 1.476031e-07 -2.451470e-02 1.497979e-01 1.369347e-07 -2.451432e-02 5.545496e-06 1.066845e-08 -3.804084e-07
20.44          1.491829e-01 1.247350e-07 -2.480923e-02 1.491774e-01 1.163627e-07 -2.480885e-02 5.479482e-06 8.372275e-09 -3.765123e-07
20.45          1.575565e-01 1.559266e-07 -2.661621e-02 1.575515e-01 1.468942e-07 -2.661591e-02 5.023813e-06 9.032451e-09 -2.977356e-07
20.46          1.606526e-01 1.444901e-07 -2.755717e-02 1.606477e-01 1.366563e-07 -2.755689e-02 4.840218e-06 7.833877e-09 -2.750661e-07
20.47          1.528920e-01 1.433449e-07 -2.661941e-02 1.528875e-01 1.366982e-07 -2.661918e-02 4.573244e-06 6.646676e-09 -2.336409e-07
20.48          1.563385e-01 1.500611e-07 -2.761727e-02 1.563342e-01 1.429713e-07 -2.761708e-02 4.286209e-06 7.089716e-09 -1.812974e-07
20.49          1.566009e-01 1.306666e-07 -2.805717e-02 1.565968e-01 1.240112e-07 -2.805704e-02 4.080708e-06 6.655473e-09 -1.305314e-07
20.5           1.623477e-01 1.331420e-07 -2.948965e-02 1.623438e-01 1.280656e-07 -2.948954e-02 3.907843e-06 5.076385e-09 -1.095486e-07
20.51          1.604665e-01 1.213219e-07 -2.954067e-02 1.604628e-01 1.190224e-07 -2.954058e-02 3.748822e-06 2.299438e-09 -8.887105e-08
20.52          1.546523e-01 1.420495e-07 -2.884346e-02 1.546490e-01 1.389380e-07 -2.884345e-02 3.381098e-06 3.111443e-09 -1.424511e-08
20.53          1.564180e-01 1.502122e-07 -2.954426e-02 1.564149e-01 1.448455e-07 -2.954429e-02 3.130745e-06 5.366741e-09 3.278502e-08
20.54          1.773810e-01 1.058276e-07 -3.391719e-02 1.773778e-01 1.063667e-07 -3.391725e-02 3.125657e-06 -5.391334e-10 5.797400e-08
20.55          1.572024e-01 1.349650e-07 -3.042024e-02 1.571995e-01 1.336218e-07 -3.042035e-02 2.880706e-06 1.343204e-09 1.072371e-07
20.56          1.611462e-01 1.217167e-07 -3.154657e-02 1.611435e-01 1.219135e-07 -3.154673e-02 2.738489e-06 -1.967829e-10 1.544705e-07
20.57          1.664095e-01 1.338905e-07 -3.294572e-02 1.664070e-01 1.346025e-07 -3.294594e-02 2.496395e-06 -7.119651e-10 2.191878e-07
20.58          1.754062e-01 9.674770e-08 -3.510775e-02 1.754037e-01 1.025971e-07 -3.510799e-02 2.494721e-06 -5.849440e-09 2.401015e-07
20.59          1.715857e-01 9.994625e-08 -3.470837e-02 1.715833e-01 1.088708e-07 -3.470865e-02 2.393680e-06 -8.924562e-09 2.794595e-07
20.6           1.736761e-01 1.064605e-07 -3.549312e-02 1.736738e-01 1.189151e-07 -3.549344e-02 2.268629e-06 -1.245457e-08 3.273903e-07
20.61          1.713976e-01 9.716023e-08 -3.537669e-02 1.713955e-01 1.157698e-07 -3.537706e-02 2.172483e-06 -1.860953e-08 3.636642e-07
20.62          1.682079e-01 9.539560e-08 -3.505310e-02 1.682059e-01 1.184188e-07 -3.505350e-02 2.069414e-06 -2.302322e-08 4.006182e-07
20.63          1.563677e-01 8.850892e-08 -3.288927e-02 1.563657e-01 1.139796e-07 -3.288970e-02 2.002582e-06 -2.547073e-08 4.299553e-07
20.64          1.882587e-01 8.749989e-08 -3.995222e-02 1.882568e-01 1.192550e-07 -3.995268e-02 1.937303e-06 -3.175507e-08 4.567789e-07
20.65          1.914971e-01 7.289566e-08 -4.099109e-02 1.914952e-01 1.140816e-07 -4.099156e-02 1.893914e-06 -4.118594e-08 4.747107e-07
20.66          1.772737e-01 8.273365e-08 -3.826262e-02 1.772718e-01 1.228731e-07 -3.826313e-02 1.852625e-06 -4.013941e-08 5.104118e-07
20.67          1.797896e-01 5.365422e-08 -3.911527e-02 1.797878e-01 1.031295e-07 -3.911580e-02 1.814692e-06 -4.947525e-08 5.290658e-07
20.68          1.882729e-01 4.641592e-08 -4.127465e-02 1.882711e-01 1.052233e-07 -4.127519e-02 1.782455e-06 -5.880734e-08 5.405674e-07
20.69          1.839757e-01 3.618938e-08 -4.062910e-02 1.839739e-01 1.000397e-07 -4.062964e-02 1.799869e-06 -6.385034e-08 5.403446e-07
20.7           1.879108e-01 3.441479e-08 -4.178969e-02 1.879091e-01 1.058926e-07 -4.179024e-02 1.791582e-06 -7.147784e-08 5.482893e-07
20.71          1.873340e-01 2.194744e-08 -4.194113e-02 1.873322e-01 1.008249e-07 -4.194168e-02 1.816698e-06 -7.887751e-08 5.457696e-07
20.72          1.864360e-01 1.333334e-08 -4.200704e-02 1.864342e-01 1.034396e-07 -4.200758e-02 1.782120e-06 -9.010626e-08 5.421737e-07
20.73          1.796791e-01 -1.117410e-08 -4.073160e-02 1.796772e-01 8.474636e-08 -4.073212e-02 1.938931e-06 -9.592046e-08 5.271741e-07
20.74          1.952992e-01 -1.083752e-09 -4.452816e-02 1.952972e-01 1.002457e-07 -4.452868e-02 1.996103e-06 -1.013295e-07 5.190064e-07
20.75          1.906435e-01 -4.461575e-09 -4.370427e-02 1.906415e-01 1.027899e-07 -4.370478e-02 2.026552e-06 -1.072515e-07 5.152839e-07
20.76          2.026876e-01 -8.586951e-09 -4.670449e-02 2.026856e-01 1.073731e-07 -4.670500e-02 1.997282e-06 -1.159601e-07 5.021551e-07
20.77          1.847621e-01 -5.080494e-08 -4.278074e-02 1.847600e-01 7.205704e-08 -4.278122e-02 2.162624e-06 -1.228620e-07 4.796042e-07
20.78          1.933804e-01 -5.663828e-08 -4.497921e-02 1.933781e-01 7.010329e-08 -4.497967e-02 2.304109e-06 -1.267416e-07 4.629946e-07
20.79          2.025693e-01 -3.850440e-08 -4.731520e-02 2.025671e-01 9.647597e-08 -4.731565e-02 2.254740e-06 -1.349804e-07 4.508043e-07
20.8           2.086816e-01 -4.246750e-08 -4.893397e-02 2.086794e-01 9.912697e-08 -4.893441e-02 2.242559e-06 -1.415945e-07 4.329382e-07
20.81          1.967604e-01 -5.894413e-08 -4.630600e-02 1.967581e-01 8.916400e-08 -4.630641e-02 2.273601e-06 -1.481081e-07 4.117960e-07
20.82          2.076843e-01 -7.186941e-08 -4.903928e-02 2.076820e-01 8.197275e-08 -4.903966e-02 2.359453e-06 -1.538422e-07 3.817350e-07
20.83          1.957650e-01 -1.141545e-07 -4.636477e-02 1.957624e-01 4.694309e-08 -4.636510e-02 2.538094e-06 -1.610976e-07 3.291632e-07
20.84          2.056284e-01 -9.534291e-08 -4.883283e-02 2.056258e-01 7.033053e-08 -4.883314e-02 2.579404e-06 -1.656734e-07 3.109563e-07
20.85          1.800159e-01 -1.662279e-07 -4.285444e-02 1.800130e-01 6.460531e-09 -4.285468e-02 2.907489e-06 -1.726884e-07 2.436819e-07
20.86          2.072926e-01 -1.324299e-07 -4.945214e-02 2.072896e-01 4.432034e-08 -4.945235e-02 3.015208e-06 -1.767502e-07 2.145832e-07
20.87          1.964899e-01 -1.407163e-07 -4.696102e-02 1.964867e-01 3.889151e-08 -4.696118e-02 3.128671e-06 -1.796078e-07 1.660319e-07
20.88          2.099596e-01 -1.493601e-07 -5.025725e-02 2.099564e-01 3.313588e-08 -5.025737e-02 3.277633e-06 -1.824960e-07 1.221144e-07
20.89          2.024562e-01 -1.530269e-07 -4.852142e-02 2.024528e-01 3.180227e-08 -4.852150e-02 3.399470e-06 -1.848291e-07 8.672970e-08
20.9           2.105564e-01 -1.633668e-07 -5.051020e-02 2.105529e-01 2.220410e-08 -5.051026e-02 3.539082e-06 -1.855709e-07 6.314654e-08
20.91          2.105502e-01 -1.559999e-07 -5.054163e-02 2.105466e-01 3.187636e-08 -5.054164e-02 3.625145e-06 -1.878763e-07 1.490527e-08
20.92          2.022195e-01 -1.915481e-07 -4.855929e-02 2.022156e-01 -3.776566e-09 -4.855925e-02 3.887378e-06 -1.877716e-07 -4.252968e-08
20.93          1.973751e-01 -1.951666e-07 -4.739848e-02 1.973710e-01 -6.741077e-09 -4.739839e-02 4.097466e-06 -1.884255e-07 -8.806369e-08
20.94          2.139306e-01 -1.679612e-07 -5.136121e-02 2.139264e-01 1.978050e-08 -5.136111e-02 4.147096e-06 -1.877417e-07 -9.531959e-08
20.95          2.159686e-01 -1.679967e-07 -5.182260e-02 2.159644e-01 2.014656e-08 -5.182250e-02 4.208308e-06 -1.881433e-07 -1.040683e-07
20.96          2.192073e-01 -1.748611e-07 -5.255588e-02 2.192030e-01 1.276922e-08 -5.255574e-02 4.366825e-06 -1.876303e-07 -1.413942e-07
20.97          2.120291e-01 -1.933506e-07 -5.077786e-02 2.120246e-01 -5.261130e-09 -5.077768e-02 4.547062e-06 -1.880895e-07 -1.856536e-07
20.98          2.198021e-01 -1.810236e-07 -5.256422e-02 2.197975e-01 5.515080e-09 -5.256402e-02 4.619022e-06 -1.865387e-07 -1.988154e-07
20.99          2.005988e-01 -2.229412e-07 -4.788975e-02 2.005938e-01 -3.859595e-08 -4.788949e-02 5.002681e-06 -1.843452e-07 -2.661471e-07
21             2.234123e-01 -1.710319e-07 -5.322786e-02 2.234074e-01 1.151973e-08 -5.322760e-02 4.956581e-06 -1.825516e-07 -2.595888e-07
21.01          2.175058e-01 -1.804564e-07 -5.170068e-02 2.175008e-01 3.556745e-10 -5.170041e-02 5.067490e-06 -1.808121e-07 -2.760433e-07
21.02          2.360611e-01 -1.433945e-07 -5.596432e-02 2.360561e-01 3.632655e-08 -5.596406e-02 4.916549e-06 -1.797211e-07 -2.590860e-07
21.03          2.280683e-01 -1.646932e-07 -5.391232e-02 2.280633e-01 1.265959e-08 -5.391203e-02 5.037055e-06 -1.773528e-07 -2.893527e-07
21.04          2.259150e-01 -1.728458e-07 -5.323207e-02 2.259097e-01 3.181385e-09 -5.323174e-02 5.227876e-06 -1.760272e-07 -3.269468e-07
21.05          2.353622e-01 -1.600105e-07 -5.526370e-02 2.353569e-01 1.239586e-08 -5.526335e-02 5.337463e-06 -1.724064e-07 -3.486401e-07
21.06          2.225609e-01 -1.706927e-07 -5.205942e-02 2.225553e-01 -1.567150e-10 -5.205899e-02 5.598407e-06 -1.705359e-07 -4.331379e-07
21.07          2.378330e-01 -1.412828e-07 -5.540321e-02 2.378274e-01 2.548734e-08 -5.540276e-02 5.593380e-06 -1.667701e-07 -4.468242e-07
21.08          2.445577e-01 -1.241981e-07 -5.671878e-02 2.445521e-01 4.025807e-08 -5.671832e-02 5.573721e-06 -1.644561e-07 -4.582370e-07
21.09          2.302233e-01 -1.609710e-07 -5.314370e-02 2.302173e-01 -8.727684e-10 -5.314313e-02 5.951724e-06 -1.600982e-07 -5.634493e-07
21.1           2.272814e-01 -1.443713e-07 -5.220275e-02 2.272752e-01 1.131552e-08 -5.220212e-02 6.164544e-06 -1.556868e-07 -6.271953e-07
21.11          2.497928e-01 -1.221338e-07 -5.706975e-02 2.497865e-01 2.824231e-08 -5.706908e-02 6.261360e-06 -1.503761e-07 -6.696247e-07
21.12          2.372150e-01 -1.249810e-07 -5.389392e-02 2.372087e-01 2.059493e-08 -5.389326e-02 6.362887e-06 -1.455759e-07 -6.601139e-07
21.13          2.272489e-01 -1.210242e-07 -5.132611e-02 2.272425e-01 2.155018e-08 -5.132546e-02 6.478390e-06 -1.425744e-07 -6.515118e-07
21.14          2.479358e-01 -1.141713e-07 -5.565114e-02 2.479292e-01 2.422310e-08 -5.565046e-02 6.609583e-06 -1.383944e-07 -6.799744e-07
21.15          2.316307e-01 -1.170355e-07 -5.165349e-02 2.316240e-01 1.884502e-08 -5.165278e-02 6.760235e-06 -1.358805e-07 -7.130248e-07
21.16          2.231579e-01 -1.391437e-07 -4.942483e-02 2.231506e-01 -7.176275e-09 -4.942401e-02 7.341606e-06 -1.319674e-07 -8.218995e-07
21.17          2.404161e-01 -1.026739e-07 -5.286672e-02 2.404087e-01 2.635610e-08 -5.286590e-02 7.435017e-06 -1.290300e-07 -8.171400e-07
21.18          2.466226e-01 -9.466639e-08 -5.382828e-02 2.466150e-01 3.067167e-08 -5.382745e-02 7.564733e-06 -1.253381e-07 -8.284099e-07
21.19          2.524091e-01 -8.643468e-08 -5.466474e-02 2.524014e-01 3.583812e-08 -5.466389e-02 7.654836e-06 -1.222728e-07 -8.492047e-07
21.2           2.372633e-01 -1.078032e-07 -5.097107e-02 2.372552e-01 1.059818e-08 -5.097013e-02 8.144378e-06 -1.184014e-07 -9.416979e-07
21.21          2.460987e-01 -9.006232e-08 -5.242673e-02 2.460904e-01 2.421276e-08 -5.242574e-02 8.322819e-06 -1.142751e-07 -9.886792e-07
21.22          2.441132e-01 -7.231162e-08 -5.155225e-02 2.441050e-01 3.929957e-08 -5.155129e-02 8.261695e-06 -1.116112e-07 -9.631916e-07
21.23          2.659706e-01 -7.539957e-08 -5.566283e-02 2.659621e-01 3.226657e-08 -5.566183e-02 8.506131e-06 -1.076661e-07 -1.002409e-06
21.24          2.505500e-01 -6.887676e-08 -5.194792e-02 2.505413e-01 3.620314e-08 -5.194690e-02 8.640372e-06 -1.050799e-07 -1.020979e-06
21.25          2.394549e-01 -9.114760e-08 -4.917019e-02 2.394456e-01 1.068755e-08 -4.916904e-02 9.312942e-06 -1.018351e-07 -1.150599e-06
21.26          2.684840e-01 -5.894856e-08 -5.458235e-02 2.684747e-01 3.977295e-08 -5.458123e-02 9.289275e-06 -9.872151e-08 -1.120634e-06
21.27          2.700635e-01 -4.754918e-08 -5.433993e-02 2.700541e-01 4.862214e-08 -5.433875e-02 9.422560e-06 -9.617132e-08 -1.174537e-06
21.28          2.534259e-01 -6.057978e-08 -5.045294e-02 2.534163e-01 3.294897e-08 -5.045172e-02 9.642987e-06 -9.352874e-08 -1.212934e-06
21.29          2.705478e-01 -5.442768e-08 -5.327343e-02 2.705379e-01 3.571566e-08 -5.327218e-02 9.860603e-06 -9.014334e-08 -1.248403e-06
21.3           2.862715e-01 -3.637844e-08 -5.573522e-02 2.862615e-01 5.157663e-08 -5.573399e-02 9.928936e-06 -8.795508e-08 -1.228028e-06
21.31          2.924715e-01 -4.002146e-08 -5.628342e-02 2.924613e-01 4.505788e-08 -5.628214e-02 1.023411e-05 -8.507934e-08 -1.286926e-06
21.32          2.639380e-01 -5.566127e-08 -5.018820e-02 2.639273e-01 2.768783e-08 -5.018683e-02 1.062132e-05 -8.334911e-08 -1.367880e-06
21.33          2.548714e-01 -6.527432e-08 -4.787075e-02 2.548601e-01 1.307893e-08 -4.786920e-02 1.138221e-05 -7.835324e-08 -1.549207e-06
21.34          2.784180e-01 -3.827491e-08 -5.163379e-02 2.784066e-01 3.697312e-08 -5.163223e-02 1.138254e-05 -7.524803e-08 -1.559409e-06
21.35          2.873941e-01 -3.835914e-08 -5.260844e-02 2.873825e-01 3.285836e-08 -5.260684e-02 1.159271e-05 -7.121750e-08 -1.596456e-06
21.36          2.659406e-01 -4.305914e-08 -4.803493e-02 2.659286e-01 2.553548e-08 -4.803326e-02 1.204126e-05 -6.859462e-08 -1.671002e-06
21.37          2.792887e-01 -3.529466e-08 -4.975732e-02 2.792765e-01 3.155820e-08 -4.975563e-02 1.214427e-05 -6.685286e-08 -1.689316e-06
21.38          2.750609e-01 -3.239571e-08 -4.831694e-02 2.750486e-01 3.060269e-08 -4.831521e-02 1.234205e-05 -6.299840e-08 -1.733900e-06
21.39          2.783572e-01 -3.581031e-08 -4.819293e-02 2.783448e-01 2.442442e-08 -4.819122e-02 1.245302e-05 -6.023473e-08 -1.716478e-06
21.4           2.836672e-01 -2.431657e-08 -4.838711e-02 2.836547e-01 3.397072e-08 -4.838543e-02 1.248702e-05 -5.828729e-08 -1.679833e-06
21.41          2.745347e-01 -6.074317e-08 -4.612061e-02 2.745216e-01 -5.989996e-09 -4.611886e-02 1.302553e-05 -5.475317e-08 -1.747354e-06
21.42          3.316804e-01 -8.544341e-09 -5.485459e-02 3.316679e-01 4.668183e-08 -5.485299e-02 1.242267e-05 -5.522617e-08 -1.599665e-06
21.43          3.401086e-01 -1.767453e-08 -5.535454e-02 3.400963e-01 3.692654e-08 -5.535298e-02 1.233698e-05 -5.460108e-08 -1.553946e-06
21.44          2.983619e-01 -5.524815e-08 -4.777059e-02 2.983490e-01 -2.163111e-09 -4.776898e-02 1.284650e-05 -5.308504e-08 -1.606726e-06
21.45          2.984327e-01 -5.226219e-08 -4.698393e-02 2.984197e-01 1.824712e-09 -4.698229e-02 1.298093e-05 -5.408690e-08 -1.639734e-06
21.46          2.901499e-01 -5.628713e-08 -4.489809e-02 2.901364e-01 -3.636083e-09 -4.489638e-02 1.347961e-05 -5.265104e-08 -1.712691e-06
21.47          3.071132e-01 -4.826003e-08 -4.668917e-02 3.070995e-01 1.584182e-09 -4.668745e-02 1.371421e-05 -4.984421e-08 -1.719377e-06
21.48          2.600153e-01 -6.236874e-08 -3.881964e-02 2.600007e-01 -1.573688e-08 -3.881776e-02 1.464729e-05 -4.663186e-08 -1.879742e-06
21.49          2.877128e-01 -3.931987e-08 -4.216218e-02 2.876981e-01 4.576636e-09 -4.216031e-02 1.470843e-05 -4.389651e-08 -1.872638e-06
21.5           2.994091e-01 -3.022027e-08 -4.304773e-02 2.993947e-01 1.155640e-08 -4.304592e-02 1.443955e-05 -4.177667e-08 -1.813142e-06
21.51          2.912835e-01 -2.422141e-08 -4.107002e-02 2.912688e-01 1.502606e-08 -4.106824e-02 1.462086e-05 -3.924747e-08 -1.780790e-06
21.52          2.625445e-01 -3.382988e-08 -3.628647e-02 2.625294e-01 1.600506e-09 -3.628461e-02 1.512382e-05 -3.543039e-08 -1.856895e-06
21.53          3.087969e-01 -9.490796e-09 -4.181289e-02 3.087823e-01 2.411175e-08 -4.181113e-02 1.462477e-05 -3.360255e-08 -1.755299e-06
21.54          2.843718e-01 -1.792492e-08 -3.770812e-02 2.843570e-01 1.405886e-08 -3.770639e-02 1.483771e-05 -3.198378e-08 -1.729688e-06
21.55          2.912125e-01 -1.583464e-08 -3.779651e-02 2.911974e-01 1.276844e-08 -3.779476e-02 1.509521e-05 -2.860308e-08 -1.749713e-06
21.56          2.973489e-01 9.139620e-10 -3.775594e-02 2.973341e-01 2.874751e-08 -3.775423e-02 1.480760e-05 -2.783355e-08 -1.709661e-06
21.57          3.154260e-01 -2.330733e-09 -3.916143e-02 3.154117e-01 2.585386e-08 -3.915985e-02 1.428700e-05 -2.818459e-08 -1.582376e-06
21.58          2.806319e-01 -6.426281e-09 -3.405096e-02 2.806171e-01 1.951831e-08 -3.404937e-02 1.474780e-05 -2.594460e-08 -1.594272e-06
21.59          3.202383e-01 1.200339e-08 -3.795052e-02 3.202243e-01 3.980882e-08 -3.794905e-02 1.406309e-05 -2.780543e-08 -1.464921e-06
21.6           2.488811e-01 -1.226882e-08 -2.879246e-02 2.488665e-01 1.417824e-08 -2.879092e-02 1.462995e-05 -2.644706e-08 -1.545234e-06
21.61          2.371679e-01 1.189245e-09 -2.676775e-02 2.371526e-01 2.095507e-08 -2.676611e-02 1.529987e-05 -1.976582e-08 -1.635980e-06
21.62          2.921004e-01 3.483264e-08 -3.214013e-02 2.920857e-01 5.320910e-08 -3.213860e-02 1.466008e-05 -1.837646e-08 -1.538966e-06
21.63          2.342258e-01 2.830076e-08 -2.511263e-02 2.342105e-01 4.244271e-08 -2.511104e-02 1.530611e-05 -1.414195e-08 -1.594759e-06
21.64          2.475345e-01 4.259039e-08 -2.584051e-02 2.475192e-01 5.320466e-08 -2.583894e-02 1.527581e-05 -1.061427e-08 -1.570205e-06
21.65          3.264260e-01 7.275194e-08 -3.315378e-02 3.264122e-01 8.535742e-08 -3.315247e-02 1.379674e-05 -1.260548e-08 -1.305657e-06
21.66          2.419817e-01 4.358570e-08 -2.390025e-02 2.419675e-01 5.452747e-08 -2.389894e-02 1.421747e-05 -1.094177e-08 -1.312918e-06
21.67          2.669080e-01 6.186615e-08 -2.561380e-02 2.668942e-01 7.347890e-08 -2.561254e-02 1.386608e-05 -1.161276e-08 -1.256979e-06
21.68          2.929300e-01 6.577297e-08 -2.729282e-02 2.929168e-01 7.660515e-08 -2.729168e-02 1.314599e-05 -1.083219e-08 -1.134748e-06
21.69          2.713933e-01 6.093902e-08 -2.453275e-02 2.713803e-01 7.125693e-08 -2.453168e-02 1.299943e-05 -1.031791e-08 -1.073543e-06
21.7           2.529796e-01 4.857828e-08 -2.216899e-02 2.529664e-01 5.706537e-08 -2.216794e-02 1.313504e-05 -8.487093e-09 -1.048032e-06
21.71          2.517709e-01 5.167528e-08 -2.136985e-02 2.517576e-01 5.667672e-08 -2.136879e-02 1.329573e-05 -5.001448e-09 -1.061887e-06
21.72          2.465439e-01 8.003642e-08 -2.025176e-02 2.465308e-01 8.428831e-08 -2.025075e-02 1.312044e-05 -4.251887e-09 -1.005102e-06
21.73          2.776949e-01 9.381276e-08 -2.205438e-02 2.776824e-01 9.930115e-08 -2.205348e-02 1.242060e-05 -5.488393e-09 -8.998851e-07
21.74          2.350149e-01 8.466553e-08 -1.803116e-02 2.350025e-01 9.152380e-08 -1.803028e-02 1.242908e-05 -6.858275e-09 -8.884896e-07
21.75          2.248180e-01 8.307533e-08 -1.664658e-02 2.248054e-01 8.670689e-08 -1.664570e-02 1.258901e-05 -3.631555e-09 -8.819966e-07
21.76          2.520039e-01 9.868374e-08 -1.798840e-02 2.519917e-01 9.850993e-08 -1.798759e-02 1.221050e-05 1.738097e-10 -8.094538e-07
21.77          2.346620e-01 1.002109e-07 -1.613219e-02 2.346501e-01 1.019753e-07 -1.613143e-02 1.192652e-05 -1.764332e-09 -7.629444e-07
21.78          2.356140e-01 9.819606e-08 -1.558217e-02 2.356026e-01 9.991063e-08 -1.558147e-02 1.147990e-05 -1.714568e-09 -6.953629e-07
21.79          2.265104e-01 8.131567e-08 -1.439443e-02 2.264990e-01 8.152047e-08 -1.439379e-02 1.135072e-05 -2.048034e-10 -6.374209e-07
21.8           2.400754e-01 1.030131e-07 -1.464054e-02 2.400648e-01 1.046921e-07 -1.464000e-02 1.069319e-05 -1.679062e-09 -5.405122e-07
21.81          2.055817e-01 9.114656e-08 -1.201656e-02 2.055709e-01 9.129201e-08 -1.201603e-02 1.080736e-05 -1.454445e-10 -5.309891e-07
21.82          2.027591e-01 9.618355e-08 -1.134291e-02 2.027484e-01 9.383041e-08 -1.134239e-02 1.071733e-05 2.353138e-09 -5.172483e-07
21.83          2.034697e-01 1.024341e-07 -1.087768e-02 2.034593e-01 9.854764e-08 -1.087721e-02 1.040862e-05 3.886465e-09 -4.673277e-07
21.84          1.904618e-01 1.003358e-07 -9.716015e-03 1.904516e-01 9.389904e-08 -9.715572e-03 1.017851e-05 6.436745e-09 -4.429210e-07
21.85          1.685579e-01 9.883604e-08 -8.192332e-03 1.685476e-01 8.713505e-08 -8.191871e-03 1.032753e-05 1.170100e-08 -4.604803e-07
21.86          1.749294e-01 1.090509e-07 -8.085542e-03 1.749193e-01 9.320857e-08 -8.085095e-03 1.015057e-05 1.584236e-08 -4.473414e-07
21.87          1.852557e-01 1.138857e-07 -8.128397e-03 1.852461e-01 9.548634e-08 -8.128012e-03 9.525956e-06 1.839938e-08 -3.850119e-07
21.88          1.719154e-01 1.126257e-07 -7.147460e-03 1.719061e-01 9.106455e-08 -7.147110e-03 9.241088e-06 2.156113e-08 -3.501204e-07
21.89          1.761703e-01 1.163154e-07 -6.925033e-03 1.761615e-01 9.266441e-08 -6.924735e-03 8.769224e-06 2.365102e-08 -2.986851e-07
21.9           1.804002e-01 1.173740e-07 -6.689898e-03 1.803920e-01 9.405156e-08 -6.689723e-03 8.235797e-06 2.332248e-08 -1.757081e-07
21.91          1.683062e-01 1.157317e-07 -5.874065e-03 1.682983e-01 9.139801e-08 -5.873920e-03 7.869556e-06 2.433373e-08 -1.455942e-07
21.92          1.768580e-01 1.326622e-07 -5.793559e-03 1.768508e-01 1.102401e-07 -5.793458e-03 7.219400e-06 2.242210e-08 -1.008467e-07
21.93          1.676414e-01 1.110858e-07 -5.140389e-03 1.676345e-01 8.769335e-08 -5.140325e-03 6.910415e-06 2.339241e-08 -6.398665e-08
21.94          1.653839e-01 1.102582e-07 -4.731937e-03 1.653773e-01 8.506768e-08 -4.731902e-03 6.614438e-06 2.519054e-08 -3.503242e-08
21.95          1.627273e-01 1.112493e-07 -4.329698e-03 1.627211e-01 8.512572e-08 -4.329691e-03 6.242693e-06 2.612360e-08 -6.166011e-09
21.96          1.502794e-01 1.076710e-07 -3.704750e-03 1.502735e-01 7.965105e-08 -3.704766e-03 5.963031e-06 2.801992e-08 1.634106e-08
21.97          1.500331e-01 1.095844e-07 -3.412485e-03 1.500274e-01 7.947975e-08 -3.412524e-03 5.656149e-06 3.010469e-08 3.925965e-08
21.98          1.460493e-01 1.113798e-07 -3.050838e-03 1.460440e-01 7.868563e-08 -3.050902e-03 5.374489e-06 3.269422e-08 6.406058e-08
21.99          1.504521e-01 1.151295e-07 -2.871124e-03 1.504472e-01 8.202262e-08 -2.871230e-03 4.952994e-06 3.310684e-08 1.053126e-07
22             1.411314e-01 1.046463e-07 -2.446143e-03 1.411267e-01 6.802600e-08 -2.446283e-03 4.731878e-06 3.662030e-08 1.402059e-07
22.01          1.453840e-01 1.172114e-07 -2.272785e-03 1.453796e-01 7.894312e-08 -2.272975e-03 4.360265e-06 3.826825e-08 1.902066e-07
22.02          1.378936e-01 1.178821e-07 -1.928985e-03 1.378895e-01 7.727618e-08 -1.929217e-03 4.058197e-06 4.060590e-08 2.322973e-07
22.03          1.423872e-01 1.192382e-07 -1.765248e-03 1.423835e-01 7.732387e-08 -1.765536e-03 3.737783e-06 4.191435e-08 2.881376e-07
22.04          1.396409e-01 1.203692e-07 -1.516993e-03 1.396375e-01 7.625882e-08 -1.517326e-03 3.494565e-06 4.411039e-08 3.330555e-07
22.05          1.373943e-01 1.205438e-07 -1.289396e-03 1.373910e-01 7.474555e-08 -1.289768e-03 3.288560e-06 4.579822e-08 3.722726e-07
22.06          1.462821e-01 1.173811e-07 -1.164284e-03 1.462789e-01 7.163072e-08 -1.164707e-03 3.134037e-06 4.575034e-08 4.237896e-07
22.07          1.317199e-01 1.120382e-07 -8.683540e-04 1.317169e-01 6.802386e-08 -8.688145e-04 3.042785e-06 4.401429e-08 4.605055e-07
22.08          1.349079e-01 1.019785e-07 -7.123310e-04 1.349048e-01 5.899496e-08 -7.128200e-04 3.081130e-06 4.298352e-08 4.890001e-07
22.09          1.228230e-01 1.008631e-07 -4.951710e-04 1.228200e-01 6.158881e-08 -4.956702e-04 3.058851e-06 3.927425e-08 4.991385e-07
22.1           1.202653e-01 9.201940e-08 -3.420778e-04 1.202622e-01 5.542281e-08 -3.425782e-04 3.093490e-06 3.659659e-08 5.003892e-07
22.11          1.298898e-01 8.762225e-08 -2.233345e-04 1.298865e-01 5.403962e-08 -2.238374e-04 3.279738e-06 3.358263e-08 5.029035e-07
22.12          1.201956e-01 8.116726e-08 -7.978048e-05 1.201922e-01 5.147445e-08 -8.027064e-05 3.404828e-06 2.969281e-08 4.901670e-07
22.13          1.309331e-01 7.906034e-08 4.332749e-05 1.309294e-01 5.198475e-08 4.285768e-05 3.756782e-06 2.707558e-08 4.698035e-07
22.14          1.226899e-01 7.323875e-08 1.540333e-04 1.226859e-01 5.090754e-08 1.535893e-04 3.990877e-06 2.233121e-08 4.439170e-07
22.15          1.174662e-01 6.892842e-08 2.482110e-04 1.174620e-01 5.092149e-08 2.478052e-04 4.185537e-06 1.800694e-08 4.057354e-07
22.16          1.266327e-01 6.724677e-08 3.682808e-04 1.266280e-01 5.308795e-08 3.679058e-04 4.678135e-06 1.415882e-08 3.750219e-07
22.17          1.137896e-01 5.917751e-08 4.131279e-04 1.137846e-01 4.922868e-08 4.127897e-04 4.996676e-06 9.948826e-09 3.382367e-07
22.18          1.162535e-01 5.463602e-08 4.987318e-04 1.162481e-01 4.557570e-08 4.984294e-04 5.394800e-06 9.060321e-09 3.023751e-07
22.19          1.156252e-01 5.695446e-08 5.644961e-04 1.156195e-01 5.135942e-08 5.642183e-04 5.773257e-06 5.595043e-09 2.778649e-07
22.2           1.142349e-01 5.564276e-08 6.172570e-04 1.142286e-01 5.320480e-08 6.170194e-04 6.309350e-06 2.437956e-09 2.375284e-07
22.21          8.985160e-02 4.396894e-08 5.250627e-04 8.984524e-02 4.523389e-08 5.248553e-04 6.363026e-06 -1.264946e-09 2.074057e-07
22.22          1.001422e-01 4.633283e-08 6.242901e-04 1.001354e-01 5.046600e-08 6.241113e-04 6.765849e-06 -4.133167e-09 1.787582e-07
22.23          1.026111e-01 4.573458e-08 6.719789e-04 1.026038e-01 5.209585e-08 6.718254e-04 7.284069e-06 -6.361273e-09 1.534574e-07
22.24          9.502518e-02 4.232877e-08 6.449854e-04 9.501756e-02 5.003081e-08 6.448519e-04 7.620325e-06 -7.702037e-09 1.334363e-07
22.25          1.032979e-01 4.902366e-08 7.194779e-04 1.032897e-01 5.724739e-08 7.193721e-04 8.209386e-06 -8.223731e-09 1.058367e-07
22.26          9.982876e-02 4.785574e-08 7.055093e-04 9.982011e-02 5.611339e-08 7.054125e-04 8.645380e-06 -8.257655e-09 9.678867e-08
22.27          9.936611e-02 4.307620e-08 7.055717e-04 9.935700e-02 5.176777e-08 7.054759e-04 9.115574e-06 -8.691570e-09 9.584372e-08
22.28          8.479781e-02 4.063206e-08 5.981342e-04 8.478848e-02 4.942716e-08 5.980368e-04 9.333884e-06 -8.795099e-09 9.743940e-08
22.29          9.691204e-02 5.048138e-08 6.741820e-04 9.690230e-02 5.865735e-08 6.740888e-04 9.734599e-06 -8.175962e-09 9.324256e-08
22.3           9.441520e-02 5.111014e-08 6.401454e-04 9.440500e-02 5.934246e-08 6.400657e-04 1.019572e-05 -8.232323e-09 7.968240e-08
22.31          8.528002e-02 5.277129e-08 5.567827e-04 8.526951e-02 6.204397e-08 5.567079e-04 1.050701e-05 -9.272681e-09 7.477902e-08
22.32          7.325470e-02 4.768468e-08 4.544015e-04 7.324397e-02 5.901471e-08 4.543326e-04 1.073516e-05 -1.133003e-08 6.892397e-08
22.33          8.368585e-02 5.456760e-08 4.879750e-04 8.367467e-02 6.852935e-08 4.879053e-04 1.117863e-05 -1.396174e-08 6.974679e-08
22.34          8.623207e-02 5.960213e-08 4.635682e-04 8.622039e-02 7.268770e-08 4.635198e-04 1.167328e-05 -1.308557e-08 4.838652e-08
22.35          7.601714e-02 3.899215e-08 3.679506e-04 7.600520e-02 5.373372e-08 3.679359e-04 1.194150e-05 -1.474157e-08 1.463743e-08
22.36          8.777407e-02 3.813241e-08 3.736148e-04 8.776169e-02 5.308574e-08 3.736173e-04 1.238218e-05 -1.495333e-08 -2.440025e-09
22.37          7.942519e-02 1.904198e-08 2.844982e-04 7.941246e-02 3.576671e-08 2.845151e-04 1.272981e-05 -1.672473e-08 -1.689864e-08
22.38          6.209944e-02 2.116441e-08 1.750520e-04 6.208665e-02 3.587747e-08 1.750501e-04 1.279683e-05 -1.471306e-08 1.898230e-09
22.39          5.281042e-02 2.328400e-08 1.052277e-04 5.279774e-02 3.602854e-08 1.052334e-04 1.268372e-05 -1.274455e-08 -5.746233e-09
22.4           8.227474e-02 4.930151e-08 9.557186e-05 8.226148e-02 5.519616e-08 9.560413e-05 1.325244e-05 -5.894642e-09 -3.226660e-08
22.41          7.856579e-02 4.933228e-08 1.682024e-05 7.855205e-02 5.262976e-08 1.689653e-05 1.374046e-05 -3.297473e-09 -7.628469e-08
22.42          5.287437e-02 4.609843e-08 -4.444097e-05 5.286076e-02 5.017583e-08 -4.433188e-05 1.360368e-05 -4.077403e-09 -1.090860e-07
22.43          6.931633e-02 5.566258e-08 -1.309722e-04 6.930234e-02 6.135145e-08 -1.308131e-04 1.398848e-05 -5.688870e-09 -1.591304e-07
22.44          6.980855e-02 5.820176e-08 -2.117072e-04 6.979424e-02 6.698243e-08 -2.115049e-04 1.431439e-05 -8.780663e-09 -2.023421e-07
22.45          4.086495e-02 4.003405e-08 -1.763075e-04 4.085095e-02 5.261100e-08 -1.760913e-04 1.399530e-05 -1.257695e-08 -2.161977e-07
22.46          7.062084e-02 4.765078e-08 -3.894749e-04 7.060631e-02 6.086279e-08 -3.892540e-04 1.453327e-05 -1.321201e-08 -2.208655e-07
22.47          7.168850e-02 4.782455e-08 -4.910096e-04 7.167361e-02 6.142246e-08 -4.907596e-04 1.488445e-05 -1.359791e-08 -2.499906e-07
22.48          2.514468e-02 2.580779e-08 -2.120225e-04 2.513037e-02 4.192216e-08 -2.117775e-04 1.431259e-05 -1.611437e-08 -2.449826e-07
22.49          5.077692e-02 4.660383e-08 -4.948871e-04 5.076242e-02 6.295151e-08 -4.946382e-04 1.449753e-05 -1.634768e-08 -2.488651e-07
22.5           2.730724e-02 4.495710e-08 -3.109645e-04 2.729301e-02 6.351185e-08 -3.107274e-04 1.422968e-05 -1.855475e-08 -2.371110e-07
22.51          4.261980e-02 5.961663e-08 -5.484434e-04 4.260543e-02 7.946154e-08 -5.481919e-04 1.436804e-05 -1.984491e-08 -2.514286e-07
22.52          4.477653e-02 7.208160e-08 -6.488614e-04 4.476205e-02 9.195219e-08 -6.486010e-04 1.448467e-05 -1.987059e-08 -2.604222e-07
22.53          3.922381e-02 6.954828e-08 -6.354845e-04 3.920938e-02 9.034289e-08 -6.352251e-04 1.443371e-05 -2.079461e-08 -2.593939e-07
22.54          4.463795e-02 7.301693e-08 -7.997854e-04 4.462345e-02 9.469700e-08 -7.995179e-04 1.449811e-05 -2.168007e-08 -2.675025e-07
22.55          4.255897e-02 9.346707e-08 -8.394925e-04 4.254450e-02 1.135011e-07 -8.392345e-04 1.446877e-05 -2.003400e-08 -2.580073e-07
22.56          4.331611e-02 1.208454e-07 -9.342889e-04 4.330144e-02 1.402047e-07 -9.340139e-04 1.466761e-05 -1.935925e-08 -2.749366e-07
22.57          1.573360e-02 1.372626e-07 -3.741572e-04 1.571932e-02 1.578531e-07 -3.738721e-04 1.427144e-05 -2.059050e-08 -2.850936e-07
22.58          6.896499e-02 2.240848e-07 -1.748235e-03 6.895002e-02 2.413610e-07 -1.747897e-03 1.497678e-05 -1.727622e-08 -3.379551e-07
22.59          1.208825e-02 2.135171e-07 -3.371495e-04 1.207380e-02 2.331954e-07 -3.367923e-04 1.445080e-05 -1.967824e-08 -3.571887e-07
22.6           2.986349e-02 2.565130e-07 -8.822532e-04 2.984904e-02 2.775018e-07 -8.818574e-04 1.445365e-05 -2.098875e-08 -3.958006e-07
22.61          4.894771e-02 2.843302e-07 -1.543297e-03 4.893293e-02 3.085440e-07 -1.542908e-03 1.478039e-05 -2.421376e-08 -3.887529e-07
22.62          2.152948e-02 2.489870e-07 -7.293601e-04 2.151502e-02 2.716589e-07 -7.289495e-04 1.446080e-05 -2.267189e-08 -4.106588e-07
22.63          4.071515e-02 2.565887e-07 -1.460738e-03 4.070048e-02 2.798130e-07 -1.460360e-03 1.467077e-05 -2.322424e-08 -3.781350e-07
22.64          2.078001e-02 2.268898e-07 -7.957482e-04 2.076558e-02 2.472292e-07 -7.953573e-04 1.443230e-05 -2.033939e-08 -3.909516e-07
22.65          4.325007e-02 2.200336e-07 -1.745574e-03 4.323546e-02 2.391049e-07 -1.745138e-03 1.461012e-05 -1.907127e-08 -4.361833e-07
22.66          3.231761e-02 1.607342e-07 -1.380561e-03 3.230298e-02 1.823849e-07 -1.380089e-03 1.463543e-05 -2.165075e-08 -4.722276e-07
22.67          4.237539e-02 1.587964e-07 -1.907245e-03 4.236062e-02 1.792522e-07 -1.906752e-03 1.476450e-05 -2.045581e-08 -4.935094e-07
22.68          5.244989e-03 1.385341e-07 -2.554516e-04 5.230815e-03 1.588905e-07 -2.549629e-04 1.417431e-05 -2.035636e-08 -4.886789e-07
22.69          7.340537e-02 1.799268e-07 -3.650775e-03 7.339058e-02 1.971725e-07 -3.650205e-03 1.479340e-05 -1.724575e-08 -5.693942e-07
22.7           6.478052e-02 1.552476e-07 -3.381789e-03 6.476553e-02 1.730443e-07 -3.381142e-03 1.499022e-05 -1.779679e-08 -6.469904e-07
22.71          5.892547e-02 1.049074e-07 -3.223535e-03 5.891058e-02 1.243513e-07 -3.222835e-03 1.489815e-05 -1.944392e-08 -7.002016e-07
22.72          2.535698e-02 3.687084e-08 -1.455476e-03 2.534281e-02 5.882052e-08 -1.454793e-03 1.417590e-05 -2.194968e-08 -6.831512e-07
22.73          6.071211e-02 -2.639848e-08 -3.629366e-03 6.069789e-02 -3.359392e-09 -3.628663e-03 1.422142e-05 -2.303909e-08 -7.030198e-07
22.74          1.755827e-02 -5.287443e-08 -1.100527e-03 1.754492e-02 -2.807216e-08 -1.099879e-03 1.334098e-05 -2.480226e-08 -6.481512e-07
22.75          7.841924e-02 -8.867712e-08 -5.093703e-03 7.840540e-02 -6.453721e-08 -5.092996e-03 1.384553e-05 -2.413991e-08 -7.069009e-07
22.76          4.360032e-02 -4.455851e-08 -2.950464e-03 4.358691e-02 -1.603107e-08 -2.949761e-03 1.341006e-05 -2.852745e-08 -7.032637e-07
22.77          7.045024e-02 2.846361e-09 -4.951135e-03 7.043680e-02 2.841526e-08 -4.950428e-03 1.344089e-05 -2.556890e-08 -7.069568e-07
22.78          5.582993e-02 3.034688e-08 -4.075267e-03 5.581684e-02 5.914123e-08 -4.074621e-03 1.309325e-05 -2.879435e-08 -6.452229e-07
22.79          8.268833e-02 8.841185e-08 -6.257452e-03 8.267502e-02 1.139899e-07 -6.256748e-03 1.330797e-05 -2.557801e-08 -7.043938e-07
22.8           7.034762e-02 1.157273e-07 -5.516724e-03 7.033452e-02 1.394499e-07 -5.516081e-03 1.310344e-05 -2.372257e-08 -6.429414e-07
22.81          6.342742e-02 1.046032e-07 -5.149692e-03 6.341475e-02 1.284345e-07 -5.149093e-03 1.266914e-05 -2.383128e-08 -5.996270e-07
22.82          8.639421e-02 8.938395e-08 -7.252337e-03 8.638157e-02 1.124207e-07 -7.251697e-03 1.263802e-05 -2.303679e-08 -6.405393e-07
22.83          6.976949e-02 3.891007e-08 -6.053122e-03 6.975727e-02 6.245862e-08 -6.052466e-03 1.222051e-05 -2.354855e-08 -6.554872e-07
22.84          6.689901e-02 -4.754777e-09 -5.992520e-03 6.688726e-02 1.937522e-08 -5.991874e-03 1.175115e-05 -2.413000e-08 -6.458730e-07
22.85          7.123003e-02 -4.131976e-08 -6.581531e-03 7.121846e-02 -1.777470e-08 -6.580865e-03 1.157103e-05 -2.354506e-08 -6.652187e-07
22.86          9.091486e-02 -4.275175e-08 -8.657477e-03 9.090333e-02 -2.232053e-08 -8.656769e-03 1.152766e-05 -2.043122e-08 -7.086114e-07
22.87          7.510109e-02 -1.127102e-08 -7.367579e-03 7.509004e-02 9.969839e-09 -7.366864e-03 1.104632e-05 -2.124086e-08 -7.150831e-07
22.88          1.092083e-01 1.947215e-08 -1.102438e-02 1.091973e-01 3.959154e-08 -1.102362e-02 1.101493e-05 -2.011939e-08 -7.585045e-07
22.89          8.644340e-02 5.131580e-08 -8.976234e-03 8.643261e-02 7.441278e-08 -8.975471e-03 1.078150e-05 -2.309698e-08 -7.629438e-07
22.9           1.133486e-01 9.302670e-08 -1.209486e-02 1.133375e-01 1.139564e-07 -1.209403e-02 1.111956e-05 -2.092969e-08 -8.341023e-07
22.91          1.261848e-01 1.239958e-07 -1.382847e-02 1.261738e-01 1.439873e-07 -1.382760e-02 1.102118e-05 -1.999146e-08 -8.757822e-07
22.92          1.029819e-01 1.161349e-07 -1.158479e-02 1.029713e-01 1.359689e-07 -1.158395e-02 1.054269e-05 -1.983399e-08 -8.457737e-07
22.93          1.209223e-01 1.369538e-07 -1.395176e-02 1.209117e-01 1.554227e-07 -1.395086e-02 1.053195e-05 -1.846896e-08 -8.965982e-07
22.94          1.055436e-01 1.320718e-07 -1.248348e-02 1.055335e-01 1.486276e-07 -1.248261e-02 1.016600e-05 -1.655580e-08 -8.717950e-07
22.95          1.111772e-01 1.344497e-07 -1.347116e-02 1.111673e-01 1.493323e-07 -1.347025e-02 9.858174e-06 -1.488254e-08 -9.166042e-07
22.96          1.131373e-01 1.342228e-07 -1.403542e-02 1.131278e-01 1.466773e-07 -1.403452e-02 9.469931e-06 -1.245454e-08 -9.004088e-07
22.97          1.320353e-01 1.385369e-07 -1.676005e-02 1.320258e-01 1.491711e-07 -1.675911e-02 9.430229e-06 -1.063419e-08 -9.399277e-07
22.98          1.169731e-01 1.159330e-07 -1.518576e-02 1.169640e-01 1.271863e-07 -1.518487e-02 9.033765e-06 -1.125330e-08 -8.954217e-07
22.99          1.438870e-01 1.366215e-07 -1.909272e-02 1.438779e-01 1.444206e-07 -1.909178e-02 9.048506e-06 -7.799089e-09 -9.425279e-07
23             1.098515e-01 1.238307e-07 -1.489293e-02 1.098432e-01 1.327587e-07 -1.489206e-02 8.387669e-06 -8.928019e-09 -8.629870e-07
23.01          1.285873e-01 1.288733e-07 -1.779977e-02 1.285792e-01 1.351153e-07 -1.779894e-02 8.128918e-06 -6.241987e-09 -8.349546e-07
23.02          1.182126e-01 1.178432e-07 -1.670091e-02 1.182050e-01 1.243308e-07 -1.670015e-02 7.573585e-06 -6.487584e-09 -7.577699e-07
23.03          1.289181e-01 1.289198e-07 -1.857887e-02 1.289107e-01 1.315387e-07 -1.857813e-02 7.367332e-06 -2.618868e-09 -7.418432e-07
23.04          1.175775e-01 1.179447e-07 -1.727713e-02 1.175706e-01 1.196861e-07 -1.727646e-02 6.864622e-06 -1.741405e-09 -6.722840e-07
23.05          1.389654e-01 1.313979e-07 -2.080948e-02 1.389586e-01 1.295160e-07 -2.080880e-02 6.820693e-06 1.881856e-09 -6.737258e-07
23.06          1.417948e-01 1.383324e-07 -2.162927e-02 1.417881e-01 1.332202e-07 -2.162861e-02 6.648435e-06 5.112265e-09 -6.606088e-07
23.07          1.319536e-01 1.387865e-07 -2.049479e-02 1.319474e-01 1.343255e-07 -2.049417e-02 6.280958e-06 4.461004e-09 -6.230098e-07
23.08          1.557907e-01 1.658512e-07 -2.462634e-02 1.557846e-01 1.583668e-07 -2.462573e-02 6.106212e-06 7.484390e-09 -6.111793e-07
23.09          1.462992e-01 1.829531e-07 -2.352708e-02 1.462932e-01 1.739217e-07 -2.352645e-02 5.946477e-06 9.031464e-09 -6.320699e-07
23.1           1.432609e-01 1.708213e-07 -2.342705e-02 1.432553e-01 1.608284e-07 -2.342652e-02 5.609344e-06 9.992892e-09 -5.308493e-07
23.11          1.476872e-01 1.873417e-07 -2.454864e-02 1.476818e-01 1.760101e-07 -2.454812e-02 5.401035e-06 1.133164e-08 -5.262337e-07
23.12          1.543140e-01 1.707457e-07 -2.606152e-02 1.543089e-01 1.606464e-07 -2.606103e-02 5.099491e-06 1.009937e-08 -4.818513e-07
23.13          1.459566e-01 1.656809e-07 -2.503572e-02 1.459518e-01 1.552130e-07 -2.503530e-02 4.781254e-06 1.046790e-08 -4.247545e-07
23.14          1.587894e-01 1.940329e-07 -2.765141e-02 1.587848e-01 1.815326e-07 -2.765101e-02 4.656782e-06 1.250026e-08 -3.994502e-07
23.15          1.544695e-01 1.785618e-07 -2.729852e-02 1.544650e-01 1.647565e-07 -2.729815e-02 4.454748e-06 1.380529e-08 -3.647452e-07
23.16          1.474306e-01 1.808901e-07 -2.643126e-02 1.474263e-01 1.659662e-07 -2.643092e-02 4.280152e-06 1.492385e-08 -3.331782e-07
23.17          1.656063e-01 1.801228e-07 -3.010739e-02 1.656022e-01 1.638842e-07 -3.010709e-02 4.086401e-06 1.623870e-08 -2.928536e-07
23.18          1.550521e-01 1.496144e-07 -2.857497e-02 1.550483e-01 1.343617e-07 -2.857473e-02 3.823351e-06 1.525271e-08 -2.350611e-07
23.19          1.645447e-01 1.720569e-07 -3.072789e-02 1.645410e-01 1.564719e-07 -3.072770e-02 3.681500e-06 1.558499e-08 -1.946463e-07
23.2           1.650432e-01 1.414721e-07 -3.122002e-02 1.650398e-01 1.266576e-07 -3.121988e-02 3.449341e-06 1.481452e-08 -1.320963e-07
23.21          1.702362e-01 1.477099e-07 -3.260700e-02 1.702330e-01 1.329979e-07 -3.260694e-02 3.255016e-06 1.471198e-08 -6.421525e-08
23.22          1.754354e-01 1.702456e-07 -3.401242e-02 1.754322e-01 1.558711e-07 -3.401240e-02 3.177833e-06 1.437446e-08 -2.720121e-08
23.23          1.568096e-01 1.345570e-07 -3.076133e-02 1.568066e-01 1.205431e-07 -3.076136e-02 3.003600e-06 1.401387e-08 3.328631e-08
23.24          1.682589e-01 1.176918e-07 -3.338606e-02 1.682561e-01 1.042398e-07 -3.338617e-02 2.818053e-06 1.345203e-08 1.008947e-07
23.25          1.588531e-01 9.225110e-08 -3.187129e-02 1.588505e-01 7.827209e-08 -3.187147e-02 2.608091e-06 1.397901e-08 1.780474e-07
23.26          1.724389e-01 1.480652e-07 -3.497009e-02 1.724363e-01 1.371981e-07 -3.497030e-02 2.561184e-06 1.086706e-08 2.147997e-07
23.27          1.147359e-01 9.382619e-08 -2.351268e-02 1.147335e-01 8.473145e-08 -2.351294e-02 2.439283e-06 9.094739e-09 2.596127e-07
23.28          2.032148e-01 1.151338e-07 -4.206475e-02 2.032125e-01 1.084526e-07 -4.206507e-02 2.320856e-06 6.681138e-09 3.217908e-07
23.29          1.711802e-01 1.103033e-07 -3.578075e-02 1.711780e-01 1.040633e-07 -3.578112e-02 2.229848e-06 6.240071e-09 3.651666e-07
23.3           1.787263e-01 1.418140e-07 -3.770988e-02 1.787241e-01 1.373380e-07 -3.771028e-02 2.207200e-06 4.475986e-09 3.971771e-07
23.31          1.747230e-01 8.404390e-08 -3.720049e-02 1.747209e-01 7.944629e-08 -3.720095e-02 2.086029e-06 4.597604e-09 4.661660e-07
23.32          1.804818e-01 1.053551e-07 -3.876282e-02 1.804798e-01 1.032383e-07 -3.876333e-02 2.025130e-06 2.116826e-09 5.104435e-07
23.33          1.626054e-01 6.535437e-08 -3.521827e-02 1.626035e-01 6.139460e-08 -3.521885e-02 1.923785e-06 3.959770e-09 5.818375e-07
23.34          1.834655e-01 1.030743e-07 -4.005814e-02 1.834636e-01 1.032070e-07 -4.005875e-02 1.881698e-06 -1.327441e-10 6.104320e-07
23.35          1.782352e-01 8.649342e-08 -3.921966e-02 1.782333e-01 8.909599e-08 -3.922030e-02 1.840711e-06 -2.602570e-09 6.413280e-07
23.36          1.959049e-01 7.582882e-08 -4.342986e-02 1.959031e-01 7.997881e-08 -4.343054e-02 1.814352e-06 -4.149990e-09 6.780359e-07
23.37          1.625869e-01 6.438193e-08 -3.630176e-02 1.625852e-01 6.990295e-08 -3.630248e-02 1.778176e-06 -5.521015e-09 7.182843e-07
23.38          1.846963e-01 7.765659e-08 -4.151983e-02 1.846945e-01 8.577281e-08 -4.152056e-02 1.755009e-06 -8.116221e-09 7.373517e-07
23.39          1.786873e-01 4.650062e-08 -4.043205e-02 1.786855e-01 5.715973e-08 -4.043278e-02 1.778004e-06 -1.065911e-08 7.330987e-07
23.4           1.853435e-01 5.145146e-08 -4.219932e-02 1.853417e-01 6.424269e-08 -4.220006e-02 1.794508e-06 -1.279122e-08 7.427861e-07
23.41          1.487607e-01 4.596307e-08 -3.407096e-02 1.487589e-01 6.172565e-08 -3.407168e-02 1.806744e-06 -1.576258e-08 7.204441e-07
23.42          2.212119e-01 7.241494e-08 -5.094729e-02 2.212101e-01 9.122199e-08 -5.094803e-02 1.787777e-06 -1.880705e-08 7.385533e-07
23.43          1.871895e-01 4.164531e-08 -4.334041e-02 1.871876e-01 6.405259e-08 -4.334113e-02 1.874317e-06 -2.240727e-08 7.191784e-07
23.44          2.030776e-01 5.258061e-08 -4.725353e-02 2.030757e-01 7.775523e-08 -4.725423e-02 1.918646e-06 -2.517462e-08 7.088993e-07
23.45          1.856907e-01 4.758633e-08 -4.341012e-02 1.856888e-01 7.564370e-08 -4.341081e-02 1.950620e-06 -2.805736e-08 6.938484e-07
23.46          2.042226e-01 6.031171e-08 -4.795043e-02 2.042207e-01 9.139271e-08 -4.795112e-02 1.937274e-06 -3.108100e-08 6.898427e-07
23.47          1.807754e-01 3.448555e-08 -4.261792e-02 1.807734e-01 6.792825e-08 -4.261860e-02 2.025073e-06 -3.344271e-08 6.743984e-07
23.48          2.089739e-01 4.877534e-08 -4.945059e-02 2.089718e-01 8.481201e-08 -4.945126e-02 2.069154e-06 -3.603667e-08 6.689177e-07
23.49          1.900996e-01 3.948993e-08 -4.514010e-02 1.900974e-01 7.777722e-08 -4.514077e-02 2.127180e-06 -3.828729e-08 6.640388e-07
23.5           1.998249e-01 4.584747e-08 -4.759868e-02 1.998227e-01 8.631271e-08 -4.759935e-02 2.143769e-06 -4.046524e-08 6.701750e-07
23.51          2.039949e-01 4.331158e-08 -4.873087e-02 2.039927e-01 8.649175e-08 -4.873152e-02 2.199524e-06 -4.318017e-08 6.442691e-07
23.52          2.082188e-01 4.715673e-08 -4.986725e-02 2.082166e-01 9.328706e-08 -4.986787e-02 2.201004e-06 -4.613033e-08 6.195462e-07
23.53          1.985981e-01 3.291104e-08 -4.767107e-02 1.985958e-01 8.208747e-08 -4.767166e-02 2.313701e-06 -4.917643e-08 5.859831e-07
23.54          1.998593e-01 2.683043e-08 -4.806837e-02 1.998568e-01 7.860818e-08 -4.806892e-02 2.489390e-06 -5.177775e-08 5.498440e-07
23.55          2.051988e-01 3.256818e-08 -4.943541e-02 2.051962e-01 8.652162e-08 -4.943593e-02 2.569282e-06 -5.395344e-08 5.169820e-07
23.56          2.038290e-01 2.670976e-08 -4.917358e-02 2.038263e-01 8.272738e-08 -4.917406e-02 2.709225e-06 -5.601762e-08 4.833862e-07
23.57          2.139437e-01 3.909043e-08 -5.166973e-02 2.139411e-01 9.680546e-08 -5.167019e-02 2.613495e-06 -5.771502e-08 4.619498e-07
23.58          2.032241e-01 2.758417e-08 -4.912029e-02 2.032213e-01 8.680781e-08 -4.912073e-02 2.717204e-06 -5.922364e-08 4.405180e-07
23.59          2.078496e-01 1.892245e-08 -5.026374e-02 2.078467e-01 7.998132e-08 -5.026413e-02 2.950054e-06 -6.105887e-08 3.867411e-07
23.6           2.112342e-01 2.175884e-08 -5.109275e-02 2.112311e-01 8.414289e-08 -5.109310e-02 3.076337e-06 -6.238405e-08 3.524331e-07
23.61          2.048846e-01 1.692427e-08 -4.955254e-02 2.048815e-01 7.993947e-08 -4.955287e-02 3.158481e-06 -6.301519e-08 3.255786e-07
23.62          2.092559e-01 1.539569e-08 -5.059008e-02 2.092527e-01 7.910035e-08 -5.059038e-02 3.259178e-06 -6.370466e-08 3.002345e-07
23.63          2.125063e-01 1.916046e-08 -5.134081e-02 2.125030e-01 8.360078e-08 -5.134108e-02 3.322916e-06 -6.444032e-08 2.688190e-07
23.64          2.132228e-01 1.341816e-08 -5.146387e-02 2.132193e-01 7.881322e-08 -5.146409e-02 3.493563e-06 -6.539506e-08 2.172767e-07
23.65          2.083182e-01 7.849439e-09 -5.021663e-02 2.083145e-01 7.434126e-08 -5.021679e-02 3.713925e-06 -6.649182e-08 1.626033e-07
23.66          2.162360e-01 1.166141e-08 -5.204377e-02 2.162321e-01 7.845289e-08 -5.204390e-02 3.840110e-06 -6.679148e-08 1.232172e-07
23.67          2.197039e-01 2.153358e-08 -5.278010e-02 2.197001e-01 8.836562e-08 -5.278020e-02 3.803752e-06 -6.683205e-08 1.051414e-07
23.68          2.220487e-01 1.320021e-08 -5.322885e-02 2.220447e-01 8.028663e-08 -5.322889e-02 4.003688e-06 -6.708642e-08 4.489259e-08
23.69          2.205300e-01 1.254599e-08 -5.273561e-02 2.205258e-01 7.904993e-08 -5.273562e-02 4.135741e-06 -6.650394e-08 1.721144e-09
23.7           2.234398e-01 1.401469e-08 -5.328485e-02 2.234355e-01 8.112811e-08 -5.328481e-02 4.309489e-06 -6.711342e-08 -3.742163e-08
23.71          2.251272e-01 1.587399e-08 -5.352408e-02 2.251228e-01 8.217996e-08 -5.352400e-02 4.408925e-06 -6.630597e-08 -8.019004e-08
23.72          2.370405e-01 1.714567e-08 -5.616853e-02 2.370359e-01 8.216495e-08 -5.616844e-02 4.512849e-06 -6.501928e-08 -8.640448e-08
23.73          2.303512e-01 1.993982e-08 -5.438526e-02 2.303466e-01 8.353229e-08 -5.438513e-02 4.606959e-06 -6.359247e-08 -1.293879e-07
23.74          2.185851e-01 4.862635e-09 -5.140462e-02 2.185801e-01 6.952306e-08 -5.140441e-02 4.986917e-06 -6.466043e-08 -2.161453e-07
23.75          2.304325e-01 1.034873e-08 -5.396087e-02 2.304274e-01 7.385167e-08 -5.396061e-02 5.164966e-06 -6.350294e-08 -2.584055e-07
23.76          2.350388e-01 1.748222e-08 -5.478962e-02 2.350335e-01 7.915747e-08 -5.478932e-02 5.277774e-06 -6.167524e-08 -2.916798e-07
23.77          2.269669e-01 1.120891e-08 -5.265245e-02 2.269613e-01 7.313318e-08 -5.265208e-02 5.612946e-06 -6.192426e-08 -3.737996e-07
23.78          2.539465e-01 4.399194e-08 -5.860866e-02 2.539410e-01 1.015057e-07 -5.860829e-02 5.474520e-06 -5.751380e-08 -3.677706e-07
23.79          2.352253e-01 2.707000e-08 -5.399364e-02 2.352196e-01 8.428412e-08 -5.399321e-02 5.720211e-06 -5.721412e-08 -4.343008e-07
23.8           2.364636e-01 2.920267e-08 -5.396682e-02 2.364577e-01 8.461615e-08 -5.396636e-02 5.854772e-06 -5.541348e-08 -4.639043e-07
23.81          2.296334e-01 1.944570e-08 -5.209194e-02 2.296271e-01 7.279923e-08 -5.209138e-02 6.237351e-06 -5.335353e-08 -5.650884e-07
23.82          2.589003e-01 4.934259e-08 -5.835901e-02 2.588941e-01 1.002205e-07 -5.835844e-02 6.176101e-06 -5.087789e-08 -5.674918e-07
23.83          2.444090e-01 3.680985e-08 -5.472817e-02 2.444027e-01 8.580613e-08 -5.472756e-02 6.352204e-06 -4.899628e-08 -6.170810e-07
23.84          2.423183e-01 4.423409e-08 -5.388402e-02 2.423119e-01 9.173335e-08 -5.388338e-02 6.414002e-06 -4.749926e-08 -6.401625e-07
23.85          2.577403e-01 4.336308e-08 -5.689858e-02 2.577335e-01 9.053766e-08 -5.689785e-02 6.795629e-06 -4.717458e-08 -7.283486e-07
23.86          2.485940e-01 3.776707e-08 -5.446619e-02 2.485868e-01 8.452151e-08 -5.446535e-02 7.236157e-06 -4.675444e-08 -8.418551e-07
23.87          2.510654e-01 4.529548e-08 -5.457631e-02 2.510580e-01 9.096823e-08 -5.457544e-02 7.428372e-06 -4.567275e-08 -8.783535e-07
23.88          2.577788e-01 5.142282e-08 -5.557871e-02 2.577713e-01 9.521418e-08 -5.557780e-02 7.556117e-06 -4.379136e-08 -9.120183e-07
23.89          2.511536e-01 5.026095e-08 -5.369221e-02 2.511456e-01 9.328696e-08 -5.369118e-02 7.977829e-06 -4.302601e-08 -1.029102e-06
23.9           2.656930e-01 7.478553e-08 -5.630255e-02 2.656849e-01 1.156544e-07 -5.630151e-02 8.051320e-06 -4.086883e-08 -1.045313e-06
23.91          2.683022e-01 6.008640e-08 -5.633950e-02 2.682938e-01 1.003547e-07 -5.633838e-02 8.407305e-06 -4.026832e-08 -1.124700e-06
23.92          2.551760e-01 5.933180e-08 -5.307996e-02 2.551672e-01 9.924516e-08 -5.307871e-02 8.842066e-06 -3.991337e-08 -1.242925e-06
23.93          2.689210e-01 6.813449e-08 -5.539563e-02 2.689119e-01 1.060206e-07 -5.539437e-02 9.074470e-06 -3.788607e-08 -1.267444e-06
23.94          2.558058e-01 6.300708e-08 -5.216522e-02 2.557964e-01 1.007117e-07 -5.216390e-02 9.412705e-06 -3.770466e-08 -1.318890e-06
23.95          2.760876e-01 7.185141e-08 -5.571759e-02 2.760781e-01 1.080845e-07 -5.571626e-02 9.449871e-06 -3.623309e-08 -1.331594e-06
23.96          2.639116e-01 7.682742e-08 -5.269150e-02 2.639021e-01 1.135485e-07 -5.269019e-02 9.494659e-06 -3.672107e-08 -1.304899e-06
23.97          2.533520e-01 6.041674e-08 -5.002606e-02 2.533418e-01 9.677378e-08 -5.002460e-02 1.019571e-05 -3.635705e-08 -1.462224e-06
23.98          2.620838e-01 7.690469e-08 -5.116258e-02 2.620733e-01 1.124859e-07 -5.116103e-02 1.046463e-05 -3.558125e-08 -1.543346e-06
23.99          2.846857e-01 8.525693e-08 -5.492517e-02 2.846751e-01 1.177383e-07 -5.492359e-02 1.061511e-05 -3.248141e-08 -1.575030e-06
24             2.699390e-01 8.507177e-08 -5.145422e-02 2.699281e-01 1.160362e-07 -5.145260e-02 1.083258e-05 -3.096442e-08 -1.625401e-06
24.01          2.535158e-01 7.368518e-08 -4.772698e-02 2.535043e-01 1.036631e-07 -4.772522e-02 1.149170e-05 -2.997793e-08 -1.766282e-06
24.02          2.893346e-01 9.234152e-08 -5.377702e-02 2.893230e-01 1.204825e-07 -5.377523e-02 1.154802e-05 -2.814094e-08 -1.788843e-06
24.03          2.790615e-01 8.519449e-08 -5.119107e-02 2.790497e-01 1.116215e-07 -5.118926e-02 1.178104e-05 -2.642700e-08 -1.812190e-06
24.04          2.811991e-01 1.129461e-07 -5.089153e-02 2.811873e-01 1.393369e-07 -5.088968e-02 1.185321e-05 -2.639081e-08 -1.846489e-06
24.05          2.757913e-01 8.804299e-08 -4.922613e-02 2.757789e-01 1.120919e-07 -4.922422e-02 1.230903e-05 -2.404887e-08 -1.904342e-06
24.06          2.879970e-01 1.009084e-07 -5.067729e-02 2.879847e-01 1.235181e-07 -5.067542e-02 1.227501e-05 -2.260979e-08 -1.871209e-06
24.07          2.784799e-01 9.911339e-08 -4.829185e-02 2.784675e-01 1.209349e-07 -4.829000e-02 1.241388e-05 -2.182152e-08 -1.852430e-06
24.08          3.140320e-01 1.135366e-07 -5.364511e-02 3.140196e-01 1.341820e-07 -5.364328e-02 1.236925e-05 -2.064536e-08 -1.835497e-06
24.09          3.005684e-01 1.122208e-07 -5.056154e-02 3.005558e-01 1.319376e-07 -5.055969e-02 1.258082e-05 -1.971680e-08 -1.845106e-06
24.1           2.767280e-01 9.856018e-08 -4.582280e-02 2.767150e-01 1.179999e-07 -4.582090e-02 1.301334e-05 -1.943967e-08 -1.893970e-06
24.11          2.957940e-01 1.081403e-07 -4.819226e-02 2.957812e-01 1.261868e-07 -4.819045e-02 1.275781e-05 -1.804646e-08 -1.808850e-06
24.12          2.918624e-01 1.046168e-07 -4.676894e-02 2.918492e-01 1.230854e-07 -4.676709e-02 1.320220e-05 -1.846863e-08 -1.853681e-06
24.13          2.494786e-01 9.097645e-08 -3.930401e-02 2.494655e-01 1.087000e-07 -3.930218e-02 1.313442e-05 -1.772358e-08 -1.833196e-06
24.14          3.359004e-01 1.164717e-07 -5.200111e-02 3.358872e-01 1.335078e-07 -5.199927e-02 1.321523e-05 -1.703611e-08 -1.838938e-06
24.15          2.607646e-01 8.897549e-08 -3.965579e-02 2.607511e-01 1.057374e-07 -3.965393e-02 1.357776e-05 -1.676192e-08 -1.854733e-06
24.16          3.262183e-01 1.150536e-07 -4.870721e-02 3.262048e-01 1.305400e-07 -4.870538e-02 1.348752e-05 -1.548644e-08 -1.825590e-06
24.17          3.043888e-01 1.145545e-07 -4.460291e-02 3.043752e-01 1.316219e-07 -4.460107e-02 1.360762e-05 -1.706741e-08 -1.845472e-06
24.18          2.773907e-01 9.324014e-08 -3.987295e-02 2.773773e-01 1.084804e-07 -3.987117e-02 1.344434e-05 -1.524031e-08 -1.779959e-06
24.19          3.196816e-01 1.066152e-07 -4.505374e-02 3.196681e-01 1.204750e-07 -4.505197e-02 1.351982e-05 -1.385981e-08 -1.771893e-06
24.2           2.516746e-01 7.811333e-08 -3.476227e-02 2.516604e-01 9.132972e-08 -3.476041e-02 1.419027e-05 -1.321639e-08 -1.860686e-06
24.21          3.051982e-01 1.047129e-07 -4.129119e-02 3.051840e-01 1.164532e-07 -4.128936e-02 1.424618e-05 -1.174035e-08 -1.830999e-06
24.22          3.077650e-01 1.080938e-07 -4.076706e-02 3.077506e-01 1.193740e-07 -4.076519e-02 1.438871e-05 -1.128017e-08 -1.862321e-06
24.23          2.985049e-01 1.009061e-07 -3.869419e-02 2.984904e-01 1.103791e-07 -3.869233e-02 1.456238e-05 -9.472987e-09 -1.866778e-06
24.24          2.640795e-01 4.395312e-08 -3.348142e-02 2.640642e-01 5.178862e-08 -3.347945e-02 1.528370e-05 -7.835500e-09 -1.968584e-06
24.25          2.963669e-01 1.056279e-07 -3.672888e-02 2.963519e-01 1.121380e-07 -3.672699e-02 1.498252e-05 -6.510128e-09 -1.890837e-06
24.26          2.949150e-01 1.243481e-07 -3.570670e-02 2.949004e-01 1.344066e-07 -3.570488e-02 1.461293e-05 -1.005846e-08 -1.822333e-06
24.27          3.034239e-01 1.065025e-07 -3.586978e-02 3.034095e-01 1.139635e-07 -3.586807e-02 1.437034e-05 -7.461004e-09 -1.701396e-06
24.28          2.706924e-01 9.417449e-08 -3.122732e-02 2.706777e-01 1.016545e-07 -3.122563e-02 1.470898e-05 -7.479993e-09 -1.697960e-06
24.29          2.863566e-01 9.807225e-08 -3.221512e-02 2.863419e-01 1.053889e-07 -3.221349e-02 1.471045e-05 -7.316664e-09 -1.626767e-06
24.3           2.908890e-01 1.051784e-07 -3.189347e-02 2.908747e-01 1.135423e-07 -3.189192e-02 1.431490e-05 -8.363863e-09 -1.557115e-06
24.31          3.325526e-01 1.271829e-07 -3.551146e-02 3.325392e-01 1.331979e-07 -3.551008e-02 1.343929e-05 -6.014996e-09 -1.382265e-06
24.32          3.268444e-01 1.334777e-07 -3.397132e-02 3.268314e-01 1.382082e-07 -3.397002e-02 1.301539e-05 -4.730563e-09 -1.298624e-06
24.33          2.935667e-01 1.187344e-07 -2.967914e-02 2.935533e-01 1.213589e-07 -2.967785e-02 1.340210e-05 -2.624424e-09 -1.298481e-06
24.34          2.739726e-01 1.173488e-07 -2.692131e-02 2.739590e-01 1.229332e-07 -2.692001e-02 1.356367e-05 -5.584355e-09 -1.303938e-06
24.35          2.746055e-01 1.156271e-07 -2.620679e-02 2.745919e-01 1.198272e-07 -2.620550e-02 1.359118e-05 -4.200117e-09 -1.286734e-06
24.36          2.751334e-01 1.164164e-07 -2.548273e-02 2.751199e-01 1.197134e-07 -2.548149e-02 1.347290e-05 -3.297028e-09 -1.240340e-06
24.37          2.677274e-01 1.157174e-07 -2.404591e-02 2.677141e-01 1.201760e-07 -2.404471e-02 1.333759e-05 -4.458608e-09 -1.203815e-06
24.38          2.405672e-01 1.028419e-07 -2.093629e-02 2.405535e-01 1.081981e-07 -2.093505e-02 1.373721e-05 -5.356139e-09 -1.244471e-06
24.39          2.602016e-01 1.108579e-07 -2.192207e-02 2.601883e-01 1.164661e-07 -2.192098e-02 1.333551e-05 -5.608192e-09 -1.084882e-06
24.4           2.592580e-01 1.339081e-07 -2.112745e-02 2.592450e-01 1.416156e-07 -2.112644e-02 1.296396e-05 -7.707494e-09 -1.007822e-06
24.41          2.573650e-01 1.140517e-07 -2.026807e-02 2.573522e-01 1.221685e-07 -2.026715e-02 1.274182e-05 -8.116753e-09 -9.196913e-07
24.42          2.576437e-01 1.181360e-07 -1.958865e-02 2.576312e-01 1.264855e-07 -1.958781e-02 1.251130e-05 -8.349434e-09 -8.387600e-07
24.43          2.536009e-01 1.145919e-07 -1.859712e-02 2.535884e-01 1.216799e-07 -1.859631e-02 1.254248e-05 -7.088002e-09 -8.153361e-07
24.44          2.517278e-01 1.156969e-07 -1.778663e-02 2.517154e-01 1.208711e-07 -1.778584e-02 1.240073e-05 -5.174162e-09 -7.862690e-07
24.45          2.405959e-01 1.119752e-07 -1.636183e-02 2.405839e-01 1.168896e-07 -1.636108e-02 1.204874e-05 -4.914412e-09 -7.488938e-07
24.46          2.114225e-01 9.672079e-08 -1.382288e-02 2.114102e-01 1.015078e-07 -1.382212e-02 1.228765e-05 -4.787036e-09 -7.575994e-07
24.47          2.187635e-01 1.014119e-07 -1.373306e-02 2.187513e-01 1.062647e-07 -1.373231e-02 1.221123e-05 -4.852831e-09 -7.492775e-07
24.48          2.333926e-01 9.772655e-08 -1.404973e-02 2.333809e-01 1.006108e-07 -1.404907e-02 1.171706e-05 -2.884243e-09 -6.632437e-07
24.49          2.107946e-01 9.883955e-08 -1.215232e-02 2.107836e-01 1.025995e-07 -1.215181e-02 1.108426e-05 -3.759993e-09 -5.194359e-07
24.5           2.182134e-01 1.021083e-07 -1.203031e-02 2.182024e-01 1.065470e-07 -1.202984e-02 1.097876e-05 -4.438732e-09 -4.748385e-07
24.51          2.274954e-01 1.057859e-07 -1.197678e-02 2.274848e-01 1.100933e-07 -1.197633e-02 1.066256e-05 -4.307390e-09 -4.499649e-07
24.52          2.161905e-01 1.043912e-07 -1.085143e-02 2.161803e-01 1.074072e-07 -1.085100e-02 1.025371e-05 -3.015933e-09 -4.273179e-07
24.53          2.045027e-01 9.772900e-08 -9.769444e-03 2.044928e-01 9.959460e-08 -9.769115e-03 9.822858e-06 -1.865598e-09 -3.290041e-07
24.54          1.866473e-01 9.242399e-08 -8.470924e-03 1.866375e-01 9.402877e-08 -8.470591e-03 9.860763e-06 -1.604783e-09 -3.330851e-07
24.55          2.053344e-01 1.065936e-07 -8.834818e-03 2.053252e-01 1.077651e-07 -8.834559e-03 9.267874e-06 -1.171482e-09 -2.593726e-07
24.56          1.780701e-01 9.153101e-08 -7.249715e-03 1.780610e-01 9.279912e-08 -7.249484e-03 9.117894e-06 -1.268104e-09 -2.312344e-07
24.57          1.746423e-01 8.979024e-08 -6.711954e-03 1.746335e-01 9.110958e-08 -6.711752e-03 8.853142e-06 -1.319335e-09 -2.018477e-07
24.58          1.733730e-01 9.065543e-08 -6.274934e-03 1.733646e-01 9.154862e-08 -6.274752e-03 8.484556e-06 -8.931834e-10 -1.825867e-07
24.59          1.715316e-01 8.812487e-08 -5.831880e-03 1.715234e-01 8.959777e-08 -5.831721e-03 8.212373e-06 -1.472902e-09 -1.596095e-07
24.6           1.843954e-01 1.085638e-07 -5.872068e-03 1.843879e-01 1.107651e-07 -5.871960e-03 7.521762e-06 -2.201314e-09 -1.079096e-07
24.61          1.684869e-01 8.435406e-08 -5.010848e-03 1.684796e-01 8.675947e-08 -5.010768e-03 7.278531e-06 -2.405404e-09 -8.017797e-08
24.62          1.653140e-01 8.174760e-08 -4.575619e-03 1.653070e-01 8.422116e-08 -4.575562e-03 6.997111e-06 -2.473554e-09 -5.718482e-08
24.63          1.693675e-01 7.892233e-08 -4.346609e-03 1.693610e-01 8.030740e-08 -4.346581e-03 6.560441e-06 -1.385066e-09 -2.814850e-08
24.64          1.525361e-01 7.477844e-08 -3.614905e-03 1.525298e-01 7.657875e-08 -3.614896e-03 6.321103e-06 -1.800318e-09 -8.459205e-09
24.65          1.579252e-01 7.881961e-08 -3.439391e-03 1.579193e-01 8.098989e-08 -3.439407e-03 5.971068e-06 -2.170283e-09 1.620715e-08
24.66          1.651297e-01 8.454620e-08 -3.287387e-03 1.651242e-01 8.668015e-08 -3.287428e-03 5.501683e-06 -2.133951e-09 4.086766e-08
24.67          1.433414e-01 7.034398e-08 -2.593298e-03 1.433362e-01 7.283049e-08 -2.593375e-03 5.216058e-06 -2.486517e-09 7.642525e-08
24.68          1.464886e-01 7.002208e-08 -2.391052e-03 1.464837e-01 7.273926e-08 -2.391164e-03 4.901841e-06 -2.717174e-09 1.126095e-07
24.69          1.549189e-01 8.035243e-08 -2.262631e-03 1.549144e-01 8.251535e-08 -2.262819e-03 4.472452e-06 -2.162916e-09 1.871495e-07
24.7           1.476171e-01 7.151318e-08 -1.911064e-03 1.476129e-01 7.352407e-08 -1.911298e-03 4.149044e-06 -2.010886e-09 2.340177e-07
24.71          1.343512e-01 6.543023e-08 -1.523831e-03 1.343474e-01 6.773008e-08 -1.524106e-03 3.856023e-06 -2.299845e-09 2.746230e-07
24.72          1.348783e-01 6.265128e-08 -1.320718e-03 1.348747e-01 6.441330e-08 -1.321039e-03 3.610202e-06 -1.762025e-09 3.202398e-07
24.73          1.378458e-01 6.462869e-08 -1.143894e-03 1.378424e-01 6.567893e-08 -1.144255e-03 3.386133e-06 -1.050239e-09 3.609616e-07
24.74          1.407424e-01 6.730852e-08 -9.654800e-04 1.407392e-01 6.800492e-08 -9.659004e-04 3.205470e-06 -6.964000e-10 4.204398e-07
24.75          1.418475e-01 6.714851e-08 -7.772816e-04 1.418444e-01 6.680387e-08 -7.777531e-04 3.094251e-06 3.446435e-10 4.714647e-07
24.76          1.372483e-01 6.590830e-08 -5.705424e-04 1.372453e-01 6.417204e-08 -5.710391e-04 3.040711e-06 1.736268e-09 4.966518e-07
24.77          1.276028e-01 6.033587e-08 -3.694282e-04 1.275998e-01 5.779182e-08 -3.699302e-04 3.005722e-06 2.544055e-09 5.020240e-07
24.78          1.227462e-01 5.977037e-08 -2.082261e-04 1.227432e-01 5.763375e-08 -2.087518e-04 3.024646e-06 2.136622e-09 5.257897e-07
24.79          1.229174e-01 5.837748e-08 -6.896822e-05 1.229143e-01 5.493516e-08 -6.950433e-05 3.109232e-06 3.442321e-09 5.361126e-07
24.8           1.323569e-01 6.526886e-08 6.766264e-05 1.323536e-01 6.070097e-08 6.710976e-05 3.367801e-06 4.567884e-09 5.528805e-07
24.81          1.185158e-01 5.700159e-08 1.792755e-04 1.185123e-01 5.184465e-08 1.787386e-04 3.488756e-06 5.156947e-09 5.369772e-07
24.82          1.208284e-01 5.885275e-08 2.961726e-04 1.208248e-01 5.333246e-08 2.956568e-04 3.663233e-06 5.520287e-09 5.158421e-07
24.83          1.153058e-01 5.593943e-08 3.828107e-04 1.153020e-01 5.007707e-08 3.823265e-04 3.841153e-06 5.862350e-09 4.842156e-07
24.84          1.168694e-01 5.843800e-08 4.819555e-04 1.168652e-01 5.248588e-08 4.815024e-04 4.135393e-06 5.952114e-09 4.530894e-07
24.85          1.181325e-01 6.084132e-08 5.741176e-04 1.181280e-01 5.463553e-08 5.736988e-04 4.504671e-06 6.205790e-09 4.187558e-07
24.86          1.087320e-01 5.548477e-08 6.006873e-04 1.087273e-01 4.926424e-08 6.003154e-04 4.758822e-06 6.220530e-09 3.719358e-07
24.87          1.076804e-01 5.547902e-08 6.594696e-04 1.076753e-01 4.948176e-08 6.591443e-04 5.077429e-06 5.997256e-09 3.252723e-07
24.88          1.060951e-01 5.738437e-08 7.061260e-04 1.060895e-01 5.198351e-08 7.058451e-04 5.572012e-06 5.400864e-09 2.809261e-07
24.89          9.826542e-02 5.059245e-08 6.990950e-04 9.825959e-02 4.544579e-08 6.988525e-04 5.830242e-06 5.146655e-09 2.425761e-07
24.9           1.100556e-01 6.190188e-08 8.269339e-04 1.100492e-01 5.702190e-08 8.267300e-04 6.445493e-06 4.879975e-09 2.039323e-07
24.91          9.305091e-02 4.923583e-08 7.284161e-04 9.304420e-02 4.492469e-08 7.282485e-04 6.712914e-06 4.311142e-09 1.676085e-07
24.92          1.019191e-01 5.476487e-08 8.243298e-04 1.019119e-01 5.110728e-08 8.241921e-04 7.248064e-06 3.657592e-09 1.376464e-07
24.93          1.061968e-01 5.706228e-08 8.788474e-04 1.061890e-01 5.442748e-08 8.787266e-04 7.853272e-06 2.634797e-09 1.208274e-07
24.94          9.867115e-02 4.699342e-08 8.275135e-04 9.866279e-02 4.676716e-08 8.274068e-04 8.353378e-06 2.262585e-10 1.067436e-07
24.95          9.410361e-02 4.128619e-08 7.931739e-04 9.409482e-02 4.281892e-08 7.930654e-04 8.791331e-06 -1.532732e-09 1.084629e-07
24.96          1.070233e-01 4.941394e-08 8.999287e-04 1.070137e-01 5.149444e-08 8.998682e-04 9.560214e-06 -2.080496e-09 6.055966e-08
24.97          9.198496e-02 3.611723e-08 7.640027e-04 9.197530e-02 3.893355e-08 7.639427e-04 9.658722e-06 -2.816319e-09 5.996956e-08
24.98          9.651078e-02 4.121484e-08 7.861140e-04 9.650062e-02 4.576277e-08 7.860583e-04 1.016691e-05 -4.547924e-09 5.568898e-08
24.99          9.352788e-02 3.436366e-08 7.398086e-04 9.351727e-02 4.020356e-08 7.397439e-04 1.061141e-05 -5.839898e-09 6.472171e-08
25             9.802841e-02 3.582820e-08 7.458956e-04 9.801731e-02 3.993738e-08 7.458293e-04 1.110370e-05 -4.109178e-09 6.632845e-08
25.01          7.832962e-02 3.354092e-08 5.654195e-04 7.831837e-02 3.876583e-08 5.653455e-04 1.124725e-05 -5.224913e-09 7.394531e-08
25.02          9.289737e-02 4.388343e-08 6.305465e-04 9.288560e-02 4.966617e-08 6.304860e-04 1.177574e-05 -5.782739e-09 6.052626e-08
25.03          8.823649e-02 4.873230e-08 5.532574e-04 8.822422e-02 5.386297e-08 5.532116e-04 1.226621e-05 -5.130675e-09 4.584175e-08
25.04          8.922687e-02 4.831840e-08 5.074288e-04 8.921429e-02 5.339365e-08 5.074248e-04 1.257992e-05 -5.075243e-09 4.053453e-09
25.05          9.242327e-02 5.248177e-08 4.652125e-04 9.241031e-02 5.711610e-08 4.652631e-04 1.296181e-05 -4.634334e-09 -5.060875e-08
25.06          7.276507e-02 4.173792e-08 3.120371e-04 7.275214e-02 4.674749e-08 3.121374e-04 1.292885e-05 -5.009572e-09 -1.002977e-07
25.07          7.923757e-02 4.931415e-08 2.771616e-04 7.922437e-02 5.377378e-08 2.772712e-04 1.320090e-05 -4.459630e-09 -1.095815e-07
25.08          8.217261e-02 4.890382e-08 2.164265e-04 8.215905e-02 5.130564e-08 2.165831e-04 1.355707e-05 -2.401817e-09 -1.565642e-07
25.09          7.118191e-02 4.063126e-08 1.202033e-04 7.116823e-02 4.477960e-08 1.203879e-04 1.368022e-05 -4.148332e-09 -1.846294e-07
25.1           7.692636e-02 5.316418e-08 5.331098e-05 7.691248e-02 5.593798e-08 5.349727e-05 1.388448e-05 -2.773794e-09 -1.862926e-07
25.11          6.432885e-02 3.983389e-08 -2.533679e-05 6.431504e-02 4.361084e-08 -2.513229e-05 1.380453e-05 -3.776942e-09 -2.045091e-07
25.12          8.635779e-02 5.349488e-08 -1.295828e-04 8.634349e-02 5.729882e-08 -1.293594e-04 1.430069e-05 -3.803945e-09 -2.234069e-07
25.13          5.830245e-02 2.867476e-08 -1.597759e-04 5.828830e-02 3.401170e-08 -1.595297e-04 1.414340e-05 -5.336940e-09 -2.461300e-07
25.14          6.209234e-02 3.510540e-08 -2.483300e-04 6.207817e-02 3.912569e-08 -2.480832e-04 1.416837e-05 -4.020296e-09 -2.467308e-07
25.15          4.353516e-02 1.870928e-08 -2.340612e-04 4.352117e-02 2.269308e-08 -2.338067e-04 1.398714e-05 -3.983802e-09 -2.545692e-07
25.16          5.853136e-02 2.642040e-08 -3.936129e-04 5.851721e-02 2.925563e-08 -3.933414e-04 1.414607e-05 -2.835230e-09 -2.715095e-07
25.17          5.560022e-02 2.235338e-08 -4.548975e-04 5.558592e-02 2.409329e-08 -4.546033e-04 1.430535e-05 -1.739913e-09 -2.941624e-07
25.18          6.975265e-02 1.942222e-08 -6.738056e-04 6.973789e-02 2.112873e-08 -6.734869e-04 1.475798e-05 -1.706501e-09 -3.186400e-07
25.19          4.180989e-02 -7.494538e-10 -4.722214e-04 4.179538e-02 7.483664e-10 -4.718881e-04 1.450398e-05 -1.497820e-09 -3.332899e-07
25.2           2.747659e-02 1.246386e-08 -3.576399e-04 2.746256e-02 8.340368e-09 -3.573463e-04 1.403530e-05 4.123492e-09 -2.935532e-07
25.21          7.993756e-02 3.761971e-08 -1.160093e-03 7.992285e-02 3.200250e-08 -1.159774e-03 1.471129e-05 5.617210e-09 -3.182813e-07
25.22          3.153460e-02 3.630555e-08 -5.171786e-04 3.152030e-02 2.697319e-08 -5.168675e-04 1.430208e-05 9.332364e-09 -3.110319e-07
25.23          5.871962e-02 7.652148e-08 -1.061025e-03 5.870510e-02 6.735385e-08 -1.060706e-03 1.452822e-05 9.167637e-09 -3.196038e-07
25.24          5.627194e-02 1.156904e-07 -1.120482e-03 5.625728e-02 1.078789e-07 -1.120144e-03 1.465966e-05 7.811486e-09 -3.381449e-07
25.25          6.252248e-02 1.414644e-07 -1.362077e-03 6.250765e-02 1.359878e-07 -1.361711e-03 1.483316e-05 5.476553e-09 -3.660073e-07
25.26          4.320316e-02 1.351243e-07 -1.027665e-03 4.318864e-02 1.232320e-07 -1.027290e-03 1.451219e-05 1.189234e-08 -3.743248e-07
25.27          3.520613e-02 1.081559e-07 -9.087254e-04 3.519186e-02 9.784599e-08 -9.083935e-04 1.427611e-05 1.030988e-08 -3.319323e-07
25.28          5.426380e-02 1.123834e-07 -1.506873e-03 5.424928e-02 1.075800e-07 -1.506556e-03 1.451810e-05 4.803362e-09 -3.166612e-07
25.29          3.393080e-02 7.593804e-08 -1.015867e-03 3.391656e-02 6.688610e-08 -1.015565e-03 1.423635e-05 9.051938e-09 -3.024613e-07
25.3           7.958635e-02 8.783552e-08 -2.541657e-03 7.957134e-02 7.782155e-08 -2.541303e-03 1.501025e-05 1.001396e-08 -3.536201e-07
25.31          3.646387e-02 5.475312e-08 -1.247688e-03 3.644921e-02 4.295651e-08 -1.247342e-03 1.465943e-05 1.179661e-08 -3.458144e-07
25.32          6.082658e-02 6.728492e-08 -2.210974e-03 6.081169e-02 5.604342e-08 -2.210606e-03 1.488643e-05 1.124149e-08 -3.680906e-07
25.33          3.445725e-02 4.567994e-08 -1.333493e-03 3.444278e-02 3.485074e-08 -1.333120e-03 1.446126e-05 1.082920e-08 -3.726890e-07
25.34          4.986551e-02 4.670554e-08 -2.040757e-03 4.985111e-02 3.772770e-08 -2.040370e-03 1.439629e-05 8.977836e-09 -3.863895e-07
25.35          4.576880e-02 3.545560e-08 -1.980503e-03 4.575441e-02 2.707936e-08 -1.980096e-03 1.438679e-05 8.376240e-09 -4.066257e-07
25.36          5.428078e-02 2.939341e-08 -2.475932e-03 5.426623e-02 2.361728e-08 -2.475469e-03 1.454904e-05 5.776128e-09 -4.627400e-07
25.37          2.633427e-02 5.369340e-09 -1.268343e-03 2.632025e-02 -8.376696e-10 -1.267878e-03 1.401527e-05 6.207010e-09 -4.646814e-07
25.38          6.019555e-02 1.950872e-08 -3.036474e-03 6.018124e-02 1.372216e-08 -3.035985e-03 1.431076e-05 5.786563e-09 -4.896584e-07
25.39          5.150617e-02 1.374197e-08 -2.726562e-03 5.149184e-02 6.991673e-09 -2.726042e-03 1.433718e-05 6.750293e-09 -5.198835e-07
25.4           2.530419e-02 6.808338e-09 -1.406652e-03 2.529044e-02 -2.303247e-09 -1.406141e-03 1.374269e-05 9.111585e-09 -5.109724e-07
25.41          8.168247e-02 3.171020e-08 -4.731812e-03 8.166819e-02 2.218104e-08 -4.731245e-03 1.427944e-05 9.529161e-09 -5.666257e-07
25.42          4.279365e-02 1.044625e-08 -2.592276e-03 4.277981e-02 1.994423e-09 -2.591703e-03 1.383910e-05 8.451830e-09 -5.729422e-07
25.43          7.727150e-02 4.047906e-08 -4.876100e-03 7.725747e-02 3.031936e-08 -4.875506e-03 1.403210e-05 1.015970e-08 -5.938083e-07
25.44          7.115080e-02 4.211471e-08 -4.677433e-03 7.113685e-02 3.293687e-08 -4.676820e-03 1.394671e-05 9.177835e-09 -6.130426e-07
25.45          3.824845e-02 3.291830e-08 -2.619137e-03 3.823526e-02 2.530014e-08 -2.618559e-03 1.319546e-05 7.618157e-09 -5.783775e-07
25.46          6.437244e-02 4.077232e-08 -4.575878e-03 6.435936e-02 3.785186e-08 -4.575302e-03 1.308074e-05 2.920459e-09 -5.759414e-07
25.47          5.092295e-02 3.792154e-08 -3.759133e-03 5.091035e-02 3.550353e-08 -3.758556e-03 1.259390e-05 2.418012e-09 -5.766561e-07
25.48          7.725290e-02 4.946131e-08 -5.910129e-03 7.724019e-02 4.747774e-08 -5.909517e-03 1.270922e-05 1.983574e-09 -6.120259e-07
25.49          6.661293e-02 4.552356e-08 -5.280129e-03 6.660045e-02 4.454207e-08 -5.279514e-03 1.247460e-05 9.814885e-10 -6.144110e-07
25.5           1.104912e-01 5.884980e-08 -9.059772e-03 1.104783e-01 5.820226e-08 -9.059053e-03 1.291927e-05 6.475391e-10 -7.190154e-07
25.51          9.361463e-02 5.460277e-08 -7.937806e-03 9.360187e-02 5.332864e-08 -7.937048e-03 1.276148e-05 1.274128e-09 -7.582963e-07
25.52          8.619353e-02 4.338214e-08 -7.550605e-03 8.618110e-02 4.148545e-08 -7.549837e-03 1.242128e-05 1.896690e-09 -7.678189e-07
25.53          7.320287e-02 2.387865e-08 -6.619814e-03 7.319092e-02 2.274697e-08 -6.619052e-03 1.194343e-05 1.131675e-09 -7.625884e-07
25.54          8.144789e-02 -2.884829e-09 -7.595571e-03 8.143626e-02 -4.684240e-09 -7.594817e-03 1.162890e-05 1.799411e-09 -7.533050e-07
25.55          8.065884e-02 -4.363872e-08 -7.751410e-03 8.064774e-02 -4.654096e-08 -7.750719e-03 1.110153e-05 2.902247e-09 -6.909053e-07
25.56          1.063074e-01 -8.954027e-08 -1.051834e-02 1.062961e-01 -9.354427e-08 -1.051759e-02 1.131727e-05 4.004001e-09 -7.456989e-07
25.57          8.261222e-02 -1.218222e-07 -8.412067e-03 8.260131e-02 -1.229049e-07 -8.411328e-03 1.090719e-05 1.082702e-09 -7.392335e-07
25.58          1.012725e-01 -1.656777e-07 -1.060212e-02 1.012617e-01 -1.683260e-07 -1.060137e-02 1.081253e-05 2.648315e-09 -7.539752e-07
25.59          1.134667e-01 -1.929375e-07 -1.220506e-02 1.134558e-01 -1.965248e-07 -1.220426e-02 1.083492e-05 3.587342e-09 -7.967288e-07
25.6           1.060519e-01 -1.952123e-07 -1.171400e-02 1.060413e-01 -1.987753e-07 -1.171319e-02 1.062552e-05 3.562977e-09 -8.104300e-07
25.61          9.367484e-02 -1.516750e-07 -1.061825e-02 9.366480e-02 -1.551305e-07 -1.061748e-02 1.004090e-05 3.455533e-09 -7.756213e-07
25.62          1.369136e-01 -1.852287e-07 -1.591254e-02 1.369033e-01 -1.901542e-07 -1.591170e-02 1.035518e-05 4.925470e-09 -8.430330e-07
25.63          1.168060e-01 -1.442155e-07 -1.391418e-02 1.167958e-01 -1.494196e-07 -1.391331e-02 1.019265e-05 5.204093e-09 -8.646790e-07
25.64          1.063786e-01 -9.260832e-08 -1.298001e-02 1.063689e-01 -9.699023e-08 -1.297916e-02 9.712853e-06 4.381908e-09 -8.449342e-07
25.65          1.257192e-01 -8.372565e-08 -1.570231e-02 1.257098e-01 -8.871445e-08 -1.570147e-02 9.469733e-06 4.988796e-09 -8.370908e-07
25.66          1.149675e-01 -4.863295e-08 -1.469201e-02 1.149585e-01 -5.368493e-08 -1.469121e-02 8.938746e-06 5.051980e-09 -7.962641e-07
25.67          1.382419e-01 -4.939065e-08 -1.806355e-02 1.382328e-01 -5.672796e-08 -1.806272e-02 9.063102e-06 7.337302e-09 -8.370897e-07
25.68          1.136341e-01 -2.551989e-08 -1.517553e-02 1.136256e-01 -3.332403e-08 -1.517482e-02 8.499903e-06 7.804134e-09 -7.104619e-07
25.69          1.330752e-01 -2.810383e-08 -1.815267e-02 1.330667e-01 -3.734384e-08 -1.815194e-02 8.454727e-06 9.240009e-09 -7.333472e-07
25.7           1.156983e-01 -1.566090e-08 -1.611348e-02 1.156903e-01 -2.166979e-08 -1.611279e-02 8.004808e-06 6.008883e-09 -6.857424e-07
25.71          1.167592e-01 -1.126392e-08 -1.659381e-02 1.167518e-01 -1.873891e-08 -1.659319e-02 7.486102e-06 7.474989e-09 -6.143985e-07
25.72          1.214458e-01 -6.553158e-09 -1.760412e-02 1.214388e-01 -1.456301e-08 -1.760357e-02 7.087223e-06 8.009856e-09 -5.576464e-07
25.73          1.401758e-01 -8.015842e-10 -2.071398e-02 1.401687e-01 -1.102565e-08 -2.071342e-02 7.066650e-06 1.022406e-08 -5.611078e-07
25.74          1.401455e-01 9.559421e-09 -2.110313e-02 1.401386e-01 -2.303395e-09 -2.110257e-02 6.985413e-06 1.186282e-08 -5.656291e-07
25.75          1.098748e-01 9.686839e-09 -1.685267e-02 1.098679e-01 -5.731628e-09 -1.685208e-02 6.850904e-06 1.541847e-08 -5.873596e-07
25.76          1.873646e-01 6.239366e-08 -2.925629e-02 1.873576e-01 4.269858e-08 -2.925564e-02 6.995410e-06 1.969508e-08 -6.485894e-07
25.77          1.555533e-01 5.994593e-08 -2.471993e-02 1.555469e-01 4.135327e-08 -2.471933e-02 6.484276e-06 1.859265e-08 -5.979218e-07
25.78          1.421489e-01 5.572097e-08 -2.297927e-02 1.421428e-01 3.646711e-08 -2.297871e-02 6.182500e-06 1.925386e-08 -5.593030e-07
25.79          1.345106e-01 5.456620e-08 -2.210940e-02 1.345048e-01 3.583585e-08 -2.210889e-02 5.805890e-06 1.873035e-08 -5.092772e-07
25.8           1.510299e-01 6.611361e-08 -2.522985e-02 1.510243e-01 4.635306e-08 -2.522937e-02 5.602023e-06 1.976055e-08 -4.822305e-07
25.81          1.502208e-01 7.043304e-08 -2.549445e-02 1.502155e-01 5.034388e-08 -2.549400e-02 5.327702e-06 2.008915e-08 -4.469179e-07
25.82          1.362885e-01 6.573805e-08 -2.348908e-02 1.362835e-01 4.608404e-08 -2.348868e-02 5.041843e-06 1.965400e-08 -3.992749e-07
25.83          1.460645e-01 7.441281e-08 -2.555427e-02 1.460596e-01 5.261103e-08 -2.555389e-02 4.895079e-06 2.180178e-08 -3.803245e-07
25.84          1.695885e-01 9.128725e-08 -3.010640e-02 1.695838e-01 6.783419e-08 -3.010605e-02 4.739610e-06 2.345306e-08 -3.551743e-07
25.85          1.560148e-01 8.780421e-08 -2.809386e-02 1.560102e-01 6.327437e-08 -2.809352e-02 4.598033e-06 2.452984e-08 -3.330385e-07
25.86          1.469479e-01 8.762600e-08 -2.683002e-02 1.469434e-01 6.175909e-08 -2.682971e-02 4.469975e-06 2.586692e-08 -3.115749e-07
25.87          1.492386e-01 7.050482e-08 -2.761823e-02 1.492345e-01 4.746569e-08 -2.761799e-02 4.089610e-06 2.303913e-08 -2.479204e-07
25.88          1.518321e-01 7.222698e-08 -2.846853e-02 1.518283e-01 4.816303e-08 -2.846836e-02 3.730926e-06 2.406396e-08 -1.616887e-07
25.89          1.544704e-01 7.756059e-08 -2.933415e-02 1.544669e-01 5.369054e-08 -2.933404e-02 3.559007e-06 2.387005e-08 -1.177176e-07
25.9           1.561871e-01 7.169028e-08 -3.002919e-02 1.561838e-01 4.923355e-08 -3.002912e-02 3.338662e-06 2.245674e-08 -6.469156e-08
25.91          1.723307e-01 9.415128e-08 -3.353263e-02 1.723274e-01 6.960957e-08 -3.353258e-02 3.324190e-06 2.454171e-08 -4.553766e-08
25.92          1.715801e-01 9.719142e-08 -3.377778e-02 1.715769e-01 7.185650e-08 -3.377777e-02 3.239825e-06 2.533492e-08 -1.757808e-08
25.93          1.598243e-01 8.508706e-08 -3.182131e-02 1.598212e-01 6.062402e-08 -3.182133e-02 3.070134e-06 2.446304e-08 2.225002e-08
25.94          1.697843e-01 9.829936e-08 -3.417674e-02 1.697814e-01 7.234199e-08 -3.417679e-02 2.962497e-06 2.595737e-08 5.256599e-08
25.95          1.719575e-01 9.815570e-08 -3.498420e-02 1.719546e-01 7.176910e-08 -3.498430e-02 2.827177e-06 2.638660e-08 9.896993e-08
25.96          1.615948e-01 9.895628e-08 -3.321630e-02 1.615920e-01 7.073332e-08 -3.321644e-02 2.731258e-06 2.822296e-08 1.404629e-07
25.97          1.711552e-01 1.034715e-07 -3.553381e-02 1.711526e-01 7.589566e-08 -3.553400e-02 2.581202e-06 2.757588e-08 1.950620e-07
25.98          1.706331e-01 1.052241e-07 -3.576881e-02 1.706306e-01 7.639596e-08 -3.576906e-02 2.477572e-06 2.882809e-08 2.474988e-07
25.99          1.767367e-01 1.178009e-07 -3.739510e-02 1.767343e-01 8.578229e-08 -3.739539e-02 2.422089e-06 3.201862e-08 2.877286e-07
26             1.679273e-01 1.001714e-07 -3.585269e-02 1.679250e-01 6.859222e-08 -3.585304e-02 2.315023e-06 3.157922e-08 3.441280e-07
26.01          1.797329e-01 1.261148e-07 -3.870721e-02 1.797306e-01 9.020693e-08 -3.870759e-02 2.271542e-06 3.590786e-08 3.767398e-07
26.02          1.885960e-01 1.398176e-07 -4.095658e-02 1.885938e-01 9.898640e-08 -4.095699e-02 2.224387e-06 4.083118e-08 4.085644e-07
26.03          1.751319e-01 1.165039e-07 -3.833964e-02 1.751298e-01 7.629307e-08 -3.834010e-02 2.151089e-06 4.021086e-08 4.637753e-07
26.04          1.805873e-01 1.309684e-07 -3.983947e-02 1.805852e-01 8.792976e-08 -3.983998e-02 2.101920e-06 4.303868e-08 5.023668e-07
26.05          1.767588e-01 1.251089e-07 -3.928422e-02 1.767568e-01 8.087187e-08 -3.928477e-02 2.050825e-06 4.423700e-08 5.470803e-07
26.06          1.851550e-01 1.406442e-07 -4.144209e-02 1.851530e-01 9.316919e-08 -4.144267e-02 2.007749e-06 4.747498e-08 5.760522e-07
26.07          1.807186e-01 1.341984e-07 -4.072353e-02 1.807166e-01 8.648091e-08 -4.072414e-02 1.971389e-06 4.771749e-08 6.069205e-07
26.08          1.909432e-01 1.326042e-07 -4.330581e-02 1.909413e-01 8.424336e-08 -4.330644e-02 1.949791e-06 4.836084e-08 6.323210e-07
26.09          1.675429e-01 1.308236e-07 -3.823343e-02 1.675410e-01 8.277620e-08 -3.823408e-02 1.932437e-06 4.804745e-08 6.518590e-07
26.1           1.891214e-01 1.433153e-07 -4.341067e-02 1.891195e-01 9.451293e-08 -4.341133e-02 1.919484e-06 4.880236e-08 6.580701e-07
26.11          1.893062e-01 1.441000e-07 -4.369535e-02 1.893043e-01 9.540353e-08 -4.369601e-02 1.943266e-06 4.869648e-08 6.582420e-07
26.12          1.878886e-01 1.448086e-07 -4.359629e-02 1.878867e-01 9.508401e-08 -4.359695e-02 1.929878e-06 4.972462e-08 6.680342e-07
26.13          1.892158e-01 1.521966e-07 -4.412167e-02 1.892139e-01 1.007340e-07 -4.412234e-02 1.911805e-06 5.146261e-08 6.700465e-07
26.14          1.997983e-01 1.629309e-07 -4.680604e-02 1.997964e-01 1.085129e-07 -4.680670e-02 1.877676e-06 5.441799e-08 6.596263e-07
26.15          1.830855e-01 1.418441e-07 -4.307805e-02 1.830835e-01 8.999494e-08 -4.307869e-02 2.016515e-06 5.184913e-08 6.407432e-07
26.16          1.971899e-01 1.596106e-07 -4.658442e-02 1.971879e-01 1.063007e-07 -4.658505e-02 2.012233e-06 5.330994e-08 6.266553e-07
26.17          2.018478e-01 1.657360e-07 -4.786369e-02 2.018459e-01 1.098948e-07 -4.786431e-02 1.971293e-06 5.584116e-08 6.173588e-07
26.18          1.921375e-01 1.581166e-07 -4.571876e-02 1.921354e-01 1.032223e-07 -4.571934e-02 2.101530e-06 5.489431e-08 5.841892e-07
26.19          1.980304e-01 1.594031e-07 -4.726982e-02 1.980282e-01 1.055036e-07 -4.727037e-02 2.205493e-06 5.389953e-08 5.498003e-07
26.2           1.867059e-01 1.521503e-07 -4.469444e-02 1.867035e-01 9.981276e-08 -4.469496e-02 2.315624e-06 5.233751e-08 5.282013e-07
26.21          1.935006e-01 1.606078e-07 -4.643957e-02 1.934983e-01 1.081125e-07 -4.644008e-02 2.325481e-06 5.249533e-08 5.087117e-07
26.22          2.169363e-01 1.728999e-07 -5.218173e-02 2.169340e-01 1.193550e-07 -5.218221e-02 2.311835e-06 5.354489e-08 4.822636e-07
26.23          1.849947e-01 1.543377e-07 -4.458700e-02 1.849922e-01 1.026547e-07 -4.458743e-02 2.527749e-06 5.168302e-08 4.286776e-07
26.24          1.980195e-01 1.546744e-07 -4.780607e-02 1.980169e-01 1.042760e-07 -4.780648e-02 2.600169e-06 5.039839e-08 4.053595e-07
26.25          1.877601e-01 1.524162e-07 -4.539193e-02 1.877573e-01 1.033154e-07 -4.539231e-02 2.750844e-06 4.910078e-08 3.805853e-07
26.26          2.085837e-01 1.580774e-07 -5.048106e-02 2.085808e-01 1.104518e-07 -5.048139e-02 2.928802e-06 4.762554e-08 3.317590e-07
26.27          1.826607e-01 1.441039e-07 -4.424336e-02 1.826575e-01 9.899909e-08 -4.424361e-02 3.250254e-06 4.510479e-08 2.499440e-07
26.28          2.089357e-01 1.501191e-07 -5.063303e-02 2.089323e-01 1.086534e-07 -5.063325e-02 3.420020e-06 4.146575e-08 2.232347e-07
26.29          1.700827e-01 1.328928e-07 -4.122644e-02 1.700791e-01 9.357460e-08 -4.122662e-02 3.620669e-06 3.931821e-08 1.748446e-07
26.3           2.322063e-01 1.606088e-07 -5.627814e-02 2.322027e-01 1.213532e-07 -5.627830e-02 3.554232e-06 3.925551e-08 1.602199e-07
26.31          1.812424e-01 1.346107e-07 -4.391043e-02 1.812385e-01 9.822116e-08 -4.391050e-02 3.897186e-06 3.638954e-08 7.329794e-08
26.32          2.324292e-01 1.526855e-07 -5.627301e-02 2.324252e-01 1.179632e-07 -5.627305e-02 3.930873e-06 3.472237e-08 4.541736e-08
26.33          1.894414e-01 1.357025e-07 -4.582151e-02 1.894373e-01 1.020992e-07 -4.582151e-02 4.042145e-06 3.360336e-08 -9.879842e-10
26.34          2.246907e-01 1.483224e-07 -5.427840e-02 2.246866e-01 1.161666e-07 -5.427838e-02 4.109697e-06 3.215578e-08 -2.609899e-08
26.35          2.024725e-01 1.386991e-07 -4.883573e-02 2.024682e-01 1.084998e-07 -4.883566e-02 4.276788e-06 3.019925e-08 -6.901561e-08
26.36          2.156244e-01 1.398892e-07 -5.191215e-02 2.156199e-01 1.123888e-07 -5.191203e-02 4.519712e-06 2.750038e-08 -1.226291e-07
26.37          2.160153e-01 1.427767e-07 -5.189527e-02 2.160108e-01 1.159005e-07 -5.189514e-02 4.478989e-06 2.687624e-08 -1.350323e-07
26.38          2.191078e-01 1.416499e-07 -5.251080e-02 2.191033e-01 1.161350e-07 -5.251063e-02 4.576304e-06 2.551490e-08 -1.707566e-07
26.39          2.262328e-01 1.450058e-07 -5.407123e-02 2.262282e-01 1.193482e-07 -5.407104e-02 4.544809e-06 2.565763e-08 -1.878943e-07
26.4           2.165342e-01 1.418970e-07 -5.159809e-02 2.165295e-01 1.180508e-07 -5.159785e-02 4.733708e-06 2.384620e-08 -2.405105e-07
26.41          2.277251e-01 1.378127e-07 -5.408580e-02 2.277201e-01 1.162415e-07 -5.408552e-02 4.996486e-06 2.157121e-08 -2.808883e-07
26.42          2.297238e-01 1.407150e-07 -5.436483e-02 2.297187e-01 1.203745e-07 -5.436452e-02 5.097156e-06 2.034049e-08 -3.071097e-07
26.43          2.378504e-01 1.445571e-07 -5.606967e-02 2.378455e-01 1.237882e-07 -5.606937e-02 4.969353e-06 2.076881e-08 -2.985585e-07
26.44          2.318931e-01 1.389964e-07 -5.443764e-02 2.318879e-01 1.195763e-07 -5.443729e-02 5.186718e-06 1.942007e-08 -3.541316e-07
26.45          2.352597e-01 1.411323e-07 -5.498147e-02 2.352544e-01 1.224448e-07 -5.498108e-02 5.251164e-06 1.868754e-08 -3.835605e-07
26.46          2.361449e-01 1.387630e-07 -5.492585e-02 2.361395e-01 1.210584e-07 -5.492542e-02 5.399885e-06 1.770462e-08 -4.303641e-07
26.47          2.235422e-01 1.281169e-07 -5.173203e-02 2.235364e-01 1.117740e-07 -5.173150e-02 5.761635e-06 1.634292e-08 -5.280660e-07
26.48          2.361255e-01 1.352276e-07 -5.435157e-02 2.361197e-01 1.195744e-07 -5.435102e-02 5.807513e-06 1.565315e-08 -5.426109e-07
26.49          2.207309e-01 1.273004e-07 -5.052122e-02 2.207248e-01 1.141512e-07 -5.052061e-02 6.140947e-06 1.314916e-08 -6.033205e-07
26.5           2.410059e-01 1.280339e-07 -5.483326e-02 2.409997e-01 1.161136e-07 -5.483270e-02 6.138625e-06 1.192035e-08 -5.619951e-07
26.51          2.410713e-01 1.319265e-07 -5.450559e-02 2.410650e-01 1.208731e-07 -5.450499e-02 6.274892e-06 1.105343e-08 -5.974519e-07
26.52          2.325935e-01 1.249239e-07 -5.224464e-02 2.325871e-01 1.159243e-07 -5.224403e-02 6.447792e-06 8.999588e-09 -6.173471e-07
26.53          2.381735e-01 1.256539e-07 -5.313106e-02 2.381669e-01 1.173208e-07 -5.313041e-02 6.537793e-06 8.333133e-09 -6.484749e-07
26.54          2.442066e-01 1.326137e-07 -5.408751e-02 2.442000e-01 1.246681e-07 -5.408685e-02 6.624442e-06 7.945590e-09 -6.582389e-07
26.55          2.562911e-01 1.338404e-07 -5.634166e-02 2.562841e-01 1.270061e-07 -5.634091e-02 7.000001e-06 6.834315e-09 -7.442632e-07
26.56          2.550273e-01 1.341691e-07 -5.563001e-02 2.550201e-01 1.283131e-07 -5.562919e-02 7.198742e-06 5.856073e-09 -8.213358e-07
26.57          2.414444e-01 1.290620e-07 -5.224352e-02 2.414368e-01 1.249156e-07 -5.224261e-02 7.525070e-06 4.146432e-09 -9.011281e-07
26.58          2.561651e-01 1.294832e-07 -5.496561e-02 2.561575e-01 1.249041e-07 -5.496472e-02 7.617176e-06 4.579161e-09 -8.979989e-07
26.59          2.421132e-01 1.239907e-07 -5.150110e-02 2.421050e-01 1.219794e-07 -5.150010e-02 8.124157e-06 2.011302e-09 -9.981778e-07
26.6           2.837568e-01 1.463397e-07 -5.981708e-02 2.837491e-01 1.429047e-07 -5.981617e-02 7.670503e-06 3.434943e-09 -9.024988e-07
26.61          2.481087e-01 1.313936e-07 -5.181743e-02 2.481006e-01 1.296931e-07 -5.181641e-02 8.118898e-06 1.700428e-09 -1.021008e-06
26.62          2.026699e-01 1.047923e-07 -4.192161e-02 2.026613e-01 1.045852e-07 -4.192052e-02 8.650646e-06 2.070441e-10 -1.090347e-06
26.63          2.754546e-01 1.342570e-07 -5.640837e-02 2.754457e-01 1.351535e-07 -5.640721e-02 8.890795e-06 -8.964954e-10 -1.162096e-06
26.64          2.772716e-01 1.356712e-07 -5.619711e-02 2.772625e-01 1.369430e-07 -5.619588e-02 9.071033e-06 -1.271752e-09 -1.224878e-06
26.65          2.440424e-01 1.161834e-07 -4.893968e-02 2.440326e-01 1.196444e-07 -4.893830e-02 9.759970e-06 -3.461061e-09 -1.377792e-06
26.66          2.536483e-01 1.073934e-07 -5.031101e-02 2.536381e-01 1.095552e-07 -5.030953e-02 1.018607e-05 -2.161799e-09 -1.479103e-06
26.67          2.938462e-01 1.381171e-07 -5.762891e-02 2.938361e-01 1.404116e-07 -5.762744e-02 1.007742e-05 -2.294489e-09 -1.470507e-06
26.68          2.712082e-01 1.275846e-07 -5.257509e-02 2.711981e-01 1.306453e-07 -5.257363e-02 1.006238e-05 -3.060681e-09 -1.454954e-06
26.69          2.762405e-01 1.305298e-07 -5.291373e-02 2.762302e-01 1.344145e-07 -5.291223e-02 1.022840e-05 -3.884701e-09 -1.501407e-06
26.7           2.486594e-01 1.131539e-07 -4.704925e-02 2.486485e-01 1.188089e-07 -4.704763e-02 1.083591e-05 -5.654989e-09 -1.619783e-06
26.71          2.949385e-01 1.274565e-07 -5.510408e-02 2.949274e-01 1.330760e-07 -5.510244e-02 1.102223e-05 -5.619519e-09 -1.636347e-06
26.72          2.832841e-01 1.275593e-07 -5.224448e-02 2.832731e-01 1.334045e-07 -5.224286e-02 1.102439e-05 -5.845221e-09 -1.615537e-06
26.73          2.726877e-01 1.166269e-07 -4.962436e-02 2.726764e-01 1.225805e-07 -4.962271e-02 1.126876e-05 -5.953594e-09 -1.650002e-06
26.74          2.728797e-01 1.257276e-07 -4.898278e-02 2.728684e-01 1.332144e-07 -4.898110e-02 1.137945e-05 -7.486829e-09 -1.680801e-06
26.75          3.055734e-01 1.366712e-07 -5.408423e-02 3.055619e-01 1.437443e-07 -5.408256e-02 1.142695e-05 -7.073116e-09 -1.674222e-06
26.76          2.403278e-01 1.029627e-07 -4.192827e-02 2.403158e-01 1.107051e-07 -4.192647e-02 1.205124e-05 -7.742389e-09 -1.797728e-06
26.77          3.064856e-01 1.273946e-07 -5.268172e-02 3.064736e-01 1.348737e-07 -5.267993e-02 1.201673e-05 -7.479022e-09 -1.788219e-06
26.78          2.308327e-01 9.054274e-08 -3.908025e-02 2.308198e-01 9.962769e-08 -3.907830e-02 1.293217e-05 -9.084948e-09 -1.951876e-06
26.79          2.996951e-01 1.210762e-07 -4.994967e-02 2.996825e-01 1.299212e-07 -4.994779e-02 1.260770e-05 -8.844983e-09 -1.873973e-06
26.8           2.870920e-01 1.163552e-07 -4.708844e-02 2.870794e-01 1.255321e-07 -4.708658e-02 1.260956e-05 -9.176848e-09 -1.857248e-06
26.81          2.539575e-01 9.492012e-08 -4.097563e-02 2.539441e-01 1.054471e-07 -4.097364e-02 1.342876e-05 -1.052698e-08 -1.984489e-06
26.82          2.925259e-01 1.088906e-07 -4.640891e-02 2.925125e-01 1.189676e-07 -4.640698e-02 1.339240e-05 -1.007697e-08 -1.931738e-06
26.83          2.781199e-01 1.093089e-07 -4.336852e-02 2.781063e-01 1.209391e-07 -4.336657e-02 1.355018e-05 -1.163016e-08 -1.947802e-06
26.84          2.618010e-01 9.282760e-08 -4.010981e-02 2.617866e-01 1.057264e-07 -4.010770e-02 1.440537e-05 -1.289880e-08 -2.113231e-06
26.85          2.954865e-01 1.077100e-07 -4.445708e-02 2.954723e-01 1.212436e-07 -4.445505e-02 1.419017e-05 -1.353354e-08 -2.034121e-06
26.86          2.488959e-01 7.821602e-08 -3.675971e-02 2.488814e-01 9.244585e-08 -3.675764e-02 1.450767e-05 -1.422983e-08 -2.070701e-06
26.87          3.097505e-01 1.086127e-07 -4.488289e-02 3.097365e-01 1.207832e-07 -4.488091e-02 1.396165e-05 -1.217044e-08 -1.975520e-06
26.88          3.217154e-01 1.165632e-07 -4.571504e-02 3.217022e-01 1.276795e-07 -4.571328e-02 1.320720e-05 -1.111633e-08 -1.754635e-06
26.89          3.162623e-01 1.177873e-07 -4.405219e-02 3.162489e-01 1.286744e-07 -4.405045e-02 1.344050e-05 -1.088705e-08 -1.746208e-06
26.9           3.072134e-01 1.307836e-07 -4.192699e-02 3.071999e-01 1.435708e-07 -4.192527e-02 1.351897e-05 -1.278719e-08 -1.713417e-06
26.91          3.202314e-01 1.248604e-07 -4.279846e-02 3.202179e-01 1.360255e-07 -4.279676e-02 1.350584e-05 -1.116505e-08 -1.698980e-06
26.92          2.690500e-01 1.033309e-07 -3.519670e-02 2.690360e-01 1.149072e-07 -3.519498e-02 1.400852e-05 -1.157634e-08 -1.716548e-06
26.93          3.097660e-01 1.199865e-07 -3.964138e-02 3.097522e-01 1.309282e-07 -3.963974e-02 1.378672e-05 -1.094176e-08 -1.637886e-06
26.94          3.149002e-01 1.492265e-07 -3.940324e-02 3.148865e-01 1.612242e-07 -3.940169e-02 1.378151e-05 -1.199763e-08 -1.556387e-06
26.95          3.039199e-01 1.164799e-07 -3.716399e-02 3.039056e-01 1.294841e-07 -3.716243e-02 1.430160e-05 -1.300427e-08 -1.565391e-06
26.96          3.158824e-01 1.204297e-07 -3.772637e-02 3.158681e-01 1.331737e-07 -3.772483e-02 1.432695e-05 -1.274392e-08 -1.532303e-06
26.97          2.928739e-01 1.145528e-07 -3.414418e-02 2.928591e-01 1.271983e-07 -3.414260e-02 1.478037e-05 -1.264543e-08 -1.587312e-06
26.98          2.516529e-01 9.375566e-08 -2.862147e-02 2.516375e-01 1.082656e-07 -2.861982e-02 1.539401e-05 -1.450996e-08 -1.648208e-06
26.99          2.814591e-01 9.882925e-08 -3.120634e-02 2.814441e-01 1.140663e-07 -3.120475e-02 1.497494e-05 -1.523706e-08 -1.587412e-06
27             2.681759e-01 9.606601e-08 -2.896947e-02 2.681606e-01 1.108709e-07 -2.896785e-02 1.529371e-05 -1.480490e-08 -1.611383e-06
27.01          2.605134e-01 9.239343e-08 -2.740032e-02 2.604981e-01 1.072955e-07 -2.739872e-02 1.534554e-05 -1.490208e-08 -1.600200e-06
27.02          2.839156e-01 9.891206e-08 -2.905350e-02 2.839008e-01 1.128742e-07 -2.905199e-02 1.479317e-05 -1.396216e-08 -1.514160e-06
27.03          2.457388e-01 8.645237e-08 -2.445141e-02 2.457237e-01 1.011770e-07 -2.444988e-02 1.515597e-05 -1.472461e-08 -1.523595e-06
27.04          2.974420e-01 1.034452e-07 -2.875231e-02 2.974277e-01 1.169314e-07 -2.875093e-02 1.425519e-05 -1.348621e-08 -1.376591e-06
27.05          2.805442e-01 9.841685e-08 -2.632820e-02 2.805300e-01 1.134562e-07 -2.632691e-02 1.413466e-05 -1.503933e-08 -1.284689e-06
27.06          2.812022e-01 9.222056e-08 -2.560024e-02 2.811883e-01 1.079253e-07 -2.559901e-02 1.390418e-05 -1.570473e-08 -1.226490e-06
27.07          3.002053e-01 1.092163e-07 -2.649034e-02 3.001920e-01 1.215273e-07 -2.648921e-02 1.335869e-05 -1.231098e-08 -1.123501e-06
27.08          2.613954e-01 9.188299e-08 -2.233925e-02 2.613819e-01 1.047390e-07 -2.233816e-02 1.348800e-05 -1.285605e-08 -1.085857e-06
27.09          2.645824e-01 9.040056e-08 -2.187921e-02 2.645691e-01 1.030904e-07 -2.187815e-02 1.326028e-05 -1.268982e-08 -1.061531e-06
27.1           2.604196e-01 9.277855e-08 -2.081873e-02 2.604061e-01 1.071167e-07 -2.081766e-02 1.344675e-05 -1.433818e-08 -1.070975e-06
27.11          2.142173e-01 7.250753e-08 -1.654145e-02 2.142035e-01 8.674213e-08 -1.654036e-02 1.376114e-05 -1.423460e-08 -1.094909e-06
27.12          2.744817e-01 9.405075e-08 -2.044772e-02 2.744690e-01 1.073587e-07 -2.044680e-02 1.267543e-05 -1.330795e-08 -9.204899e-07
27.13          2.698619e-01 9.288698e-08 -1.937857e-02 2.698494e-01 1.056588e-07 -1.937772e-02 1.251475e-05 -1.277182e-08 -8.516226e-07
27.14          2.125984e-01 7.552479e-08 -1.470182e-02 2.125851e-01 8.867823e-08 -1.470090e-02 1.325647e-05 -1.315344e-08 -9.145279e-07
27.15          2.415006e-01 8.642881e-08 -1.606019e-02 2.414880e-01 9.906498e-08 -1.605935e-02 1.262522e-05 -1.263617e-08 -8.327663e-07
27.16          2.147022e-01 7.782197e-08 -1.371643e-02 2.146896e-01 9.057522e-08 -1.371561e-02 1.261453e-05 -1.275325e-08 -8.188726e-07
27.17          2.303848e-01 8.398428e-08 -1.412025e-02 2.303725e-01 9.729751e-08 -1.411952e-02 1.223391e-05 -1.331324e-08 -7.336029e-07
27.18          2.410457e-01 8.798384e-08 -1.415542e-02 2.410340e-01 1.008510e-07 -1.415474e-02 1.176333e-05 -1.286720e-08 -6.846918e-07
27.19          2.398802e-01 1.008496e-07 -1.347892e-02 2.398690e-01 1.150428e-07 -1.347835e-02 1.123638e-05 -1.419322e-08 -5.689389e-07
27.2           2.052495e-01 7.544692e-08 -1.101938e-02 2.052381e-01 8.932403e-08 -1.101883e-02 1.139688e-05 -1.387711e-08 -5.548137e-07
27.21          2.203361e-01 8.275388e-08 -1.128296e-02 2.203250e-01 9.669282e-08 -1.128246e-02 1.112806e-05 -1.393894e-08 -4.981802e-07
27.22          2.329094e-01 8.747071e-08 -1.135662e-02 2.328990e-01 1.008331e-07 -1.135622e-02 1.039433e-05 -1.336242e-08 -4.031705e-07
27.23          2.271796e-01 8.428847e-08 -1.052875e-02 2.271698e-01 9.725410e-08 -1.052844e-02 9.811142e-06 -1.296563e-08 -3.078565e-07
27.24          1.890565e-01 7.263635e-08 -8.312979e-03 1.890465e-01 8.590734e-08 -8.312673e-03 9.966004e-06 -1.327099e-08 -3.059078e-07
27.25          2.012955e-01 7.582784e-08 -8.378509e-03 2.012859e-01 8.888700e-08 -8.378237e-03 9.631264e-06 -1.305916e-08 -2.720700e-07
27.26          2.020622e-01 7.662937e-08 -7.943864e-03 2.020529e-01 8.898174e-08 -7.943636e-03 9.233538e-06 -1.235237e-08 -2.275176e-07
27.27          1.969441e-01 7.836987e-08 -7.295612e-03 1.969352e-01 8.956695e-08 -7.295413e-03 8.863600e-06 -1.119707e-08 -1.986234e-07
27.28          1.804551e-01 7.036805e-08 -6.282689e-03 1.804465e-01 8.292529e-08 -6.282510e-03 8.640862e-06 -1.255724e-08 -1.794444e-07
27.29          1.803499e-01 6.804686e-08 -5.883801e-03 1.803416e-01 8.183925e-08 -5.883642e-03 8.374113e-06 -1.379240e-08 -1.589716e-07
27.3           1.762560e-01 6.603034e-08 -5.371536e-03 1.762481e-01 8.119427e-08 -5.371404e-03 7.994806e-06 -1.516393e-08 -1.321784e-07
27.31          1.782609e-01 6.252623e-08 -5.057272e-03 1.782534e-01 7.789627e-08 -5.057189e-03 7.480984e-06 -1.537004e-08 -8.260791e-08
27.32          1.602896e-01 5.822954e-08 -4.218054e-03 1.602822e-01 7.410763e-08 -4.217972e-03 7.400461e-06 -1.587809e-08 -8.198254e-08
27.33          1.723530e-01 5.566774e-08 -4.188334e-03 1.723461e-01 7.109166e-08 -4.188302e-03 6.902600e-06 -1.542393e-08 -3.234748e-08
27.34          1.659058e-01 4.956495e-08 -3.705797e-03 1.658993e-01 6.488747e-08 -3.705808e-03 6.548101e-06 -1.532252e-08 1.104958e-08
27.35          1.682816e-01 5.868846e-08 -3.436447e-03 1.682755e-01 7.467702e-08 -3.436486e-03 6.069776e-06 -1.598856e-08 3.887361e-08
27.36          1.585100e-01 5.615885e-08 -2.941513e-03 1.585043e-01 7.301834e-08 -2.941574e-03 5.724631e-06 -1.685949e-08 6.056506e-08
27.37          1.572207e-01 5.722752e-08 -2.632742e-03 1.572154e-01 7.592319e-08 -2.632836e-03 5.338337e-06 -1.869566e-08 9.463632e-08
27.38          1.539246e-01 5.465136e-08 -2.306712e-03 1.539195e-01 7.471617e-08 -2.306822e-03 5.048732e-06 -2.006481e-08 1.099809e-07
27.39          1.515216e-01 5.234652e-08 -2.012242e-03 1.515168e-01 7.348365e-08 -2.012379e-03 4.740516e-06 -2.113713e-08 1.366786e-07
27.4           1.500646e-01 4.970442e-08 -1.744947e-03 1.500602e-01 7.069788e-08 -1.745086e-03 4.395850e-06 -2.099346e-08 1.385616e-07
27.41          1.456419e-01 4.874478e-08 -1.461042e-03 1.456378e-01 6.998555e-08 -1.461216e-03 4.097113e-06 -2.124078e-08 1.739064e-07
27.42          1.413536e-01 4.403626e-08 -1.200272e-03 1.413498e-01 6.578045e-08 -1.200488e-03 3.779876e-06 -2.174419e-08 2.167570e-07
27.43          1.453041e-01 4.738916e-08 -1.018235e-03 1.453006e-01 6.990234e-08 -1.018505e-03 3.490652e-06 -2.251318e-08 2.697426e-07
27.44          1.342090e-01 4.287991e-08 -7.494911e-04 1.342057e-01 6.588788e-08 -7.497997e-04 3.275952e-06 -2.300797e-08 3.086396e-07
27.45          1.364815e-01 4.333421e-08 -5.758078e-04 1.364784e-01 6.729136e-08 -5.761361e-04 3.054449e-06 -2.395715e-08 3.282824e-07
27.46          1.438712e-01 4.435975e-08 -4.183388e-04 1.438683e-01 6.874632e-08 -4.187163e-04 2.883281e-06 -2.438656e-08 3.774948e-07
27.47          1.394646e-01 4.707431e-08 -2.313075e-04 1.394618e-01 7.212795e-08 -2.317268e-04 2.772756e-06 -2.505364e-08 4.192962e-07
27.48          1.366877e-01 4.373093e-08 -6.385949e-05 1.366850e-01 6.850483e-08 -6.430048e-05 2.754753e-06 -2.477390e-08 4.409978e-07
27.49          1.273558e-01 4.359071e-08 8.427754e-05 1.273531e-01 6.721010e-08 8.384728e-05 2.715340e-06 -2.361939e-08 4.302579e-07
27.5           1.180405e-01 3.923248e-08 2.039090e-04 1.180378e-01 6.362326e-08 2.034616e-04 2.758496e-06 -2.439078e-08 4.474098e-07
27.51          1.114408e-01 4.287305e-08 3.041446e-04 1.114381e-01 6.423005e-08 3.037167e-04 2.728684e-06 -2.135700e-08 4.278752e-07
27.52          1.227886e-01 4.958330e-08 4.505204e-04 1.227857e-01 6.937456e-08 4.500955e-04 2.922229e-06 -1.979125e-08 4.249113e-07
27.53          1.204686e-01 5.220692e-08 5.467230e-04 1.204654e-01 7.001924e-08 5.463108e-04 3.149379e-06 -1.781232e-08 4.121900e-07
27.54          1.286995e-01 5.847519e-08 6.877880e-04 1.286960e-01 7.464846e-08 6.873784e-04 3.536994e-06 -1.617327e-08 4.095665e-07
27.55          1.172773e-01 5.859371e-08 7.127033e-04 1.172736e-01 7.200360e-08 7.123151e-04 3.761344e-06 -1.340989e-08 3.881553e-07
27.56          1.172863e-01 6.260141e-08 7.912242e-04 1.172822e-01 7.291973e-08 7.908595e-04 4.056698e-06 -1.031832e-08 3.647287e-07
27.57          1.227583e-01 6.922394e-08 9.018589e-04 1.227537e-01 7.580351e-08 9.015380e-04 4.568056e-06 -6.579569e-09 3.208357e-07
27.58          1.262714e-01 7.430117e-08 9.951259e-04 1.262662e-01 7.725145e-08 9.948466e-04 5.207715e-06 -2.950286e-09 2.793276e-07
27.59          1.120423e-01 7.307553e-08 9.345544e-04 1.120367e-01 7.255810e-08 9.342942e-04 5.558374e-06 5.174301e-10 2.601148e-07
27.6           1.137394e-01 7.768139e-08 9.936981e-04 1.137335e-01 7.493743e-08 9.934559e-04 5.947796e-06 2.743957e-09 2.421595e-07
27.61          1.076601e-01 7.926771e-08 9.753920e-04 1.076538e-01 7.285253e-08 9.751660e-04 6.336843e-06 6.415181e-09 2.259953e-07
27.62          9.494986e-02 8.464332e-08 8.839781e-04 9.494330e-02 7.554364e-08 8.837774e-04 6.553130e-06 9.099678e-09 2.007375e-07
27.63          1.099172e-01 8.462740e-08 1.044994e-03 1.099101e-01 7.551181e-08 1.044814e-03 7.079252e-06 9.115586e-09 1.803878e-07
27.64          1.024581e-01 8.297821e-08 9.859764e-04 1.024506e-01 7.429423e-08 9.858077e-04 7.534577e-06 8.683975e-09 1.687871e-07
27.65          9.648406e-02 8.412641e-08 9.330916e-04 9.647616e-02 7.378029e-08 9.329308e-04 7.897337e-06 1.034613e-08 1.607447e-07
27.66          1.081457e-01 8.289235e-08 1.044695e-03 1.081371e-01 7.052313e-08 1.044539e-03 8.562686e-06 1.236922e-08 1.561943e-07
27.67          1.025674e-01 7.832887e-08 9.815908e-04 1.025583e-01 6.330810e-08 9.814480e-04 9.048040e-06 1.502078e-08 1.427749e-07
27.68          1.162914e-01 7.819314e-08 1.095744e-03 1.162817e-01 5.970765e-08 1.095618e-03 9.673038e-06 1.848549e-08 1.259575e-07
27.69          1.032087e-01 7.433633e-08 9.488216e-04 1.031986e-01 5.154001e-08 9.486918e-04 1.008854e-05 2.279632e-08 1.297424e-07
27.7           1.095450e-01 7.617149e-08 9.751860e-04 1.095342e-01 5.235806e-08 9.750954e-04 1.075740e-05 2.381343e-08 9.051312e-08
27.71          9.672388e-02 7.734138e-08 8.254642e-04 9.671287e-02 4.606826e-08 8.253864e-04 1.101007e-05 3.127312e-08 7.782366e-08
27.72          9.055564e-02 8.308958e-08 7.334352e-04 9.054437e-02 4.396476e-08 7.333555e-04 1.127326e-05 3.912482e-08 7.974064e-08
27.73          1.031361e-01 1.008112e-07 7.844820e-04 1.031243e-01 5.286312e-08 7.844109e-04 1.174773e-05 4.794806e-08 7.108992e-08
27.74          8.829383e-02 1.099980e-07 6.204020e-04 8.828188e-02 5.735854e-08 6.203386e-04 1.195846e-05 5.263948e-08 6.336114e-08
27.75          9.203814e-02 1.120569e-07 5.881794e-04 9.202596e-02 5.804205e-08 5.881336e-04 1.217224e-05 5.401481e-08 4.588492e-08
27.76          7.257653e-02 1.189410e-07 4.109209e-04 7.256433e-02 6.493181e-08 4.108918e-04 1.220483e-05 5.400920e-08 2.906023e-08
27.77          8.632773e-02 1.154339e-07 4.228050e-04 8.631518e-02 6.446358e-08 4.227918e-04 1.255912e-05 5.097033e-08 1.324000e-08
27.78          7.200229e-02 1.115800e-07 2.902071e-04 7.198962e-02 6.365554e-08 2.902157e-04 1.267186e-05 4.792451e-08 -8.549014e-09
27.79          8.107297e-02 1.102164e-07 2.532028e-04 8.106008e-02 6.511277e-08 2.532248e-04 1.288837e-05 4.510367e-08 -2.200423e-08
27.8           7.281491e-02 1.016060e-07 1.548840e-04 7.280191e-02 5.952393e-08 1.549273e-04 1.299506e-05 4.208207e-08 -4.332086e-08
27.81          7.543010e-02 1.007489e-07 8.104502e-05 7.541695e-02 5.861110e-08 8.109854e-05 1.314888e-05 4.213777e-08 -5.352191e-08
27.82          6.596486e-02 9.179098e-08 -3.736281e-06 6.595156e-02 4.866517e-08 -3.681265e-06 1.330105e-05 4.312581e-08 -5.501666e-08
27.83          7.286985e-02 9.624645e-08 -8.998280e-05 7.285635e-02 4.975512e-08 -8.990586e-05 1.350091e-05 4.649133e-08 -7.694336e-08
27.84          4.739791e-02 9.791014e-08 -1.201530e-04 4.738455e-02 4.959287e-08 -1.200557e-04 1.335994e-05 4.831728e-08 -9.737025e-08
27.85          4.545166e-02 1.013511e-07 -1.752582e-04 4.543840e-02 5.339627e-08 -1.751537e-04 1.326026e-05 4.795481e-08 -1.045295e-07
27.86          7.282630e-02 7.553642e-08 -3.769823e-04 7.281243e-02 3.078048e-08 -3.768233e-04 1.387832e-05 4.475593e-08 -1.589553e-07
27.87          5.954921e-02 6.607861e-08 -3.950734e-04 5.953528e-02 2.659079e-08 -3.948791e-04 1.392969e-05 3.948781e-08 -1.943029e-07
27.88          5.246356e-02 5.346257e-08 -4.272346e-04 5.244956e-02 1.922303e-08 -4.270123e-04 1.400543e-05 3.423954e-08 -2.223860e-07
27.89          5.266498e-02 5.418860e-08 -5.107628e-04 5.265100e-02 2.178915e-08 -5.105318e-04 1.397760e-05 3.239946e-08 -2.310012e-07
27.9           5.778467e-02 7.710898e-08 -6.527200e-04 5.777059e-02 4.701443e-08 -6.524622e-04 1.407673e-05 3.009455e-08 -2.578249e-07
27.91          5.079584e-02 9.726157e-08 -6.593932e-04 5.078176e-02 6.556744e-08 -6.591471e-04 1.408167e-05 3.169412e-08 -2.460833e-07
27.92          4.750755e-02 1.110146e-07 -6.989018e-04 4.749341e-02 7.851802e-08 -6.986674e-04 1.414304e-05 3.249663e-08 -2.343555e-07
27.93          4.980619e-02 1.160365e-07 -8.209549e-04 4.979201e-02 8.422104e-08 -8.207073e-04 1.418016e-05 3.181546e-08 -2.475937e-07
27.94          5.180987e-02 1.161931e-07 -9.484190e-04 5.179572e-02 8.712892e-08 -9.481336e-04 1.414596e-05 2.906420e-08 -2.854391e-07
27.95          5.431808e-02 1.117625e-07 -1.096216e-03 5.430373e-02 8.153986e-08 -1.095944e-03 1.435623e-05 3.022267e-08 -2.723930e-07
27.96          2.977141e-02 1.025268e-07 -6.616596e-04 2.975738e-02 7.632788e-08 -6.613868e-04 1.403092e-05 2.619894e-08 -2.728143e-07
27.97          5.140891e-02 1.066473e-07 -1.238932e-03 5.139452e-02 8.053551e-08 -1.238668e-03 1.439505e-05 2.611176e-08 -2.636164e-07
27.98          3.389777e-02 9.939254e-08 -8.882113e-04 3.388364e-02 7.823611e-08 -8.879156e-04 1.413446e-05 2.115643e-08 -2.957631e-07
27.99          5.809333e-02 1.007676e-07 -1.637348e-03 5.807881e-02 8.041637e-08 -1.637041e-03 1.452165e-05 2.035121e-08 -3.071151e-07
28             2.817285e-02 8.488267e-08 -8.576230e-04 2.815863e-02 6.915777e-08 -8.573022e-04 1.422399e-05 1.572491e-08 -3.207909e-07
28.01          5.302206e-02 9.099071e-08 -1.722124e-03 5.300748e-02 7.608511e-08 -1.721785e-03 1.457907e-05 1.490560e-08 -3.388929e-07
28.02          3.898507e-02 8.533982e-08 -1.354248e-03 3.897058e-02 7.280417e-08 -1.353867e-03 1.448658e-05 1.253565e-08 -3.810895e-07
28.03          4.332184e-02 7.818294e-08 -1.601262e-03 4.330730e-02 6.959352e-08 -1.600869e-03 1.454589e-05 8.589416e-09 -3.930835e-07
28.04          6.138879e-02 8.319336e-08 -2.406402e-03 6.137390e-02 7.366408e-08 -2.405985e-03 1.489855e-05 9.529272e-09 -4.169370e-07
28.05          6.460763e-02 8.136587e-08 -2.682377e-03 6.459249e-02 7.156968e-08 -2.681912e-03 1.513815e-05 9.796190e-09 -4.653584e-07
28.06          3.616426e-02 6.279552e-08 -1.590212e-03 3.614953e-02 5.380939e-08 -1.589763e-03 1.472978e-05 8.986128e-09 -4.490562e-07
28.07          8.478715e-02 8.471207e-08 -3.921398e-03 8.477182e-02 7.322343e-08 -3.920840e-03 1.532967e-05 1.148865e-08 -5.579153e-07
28.08          5.899325e-02 6.830333e-08 -2.874273e-03 5.897807e-02 5.539269e-08 -2.873695e-03 1.518033e-05 1.291064e-08 -5.773305e-07
28.09          5.418090e-02 5.757031e-08 -2.773803e-03 5.416587e-02 5.033448e-08 -2.773211e-03 1.503663e-05 7.235828e-09 -5.919339e-07
28.1           5.164414e-02 5.767665e-08 -2.773497e-03 5.162926e-02 4.834659e-08 -2.772892e-03 1.487365e-05 9.330064e-09 -6.048735e-07
28.11          5.050876e-02 5.597837e-08 -2.840490e-03 5.049401e-02 4.583828e-08 -2.839873e-03 1.475177e-05 1.014009e-08 -6.172294e-07
28.12          4.583796e-02 5.166138e-08 -2.696150e-03 4.582347e-02 4.214391e-08 -2.695475e-03 1.449044e-05 9.517472e-09 -6.741610e-07
28.13          4.268700e-02 5.386931e-08 -2.621822e-03 4.267285e-02 4.235812e-08 -2.621140e-03 1.415632e-05 1.151119e-08 -6.824379e-07
28.14          6.280250e-02 5.890142e-08 -4.018285e-03 6.278823e-02 4.784779e-08 -4.017573e-03 1.426745e-05 1.105363e-08 -7.112260e-07
28.15          4.503872e-02 4.301187e-08 -3.002913e-03 4.502501e-02 3.502810e-08 -3.002191e-03 1.371402e-05 7.983768e-09 -7.217613e-07
28.16          5.310257e-02 5.031004e-08 -3.681379e-03 5.308914e-02 4.187638e-08 -3.680670e-03 1.342592e-05 8.433660e-09 -7.085854e-07
28.17          7.071010e-02 5.605887e-08 -5.090464e-03 7.069655e-02 4.786162e-08 -5.089724e-03 1.354308e-05 8.197247e-09 -7.399704e-07
28.18          6.963639e-02 5.303416e-08 -5.202716e-03 6.962275e-02 4.538710e-08 -5.201933e-03 1.363824e-05 7.647066e-09 -7.831490e-07
28.19          4.601029e-02 3.056867e-08 -3.566115e-03 4.599722e-02 2.465213e-08 -3.565345e-03 1.306616e-05 5.916543e-09 -7.693668e-07
28.2           6.293855e-02 3.481039e-08 -5.049436e-03 6.292567e-02 2.968776e-08 -5.048683e-03 1.287822e-05 5.122630e-09 -7.522403e-07
28.21          6.141878e-02 2.992611e-08 -5.098655e-03 6.140626e-02 2.511404e-08 -5.097908e-03 1.251052e-05 4.812062e-09 -7.473857e-07
28.22          8.084888e-02 4.027339e-08 -6.935857e-03 8.083627e-02 3.452126e-08 -6.935090e-03 1.261600e-05 5.752128e-09 -7.667611e-07
28.23          8.371060e-02 4.100105e-08 -7.416837e-03 8.369798e-02 3.493368e-08 -7.416042e-03 1.262415e-05 6.067371e-09 -7.950843e-07
28.24          8.049270e-02 3.515237e-08 -7.359900e-03 8.048027e-02 2.889127e-08 -7.359080e-03 1.243342e-05 6.261109e-09 -8.194859e-07
28.25          8.901114e-02 4.101701e-08 -8.391306e-03 8.899876e-02 3.383235e-08 -8.390463e-03 1.238106e-05 7.184660e-09 -8.432072e-07
28.26          7.925984e-02 3.307580e-08 -7.699268e-03 7.924777e-02 2.551135e-08 -7.698432e-03 1.207529e-05 7.564441e-09 -8.356704e-07
28.27          6.139907e-02 1.676925e-08 -6.141928e-03 6.138768e-02 9.911269e-09 -6.141132e-03 1.138898e-05 6.857979e-09 -7.968978e-07
28.28          9.494074e-02 4.024091e-08 -9.767086e-03 9.492928e-02 3.280510e-08 -9.766266e-03 1.146035e-05 7.435812e-09 -8.197427e-07
28.29          6.875420e-02 2.093504e-08 -7.273520e-03 6.874330e-02 1.427943e-08 -7.272720e-03 1.089889e-05 6.655610e-09 -8.003574e-07
28.3           9.260166e-02 3.920209e-08 -1.006233e-02 9.259082e-02 3.190466e-08 -1.006152e-02 1.084336e-05 7.297429e-09 -8.047522e-07
28.31          9.059055e-02 3.447823e-08 -1.010704e-02 9.057996e-02 2.774121e-08 -1.010619e-02 1.059407e-05 6.737022e-09 -8.570988e-07
28.32          9.637871e-02 3.561589e-08 -1.103166e-02 9.636834e-02 3.064608e-08 -1.103087e-02 1.036100e-05 4.969809e-09 -7.855416e-07
28.33          9.883584e-02 3.734418e-08 -1.160036e-02 9.882566e-02 3.477289e-08 -1.159957e-02 1.018398e-05 2.571294e-09 -7.914035e-07
28.34          1.259785e-01 5.101592e-08 -1.515048e-02 1.259681e-01 4.751001e-08 -1.514964e-02 1.034948e-05 3.505910e-09 -8.380286e-07
28.35          1.419773e-01 5.462061e-08 -1.748620e-02 1.419666e-01 5.086157e-08 -1.748525e-02 1.072266e-05 3.759038e-09 -9.509648e-07
28.36          1.139050e-01 3.719679e-08 -1.436053e-02 1.138948e-01 3.398851e-08 -1.435962e-02 1.020964e-05 3.208279e-09 -9.174085e-07
28.37          1.291306e-01 4.320659e-08 -1.665350e-02 1.291206e-01 4.038573e-08 -1.665257e-02 9.956179e-06 2.820862e-09 -9.217210e-07
28.38          1.070235e-01 2.947199e-08 -1.411284e-02 1.070140e-01 2.682603e-08 -1.411196e-02 9.447395e-06 2.645954e-09 -8.771604e-07
28.39          1.334722e-01 5.033590e-08 -1.798438e-02 1.334628e-01 4.652483e-08 -1.798347e-02 9.380885e-06 3.811068e-09 -9.066072e-07
28.4           1.243014e-01 4.961447e-08 -1.710696e-02 1.242924e-01 4.234181e-08 -1.710606e-02 9.042629e-06 7.272663e-09 -8.981773e-07
28.41          1.374933e-01 5.573319e-08 -1.931598e-02 1.374843e-01 4.826293e-08 -1.931504e-02 8.992896e-06 7.470262e-09 -9.430412e-07
28.42          1.302635e-01 4.487466e-08 -1.867245e-02 1.302547e-01 4.109819e-08 -1.867152e-02 8.718681e-06 3.776468e-09 -9.336131e-07
28.43          1.116226e-01 2.801005e-08 -1.631854e-02 1.116145e-01 2.419600e-08 -1.631768e-02 8.096967e-06 3.814051e-09 -8.644865e-07
28.44          1.238967e-01 3.579316e-08 -1.846243e-02 1.238891e-01 3.260092e-08 -1.846169e-02 7.626477e-06 3.192235e-09 -7.371965e-07
28.45          9.751507e-02 1.797779e-08 -1.480712e-02 9.750808e-02 1.532035e-08 -1.480647e-02 6.989485e-06 2.657437e-09 -6.535417e-07
28.46          1.364316e-01 4.170529e-08 -2.109625e-02 1.364247e-01 3.934474e-08 -2.109562e-02 6.845217e-06 2.360546e-09 -6.346198e-07
28.47          1.361397e-01 3.809366e-08 -2.143024e-02 1.361331e-01 3.686249e-08 -2.142963e-02 6.572518e-06 1.231169e-09 -6.124249e-07
28.48          1.273893e-01 3.851868e-08 -2.040492e-02 1.273829e-01 3.726660e-08 -2.040432e-02 6.447004e-06 1.252077e-09 -5.958109e-07
28.49          1.399449e-01 4.196723e-08 -2.279889e-02 1.399385e-01 4.000335e-08 -2.279829e-02 6.347428e-06 1.963879e-09 -5.994822e-07
28.5           1.155499e-01 2.897702e-08 -1.913993e-02 1.155439e-01 2.752164e-08 -1.913937e-02 5.941309e-06 1.455377e-09 -5.609923e-07
28.51          1.552897e-01 6.293018e-08 -2.614049e-02 1.552838e-01 5.823560e-08 -2.613990e-02 5.898346e-06 4.694580e-09 -5.818363e-07
28.52          1.305610e-01 4.880753e-08 -2.232821e-02 1.305553e-01 4.399182e-08 -2.232761e-02 5.698699e-06 4.815708e-09 -6.028031e-07
28.53          1.534844e-01 4.654234e-08 -2.665503e-02 1.534791e-01 4.223548e-08 -2.665448e-02 5.319656e-06 4.306854e-09 -5.466455e-07
28.54          1.312809e-01 4.856503e-08 -2.314347e-02 1.312757e-01 4.326285e-08 -2.314293e-02 5.225269e-06 5.302184e-09 -5.352237e-07
28.55          1.610465e-01 5.811335e-08 -2.880723e-02 1.610414e-01 5.371018e-08 -2.880672e-02 5.070879e-06 4.403166e-09 -5.127948e-07
28.56          1.517289e-01 5.884604e-08 -2.752832e-02 1.517238e-01 5.400534e-08 -2.752781e-02 5.031020e-06 4.840700e-09 -5.091731e-07
28.57          1.441948e-01 5.393030e-08 -2.652495e-02 1.441899e-01 4.888753e-08 -2.652446e-02 4.901992e-06 5.042775e-09 -4.950861e-07
28.58          1.709109e-01 6.841069e-08 -3.186399e-02 1.709061e-01 6.209884e-08 -3.186349e-02 4.832098e-06 6.311847e-09 -4.916273e-07
28.59          1.601545e-01 6.368760e-08 -3.025168e-02 1.601498e-01 5.634036e-08 -3.025121e-02 4.681121e-06 7.347244e-09 -4.721038e-07
28.6           1.688466e-01 6.834332e-08 -3.230085e-02 1.688420e-01 5.981362e-08 -3.230040e-02 4.572123e-06 8.529696e-09 -4.513716e-07
28.61          1.681569e-01 7.320340e-08 -3.256804e-02 1.681524e-01 6.284017e-08 -3.256760e-02 4.461648e-06 1.036322e-08 -4.387289e-07
28.62          1.628002e-01 6.854999e-08 -3.191022e-02 1.627959e-01 5.779305e-08 -3.190980e-02 4.313228e-06 1.075694e-08 -4.218573e-07
28.63          1.580458e-01 5.957833e-08 -3.134038e-02 1.580418e-01 4.854521e-08 -3.134000e-02 4.040901e-06 1.103312e-08 -3.745686e-07
28.64          1.687661e-01 6.880663e-08 -3.384505e-02 1.687622e-01 5.739502e-08 -3.384471e-02 3.881565e-06 1.141161e-08 -3.393308e-07
28.65          1.628564e-01 6.708124e-08 -3.301888e-02 1.628527e-01 5.503800e-08 -3.301858e-02 3.730384e-06 1.204325e-08 -2.951111e-07
28.66          1.709068e-01 7.103874e-08 -3.501987e-02 1.709031e-01 5.812182e-08 -3.501962e-02 3.617641e-06 1.291692e-08 -2.574934e-07
28.67          1.586153e-01 6.700527e-08 -3.283696e-02 1.586119e-01 5.290821e-08 -3.283675e-02 3.451316e-06 1.409705e-08 -2.095330e-07
28.68          1.618173e-01 6.283999e-08 -3.383456e-02 1.618141e-01 4.805187e-08 -3.383442e-02 3.218367e-06 1.478812e-08 -1.397586e-07
28.69          1.674061e-01 7.018745e-08 -3.534100e-02 1.674030e-01 5.434298e-08 -3.534092e-02 3.071820e-06 1.584448e-08 -7.925546e-08
28.7           1.761425e-01 7.625809e-08 -3.753240e-02 1.761396e-01 5.871255e-08 -3.753237e-02 2.931839e-06 1.754554e-08 -2.839946e-08
28.71          1.728037e-01 8.340669e-08 -3.715194e-02 1.728008e-01 6.678338e-08 -3.715194e-02 2.931478e-06 1.662331e-08 -1.907231e-09
28.72          1.722298e-01 8.000612e-08 -3.735014e-02 1.722270e-01 6.168993e-08 -3.735018e-02 2.821454e-06 1.831619e-08 3.939719e-08
28.73          1.764402e-01 7.973650e-08 -3.858326e-02 1.764375e-01 5.927980e-08 -3.858336e-02 2.714504e-06 2.045669e-08 9.817395e-08
28.74          1.869012e-01 9.067881e-08 -4.119939e-02 1.868986e-01 6.806242e-08 -4.119954e-02 2.637272e-06 2.261639e-08 1.473355e-07
28.75          1.784441e-01 9.124855e-08 -3.963875e-02 1.784415e-01 6.447625e-08 -3.963894e-02 2.587847e-06 2.677230e-08 1.911386e-07
28.76          1.839269e-01 9.985043e-08 -4.115887e-02 1.839244e-01 6.867776e-08 -4.115910e-02 2.524852e-06 3.117267e-08 2.282658e-07
28.77          1.775914e-01 9.541646e-08 -4.002287e-02 1.775889e-01 6.151330e-08 -4.002315e-02 2.457505e-06 3.390316e-08 2.791352e-07
28.78          1.770460e-01 9.841913e-08 -4.017012e-02 1.770436e-01 6.151135e-08 -4.017045e-02 2.397178e-06 3.690778e-08 3.267531e-07
28.79          1.846391e-01 1.094719e-07 -4.216309e-02 1.846368e-01 6.782995e-08 -4.216345e-02 2.344409e-06 4.164193e-08 3.633011e-07
28.8           1.597691e-01 1.018295e-07 -3.670855e-02 1.597668e-01 5.699063e-08 -3.670895e-02 2.296739e-06 4.483890e-08 3.959771e-07
28.81          1.863528e-01 1.199124e-07 -4.306663e-02 1.863505e-01 7.101344e-08 -4.306703e-02 2.264927e-06 4.889897e-08 4.036599e-07
28.82          1.886487e-01 1.254558e-07 -4.383957e-02 1.886464e-01 7.470181e-08 -4.383998e-02 2.262541e-06 5.075400e-08 4.036263e-07
28.83          1.836125e-01 1.219692e-07 -4.289317e-02 1.836103e-01 6.586215e-08 -4.289359e-02 2.237006e-06 5.610701e-08 4.229758e-07
28.84          1.825442e-01 1.279595e-07 -4.285432e-02 1.825419e-01 6.874009e-08 -4.285476e-02 2.232086e-06 5.921941e-08 4.384359e-07
28.85          1.890009e-01 1.370418e-07 -4.457605e-02 1.889988e-01 7.338201e-08 -4.457648e-02 2.195151e-06 6.365981e-08 4.381725e-07
28.86          1.940148e-01 1.395068e-07 -4.595728e-02 1.940126e-01 7.251070e-08 -4.595772e-02 2.193164e-06 6.699612e-08 4.409621e-07
28.87          1.869504e-01 1.416206e-07 -4.446312e-02 1.869482e-01 7.249902e-08 -4.446355e-02 2.234170e-06 6.912154e-08 4.366656e-07
28.88          1.910389e-01 1.477291e-07 -4.560532e-02 1.910367e-01 7.663547e-08 -4.560576e-02 2.268059e-06 7.109360e-08 4.332367e-07
28.89          1.916845e-01 1.531706e-07 -4.591687e-02 1.916822e-01 7.898808e-08 -4.591729e-02 2.267978e-06 7.418256e-08 4.229244e-07
28.9           2.157292e-01 1.762909e-07 -5.183866e-02 2.157271e-01 9.390684e-08 -5.183907e-02 2.102749e-06 8.238411e-08 4.068399e-07
28.91          1.938824e-01 1.712916e-07 -4.672215e-02 1.938802e-01 8.695330e-08 -4.672253e-02 2.164964e-06 8.433827e-08 3.798602e-07
28.92          1.977077e-01 1.751176e-07 -4.776554e-02 1.977055e-01 9.007340e-08 -4.776590e-02 2.267438e-06 8.504422e-08 3.602078e-07
28.93          1.976633e-01 1.782231e-07 -4.786273e-02 1.976610e-01 9.215502e-08 -4.786307e-02 2.351703e-06 8.606807e-08 3.427343e-07
28.94          2.023723e-01 1.844033e-07 -4.909919e-02 2.023700e-01 9.647892e-08 -4.909952e-02 2.363198e-06 8.792443e-08 3.239502e-07
28.95          1.799295e-01 1.761983e-07 -4.372747e-02 1.799271e-01 8.725180e-08 -4.372777e-02 2.417878e-06 8.894648e-08 3.011238e-07
28.96          2.074778e-01 1.890627e-07 -5.049157e-02 2.074753e-01 9.942676e-08 -5.049184e-02 2.496665e-06 8.963594e-08 2.715348e-07
28.97          2.109700e-01 1.920479e-07 -5.139746e-02 2.109675e-01 1.006623e-07 -5.139770e-02 2.489425e-06 9.138560e-08 2.410584e-07
28.98          2.074477e-01 1.880737e-07 -5.057996e-02 2.074450e-01 9.612765e-08 -5.058018e-02 2.607235e-06 9.194601e-08 2.157360e-07
28.99          1.910369e-01 1.929048e-07 -4.660324e-02 1.910342e-01 1.005250e-07 -4.660342e-02 2.717013e-06 9.237978e-08 1.770333e-07
29             1.950951e-01 2.055066e-07 -4.760447e-02 1.950921e-01 1.146103e-07 -4.760459e-02 3.050510e-06 9.089629e-08 1.150796e-07
29.01          1.924814e-01 1.983270e-07 -4.696364e-02 1.924782e-01 1.077557e-07 -4.696372e-02 3.169346e-06 9.057134e-08 7.800782e-08
29.02          2.235884e-01 2.042031e-07 -5.453340e-02 2.235852e-01 1.131516e-07 -5.453347e-02 3.148185e-06 9.105154e-08 6.661147e-08
29.03          1.784170e-01 2.037009e-07 -4.348873e-02 1.784134e-01 1.136805e-07 -4.348872e-02 3.540441e-06 9.002043e-08 -7.649041e-09
29.04          2.346071e-01 2.096147e-07 -5.713009e-02 2.346036e-01 1.194758e-07 -5.713007e-02 3.496128e-06 9.013883e-08 -1.606936e-08
29.05          1.903796e-01 2.034066e-07 -4.630392e-02 1.903758e-01 1.140766e-07 -4.630384e-02 3.774310e-06 8.932999e-08 -7.780184e-08
29.06          2.145730e-01 2.120891e-07 -5.210863e-02 2.145690e-01 1.238496e-07 -5.210851e-02 3.982835e-06 8.823954e-08 -1.196179e-07
29.07          1.999955e-01 2.035938e-07 -4.848093e-02 1.999913e-01 1.162774e-07 -4.848077e-02 4.155344e-06 8.731647e-08 -1.621747e-07
29.08          2.192063e-01 2.062758e-07 -5.302580e-02 2.192021e-01 1.197566e-07 -5.302562e-02 4.221300e-06 8.651922e-08 -1.802624e-07
29.09          2.064365e-01 1.998608e-07 -4.981759e-02 2.064322e-01 1.129630e-07 -4.981737e-02 4.367301e-06 8.689777e-08 -2.185317e-07
29.1           2.202038e-01 2.015689e-07 -5.299704e-02 2.201994e-01 1.158410e-07 -5.299682e-02 4.348942e-06 8.572791e-08 -2.201626e-07
29.11          1.741638e-01 1.850762e-07 -4.179244e-02 1.741594e-01 1.009694e-07 -4.179221e-02 4.431552e-06 8.410679e-08 -2.341735e-07
29.12          2.696634e-01 2.157110e-07 -6.449640e-02 2.696591e-01 1.327332e-07 -6.449620e-02 4.257412e-06 8.297780e-08 -2.039563e-07
29.13          2.101631e-01 1.985780e-07 -5.008877e-02 2.101587e-01 1.171032e-07 -5.008854e-02 4.447961e-06 8.147478e-08 -2.296223e-07
29.14          2.265477e-01 1.986787e-07 -5.378684e-02 2.265432e-01 1.186472e-07 -5.378662e-02 4.463545e-06 8.003154e-08 -2.240305e-07
29.15          2.375866e-01 2.001686e-07 -5.617514e-02 2.375821e-01 1.218479e-07 -5.617491e-02 4.433300e-06 7.832074e-08 -2.274756e-07
29.16          2.372603e-01 2.032078e-07 -5.585108e-02 2.372557e-01 1.272988e-07 -5.585080e-02 4.604501e-06 7.590904e-08 -2.741868e-07
29.17          2.394696e-01 1.964315e-07 -5.610664e-02 2.394650e-01 1.231468e-07 -5.610634e-02 4.634565e-06 7.328470e-08 -2.997861e-07
29.18          2.389816e-01 1.984252e-07 -5.571308e-02 2.389768e-01 1.278847e-07 -5.571274e-02 4.797876e-06 7.054042e-08 -3.485548e-07
29.19          2.251593e-01 1.901207e-07 -5.221372e-02 2.251542e-01 1.220704e-07 -5.221330e-02 5.071374e-06 6.805028e-08 -4.169829e-07
29.2           2.349435e-01 1.935649e-07 -5.417850e-02 2.349383e-01 1.285761e-07 -5.417806e-02 5.147548e-06 6.498875e-08 -4.434474e-07
29.21          2.269696e-01 1.809406e-07 -5.203204e-02 2.269643e-01 1.182475e-07 -5.203157e-02 5.262560e-06 6.269308e-08 -4.673354e-07
29.22          2.415027e-01 1.835476e-07 -5.502062e-02 2.414973e-01 1.234469e-07 -5.502013e-02 5.357354e-06 6.010069e-08 -4.910116e-07
29.23          2.348049e-01 1.801937e-07 -5.314761e-02 2.347994e-01 1.224256e-07 -5.314708e-02 5.552972e-06 5.776806e-08 -5.372003e-07
29.24          2.487424e-01 1.825541e-07 -5.592007e-02 2.487367e-01 1.272934e-07 -5.591949e-02 5.717819e-06 5.526065e-08 -5.755588e-07
29.25          2.327385e-01 1.786451e-07 -5.195232e-02 2.327325e-01 1.263927e-07 -5.195168e-02 6.046269e-06 5.225236e-08 -6.410426e-07
29.26          2.328545e-01 1.683022e-07 -5.159483e-02 2.328483e-01 1.187512e-07 -5.159416e-02 6.188781e-06 4.955102e-08 -6.687638e-07
29.27          2.465226e-01 1.770341e-07 -5.420382e-02 2.465160e-01 1.298542e-07 -5.420304e-02 6.669617e-06 4.717987e-08 -7.778599e-07
29.28          2.588837e-01 1.698906e-07 -5.646725e-02 2.588769e-01 1.239609e-07 -5.646646e-02 6.842208e-06 4.592973e-08 -7.938031e-07
29.29          2.268987e-01 1.657301e-07 -4.908175e-02 2.268912e-01 1.224455e-07 -4.908081e-02 7.545832e-06 4.328466e-08 -9.400478e-07
29.3           2.560959e-01 1.615626e-07 -5.492109e-02 2.560885e-01 1.216135e-07 -5.492018e-02 7.463055e-06 3.994908e-08 -9.101692e-07
29.31          2.537225e-01 1.587102e-07 -5.392808e-02 2.537148e-01 1.210722e-07 -5.392713e-02 7.654451e-06 3.763806e-08 -9.486975e-07
29.32          2.302535e-01 1.468990e-07 -4.848927e-02 2.302456e-01 1.122585e-07 -4.848829e-02 7.910256e-06 3.464049e-08 -9.787386e-07
29.33          2.866949e-01 1.588350e-07 -5.979841e-02 2.866871e-01 1.266355e-07 -5.979744e-02 7.834660e-06 3.219946e-08 -9.715414e-07
29.34          2.560207e-01 1.433147e-07 -5.287413e-02 2.560128e-01 1.133101e-07 -5.287314e-02 7.917840e-06 3.000457e-08 -9.949919e-07
29.35          2.515863e-01 1.316360e-07 -5.142900e-02 2.515778e-01 1.035105e-07 -5.142786e-02 8.573291e-06 2.812557e-08 -1.149380e-06
29.36          2.789023e-01 1.492001e-07 -5.641345e-02 2.788935e-01 1.223944e-07 -5.641224e-02 8.780269e-06 2.680569e-08 -1.211302e-06
29.37          2.704989e-01 1.404645e-07 -5.412158e-02 2.704898e-01 1.160376e-07 -5.412032e-02 9.011590e-06 2.442689e-08 -1.252728e-06
29.38          2.675966e-01 1.386244e-07 -5.294423e-02 2.675875e-01 1.158730e-07 -5.294295e-02 9.195220e-06 2.275137e-08 -1.277712e-06
29.39          2.586666e-01 1.337452e-07 -5.059056e-02 2.586568e-01 1.137173e-07 -5.058916e-02 9.833722e-06 2.002793e-08 -1.401589e-06
29.4           2.598780e-01 1.286111e-07 -5.022733e-02 2.598678e-01 1.101204e-07 -5.022585e-02 1.017105e-05 1.849074e-08 -1.474628e-06
29.41          2.530136e-01 1.216880e-07 -4.830638e-02 2.530032e-01 1.047725e-07 -4.830485e-02 1.046149e-05 1.691548e-08 -1.527655e-06
29.42          2.628378e-01 1.225009e-07 -4.955468e-02 2.628269e-01 1.075956e-07 -4.955309e-02 1.082861e-05 1.490530e-08 -1.596535e-06
29.43          2.889450e-01 1.254130e-07 -5.377724e-02 2.889341e-01 1.116361e-07 -5.377563e-02 1.095201e-05 1.377687e-08 -1.611998e-06
29.44          2.561801e-01 1.123137e-07 -4.705207e-02 2.561686e-01 1.008240e-07 -4.705036e-02 1.150798e-05 1.148978e-08 -1.704655e-06
29.45          2.715291e-01 1.124685e-07 -4.919598e-02 2.715177e-01 1.019301e-07 -4.919432e-02 1.137691e-05 1.053843e-08 -1.663113e-06
29.46          2.973099e-01 1.140365e-07 -5.311773e-02 2.972985e-01 1.040235e-07 -5.311610e-02 1.139637e-05 1.001305e-08 -1.629284e-06
29.47          2.827942e-01 1.048856e-07 -4.980389e-02 2.827829e-01 9.664213e-08 -4.980230e-02 1.137835e-05 8.243470e-09 -1.595216e-06
29.48          2.720730e-01 9.897167e-08 -4.721463e-02 2.720613e-01 9.273801e-08 -4.721298e-02 1.170904e-05 6.233659e-09 -1.654340e-06
29.49          3.009245e-01 1.048098e-07 -5.143581e-02 3.009127e-01 9.917883e-08 -5.143414e-02 1.177531e-05 5.630991e-09 -1.667342e-06
29.5           2.390225e-01 7.844296e-08 -4.022657e-02 2.390103e-01 7.486060e-08 -4.022486e-02 1.216798e-05 3.582353e-09 -1.702140e-06
29.51          2.888378e-01 9.314947e-08 -4.783987e-02 2.888257e-01 9.073634e-08 -4.783819e-02 1.211901e-05 2.413139e-09 -1.685450e-06
29.52          2.843807e-01 8.914022e-08 -4.633779e-02 2.843683e-01 8.803610e-08 -4.633606e-02 1.242799e-05 1.104125e-09 -1.730687e-06
29.53          2.769747e-01 8.793487e-08 -4.438149e-02 2.769615e-01 8.802688e-08 -4.437962e-02 1.321208e-05 -9.200537e-11 -1.861588e-06
29.54          2.976134e-01 8.920465e-08 -4.687628e-02 2.976002e-01 8.995373e-08 -4.687443e-02 1.314805e-05 -7.490821e-10 -1.848504e-06
29.55          2.886946e-01 8.597795e-08 -4.467901e-02 2.886811e-01 8.824800e-08 -4.467711e-02 1.352879e-05 -2.270054e-09 -1.895899e-06
29.56          3.073316e-01 8.444029e-08 -4.671279e-02 3.073185e-01 8.741746e-08 -4.671101e-02 1.313525e-05 -2.977168e-09 -1.780436e-06
29.57          2.938300e-01 8.304749e-08 -4.384366e-02 2.938165e-01 8.671799e-08 -4.384185e-02 1.351761e-05 -3.670498e-09 -1.816047e-06
29.58          2.913536e-01 7.835269e-08 -4.265879e-02 2.913401e-01 8.270970e-08 -4.265699e-02 1.351539e-05 -4.357008e-09 -1.796884e-06
29.59          2.942488e-01 7.803724e-08 -4.225442e-02 2.942353e-01 8.155107e-08 -4.225264e-02 1.355226e-05 -3.513830e-09 -1.782550e-06
29.6           2.686294e-01 7.388101e-08 -3.781626e-02 2.686155e-01 7.863498e-08 -3.781447e-02 1.393437e-05 -4.753971e-09 -1.790872e-06
29.61          3.053287e-01 8.110233e-08 -4.211500e-02 3.053148e-01 8.517874e-08 -4.211323e-02 1.385436e-05 -4.076408e-09 -1.766280e-06
29.62          2.631951e-01 6.974504e-08 -3.555596e-02 2.631805e-01 7.454149e-08 -3.555410e-02 1.460344e-05 -4.796447e-09 -1.856544e-06
29.63          2.856903e-01 7.353541e-08 -3.777851e-02 2.856761e-01 7.896527e-08 -3.777674e-02 1.427569e-05 -5.429867e-09 -1.764761e-06
29.64          3.087583e-01 8.093745e-08 -3.994490e-02 3.087443e-01 8.635836e-08 -3.994322e-02 1.402220e-05 -5.420912e-09 -1.675453e-06
29.65          3.243184e-01 9.008446e-08 -4.102880e-02 3.243043e-01 9.491296e-08 -4.102720e-02 1.406881e-05 -4.828497e-09 -1.602744e-06
29.66          2.943028e-01 6.265187e-08 -3.638741e-02 2.942886e-01 6.661870e-08 -3.638589e-02 1.419469e-05 -3.966831e-09 -1.523286e-06
29.67          2.720280e-01 7.606878e-08 -3.285117e-02 2.720135e-01 8.192836e-08 -3.284959e-02 1.449445e-05 -5.859575e-09 -1.578444e-06
29.68          2.667530e-01 6.538684e-08 -3.144624e-02 2.667381e-01 7.039954e-08 -3.144462e-02 1.487889e-05 -5.012702e-09 -1.620644e-06
29.69          2.378030e-01 5.292508e-08 -2.734939e-02 2.377875e-01 5.912331e-08 -2.734768e-02 1.543407e-05 -6.198225e-09 -1.706434e-06
29.7           3.084788e-01 8.188520e-08 -3.458568e-02 3.084643e-01 8.639126e-08 -3.458415e-02 1.448098e-05 -4.506067e-09 -1.532526e-06
29.71          2.960782e-01 7.874406e-08 -3.234228e-02 2.960643e-01 8.189085e-08 -3.234087e-02 1.395218e-05 -3.146787e-09 -1.408044e-06
29.72          3.008012e-01 9.041793e-08 -3.199191e-02 3.007876e-01 9.351377e-08 -3.199062e-02 1.363247e-05 -3.095837e-09 -1.288243e-06
29.73          3.037470e-01 8.479779e-08 -3.143224e-02 3.037337e-01 8.956878e-08 -3.143108e-02 1.330634e-05 -4.770989e-09 -1.158356e-06
29.74          2.848124e-01 8.243884e-08 -2.865762e-02 2.847987e-01 8.819038e-08 -2.865646e-02 1.362319e-05 -5.751539e-09 -1.164423e-06
29.75          3.118328e-01 9.814777e-08 -3.048452e-02 3.118194e-01 1.034734e-07 -3.048342e-02 1.336587e-05 -5.325653e-09 -1.102389e-06
29.76          2.556337e-01 8.028162e-08 -2.426378e-02 2.556198e-01 8.576200e-08 -2.426263e-02 1.397767e-05 -5.480379e-09 -1.147130e-06
29.77          3.084766e-01 1.015269e-07 -2.840071e-02 3.084635e-01 1.060007e-07 -2.839969e-02 1.313541e-05 -4.473835e-09 -1.018549e-06
29.78          2.977797e-01 1.076394e-07 -2.657404e-02 2.977667e-01 1.114537e-07 -2.657309e-02 1.296168e-05 -3.814363e-09 -9.478321e-07
29.79          2.506962e-01 8.940085e-08 -2.166765e-02 2.506828e-01 9.480486e-08 -2.166667e-02 1.344329e-05 -5.404010e-09 -9.810126e-07
29.8           2.644233e-01 9.901209e-08 -2.211277e-02 2.644098e-01 1.051798e-07 -2.211180e-02 1.352262e-05 -6.167659e-09 -9.704413e-07
29.81          2.710824e-01 1.030925e-07 -2.191421e-02 2.710689e-01 1.084292e-07 -2.191323e-02 1.348372e-05 -5.336725e-09 -9.775122e-07
29.82          2.758702e-01 1.041715e-07 -2.153749e-02 2.758572e-01 1.079351e-07 -2.153660e-02 1.295371e-05 -3.763586e-09 -8.864653e-07
29.83          2.401701e-01 9.626696e-08 -1.809170e-02 2.401571e-01 1.006911e-07 -1.809083e-02 1.296004e-05 -4.424148e-09 -8.682734e-07
29.84          2.285548e-01 9.171953e-08 -1.659466e-02 2.285419e-01 9.541422e-08 -1.659384e-02 1.286923e-05 -3.694689e-09 -8.274567e-07
29.85          2.542711e-01 1.010984e-07 -1.777488e-02 2.542582e-01 1.037635e-07 -1.777404e-02 1.295600e-05 -2.665113e-09 -8.445563e-07
29.86          2.466356e-01 9.824434e-08 -1.658198e-02 2.466227e-01 1.000922e-07 -1.658116e-02 1.293010e-05 -1.847870e-09 -8.193859e-07
29.87          2.270343e-01 9.371974e-08 -1.466281e-02 2.270214e-01 9.528792e-08 -1.466198e-02 1.292069e-05 -1.568172e-09 -8.236107e-07
29.88          2.340436e-01 9.949488e-08 -1.450025e-02 2.340311e-01 1.008194e-07 -1.449949e-02 1.251611e-05 -1.324539e-09 -7.602328e-07
29.89          2.427486e-01 1.033632e-07 -1.440784e-02 2.427365e-01 1.042873e-07 -1.440716e-02 1.206724e-05 -9.241136e-10 -6.838296e-07
29.9           2.159019e-01 8.445180e-08 -1.225971e-02 2.158900e-01 8.619668e-08 -1.225905e-02 1.192772e-05 -1.744878e-09 -6.571753e-07
29.91          1.944236e-01 7.860892e-08 -1.054607e-02 1.944115e-01 7.993117e-08 -1.054542e-02 1.206400e-05 -1.322249e-09 -6.567190e-07
29.92          2.104953e-01 8.615001e-08 -1.088765e-02 2.104836e-01 8.756454e-08 -1.088704e-02 1.173304e-05 -1.414533e-09 -6.131706e-07
29.93          1.999203e-01 8.190757e-08 -9.844370e-03 1.999088e-01 8.336845e-08 -9.843800e-03 1.150430e-05 -1.460884e-09 -5.696714e-07
29.94          2.004403e-01 8.136492e-08 -9.378275e-03 2.004291e-01 8.246853e-08 -9.377758e-03 1.113502e-05 -1.103607e-09 -5.164941e-07
29.95          2.107089e-01 6.990008e-08 -9.348798e-03 2.106984e-01 6.907458e-08 -9.348375e-03 1.049251e-05 8.254947e-10 -4.226594e-07
29.96          2.091964e-01 8.683807e-08 -8.782695e-03 2.091865e-01 8.469811e-08 -8.782352e-03 9.924215e-06 2.139960e-09 -3.433667e-07
29.97          2.007481e-01 8.528723e-08 -7.956961e-03 2.007386e-01 8.453224e-08 -7.956698e-03 9.516663e-06 7.549940e-10 -2.636408e-07
29.98          1.935683e-01 8.315675e-08 -7.225781e-03 1.935591e-01 8.296073e-08 -7.225565e-03 9.228803e-06 1.960191e-10 -2.156116e-07
29.99          1.829381e-01 7.689216e-08 -6.414139e-03 1.829290e-01 7.686519e-08 -6.413952e-03 9.033853e-06 2.696437e-11 -1.871199e-07
30             2.002747e-01 8.482897e-08 -6.574653e-03 2.002665e-01 8.443269e-08 -6.574550e-03 8.239349e-06 3.962791e-10 -1.036714e-07
30.01          1.770455e-01 7.655910e-08 -5.425569e-03 1.770376e-01 7.676685e-08 -5.425502e-03 7.965718e-06 -2.077449e-10 -6.649397e-08
30.02          1.906995e-01 8.234842e-08 -5.435071e-03 1.906921e-01 8.223657e-08 -5.435054e-03 7.458036e-06 1.118508e-10 -1.639170e-08
30.03          1.644818e-01 6.908580e-08 -4.344015e-03 1.644743e-01 6.933610e-08 -4.343996e-03 7.469568e-06 -2.502987e-10 -1.875013e-08
30.04          1.527362e-01 6.353736e-08 -3.721302e-03 1.527287e-01 6.462426e-08 -3.721270e-03 7.505283e-06 -1.086900e-09 -3.255411e-08
30.05          1.704690e-01 7.248402e-08 -3.811525e-03 1.704620e-01 7.239508e-08 -3.811554e-03 6.936034e-06 8.894055e-11 2.945164e-08
30.06          1.629864e-01 7.002829e-08 -3.325656e-03 1.629799e-01 7.032967e-08 -3.325712e-03 6.513269e-06 -3.013863e-10 5.613523e-08
30.07          1.644951e-01 7.241993e-08 -3.043430e-03 1.644891e-01 7.220831e-08 -3.043569e-03 5.993892e-06 2.116106e-10 1.391518e-07
30.08          1.552907e-01 6.796946e-08 -2.585621e-03 1.552850e-01 6.793724e-08 -2.585777e-03 5.722795e-06 3.222248e-11 1.558063e-07
30.09          1.604107e-01 7.074206e-08 -2.382129e-03 1.604053e-01 7.051279e-08 -2.382307e-03 5.370875e-06 2.292677e-10 1.779667e-07
30.1           1.471305e-01 6.426646e-08 -1.928494e-03 1.471254e-01 6.426336e-08 -1.928692e-03 5.129247e-06 3.107478e-12 1.985938e-07
30.11          1.430648e-01 6.281627e-08 -1.633170e-03 1.430600e-01 6.293164e-08 -1.633390e-03 4.851919e-06 -1.153692e-10 2.199764e-07
30.12          1.404774e-01 6.132956e-08 -1.373659e-03 1.404729e-01 6.127524e-08 -1.373905e-03 4.546945e-06 5.432273e-11 2.464066e-07
30.13          1.395718e-01 6.072384e-08 -1.144167e-03 1.395675e-01 6.052259e-08 -1.144445e-03 4.266854e-06 2.012425e-10 2.776498e-07
30.14          1.414178e-01 6.062984e-08 -9.437784e-04 1.414139e-01 6.014375e-08 -9.440965e-04 3.962691e-06 4.860842e-10 3.181445e-07
30.15          1.638389e-01 7.995053e-08 -8.523671e-04 1.638353e-01 8.025582e-08 -8.527426e-04 3.584018e-06 -3.052915e-10 3.754407e-07
30.16          1.239525e-01 5.959714e-08 -4.705681e-04 1.239491e-01 5.923537e-08 -4.709999e-04 3.376146e-06 3.617703e-10 4.318304e-07
30.17          1.433720e-01 6.928098e-08 -3.492105e-04 1.433689e-01 6.782275e-08 -3.497040e-04 3.172225e-06 1.458231e-09 4.935081e-07
30.18          1.345103e-01 6.047284e-08 -1.536570e-04 1.345072e-01 5.862925e-08 -1.541634e-04 3.053032e-06 1.843598e-09 5.063671e-07
30.19          1.359425e-01 6.255226e-08 1.235042e-05 1.359395e-01 6.045634e-08 1.182410e-05 2.968179e-06 2.095916e-09 5.263234e-07
30.2           1.312975e-01 6.111873e-08 1.658235e-04 1.312946e-01 5.857725e-08 1.652794e-04 2.969551e-06 2.541477e-09 5.441601e-07
30.21          1.266674e-01 6.652723e-08 3.002989e-04 1.266643e-01 6.425669e-08 2.997448e-04 3.108262e-06 2.270534e-09 5.541561e-07
30.22          1.296485e-01 6.438647e-08 4.429701e-04 1.296453e-01 6.190584e-08 4.424130e-04 3.231805e-06 2.480634e-09 5.571653e-07
30.23          1.284955e-01 6.182039e-08 5.645443e-04 1.284921e-01 5.903253e-08 5.639990e-04 3.355653e-06 2.787861e-09 5.453058e-07
30.24          1.183585e-01 5.408712e-08 6.272830e-04 1.183550e-01 5.146973e-08 6.267679e-04 3.436318e-06 2.617386e-09 5.150676e-07
30.25          1.230532e-01 5.711262e-08 7.560914e-04 1.230495e-01 5.448931e-08 7.555848e-04 3.645906e-06 2.623307e-09 5.065614e-07
30.26          1.216943e-01 5.545267e-08 8.417698e-04 1.216904e-01 5.311206e-08 8.412937e-04 3.908813e-06 2.340611e-09 4.761523e-07
30.27          1.205391e-01 5.528152e-08 9.194016e-04 1.205350e-01 5.293600e-08 9.189117e-04 4.151518e-06 2.345521e-09 4.899123e-07
30.28          1.212616e-01 5.646880e-08 1.002166e-03 1.212571e-01 5.381175e-08 1.001709e-03 4.596101e-06 2.657049e-09 4.561837e-07
30.29          1.105180e-01 4.924027e-08 9.760681e-04 1.105132e-01 4.727067e-08 9.756588e-04 4.851178e-06 1.969601e-09 4.092529e-07
30.3           1.169235e-01 5.353669e-08 1.091601e-03 1.169181e-01 5.178812e-08 1.091232e-03 5.374295e-06 1.748566e-09 3.687915e-07
30.31          1.038653e-01 4.457215e-08 1.013984e-03 1.038596e-01 4.369886e-08 1.013663e-03 5.653746e-06 8.732855e-10 3.215026e-07
30.32          1.144010e-01 5.217893e-08 1.158797e-03 1.143948e-01 5.223965e-08 1.158512e-03 6.178908e-06 -6.071858e-11 2.852462e-07
30.33          1.092188e-01 4.532638e-08 1.137923e-03 1.092123e-01 4.670382e-08 1.137675e-03 6.568847e-06 -1.377439e-09 2.476242e-07
30.34          1.025062e-01 4.181420e-08 1.090372e-03 1.024993e-01 4.407199e-08 1.090157e-03 6.933279e-06 -2.257792e-09 2.156741e-07
30.35          9.643872e-02 3.847293e-08 1.040180e-03 9.643146e-02 4.146508e-08 1.039991e-03 7.268195e-06 -2.992148e-09 1.894564e-07
30.36          9.233182e-02 3.716968e-08 1.003314e-03 9.232423e-02 4.112308e-08 1.003152e-03 7.590784e-06 -3.953395e-09 1.623783e-07
30.37          9.461301e-02 4.022080e-08 1.029514e-03 9.460502e-02 4.606908e-08 1.029372e-03 7.993944e-06 -5.848282e-09 1.413087e-07
30.38          1.060519e-01 3.806034e-08 1.148622e-03 1.060434e-01 4.307246e-08 1.148490e-03 8.556757e-06 -5.012118e-09 1.318496e-07
30.39          1.085048e-01 4.001304e-08 1.161661e-03 1.084956e-01 4.415304e-08 1.161554e-03 9.257063e-06 -4.140005e-09 1.066244e-07
30.4           8.678703e-02 3.322242e-08 9.111212e-04 8.677749e-02 3.918213e-08 9.110208e-04 9.535239e-06 -5.959708e-09 1.003538e-07
30.41          1.028860e-01 3.827394e-08 1.054120e-03 1.028759e-01 4.517615e-08 1.054037e-03 1.003035e-05 -6.902207e-09 8.252437e-08
30.42          8.862176e-02 3.039999e-08 8.773790e-04 8.861146e-02 3.815843e-08 8.773131e-04 1.029932e-05 -7.758442e-09 6.596015e-08
30.43          8.782544e-02 3.067965e-08 8.338105e-04 8.781474e-02 3.884532e-08 8.337477e-04 1.069890e-05 -8.165672e-09 6.279886e-08
30.44          7.701698e-02 2.164445e-08 6.937779e-04 7.700605e-02 3.068618e-08 6.937246e-04 1.093126e-05 -9.041724e-09 5.338263e-08
30.45          8.563676e-02 2.636962e-08 7.254113e-04 8.562545e-02 3.555071e-08 7.253644e-04 1.130634e-05 -9.181095e-09 4.685684e-08
30.46          8.995913e-02 2.861867e-08 7.069641e-04 8.994742e-02 3.804007e-08 7.069234e-04 1.170918e-05 -9.421399e-09 4.071091e-08
30.47          8.688426e-02 3.183114e-08 6.228209e-04 8.687207e-02 4.012893e-08 6.227896e-04 1.219025e-05 -8.297789e-09 3.127848e-08
30.48          8.464604e-02 2.709487e-08 5.425321e-04 8.463352e-02 3.575995e-08 5.425448e-04 1.252147e-05 -8.665078e-09 -1.271641e-08
30.49          6.987218e-02 1.879962e-08 3.888445e-04 6.985964e-02 2.811191e-08 3.888896e-04 1.254144e-05 -9.312293e-09 -4.512267e-08
30.5           8.430633e-02 2.827254e-08 3.945937e-04 8.429343e-02 3.591965e-08 3.946956e-04 1.290946e-05 -7.647111e-09 -1.019454e-07
30.51          6.076827e-02 1.376433e-08 2.236802e-04 6.075548e-02 2.189030e-08 2.238043e-04 1.278333e-05 -8.125971e-09 -1.241126e-07
30.52          7.203142e-02 2.053257e-08 1.917792e-04 7.201840e-02 2.953071e-08 1.919213e-04 1.302186e-05 -8.998137e-09 -1.421073e-07
30.53          1.041540e-01 3.926782e-08 1.652257e-04 1.041403e-01 4.817922e-08 1.653991e-04 1.377132e-05 -8.911401e-09 -1.734113e-07
30.54          4.289449e-02 3.485725e-09 1.361992e-05 4.288132e-02 1.168051e-08 1.379565e-05 1.316889e-05 -8.194781e-09 -1.757214e-07
30.55          7.521864e-02 2.931773e-08 -6.375098e-05 7.520503e-02 3.808701e-08 -6.355231e-05 1.361692e-05 -8.769278e-09 -1.986790e-07
30.56          5.717168e-02 1.626392e-08 -1.246455e-04 5.715816e-02 2.368885e-08 -1.244657e-04 1.351552e-05 -7.424927e-09 -1.797768e-07
30.57          7.809014e-02 3.285746e-08 -2.742593e-04 7.807616e-02 3.934807e-08 -2.740707e-04 1.398420e-05 -6.490605e-09 -1.886489e-07
30.58          5.446363e-02 1.623937e-08 -2.710609e-04 5.444975e-02 2.415002e-08 -2.708531e-04 1.388499e-05 -7.910650e-09 -2.078167e-07
30.59          6.155596e-02 4.952472e-08 -3.970198e-04 6.154195e-02 5.696327e-08 -3.968047e-04 1.401147e-05 -7.438550e-09 -2.151609e-07
30.6           5.035769e-02 9.499471e-08 -4.038467e-04 5.034368e-02 1.024300e-07 -4.036139e-04 1.400609e-05 -7.435322e-09 -2.328030e-07
30.61          5.209527e-02 1.627769e-07 -5.013545e-04 5.208120e-02 1.690018e-07 -5.010983e-04 1.407522e-05 -6.224965e-09 -2.561922e-07
30.62          6.261344e-02 2.001529e-07 -7.049138e-04 6.259910e-02 2.062406e-07 -7.046249e-04 1.433489e-05 -6.087781e-09 -2.888857e-07
30.63          4.910074e-02 1.648717e-07 -6.387354e-04 4.908654e-02 1.699551e-07 -6.384411e-04 1.420248e-05 -5.083413e-09 -2.943665e-07
30.64          4.678412e-02 1.008665e-07 -6.916760e-04 4.676987e-02 1.073343e-07 -6.913682e-04 1.425010e-05 -6.467838e-09 -3.078526e-07
30.65          2.778051e-02 3.973521e-08 -4.645284e-04 2.776667e-02 4.559099e-08 -4.642384e-04 1.383297e-05 -5.855777e-09 -2.899689e-07
30.66          5.324412e-02 2.638154e-08 -9.830711e-04 5.322998e-02 3.100429e-08 -9.828078e-04 1.413727e-05 -4.622754e-09 -2.632102e-07
30.67          2.159057e-02 -3.270309e-08 -4.448754e-04 2.157679e-02 -2.853737e-08 -4.446294e-04 1.377377e-05 -4.165724e-09 -2.460247e-07
30.68          6.864951e-02 -3.546126e-08 -1.532972e-03 6.863513e-02 -3.029170e-08 -1.532700e-03 1.437590e-05 -5.169558e-09 -2.718331e-07
30.69          3.650331e-02 -5.197217e-08 -8.926642e-04 3.648920e-02 -4.713846e-08 -8.923673e-04 1.411383e-05 -4.833711e-09 -2.969554e-07
30.7           5.053174e-02 -5.689799e-08 -1.337216e-03 5.051759e-02 -5.184049e-08 -1.336881e-03 1.414540e-05 -5.057503e-09 -3.349983e-07
30.71          6.802044e-02 -6.625906e-08 -1.941706e-03 6.800577e-02 -6.036055e-08 -1.941360e-03 1.466491e-05 -5.898511e-09 -3.463302e-07
30.72          4.180947e-02 -8.476202e-08 -1.286828e-03 4.179498e-02 -7.821610e-08 -1.286446e-03 1.449233e-05 -6.545917e-09 -3.824242e-07
30.73          4.069710e-02 -8.618886e-08 -1.342582e-03 4.068267e-02 -7.993954e-08 -1.342222e-03 1.442435e-05 -6.249326e-09 -3.597975e-07
30.74          2.427119e-02 -9.399283e-08 -8.583739e-04 2.425715e-02 -8.810945e-08 -8.580381e-04 1.403612e-05 -5.883382e-09 -3.358291e-07
30.75          4.616340e-02 -1.005398e-07 -1.731327e-03 4.614933e-02 -9.368471e-08 -1.730975e-03 1.406279e-05 -6.855137e-09 -3.511092e-07
30.76          5.127998e-02 -1.059085e-07 -2.042051e-03 5.126593e-02 -9.897810e-08 -2.041675e-03 1.404054e-05 -6.930380e-09 -3.765263e-07
30.77          3.826826e-02 -1.207968e-07 -1.616479e-03 3.825435e-02 -1.135571e-07 -1.616119e-03 1.391388e-05 -7.239690e-09 -3.604396e-07
30.78          6.880942e-02 -1.264240e-07 -3.066106e-03 6.879500e-02 -1.183991e-07 -3.065711e-03 1.442630e-05 -8.024859e-09 -3.954307e-07
30.79          2.211468e-02 -1.126498e-07 -1.044475e-03 2.210077e-02 -1.053615e-07 -1.044075e-03 1.391787e-05 -7.288297e-09 -4.002661e-07
30.8           4.475819e-02 -8.425053e-08 -2.217047e-03 4.474421e-02 -7.697781e-08 -2.216610e-03 1.397667e-05 -7.272715e-09 -4.376469e-07
30.81          4.833875e-02 -7.436093e-08 -2.515138e-03 4.832477e-02 -6.885040e-08 -2.514726e-03 1.397228e-05 -5.510531e-09 -4.127788e-07
30.82          4.667138e-02 -7.196014e-08 -2.547346e-03 4.665727e-02 -6.603491e-08 -2.546859e-03 1.410169e-05 -5.925233e-09 -4.876923e-07
30.83          4.613673e-02 -7.113388e-08 -2.636608e-03 4.612285e-02 -6.284263e-08 -2.636149e-03 1.387433e-05 -8.291247e-09 -4.588780e-07
30.84          3.358497e-02 -7.572963e-08 -2.008930e-03 3.357158e-02 -6.817831e-08 -2.008482e-03 1.339133e-05 -7.551317e-09 -4.474927e-07
30.85          5.588915e-02 -6.305390e-08 -3.485804e-03 5.587575e-02 -5.965765e-08 -3.485343e-03 1.340184e-05 -3.396245e-09 -4.607604e-07
30.86          3.189225e-02 -6.615120e-08 -2.077101e-03 3.187940e-02 -6.241543e-08 -2.076635e-03 1.284800e-05 -3.735772e-09 -4.657402e-07
30.87          6.330639e-02 -4.752308e-08 -4.286266e-03 6.329334e-02 -4.267236e-08 -4.285758e-03 1.304574e-05 -4.850719e-09 -5.077076e-07
30.88          8.375891e-02 -2.740541e-08 -5.896467e-03 8.374543e-02 -2.206604e-08 -5.895873e-03 1.347904e-05 -5.339375e-09 -5.935903e-07
30.89          6.117896e-02 -2.412672e-08 -4.475945e-03 6.116586e-02 -1.801630e-08 -4.475398e-03 1.309383e-05 -6.110419e-09 -5.468054e-07
30.9           6.763398e-02 -1.963231e-08 -5.134724e-03 6.762111e-02 -1.132888e-08 -5.134149e-03 1.287517e-05 -8.303425e-09 -5.755647e-07
30.91          6.073109e-02 -1.155081e-08 -4.780476e-03 6.071851e-02 -4.498939e-09 -4.779917e-03 1.258835e-05 -7.051872e-09 -5.584098e-07
30.92          6.741272e-02 -6.015532e-09 -5.494669e-03 6.740033e-02 3.871439e-09 -5.494098e-03 1.238863e-05 -9.886971e-09 -5.713899e-07
30.93          9.610331e-02 2.696996e-08 -8.101889e-03 9.609067e-02 3.434644e-08 -8.101266e-03 1.264140e-05 -7.376481e-09 -6.236651e-07
30.94          6.141010e-02 5.500933e-09 -5.353796e-03 6.139808e-02 1.078287e-08 -5.353186e-03 1.201271e-05 -5.281941e-09 -6.093313e-07
30.95          9.640646e-02 2.858572e-08 -8.676406e-03 9.639431e-02 3.332843e-08 -8.675758e-03 1.215082e-05 -4.742713e-09 -6.478697e-07
30.96          9.675367e-02 3.049187e-08 -8.985373e-03 9.674149e-02 3.530807e-08 -8.984680e-03 1.217932e-05 -4.816199e-09 -6.934554e-07
30.97          5.037553e-02 -2.109729e-09 -4.826362e-03 5.036432e-02 3.514029e-09 -4.825741e-03 1.120965e-05 -5.623758e-09 -6.213975e-07
30.98          1.033777e-01 3.183344e-08 -1.019753e-02 1.033663e-01 3.669185e-08 -1.019686e-02 1.141857e-05 -4.858402e-09 -6.663634e-07
30.99          1.003153e-01 3.016732e-08 -1.018717e-02 1.003039e-01 3.512650e-08 -1.018647e-02 1.140993e-05 -4.959184e-09 -7.054038e-07
31             8.742387e-02 2.060441e-08 -9.133221e-03 8.741288e-02 2.660241e-08 -9.132566e-03 1.099071e-05 -5.998003e-09 -6.546771e-07
31.01          1.000883e-01 2.677806e-08 -1.074812e-02 1.000774e-01 3.340487e-08 -1.074743e-02 1.089842e-05 -6.626814e-09 -6.903694e-07
31.02          7.833768e-02 7.245482e-09 -8.642870e-03 7.832739e-02 1.328063e-08 -8.642206e-03 1.029274e-05 -6.035150e-09 -6.636019e-07
31.03          1.101458e-01 3.217121e-08 -1.247240e-02 1.101354e-01 3.780536e-08 -1.247170e-02 1.037170e-05 -5.634157e-09 -6.937848e-07
31.04          1.058947e-01 2.640133e-08 -1.230131e-02 1.058846e-01 3.452131e-08 -1.230064e-02 1.010209e-05 -8.119971e-09 -6.736319e-07
31.05          1.023323e-01 2.148457e-08 -1.218780e-02 1.023224e-01 2.856786e-08 -1.218714e-02 9.927507e-06 -7.083291e-09 -6.661338e-07
31.06          1.278428e-01 3.727079e-08 -1.559959e-02 1.278326e-01 4.394493e-08 -1.559881e-02 1.016505e-05 -6.674136e-09 -7.786721e-07
31.07          1.450148e-01 4.749451e-08 -1.811898e-02 1.450046e-01 5.569199e-08 -1.811814e-02 1.024558e-05 -8.197482e-09 -8.475121e-07
31.08          1.158218e-01 3.058479e-08 -1.481136e-02 1.158122e-01 3.906597e-08 -1.481058e-02 9.671899e-06 -8.481182e-09 -7.801533e-07
31.09          1.197265e-01 3.393212e-08 -1.566064e-02 1.197170e-01 4.151664e-08 -1.565984e-02 9.498895e-06 -7.584522e-09 -7.986247e-07
31.1           1.289386e-01 3.882125e-08 -1.724183e-02 1.289296e-01 4.451402e-08 -1.724106e-02 8.976741e-06 -5.692773e-09 -7.611109e-07
31.11          1.196012e-01 3.600960e-08 -1.634205e-02 1.195926e-01 4.159227e-08 -1.634129e-02 8.651093e-06 -5.582670e-09 -7.650524e-07
31.12          1.257900e-01 3.816105e-08 -1.755202e-02 1.257816e-01 4.369917e-08 -1.755126e-02 8.404608e-06 -5.538116e-09 -7.624044e-07
31.13          1.171856e-01 3.199789e-08 -1.669022e-02 1.171778e-01 3.760887e-08 -1.668955e-02 7.881782e-06 -5.610980e-09 -6.657541e-07
31.14          1.339702e-01 4.078308e-08 -1.946586e-02 1.339625e-01 4.664374e-08 -1.946521e-02 7.687124e-06 -5.860665e-09 -6.526100e-07
31.15          1.171754e-01 2.553894e-08 -1.736157e-02 1.171681e-01 3.169278e-08 -1.736096e-02 7.272960e-06 -6.153833e-09 -6.099917e-07
31.16          1.409278e-01 4.416011e-08 -2.128079e-02 1.409205e-01 5.150344e-08 -2.128017e-02 7.295143e-06 -7.343336e-09 -6.292353e-07
31.17          1.643700e-01 6.013915e-08 -2.528520e-02 1.643625e-01 6.904668e-08 -2.528451e-02 7.450525e-06 -8.907522e-09 -6.955578e-07
31.18          1.464725e-01 4.235931e-08 -2.294572e-02 1.464655e-01 5.012727e-08 -2.294506e-02 6.973837e-06 -7.767959e-09 -6.565759e-07
31.19          1.353997e-01 3.565369e-08 -2.159131e-02 1.353933e-01 4.304725e-08 -2.159072e-02 6.370231e-06 -7.393562e-09 -5.850364e-07
31.2           1.250897e-01 3.347199e-08 -2.029501e-02 1.250837e-01 4.134140e-08 -2.029448e-02 5.994671e-06 -7.869405e-09 -5.306764e-07
31.21          1.511419e-01 5.094979e-08 -2.493703e-02 1.511359e-01 5.947598e-08 -2.493649e-02 5.964700e-06 -8.526192e-09 -5.375498e-07
31.22          1.456384e-01 4.572628e-08 -2.442675e-02 1.456327e-01 5.498377e-08 -2.442630e-02 5.641156e-06 -9.257488e-09 -4.506228e-07
31.23          1.443328e-01 4.484450e-08 -2.459829e-02 1.443274e-01 5.458931e-08 -2.459791e-02 5.349975e-06 -9.744817e-09 -3.784325e-07
31.24          1.545967e-01 5.240119e-08 -2.676133e-02 1.545914e-01 6.033295e-08 -2.676096e-02 5.230601e-06 -7.931764e-09 -3.719827e-07
31.25          1.508478e-01 5.053817e-08 -2.651186e-02 1.508427e-01 5.904429e-08 -2.651151e-02 5.066037e-06 -8.506114e-09 -3.549431e-07
31.26          1.427595e-01 4.413351e-08 -2.546448e-02 1.427547e-01 5.285597e-08 -2.546417e-02 4.706083e-06 -8.722458e-09 -3.084505e-07
31.27          1.572548e-01 5.232028e-08 -2.845643e-02 1.572502e-01 6.173800e-08 -2.845614e-02 4.609804e-06 -9.417711e-09 -2.910465e-07
31.28          1.519064e-01 5.056136e-08 -2.787690e-02 1.519019e-01 6.032565e-08 -2.787663e-02 4.491926e-06 -9.764295e-09 -2.714288e-07
31.29          1.673158e-01 5.963250e-08 -3.112632e-02 1.673114e-01 6.972775e-08 -3.112607e-02 4.408935e-06 -1.009525e-08 -2.567862e-07
31.3           1.752732e-01 6.776740e-08 -3.304224e-02 1.752688e-01 7.792190e-08 -3.304198e-02 4.426914e-06 -1.015450e-08 -2.571973e-07
31.31          1.598421e-01 5.738258e-08 -3.052509e-02 1.598380e-01 6.704606e-08 -3.052490e-02 4.145885e-06 -9.663485e-09 -1.908051e-07
31.32          1.519999e-01 5.195974e-08 -2.939391e-02 1.519960e-01 6.111690e-08 -2.939377e-02 3.890497e-06 -9.157159e-09 -1.474201e-07
31.33          1.659207e-01 6.072750e-08 -3.247842e-02 1.659169e-01 6.965800e-08 -3.247831e-02 3.816702e-06 -8.930501e-09 -1.165771e-07
31.34          1.585170e-01 5.086614e-08 -3.139864e-02 1.585134e-01 5.825370e-08 -3.139860e-02 3.528204e-06 -7.387555e-09 -4.446361e-08
31.35          1.688118e-01 5.664034e-08 -3.382348e-02 1.688085e-01 6.504144e-08 -3.382351e-02 3.384560e-06 -8.401100e-09 2.044796e-08
31.36          1.614817e-01 5.610857e-08 -3.271711e-02 1.614785e-01 6.437495e-08 -3.271718e-02 3.237947e-06 -8.266385e-09 6.560641e-08
31.37          1.647787e-01 5.761939e-08 -3.374708e-02 1.647755e-01 6.495760e-08 -3.374719e-02 3.141285e-06 -7.338217e-09 1.022486e-07
31.38          1.729194e-01 6.438704e-08 -3.578635e-02 1.729164e-01 7.139951e-08 -3.578648e-02 3.062746e-06 -7.012471e-09 1.361813e-07
31.39          1.613781e-01 5.606872e-08 -3.373817e-02 1.613753e-01 6.219744e-08 -3.373838e-02 2.858713e-06 -6.128720e-09 2.105886e-07
31.4           1.713642e-01 5.966771e-08 -3.617846e-02 1.713614e-01 6.509577e-08 -3.617870e-02 2.772673e-06 -5.428059e-09 2.441318e-07
31.41          1.666415e-01 5.629530e-08 -3.551643e-02 1.666389e-01 6.160930e-08 -3.551672e-02 2.644659e-06 -5.314005e-09 2.943300e-07
31.42          1.697201e-01 5.968579e-08 -3.650482e-02 1.697176e-01 6.611014e-08 -3.650516e-02 2.536553e-06 -6.424351e-09 3.449605e-07
31.43          1.759162e-01 5.983075e-08 -3.817264e-02 1.759138e-01 6.563603e-08 -3.817303e-02 2.465457e-06 -5.805277e-09 3.820421e-07
31.44          1.767782e-01 6.183407e-08 -3.868707e-02 1.767758e-01 6.736458e-08 -3.868749e-02 2.389614e-06 -5.530509e-09 4.213179e-07
31.45          1.797109e-01 6.546180e-08 -3.965149e-02 1.797085e-01 7.036230e-08 -3.965195e-02 2.342454e-06 -4.900502e-09 4.505954e-07
31.46          1.766555e-01 5.900543e-08 -3.928478e-02 1.766532e-01 6.370982e-08 -3.928527e-02 2.271079e-06 -4.704387e-09 4.887545e-07
31.47          1.851414e-01 7.142139e-08 -4.148276e-02 1.851391e-01 7.473517e-08 -4.148326e-02 2.238985e-06 -3.313773e-09 5.082235e-07
31.48          1.781876e-01 6.753963e-08 -4.021397e-02 1.781855e-01 7.094177e-08 -4.021451e-02 2.189631e-06 -3.402138e-09 5.366590e-07
31.49          1.813785e-01 6.238098e-08 -4.121749e-02 1.813763e-01 6.537246e-08 -4.121805e-02 2.149611e-06 -2.991484e-09 5.591144e-07
31.5           1.785522e-01 6.302950e-08 -4.084343e-02 1.785501e-01 6.460648e-08 -4.084400e-02 2.107693e-06 -1.576982e-09 5.747101e-07
31.51          1.709145e-01 6.585360e-08 -3.934299e-02 1.709124e-01 6.708977e-08 -3.934358e-02 2.090982e-06 -1.236174e-09 5.822892e-07
31.52          1.875555e-01 6.954549e-08 -4.343223e-02 1.875534e-01 6.933255e-08 -4.343281e-02 2.079068e-06 2.129334e-10 5.789264e-07
31.53          1.850731e-01 7.044326e-08 -4.310143e-02 1.850710e-01 6.928949e-08 -4.310200e-02 2.075050e-06 1.153767e-09 5.772917e-07
31.54          1.795424e-01 6.937970e-08 -4.203870e-02 1.795404e-01 6.671279e-08 -4.203926e-02 2.069465e-06 2.666917e-09 5.619439e-07
31.55          1.888138e-01 7.110302e-08 -4.443456e-02 1.888117e-01 6.796192e-08 -4.443510e-02 2.119239e-06 3.141095e-09 5.381290e-07
31.56          1.806186e-01 6.923559e-08 -4.270967e-02 1.806164e-01 6.446763e-08 -4.271017e-02 2.147305e-06 4.767963e-09 5.029196e-07
31.57          2.058859e-01 7.979828e-08 -4.890228e-02 2.058837e-01 7.424248e-08 -4.890276e-02 2.179534e-06 5.555801e-09 4.879397e-07
31.58          1.753689e-01 7.158007e-08 -4.182810e-02 1.753667e-01 6.498171e-08 -4.182857e-02 2.196507e-06 6.598360e-09 4.622793e-07
31.59          2.036190e-01 8.387977e-08 -4.875374e-02 2.036167e-01 7.719881e-08 -4.875418e-02 2.234886e-06 6.680962e-09 4.422013e-07
31.6           1.710882e-01 6.663793e-08 -4.111161e-02 1.710858e-01 6.008876e-08 -4.111200e-02 2.379045e-06 6.549168e-09 3.902268e-07
31.61          2.164967e-01 8.981306e-08 -5.219265e-02 2.164943e-01 8.262794e-08 -5.219301e-02 2.393988e-06 7.185122e-09 3.623661e-07
31.62          1.779929e-01 6.681605e-08 -4.303873e-02 1.779904e-01 5.976419e-08 -4.303904e-02 2.592293e-06 7.051858e-09 3.032420e-07
31.63          2.141434e-01 8.845287e-08 -5.191815e-02 2.141408e-01 8.206848e-08 -5.191842e-02 2.643201e-06 6.384392e-09 2.723664e-07
31.64          1.884212e-01 7.563837e-08 -4.579119e-02 1.884184e-01 6.890557e-08 -4.579141e-02 2.717152e-06 6.732802e-09 2.244020e-07
31.65          2.087020e-01 8.483084e-08 -5.082544e-02 2.086992e-01 7.810109e-08 -5.082563e-02 2.764055e-06 6.729755e-09 1.893063e-07
31.66          1.936376e-01 7.827253e-08 -4.724140e-02 1.936347e-01 7.279081e-08 -4.724155e-02 2.897691e-06 5.481719e-09 1.539146e-07
31.67          2.036409e-01 7.770274e-08 -4.975585e-02 2.036380e-01 7.178161e-08 -4.975599e-02 2.906527e-06 5.921124e-09 1.419995e-07
31.68          1.950368e-01 7.112289e-08 -4.771135e-02 1.950337e-01 6.722866e-08 -4.771145e-02 3.111072e-06 3.894226e-09 9.787702e-08
31.69          1.922365e-01 7.318021e-08 -4.706934e-02 1.922333e-01 7.020181e-08 -4.706941e-02 3.187705e-06 2.978396e-09 7.907486e-08
31.7           2.158119e-01 7.991448e-08 -5.287480e-02 2.158086e-01 7.711295e-08 -5.287484e-02 3.261885e-06 2.801530e-09 4.495094e-08
31.71          2.115251e-01 7.559420e-08 -5.184199e-02 2.115218e-01 7.244659e-08 -5.184201e-02 3.305440e-06 3.147611e-09 1.803311e-08
31.72          2.130564e-01 8.536818e-08 -5.221927e-02 2.130531e-01 8.147467e-08 -5.221928e-02 3.255951e-06 3.893512e-09 4.193111e-09
31.73          2.019483e-01 7.361929e-08 -4.948469e-02 2.019448e-01 7.007966e-08 -4.948463e-02 3.485062e-06 3.539636e-09 -6.102115e-08
31.74          2.085228e-01 7.348142e-08 -5.106808e-02 2.085193e-01 7.037816e-08 -5.106799e-02 3.555083e-06 3.103257e-09 -9.132470e-08
31.75          2.036696e-01 7.135742e-08 -4.983807e-02 2.036659e-01 6.943145e-08 -4.983796e-02 3.653819e-06 1.925976e-09 -1.137215e-07
31.76          2.137466e-01 7.396522e-08 -5.224489e-02 2.137429e-01 7.261746e-08 -5.224477e-02 3.700500e-06 1.347766e-09 -1.247380e-07
31.77          2.090729e-01 7.057689e-08 -5.103010e-02 2.090691e-01 7.055039e-08 -5.102994e-02 3.809769e-06 2.649317e-11 -1.528845e-07
31.78          2.197444e-01 7.977368e-08 -5.354251e-02 2.197406e-01 8.039712e-08 -5.354234e-02 3.811852e-06 -6.234395e-10 -1.638821e-07
31.79          2.083366e-01 6.472785e-08 -5.066100e-02 2.083325e-01 6.801723e-08 -5.066079e-02 4.073119e-06 -3.289379e-09 -2.115444e-07
31.8           2.149245e-01 6.639449e-08 -5.214209e-02 2.149204e-01 7.111996e-08 -5.214186e-02 4.183614e-06 -4.725471e-09 -2.326162e-07
31.81          2.185985e-01 7.017552e-08 -5.289536e-02 2.185942e-01 7.681768e-08 -5.289511e-02 4.242772e-06 -6.642164e-09 -2.487083e-07
31.82          2.220674e-01 6.392560e-08 -5.357932e-02 2.220631e-01 7.213875e-08 -5.357904e-02 4.346112e-06 -8.213153e-09 -2.792649e-07
31.83          2.199942e-01 6.049163e-08 -5.290999e-02 2.199897e-01 7.151948e-08 -5.290967e-02 4.486043e-06 -1.102785e-08 -3.132881e-07
31.84          2.228204e-01 5.886928e-08 -5.340301e-02 2.228157e-01 7.256226e-08 -5.340264e-02 4.689294e-06 -1.369299e-08 -3.722642e-07
31.85          2.140914e-01 4.614054e-08 -5.111737e-02 2.140864e-01 6.311881e-08 -5.111694e-02 4.979026e-06 -1.697828e-08 -4.362156e-07
31.86          2.312924e-01 5.643756e-08 -5.499905e-02 2.312875e-01 7.512568e-08 -5.499861e-02 4.967739e-06 -1.868812e-08 -4.345765e-07
31.87          2.338822e-01 5.922257e-08 -5.537156e-02 2.338774e-01 7.899633e-08 -5.537113e-02 4.890431e-06 -1.977375e-08 -4.282226e-07
31.88          2.201126e-01 4.503616e-08 -5.186826e-02 2.201075e-01 6.746248e-08 -5.186779e-02 5.131103e-06 -2.242633e-08 -4.769891e-07
31.89          2.390639e-01 5.147759e-08 -5.605331e-02 2.390586e-01 7.428600e-08 -5.605279e-02 5.270872e-06 -2.280842e-08 -5.142207e-07
31.9           2.438037e-01 5.761094e-08 -5.686342e-02 2.437985e-01 8.131879e-08 -5.686290e-02 5.222996e-06 -2.370785e-08 -5.181287e-07
31.91          2.245366e-01 4.843187e-08 -5.207820e-02 2.245311e-01 7.454061e-08 -5.207759e-02 5.503740e-06 -2.610874e-08 -6.087249e-07
31.92          2.368907e-01 5.225569e-08 -5.462049e-02 2.368849e-01 7.973945e-08 -5.461984e-02 5.703265e-06 -2.748376e-08 -6.555458e-07
31.93          2.568460e-01 6.379407e-08 -5.885559e-02 2.568405e-01 9.116535e-08 -5.885496e-02 5.459449e-06 -2.737129e-08 -6.270774e-07
31.94          2.409093e-01 4.621308e-08 -5.484680e-02 2.409036e-01 7.420118e-08 -5.484611e-02 5.710416e-06 -2.798810e-08 -6.929042e-07
31.95          2.490918e-01 4.849324e-08 -5.632568e-02 2.490858e-01 7.718471e-08 -5.632492e-02 5.970946e-06 -2.869146e-08 -7.657644e-07
31.96          2.216172e-01 4.108089e-08 -4.975969e-02 2.216110e-01 7.063051e-08 -4.975887e-02 6.210127e-06 -2.954963e-08 -8.192341e-07
31.97          2.786946e-01 6.450026e-08 -6.211276e-02 2.786884e-01 9.530121e-08 -6.211192e-02 6.218509e-06 -3.080096e-08 -8.419209e-07
31.98          2.499587e-01 4.810355e-08 -5.528132e-02 2.499520e-01 8.029227e-08 -5.528036e-02 6.601492e-06 -3.218872e-08 -9.568427e-07
31.99          2.499702e-01 4.321024e-08 -5.484266e-02 2.499633e-01 7.616197e-08 -5.484162e-02 6.932574e-06 -3.295172e-08 -1.037432e-06
32             2.404023e-01 4.494407e-08 -5.230613e-02 2.403950e-01 7.939608e-08 -5.230497e-02 7.345406e-06 -3.445201e-08 -1.159674e-06
32.01          2.559699e-01 5.058648e-08 -5.521364e-02 2.559624e-01 8.489760e-08 -5.521245e-02 7.507295e-06 -3.431112e-08 -1.192178e-06
32.02          2.442987e-01 3.476107e-08 -5.222658e-02 2.442907e-01 6.976793e-08 -5.222528e-02 8.020476e-06 -3.500686e-08 -1.295051e-06
32.03          2.645309e-01 4.694467e-08 -5.602948e-02 2.645228e-01 8.219477e-08 -5.602818e-02 8.078423e-06 -3.525010e-08 -1.292095e-06
32.04          2.537138e-01 3.673529e-08 -5.322575e-02 2.537052e-01 7.320828e-08 -5.322438e-02 8.509194e-06 -3.647300e-08 -1.371921e-06
32.05          2.339145e-01 2.447216e-08 -4.858856e-02 2.339056e-01 6.161969e-08 -4.858711e-02 8.953972e-06 -3.714753e-08 -1.442301e-06
32.06          2.925790e-01 5.427728e-08 -6.015357e-02 2.925703e-01 9.129087e-08 -6.015217e-02 8.783845e-06 -3.701358e-08 -1.397721e-06
32.07          2.456706e-01 2.894696e-08 -4.997902e-02 2.456613e-01 6.669295e-08 -4.997749e-02 9.340229e-06 -3.774599e-08 -1.533025e-06
32.08          2.732331e-01 4.233039e-08 -5.498240e-02 2.732238e-01 7.906864e-08 -5.498087e-02 9.302085e-06 -3.673824e-08 -1.531452e-06
32.09          2.602633e-01 3.144901e-08 -5.178751e-02 2.602536e-01 6.786233e-08 -5.178591e-02 9.723977e-06 -3.641332e-08 -1.598559e-06
32.1           2.731082e-01 3.388233e-08 -5.371766e-02 2.730983e-01 6.912750e-08 -5.371600e-02 9.949863e-06 -3.524517e-08 -1.658889e-06
32.11          2.604614e-01 2.851321e-08 -5.062346e-02 2.604513e-01 6.402169e-08 -5.062178e-02 1.015062e-05 -3.550847e-08 -1.677904e-06
32.12          2.636517e-01 3.341541e-08 -5.061802e-02 2.636416e-01 6.867254e-08 -5.061639e-02 1.003773e-05 -3.525713e-08 -1.630491e-06
32.13          2.965681e-01 4.398875e-08 -5.622250e-02 2.965579e-01 7.951299e-08 -5.622085e-02 1.019787e-05 -3.552423e-08 -1.647879e-06
32.14          2.910049e-01 2.808092e-08 -5.445738e-02 2.909942e-01 6.187989e-08 -5.445564e-02 1.076931e-05 -3.379897e-08 -1.747918e-06
32.15          2.746319e-01 2.052607e-08 -5.071407e-02 2.746208e-01 5.388484e-08 -5.071231e-02 1.109366e-05 -3.335877e-08 -1.765510e-06
32.16          2.763211e-01 2.970748e-08 -5.033229e-02 2.763096e-01 6.325703e-08 -5.033047e-02 1.156613e-05 -3.354954e-08 -1.813400e-06
32.17          3.140145e-01 4.940748e-08 -5.639937e-02 3.140032e-01 8.240705e-08 -5.639761e-02 1.133535e-05 -3.299957e-08 -1.754860e-06
32.18          2.738405e-01 2.610770e-08 -4.848045e-02 2.738288e-01 6.025451e-08 -4.847866e-02 1.170221e-05 -3.414681e-08 -1.790498e-06
32.19          2.721001e-01 1.763760e-08 -4.746475e-02 2.720876e-01 5.157789e-08 -4.746278e-02 1.255803e-05 -3.394029e-08 -1.978497e-06
32.2           2.932226e-01 3.953940e-08 -5.037767e-02 2.932101e-01 7.404438e-08 -5.037572e-02 1.251053e-05 -3.450498e-08 -1.954444e-06
32.21          3.142442e-01 3.167405e-08 -5.315349e-02 3.142319e-01 6.649944e-08 -5.315160e-02 1.226567e-05 -3.482539e-08 -1.885139e-06
32.22          2.703924e-01 9.761109e-09 -4.501168e-02 2.703796e-01 4.486174e-08 -4.500974e-02 1.282576e-05 -3.510063e-08 -1.942759e-06
32.23          2.818249e-01 1.805062e-08 -4.615065e-02 2.818120e-01 5.246429e-08 -4.614868e-02 1.288898e-05 -3.441367e-08 -1.970616e-06
32.24          2.902977e-01 1.702785e-08 -4.674363e-02 2.902849e-01 5.046855e-08 -4.674166e-02 1.288759e-05 -3.344070e-08 -1.974327e-06
32.25          2.556423e-01 8.007578e-10 -4.045923e-02 2.556287e-01 3.400637e-08 -4.045715e-02 1.360221e-05 -3.320561e-08 -2.080002e-06
32.26          3.011172e-01 2.143423e-08 -4.681863e-02 3.011039e-01 5.299302e-08 -4.681661e-02 1.330865e-05 -3.155879e-08 -2.018022e-06
32.27          2.697325e-01 1.156566e-08 -4.118642e-02 2.697187e-01 4.192453e-08 -4.118431e-02 1.381724e-05 -3.035887e-08 -2.103200e-06
32.28          3.034414e-01 2.722140e-08 -4.547946e-02 3.034279e-01 5.670759e-08 -4.547741e-02 1.349511e-05 -2.948619e-08 -2.048465e-06
32.29          2.846190e-01 2.131819e-08 -4.185376e-02 2.846055e-01 5.244106e-08 -4.185177e-02 1.350764e-05 -3.112287e-08 -1.991218e-06
32.3           3.292161e-01 3.282589e-08 -4.747472e-02 3.292031e-01 6.227199e-08 -4.747288e-02 1.295799e-05 -2.944609e-08 -1.838110e-06
32.31          2.875935e-01 1.447319e-08 -4.065275e-02 2.875800e-01 4.172510e-08 -4.065086e-02 1.344345e-05 -2.725191e-08 -1.889799e-06
32.32          3.129096e-01 3.284120e-08 -4.333326e-02 3.128960e-01 5.803014e-08 -4.333137e-02 1.359559e-05 -2.518894e-08 -1.889761e-06
32.33          3.049288e-01 2.793511e-08 -4.135139e-02 3.049154e-01 5.196868e-08 -4.134959e-02 1.340356e-05 -2.403358e-08 -1.797885e-06
32.34          2.841850e-01 2.703541e-08 -3.771890e-02 2.841714e-01 5.063211e-08 -3.771714e-02 1.361919e-05 -2.359669e-08 -1.753865e-06
32.35          3.267494e-01 4.151947e-08 -4.242185e-02 3.267362e-01 6.395930e-08 -4.242018e-02 1.323349e-05 -2.243983e-08 -1.668821e-06
32.36          3.134508e-01 4.415746e-08 -3.978736e-02 3.134378e-01 6.592491e-08 -3.978577e-02 1.305548e-05 -2.176746e-08 -1.588794e-06
32.37          2.849493e-01 4.608403e-08 -3.534396e-02 2.849356e-01 6.648091e-08 -3.534231e-02 1.369817e-05 -2.039689e-08 -1.644884e-06
32.38          3.141158e-01 6.145954e-08 -3.804876e-02 3.141018e-01 7.986787e-08 -3.804706e-02 1.405179e-05 -1.840833e-08 -1.701011e-06
32.39          2.954701e-01 8.723798e-08 -3.493119e-02 2.954563e-01 1.079410e-07 -3.492952e-02 1.385192e-05 -2.070301e-08 -1.665440e-06
32.4           2.996012e-01 6.203012e-08 -3.454671e-02 2.995875e-01 8.050728e-08 -3.454509e-02 1.372854e-05 -1.847715e-08 -1.616412e-06
32.41          2.583219e-01 4.929586e-08 -2.903675e-02 2.583073e-01 6.645975e-08 -2.903502e-02 1.461717e-05 -1.716389e-08 -1.728227e-06
32.42          3.130363e-01 7.832147e-08 -3.427421e-02 3.130223e-01 9.355810e-08 -3.427259e-02 1.403045e-05 -1.523662e-08 -1.626855e-06
32.43          2.887962e-01 7.113181e-08 -3.078260e-02 2.887819e-01 8.414885e-08 -3.078100e-02 1.425479e-05 -1.301704e-08 -1.596790e-06
32.44          2.917915e-01 8.626913e-08 -3.025549e-02 2.917777e-01 9.842568e-08 -3.025402e-02 1.377190e-05 -1.215655e-08 -1.470694e-06
32.45          2.374780e-01 6.249257e-08 -2.393880e-02 2.374634e-01 7.446619e-08 -2.393725e-02 1.457546e-05 -1.197362e-08 -1.547177e-06
32.46          2.965837e-01 9.474778e-08 -2.903865e-02 2.965695e-01 1.057958e-07 -2.903717e-02 1.415270e-05 -1.104804e-08 -1.481246e-06
32.47          2.833236e-01 1.008688e-07 -2.692579e-02 2.833097e-01 1.118376e-07 -2.692441e-02 1.391123e-05 -1.096875e-08 -1.378265e-06
32.48          2.719296e-01 1.004182e-07 -2.506394e-02 2.719158e-01 1.100181e-07 -2.506257e-02 1.382710e-05 -9.599929e-09 -1.374755e-06
32.49          3.189894e-01 1.330712e-07 -2.848936e-02 3.189765e-01 1.407427e-07 -2.848816e-02 1.294458e-05 -7.671518e-09 -1.201489e-06
32.5           2.684579e-01 1.157751e-07 -2.321547e-02 2.684449e-01 1.233859e-07 -2.321429e-02 1.306291e-05 -7.610730e-09 -1.178377e-06
32.51          2.606881e-01 1.210772e-07 -2.180656e-02 2.606750e-01 1.307954e-07 -2.180541e-02 1.307209e-05 -9.718167e-09 -1.149687e-06
32.52          2.419610e-01 1.099855e-07 -1.956050e-02 2.419477e-01 1.175134e-07 -1.955934e-02 1.329561e-05 -7.527849e-09 -1.158938e-06
32.53          2.603159e-01 1.380458e-07 -2.031702e-02 2.603028e-01 1.454747e-07 -2.031594e-02 1.306221e-05 -7.428924e-09 -1.073630e-06
32.54          2.590750e-01 1.279411e-07 -1.950191e-02 2.590623e-01 1.357160e-07 -1.950091e-02 1.273482e-05 -7.774914e-09 -9.996180e-07
32.55          2.264820e-01 1.057966e-07 -1.642703e-02 2.264689e-01 1.114853e-07 -1.642599e-02 1.310116e-05 -5.688710e-09 -1.035339e-06
32.56          2.197303e-01 1.036160e-07 -1.533817e-02 2.197169e-01 1.085712e-07 -1.533712e-02 1.335208e-05 -4.955230e-09 -1.048610e-06
32.57          2.723291e-01 1.329406e-07 -1.827066e-02 2.723167e-01 1.365254e-07 -1.826976e-02 1.241166e-05 -3.584809e-09 -9.002301e-07
32.58          2.180308e-01 1.048242e-07 -1.404486e-02 2.180182e-01 1.083477e-07 -1.404399e-02 1.257600e-05 -3.523527e-09 -8.732868e-07
32.59          2.264339e-01 1.107416e-07 -1.398438e-02 2.264214e-01 1.133553e-07 -1.398356e-02 1.245476e-05 -2.613644e-09 -8.194882e-07
32.6           2.501385e-01 1.256131e-07 -1.479011e-02 2.501267e-01 1.276323e-07 -1.478941e-02 1.174322e-05 -2.019187e-09 -7.077851e-07
32.61          2.200811e-01 1.111001e-07 -1.244159e-02 2.200694e-01 1.132367e-07 -1.244092e-02 1.169252e-05 -2.136592e-09 -6.696537e-07
32.62          2.054148e-01 1.031895e-07 -1.108443e-02 2.054032e-01 1.053175e-07 -1.108377e-02 1.162295e-05 -2.127960e-09 -6.534965e-07
32.63          2.241874e-01 1.124749e-07 -1.152673e-02 2.241765e-01 1.147657e-07 -1.152620e-02 1.091076e-05 -2.290779e-09 -5.264840e-07
32.64          2.027044e-01 1.025378e-07 -9.914097e-03 2.026935e-01 1.049215e-07 -9.913580e-03 1.091372e-05 -2.383705e-09 -5.164108e-07
32.65          2.082671e-01 1.077045e-07 -9.670365e-03 2.082565e-01 1.097333e-07 -9.669896e-03 1.059117e-05 -2.028859e-09 -4.685073e-07
32.66          2.082086e-01 1.245152e-07 -9.159667e-03 2.081985e-01 1.282722e-07 -9.159235e-03 1.002212e-05 -3.757018e-09 -4.321722e-07
32.67          1.908769e-01 9.425648e-08 -7.939614e-03 1.908669e-01 9.690088e-08 -7.939209e-03 9.978378e-06 -2.644397e-09 -4.049993e-07
32.68          2.061491e-01 9.735347e-08 -8.087637e-03 2.061395e-01 9.806375e-08 -8.087275e-03 9.610172e-06 -7.102822e-10 -3.623869e-07
32.69          1.855694e-01 9.317486e-08 -6.850090e-03 1.855599e-01 9.404558e-08 -6.849757e-03 9.436738e-06 -8.707202e-10 -3.321784e-07
32.7           1.762110e-01 8.647088e-08 -6.102699e-03 1.762017e-01 8.751329e-08 -6.102386e-03 9.289154e-06 -1.042419e-09 -3.129499e-07
32.71          1.647515e-01 8.678809e-08 -5.336401e-03 1.647427e-01 8.940376e-08 -5.336128e-03 8.740500e-06 -2.615674e-09 -2.727088e-07
32.72          1.867999e-01 9.011619e-08 -5.639437e-03 1.867917e-01 9.233126e-08 -5.639219e-03 8.182148e-06 -2.215076e-09 -2.176902e-07
32.73          1.689484e-01 7.764851e-08 -4.737620e-03 1.689404e-01 8.021215e-08 -4.737422e-03 7.996216e-06 -2.563636e-09 -1.983056e-07
32.74          1.657937e-01 7.625645e-08 -4.299759e-03 1.657860e-01 7.913374e-08 -4.299584e-03 7.690902e-06 -2.877295e-09 -1.754433e-07
32.75          1.602174e-01 7.187970e-08 -3.825087e-03 1.602100e-01 7.544706e-08 -3.824927e-03 7.392392e-06 -3.567361e-09 -1.595812e-07
32.76          1.684827e-01 7.478978e-08 -3.683236e-03 1.684759e-01 7.861777e-08 -3.683152e-03 6.789857e-06 -3.827991e-09 -8.434602e-08
32.77          1.639680e-01 6.639065e-08 -3.262491e-03 1.639617e-01 7.004283e-08 -3.262452e-03 6.356123e-06 -3.652178e-09 -3.896741e-08
32.78          1.630548e-01 7.581030e-08 -2.932423e-03 1.630488e-01 8.003653e-08 -2.932426e-03 5.941692e-06 -4.226238e-09 2.973179e-09
32.79          1.677435e-01 7.888661e-08 -2.704617e-03 1.677381e-01 8.346191e-08 -2.704679e-03 5.407813e-06 -4.575303e-09 6.155370e-08
32.8           1.578122e-01 7.166537e-08 -2.259639e-03 1.578071e-01 7.670808e-08 -2.259734e-03 5.090520e-06 -5.042708e-09 9.539547e-08
32.81          1.621823e-01 7.484194e-08 -2.037625e-03 1.621776e-01 8.003041e-08 -2.037769e-03 4.645623e-06 -5.188471e-09 1.440398e-07
32.82          1.500790e-01 6.683854e-08 -1.630704e-03 1.500746e-01 7.271255e-08 -1.630882e-03 4.344695e-06 -5.874005e-09 1.780919e-07
32.83          1.291022e-01 5.197481e-08 -1.191092e-03 1.290980e-01 5.872747e-08 -1.191281e-03 4.209478e-06 -6.752660e-09 1.888200e-07
32.84          1.426757e-01 6.344946e-08 -1.089327e-03 1.426718e-01 7.125355e-08 -1.089555e-03 3.877911e-06 -7.804088e-09 2.280690e-07
32.85          1.484696e-01 6.418252e-08 -9.061172e-04 1.484660e-01 7.224918e-08 -9.064039e-04 3.548123e-06 -8.066659e-09 2.866477e-07
32.86          1.352019e-01 5.406862e-08 -6.263322e-04 1.351985e-01 6.299298e-08 -6.266540e-04 3.344905e-06 -8.924363e-09 3.218002e-07
32.87          1.439687e-01 5.633730e-08 -4.629107e-04 1.439655e-01 6.582787e-08 -4.632669e-04 3.154821e-06 -9.490574e-09 3.562238e-07
32.88          1.420425e-01 5.746801e-08 -2.638330e-04 1.420395e-01 6.756260e-08 -2.642433e-04 3.009202e-06 -1.009459e-08 4.103041e-07
32.89          1.328442e-01 4.907813e-08 -7.414485e-05 1.328412e-01 5.988766e-08 -7.457892e-05 2.936342e-06 -1.080952e-08 4.340708e-07
32.9           1.415628e-01 5.583317e-08 9.675601e-05 1.415598e-01 6.698259e-08 9.628223e-05 2.963576e-06 -1.114942e-08 4.737789e-07
32.91          1.285835e-01 4.694904e-08 2.389143e-04 1.285806e-01 5.864574e-08 2.384343e-04 2.968875e-06 -1.169670e-08 4.800186e-07
32.92          1.227399e-01 4.663405e-08 3.644421e-04 1.227369e-01 5.929326e-08 3.639480e-04 3.035682e-06 -1.265921e-08 4.940592e-07
32.93          1.298811e-01 4.872236e-08 5.217000e-04 1.298778e-01 6.134152e-08 5.211912e-04 3.242439e-06 -1.261916e-08 5.087539e-07
32.94          1.127337e-01 3.712473e-08 5.626453e-04 1.127305e-01 4.998814e-08 5.621689e-04 3.265679e-06 -1.286341e-08 4.764182e-07
32.95          1.199468e-01 4.314449e-08 7.082331e-04 1.199433e-01 5.612590e-08 7.077742e-04 3.466588e-06 -1.298142e-08 4.589462e-07
32.96          1.194818e-01 4.449790e-08 8.062165e-04 1.194781e-01 5.745730e-08 8.057770e-04 3.734658e-06 -1.295941e-08 4.394816e-07
32.97          1.186626e-01 4.594952e-08 8.926153e-04 1.186585e-01 5.840024e-08 8.922027e-04 4.035141e-06 -1.245072e-08 4.125719e-07
32.98          1.157984e-01 4.617164e-08 9.527282e-04 1.157941e-01 5.782688e-08 9.523456e-04 4.350202e-06 -1.165524e-08 3.825601e-07
32.99          1.111162e-01 4.531212e-08 9.847732e-04 1.111115e-01 5.555701e-08 9.844289e-04 4.654990e-06 -1.024489e-08 3.442522e-07
33             1.262548e-01 6.349890e-08 1.191094e-03 1.262495e-01 7.392417e-08 1.190786e-03 5.353193e-06 -1.042527e-08 3.078395e-07
33.01          1.026276e-01 4.432401e-08 1.018369e-03 1.026221e-01 4.965418e-08 1.018096e-03 5.533258e-06 -5.330170e-09 2.729134e-07
33.02          1.100310e-01 5.512790e-08 1.139273e-03 1.100250e-01 5.799172e-08 1.139032e-03 5.981468e-06 -2.863818e-09 2.415012e-07
33.03          1.037449e-01 5.412091e-08 1.110787e-03 1.037385e-01 5.492112e-08 1.110578e-03 6.367540e-06 -8.002092e-10 2.091256e-07
33.04          1.085429e-01 5.924472e-08 1.193321e-03 1.085360e-01 5.790376e-08 1.193143e-03 6.896395e-06 1.340959e-09 1.779725e-07
33.05          9.960578e-02 5.148690e-08 1.116035e-03 9.959846e-02 4.948327e-08 1.115870e-03 7.315819e-06 2.003632e-09 1.650428e-07
33.06          9.778435e-02 5.502762e-08 1.109508e-03 9.777662e-02 5.097786e-08 1.109356e-03 7.733413e-06 4.049765e-09 1.517229e-07
33.07          9.632532e-02 5.113072e-08 1.099959e-03 9.631723e-02 4.552262e-08 1.099817e-03 8.088913e-06 5.608099e-09 1.415666e-07
33.08          1.089237e-01 5.810569e-08 1.244703e-03 1.089151e-01 5.105772e-08 1.244595e-03 8.662309e-06 7.047970e-09 1.078272e-07
33.09          1.066032e-01 5.571945e-08 1.210789e-03 1.065941e-01 4.798818e-08 1.210702e-03 9.171441e-06 7.731264e-09 8.732114e-08
33.1           1.028240e-01 6.366707e-08 1.153518e-03 1.028143e-01 5.635629e-08 1.153442e-03 9.720532e-06 7.310784e-09 7.537080e-08
33.11          1.083516e-01 6.278265e-08 1.193263e-03 1.083414e-01 5.468035e-08 1.193197e-03 1.021137e-05 8.102299e-09 6.616370e-08
33.12          9.113878e-02 5.259771e-08 9.773695e-04 9.112834e-02 4.472832e-08 9.773128e-04 1.043346e-05 7.869388e-09 5.671582e-08
33.13          9.100670e-02 5.566080e-08 9.442256e-04 9.099604e-02 4.681766e-08 9.441629e-04 1.065913e-05 8.843143e-09 6.266373e-08
33.14          8.065252e-02 5.617056e-08 8.021106e-04 8.064166e-02 4.492871e-08 8.020599e-04 1.085800e-05 1.124185e-08 5.070830e-08
33.15          1.059043e-01 6.764812e-08 1.003430e-03 1.058926e-01 5.679895e-08 1.003392e-03 1.161519e-05 1.084917e-08 3.833090e-08
33.16          9.122792e-02 6.471337e-08 8.122318e-04 9.121599e-02 5.421113e-08 8.122344e-04 1.192905e-05 1.050224e-08 -2.670560e-09
33.17          8.964796e-02 6.725220e-08 7.414523e-04 8.963579e-02 5.650391e-08 7.414549e-04 1.217226e-05 1.074829e-08 -2.591555e-09
33.18          8.240504e-02 7.093652e-08 6.230149e-04 8.239269e-02 5.848767e-08 6.230236e-04 1.235420e-05 1.244885e-08 -8.713964e-09
33.19          6.497194e-02 5.811044e-08 4.395757e-04 6.495959e-02 4.705292e-08 4.396012e-04 1.235167e-05 1.105752e-08 -2.543102e-08
33.2           7.892539e-02 6.225225e-08 4.688523e-04 7.891261e-02 5.313622e-08 4.688599e-04 1.278226e-05 9.116032e-09 -7.540526e-09
33.21          8.332027e-02 6.039799e-08 4.190129e-04 8.330715e-02 5.188703e-08 4.190208e-04 1.312522e-05 8.510965e-09 -7.879284e-09
33.22          5.418656e-02 4.970382e-08 2.167335e-04 5.417358e-02 4.038962e-08 2.167469e-04 1.298136e-05 9.314202e-09 -1.335481e-08
33.23          7.840132e-02 8.161319e-08 2.340562e-04 7.838795e-02 6.993416e-08 2.340768e-04 1.336383e-05 1.167902e-08 -2.062421e-08
33.24          6.781661e-02 1.123707e-07 1.253606e-04 6.780314e-02 9.820360e-08 1.254058e-04 1.347210e-05 1.416706e-08 -4.519966e-08
33.25          8.193343e-02 1.946006e-07 5.555829e-05 8.191953e-02 1.776282e-07 5.561705e-05 1.390117e-05 1.697235e-08 -5.875880e-08
33.26          5.462538e-02 1.938099e-07 -3.388839e-05 5.461169e-02 1.746881e-07 -3.380680e-05 1.368500e-05 1.912175e-08 -8.159232e-08
33.27          4.450858e-02 1.897647e-07 -8.773712e-05 4.449512e-02 1.687717e-07 -8.764819e-05 1.345643e-05 2.099302e-08 -8.893679e-08
33.28          7.359087e-02 2.093953e-07 -2.422984e-04 7.357693e-02 1.880509e-07 -2.421645e-04 1.394118e-05 2.134434e-08 -1.339057e-07
33.29          6.894587e-02 1.856489e-07 -3.272362e-04 6.893165e-02 1.644957e-07 -3.270632e-04 1.421738e-05 2.115322e-08 -1.729656e-07
33.3           4.128635e-02 1.411332e-07 -2.610680e-04 4.127241e-02 1.190728e-07 -2.608941e-04 1.394053e-05 2.206037e-08 -1.739163e-07
33.31          4.815240e-02 1.132301e-07 -3.786727e-04 4.813838e-02 9.273773e-08 -3.784929e-04 1.402301e-05 2.049232e-08 -1.797864e-07
33.32          4.279122e-02 9.407956e-08 -4.069395e-04 4.277716e-02 7.287610e-08 -4.067775e-04 1.405738e-05 2.120346e-08 -1.620922e-07
33.33          5.308184e-02 8.838155e-08 -5.924359e-04 5.306765e-02 6.585149e-08 -5.922743e-04 1.418294e-05 2.253006e-08 -1.615888e-07
33.34          5.343883e-02 7.184389e-08 -6.891227e-04 5.342451e-02 5.160347e-08 -6.889393e-04 1.432552e-05 2.024042e-08 -1.834188e-07
33.35          5.562657e-02 5.997647e-08 -8.167759e-04 5.561212e-02 3.889853e-08 -8.165636e-04 1.445831e-05 2.107793e-08 -2.123148e-07
33.36          3.579152e-02 3.198147e-08 -5.943349e-04 3.577735e-02 9.781008e-09 -5.941035e-04 1.416775e-05 2.220047e-08 -2.313547e-07
33.37          3.964367e-02 -3.361262e-08 -7.328086e-04 3.962960e-02 -5.456641e-08 -7.325995e-04 1.406335e-05 2.095379e-08 -2.091134e-07
33.38          3.878471e-02 -1.394302e-07 -7.928125e-04 3.877062e-02 -1.580897e-07 -7.926215e-04 1.409240e-05 1.865946e-08 -1.910579e-07
33.39          5.776301e-02 -2.506885e-07 -1.292302e-03 5.774859e-02 -2.603549e-07 -1.292132e-03 1.442620e-05 9.666415e-09 -1.695990e-07
33.4           5.894986e-02 -3.021256e-07 -1.439784e-03 5.893510e-02 -3.127783e-07 -1.439551e-03 1.476132e-05 1.065272e-08 -2.329559e-07
33.41          2.875073e-02 -2.562621e-07 -7.664137e-04 2.873637e-02 -2.677461e-07 -7.661643e-04 1.436446e-05 1.148394e-08 -2.494584e-07
33.42          7.832422e-02 -2.913474e-07 -2.242312e-03 7.830917e-02 -3.005874e-07 -2.242005e-03 1.505294e-05 9.240044e-09 -3.069118e-07
33.43          3.950800e-02 -1.928700e-07 -1.221225e-03 3.949332e-02 -2.015528e-07 -1.220875e-03 1.467924e-05 8.682854e-09 -3.500303e-07
33.44          4.446725e-02 -1.753782e-07 -1.472792e-03 4.445267e-02 -1.825902e-07 -1.472439e-03 1.458546e-05 7.211979e-09 -3.531236e-07
33.45          5.331040e-02 -1.651657e-07 -1.885565e-03 5.329579e-02 -1.728636e-07 -1.885187e-03 1.460757e-05 7.697876e-09 -3.771834e-07
33.46          4.909088e-02 -1.636590e-07 -1.850618e-03 4.907630e-02 -1.706954e-07 -1.850213e-03 1.457990e-05 7.036383e-09 -4.053729e-07
33.47          4.396085e-02 -1.560163e-07 -1.761595e-03 4.394636e-02 -1.644031e-07 -1.761160e-03 1.448616e-05 8.386767e-09 -4.346389e-07
33.48          3.209930e-02 -1.403628e-07 -1.365083e-03 3.208514e-02 -1.492440e-07 -1.364622e-03 1.415930e-05 8.881127e-09 -4.609699e-07
33.49          5.848047e-02 -1.517478e-07 -2.622901e-03 5.846595e-02 -1.606857e-07 -2.622405e-03 1.451509e-05 8.937931e-09 -4.953786e-07
33.5           2.192629e-02 -1.263400e-07 -1.042243e-03 2.191230e-02 -1.363922e-07 -1.041745e-03 1.399401e-05 1.005216e-08 -4.988080e-07
33.51          5.930604e-02 -1.439146e-07 -2.954636e-03 5.929180e-02 -1.544151e-07 -2.954093e-03 1.424444e-05 1.050052e-08 -5.429234e-07
33.52          7.487537e-02 -1.502467e-07 -3.918323e-03 7.486081e-02 -1.603105e-07 -3.917726e-03 1.456014e-05 1.006382e-08 -5.962782e-07
33.53          7.220827e-02 -1.510899e-07 -3.964730e-03 7.219361e-02 -1.606619e-07 -3.964092e-03 1.465293e-05 9.571982e-09 -6.373595e-07
33.54          4.905225e-02 -1.222704e-07 -2.823546e-03 4.903803e-02 -1.355868e-07 -2.822865e-03 1.421370e-05 1.331638e-08 -6.808674e-07
33.55          4.915636e-02 -9.456407e-08 -2.958658e-03 4.914261e-02 -1.089466e-07 -2.957982e-03 1.374537e-05 1.438249e-08 -6.754349e-07
33.56          6.262299e-02 -8.723685e-08 -3.934150e-03 6.260936e-02 -1.031909e-07 -3.933475e-03 1.363102e-05 1.595408e-08 -6.749848e-07
33.57          9.746566e-02 -7.191844e-08 -6.381209e-03 9.745163e-02 -8.662922e-08 -6.380453e-03 1.403104e-05 1.471078e-08 -7.556067e-07
33.58          6.731139e-02 -3.136106e-08 -4.592086e-03 6.729781e-02 -4.799098e-08 -4.591329e-03 1.358042e-05 1.662992e-08 -7.572683e-07
33.59          6.399918e-02 -8.412354e-09 -4.541827e-03 6.398605e-02 -2.426684e-08 -4.541088e-03 1.313220e-05 1.585449e-08 -7.392389e-07
33.6           3.808861e-02 -1.417051e-09 -2.811114e-03 3.807613e-02 -1.732798e-08 -2.810429e-03 1.248077e-05 1.591093e-08 -6.847132e-07
33.61          1.063890e-01 2.786537e-08 -8.136098e-03 1.063758e-01 1.516312e-08 -8.135318e-03 1.322141e-05 1.270225e-08 -7.804175e-07
33.62          7.147353e-02 4.562762e-08 -5.668787e-03 7.146100e-02 3.367375e-08 -5.668028e-03 1.253984e-05 1.195386e-08 -7.585992e-07
33.63          8.029396e-02 6.203473e-08 -6.594426e-03 8.028146e-02 4.957163e-08 -6.593652e-03 1.250445e-05 1.246311e-08 -7.734517e-07
33.64          1.157868e-01 8.884186e-08 -9.835946e-03 1.157740e-01 7.729667e-08 -9.835102e-03 1.281616e-05 1.154518e-08 -8.434541e-07
33.65          4.604978e-02 5.170725e-08 -4.047589e-03 4.603804e-02 3.877785e-08 -4.046816e-03 1.173886e-05 1.292940e-08 -7.725727e-07
33.66          9.900632e-02 7.660251e-08 -8.979649e-03 9.899452e-02 6.359564e-08 -8.978857e-03 1.179912e-05 1.300686e-08 -7.928455e-07
33.67          9.838023e-02 7.536603e-08 -9.207471e-03 9.836849e-02 6.222433e-08 -9.206647e-03 1.174330e-05 1.314170e-08 -8.241484e-07
33.68          1.054681e-01 7.850255e-08 -1.017650e-02 1.054563e-01 6.556328e-08 -1.017564e-02 1.177085e-05 1.293928e-08 -8.592721e-07
33.69          1.026545e-01 7.459930e-08 -1.020424e-02 1.026429e-01 6.143704e-08 -1.020337e-02 1.160354e-05 1.316225e-08 -8.662029e-07
33.7           9.132445e-02 6.885893e-08 -9.345183e-03 9.131326e-02 5.445953e-08 -9.344386e-03 1.118472e-05 1.439940e-08 -7.971416e-07
33.71          1.211474e-01 8.218634e-08 -1.275032e-02 1.211361e-01 6.907859e-08 -1.274946e-02 1.131393e-05 1.310775e-08 -8.584345e-07
33.72          9.872853e-02 6.929317e-08 -1.068199e-02 9.871760e-02 5.570941e-08 -1.068115e-02 1.092799e-05 1.358376e-08 -8.451021e-07
33.73          9.635499e-02 7.168834e-08 -1.070883e-02 9.634448e-02 5.476102e-08 -1.070800e-02 1.051151e-05 1.692731e-08 -8.332324e-07
33.74          1.041805e-01 7.130392e-08 -1.188495e-02 1.041703e-01 5.489700e-08 -1.188406e-02 1.024089e-05 1.640691e-08 -8.904971e-07
33.75          1.189832e-01 8.633445e-08 -1.392321e-02 1.189730e-01 7.204308e-08 -1.392226e-02 1.020182e-05 1.429136e-08 -9.483944e-07
33.76          9.633918e-02 6.820753e-08 -1.155821e-02 9.632956e-02 5.229976e-08 -1.155730e-02 9.618584e-06 1.590777e-08 -9.088406e-07
33.77          1.105271e-01 7.878609e-08 -1.358499e-02 1.105178e-01 6.102321e-08 -1.358411e-02 9.355445e-06 1.776289e-08 -8.813461e-07
33.78          1.105599e-01 7.241735e-08 -1.391409e-02 1.105508e-01 5.617949e-08 -1.391322e-02 9.115582e-06 1.623786e-08 -8.687320e-07
33.79          1.333715e-01 8.684054e-08 -1.717579e-02 1.333623e-01 7.073790e-08 -1.717491e-02 9.138467e-06 1.610264e-08 -8.830411e-07
33.8           1.052017e-01 7.067304e-08 -1.385779e-02 1.051931e-01 5.362625e-08 -1.385696e-02 8.606236e-06 1.704679e-08 -8.329346e-07
33.81          1.183236e-01 8.177120e-08 -1.593134e-02 1.183153e-01 6.398103e-08 -1.593060e-02 8.298013e-06 1.779017e-08 -7.342454e-07
33.82          1.459112e-01 8.941280e-08 -2.007043e-02 1.459027e-01 7.419157e-08 -2.006964e-02 8.552871e-06 1.522123e-08 -7.880174e-07
33.83          1.283497e-01 7.872071e-08 -1.802862e-02 1.283414e-01 6.458444e-08 -1.802785e-02 8.341155e-06 1.413627e-08 -7.757662e-07
33.84          1.320835e-01 7.931525e-08 -1.893536e-02 1.320754e-01 6.643846e-08 -1.893459e-02 8.138777e-06 1.287678e-08 -7.680201e-07
33.85          1.377157e-01 8.144129e-08 -2.013954e-02 1.377077e-01 7.026982e-08 -2.013876e-02 8.016309e-06 1.117147e-08 -7.740408e-07
33.86          1.411255e-01 8.192734e-08 -2.104309e-02 1.411177e-01 7.218123e-08 -2.104232e-02 7.834527e-06 9.746103e-09 -7.746494e-07
33.87          1.212257e-01 6.825002e-08 -1.842317e-02 1.212184e-01 5.324384e-08 -1.842244e-02 7.272183e-06 1.500617e-08 -7.332367e-07
33.88          1.411994e-01 8.263823e-08 -2.185880e-02 1.411923e-01 6.946538e-08 -2.185807e-02 7.102528e-06 1.317285e-08 -7.246917e-07
33.89          1.410380e-01 8.403902e-08 -2.223192e-02 1.410310e-01 7.603803e-08 -2.223121e-02 6.958713e-06 8.000989e-09 -7.108737e-07
33.9           1.280329e-01 7.286945e-08 -2.054159e-02 1.280263e-01 6.488199e-08 -2.054092e-02 6.553955e-06 7.987459e-09 -6.707741e-07
33.91          1.446394e-01 8.024327e-08 -2.360860e-02 1.446331e-01 7.153484e-08 -2.360797e-02 6.245526e-06 8.708432e-09 -6.320159e-07
33.92          1.561538e-01 8.698098e-08 -2.591960e-02 1.561477e-01 7.911431e-08 -2.591898e-02 6.099116e-06 7.866674e-09 -6.207215e-07
33.93          1.356828e-01 7.732086e-08 -2.289408e-02 1.356771e-01 6.952909e-08 -2.289350e-02 5.780890e-06 7.791766e-09 -5.818367e-07
33.94          1.499243e-01 8.228856e-08 -2.570351e-02 1.499188e-01 7.453653e-08 -2.570296e-02 5.542422e-06 7.752035e-09 -5.467837e-07
33.95          1.402601e-01 7.982409e-08 -2.442383e-02 1.402549e-01 7.137321e-08 -2.442333e-02 5.199757e-06 8.450881e-09 -4.941064e-07
33.96          1.529827e-01 8.418332e-08 -2.704539e-02 1.529776e-01 7.664257e-08 -2.704492e-02 5.040334e-06 7.540750e-09 -4.708985e-07
33.97          1.486849e-01 8.354319e-08 -2.667639e-02 1.486801e-01 7.620063e-08 -2.667596e-02 4.798094e-06 7.342559e-09 -4.287777e-07
33.98          1.186633e-01 7.017166e-08 -2.159893e-02 1.186587e-01 6.373365e-08 -2.159853e-02 4.589764e-06 6.438014e-09 -3.932381e-07
33.99          1.645018e-01 8.526370e-08 -3.036360e-02 1.644973e-01 7.957080e-08 -3.036323e-02 4.459057e-06 5.692898e-09 -3.654912e-07
34             1.805241e-01 9.319707e-08 -3.377872e-02 1.805198e-01 8.839155e-08 -3.377839e-02 4.314848e-06 4.805528e-09 -3.303260e-07
34.01          1.504492e-01 8.266052e-08 -2.852709e-02 1.504451e-01 7.917890e-08 -2.852681e-02 4.124483e-06 3.481615e-09 -2.852928e-07
34.02          1.634586e-01 8.315913e-08 -3.139398e-02 1.634545e-01 8.074089e-08 -3.139371e-02 4.125534e-06 2.418239e-09 -2.698261e-07
34.03          1.702423e-01 9.058350e-08 -3.310775e-02 1.702382e-01 9.125627e-08 -3.310749e-02 4.054794e-06 -6.727645e-10 -2.537651e-07
34.04          1.697705e-01 8.582407e-08 -3.341891e-02 1.697665e-01 8.857682e-08 -3.341868e-02 4.009538e-06 -2.752748e-09 -2.337407e-07
34.05          1.526797e-01 7.636804e-08 -3.041117e-02 1.526759e-01 7.900903e-08 -3.041098e-02 3.780202e-06 -2.640990e-09 -1.896235e-07
34.06          1.833256e-01 8.971466e-08 -3.693434e-02 1.833219e-01 9.394176e-08 -3.693418e-02 3.719067e-06 -4.227103e-09 -1.586944e-07
34.07          1.572339e-01 7.880072e-08 -3.203160e-02 1.572304e-01 8.346288e-08 -3.203149e-02 3.532389e-06 -4.662168e-09 -1.080114e-07
34.08          1.754541e-01 8.553530e-08 -3.612893e-02 1.754506e-01 9.147359e-08 -3.612885e-02 3.492174e-06 -5.938295e-09 -7.742786e-08
34.09          1.653820e-01 7.769374e-08 -3.441167e-02 1.653786e-01 8.480090e-08 -3.441163e-02 3.378414e-06 -7.107159e-09 -3.549175e-08
34.1           1.698370e-01 7.515510e-08 -3.569674e-02 1.698338e-01 8.329979e-08 -3.569675e-02 3.260564e-06 -8.144696e-09 7.548336e-09
34.11          1.655778e-01 7.387557e-08 -3.514294e-02 1.655747e-01 8.362598e-08 -3.514300e-02 3.120092e-06 -9.750407e-09 5.662601e-08
34.12          1.715576e-01 7.247444e-08 -3.675713e-02 1.715546e-01 8.375413e-08 -3.675723e-02 3.022706e-06 -1.127969e-08 9.829251e-08
34.13          1.674545e-01 6.966446e-08 -3.620646e-02 1.674516e-01 8.216759e-08 -3.620661e-02 2.908205e-06 -1.250313e-08 1.469663e-07
34.14          1.843259e-01 7.475247e-08 -4.020559e-02 1.843231e-01 8.867936e-08 -4.020578e-02 2.832142e-06 -1.392689e-08 1.876622e-07
34.15          1.709363e-01 6.705769e-08 -3.760212e-02 1.709336e-01 8.264184e-08 -3.760235e-02 2.740656e-06 -1.558416e-08 2.340300e-07
34.16          1.796482e-01 7.150507e-08 -3.984102e-02 1.796455e-01 8.917329e-08 -3.984128e-02 2.684327e-06 -1.766822e-08 2.639317e-07
34.17          1.709396e-01 6.519148e-08 -3.820750e-02 1.709370e-01 8.467783e-08 -3.820780e-02 2.613924e-06 -1.948635e-08 2.976135e-07
34.18          1.832581e-01 6.686679e-08 -4.126931e-02 1.832555e-01 8.786881e-08 -4.126963e-02 2.556552e-06 -2.100202e-08 3.208971e-07
34.19          1.832547e-01 6.737953e-08 -4.156660e-02 1.832522e-01 8.991393e-08 -4.156694e-02 2.502438e-06 -2.253440e-08 3.415073e-07
34.2           1.761022e-01 5.736578e-08 -4.021998e-02 1.760997e-01 8.148066e-08 -4.022035e-02 2.460558e-06 -2.411489e-08 3.721700e-07
34.21          1.609301e-01 4.751960e-08 -3.699744e-02 1.609277e-01 7.211897e-08 -3.699785e-02 2.470321e-06 -2.459937e-08 4.025611e-07
34.22          1.796905e-01 5.842301e-08 -4.156933e-02 1.796881e-01 8.430666e-08 -4.156975e-02 2.421459e-06 -2.588365e-08 4.200313e-07
34.23          1.863716e-01 5.517185e-08 -4.337246e-02 1.863693e-01 8.274571e-08 -4.337290e-02 2.374337e-06 -2.757386e-08 4.358335e-07
34.24          1.886929e-01 6.048996e-08 -4.416151e-02 1.886906e-01 8.928449e-08 -4.416195e-02 2.351692e-06 -2.879453e-08 4.420791e-07
34.25          1.989364e-01 6.443116e-08 -4.680815e-02 1.989341e-01 9.515098e-08 -4.680859e-02 2.278540e-06 -3.071981e-08 4.423831e-07
34.26          1.858956e-01 4.854752e-08 -4.396123e-02 1.858933e-01 8.014484e-08 -4.396168e-02 2.298035e-06 -3.159733e-08 4.528089e-07
34.27          1.916253e-01 5.273354e-08 -4.553149e-02 1.916230e-01 8.605418e-08 -4.553194e-02 2.247423e-06 -3.332064e-08 4.466615e-07
34.28          1.901631e-01 4.219418e-08 -4.538525e-02 1.901609e-01 7.641666e-08 -4.538569e-02 2.264871e-06 -3.422248e-08 4.421614e-07
34.29          1.912188e-01 4.177437e-08 -4.582638e-02 1.912165e-01 7.721464e-08 -4.582683e-02 2.303276e-06 -3.544027e-08 4.434479e-07
34.3           1.831131e-01 3.391972e-08 -4.405252e-02 1.831108e-01 6.948162e-08 -4.405297e-02 2.329655e-06 -3.556190e-08 4.451358e-07
34.31          1.944486e-01 3.797915e-08 -4.694518e-02 1.944463e-01 7.477653e-08 -4.694562e-02 2.335724e-06 -3.679738e-08 4.387180e-07
34.32          1.916049e-01 3.555987e-08 -4.640888e-02 1.916025e-01 7.380028e-08 -4.640931e-02 2.341709e-06 -3.824042e-08 4.219517e-07
34.33          1.962733e-01 3.314160e-08 -4.767971e-02 1.962709e-01 7.262735e-08 -4.768013e-02 2.396602e-06 -3.948575e-08 4.158360e-07
34.34          1.939728e-01 2.919816e-08 -4.724602e-02 1.939704e-01 6.984763e-08 -4.724642e-02 2.439881e-06 -4.064947e-08 4.008466e-07
34.35          1.983021e-01 2.850630e-08 -4.841466e-02 1.982996e-01 7.035433e-08 -4.841504e-02 2.476737e-06 -4.184804e-08 3.815202e-07
34.36          1.953598e-01 2.469710e-08 -4.779494e-02 1.953573e-01 6.798920e-08 -4.779531e-02 2.478484e-06 -4.329210e-08 3.643976e-07
34.37          1.994185e-01 2.383550e-08 -4.887444e-02 1.994161e-01 6.850180e-08 -4.887479e-02 2.467784e-06 -4.466630e-08 3.475756e-07
34.38          1.974948e-01 1.762673e-08 -4.847495e-02 1.974922e-01 6.384050e-08 -4.847526e-02 2.579128e-06 -4.621377e-08 3.047969e-07
34.39          2.074356e-01 1.387084e-08 -5.097580e-02 2.074329e-01 6.098824e-08 -5.097607e-02 2.705314e-06 -4.711740e-08 2.654549e-07
34.4           1.989169e-01 8.737242e-09 -4.892686e-02 1.989141e-01 5.692852e-08 -4.892709e-02 2.806255e-06 -4.819127e-08 2.303146e-07
34.41          1.993698e-01 1.182361e-08 -4.906825e-02 1.993670e-01 6.185274e-08 -4.906846e-02 2.823733e-06 -5.002913e-08 2.077549e-07
34.42          2.046866e-01 7.287986e-09 -5.039329e-02 2.046837e-01 5.865081e-08 -5.039345e-02 2.894357e-06 -5.136282e-08 1.607087e-07
34.43          1.966580e-01 1.887230e-09 -4.841851e-02 1.966551e-01 5.482872e-08 -4.841864e-02 2.948073e-06 -5.294149e-08 1.327707e-07
34.44          1.840273e-01 -4.393477e-09 -4.529709e-02 1.840243e-01 5.010140e-08 -4.529719e-02 3.007259e-06 -5.449487e-08 1.089088e-07
34.45          2.047767e-01 -1.382765e-08 -5.037657e-02 2.047734e-01 4.365581e-08 -5.037661e-02 3.308558e-06 -5.748346e-08 4.025785e-08
34.46          2.121486e-01 -1.041096e-08 -5.214658e-02 2.121451e-01 4.798277e-08 -5.214656e-02 3.474908e-06 -5.839373e-08 -2.197101e-08
34.47          2.160462e-01 -4.433279e-09 -5.304485e-02 2.160427e-01 5.545469e-08 -5.304483e-02 3.476609e-06 -5.988797e-08 -2.292605e-08
34.48          1.955894e-01 -5.636545e-09 -4.795412e-02 1.955859e-01 5.773149e-08 -4.795409e-02 3.473400e-06 -6.336804e-08 -2.260469e-08
34.49          2.210759e-01 1.440379e-09 -5.410936e-02 2.210725e-01 6.768543e-08 -5.410934e-02 3.441913e-06 -6.624505e-08 -2.623240e-08
34.5           2.221828e-01 5.045331e-09 -5.427128e-02 2.221795e-01 7.293854e-08 -5.427125e-02 3.349823e-06 -6.789321e-08 -3.225081e-08
34.51          1.588304e-01 -3.786378e-08 -3.870840e-02 1.588269e-01 3.058066e-08 -3.870833e-02 3.518139e-06 -6.844444e-08 -6.747731e-08
34.52          2.740714e-01 1.308484e-08 -6.661825e-02 2.740677e-01 8.822927e-08 -6.661817e-02 3.632532e-06 -7.514443e-08 -8.507377e-08
34.53          2.300875e-01 -1.923612e-08 -5.576570e-02 2.300838e-01 5.579660e-08 -5.576555e-02 3.788352e-06 -7.503272e-08 -1.554440e-07
34.54          2.271941e-01 -1.316887e-08 -5.488962e-02 2.271902e-01 6.172836e-08 -5.488943e-02 3.829528e-06 -7.489723e-08 -1.901373e-07
34.55          2.023773e-01 -3.100570e-08 -4.872469e-02 2.023733e-01 4.437079e-08 -4.872445e-02 4.013381e-06 -7.537649e-08 -2.457477e-07
34.56          2.275114e-01 -2.841874e-08 -5.456888e-02 2.275072e-01 4.807783e-08 -5.456857e-02 4.261744e-06 -7.649657e-08 -3.072326e-07
34.57          1.912477e-01 -3.851429e-08 -4.568475e-02 1.912433e-01 3.744545e-08 -4.568441e-02 4.393847e-06 -7.595975e-08 -3.392563e-07
34.58          2.697978e-01 -7.444581e-10 -6.416505e-02 2.697934e-01 7.694502e-08 -6.416471e-02 4.348912e-06 -7.768948e-08 -3.381593e-07
34.59          1.930995e-01 -4.184082e-08 -4.571067e-02 1.930949e-01 3.631649e-08 -4.571025e-02 4.634125e-06 -7.815731e-08 -4.223162e-07
34.6           2.504235e-01 -1.984015e-08 -5.898580e-02 2.504186e-01 5.874366e-08 -5.898531e-02 4.900572e-06 -7.858381e-08 -4.890304e-07
34.61          2.588308e-01 2.852617e-09 -6.064655e-02 2.588261e-01 8.137643e-08 -6.064609e-02 4.701876e-06 -7.852382e-08 -4.571747e-07
34.62          2.333962e-01 -2.702950e-08 -5.438496e-02 2.333912e-01 5.164829e-08 -5.438444e-02 5.017220e-06 -7.867779e-08 -5.214592e-07
34.63          2.412178e-01 -2.633965e-08 -5.588006e-02 2.412125e-01 5.081583e-08 -5.587950e-02 5.234555e-06 -7.715548e-08 -5.597245e-07
34.64          2.415304e-01 -1.717363e-08 -5.560993e-02 2.415251e-01 5.984755e-08 -5.560934e-02 5.345320e-06 -7.702118e-08 -5.906310e-07
34.65          2.162144e-01 -4.427825e-08 -4.946216e-02 2.162085e-01 3.324045e-08 -4.946146e-02 5.917864e-06 -7.751870e-08 -7.067296e-07
34.66          2.307523e-01 -3.691340e-08 -5.243295e-02 2.307461e-01 4.017814e-08 -5.243219e-02 6.200997e-06 -7.709154e-08 -7.626216e-07
34.67          2.369411e-01 -2.358220e-08 -5.346111e-02 2.369348e-01 5.283013e-08 -5.346032e-02 6.318366e-06 -7.641233e-08 -7.942227e-07
34.68          2.473476e-01 -1.274550e-08 -5.539993e-02 2.473413e-01 6.319904e-08 -5.539915e-02 6.310479e-06 -7.594454e-08 -7.746675e-07
34.69          2.436391e-01 -1.879200e-08 -5.415282e-02 2.436326e-01 5.662223e-08 -5.415202e-02 6.474988e-06 -7.541423e-08 -7.971057e-07
34.7           2.233917e-01 -2.490396e-08 -4.925894e-02 2.233850e-01 5.026002e-08 -4.925812e-02 6.703669e-06 -7.516398e-08 -8.236633e-07
34.71          2.554217e-01 -1.802356e-08 -5.585719e-02 2.554146e-01 5.725376e-08 -5.585629e-02 7.111417e-06 -7.527732e-08 -9.065182e-07
34.72          2.590673e-01 -6.726254e-09 -5.617016e-02 2.590601e-01 6.697938e-08 -5.616925e-02 7.183754e-06 -7.370563e-08 -9.104247e-07
34.73          2.473136e-01 -1.389245e-08 -5.314749e-02 2.473062e-01 5.909334e-08 -5.314653e-02 7.381368e-06 -7.298579e-08 -9.540648e-07
34.74          2.387415e-01 -1.878697e-08 -5.083517e-02 2.387338e-01 5.406615e-08 -5.083416e-02 7.720800e-06 -7.285313e-08 -1.005811e-06
34.75          2.497864e-01 -1.087917e-08 -5.268242e-02 2.497786e-01 5.975935e-08 -5.268140e-02 7.857811e-06 -7.063852e-08 -1.012936e-06
34.76          2.340810e-01 -9.955634e-09 -4.888652e-02 2.340730e-01 5.900842e-08 -4.888549e-02 7.981636e-06 -6.896405e-08 -1.022902e-06
34.77          2.517143e-01 -3.301643e-09 -5.203638e-02 2.517061e-01 6.525676e-08 -5.203531e-02 8.204750e-06 -6.855840e-08 -1.075084e-06
34.78          2.428543e-01 -1.556341e-08 -4.968004e-02 2.428455e-01 5.159271e-08 -4.967885e-02 8.751465e-06 -6.715611e-08 -1.183123e-06
34.79          2.603406e-01 2.334096e-09 -5.268271e-02 2.603318e-01 6.734904e-08 -5.268151e-02 8.847118e-06 -6.501495e-08 -1.204705e-06
34.8           2.524429e-01 2.163139e-09 -5.051719e-02 2.524339e-01 6.509488e-08 -5.051594e-02 9.080908e-06 -6.293175e-08 -1.241972e-06
34.81          2.699199e-01 9.784134e-09 -5.339667e-02 2.699104e-01 7.039193e-08 -5.339535e-02 9.505516e-06 -6.060780e-08 -1.321711e-06
34.82          2.788958e-01 2.473139e-08 -5.452411e-02 2.788863e-01 8.241711e-08 -5.452279e-02 9.530542e-06 -5.768572e-08 -1.312757e-06
34.83          2.552362e-01 6.819323e-09 -4.929655e-02 2.552263e-01 6.255428e-08 -4.929517e-02 9.960210e-06 -5.573495e-08 -1.387964e-06
34.84          2.713120e-01 2.406809e-08 -5.174988e-02 2.713019e-01 7.758751e-08 -5.174845e-02 1.013274e-05 -5.351942e-08 -1.433111e-06
34.85          2.717574e-01 2.639527e-08 -5.117186e-02 2.717470e-01 7.715306e-08 -5.117038e-02 1.037445e-05 -5.075780e-08 -1.481701e-06
34.86          2.646080e-01 2.767096e-08 -4.917110e-02 2.645973e-01 7.619198e-08 -4.916957e-02 1.066983e-05 -4.852102e-08 -1.520502e-06
34.87          3.002742e-01 4.952497e-08 -5.504573e-02 3.002636e-01 9.546219e-08 -5.504423e-02 1.060996e-05 -4.593722e-08 -1.504530e-06
34.88          2.771700e-01 4.032778e-08 -5.010836e-02 2.771592e-01 8.435733e-08 -5.010681e-02 1.084662e-05 -4.402955e-08 -1.548898e-06
34.89          3.108731e-01 5.979166e-08 -5.540283e-02 3.108624e-01 1.023174e-07 -5.540134e-02 1.067018e-05 -4.252576e-08 -1.495290e-06
34.9           2.850138e-01 5.606393e-08 -5.005489e-02 2.850029e-01 9.640153e-08 -5.005334e-02 1.099520e-05 -4.033760e-08 -1.550414e-06
34.91          2.894825e-01 5.176386e-08 -5.007972e-02 2.894711e-01 8.973169e-08 -5.007812e-02 1.138888e-05 -3.796784e-08 -1.598278e-06
34.92          2.254774e-01 2.509831e-08 -3.841046e-02 2.254657e-01 6.181266e-08 -3.840879e-02 1.169187e-05 -3.671435e-08 -1.669186e-06
34.93          3.321526e-01 7.096229e-08 -5.568922e-02 3.321410e-01 1.074186e-07 -5.568757e-02 1.161354e-05 -3.645636e-08 -1.648557e-06
34.94          2.772721e-01 3.823813e-08 -4.573918e-02 2.772598e-01 7.250882e-08 -4.573742e-02 1.228452e-05 -3.427070e-08 -1.758693e-06
34.95          2.765087e-01 5.149470e-08 -4.485911e-02 2.764960e-01 8.462894e-08 -4.485730e-02 1.269270e-05 -3.313424e-08 -1.812584e-06
34.96          2.788847e-01 5.691016e-08 -4.447762e-02 2.788719e-01 8.793540e-08 -4.447580e-02 1.280783e-05 -3.102525e-08 -1.818643e-06
34.97          3.109651e-01 7.012747e-08 -4.873250e-02 3.109521e-01 9.908858e-08 -4.873066e-02 1.295436e-05 -2.896111e-08 -1.842943e-06
34.98          2.647855e-01 4.622095e-08 -4.075895e-02 2.647723e-01 7.351819e-08 -4.075708e-02 1.326185e-05 -2.729724e-08 -1.866506e-06
34.99          3.094129e-01 8.319205e-08 -4.675894e-02 3.093998e-01 1.096257e-07 -4.675714e-02 1.308333e-05 -2.643366e-08 -1.802224e-06
35             2.621782e-01 5.852868e-08 -3.888205e-02 2.621645e-01 8.363847e-08 -3.888016e-02 1.372024e-05 -2.510979e-08 -1.891938e-06
35.01          3.036508e-01 8.504477e-08 -4.416962e-02 3.036372e-01 1.094824e-07 -4.416779e-02 1.353796e-05 -2.443761e-08 -1.828938e-06
35.02          2.865945e-01 8.534892e-08 -4.087227e-02 2.865809e-01 1.091840e-07 -4.087043e-02 1.363402e-05 -2.383507e-08 -1.840715e-06
35.03          3.007094e-01 1.312937e-07 -4.202450e-02 3.006962e-01 1.572827e-07 -4.202274e-02 1.320948e-05 -2.598897e-08 -1.764703e-06
35.04          2.806618e-01 8.616537e-08 -3.841725e-02 2.806482e-01 1.085320e-07 -3.841548e-02 1.354630e-05 -2.236666e-08 -1.765516e-06
35.05          3.401298e-01 1.183121e-07 -4.557661e-02 3.401169e-01 1.360421e-07 -4.557499e-02 1.291401e-05 -1.772997e-08 -1.625193e-06
35.06          2.769243e-01 9.456921e-08 -3.631098e-02 2.769107e-01 1.091185e-07 -3.630932e-02 1.363060e-05 -1.454928e-08 -1.660144e-06
35.07          2.955585e-01 1.085660e-07 -3.790048e-02 2.955448e-01 1.213625e-07 -3.789879e-02 1.364917e-05 -1.279649e-08 -1.683372e-06
35.08          2.907239e-01 1.156870e-07 -3.643935e-02 2.907101e-01 1.276804e-07 -3.643768e-02 1.371162e-05 -1.199340e-08 -1.671686e-06
35.09          2.736488e-01 1.190921e-07 -3.350678e-02 2.736344e-01 1.289441e-07 -3.350501e-02 1.433698e-05 -9.851993e-09 -1.775234e-06
35.1           3.072954e-01 1.398641e-07 -3.673445e-02 3.072815e-01 1.483228e-07 -3.673279e-02 1.385041e-05 -8.458724e-09 -1.656886e-06
35.11          2.615081e-01 1.317088e-07 -3.050411e-02 2.614940e-01 1.404596e-07 -3.050243e-02 1.413208e-05 -8.750802e-09 -1.680137e-06
35.12          2.754411e-01 1.423763e-07 -3.133019e-02 2.754270e-01 1.487139e-07 -3.132854e-02 1.409711e-05 -6.337554e-09 -1.653278e-06
35.13          2.475052e-01 1.426668e-07 -2.743633e-02 2.474907e-01 1.481590e-07 -2.743465e-02 1.455025e-05 -5.492254e-09 -1.685760e-06
35.14          2.761144e-01 1.639916e-07 -2.980743e-02 2.761000e-01 1.680457e-07 -2.980582e-02 1.434123e-05 -4.054163e-09 -1.611048e-06
35.15          2.692217e-01 1.674633e-07 -2.828631e-02 2.692074e-01 1.697035e-07 -2.828473e-02 1.422540e-05 -2.240235e-09 -1.582358e-06
35.16          2.839734e-01 1.729645e-07 -2.901720e-02 2.839596e-01 1.749958e-07 -2.901573e-02 1.381699e-05 -2.031309e-09 -1.467929e-06
35.17          2.773606e-01 1.772311e-07 -2.754492e-02 2.773469e-01 1.782235e-07 -2.754348e-02 1.372403e-05 -9.923964e-10 -1.440144e-06
35.18          2.770846e-01 1.795640e-07 -2.672292e-02 2.770711e-01 1.806167e-07 -2.672159e-02 1.340160e-05 -1.052698e-09 -1.334310e-06
35.19          2.535739e-01 1.509070e-07 -2.373125e-02 2.535603e-01 1.510083e-07 -2.372992e-02 1.360999e-05 -1.013353e-10 -1.327995e-06
35.2           3.036837e-01 1.884034e-07 -2.755595e-02 3.036709e-01 1.878508e-07 -2.755479e-02 1.280281e-05 5.526346e-10 -1.162572e-06
35.21          2.793322e-01 1.767223e-07 -2.455726e-02 2.793195e-01 1.756443e-07 -2.455615e-02 1.276849e-05 1.078016e-09 -1.115953e-06
35.22          2.642834e-01 1.612734e-07 -2.249120e-02 2.642704e-01 1.607126e-07 -2.249013e-02 1.297238e-05 5.607455e-10 -1.076107e-06
35.23          2.779767e-01 1.634481e-07 -2.287830e-02 2.779641e-01 1.624195e-07 -2.287729e-02 1.262532e-05 1.028616e-09 -1.006991e-06
35.24          2.675477e-01 1.575685e-07 -2.127720e-02 2.675351e-01 1.562919e-07 -2.127622e-02 1.266833e-05 1.276620e-09 -9.846784e-07
35.25          2.447105e-01 1.446863e-07 -1.878681e-02 2.446975e-01 1.436682e-07 -1.878583e-02 1.296727e-05 1.018152e-09 -9.726896e-07
35.26          2.454671e-01 1.440891e-07 -1.817220e-02 2.454543e-01 1.431351e-07 -1.817128e-02 1.285183e-05 9.540282e-10 -9.223535e-07
35.27          2.478618e-01 1.602280e-07 -1.767516e-02 2.478495e-01 1.601151e-07 -1.767433e-02 1.234262e-05 1.128743e-10 -8.341614e-07
35.28          2.602763e-01 1.490610e-07 -1.785768e-02 2.602643e-01 1.484762e-07 -1.785691e-02 1.190435e-05 5.847815e-10 -7.766112e-07
35.29          2.225453e-01 1.287400e-07 -1.467535e-02 2.225331e-01 1.286027e-07 -1.467457e-02 1.213931e-05 1.373305e-10 -7.801760e-07
35.3           2.308161e-01 1.326215e-07 -1.460868e-02 2.308042e-01 1.326459e-07 -1.460795e-02 1.191089e-05 -2.441723e-11 -7.274458e-07
35.31          2.280559e-01 1.304843e-07 -1.383601e-02 2.280444e-01 1.294300e-07 -1.383535e-02 1.152019e-05 1.054260e-09 -6.683274e-07
35.32          2.424906e-01 1.356276e-07 -1.408251e-02 2.424793e-01 1.351788e-07 -1.408189e-02 1.130456e-05 4.487486e-10 -6.260551e-07
35.33          2.221010e-01 1.259677e-07 -1.232908e-02 2.220900e-01 1.244288e-07 -1.232844e-02 1.105059e-05 1.538886e-09 -6.362459e-07
35.34          2.288190e-01 1.272837e-07 -1.212053e-02 2.288085e-01 1.247893e-07 -1.211998e-02 1.048999e-05 2.494360e-09 -5.544379e-07
35.35          2.176761e-01 1.186906e-07 -1.098451e-02 2.176660e-01 1.160626e-07 -1.098403e-02 1.013546e-05 2.627988e-09 -4.823147e-07
35.36          2.066279e-01 1.144752e-07 -9.915249e-03 2.066178e-01 1.116031e-07 -9.914791e-03 1.010363e-05 2.872013e-09 -4.582812e-07
35.37          1.979916e-01 1.100856e-07 -9.016976e-03 1.979817e-01 1.070154e-07 -9.016550e-03 9.954195e-06 3.070186e-09 -4.263895e-07
35.38          1.854708e-01 1.016023e-07 -7.999940e-03 1.854610e-01 9.875202e-08 -7.999541e-03 9.841130e-06 2.850286e-09 -3.989568e-07
35.39          1.978531e-01 1.059526e-07 -8.063864e-03 1.978439e-01 1.031565e-07 -8.063593e-03 9.246121e-06 2.796083e-09 -2.712397e-07
35.4           2.012799e-01 1.084959e-07 -7.732915e-03 2.012712e-01 1.049043e-07 -7.732705e-03 8.654868e-06 3.591591e-09 -2.096564e-07
35.41          1.800716e-01 9.425682e-08 -6.505336e-03 1.800630e-01 9.082400e-08 -6.505144e-03 8.557918e-06 3.432816e-09 -1.917024e-07
35.42          1.706918e-01 8.892049e-08 -5.781589e-03 1.706834e-01 8.589946e-08 -5.781413e-03 8.417315e-06 3.021036e-09 -1.765547e-07
35.43          1.856150e-01 9.898469e-08 -5.875181e-03 1.856071e-01 9.524454e-08 -5.875061e-03 7.830301e-06 3.740155e-09 -1.197166e-07
35.44          1.735903e-01 9.153292e-08 -5.117885e-03 1.735828e-01 8.793161e-08 -5.117795e-03 7.538693e-06 3.601305e-09 -8.991560e-08
35.45          1.798943e-01 9.410839e-08 -4.920785e-03 1.798872e-01 9.011067e-08 -4.920731e-03 7.108678e-06 3.997718e-09 -5.384194e-08
35.46          1.927059e-01 1.077214e-07 -4.869214e-03 1.926995e-01 1.020677e-07 -4.869233e-03 6.379797e-06 5.653668e-09 1.851875e-08
35.47          1.696296e-01 8.903139e-08 -3.941590e-03 1.696235e-01 8.113154e-08 -3.941644e-03 6.120791e-06 7.899849e-09 5.437371e-08
35.48          1.613789e-01 8.929039e-08 -3.429186e-03 1.613729e-01 8.180963e-08 -3.429249e-03 5.967324e-06 7.480756e-09 6.291167e-08
35.49          1.584927e-01 8.927971e-08 -3.060841e-03 1.584870e-01 8.236313e-08 -3.060919e-03 5.730814e-06 6.916587e-09 7.749228e-08
35.5           1.602758e-01 9.066721e-08 -2.792810e-03 1.602704e-01 8.361154e-08 -2.792917e-03 5.385038e-06 7.055667e-09 1.068262e-07
35.51          1.532968e-01 8.793954e-08 -2.390388e-03 1.532917e-01 8.069691e-08 -2.390527e-03 5.056243e-06 7.242623e-09 1.382629e-07
35.52          1.520609e-01 8.336470e-08 -2.100492e-03 1.520560e-01 7.643594e-08 -2.100650e-03 4.828858e-06 6.928759e-09 1.582061e-07
35.53          1.512741e-01 8.159776e-08 -1.828619e-03 1.512695e-01 7.424544e-08 -1.828800e-03 4.555950e-06 7.352310e-09 1.813269e-07
35.54          1.565554e-01 8.934850e-08 -1.630766e-03 1.565513e-01 8.176338e-08 -1.630989e-03 4.157388e-06 7.585119e-09 2.226527e-07
35.55          1.388435e-01 7.559212e-08 -1.222387e-03 1.388396e-01 6.788268e-08 -1.222634e-03 3.918447e-06 7.709438e-09 2.474200e-07
35.56          1.417675e-01 7.499862e-08 -1.027225e-03 1.417638e-01 6.710288e-08 -1.027499e-03 3.683489e-06 7.895747e-09 2.738335e-07
35.57          1.528507e-01 8.496604e-08 -8.780530e-04 1.528473e-01 7.520222e-08 -8.783836e-04 3.366922e-06 9.763820e-09 3.306321e-07
35.58          1.358002e-01 7.141359e-08 -5.847039e-04 1.357970e-01 6.103922e-08 -5.850671e-04 3.183854e-06 1.037437e-08 3.632193e-07
35.59          1.436712e-01 7.515231e-08 -4.194633e-04 1.436682e-01 6.261363e-08 -4.198703e-04 3.018422e-06 1.253868e-08 4.070807e-07
35.6           1.361165e-01 7.323824e-08 -2.169244e-04 1.361136e-01 5.897234e-08 -2.173559e-04 2.895876e-06 1.426590e-08 4.314763e-07
35.61          1.418376e-01 7.720690e-08 -4.605695e-05 1.418347e-01 6.120960e-08 -4.652002e-05 2.836656e-06 1.599730e-08 4.630758e-07
35.62          1.410365e-01 7.699758e-08 1.243090e-04 1.410336e-01 5.920987e-08 1.238209e-04 2.846283e-06 1.778771e-08 4.880957e-07
35.63          1.293640e-01 6.717474e-08 2.617436e-04 1.293611e-01 4.895420e-08 2.612591e-04 2.857678e-06 1.822055e-08 4.844676e-07
35.64          1.239502e-01 6.315748e-08 3.845817e-04 1.239473e-01 4.440879e-08 3.840904e-04 2.895696e-06 1.874869e-08 4.913226e-07
35.65          1.248790e-01 5.994155e-08 5.142091e-04 1.248760e-01 4.069584e-08 5.137190e-04 3.005482e-06 1.924571e-08 4.901025e-07
35.66          1.331103e-01 6.475548e-08 6.745204e-04 1.331070e-01 4.505935e-08 6.740261e-04 3.288815e-06 1.969613e-08 4.942827e-07
35.67          1.250231e-01 5.337592e-08 7.433887e-04 1.250197e-01 3.154423e-08 7.429124e-04 3.488444e-06 2.183169e-08 4.762509e-07
35.68          1.223018e-01 5.160738e-08 8.267187e-04 1.222981e-01 3.027236e-08 8.262669e-04 3.683020e-06 2.133501e-08 4.517778e-07
35.69          1.327560e-01 5.858888e-08 9.967270e-04 1.327519e-01 3.702922e-08 9.962897e-04 4.159198e-06 2.155965e-08 4.373165e-07
35.7           1.197366e-01 4.908327e-08 9.798118e-04 1.197321e-01 2.899065e-08 9.793974e-04 4.478716e-06 2.009263e-08 4.144338e-07
35.71          1.335200e-01 6.344226e-08 1.174647e-03 1.335149e-01 4.636560e-08 1.174257e-03 5.121404e-06 1.707666e-08 3.905681e-07
35.72          1.231298e-01 4.415311e-08 1.149331e-03 1.231243e-01 2.580233e-08 1.148988e-03 5.478913e-06 1.835077e-08 3.424344e-07
35.73          1.207927e-01 4.797627e-08 1.184545e-03 1.207867e-01 2.940398e-08 1.184242e-03 5.928155e-06 1.857229e-08 3.030700e-07
35.74          1.122730e-01 3.843007e-08 1.145554e-03 1.122667e-01 1.914068e-08 1.145301e-03 6.288309e-06 1.928939e-08 2.527392e-07
35.75          1.098950e-01 3.366549e-08 1.157566e-03 1.098883e-01 1.392844e-08 1.157344e-03 6.642903e-06 1.973705e-08 2.217942e-07
35.76          1.167014e-01 4.308788e-08 1.260082e-03 1.166942e-01 2.560817e-08 1.259885e-03 7.239303e-06 1.747971e-08 1.972699e-07
35.77          1.065924e-01 3.907645e-08 1.170787e-03 1.065848e-01 2.475074e-08 1.170615e-03 7.681713e-06 1.432571e-08 1.719718e-07
35.78          8.537315e-02 1.086029e-08 9.468998e-04 8.536548e-02 -7.037702e-10 9.467479e-04 7.664732e-06 1.156406e-08 1.518620e-07
35.79          1.128375e-01 2.926805e-08 1.259187e-03 1.128292e-01 2.028172e-08 1.259051e-03 8.331396e-06 8.986336e-09 1.360630e-07
35.8           1.246230e-01 3.560271e-08 1.389076e-03 1.246138e-01 2.854646e-08 1.388951e-03 9.115366e-06 7.056252e-09 1.253979e-07
35.81          1.032242e-01 1.281489e-08 1.140629e-03 1.032148e-01 9.812320e-09 1.140513e-03 9.417367e-06 3.002567e-09 1.161932e-07
35.82          1.002797e-01 1.368906e-08 1.092154e-03 1.002700e-01 1.124291e-08 1.092048e-03 9.696167e-06 2.446152e-09 1.057780e-07
35.83          1.004048e-01 8.465654e-09 1.070917e-03 1.003947e-01 7.951203e-09 1.070825e-03 1.010086e-05 5.144511e-10 9.217158e-08
35.84          9.395571e-02 7.249436e-10 9.738051e-04 9.394542e-02 1.156136e-09 9.737303e-04 1.029210e-05 -4.311928e-10 7.475629e-08
35.85          9.093659e-02 2.831375e-09 9.089529e-04 9.092596e-02 4.976880e-09 9.088817e-04 1.062475e-05 -2.145506e-09 7.122971e-08
35.86          8.469382e-02 -5.911986e-09 8.091436e-04 8.468305e-02 -2.047958e-09 8.090939e-04 1.076800e-05 -3.864028e-09 4.970789e-08
35.87          8.687191e-02 4.201207e-10 7.859415e-04 8.686067e-02 5.562349e-09 7.859161e-04 1.124276e-05 -5.142228e-09 2.535700e-08
35.88          8.773072e-02 -3.823868e-09 7.432712e-04 8.771925e-02 2.571372e-09 7.432317e-04 1.147500e-05 -6.395240e-09 3.950709e-08
35.89          9.996739e-02 1.045531e-08 7.831772e-04 9.995533e-02 1.795598e-08 7.831415e-04 1.205770e-05 -7.500674e-09 3.569384e-08
35.9           8.629797e-02 -3.290226e-09 6.133093e-04 8.628584e-02 4.345417e-09 6.132836e-04 1.213477e-05 -7.635643e-09 2.562928e-08
35.91          8.992941e-02 4.266170e-09 5.686504e-04 8.991689e-02 1.220169e-08 5.686521e-04 1.251725e-05 -7.935519e-09 -1.688741e-09
35.92          8.112629e-02 -5.294147e-09 4.428204e-04 8.111367e-02 3.338731e-09 4.428304e-04 1.261430e-05 -8.632878e-09 -9.990033e-09
35.93          6.553971e-02 -1.396428e-08 2.958045e-04 6.552714e-02 -4.927553e-09 2.958010e-04 1.256884e-05 -9.036731e-09 3.548300e-09
35.94          7.606897e-02 -1.442797e-08 2.683836e-04 7.605632e-02 -5.092856e-09 2.683818e-04 1.265507e-05 -9.335113e-09 1.770732e-09
35.95          7.178165e-02 -1.262978e-08 1.762594e-04 7.176884e-02 -3.707250e-09 1.762697e-04 1.281138e-05 -8.922530e-09 -1.030998e-08
35.96          7.345831e-02 -1.359955e-08 9.728678e-05 7.344537e-02 -4.875733e-09 9.731251e-05 1.294459e-05 -8.723819e-09 -2.572368e-08
35.97          6.767797e-02 -1.283415e-08 7.861730e-06 6.766490e-02 -5.092238e-09 7.907920e-06 1.306086e-05 -7.741916e-09 -4.618993e-08
35.98          6.819020e-02 -1.275841e-08 -7.820953e-05 6.817704e-02 -5.324032e-09 -7.816133e-05 1.316504e-05 -7.434376e-09 -4.819986e-08
35.99          6.724619e-02 -1.181718e-08 -1.666012e-04 6.723286e-02 -3.402078e-09 -1.665384e-04 1.333210e-05 -8.415102e-09 -6.285673e-08
36             6.444516e-02 -3.013177e-08 -2.495937e-04 6.443176e-02 -2.118817e-08 -2.495249e-04 1.339500e-05 -8.943600e-09 -6.878666e-08
36.01          6.621891e-02 -5.046067e-08 -3.523602e-04 6.620531e-02 -4.131890e-08 -3.522960e-04 1.360633e-05 -9.141766e-09 -6.422796e-08
36.02          6.096797e-02 -5.558678e-08 -4.173684e-04 6.095434e-02 -4.544677e-08 -4.172748e-04 1.363237e-05 -1.014001e-08 -9.358865e-08
36.03          4.843131e-02 -6.002822e-08 -4.090920e-04 4.841773e-02 -4.888191e-08 -4.089813e-04 1.358240e-05 -1.114631e-08 -1.106795e-07
36.04          6.031049e-02 -2.850711e-08 -6.062270e-04 6.029673e-02 -1.986832e-08 -6.060598e-04 1.375904e-05 -8.638795e-09 -1.671807e-07
36.05          5.306738e-02 -2.978537e-08 -6.232970e-04 5.305361e-02 -1.921927e-08 -6.231529e-04 1.377091e-05 -1.056610e-08 -1.441078e-07
36.06          6.328496e-02 -2.802062e-09 -8.521680e-04 6.327100e-02 8.922179e-09 -8.519756e-04 1.395664e-05 -1.172424e-08 -1.924126e-07
36.07          5.033354e-02 -4.662306e-09 -7.694545e-04 5.031971e-02 7.781058e-09 -7.692632e-04 1.382692e-05 -1.244336e-08 -1.912826e-07
36.08          6.957888e-02 1.314391e-08 -1.189304e-03 6.956481e-02 2.590823e-08 -1.189098e-03 1.407193e-05 -1.276432e-08 -2.061670e-07
36.09          6.901438e-02 1.920344e-08 -1.310605e-03 6.900016e-02 3.235218e-08 -1.310348e-03 1.421794e-05 -1.314875e-08 -2.570832e-07
36.1           5.045939e-02 1.054869e-08 -1.058714e-03 5.044538e-02 2.461241e-08 -1.058405e-03 1.401168e-05 -1.406372e-08 -3.088926e-07
36.11          4.257197e-02 5.850776e-09 -9.791177e-04 4.255813e-02 2.054761e-08 -9.788125e-04 1.383581e-05 -1.469684e-08 -3.051669e-07
36.12          7.788918e-02 3.124616e-08 -1.944408e-03 7.787480e-02 4.561157e-08 -1.944088e-03 1.438536e-05 -1.436542e-08 -3.199175e-07
36.13          7.070229e-02 2.283576e-08 -1.913631e-03 7.068751e-02 3.613954e-08 -1.913239e-03 1.478125e-05 -1.330377e-08 -3.916144e-07
36.14          5.153085e-02 1.752905e-08 -1.506693e-03 5.151646e-02 2.878732e-08 -1.506297e-03 1.438672e-05 -1.125828e-08 -3.958861e-07
36.15          3.980493e-02 4.478452e-09 -1.252140e-03 3.979091e-02 1.644669e-08 -1.251735e-03 1.401911e-05 -1.196823e-08 -4.047801e-07
36.16          4.505349e-02 8.767323e-09 -1.516292e-03 4.503958e-02 1.986237e-08 -1.515928e-03 1.391096e-05 -1.109505e-08 -3.646498e-07
36.17          4.714564e-02 1.927324e-08 -1.693467e-03 4.713180e-02 2.685835e-08 -1.693113e-03 1.383541e-05 -7.585110e-09 -3.539043e-07
36.18          3.417790e-02 1.090971e-08 -1.308481e-03 3.416435e-02 1.729951e-08 -1.308131e-03 1.354706e-05 -6.389804e-09 -3.495417e-07
36.19          7.015391e-02 3.692657e-08 -2.842585e-03 7.013986e-02 4.219786e-08 -2.842222e-03 1.405457e-05 -5.271290e-09 -3.630650e-07
36.2           4.689400e-02 2.254687e-08 -2.014228e-03 4.688011e-02 2.888011e-08 -2.013854e-03 1.388639e-05 -6.333240e-09 -3.742436e-07
36.21          6.115523e-02 4.119955e-08 -2.772547e-03 6.114114e-02 4.525145e-08 -2.772153e-03 1.409176e-05 -4.051900e-09 -3.940637e-07
36.22          5.164084e-02 3.571147e-08 -2.468958e-03 5.162678e-02 4.108686e-08 -2.468521e-03 1.405991e-05 -5.375388e-09 -4.376918e-07
36.23          3.675565e-02 2.949343e-08 -1.850866e-03 3.674218e-02 3.398864e-08 -1.850443e-03 1.347934e-05 -4.495206e-09 -4.235448e-07
36.24          7.372893e-02 5.070456e-08 -3.891821e-03 7.371517e-02 5.491361e-08 -3.891381e-03 1.376007e-05 -4.209048e-09 -4.401405e-07
36.25          3.905708e-02 3.062419e-08 -2.164810e-03 3.904385e-02 3.547780e-08 -2.164373e-03 1.323045e-05 -4.853611e-09 -4.375194e-07
36.26          6.588752e-02 4.498908e-08 -3.817699e-03 6.587423e-02 5.058841e-08 -3.817247e-03 1.329059e-05 -5.599327e-09 -4.518013e-07
36.27          5.855426e-02 4.386926e-08 -3.547263e-03 5.854118e-02 4.951717e-08 -3.546741e-03 1.307047e-05 -5.647907e-09 -5.221547e-07
36.28          6.019200e-02 4.362207e-08 -3.805126e-03 6.017908e-02 4.954328e-08 -3.804625e-03 1.291650e-05 -5.921210e-09 -5.011590e-07
36.29          6.281542e-02 4.042084e-08 -4.138612e-03 6.280264e-02 4.929436e-08 -4.138108e-03 1.277245e-05 -8.873519e-09 -5.038719e-07
36.3           6.650812e-02 5.067217e-08 -4.560884e-03 6.649552e-02 5.782130e-08 -4.560426e-03 1.260017e-05 -7.149137e-09 -4.584153e-07
36.31          8.518146e-02 5.986831e-08 -6.071816e-03 8.516863e-02 6.664870e-08 -6.071319e-03 1.283055e-05 -6.780392e-09 -4.973289e-07
36.32          8.750619e-02 6.294242e-08 -6.477622e-03 8.749329e-02 6.944813e-08 -6.477079e-03 1.290625e-05 -6.505714e-09 -5.431043e-07
36.33          7.036665e-02 5.411703e-08 -5.404727e-03 7.035404e-02 6.209775e-08 -5.404161e-03 1.261455e-05 -7.980719e-09 -5.656254e-07
36.34          9.524626e-02 7.030224e-08 -7.578757e-03 9.523354e-02 7.704681e-08 -7.578145e-03 1.271890e-05 -6.744573e-09 -6.120733e-07
36.35          6.688764e-02 5.953012e-08 -5.511710e-03 6.687548e-02 6.579421e-08 -5.511100e-03 1.216563e-05 -6.264082e-09 -6.091997e-07
36.36          9.355814e-02 6.972574e-08 -7.970666e-03 9.354590e-02 7.582128e-08 -7.970025e-03 1.223922e-05 -6.095547e-09 -6.407367e-07
36.37          7.135441e-02 7.393922e-08 -6.283042e-03 7.134267e-02 7.703462e-08 -6.282413e-03 1.174254e-05 -3.095404e-09 -6.294865e-07
36.38          8.369999e-02 7.082191e-08 -7.607147e-03 8.368860e-02 7.497157e-08 -7.606581e-03 1.139381e-05 -4.149657e-09 -5.666319e-07
36.39          9.890442e-02 7.672612e-08 -9.271519e-03 9.889286e-02 8.223307e-08 -9.270885e-03 1.155304e-05 -5.506946e-09 -6.340037e-07
36.4           1.019862e-01 7.631686e-08 -9.853651e-03 1.019747e-01 8.272568e-08 -9.852973e-03 1.148223e-05 -6.408823e-09 -6.777142e-07
36.41          6.546790e-02 6.828627e-08 -6.516590e-03 6.545711e-02 7.377595e-08 -6.515939e-03 1.079143e-05 -5.489684e-09 -6.506259e-07
36.42          9.451252e-02 6.985242e-08 -9.678522e-03 9.450182e-02 7.779036e-08 -9.677873e-03 1.069924e-05 -7.937943e-09 -6.489845e-07
36.43          9.676183e-02 7.718925e-08 -1.018980e-02 9.675135e-02 8.493216e-08 -1.018916e-02 1.047979e-05 -7.742910e-09 -6.414675e-07
36.44          1.073230e-01 8.742731e-08 -1.161397e-02 1.073126e-01 9.223071e-08 -1.161329e-02 1.042791e-05 -4.803403e-09 -6.832160e-07
36.45          1.224020e-01 7.755995e-08 -1.360124e-02 1.223914e-01 8.293429e-08 -1.360048e-02 1.057074e-05 -5.374340e-09 -7.570627e-07
36.46          1.046774e-01 7.518764e-08 -1.193779e-02 1.046670e-01 8.115819e-08 -1.193694e-02 1.046650e-05 -5.970553e-09 -8.481440e-07
36.47          1.182234e-01 7.601293e-08 -1.382654e-02 1.182130e-01 8.304843e-08 -1.382566e-02 1.035670e-05 -7.035498e-09 -8.823764e-07
36.48          9.447190e-02 7.334294e-08 -1.132589e-02 9.446216e-02 8.067991e-08 -1.132504e-02 9.745208e-06 -7.336965e-09 -8.496107e-07
36.49          1.098311e-01 7.261900e-08 -1.348760e-02 1.098217e-01 8.131159e-08 -1.348675e-02 9.346244e-06 -8.692591e-09 -8.418517e-07
36.5           1.177665e-01 7.818442e-08 -1.480659e-02 1.177575e-01 8.651930e-08 -1.480574e-02 9.077881e-06 -8.334879e-09 -8.491476e-07
36.51          1.147984e-01 8.545222e-08 -1.476929e-02 1.147896e-01 9.056912e-08 -1.476845e-02 8.796749e-06 -5.116895e-09 -8.423654e-07
36.52          1.360354e-01 8.523416e-08 -1.789809e-02 1.360269e-01 9.190655e-08 -1.789725e-02 8.481401e-06 -6.672390e-09 -8.380201e-07
36.53          1.118208e-01 7.951264e-08 -1.503854e-02 1.118128e-01 8.656508e-08 -1.503775e-02 8.019611e-06 -7.052444e-09 -7.903187e-07
36.54          1.188882e-01 7.935467e-08 -1.633302e-02 1.188803e-01 8.695656e-08 -1.633226e-02 7.827489e-06 -7.601890e-09 -7.593022e-07
36.55          1.247935e-01 7.338640e-08 -1.750433e-02 1.247859e-01 8.485899e-08 -1.750360e-02 7.625448e-06 -1.147259e-08 -7.313430e-07
36.56          1.349667e-01 8.147644e-08 -1.931910e-02 1.349591e-01 9.189135e-08 -1.931838e-02 7.598797e-06 -1.041491e-08 -7.223237e-07
36.57          1.119682e-01 8.251175e-08 -1.634850e-02 1.119610e-01 9.092673e-08 -1.634784e-02 7.148952e-06 -8.414980e-09 -6.635972e-07
36.58          1.468838e-01 8.240514e-08 -2.186314e-02 1.468765e-01 9.193729e-08 -2.186246e-02 7.260090e-06 -9.532145e-09 -6.827974e-07
36.59          1.340843e-01 7.813473e-08 -2.033844e-02 1.340771e-01 8.840532e-08 -2.033775e-02 7.130852e-06 -1.027059e-08 -6.905879e-07
36.6           1.466224e-01 7.779232e-08 -2.265272e-02 1.466153e-01 8.963151e-08 -2.265201e-02 7.124313e-06 -1.183919e-08 -7.042170e-07
36.61          1.461055e-01 7.286181e-08 -2.298194e-02 1.460983e-01 8.692941e-08 -2.298121e-02 7.104260e-06 -1.406760e-08 -7.274234e-07
36.62          1.333220e-01 7.545239e-08 -2.134259e-02 1.333154e-01 8.749836e-08 -2.134193e-02 6.593145e-06 -1.204597e-08 -6.572683e-07
36.63          1.435970e-01 8.189907e-08 -2.338388e-02 1.435906e-01 9.207399e-08 -2.338323e-02 6.386021e-06 -1.017492e-08 -6.455381e-07
36.64          1.377648e-01 7.909740e-08 -2.281201e-02 1.377588e-01 9.008658e-08 -2.281139e-02 6.036765e-06 -1.098918e-08 -6.155650e-07
36.65          1.546314e-01 7.904712e-08 -2.602461e-02 1.546255e-01 9.116614e-08 -2.602400e-02 5.897871e-06 -1.211902e-08 -6.030317e-07
36.66          1.368944e-01 7.779569e-08 -2.340864e-02 1.368888e-01 8.972842e-08 -2.340808e-02 5.559468e-06 -1.193274e-08 -5.591296e-07
36.67          1.453148e-01 7.168654e-08 -2.523532e-02 1.453093e-01 8.531906e-08 -2.523477e-02 5.495463e-06 -1.363252e-08 -5.482778e-07
36.68          1.575197e-01 7.177422e-08 -2.777034e-02 1.575143e-01 8.729986e-08 -2.776980e-02 5.398445e-06 -1.552564e-08 -5.405688e-07
36.69          1.549954e-01 7.151628e-08 -2.773034e-02 1.549902e-01 8.854170e-08 -2.772983e-02 5.195797e-06 -1.702542e-08 -5.091862e-07
36.7           1.366776e-01 6.157189e-08 -2.480643e-02 1.366726e-01 8.011478e-08 -2.480595e-02 5.018428e-06 -1.854288e-08 -4.815698e-07
36.71          1.544921e-01 6.905566e-08 -2.843373e-02 1.544873e-01 8.830865e-08 -2.843328e-02 4.823496e-06 -1.925299e-08 -4.503811e-07
36.72          1.562916e-01 6.897905e-08 -2.915872e-02 1.562870e-01 8.989932e-08 -2.915832e-02 4.568818e-06 -2.092027e-08 -4.037656e-07
36.73          1.636541e-01 6.804496e-08 -3.093850e-02 1.636497e-01 9.157956e-08 -3.093813e-02 4.388087e-06 -2.353460e-08 -3.687799e-07
36.74          1.559444e-01 6.672977e-08 -2.986257e-02 1.559403e-01 9.182333e-08 -2.986225e-02 4.127357e-06 -2.509356e-08 -3.176496e-07
36.75          1.469996e-01 6.515268e-08 -2.850324e-02 1.469957e-01 8.823522e-08 -2.850296e-02 3.969705e-06 -2.308254e-08 -2.819078e-07
36.76          1.665996e-01 6.157348e-08 -3.269715e-02 1.665957e-01 8.623197e-08 -3.269689e-02 3.936463e-06 -2.465849e-08 -2.609663e-07
36.77          1.598486e-01 6.446388e-08 -3.174447e-02 1.598448e-01 9.004752e-08 -3.174425e-02 3.766141e-06 -2.558365e-08 -2.199174e-07
36.78          1.693589e-01 6.530166e-08 -3.402018e-02 1.693553e-01 9.232368e-08 -3.402001e-02 3.606952e-06 -2.702202e-08 -1.694188e-07
36.79          1.662674e-01 5.519849e-08 -3.377233e-02 1.662638e-01 8.521301e-08 -3.377220e-02 3.538527e-06 -3.001451e-08 -1.303784e-07
36.8           1.646258e-01 5.635019e-08 -3.380137e-02 1.646224e-01 8.823531e-08 -3.380129e-02 3.406803e-06 -3.188512e-08 -8.122716e-08
36.81          1.153261e-01 3.635988e-08 -2.392857e-02 1.153228e-01 7.044516e-08 -2.392853e-02 3.272485e-06 -3.408528e-08 -4.176781e-08
36.82          2.153844e-01 7.557000e-08 -4.514126e-02 2.153812e-01 1.102543e-07 -4.514128e-02 3.151225e-06 -3.468428e-08 1.542645e-08
36.83          1.425667e-01 5.156163e-08 -3.017524e-02 1.425637e-01 8.558370e-08 -3.017530e-02 3.007191e-06 -3.402207e-08 6.464035e-08
36.84          1.843937e-01 5.784234e-08 -3.939833e-02 1.843908e-01 9.430787e-08 -3.939844e-02 2.928084e-06 -3.646554e-08 1.095667e-07
36.85          1.540248e-01 4.155675e-08 -3.321202e-02 1.540220e-01 8.061536e-08 -3.321217e-02 2.858599e-06 -3.905861e-08 1.513413e-07
36.86          1.870678e-01 6.172252e-08 -4.069348e-02 1.870650e-01 1.007727e-07 -4.069369e-02 2.745729e-06 -3.905021e-08 2.100411e-07
36.87          1.610878e-01 5.586610e-08 -3.534052e-02 1.610852e-01 9.367434e-08 -3.534079e-02 2.607273e-06 -3.780824e-08 2.697975e-07
36.88          1.816718e-01 5.306461e-08 -4.018132e-02 1.816693e-01 9.270484e-08 -4.018163e-02 2.562504e-06 -3.964023e-08 3.093452e-07
36.89          1.823892e-01 5.457881e-08 -4.065703e-02 1.823868e-01 9.649078e-08 -4.065738e-02 2.477276e-06 -4.191197e-08 3.519460e-07
36.9           1.658362e-01 5.408668e-08 -3.724595e-02 1.658338e-01 9.474929e-08 -3.724635e-02 2.389498e-06 -4.066261e-08 4.023144e-07
36.91          1.898912e-01 5.530802e-08 -4.295578e-02 1.898889e-01 9.661059e-08 -4.295621e-02 2.348714e-06 -4.130258e-08 4.379954e-07
36.92          1.746449e-01 5.592152e-08 -3.977983e-02 1.746426e-01 9.608028e-08 -3.978032e-02 2.281153e-06 -4.015876e-08 4.853716e-07
36.93          1.845209e-01 4.972888e-08 -4.230570e-02 1.845187e-01 9.147278e-08 -4.230622e-02 2.249784e-06 -4.174390e-08 5.155488e-07
36.94          1.812742e-01 5.434664e-08 -4.182242e-02 1.812720e-01 9.532957e-08 -4.182297e-02 2.210224e-06 -4.098293e-08 5.528503e-07
36.95          1.896034e-01 5.439816e-08 -4.400497e-02 1.896012e-01 9.558600e-08 -4.400555e-02 2.195838e-06 -4.118784e-08 5.798230e-07
36.96          1.898575e-01 5.027313e-08 -4.431368e-02 1.898553e-01 9.243243e-08 -4.431428e-02 2.168189e-06 -4.215930e-08 6.065762e-07
36.97          1.868114e-01 5.189333e-08 -4.383666e-02 1.868092e-01 9.409305e-08 -4.383728e-02 2.150841e-06 -4.219972e-08 6.258671e-07
36.98          1.953810e-01 4.991805e-08 -4.607935e-02 1.953789e-01 9.436646e-08 -4.607999e-02 2.107944e-06 -4.444841e-08 6.348943e-07
36.99          1.892172e-01 4.955599e-08 -4.483831e-02 1.892151e-01 9.355401e-08 -4.483895e-02 2.119216e-06 -4.399802e-08 6.441258e-07
37             1.919226e-01 4.708320e-08 -4.568194e-02 1.919206e-01 9.367540e-08 -4.568258e-02 2.073855e-06 -4.659220e-08 6.468166e-07
37.01          1.963582e-01 4.813904e-08 -4.693184e-02 1.963561e-01 9.464820e-08 -4.693249e-02 2.087597e-06 -4.650916e-08 6.499783e-07
37.02          1.842509e-01 4.454310e-08 -4.420814e-02 1.842488e-01 8.873611e-08 -4.420879e-02 2.166792e-06 -4.419301e-08 6.499251e-07
37.03          1.949498e-01 4.771691e-08 -4.694130e-02 1.949476e-01 9.306698e-08 -4.694195e-02 2.144118e-06 -4.535007e-08 6.516822e-07
37.04          1.808219e-01 4.026874e-08 -4.368176e-02 1.808196e-01 8.293917e-08 -4.368239e-02 2.263973e-06 -4.267042e-08 6.329930e-07
37.05          1.948175e-01 4.907646e-08 -4.720182e-02 1.948153e-01 9.137941e-08 -4.720246e-02 2.250404e-06 -4.230295e-08 6.332298e-07
37.06          1.921615e-01 4.910958e-08 -4.668240e-02 1.921592e-01 9.096500e-08 -4.668303e-02 2.255294e-06 -4.185542e-08 6.253810e-07
37.07          2.071007e-01 5.515275e-08 -5.043089e-02 2.070985e-01 9.796566e-08 -5.043151e-02 2.239607e-06 -4.281291e-08 6.167144e-07
37.08          1.946633e-01 4.830859e-08 -4.750112e-02 1.946610e-01 9.092801e-08 -4.750174e-02 2.276215e-06 -4.261942e-08 6.134402e-07
37.09          1.993303e-01 4.911568e-08 -4.872684e-02 1.993280e-01 9.182880e-08 -4.872745e-02 2.311167e-06 -4.271312e-08 6.050557e-07
37.1           1.916723e-01 4.377088e-08 -4.692529e-02 1.916699e-01 8.491545e-08 -4.692587e-02 2.400649e-06 -4.114457e-08 5.796646e-07
37.11          2.163800e-01 5.514313e-08 -5.303808e-02 2.163777e-01 9.887916e-08 -5.303863e-02 2.354141e-06 -4.373603e-08 5.509868e-07
37.12          2.085824e-01 4.864959e-08 -5.117411e-02 2.085800e-01 9.299717e-08 -5.117462e-02 2.421046e-06 -4.434759e-08 5.038359e-07
37.13          1.960214e-01 3.816653e-08 -4.812319e-02 1.960189e-01 8.315968e-08 -4.812366e-02 2.542841e-06 -4.499315e-08 4.649480e-07
37.14          2.085526e-01 4.140466e-08 -5.121762e-02 2.085500e-01 8.755145e-08 -5.121802e-02 2.659588e-06 -4.614679e-08 3.984504e-07
37.15          2.054290e-01 3.912848e-08 -5.045390e-02 2.054263e-01 8.712223e-08 -5.045425e-02 2.722288e-06 -4.799375e-08 3.429104e-07
37.16          2.029422e-01 3.252210e-08 -4.983196e-02 2.029394e-01 8.142854e-08 -4.983226e-02 2.879017e-06 -4.890644e-08 2.935044e-07
37.17          1.886745e-01 2.293848e-08 -4.630482e-02 1.886715e-01 7.128005e-08 -4.630507e-02 3.004441e-06 -4.834156e-08 2.467332e-07
37.18          2.111535e-01 3.421488e-08 -5.177951e-02 2.111504e-01 8.328793e-08 -5.177970e-02 3.113255e-06 -4.907305e-08 1.893582e-07
37.19          2.137208e-01 3.016720e-08 -5.235148e-02 2.137175e-01 7.975595e-08 -5.235159e-02 3.318668e-06 -4.958875e-08 1.142370e-07
37.2           2.178628e-01 3.822796e-08 -5.329163e-02 2.178595e-01 8.986131e-08 -5.329171e-02 3.299664e-06 -5.163335e-08 8.097212e-08
37.21          2.069499e-01 2.618715e-08 -5.053695e-02 2.069464e-01 7.845556e-08 -5.053698e-02 3.426838e-06 -5.226841e-08 3.165994e-08
37.22          2.121397e-01 2.422278e-08 -5.170167e-02 2.121361e-01 7.698518e-08 -5.170163e-02 3.601619e-06 -5.276240e-08 -4.024160e-08
37.23          2.103258e-01 2.033059e-08 -5.114340e-02 2.103220e-01 7.272902e-08 -5.114331e-02 3.788079e-06 -5.239843e-08 -8.672066e-08
37.24          2.248424e-01 3.138226e-08 -5.453310e-02 2.248384e-01 8.463801e-08 -5.453295e-02 3.916177e-06 -5.325576e-08 -1.417077e-07
37.25          1.920279e-01 5.797129e-09 -4.644209e-02 1.920237e-01 5.896100e-08 -4.644188e-02 4.215324e-06 -5.316387e-08 -2.135660e-07
37.26          2.181771e-01 2.361492e-08 -5.259938e-02 2.181728e-01 7.642932e-08 -5.259914e-02 4.282614e-06 -5.281440e-08 -2.342626e-07
37.27          2.062504e-01 1.126101e-08 -4.955274e-02 2.062459e-01 6.387183e-08 -4.955244e-02 4.473631e-06 -5.261082e-08 -3.071207e-07
37.28          2.372836e-01 3.340198e-08 -5.679519e-02 2.372791e-01 8.550935e-08 -5.679485e-02 4.529620e-06 -5.210737e-08 -3.379523e-07
37.29          2.263397e-01 3.472471e-08 -5.395829e-02 2.263351e-01 8.598070e-08 -5.395794e-02 4.522311e-06 -5.125599e-08 -3.549019e-07
37.3           2.191645e-01 1.671883e-08 -5.202300e-02 2.191597e-01 6.740607e-08 -5.202256e-02 4.866319e-06 -5.068724e-08 -4.411011e-07
37.31          2.321687e-01 3.027502e-08 -5.485612e-02 2.321637e-01 8.014810e-08 -5.485564e-02 4.985582e-06 -4.987308e-08 -4.881052e-07
37.32          2.274970e-01 2.558435e-08 -5.348942e-02 2.274918e-01 7.491643e-08 -5.348885e-02 5.203463e-06 -4.933208e-08 -5.618008e-07
37.33          2.277346e-01 2.645940e-08 -5.326741e-02 2.277292e-01 7.426331e-08 -5.326682e-02 5.394897e-06 -4.780390e-08 -5.984255e-07
37.34          2.270835e-01 2.296514e-08 -5.282409e-02 2.270779e-01 6.940352e-08 -5.282343e-02 5.604818e-06 -4.643838e-08 -6.564539e-07
37.35          2.331097e-01 3.818520e-08 -5.391238e-02 2.331040e-01 8.286878e-08 -5.391171e-02 5.617334e-06 -4.468358e-08 -6.683243e-07
37.36          2.146840e-01 2.258115e-08 -4.934964e-02 2.146781e-01 6.537910e-08 -4.934892e-02 5.913656e-06 -4.279795e-08 -7.234828e-07
37.37          2.312258e-01 4.016000e-08 -5.281247e-02 2.312199e-01 8.119772e-08 -5.281173e-02 5.893731e-06 -4.103772e-08 -7.365318e-07
37.38          2.358034e-01 3.030035e-08 -5.349762e-02 2.357972e-01 7.048156e-08 -5.349681e-02 6.230933e-06 -4.018121e-08 -8.018660e-07
37.39          2.359693e-01 4.165537e-08 -5.316109e-02 2.359631e-01 7.988795e-08 -5.316030e-02 6.234617e-06 -3.823258e-08 -7.887287e-07
37.4           2.435538e-01 3.783551e-08 -5.447004e-02 2.435472e-01 7.473886e-08 -5.446917e-02 6.608361e-06 -3.690336e-08 -8.718340e-07
37.41          2.442210e-01 4.296951e-08 -5.420529e-02 2.442142e-01 7.902003e-08 -5.420436e-02 6.854099e-06 -3.605051e-08 -9.335463e-07
37.42          2.517554e-01 5.533108e-08 -5.543674e-02 2.517486e-01 8.853351e-08 -5.543581e-02 6.836996e-06 -3.320242e-08 -9.290975e-07
37.43          2.075836e-01 1.818214e-08 -4.533610e-02 2.075762e-01 4.811031e-08 -4.533505e-02 7.423760e-06 -2.992817e-08 -1.043536e-06
37.44          2.559724e-01 5.588577e-08 -5.542642e-02 2.559649e-01 8.480995e-08 -5.542537e-02 7.465859e-06 -2.892419e-08 -1.047490e-06
37.45          2.386486e-01 3.761764e-08 -5.121916e-02 2.386409e-01 6.344166e-08 -5.121805e-02 7.784284e-06 -2.582402e-08 -1.109591e-06
37.46          2.436503e-01 5.383612e-08 -5.181411e-02 2.436425e-01 7.825411e-08 -5.181301e-02 7.812012e-06 -2.441799e-08 -1.102176e-06
37.47          2.430771e-01 5.874645e-08 -5.120232e-02 2.430693e-01 8.234654e-08 -5.120123e-02 7.816550e-06 -2.360009e-08 -1.088059e-06
37.48          2.394049e-01 5.648490e-08 -4.993487e-02 2.393969e-01 7.961270e-08 -4.993377e-02 8.004610e-06 -2.312780e-08 -1.103164e-06
37.49          2.581043e-01 6.293973e-08 -5.328980e-02 2.580962e-01 8.610984e-08 -5.328868e-02 8.091098e-06 -2.317011e-08 -1.112595e-06
37.5           2.473121e-01 5.729359e-08 -5.052831e-02 2.473037e-01 7.954060e-08 -5.052716e-02 8.350629e-06 -2.224701e-08 -1.150073e-06
37.51          2.558983e-01 6.154267e-08 -5.171898e-02 2.558898e-01 8.200211e-08 -5.171780e-02 8.468274e-06 -2.045944e-08 -1.178336e-06
37.52          2.517819e-01 5.320102e-08 -5.032169e-02 2.517730e-01 7.300244e-08 -5.032046e-02 8.856760e-06 -1.980143e-08 -1.222830e-06
37.53          2.806943e-01 8.289421e-08 -5.545832e-02 2.806854e-01 1.014976e-07 -5.545709e-02 8.835922e-06 -1.860341e-08 -1.232591e-06
37.54          2.534816e-01 5.544346e-08 -4.949402e-02 2.534720e-01 7.394362e-08 -4.949262e-02 9.647722e-06 -1.850016e-08 -1.403390e-06
37.55          2.733878e-01 7.479780e-08 -5.273544e-02 2.733780e-01 9.274138e-08 -5.273400e-02 9.775941e-06 -1.794358e-08 -1.441686e-06
37.56          2.661831e-01 7.237489e-08 -5.070802e-02 2.661731e-01 8.974650e-08 -5.070653e-02 1.000889e-05 -1.737162e-08 -1.484782e-06
37.57          2.641571e-01 6.847765e-08 -4.968003e-02 2.641465e-01 8.627172e-08 -4.967841e-02 1.063654e-05 -1.779407e-08 -1.617488e-06
37.58          2.592666e-01 5.279819e-08 -4.812170e-02 2.592555e-01 6.879633e-08 -4.811998e-02 1.108122e-05 -1.599814e-08 -1.720406e-06
37.59          2.794839e-01 8.316099e-08 -5.117625e-02 2.794728e-01 9.780458e-08 -5.117455e-02 1.113811e-05 -1.464359e-08 -1.696073e-06
37.6           2.871897e-01 9.835607e-08 -5.186205e-02 2.871785e-01 1.115077e-07 -5.186035e-02 1.113449e-05 -1.315160e-08 -1.698356e-06
37.61          2.815225e-01 9.045874e-08 -5.011978e-02 2.815112e-01 1.026569e-07 -5.011804e-02 1.131696e-05 -1.219817e-08 -1.742140e-06
37.62          2.751014e-01 9.252605e-08 -4.826572e-02 2.750899e-01 1.055066e-07 -4.826396e-02 1.149274e-05 -1.298053e-08 -1.759039e-06
37.63          2.878769e-01 9.490664e-08 -4.975431e-02 2.878655e-01 1.073109e-07 -4.975258e-02 1.142020e-05 -1.240423e-08 -1.728425e-06
37.64          2.714358e-01 8.569699e-08 -4.619652e-02 2.714240e-01 9.808263e-08 -4.619473e-02 1.180371e-05 -1.238564e-08 -1.790143e-06
37.65          2.549047e-01 7.686004e-08 -4.270403e-02 2.548925e-01 8.815734e-08 -4.270218e-02 1.215397e-05 -1.129730e-08 -1.854422e-06
37.66          2.831766e-01 9.172395e-08 -4.667757e-02 2.831643e-01 1.031062e-07 -4.667569e-02 1.234712e-05 -1.138220e-08 -1.885731e-06
37.67          2.662945e-01 8.198507e-08 -4.317299e-02 2.662814e-01 9.373500e-08 -4.317100e-02 1.308323e-05 -1.174993e-08 -1.993806e-06
37.68          3.025430e-01 9.843560e-08 -4.822149e-02 3.025303e-01 1.107146e-07 -4.821960e-02 1.267515e-05 -1.227899e-08 -1.885380e-06
37.69          2.791408e-01 7.456437e-08 -4.372400e-02 2.791276e-01 8.739725e-08 -4.372206e-02 1.315431e-05 -1.283288e-08 -1.944647e-06
37.7           3.209569e-01 1.026458e-07 -4.938394e-02 3.209437e-01 1.157628e-07 -4.938201e-02 1.322015e-05 -1.311702e-08 -1.929889e-06
37.71          2.628085e-01 7.759334e-08 -3.970550e-02 2.627950e-01 9.062833e-08 -3.970356e-02 1.349615e-05 -1.303500e-08 -1.937059e-06
37.72          3.013572e-01 9.298315e-08 -4.468211e-02 3.013441e-01 1.069846e-07 -4.468028e-02 1.310543e-05 -1.400149e-08 -1.830186e-06
37.73          2.990715e-01 1.011748e-07 -4.349913e-02 2.990586e-01 1.159273e-07 -4.349735e-02 1.295913e-05 -1.475253e-08 -1.782059e-06
37.74          2.731018e-01 7.469914e-08 -3.894840e-02 2.730883e-01 8.912297e-08 -3.894654e-02 1.351978e-05 -1.442383e-08 -1.859379e-06
37.75          2.900084e-01 8.348061e-08 -4.053251e-02 2.899950e-01 9.839735e-08 -4.053072e-02 1.337929e-05 -1.491674e-08 -1.783358e-06
37.76          2.717506e-01 7.950161e-08 -3.720471e-02 2.717369e-01 9.487315e-08 -3.720288e-02 1.372752e-05 -1.537154e-08 -1.830344e-06
37.77          3.069410e-01 1.083179e-07 -4.114236e-02 3.069276e-01 1.249502e-07 -4.114059e-02 1.339860e-05 -1.663232e-08 -1.766620e-06
37.78          2.712207e-01 6.921182e-08 -3.557749e-02 2.712070e-01 8.392845e-08 -3.557570e-02 1.377446e-05 -1.471664e-08 -1.786962e-06
37.79          2.764836e-01 7.793249e-08 -3.547280e-02 2.764698e-01 9.155491e-08 -3.547103e-02 1.379917e-05 -1.362242e-08 -1.766472e-06
37.8           2.789014e-01 7.556243e-08 -3.498002e-02 2.788875e-01 8.763969e-08 -3.497825e-02 1.394035e-05 -1.207726e-08 -1.772248e-06
37.81          2.927527e-01 8.640580e-08 -3.587259e-02 2.927390e-01 9.748108e-08 -3.587087e-02 1.372233e-05 -1.107528e-08 -1.721793e-06
37.82          2.853888e-01 7.984628e-08 -3.414695e-02 2.853751e-01 8.966782e-08 -3.414523e-02 1.373225e-05 -9.821538e-09 -1.717809e-06
37.83          2.841100e-01 8.521209e-08 -3.317374e-02 2.840966e-01 9.490644e-08 -3.317209e-02 1.346737e-05 -9.694349e-09 -1.644847e-06
37.84          2.776710e-01 8.203960e-08 -3.162065e-02 2.776576e-01 9.012571e-08 -3.161908e-02 1.341183e-05 -8.086114e-09 -1.566634e-06
37.85          3.100510e-01 1.032288e-07 -3.441197e-02 3.100380e-01 1.125678e-07 -3.441053e-02 1.302556e-05 -9.339034e-09 -1.443776e-06
37.86          2.866756e-01 9.090386e-08 -3.099242e-02 2.866623e-01 9.892792e-08 -3.099102e-02 1.326323e-05 -8.024055e-09 -1.402475e-06
37.87          2.360374e-01 6.745667e-08 -2.484051e-02 2.360234e-01 7.630035e-08 -2.483901e-02 1.402400e-05 -8.843671e-09 -1.494625e-06
37.88          2.648082e-01 9.171113e-08 -2.710631e-02 2.647943e-01 1.015926e-07 -2.710489e-02 1.390613e-05 -9.881428e-09 -1.421242e-06
37.89          2.931364e-01 1.101181e-07 -2.916531e-02 2.931230e-01 1.199284e-07 -2.916400e-02 1.345034e-05 -9.810266e-09 -1.316643e-06
37.9           2.642679e-01 9.596321e-08 -2.553930e-02 2.642542e-01 1.059954e-07 -2.553800e-02 1.365165e-05 -1.003219e-08 -1.302910e-06
37.91          2.432911e-01 8.019432e-08 -2.282033e-02 2.432774e-01 9.013169e-08 -2.281901e-02 1.373688e-05 -9.937366e-09 -1.322895e-06
37.92          2.502709e-01 8.409169e-08 -2.276601e-02 2.502571e-01 9.280345e-08 -2.276471e-02 1.377521e-05 -8.711756e-09 -1.298047e-06
37.93          2.707123e-01 1.094176e-07 -2.386103e-02 2.706986e-01 1.162668e-07 -2.385979e-02 1.364346e-05 -6.849220e-09 -1.243637e-06
37.94          2.554653e-01 1.083558e-07 -2.180009e-02 2.554519e-01 1.147599e-07 -2.179891e-02 1.347523e-05 -6.404059e-09 -1.179464e-06
37.95          2.489650e-01 1.100542e-07 -2.055015e-02 2.489516e-01 1.167328e-07 -2.054901e-02 1.339941e-05 -6.678530e-09 -1.144606e-06
37.96          2.285944e-01 9.886593e-08 -1.823527e-02 2.285809e-01 1.043902e-07 -1.823412e-02 1.345861e-05 -5.524308e-09 -1.150283e-06
37.97          2.210796e-01 1.000238e-07 -1.702708e-02 2.210665e-01 1.051229e-07 -1.702601e-02 1.318381e-05 -5.099132e-09 -1.072220e-06
37.98          2.605977e-01 1.188735e-07 -1.935736e-02 2.605850e-01 1.236572e-07 -1.935636e-02 1.268194e-05 -4.783717e-09 -9.923119e-07
37.99          2.392491e-01 1.078486e-07 -1.712382e-02 2.392365e-01 1.117339e-07 -1.712285e-02 1.261949e-05 -3.885289e-09 -9.726946e-07
38             2.496922e-01 1.192623e-07 -1.719931e-02 2.496799e-01 1.234244e-07 -1.719841e-02 1.225917e-05 -4.162048e-09 -8.986543e-07
38.01          2.185190e-01 1.010534e-07 -1.447068e-02 2.185067e-01 1.053772e-07 -1.446981e-02 1.223330e-05 -4.323827e-09 -8.758691e-07
38.02          2.105551e-01 1.001117e-07 -1.338786e-02 2.105430e-01 1.044136e-07 -1.338701e-02 1.213130e-05 -4.301895e-09 -8.564438e-07
38.03          2.431568e-01 1.187664e-07 -1.482452e-02 2.431454e-01 1.215160e-07 -1.482377e-02 1.143771e-05 -2.749544e-09 -7.560735e-07
38.04          1.988460e-01 9.771906e-08 -1.161045e-02 1.988345e-01 1.005516e-07 -1.160972e-02 1.144131e-05 -2.832489e-09 -7.285117e-07
38.05          2.128258e-01 1.067496e-07 -1.188208e-02 2.128146e-01 1.097883e-07 -1.188139e-02 1.117756e-05 -3.038755e-09 -6.859798e-07
38.06          2.191264e-01 1.145127e-07 -1.168025e-02 2.191156e-01 1.168915e-07 -1.167961e-02 1.084832e-05 -2.378815e-09 -6.367883e-07
38.07          1.992443e-01 9.950236e-08 -1.012452e-02 1.992336e-01 1.020958e-07 -1.012392e-02 1.075652e-05 -2.593389e-09 -5.987862e-07
38.08          2.119653e-01 1.051839e-07 -1.024905e-02 2.119551e-01 1.083881e-07 -1.024855e-02 1.017269e-05 -3.204228e-09 -4.934316e-07
38.09          1.929721e-01 9.824746e-08 -8.862801e-03 1.929620e-01 1.015206e-07 -8.862342e-03 1.005888e-05 -3.273102e-09 -4.591614e-07
38.1           1.922456e-01 9.970669e-08 -8.369617e-03 1.922358e-01 1.030307e-07 -8.369210e-03 9.790182e-06 -3.323996e-09 -4.067626e-07
38.11          1.772979e-01 8.979212e-08 -7.301986e-03 1.772883e-01 9.350858e-08 -7.301609e-03 9.638224e-06 -3.716455e-09 -3.767552e-07
38.12          1.968165e-01 1.043104e-07 -7.649540e-03 1.968075e-01 1.073540e-07 -7.649223e-03 9.033253e-06 -3.043626e-09 -3.172467e-07
38.13          1.783432e-01 8.858600e-08 -6.526523e-03 1.783343e-01 9.195623e-08 -6.526230e-03 8.919938e-06 -3.370237e-09 -2.929253e-07
38.14          1.886587e-01 1.003883e-07 -6.481943e-03 1.886503e-01 1.040941e-07 -6.481707e-03 8.425737e-06 -3.705777e-09 -2.362792e-07
38.15          1.779682e-01 9.056416e-08 -5.724496e-03 1.779601e-01 9.467313e-08 -5.724295e-03 8.022674e-06 -4.108965e-09 -2.008804e-07
38.16          1.758220e-01 8.604375e-08 -5.277672e-03 1.758144e-01 9.044202e-08 -5.277587e-03 7.581398e-06 -4.398262e-09 -8.512834e-08
38.17          1.642477e-01 8.150834e-08 -4.584830e-03 1.642404e-01 8.614426e-08 -4.584739e-03 7.352995e-06 -4.635922e-09 -9.041930e-08
38.18          1.686512e-01 8.542297e-08 -4.360702e-03 1.686442e-01 9.034390e-08 -4.360616e-03 7.059899e-06 -4.920934e-09 -8.574528e-08
38.19          1.770919e-01 9.020514e-08 -4.222790e-03 1.770852e-01 9.425370e-08 -4.222694e-03 6.704477e-06 -4.048565e-09 -9.608026e-08
38.2           1.546489e-01 7.530689e-08 -3.384743e-03 1.546425e-01 7.963260e-08 -3.384672e-03 6.456297e-06 -4.325714e-09 -7.175783e-08
38.21          1.609206e-01 8.025682e-08 -3.213597e-03 1.609145e-01 8.458579e-08 -3.213558e-03 6.075723e-06 -4.328961e-09 -3.935067e-08
38.22          1.722208e-01 9.004741e-08 -3.117949e-03 1.722153e-01 9.263557e-08 -3.117963e-03 5.505304e-06 -2.588159e-09 1.377326e-08
38.23          1.523413e-01 7.062813e-08 -2.482763e-03 1.523360e-01 7.289615e-08 -2.482798e-03 5.297119e-06 -2.268023e-09 3.427729e-08
38.24          1.598684e-01 8.068222e-08 -2.324229e-03 1.598635e-01 8.250694e-08 -2.324297e-03 4.906558e-06 -1.824724e-09 6.874747e-08
38.25          1.518142e-01 7.110123e-08 -1.948680e-03 1.518096e-01 7.294106e-08 -1.948772e-03 4.629837e-06 -1.839830e-09 9.156677e-08
38.26          1.480822e-01 6.591160e-08 -1.656497e-03 1.480778e-01 6.744003e-08 -1.656619e-03 4.361706e-06 -1.528431e-09 1.228640e-07
38.27          1.448871e-01 6.216427e-08 -1.389593e-03 1.448830e-01 6.378340e-08 -1.389746e-03 4.103111e-06 -1.619133e-09 1.536538e-07
38.28          1.436397e-01 5.935818e-08 -1.156492e-03 1.436359e-01 6.110113e-08 -1.156679e-03 3.856875e-06 -1.742955e-09 1.864131e-07
38.29          1.551317e-01 7.610315e-08 -1.018767e-03 1.551282e-01 7.555633e-08 -1.019006e-03 3.556129e-06 5.468253e-10 2.390929e-07
38.3           1.660734e-01 7.944903e-08 -8.534487e-04 1.660701e-01 7.680127e-08 -8.537364e-04 3.326874e-06 2.647767e-09 2.877597e-07
38.31          1.245911e-01 5.974180e-08 -4.702104e-04 1.245880e-01 5.456389e-08 -4.705520e-04 3.179000e-06 5.177917e-09 3.415833e-07
38.32          1.409318e-01 7.151863e-08 -3.458957e-04 1.409288e-01 6.342392e-08 -3.462861e-04 3.068161e-06 8.094713e-09 3.903150e-07
38.33          1.441113e-01 7.401421e-08 -1.726822e-04 1.441083e-01 6.332573e-08 -1.731071e-04 2.998836e-06 1.068848e-08 4.248523e-07
38.34          1.306032e-01 5.396130e-08 -6.154201e-07 1.306002e-01 4.279781e-08 -1.045834e-06 2.935582e-06 1.116349e-08 4.304142e-07
38.35          1.405090e-01 8.326297e-08 1.589535e-04 1.405060e-01 6.980664e-08 1.584944e-04 3.054245e-06 1.345633e-08 4.590943e-07
38.36          1.406608e-01 8.841744e-08 3.099765e-04 1.406575e-01 7.283408e-08 3.094883e-04 3.250101e-06 1.558336e-08 4.881903e-07
38.37          1.222191e-01 7.186540e-08 3.921777e-04 1.222157e-01 5.531916e-08 3.916846e-04 3.385349e-06 1.654624e-08 4.931560e-07
38.38          1.225748e-01 6.869685e-08 5.089164e-04 1.225713e-01 5.169823e-08 5.084342e-04 3.520349e-06 1.699863e-08 4.822669e-07
38.39          1.246391e-01 7.486425e-08 6.265866e-04 1.246354e-01 5.779315e-08 6.261158e-04 3.723108e-06 1.707110e-08 4.707517e-07
38.4           1.223157e-01 7.277280e-08 7.134781e-04 1.223118e-01 5.574668e-08 7.130269e-04 3.936630e-06 1.702612e-08 4.511780e-07
38.41          1.219399e-01 7.459628e-08 8.013634e-04 1.219357e-01 5.802283e-08 8.009367e-04 4.186886e-06 1.657344e-08 4.266625e-07
38.42          1.200147e-01 7.275449e-08 8.691195e-04 1.200102e-01 5.721568e-08 8.687209e-04 4.453960e-06 1.553880e-08 3.985349e-07
38.43          1.164989e-01 6.991832e-08 9.136526e-04 1.164942e-01 5.574571e-08 9.132873e-04 4.727724e-06 1.417261e-08 3.653371e-07
38.44          1.156242e-01 7.238640e-08 9.684445e-04 1.156192e-01 5.965610e-08 9.681110e-04 5.052942e-06 1.273030e-08 3.335002e-07
38.45          1.229068e-01 9.049219e-08 1.086883e-03 1.229013e-01 7.917039e-08 1.086568e-03 5.517424e-06 1.132180e-08 3.150443e-07
38.46          1.099047e-01 7.494763e-08 1.014705e-03 1.098989e-01 6.565467e-08 1.014426e-03 5.857764e-06 9.292960e-09 2.792662e-07
38.47          1.201548e-01 8.989387e-08 1.148513e-03 1.201484e-01 8.130730e-08 1.148290e-03 6.384502e-06 8.586571e-09 2.234618e-07
38.48          1.082637e-01 7.175918e-08 1.062019e-03 1.082570e-01 6.555409e-08 1.061828e-03 6.699395e-06 6.205091e-09 1.911319e-07
38.49          1.040398e-01 6.501155e-08 1.039517e-03 1.040328e-01 6.064173e-08 1.039355e-03 6.985162e-06 4.369817e-09 1.627615e-07
38.5           1.064465e-01 7.044209e-08 1.075846e-03 1.064391e-01 6.823213e-08 1.075710e-03 7.388586e-06 2.209965e-09 1.354428e-07
38.51          9.692796e-02 5.851101e-08 9.833857e-04 9.692032e-02 5.812326e-08 9.832729e-04 7.644839e-06 3.877551e-10 1.127945e-07
38.52          9.883797e-02 6.066804e-08 1.000378e-03 9.882997e-02 6.170511e-08 1.000283e-03 7.998593e-06 -1.037076e-09 9.460192e-08
38.53          1.127440e-01 7.501516e-08 1.131138e-03 1.127354e-01 7.719011e-08 1.131071e-03 8.609511e-06 -2.174949e-09 6.748627e-08
38.54          1.076793e-01 7.138406e-08 1.062351e-03 1.076702e-01 7.429517e-08 1.062312e-03 9.110025e-06 -2.911113e-09 3.843641e-08
38.55          1.067579e-01 7.776089e-08 1.028668e-03 1.067482e-01 8.226159e-08 1.028629e-03 9.687011e-06 -4.500702e-09 3.882716e-08
38.56          9.427446e-02 5.764686e-08 8.794381e-04 9.426453e-02 6.349885e-08 8.794057e-04 9.928810e-06 -5.851991e-09 3.238015e-08
38.57          8.734772e-02 5.128710e-08 7.820647e-04 8.733761e-02 5.972615e-08 7.820409e-04 1.010644e-05 -8.439053e-09 2.370973e-08
38.58          1.045937e-01 5.792974e-08 8.917302e-04 1.045831e-01 7.067675e-08 8.917182e-04 1.064007e-05 -1.274701e-08 1.195230e-08
38.59          9.574673e-02 3.068608e-08 7.668807e-04 9.573581e-02 4.026921e-08 7.668661e-04 1.091374e-05 -9.583135e-09 1.466018e-08
38.6           1.077708e-01 4.138497e-08 8.014905e-04 1.077592e-01 5.202767e-08 8.014904e-04 1.154917e-05 -1.064270e-08 1.039372e-10
38.61          9.007884e-02 1.613291e-08 6.104463e-04 9.006722e-02 2.548258e-08 6.104701e-04 1.161789e-05 -9.349668e-09 -2.379989e-08
38.62          8.620676e-02 1.555819e-08 5.218056e-04 8.619492e-02 2.413825e-08 5.218489e-04 1.183724e-05 -8.580055e-09 -4.327900e-08
38.63          1.051768e-01 2.775270e-08 5.553826e-04 1.051644e-01 3.620975e-08 5.554473e-04 1.235497e-05 -8.457054e-09 -6.471827e-08
38.64          7.253293e-02 6.982011e-09 3.190238e-04 7.252058e-02 1.515224e-08 3.191042e-04 1.235345e-05 -8.170229e-09 -8.036916e-08
38.65          9.123402e-02 2.107303e-08 3.185952e-04 9.122141e-02 2.963968e-08 3.187022e-04 1.260503e-05 -8.566652e-09 -1.069785e-07
38.66          8.507988e-02 1.468702e-08 2.121027e-04 8.506707e-02 2.376312e-08 2.122355e-04 1.281508e-05 -9.076092e-09 -1.328547e-07
38.67          7.644814e-02 3.849257e-09 1.086924e-04 7.643532e-02 1.209433e-08 1.088341e-04 1.282441e-05 -8.245069e-09 -1.416783e-07
38.68          8.028849e-02 3.755044e-09 2.410690e-05 8.027546e-02 1.285731e-08 2.423861e-05 1.303051e-05 -9.102267e-09 -1.317024e-07
38.69          7.617479e-02 4.704084e-09 -6.871170e-05 7.616170e-02 1.321237e-08 -6.855259e-05 1.308609e-05 -8.508284e-09 -1.591033e-07
38.7           6.845083e-02 6.095603e-10 -1.486463e-04 6.843773e-02 7.913607e-09 -1.484504e-04 1.309922e-05 -7.304046e-09 -1.959112e-07
38.71          8.003100e-02 7.813382e-09 -2.782742e-04 8.001777e-02 1.490451e-08 -2.780462e-04 1.323710e-05 -7.091123e-09 -2.280540e-07
38.72          6.651212e-02 3.282174e-09 -3.243666e-04 6.649885e-02 1.000011e-08 -3.241377e-04 1.326268e-05 -6.717938e-09 -2.288964e-07
38.73          8.290117e-02 1.577447e-08 -5.225741e-04 8.288759e-02 2.366002e-08 -5.223261e-04 1.358416e-05 -7.885554e-09 -2.479504e-07
38.74          6.338043e-02 -1.347303e-09 -4.966860e-04 6.336691e-02 5.993201e-09 -4.964054e-04 1.352249e-05 -7.340504e-09 -2.806105e-07
38.75          6.705866e-02 4.336279e-09 -6.297740e-04 6.704517e-02 1.043510e-08 -6.294847e-04 1.348838e-05 -6.098825e-09 -2.893326e-07
38.76          6.254492e-02 5.579519e-09 -6.891756e-04 6.253142e-02 9.472921e-09 -6.888710e-04 1.350280e-05 -3.893402e-09 -3.046303e-07
38.77          6.441390e-02 7.884900e-09 -8.173939e-04 6.440035e-02 1.044531e-08 -8.170900e-04 1.354599e-05 -2.560411e-09 -3.039328e-07
38.78          5.865602e-02 6.049840e-09 -8.464236e-04 5.864248e-02 7.203143e-09 -8.461180e-04 1.353968e-05 -1.153303e-09 -3.055878e-07
38.79          7.493784e-02 2.733499e-08 -1.212934e-03 7.492391e-02 2.829913e-08 -1.212623e-03 1.392891e-05 -9.641476e-10 -3.108308e-07
38.8           4.398486e-02 6.365067e-09 -7.956279e-04 4.397124e-02 4.882924e-09 -7.953082e-04 1.361413e-05 1.482143e-09 -3.196614e-07
38.81          4.819026e-02 9.343847e-09 -9.617955e-04 4.817688e-02 6.634492e-09 -9.614782e-04 1.338112e-05 2.709355e-09 -3.172523e-07
38.82          8.642044e-02 3.929324e-08 -1.886187e-03 8.640647e-02 3.859469e-08 -1.885844e-03 1.397153e-05 6.985464e-10 -3.431684e-07
38.83          4.841874e-02 1.740002e-08 -1.156152e-03 4.840499e-02 1.274132e-08 -1.155793e-03 1.375129e-05 4.658694e-09 -3.583451e-07
38.84          5.800793e-02 1.371528e-08 -1.501077e-03 5.799417e-02 1.343029e-08 -1.500722e-03 1.376393e-05 2.849868e-10 -3.549278e-07
38.85          5.752860e-02 2.583534e-08 -1.608332e-03 5.751492e-02 2.492985e-08 -1.608023e-03 1.368708e-05 9.054851e-10 -3.097275e-07
38.86          3.668170e-02 1.353281e-08 -1.106047e-03 3.666837e-02 1.119481e-08 -1.105767e-03 1.332730e-05 2.338002e-09 -2.800551e-07
38.87          6.085866e-02 3.612766e-08 -1.961667e-03 6.084517e-02 3.389045e-08 -1.961454e-03 1.349522e-05 2.237201e-09 -2.130642e-07
38.88          5.384600e-02 2.637725e-08 -1.855957e-03 5.383248e-02 2.467864e-08 -1.855685e-03 1.352041e-05 1.698612e-09 -2.712316e-07
38.89          4.719823e-02 2.096504e-08 -1.733445e-03 4.718483e-02 1.848057e-08 -1.733190e-03 1.339939e-05 2.484472e-09 -2.545992e-07
38.9           5.686865e-02 1.880666e-08 -2.217290e-03 5.685510e-02 2.075461e-08 -2.217007e-03 1.355124e-05 -1.947950e-09 -2.832866e-07
38.91          7.194337e-02 3.758304e-08 -2.970572e-03 7.192949e-02 4.104402e-08 -2.970266e-03 1.387831e-05 -3.460977e-09 -3.062786e-07
38.92          3.257042e-02 1.612979e-08 -1.425789e-03 3.255705e-02 1.834679e-08 -1.425483e-03 1.337155e-05 -2.217002e-09 -3.053435e-07
38.93          5.388721e-02 2.565372e-08 -2.483353e-03 5.387378e-02 3.043971e-08 -2.483044e-03 1.342945e-05 -4.785990e-09 -3.094920e-07
38.94          6.964712e-02 3.435812e-08 -3.377394e-03 6.963345e-02 4.160809e-08 -3.377045e-03 1.367077e-05 -7.249977e-09 -3.488479e-07
38.95          5.244153e-02 2.418191e-08 -2.674229e-03 5.242795e-02 3.388898e-08 -2.673839e-03 1.358319e-05 -9.707066e-09 -3.902152e-07
38.96          7.925224e-02 4.527277e-08 -4.236245e-03 7.923844e-02 5.527587e-08 -4.235815e-03 1.379743e-05 -1.000311e-08 -4.304592e-07
38.97          3.846971e-02 2.546634e-08 -2.157416e-03 3.845659e-02 3.213978e-08 -2.156998e-03 1.312404e-05 -6.673441e-09 -4.183697e-07
38.98          6.033640e-02 4.367981e-08 -3.534132e-03 6.032344e-02 4.923669e-08 -3.533760e-03 1.296715e-05 -5.556885e-09 -3.710049e-07
38.99          6.728896e-02 3.373558e-08 -4.115480e-03 6.727608e-02 4.118836e-08 -4.115089e-03 1.288577e-05 -7.452783e-09 -3.908028e-07
39             9.950828e-02 5.962813e-08 -6.343780e-03 9.949486e-02 6.825576e-08 -6.343322e-03 1.341532e-05 -8.627628e-09 -4.578968e-07
39.01          8.618755e-02 5.881948e-08 -5.723600e-03 8.617410e-02 6.772542e-08 -5.723104e-03 1.344444e-05 -8.905941e-09 -4.965231e-07
39.02          5.546798e-02 4.999562e-08 -3.834099e-03 5.545517e-02 5.614262e-08 -3.833617e-03 1.281235e-05 -6.147000e-09 -4.827209e-07
39.03          8.735140e-02 6.880178e-08 -6.269594e-03 8.733852e-02 7.501721e-08 -6.269074e-03 1.287628e-05 -6.215424e-09 -5.205744e-07
39.04          8.561543e-02 6.845025e-08 -6.377822e-03 8.560260e-02 7.527908e-08 -6.377265e-03 1.283314e-05 -6.828835e-09 -5.568401e-07
39.05          7.585294e-02 8.113384e-08 -5.859435e-03 7.584037e-02 8.241408e-08 -5.858787e-03 1.256671e-05 -1.280238e-09 -6.470970e-07
39.06          6.668232e-02 7.877191e-08 -5.335299e-03 6.667028e-02 7.867184e-08 -5.334657e-03 1.203479e-05 1.000745e-10 -6.423182e-07
39.07          9.477068e-02 8.811471e-08 -7.842984e-03 9.475855e-02 8.900661e-08 -7.842295e-03 1.212511e-05 -8.918973e-10 -6.889455e-07
39.08          7.560132e-02 7.650703e-08 -6.469040e-03 7.558962e-02 7.511981e-08 -6.468358e-03 1.169576e-05 1.387221e-09 -6.819343e-07
39.09          9.833602e-02 8.588967e-08 -8.688374e-03 9.832427e-02 8.602415e-08 -8.687653e-03 1.174767e-05 -1.344790e-10 -7.213735e-07
39.1           7.428847e-02 7.589805e-08 -6.774836e-03 7.427725e-02 7.343135e-08 -6.774135e-03 1.121670e-05 2.466703e-09 -7.016308e-07
39.11          1.033664e-01 8.905429e-08 -9.717097e-03 1.033551e-01 8.699269e-08 -9.716367e-03 1.130130e-05 2.061602e-09 -7.300994e-07
39.12          1.036704e-01 8.902984e-08 -1.004068e-02 1.036591e-01 8.757758e-08 -1.003993e-02 1.123450e-05 1.452259e-09 -7.466536e-07
39.13          8.557678e-02 8.616164e-08 -8.533460e-03 8.556600e-02 8.208643e-08 -8.532784e-03 1.077572e-05 4.075208e-09 -6.755613e-07
39.14          9.893875e-02 8.893180e-08 -1.014845e-02 9.892801e-02 8.508740e-08 -1.014776e-02 1.073677e-05 3.844406e-09 -6.901465e-07
39.15          1.074748e-01 9.453350e-08 -1.133199e-02 1.074641e-01 9.197312e-08 -1.133127e-02 1.076397e-05 2.560384e-09 -7.276413e-07
39.16          9.384789e-02 8.540166e-08 -1.016600e-02 9.383745e-02 8.377063e-08 -1.016527e-02 1.044534e-05 1.631029e-09 -7.353287e-07
39.17          1.118900e-01 9.773758e-08 -1.244136e-02 1.118796e-01 9.564132e-08 -1.244061e-02 1.038597e-05 2.096264e-09 -7.506865e-07
39.18          1.145642e-01 1.008251e-07 -1.306897e-02 1.145539e-01 9.900876e-08 -1.306819e-02 1.027518e-05 1.816314e-09 -7.785804e-07
39.19          1.019970e-01 9.612985e-08 -1.193049e-02 1.019871e-01 8.971633e-08 -1.192973e-02 9.885189e-06 6.413525e-09 -7.673941e-07
39.2           1.024738e-01 1.002791e-07 -1.228207e-02 1.024643e-01 9.206877e-08 -1.228130e-02 9.464395e-06 8.210332e-09 -7.658146e-07
39.21          1.200559e-01 1.121717e-07 -1.473524e-02 1.200465e-01 1.042021e-07 -1.473445e-02 9.429297e-06 7.969551e-09 -7.887819e-07
39.22          1.144775e-01 1.021057e-07 -1.438150e-02 1.144684e-01 9.164954e-08 -1.438072e-02 9.062408e-06 1.045618e-08 -7.740168e-07
39.23          1.131127e-01 1.047837e-07 -1.453639e-02 1.131038e-01 9.238453e-08 -1.453561e-02 8.845548e-06 1.239913e-08 -7.781338e-07
39.24          1.345806e-01 1.223825e-07 -1.768176e-02 1.345718e-01 1.121923e-07 -1.768096e-02 8.783683e-06 1.019023e-08 -8.010104e-07
39.25          1.104534e-01 1.081189e-07 -1.483008e-02 1.104451e-01 9.402188e-08 -1.482931e-02 8.297913e-06 1.409705e-08 -7.630907e-07
39.26          1.140608e-01 1.152394e-07 -1.564060e-02 1.140526e-01 9.863019e-08 -1.563984e-02 8.182435e-06 1.660925e-08 -7.650749e-07
39.27          1.339322e-01 1.256330e-07 -1.874666e-02 1.339240e-01 1.114755e-07 -1.874587e-02 8.200432e-06 1.415744e-08 -7.976760e-07
39.28          1.376374e-01 1.256700e-07 -1.965677e-02 1.376294e-01 1.117852e-07 -1.965597e-02 8.005970e-06 1.388482e-08 -7.948949e-07
39.29          1.149328e-01 1.169548e-07 -1.674049e-02 1.149253e-01 9.992257e-08 -1.673974e-02 7.562082e-06 1.703218e-08 -7.524610e-07
39.3           1.156082e-01 1.149232e-07 -1.716414e-02 1.156010e-01 9.335254e-08 -1.716345e-02 7.128926e-06 2.157066e-08 -6.812614e-07
39.31          1.296445e-01 1.325427e-07 -1.961055e-02 1.296376e-01 1.088302e-07 -1.960995e-02 6.926986e-06 2.371254e-08 -6.066949e-07
39.32          1.380344e-01 1.207989e-07 -2.126416e-02 1.380276e-01 9.889283e-08 -2.126355e-02 6.851695e-06 2.190606e-08 -6.008168e-07
39.33          1.321710e-01 1.193581e-07 -2.072676e-02 1.321644e-01 9.863511e-08 -2.072618e-02 6.657785e-06 2.072303e-08 -5.829427e-07
39.34          1.401550e-01 1.169263e-07 -2.236365e-02 1.401484e-01 9.822403e-08 -2.236305e-02 6.647956e-06 1.870228e-08 -6.016268e-07
39.35          1.428131e-01 1.190897e-07 -2.317765e-02 1.428066e-01 1.006961e-07 -2.317706e-02 6.425520e-06 1.839363e-08 -5.875427e-07
39.36          1.443987e-01 1.189059e-07 -2.382625e-02 1.443925e-01 1.004280e-07 -2.382567e-02 6.233874e-06 1.847791e-08 -5.784656e-07
39.37          1.496320e-01 1.215402e-07 -2.509162e-02 1.496259e-01 1.040236e-07 -2.509105e-02 6.100348e-06 1.751669e-08 -5.696189e-07
39.38          1.511483e-01 1.224345e-07 -2.574825e-02 1.511423e-01 1.056289e-07 -2.574769e-02 5.946668e-06 1.680561e-08 -5.556107e-07
39.39          1.578028e-01 1.263533e-07 -2.729723e-02 1.577970e-01 1.110471e-07 -2.729668e-02 5.862440e-06 1.530617e-08 -5.482527e-07
39.4           1.469063e-01 1.276332e-07 -2.579535e-02 1.469007e-01 1.120751e-07 -2.579483e-02 5.620413e-06 1.555817e-08 -5.194680e-07
39.41          1.471238e-01 1.307515e-07 -2.621236e-02 1.471185e-01 1.117023e-07 -2.621192e-02 5.270226e-06 1.904913e-08 -4.355848e-07
39.42          1.513846e-01 1.229120e-07 -2.735650e-02 1.513795e-01 1.043255e-07 -2.735608e-02 5.137840e-06 1.858649e-08 -4.135440e-07
39.43          1.456136e-01 1.235491e-07 -2.667935e-02 1.456087e-01 1.045590e-07 -2.667898e-02 4.909269e-06 1.899005e-08 -3.772760e-07
39.44          1.625314e-01 1.255299e-07 -3.018098e-02 1.625266e-01 1.076444e-07 -3.018062e-02 4.810657e-06 1.788546e-08 -3.583275e-07
39.45          1.647694e-01 1.183184e-07 -3.099898e-02 1.647647e-01 1.011286e-07 -3.099863e-02 4.730124e-06 1.718979e-08 -3.497994e-07
39.46          1.647283e-01 1.307427e-07 -3.138722e-02 1.647237e-01 1.155824e-07 -3.138688e-02 4.661449e-06 1.516026e-08 -3.404976e-07
39.47          1.732871e-01 1.357821e-07 -3.342753e-02 1.732824e-01 1.238848e-07 -3.342719e-02 4.696596e-06 1.189732e-08 -3.412328e-07
39.48          1.556686e-01 1.241527e-07 -3.039170e-02 1.556641e-01 1.126282e-07 -3.039138e-02 4.503294e-06 1.152448e-08 -3.220882e-07
39.49          1.628770e-01 1.278737e-07 -3.217142e-02 1.628727e-01 1.152727e-07 -3.217112e-02 4.304121e-06 1.260101e-08 -2.908772e-07
39.5           1.627178e-01 1.215576e-07 -3.250549e-02 1.627136e-01 1.083808e-07 -3.250522e-02 4.170258e-06 1.317675e-08 -2.659964e-07
39.51          1.714723e-01 1.379290e-07 -3.463211e-02 1.714683e-01 1.246074e-07 -3.463187e-02 4.053286e-06 1.332167e-08 -2.347229e-07
39.52          1.684714e-01 1.337724e-07 -3.439023e-02 1.684675e-01 1.200622e-07 -3.439003e-02 3.906329e-06 1.371025e-08 -1.983151e-07
39.53          1.582397e-01 1.358786e-07 -3.263660e-02 1.582360e-01 1.224932e-07 -3.263643e-02 3.753693e-06 1.338539e-08 -1.717439e-07
39.54          1.774699e-01 1.470091e-07 -3.696939e-02 1.774663e-01 1.351177e-07 -3.696926e-02 3.593266e-06 1.189140e-08 -1.254015e-07
39.55          1.557060e-01 1.409594e-07 -3.275088e-02 1.557026e-01 1.296543e-07 -3.275081e-02 3.430755e-06 1.130503e-08 -7.752838e-08
39.56          1.819606e-01 1.428081e-07 -3.863156e-02 1.819572e-01 1.326353e-07 -3.863153e-02 3.355245e-06 1.017274e-08 -3.716538e-08
39.57          1.735413e-01 1.402258e-07 -3.717839e-02 1.735381e-01 1.320151e-07 -3.717840e-02 3.224634e-06 8.210741e-09 1.096099e-08
39.58          1.736664e-01 1.355883e-07 -3.753014e-02 1.736632e-01 1.292775e-07 -3.753019e-02 3.160800e-06 6.310772e-09 5.379660e-08
39.59          1.656080e-01 1.175454e-07 -3.609019e-02 1.656050e-01 1.154435e-07 -3.609030e-02 3.024984e-06 2.101941e-09 1.098374e-07
39.6           1.700828e-01 1.204443e-07 -3.736516e-02 1.700799e-01 1.201883e-07 -3.736531e-02 2.942290e-06 2.560280e-10 1.538608e-07
39.61          1.714235e-01 1.252378e-07 -3.795289e-02 1.714206e-01 1.287940e-07 -3.795309e-02 2.834804e-06 -3.556250e-09 2.017865e-07
39.62          1.748323e-01 1.108985e-07 -3.899673e-02 1.748295e-01 1.184635e-07 -3.899697e-02 2.766553e-06 -7.564945e-09 2.416493e-07
39.63          1.671226e-01 1.024881e-07 -3.754435e-02 1.671199e-01 1.146250e-07 -3.754463e-02 2.694086e-06 -1.213691e-08 2.704642e-07
39.64          1.817982e-01 1.016775e-07 -4.112130e-02 1.817956e-01 1.195281e-07 -4.112161e-02 2.632980e-06 -1.785057e-08 3.109217e-07
39.65          1.800574e-01 8.966179e-08 -4.099495e-02 1.800548e-01 1.134035e-07 -4.099529e-02 2.577382e-06 -2.374167e-08 3.379711e-07
39.66          1.764203e-01 8.472450e-08 -4.041846e-02 1.764178e-01 1.149142e-07 -4.041881e-02 2.532207e-06 -3.018970e-08 3.550105e-07
39.67          1.747981e-01 7.583856e-08 -4.028541e-02 1.747956e-01 1.116625e-07 -4.028577e-02 2.500383e-06 -3.582394e-08 3.657665e-07
39.68          9.815398e-02 2.530166e-08 -2.275083e-02 9.815146e-02 6.817185e-08 -2.275116e-02 2.517905e-06 -4.287019e-08 3.285966e-07
39.69          2.493200e-01 8.487900e-08 -5.809511e-02 2.493176e-01 1.335165e-07 -5.809553e-02 2.444443e-06 -4.863750e-08 4.165622e-07
39.7           1.415589e-01 2.366181e-08 -3.315294e-02 1.415564e-01 7.873837e-08 -3.315337e-02 2.425208e-06 -5.507657e-08 4.316189e-07
39.71          2.175026e-01 5.359393e-08 -5.117987e-02 2.175002e-01 1.147143e-07 -5.118034e-02 2.371323e-06 -6.112032e-08 4.691068e-07
39.72          1.771605e-01 1.656608e-08 -4.187343e-02 1.771582e-01 8.384465e-08 -4.187394e-02 2.350912e-06 -6.727856e-08 5.079344e-07
39.73          1.956870e-01 3.197612e-08 -4.644398e-02 1.956847e-01 1.052596e-07 -4.644451e-02 2.300674e-06 -7.328349e-08 5.290689e-07
39.74          2.017949e-01 1.949906e-08 -4.807865e-02 2.017926e-01 9.840857e-08 -4.807919e-02 2.285961e-06 -7.890950e-08 5.416122e-07
39.75          1.884806e-01 1.196367e-08 -4.506618e-02 1.884783e-01 9.765779e-08 -4.506675e-02 2.249675e-06 -8.569413e-08 5.714567e-07
39.76          1.994131e-01 7.838850e-09 -4.783529e-02 1.994109e-01 9.974507e-08 -4.783589e-02 2.201051e-06 -9.190622e-08 5.948592e-07
39.77          2.033204e-01 1.102675e-08 -4.891706e-02 2.033182e-01 1.081353e-07 -4.891766e-02 2.182893e-06 -9.710851e-08 5.986785e-07
39.78          1.951202e-01 -5.211771e-09 -4.707007e-02 1.951180e-01 9.708193e-08 -4.707067e-02 2.192365e-06 -1.022937e-07 5.965906e-07
39.79          2.027319e-01 -8.893844e-09 -4.902291e-02 2.027297e-01 9.843205e-08 -4.902351e-02 2.164555e-06 -1.073259e-07 5.979926e-07
39.8           1.945158e-01 -2.006303e-08 -4.713467e-02 1.945136e-01 9.152270e-08 -4.713525e-02 2.169170e-06 -1.115857e-07 5.870387e-07
39.81          2.018327e-01 -2.866993e-08 -4.899571e-02 2.018305e-01 8.741977e-08 -4.899629e-02 2.191821e-06 -1.160897e-07 5.834252e-07
39.82          1.988133e-01 -3.051151e-08 -4.833576e-02 1.988111e-01 8.916134e-08 -4.833633e-02 2.190790e-06 -1.196729e-07 5.646395e-07
39.83          2.123100e-01 -1.945819e-08 -5.168021e-02 2.123079e-01 1.032940e-07 -5.168076e-02 2.145513e-06 -1.227522e-07 5.458420e-07
39.84          1.987694e-01 -3.643226e-08 -4.842956e-02 1.987673e-01 8.765178e-08 -4.843008e-02 2.148421e-06 -1.240840e-07 5.175932e-07
39.85          2.061378e-01 -6.570475e-08 -5.025742e-02 2.061355e-01 6.102499e-08 -5.025790e-02 2.280184e-06 -1.267297e-07 4.777542e-07
39.86          1.941011e-01 -7.455893e-08 -4.734023e-02 1.940988e-01 5.383940e-08 -4.734067e-02 2.379906e-06 -1.283983e-07 4.359132e-07
39.87          2.253390e-01 -6.751618e-08 -5.496305e-02 2.253366e-01 6.255515e-08 -5.496345e-02 2.473326e-06 -1.300713e-07 4.005533e-07
39.88          2.017089e-01 -7.412601e-08 -4.918990e-02 2.017064e-01 5.690285e-08 -4.919027e-02 2.539428e-06 -1.310289e-07 3.710789e-07
39.89          1.945527e-01 -1.108757e-07 -4.742206e-02 1.945499e-01 2.250623e-08 -4.742240e-02 2.733554e-06 -1.333819e-07 3.370203e-07
39.9           1.975735e-01 -1.107548e-07 -4.812118e-02 1.975706e-01 2.354366e-08 -4.812148e-02 2.896476e-06 -1.342985e-07 2.938566e-07
39.91          2.110391e-01 -8.524108e-08 -5.134619e-02 2.110362e-01 4.916708e-08 -5.134648e-02 2.943276e-06 -1.344082e-07 2.851983e-07
39.92          1.950844e-01 -6.943941e-08 -4.740064e-02 1.950815e-01 6.529610e-08 -4.740091e-02 2.905487e-06 -1.347355e-07 2.626883e-07
39.93          2.093411e-01 -1.155845e-07 -5.078136e-02 2.093380e-01 1.927999e-08 -5.078157e-02 3.113689e-06 -1.348644e-07 2.100451e-07
39.94          2.116337e-01 -8.795890e-08 -5.123858e-02 2.116305e-01 4.644435e-08 -5.123874e-02 3.168070e-06 -1.344033e-07 1.675990e-07
39.95          2.173401e-01 -9.787482e-08 -5.250378e-02 2.173368e-01 3.642943e-08 -5.250391e-02 3.286981e-06 -1.343042e-07 1.207773e-07
39.96          1.941416e-01 -1.778582e-07 -4.678295e-02 1.941378e-01 -3.951553e-08 -4.678297e-02 3.742314e-06 -1.383427e-07 2.489409e-08
39.97          2.198299e-01 -1.067297e-07 -5.282503e-02 2.198261e-01 3.073346e-08 -5.282503e-02 3.762039e-06 -1.374632e-07 -3.030625e-09
39.98          1.941391e-01 -1.527904e-07 -4.650857e-02 1.941351e-01 -1.361918e-08 -4.650851e-02 4.011486e-06 -1.391713e-07 -5.439684e-08
39.99          2.206752e-01 -9.397901e-08 -5.268674e-02 2.206712e-01 4.468804e-08 -5.268668e-02 3.970995e-06 -1.386671e-07 -6.474165e-08
40             2.132921e-01 -1.105051e-07 -5.073775e-02 2.132881e-01 2.827760e-08 -5.073763e-02 4.080018e-06 -1.387827e-07 -1.181431e-07
