*************************Generated by extractForces.sh*************************
*      Wed Oct 15 20:16:34 MDT 2025 - Case: 3D_RM6_4CPH_mid
* Note: Data was extracted from log.overInterDyMFoam using extractForces.sh
*       Can be visualized with plotForces.py
*******************************************************************************
Time X(x3) Force(x3) Moment(x3)
0.01              -92.4722 -0.00458791 6121.62              0.0662176 477.381 -0.190006
0.02              -77.6733 0.129208 5913.8              0.114945 -1.68695 -0.137487
0.03              42.2235 -0.0603362 5951.82              0.127343 114.105 -0.171445
0.04              -9.63176 -0.0456168 5987.12              0.0954615 363.369 -0.108352
0.05              -70.8107 -0.022224 5984.08              0.0821415 253.779 -0.0468138
0.06              5.54316 -0.0406 5978.08              0.115476 180.452 -0.213858
0.07              66.9978 0.00753207 5920.68              0.0415897 206.01 0.0824382
0.08              0.0227711 0.0456755 5974.77              0.0305834 231.459 0.103664
0.09              -10.997 0.0548922 5964.76              0.0346655 215.979 0.0950911
0.1              -47.4942 0.0670337 5980.93              0.0449561 240.901 0.09217
0.11              23.2393 0.0516002 5965.84              0.0484177 209.004 0.0850724
0.12              13.3825 0.0873896 5952.06              0.0513292 207.241 0.0724196
0.13              33.433 0.0402784 5961.55              0.0555108 197.084 0.0746027
0.14              17.4041 0.0483789 5955.4              0.0581984 205.001 0.0685304
0.15              27.5307 0.0385829 5958.48              0.0602361 196.934 0.06085
0.16              54.5821 0.0682202 5939.5              0.05289 181.379 0.0660825
0.17              -9.14235 0.0675538 5966.61              0.0635361 209.815 0.0643301
0.18              34.9978 0.0443317 5952.91              0.0556554 184.739 0.0583217
0.19              42.451 0.0492952 5944.82              0.0562595 178.857 0.0591779
0.2              32.8281 0.0373265 5958.21              0.055734 180.303 0.0644907
0.21              36.0722 0.0630703 5949.08              0.0540966 178.084 0.0568162
0.22              43.8038 0.22568 5935.68              -0.0125666 165.757 0.0678831
0.23              -19.81 -0.0148178 5982.31              0.0841804 196.381 0.0809183
0.24              2.30919 0.0456222 5946.61              0.0654633 179.606 0.0771403
0.25              -8.68114 0.0869155 5970.32              0.0547878 183.172 0.0946293
0.26              52.8703 0.0545261 5939.92              0.0525964 156.286 0.0841632
0.27              2.81268 0.0669585 5941.14              0.053347 167.874 0.0943996
0.28              26.4875 0.0359909 5964.18              0.0458955 156.064 0.0827266
0.29              12.9118 -0.0260888 5919.91              0.0395947 154.806 0.101521
0.3              48.2243 0.0412575 5947.59              0.0323707 138.06 0.0852505
0.31              28.2539 0.0284296 5923.66              0.0389225 144.006 0.0894993
0.32              3.43038 0.0447694 5922.18              0.0345057 144.407 0.0871863
0.33              60.9515 0.0715897 5960.85              0.0337086 123.509 0.102699
0.34              28.2462 0.0562455 5885.05              0.0321 127.797 0.0945774
0.35              53.6375 0.0763653 5993.51              0.0287981 119.594 0.0858444
0.36              -11.3922 -0.876845 5828.43              0.47954 126.3 0.109193
0.37              89.1285 -0.403179 6213.21              0.186701 114.452 0.02251
0.38              -14.7949 0.0502613 5714.54              -0.00235926 112.968 0.0923614
0.39              111.271 0.0354481 6086.33              0.00888226 68.3471 0.0737794
0.4              -26.4894 -0.0470957 5864.77              0.0429767 125.844 0.0687401
0.41              -2.8228 0.0573634 5924.09              -0.00473178 111.973 0.0832841
0.42              58.2286 0.851594 5956.83              -0.40185 76.3577 0.0770694
0.43              -36.3138 0.163638 5873.09              -0.0286623 117.746 0.08008
0.44              14.8705 0.136229 5935.92              -0.0341112 82.8835 0.0794637
0.45              64.5647 -0.393552 5965.28              0.060133 75.4035 0.0281299
0.46              19.1516 -0.0617422 5806.93              -0.0037091 71.1288 0.0900874
0.47              81.4156 -0.142429 6021.27              0.010903 47.9103 0.0734182
0.48              -22.4896 -0.247126 5846.21              0.0270346 67.2244 0.0272569
0.49              54.8198 -0.465084 5851.37              0.0103768 47.6238 0.154247
0.5              42.4208 -0.276146 6050.91              0.0407151 56.6921 0.111469
0.51              -16.5478 -0.0959584 5771.75              -0.00660925 66.0368 0.0868895
0.52              59.8102 -0.384901 6010.21              0.0778339 18.5023 0.0953873
0.53              1.60531 0.0666022 5826.55              -0.0206419 46.2418 0.111574
0.54              78.0661 -0.13214 5889.98              -0.00860719 18.2175 0.167354
0.55              19.5151 0.026315 5921.62              -0.0436245 29.2071 0.176613
0.56              1.14128 0.0204729 5807.82              -0.0641912 21.9074 0.215835
0.57              43.6493 -0.0559311 6020.69              -0.0421319 25.1626 0.193009
0.58              -9.97037 -0.336874 5896.06              0.017328 29.6819 0.13533
0.59              18.4781 -0.19856 5820.3              -0.0182874 7.74414 0.152462
0.6              92.2883 -0.208149 6020.41              0.00237841 -11.9521 0.157234
0.61              -54.9385 -0.0560948 5760.74              -0.0491551 31.0343 0.175936
0.62              71.5866 -0.855703 5914.95              0.339557 -47.2856 -0.212059
0.63              -21.4533 0.0428449 5906.77              -0.102526 16.7152 0.062351
0.64              14.394 -0.104169 5867.34              -0.0810372 5.6889 0.10526
0.65              25.5808 0.0938224 5967.81              -0.113773 -15.8371 0.120148
0.66              44.8354 0.0191447 5846.3              -0.103995 -28.8321 0.104809
0.67              10.7051 0.0504047 5901.22              -0.0997545 -12.5484 0.0873495
0.68              29.0447 0.0163988 5878.7              -0.0842821 -31.5072 0.0688865
0.69              -1.85321 0.00831344 5895.09              -0.0803976 -10.5876 0.0402682
0.7              18.6544 -0.180675 5903.89              -0.037805 -25.3849 -0.011117
0.71              -8.34363 -0.183321 5777.44              0.149764 -42.4119 0.00193077
0.72              -13.7153 0.455483 5866.76              -0.132859 -12.742 0.0264379
0.73              43.2083 -0.39583 6096.05              0.101963 -31.4075 -0.0894965
0.74              -52.2008 0.0415134 5723.73              -0.0861323 -30.1403 0.0421037
0.75              79.0989 0.651806 5841.18              -0.303644 -83.0969 0.162137
0.76              -5.60837 -0.00383612 5906.75              -0.0841251 -32.8499 0.00607928
0.77              -91.9326 -0.143084 5668.38              -0.0557285 -12.5245 -0.0013501
0.78              114.093 -0.034395 6017.8              -0.0907554 -95.0275 0.00704139
0.79              -46.7064 0.0190283 5796.11              -0.0826243 -41.9805 0.0050019
0.8              92.7838 -0.957869 6323.95              0.169588 -51.3283 -0.143159
0.81              36.1692 -0.485868 5901.54              0.0187479 -72.7484 -0.0421015
0.82              -20.2688 0.724792 5549.63              -0.355889 -88.8082 0.191196
0.83              102.412 0.0546433 6071.88              -0.148891 -90.721 0.0476681
0.84              -52.2189 0.156837 5634.48              -0.130462 -55.3926 0.0419358
0.85              98.8444 -0.0978566 5996.65              -0.101363 -103.053 0.00309746
0.86              -52.9754 0.268121 5812.57              -0.187708 -60.8318 0.0631524
0.87              3.72439 1.65724 5813.85              -0.882046 -74.8316 0.601546
0.88              50.2731 0.422189 5981.05              -0.187583 -89.2344 0.0999218
0.89              -21.549 0.151291 5727.75              -0.137514 -69.1029 0.0707629
0.9              35.7087 0.109508 5950.94              -0.123246 -98.1685 0.038327
0.91              -5.38761 -0.32331 5797.36              0.00241972 -91.7701 -0.0205812
0.92              -5.31811 -0.0960187 5865.56              -0.0853897 -77.2672 -0.00887366
0.93              18.2867 0.176301 5882.75              -0.118713 -93.5405 0.0282087
0.94              -37.4471 0.0291806 5833.34              -0.0866394 -74.6155 -0.0148173
0.95              32.3528 0.0193699 5876.85              -0.0716267 -107.166 -0.0127788
0.96              -9.04331 -0.0186672 5835.33              -0.102923 -97.6429 -0.0325214
0.97              9.76655 -0.0189283 5857.05              -0.0634961 -103.288 -0.0285813
0.98              10.5298 -0.0251757 5850.36              -0.0612721 -95.7942 -0.0496792
0.99              -6.18656 0.193781 5836.38              -0.110952 -97.7965 0.0208926
1              26.3558 0.0410512 5894.77              -0.0582189 -113.869 -0.00596886
1.01              -18.4772 -0.0369643 5809.86              -0.0584113 -94.9186 -0.0428901
1.02              51.092 -0.00160944 5846.85              -0.04455 -124.898 -0.0304735
1.03              26.4987 0.0281279 5840.26              -0.053917 -116.978 -0.0192804
1.04              -5.64958 -0.0520762 5824.61              -0.0531326 -106.608 -0.0373106
1.05              -21.0789 0.0614298 5887.86              -0.0631631 -94.677 -0.00196549
1.06              -1.94955 -0.0567842 5818.8              -0.0424449 -110.939 -0.0245248
1.07              -15.5803 0.217364 5865.22              -0.103206 -101.903 0.0960262
1.08              0.834719 0.0363727 5826.45              -0.0579363 -111.291 0.0140428
1.09              -5.13907 0.116802 5853.91              -0.0540625 -108.401 0.00123373
1.1              23.6621 0.099863 5868.74              -0.0666992 -119.96 -0.00193748
1.11              109.694 0.422112 6334.71              -0.116336 -125.093 0.206252
1.12              -153.132 -0.34652 5329.75              0.0564476 -81.3475 -0.199054
1.13              -74.0729 0.227793 5671.11              -0.143507 -96.8984 -0.0370598
1.14              87.9933 0.0294081 5989.3              -0.0416371 -134.674 -0.0364318
1.15              -75.5822 0.0838007 5762.65              -0.0285484 -88.9385 -0.00957034
1.16              18.7115 -0.0100342 5899.42              -0.0269023 -115.295 -0.0214193
1.17              -13.632 0.0748126 5899.75              -0.0188825 -104.033 -0.0205858
1.18              42.27 0.181918 5982.1              -0.03999 -121.639 0.0244345
1.19              54.0961 -0.206385 5887.49              0.0398464 -134.224 -0.11024
1.2              58.1664 0.387052 6131.85              -0.0761093 -118.514 0.0799914
1.21              -101.014 -0.357187 5524.07              0.0930677 -86.5155 -0.164091
1.22              43.5435 0.245021 6062.54              0.166455 -112.635 0.102945
1.23              -41.1615 -0.302786 5652.8              0.0738703 -100.47 -0.116322
1.24              19.9982 0.275902 6042.45              -0.00300555 -119.016 0.0688826
1.25              -27.2696 -0.383251 5671.52              0.0767908 -92.4292 -0.132598
1.26              57.0565 0.261205 6012.46              0.00063578 -115.584 0.036897
1.27              -46.3438 -0.356285 5694.27              0.0725673 -94.9372 -0.129342
1.28              35.6064 0.238371 6015.13              0.00529723 -108.913 0.0324553
1.29              -40.8128 -0.388606 5694.28              0.0741789 -86.8128 -0.110518
1.3              28.4157 0.178627 6012.88              -0.00336592 -115.457 0.0139843
1.31              -41.0159 -0.338435 5683.88              0.0868709 -75.0041 -0.125825
1.32              23.6045 0.165548 5983.99              0.0212865 -97.6281 0.019329
1.33              -40.2346 -0.308123 5729.62              0.0862361 -80.5962 -0.11152
1.34              27.1067 0.14844 5947.29              0.0331258 -96.7829 0.0279406
1.35              9.78975 -0.349015 5844.03              0.104581 -87.3223 -0.120769
1.36              -5.61458 -0.154505 5880.23              0.0543238 -81.4519 -0.0408639
1.37              -6.82222 -0.126191 5829.61              0.052196 -79.3612 -0.0388508
1.38              -11.9179 -0.141197 5892.9              0.0597349 -69.5842 -0.0381518
1.39              12.4426 -0.107979 5808.93              0.0494835 -82.6221 -0.0325212
1.4              10.0085 -0.10548 5864.13              0.0582419 -75.202 -0.0321572
1.41              0.854683 -0.114859 5856.31              0.0646873 -67.9655 -0.0277434
1.42              -33.6873 -0.115123 5855.85              0.0640575 -47.6866 -0.0283106
1.43              29.0733 -0.104831 5860.3              0.0665839 -75.3091 -0.0276283
1.44              -10.7617 -0.0994226 5845.46              0.0632813 -53.7452 -0.0259683
1.45              -14.9574 -0.104425 5873.36              0.0615665 -45.367 -0.0243781
1.46              1.99338 -0.100346 5858.37              0.0663538 -50.2288 -0.0230245
1.47              37.8839 -0.0986357 5835.26              0.0690008 -62.7285 -0.0219409
1.48              5.03121 -0.0494998 5874.11              0.0725929 -42.665 -0.0247178
1.49              -25.2142 -0.0356553 5866.13              0.0801566 -25.9227 -0.0352328
1.5              12.0533 -0.0491843 5867.66              0.0782039 -36.6395 -0.0247472
1.51              2.57508 -0.0927817 5866.98              0.086706 -28.15 -0.0226542
1.52              34.2014 -0.077762 5849.84              0.0827772 -39.6632 -0.0251299
1.53              -9.32523 -0.0494514 5873              0.0709208 -2.91279 -0.0179651
1.54              13.7101 -0.0954077 5873.9              0.0923812 -27.7076 -0.035345
1.55              -1.88869 -0.0685432 5869.73              0.0937358 -10.5689 -0.0271718
1.56              14.2116 -0.00980526 5876.57              0.0924371 -8.70246 -0.0401894
1.57              36.7309 -0.0900902 5860.11              0.0848617 -17.2123 -0.0404648
1.58              6.86881 0.488218 5887.84              -0.0928318 4.40966 -0.0267164
1.59              7.7912 0.0259949 5869.27              0.0926069 2.85545 -0.0455912
1.6              25.5108 -0.00993578 5881.27              0.0915624 2.60152 -0.0463642
1.61              23.6087 0.0503401 5871.14              0.0902034 7.47759 -0.0619644
1.62              8.69462 -0.0193615 5882.64              0.0946734 16.5265 -0.0511207
1.63              14.9392 -0.140945 5869.93              0.102624 19.033 -0.0635557
1.64              24.0673 0.00983541 5895.26              0.105285 24.1741 -0.0367854
1.65              -2.74576 -0.0444565 5876.76              0.0844432 36.7887 -0.0512806
1.66              16.4407 -0.00320855 5888.03              0.0915201 34.4632 -0.0577944
1.67              23.4441 -0.0195402 5876.41              0.1031 42.8076 -0.0642117
1.68              99.9414 0.469024 6170.9              0.0420762 37.0655 0.0230287
1.69              -79.9371 -0.460863 5596.07              0.196169 54.1709 -0.162363
1.7              5.61897 -0.062626 5783.42              0.107342 64.0379 -0.040808
1.71              37.4067 -0.32998 5914.49              0.137748 35.1306 -0.124629
1.72              50.2892 0.0292549 5892.13              0.0800351 54.5506 -0.0508224
1.73              25.1994 0.0694466 5855.63              0.0941844 66.4721 -0.073849
1.74              9.65203 0.0374224 5945.82              0.0830723 77.8145 -0.0683479
1.75              5.58409 0.110563 5842.86              0.0863931 79.7669 -0.0770102
1.76              15.8651 0.121611 5931.8              0.087425 86.6236 -0.0890096
1.77              28.5355 0.0680138 5880.94              0.0899548 83.361 -0.119925
1.78              24.3993 0.21125 5889.89              0.087364 91.4205 -0.0765401
1.79              9.87476 0.226329 5934.15              0.0857406 106.471 -0.0994288
1.8              5.66958 0.197947 5872.47              0.0863681 106.019 -0.109194
1.81              37.4786 0.192158 5920.43              0.087263 102.215 -0.108928
1.82              14.7261 0.0289455 5843.4              0.0969733 105.377 -0.132727
1.83              18.1354 0.256434 5981.65              0.0750696 131.846 -0.103572
1.84              3.78245 0.248948 5861.06              0.0796086 128.453 -0.121445
1.85              5.00199 0.306503 5940.62              0.0842881 138.136 -0.0956883
1.86              24.3021 0.16246 5904.3              0.0707065 131.514 -0.165752
1.87              13.8173 0.126264 5844.27              0.0972192 131.069 -0.142157
1.88              57.9379 0.193602 5969.59              0.0860673 136.908 -0.136331
1.89              1.56167 0.205444 5846.19              0.0745031 154.036 -0.148914
1.9              47.0062 -0.163531 5935.27              0.231957 145.506 -0.279872
1.91              23.7585 0.198565 5897.3              0.0807007 165.134 -0.17037
1.92              58.5595 0.156515 5876.83              0.0769062 141.759 -0.152037
1.93              41.4457 0.232478 5931.9              0.0680934 160.889 -0.146948
1.94              2.80364 0.256144 5895.27              0.0581926 183.806 -0.146872
1.95              37.6479 0.32461 5924.48              0.0435713 172.21 -0.143676
1.96              36.9468 0.319325 5907.07              0.0495202 177.375 -0.134862
1.97              14.5477 0.319219 5914.03              0.0398237 192.084 -0.133257
1.98              38.0921 0.316891 5931.37              0.0342101 187.889 -0.129461
1.99              18.1967 0.340659 5904.4              0.0346222 199.242 -0.129173
2              2.07548 0.357775 5957.1              0.028761 215.15 -0.112828
2.01              32.5407 0.348085 5899.27              0.0325836 203.201 -0.118845
2.02              44.9882 0.326055 5927.68              0.0361823 205.371 -0.118786
2.03              62.3246 0.355873 5904.11              0.0239731 199.349 -0.114175
2.04              26.383 0.37191 5924.7              0.0142602 223.113 -0.0952766
2.05              37.4954 0.348868 5919.6              0.0229284 237.177 -0.102955
2.06              30.163 0.346092 5929.47              0.0176111 219.816 -0.101749
2.07              45.7115 0.346236 5915.9              0.0164357 224.447 -0.0965439
2.08              39.3855 0.188961 5930.74              0.0404619 238.587 -0.103443
2.09              19.7135 0.278161 5933.62              0.0239691 247.3 -0.0927008
2.1              42.6507 0.28913 5923.52              0.01722 240.477 -0.0780824
2.11              46.9308 0.304326 5926.44              0.00970514 244.785 -0.0487417
2.12              20.852 0.306361 5935.15              6.65301e-05 260.521 -0.0153652
2.13              39.6989 0.322381 5930.86              -0.00543171 256.04 -0.00197972
2.14              34.9688 0.319797 5931.06              -0.0104587 262.984 -0.00562149
2.15              41.2384 0.318757 5938.59              -0.0180117 264.455 -0.0158214
2.16              47.7928 0.330205 5926.11              -0.0186881 265.124 -0.0206071
2.17              76.2664 0.345832 5919.17              -0.0296836 256.294 -0.00734277
2.18              47.6748 0.330392 5929.68              -0.0321578 273.153 -0.0118691
2.19              40.0565 0.300732 5933.27              -0.0427359 281.052 -0.0179667
2.2              38.0913 0.312622 5935.35              -0.0389656 285.428 -0.00555954
2.21              44.5648 0.331043 5935.32              -0.057786 289.384 -0.00116304
2.22              80.0356 0.306633 5915.1              -0.0543459 272.367 0.0022823
2.23              41.4015 0.257777 5928.28              -0.0624534 299.122 -0.0251394
2.24              41.6582 0.305045 5940.7              -0.0582753 299.054 0.00826174
2.25              10.3902 0.296141 5943.61              -0.0524167 314.605 0.0122408
2.26              51.721 0.257557 5933.75              -0.0648439 301.52 0.00100685
2.27              40.3085 0.37908 5931.33              -0.0929495 308.134 0.0242259
2.28              34.2714 0.268218 5939.82              -0.0668498 316.112 0.0182859
2.29              9.69563 0.267189 5956.31              -0.0670573 328.699 0.0345059
2.3              71.802 0.259947 5919.92              -0.0679134 303.684 0.0401785
2.31              59.4979 0.238727 5932.75              -0.0660255 313.243 0.0387855
2.32              30.1985 0.245423 5940.77              -0.0704082 328.473 0.0519444
2.33              22.7901 0.22337 5946.33              -0.0766195 334.558 0.0714867
2.34              43.6512 0.237619 5937.34              -0.079123 328.462 0.0784481
2.35              32.5671 0.200257 5938.92              -0.0846623 335.531 0.0742686
2.36              62.0282 0.212077 5932.38              -0.0819634 324.326 0.0716243
2.37              41.9495 0.223265 5938.15              -0.0856924 334.617 0.072982
2.38              38.5787 0.2004 5935.77              -0.0838513 340.625 0.0640213
2.39              31.224 0.193492 5947.09              -0.0851377 346.067 0.0596709
2.4              37.841 0.176614 5934.55              -0.0836624 344.303 0.059325
2.41              26.8978 0.153502 5947.33              -0.0828233 352.164 0.0546914
2.42              44.7524 0.525532 5930.31              -0.250126 349.657 0.192664
2.43              43.558 0.220069 5939.13              -0.0885234 346.577 0.0907282
2.44              49.1928 0.182432 5930.21              -0.0844578 346.74 0.0880347
2.45              41.5469 0.179762 5937.28              -0.0806176 353.213 0.100492
2.46              57.209 0.12178 5931.07              -0.0829869 347.882 0.0825619
2.47              27.5941 0.141087 5940.62              -0.0806251 360.201 0.092283
2.48              52.6769 0.128553 5932.71              -0.0783159 351.65 0.0892581
2.49              40.4298 0.133366 5931.9              -0.0760153 360.016 0.0985065
2.5              67.411 0.142387 5924.5              -0.0796055 347.096 0.102202
2.51              47.5944 0.0862136 5927.99              -0.0710696 356.883 0.0853554
2.52              43.1924 0.0589958 5933.65              -0.0686654 360.138 0.0725268
2.53              57.4927 0.0638576 5919.04              -0.0614556 357.48 0.0663168
2.54              39.6774 0.0597357 5936.96              -0.0593797 362.409 0.0645306
2.55              45.4626 0.0339284 5926.43              -0.0655903 359.913 0.0540817
2.56              33.3962 0.0388625 5932.15              -0.0629086 368.083 0.0525975
2.57              44.1762 0.012575 5928.09              -0.0721691 363.874 0.0430133
2.58              7.5068 0.016419 5944.12              -0.0654013 378.178 0.0483179
2.59              24.0444 0.0559161 5932.14              -0.0683747 372.419 0.0561468
2.6              49.6507 0.0552178 5924.76              -0.0629757 361.2 0.0560105
2.61              31.0568 0.0473932 5930.7              -0.0638529 368.541 0.0476128
2.62              47.4165 0.106102 6061.61              -0.0809525 365.607 0.0686124
2.63              23.286 -0.0406322 5805.04              -0.0429357 370.255 0.0202489
2.64              36.5804 -0.0256825 5943.52              -0.0574825 365.653 0.0540897
2.65              40.2122 -0.00594897 5924.82              -0.0588983 364.099 0.0519464
2.66              19.1226 0.00896438 5912.31              -0.0571541 373.042 0.0486473
2.67              41.6181 0.0305563 5931.34              -0.0613223 364.675 0.0495603
2.68              19.9691 0.0116292 5912.96              -0.0544386 367.7 0.0485844
2.69              28.8944 -0.01144 5931.23              -0.0459099 370.365 0.0450585
2.7              36.7082 -0.0477944 5910.74              -0.0399874 364.049 0.0412904
2.71              37.1361 -0.0101779 5940.57              -0.0370448 364.069 0.0486054
2.72              38.3475 -0.000330372 5906.38              -0.0311875 360.72 0.0388642
2.73              15.9569 -0.0452379 5915.91              -0.030018 370.63 0.0499736
2.74              20.5743 -0.0425919 5901.2              -0.0240472 366.064 0.0476627
2.75              33.2735 -0.0547641 5925.33              -0.0222303 361.821 0.049241
2.76              29.2423 -0.0813038 5878.8              -0.00509611 359.219 0.0349737
2.77              14.5773 -0.0684063 5930.06              -0.00818958 367.095 0.0351621
2.78              27.8774 -0.0822254 5895.89              0.000392364 358.273 0.0292415
2.79              39.9342 -0.113125 5896.8              0.0129082 350.113 0.00539109
2.8              64.7387 -0.110365 5981.78              0.00513056 348.044 0.0261726
2.81              -10.2669 -0.138992 5791.98              0.00363349 355.78 0.00641929
2.82              29.0457 -0.565999 5907.62              0.228406 356.153 0.0240637
2.83              31.4474 -0.126089 5901.83              0.0216466 352.811 0.0142541
2.84              7.78609 -0.142818 5897.6              0.0267084 357.695 0.00431335
2.85              40.9223 -0.155036 5895.75              0.0307249 344.391 -0.00928025
2.86              28.9528 -0.19334 5895.85              0.0461901 348.671 0.00344442
2.87              27.1316 -0.174603 5888.12              0.0425652 344.081 -0.00743308
2.88              12.1813 -0.116877 5897.78              0.00825 347.796 -0.0112049
2.89              34.8637 -0.171759 5889.28              0.0294758 340.381 -0.0084827
2.9              18.7401 -0.187743 5886.33              0.0419102 343.123 -0.0167099
2.91              25.2598 -0.158937 5899.78              0.042266 340.193 -0.0289237
2.92              41.2379 -0.254677 5865.13              0.0662933 325.855 -0.0145043
2.93              20.5572 -0.182022 5890.66              0.053837 338.031 -0.0484818
2.94              22.8702 -0.210082 5885.61              0.0627235 335.429 -0.0419546
2.95              12.5308 -0.240349 5880.53              0.0707301 335.586 -0.050003
2.96              23.0268 -0.253704 5883.81              0.0716009 328.606 -0.064027
2.97              13.8625 -0.259623 5885.19              0.0855113 332.931 -0.0569455
2.98              -6.25987 -0.148473 5947.35              0.0851729 355.565 -0.0406288
2.99              1.01349 -0.201918 5840.32              0.0844997 328.043 -0.0555779
3              47.1149 0.427506 5914.27              -0.24278 312.465 -0.0690858
3.01              11.9484 -0.18344 5859.23              0.0642733 325.673 -0.0750603
3.02              46.577 -0.182914 5876.19              0.0651926 310.235 -0.0789052
3.03              18.8333 -0.188316 5882.81              0.0717582 318.442 -0.0830848
3.04              20.7581 -0.189503 5836.5              0.0908413 307.625 -0.0942374
3.05              32.8247 -0.21627 5897.31              0.0933373 310.786 -0.0965123
3.06              33.7604 -0.256988 5835.75              0.0856592 301.68 -0.0908391
3.07              23.3246 -0.278094 5870              0.104257 302.725 -0.0989907
3.08              19.952 0.113644 6001.91              -0.012252 347.546 -0.0191119
3.09              -14.7237 -0.0985313 5756.49              0.0629947 301.517 -0.0573655
3.1              64.586 -0.0957569 5975.27              0.0834006 287.133 -0.0585881
3.11              -5.00224 -0.120057 5803.08              0.0815327 314.765 -0.0710361
3.12              5.94531 -0.0933796 5889.78              0.0907028 306.26 -0.0848005
3.13              41.0681 -0.120843 5897.36              0.0998464 289.957 -0.0770825
3.14              4.9021 -0.236576 5798.22              0.135031 294.542 -0.0832543
3.15              24.8206 0.229688 5908.34              0.0204333 295.139 -0.0810798
3.16              6.78105 -0.17844 5819.77              0.136554 290.321 -0.105453
3.17              13.4292 -0.188544 5861.56              0.149358 285.32 -0.111367
3.18              18.1039 0.0146323 5871.39              0.0932655 291.736 -0.0855434
3.19              -4.83886 -0.242142 5812.91              0.172137 284.456 -0.12266
3.2              17.4092 -0.586856 5756.74              0.29582 232.66 -0.206184
3.21              43.4283 -0.383251 5930.93              0.208707 284.584 -0.147716
3.22              -27.3176 -0.310218 5752.1              0.193942 292.983 -0.126973
3.23              69.9239 -0.00868656 6137.03              0.0806612 301.479 -0.0433603
3.24              -22.3271 -0.315776 5657.09              0.209152 253.733 -0.11543
3.25              45.7302 0.0687284 5997.81              0.10291 285.494 -0.0635235
3.26              -3.77944 -0.202725 5783.06              0.16627 257.598 -0.114079
3.27              5.91629 -0.164469 5818.23              0.15667 278.993 -0.114133
3.28              34.7455 -0.245659 5861.8              0.193612 256.433 -0.130492
3.29              -16.6666 -0.185461 5825.87              0.165727 278.473 -0.118653
3.3              8.42856 -0.20344 5848.66              0.179408 263.995 -0.141743
3.31              10.3989 -0.156433 5841.13              0.16336 266.164 -0.132224
3.32              15.1885 -0.136527 5800.35              0.168065 254.343 -0.154366
3.33              38.7439 -0.0571045 5860.53              0.14593 254.146 -0.126346
3.34              -8.87282 -0.142299 5795.41              0.167038 259.83 -0.166857
3.35              5.66233 -0.178466 5860.94              0.172185 260.666 -0.160198
3.36              5.68646 -0.158122 5815.02              0.162962 254.008 -0.161654
3.37              10.3913 -0.153653 5833.84              0.156328 255.709 -0.167804
3.38              6.70014 -0.0966991 5834.91              0.132664 254.433 -0.165135
3.39              9.58224 -0.0943919 5821.22              0.154522 252.246 -0.16009
3.4              10.4672 -0.112469 5830.08              0.158486 246.788 -0.163489
3.41              8.17851 -0.10941 5846.07              0.147449 256.763 -0.169091
3.42              3.9804 -0.0909512 5820.61              0.150519 251.321 -0.170777
3.43              17.8373 -0.10521 5828.92              0.146141 245.502 -0.160592
3.44              7.25224 -0.109214 5817.73              0.152104 245.842 -0.165032
3.45              12.5131 -0.0735924 5837.74              0.144651 249.261 -0.156671
3.46              7.35566 -0.0615288 5822.06              0.140266 247.624 -0.15469
3.47              19.2335 0.0138521 5825.98              0.133895 242.719 -0.149713
3.48              0.764014 -0.56717 5835.86              0.376217 245.523 -0.352829
3.49              1.63948 -0.231689 5774.01              0.15018 241.156 -0.150466
3.5              27.0504 -0.101728 5879.1              0.139429 246.202 -0.160953
3.51              -15.2265 -0.0587035 5783.2              0.134217 251.094 -0.146088
3.52              54.3314 0.0619343 5839.31              0.126274 228.8 -0.142042
3.53              7.10923 0.0573353 5819.58              0.116157 245.345 -0.14208
3.54              -4.51113 0.0843139 5825.98              0.102959 252.132 -0.120301
3.55              -12.1935 0.0898119 5857              0.105643 254.313 -0.118826
3.56              9.88315 0.186594 5880.05              0.0846495 252.971 -0.104158
3.57              -0.673296 0.163645 5792.2              0.0808674 244.615 -0.107524
3.58              37.2849 0.175607 5871.66              0.0811491 237.195 -0.0958557
3.59              -6.60318 0.191273 5810.87              0.0765497 249.289 -0.0956555
3.6              18.5128 0.202575 5840.61              0.0741165 242.643 -0.0886645
3.61              16.0269 0.234715 5834.22              0.0626083 242.698 -0.0790348
3.62              3.91454 0.223816 5819.74              0.0458904 246.87 -0.0723737
3.63              18.1338 0.21743 5847.24              0.058257 243.654 -0.0695111
3.64              4.07337 0.224246 5821.02              0.060446 247.163 -0.0704711
3.65              13.7532 0.135596 5783.66              0.0744836 244.552 -0.0869094
3.66              19.4942 0.164519 5890.55              0.0717511 247.115 -0.0706297
3.67              -1.56644 0.212973 5782.67              0.0620313 247.172 -0.0667979
3.68              33.9324 0.276607 5877.52              0.053554 242.704 -0.0504954
3.69              4.48879 0.271394 5809.99              0.042812 248.39 -0.0482175
3.7              6.51954 0.280536 5821.52              0.0431931 250.182 -0.0533604
3.71              25.6207 0.331294 5885.35              0.0304056 246.536 -0.0449284
3.72              1.32697 0.314271 5805              0.0269182 251.293 -0.0451069
3.73              23.7039 0.338474 5867.05              0.0235192 248.344 -0.0339396
3.74              19.1278 0.320649 5823.36              0.0258808 247.798 -0.0406538
3.75              11.0156 0.331338 5837.96              0.0251952 252.649 -0.0403302
3.76              23.7133 0.321766 5854.96              0.0167526 252.679 -0.0371801
3.77              4.7541 0.340998 5825.42              0.0112803 254.518 -0.0306879
3.78              15.9043 0.346921 5864.23              0.00664273 251.084 -0.0302549
3.79              5.43312 0.377677 5839.15              -0.00937097 259.127 -0.0257124
3.8              14.8352 0.359529 5841.97              -0.000670207 259.237 -0.0222548
3.81              7.54968 0.367001 5857.42              -0.0090988 261.225 -0.0152732
3.82              -2.53419 0.373488 5843.01              -0.0115565 265.379 -0.0199415
3.83              10.098 0.381616 5862.23              -0.0115723 264.453 -0.0186363
3.84              7.09952 0.385402 5845.88              -0.0155758 265.171 -0.00874706
3.85              0.438332 0.911889 5858.79              -0.22012 269.039 0.187376
3.86              4.09586 0.477398 5857.89              -0.0302632 270.079 0.0205506
3.87              17.3965 0.438487 5846.19              -0.02673 265.56 0.0108557
3.88              12.8896 0.419796 5856.93              -0.0256168 269.375 0.00774651
3.89              -13.7027 0.425041 5868.75              -0.0313702 282.047 0.0140519
3.9              30.5806 0.443196 5860.93              -0.0395128 264.537 0.0265514
3.91              13.0623 0.434864 5861.75              -0.04246 273.914 0.0301174
3.92              18.6641 -0.282695 5877.04              0.313927 268.432 -0.217459
3.93              10.0117 0.312811 5851.66              -0.0420086 281.42 0.00962632
3.94              18.797 0.379537 5873.54              -0.0532494 278.291 0.0264676
3.95              3.18893 0.381856 5865.76              -0.068407 283.65 0.0354015
3.96              10.2498 0.379411 5874.6              -0.0753848 284.62 0.0514434
3.97              16.3337 0.396386 5859.84              -0.0809215 283.182 0.0532195
3.98              15.3031 0.41257 5873.1              -0.085226 285.756 0.0667923
3.99              12.0613 0.415739 5866.17              -0.093485 288.308 0.064572
4              8.56209 0.436349 5875.91              -0.0969235 292.122 0.0779283
4.01              8.73003 0.388335 5876.03              -0.108782 294.192 0.084381
4.02              12.2854 0.393177 5870.8              -0.112259 294.142 0.0939401
4.03              25.8856 0.392679 5871.94              -0.115647 290.701 0.0948864
4.04              16.4327 0.378192 5872.72              -0.120762 296.658 0.0960126
4.05              11.7881 0.385309 5878.88              -0.122841 300.931 0.105585
4.06              6.50108 0.30404 5827.51              -0.121996 299.496 0.0866525
4.07              28.4343 0.334892 5931.93              -0.123337 302.555 0.0997644
4.08              -12.8013 0.304369 5834.96              -0.128826 312.737 0.0999748
4.09              21.5098 0.328852 5895.87              -0.130468 305.413 0.113469
4.1              16.0539 0.32546 5880.18              -0.135551 311.191 0.112976
4.11              8.25871 0.292383 5867.67              -0.141755 312.981 0.115973
4.12              26.0931 0.302946 5894.6              -0.143125 308.652 0.122236
4.13              5.99369 0.298577 5875.28              -0.145016 319.067 0.118366
4.14              17.9171 0.297347 5893.44              -0.148649 317.888 0.123043
4.15              7.4597 0.282547 5890.38              -0.155659 323.433 0.124871
4.16              19.3094 0.284504 5884.16              -0.150464 320.263 0.126588
4.17              48.0332 0.274261 5881.01              -0.154567 311.511 0.129097
4.18              14.5122 0.306987 5893.44              -0.154532 327.522 0.141757
4.19              11.2366 0.241452 5898.35              -0.154142 332.226 0.137812
4.2              24.1544 0.316019 5895.57              -0.153937 329.223 0.125278
4.21              28.6091 0.24983 5878.96              -0.155799 327.247 0.126857
4.22              10.6313 0.227938 5912.23              -0.153639 340.746 0.134615
4.23              6.10156 0.164294 5887.96              -0.15894 341.639 0.118222
4.24              27.2925 0.185123 5902.93              -0.15759 337.005 0.122276
4.25              19.8372 0.165732 5888.62              -0.154616 340.494 0.120999
4.26              -4.46797 0.172469 5916.88              -0.150741 357.031 0.118908
4.27              25.8382 0.184416 5897.73              -0.146002 344.818 0.114165
4.28              13.5376 0.0956966 5902.04              -0.131508 352.607 0.129462
4.29              26.5326 0.166528 5905.62              -0.141846 349.586 0.122995
4.3              15.6558 0.18105 5896.9              -0.163319 353.692 0.121856
4.31              34.2319 0.115025 5894.65              -0.150136 352.078 0.127647
4.32              45.0507 0.135961 5912.94              -0.14583 351.437 0.124476
4.33              13.9344 0.13183 5906.45              -0.146939 364.747 0.117765
4.34              31.3434 0.0886762 5920.13              -0.147653 361.46 0.111867
4.35              17.4556 0.132532 5911.68              -0.14257 368.424 0.102668
4.36              46.6179 0.0975456 5907.15              -0.142093 359.158 0.10593
4.37              45.2154 -0.696565 5949.9              0.213751 371.325 0.125044
4.38              8.07875 -0.068077 5892.26              -0.129626 377.662 0.120846
4.39              41.1421 0.0611447 5944.87              -0.138682 369.601 0.0897474
4.4              2.00582 0.0349637 5915.46              -0.142407 389.858 0.0907959
4.41              34.5316 -0.010796 5917.11              -0.143205 376.232 0.0995397
4.42              48.535 0.0132175 5924.29              -0.149387 374.348 0.0904333
4.43              21.9044 0.0250675 5904.26              -0.138187 384.394 0.0859586
4.44              34.8914 0.0104429 5934.41              -0.133071 383.202 0.0754628
4.45              13.5636 -0.0198355 5917.54              -0.127103 393.377 0.0749743
4.46              28.8781 -0.0211901 5910.19              -0.135608 384.378 0.0611201
4.47              19.6929 -0.0506921 5946.53              -0.120125 398.292 0.0648652
4.48              18.3474 -0.0637267 5904.54              -0.112998 397.475 0.0661325
4.49              11.1744 -0.0573479 5956.19              -0.108962 405.415 0.0595675
4.5              18.7423 -0.0510843 5922.44              -0.117906 401.587 0.0566454
4.51              14.2211 -0.0701215 5935.63              -0.117102 407.261 0.0622354
4.52              32.49 -0.0683786 5931.17              -0.10627 399.937 0.0559721
4.53              20.2094 -0.102031 5929.56              -0.103772 407.756 0.0553363
4.54              29.2831 -0.106441 5940.7              -0.104457 407.595 0.0639534
4.55              15.4588 -0.104338 5933.96              -0.109096 413.526 0.0532807
4.56              40.7293 -0.110991 5927.01              -0.113907 403.759 0.0497324
4.57              20.8791 -0.127687 5940.44              -0.112183 415.527 0.0564347
4.58              28.3993 -0.134947 5926.87              -0.109667 412.526 0.0487074
4.59              57.8706 -0.157012 5924.84              -0.112481 402.097 0.0493515
4.6              11.3156 -0.143881 5937.64              -0.108568 423.24 0.0462747
4.61              16.8771 -0.156259 5941.66              -0.101842 423.246 0.040776
4.62              20.5756 -0.184479 5910.87              -0.0942388 416.131 0.00776971
4.63              30.6249 -0.200975 5961.24              -0.0757053 424.28 0.028951
4.64              23.8121 -0.216757 5908.24              -0.0758597 422.429 0.0117729
4.65              31.2982 -0.222463 5950.98              -0.0694921 423.344 0.0208666
4.66              -4.43292 -0.218715 5945.52              -0.0645083 439.86 0.0172646
4.67              22.6916 -0.194926 5930.64              -0.0651436 426.957 0.00779806
4.68              27.421 -0.221306 5950.83              -0.0582255 431.447 0.0130588
4.69              -21.6888 -0.226949 5946.14              -0.0467245 452.081 0.0131266
4.7              17.6519 -0.260254 5947.2              -0.0471616 435.491 0.00897611
4.71              43.2698 0.0830042 5945.73              -0.14772 439.013 0.0192943
4.72              15.1956 -0.217155 5921.49              -0.0303113 432.092 -0.00211698
4.73              28.6576 -0.23948 5960.37              -0.0247651 435.591 0.00135421
4.74              59.6395 -0.273782 5907.04              -0.0150467 423.448 -0.000969198
4.75              22.3964 -0.286188 5947.99              0.000978551 441.046 -0.00373491
4.76              -13.2228 -0.287198 5959.71              0.00868711 457.414 -0.00779512
4.77              27.1385 -0.300352 5933.7              0.0130849 440.444 -0.0065158
4.78              30.4373 -0.305151 5945.49              0.0159337 442.811 -0.00673505
4.79              24.2241 -0.309468 5933.01              0.0126483 442.427 -0.00821476
4.8              22.5037 -0.277497 5945.19              -0.00176988 445.955 -0.00175474
4.81              15.5917 -0.284142 5946.25              -0.00593036 451.104 -0.00607808
4.82              26.1842 -0.288774 5940.28              0.00562263 446.993 -0.0116232
4.83              14.803 -0.306175 5950.36              0.0142993 453.451 -0.00749196
4.84              -12.6604 -0.301977 5956.55              0.0102211 466.779 -0.00848182
4.85              29.1463 -0.302479 5943.23              -0.00385226 449.241 -0.00863475
4.86              40.4666 -0.280454 5934.06              -0.0101273 445.035 -0.0138504
4.87              3.43579 -0.353821 5947.15              0.0283297 464.56 -0.0156911
4.88              49.4992 -0.297341 5940.54              0.0183255 442.182 -0.0159219
4.89              16.884 -0.331616 5935.82              0.0293168 457.89 -0.0158417
4.9              17.0343 -0.292578 5953.87              0.028081 460.707 -0.0189676
4.91              39.8039 -0.311121 5930.49              0.0337146 449.595 -0.0105981
4.92              19.7171 -0.287911 5944.25              0.0315554 459.856 -0.0201686
4.93              31.3368 -0.296922 5940.82              0.0423576 455.855 -0.0119856
4.94              18.6146 -0.292183 5940.67              0.0464373 461.627 -0.0230249
4.95              34.1506 -0.304508 5938.99              0.0591369 455.793 -0.0185763
4.96              21.7922 -0.291563 5940.37              0.0638624 461.461 -0.0311828
4.97              30.6345 -0.322774 5936.2              0.0762886 457.808 -0.0197009
4.98              13.8438 -0.305673 5946              0.0803819 466.172 -0.0338628
4.99              21.1605 -0.342019 5939.15              0.098826 463.229 -0.0244437
5              19.8882 -0.301478 5931.8              0.0914229 477.282 -0.0384732
5.01              23.8506 -0.326146 5953.09              0.103279 455.155 -0.0182362
5.02              9.09144 -0.313489 5928.9              0.110279 467.106 -0.0319396
5.03              36.204 -0.351828 5941.53              0.113077 462.076 -0.0323565
5.04              20.5352 -0.318993 5935.44              0.117539 464.77 -0.0398905
5.05              14.6325 -0.359009 5936.4              0.120924 466.457 -0.027724
5.06              -19.7799 -0.366629 5953.3              0.129426 483.953 -0.038505
5.07              29.8719 -0.327501 5935              0.123754 461.618 -0.0257575
5.08              17.4048 -0.33157 5930.89              0.118772 465.548 -0.0375321
5.09              17.3603 -0.3193 5940.86              0.116907 467.969 -0.0307667
5.1              20.5409 -0.320641 5930.07              0.120206 465.475 -0.0352208
5.11              10.1852 -0.297304 5941.82              0.121169 470.305 -0.0416133
5.12              -23.9276 -0.308659 5952.86              0.124924 486.396 -0.0334927
5.13              3.77286 -0.421703 5927.64              0.149642 459.166 -0.0641557
5.14              30.7176 -0.247454 5936.45              0.109352 469.184 -0.0470239
5.15              8.44161 -0.263065 5924.78              0.113113 470.991 -0.0475078
5.16              20.6986 -0.279757 5934.12              0.120228 462.413 -0.036164
5.17              7.26917 -0.25071 5923.88              0.0716414 472.455 -0.0509575
5.18              26.3054 -0.291305 5926.49              0.129517 461.058 -0.0591262
5.19              18.207 -0.276069 5924.86              0.126478 465.308 -0.0577998
5.2              5.93884 -0.288053 5924.32              0.133528 469.435 -0.0658291
5.21              32.748 -0.305857 5920.83              0.13342 457.871 -0.0671902
5.22              4.79593 -0.265976 5920.89              0.131111 468.667 -0.0715508
5.23              -23.412 -0.244639 5942.91              0.130192 481.957 -0.0623281
5.24              9.45645 -0.259716 5920.28              0.130969 466.435 -0.0764322
5.25              26.4523 0.17827 5907.63              -0.029339 457.017 -0.0951172
5.26              63.4139 -0.245336 5899.6              0.141997 441.29 -0.0994405
5.27              -18.4045 -0.243447 5925.72              0.143588 475.937 -0.0909881
5.28              1.62795 -0.242602 5923.16              0.131406 468.091 -0.0995469
5.29              22.3255 -0.216145 5911.56              0.125788 458.079 -0.0986979
5.3              6.73283 -0.195647 5910.01              0.116481 463.219 -0.108639
5.31              12.6223 -0.186215 5910.13              0.12111 460.652 -0.106318
5.32              7.73518 -0.212765 5914.85              0.116349 462.549 -0.10837
5.33              44.4578 -0.161919 5886.19              0.112736 443.451 -0.107252
5.34              13.6681 -0.113996 5905.13              0.110447 459.212 -0.0930919
5.35              18.0481 -0.123851 5898.41              0.10994 455.268 -0.108163
5.36              4.68081 -0.153651 5910.18              0.105181 460.861 -0.108636
5.37              32.1852 -0.117637 5889.28              0.0897785 447.679 -0.113369
5.38              14.3944 -0.113623 5905.79              0.100013 456.302 -0.110435
5.39              50.7742 -0.0735831 5903.25              0.081837 437.437 -0.113322
5.4              16.8067 -0.0973568 5890.04              0.0927599 454.745 -0.108684
5.41              0.689736 -0.0912919 5893.41              0.0889407 459.351 -0.109555
5.42              9.05571 -0.0874405 5895.41              0.0874946 453.966 -0.10769
5.43              20.4513 -0.056041 5892.23              0.0845747 449.582 -0.0980194
5.44              -18.0356 -0.0704456 5906.88              0.0818002 466.417 -0.0973002
5.45              7.55589 -0.0815733 5896.76              0.0782731 454.67 -0.0992815
5.46              -6.61676 -0.0572505 5892.49              0.0759998 459.035 -0.0911591
5.47              12.7865 -0.0346376 5900.04              0.0749543 451.918 -0.0906493
5.48              22.0688 -0.0406032 5872.5              0.0695848 445.428 -0.0842809
5.49              4.35856 -0.0271316 5895.02              0.0594159 453.112 -0.0800759
5.5              12.2137 -0.0319398 5884.17              0.0646386 448.678 -0.0703099
5.51              29.2349 -0.0257497 5869.77              0.0585265 443.539 -0.0676902
5.52              2.34976 -0.00720027 5888.86              0.0537208 450.872 -0.0606426
5.53              -7.54865 -0.0142116 5881.21              0.0497734 455.232 -0.0584968
5.54              5.8135 0.00891384 5888.98              0.0461507 451.268 -0.0496715
5.55              22.7685 0.0273386 5869.61              0.0377465 441.382 -0.0494668
5.56              12.4901 0.0585519 5877.51              0.0268162 446.443 -0.0376353
5.57              6.62801 -0.00382435 5885.92              0.0343001 449.411 -0.0380872
5.58              37.0435 0.0287201 5848.72              0.0301851 432.645 -0.0391891
5.59              5.11105 0.055116 5885.26              0.0202716 446.271 -0.0345183
5.6              20.1794 0.0441467 5882.6              0.0189061 444.583 -0.0238852
5.61              23.2114 0.0660133 5853.52              0.0146209 434.471 -0.0302638
5.62              12.9538 0.034675 5863.95              0.0123846 456.529 -0.027072
5.63              13.694 0.0749741 5883.15              0.00937301 436.705 -0.0226449
5.64              0.253385 0.0502119 5848.92              0.0121565 443.724 -0.0239125
5.65              23.835 0.0798784 5863.49              0.00856177 440.348 -0.0134851
5.66              -7.98498 0.0788741 5870.22              0.00273167 451.061 -0.0157922
5.67              13.0893 0.0681999 5851.94              -0.000557512 439.16 -0.0121922
5.68              18.7104 0.0873905 5866.38              0.00425641 439.946 -0.0119537
5.69              -3.48439 0.101424 5853.15              -0.00260548 447.509 -0.00499809
5.7              22.97 0.114908 5862.23              -0.00328646 438.22 -0.0140564
5.71              9.56542 0.09217 5854.75              -0.0240793 444.668 -0.00937806
5.72              3.46081 0.0992335 5853.62              -0.0170739 443.865 -0.00779922
5.73              36.1729 0.182966 5848.9              -0.0710815 433.418 -0.00902383
5.74              3.81021 0.130232 5850.18              -0.0292205 443.782 -0.00398972
5.75              33.6408 0.12823 5849.09              -0.0312605 432.622 -0.00110096
5.76              13.8722 0.162377 5856.76              -0.0432478 441.887 -0.00505979
5.77              26.6801 0.118272 5840.13              -0.0357914 434.184 0.00505399
5.78              9.64134 0.136461 5857.84              -0.0401529 443.195 0.00369958
5.79              -39.3696 0.126004 5869.37              -0.0446616 464.003 0.00334224
5.8              8.25647 0.122864 5858.79              -0.0480437 445.161 0.00497371
5.81              8.74168 0.183041 5849.8              -0.0472468 443.68 0.0232847
5.82              7.29419 0.154595 5848.79              -0.0568809 445.774 0.0181079
5.83              28.0689 0.13234 5843.02              -0.0532178 434.754 0.014886
5.84              14.5204 0.157798 5842.14              -0.0660526 441.583 0.019741
5.85              17.0284 0.157505 5851.48              -0.0690846 444.047 0.0258418
5.86              -0.474838 0.162234 5847.52              -0.0661272 447.437 0.0265039
5.87              -2.14555 0.177701 5857.5              -0.0754759 450.382 0.0286012
5.88              22.8568 0.18366 5837.45              -0.0799679 439.625 0.0327008
5.89              51.0369 -0.296243 5813.84              0.132229 416.316 0.0378712
5.9              18.6338 0.220357 5899.45              -0.107526 454.978 0.0440384
5.91              5.24504 0.259965 5826.02              -0.13136 444.327 0.0432112
5.92              10.4351 0.274729 5847.47              -0.117822 446.387 0.0369462
5.93              17.5198 0.244144 5856.86              -0.122361 446.712 0.0452041
5.94              5.06159 0.0631781 5826.25              -0.105779 446.132 0.0980053
5.95              26.3713 0.200482 5855.01              -0.114673 443.806 0.0555091
5.96              6.91994 0.162283 5836.57              -0.103056 450.176 0.0482879
5.97              42.1024 0.230021 5841.44              -0.116115 437.515 0.0514562
5.98              45.7757 0.215425 5823.52              -0.118317 433.772 0.0498129
5.99              -2.53369 0.186564 5839.76              -0.120976 455.138 0.0556839
6              13.3458 -0.0645822 5851.27              -0.0789699 451.864 0.0318491
6.01              -1.74421 0.145435 5836.78              -0.125279 455.801 0.0565629
6.02              18.1764 0.196251 5849.23              -0.125311 451.597 0.0495172
6.03              11.4276 0.216663 5834.59              -0.128399 451.375 0.0457203
6.04              12.1826 0.228129 5842.61              -0.131061 453.142 0.0465248
6.05              20.5374 0.254821 5838.47              -0.132426 450.665 0.0481915
6.06              10.2095 0.26475 5840.01              -0.136458 456.207 0.045303
6.07              4.29753 0.252325 5847.82              -0.144993 458.832 0.0382725
6.08              17.8682 0.317159 5835.24              -0.148016 453.679 0.0232363
6.09              40.6958 0.273582 5829              -0.14701 445.133 0.0354119
6.1              22.2042 0.277954 5839.01              -0.143612 454.097 0.0311978
6.11              12.6169 0.265799 5840.32              -0.140749 458.952 0.0270701
6.12              10.837 0.270013 5844.42              -0.140774 460.996 0.0214214
6.13              17.7951 0.252662 5841.86              -0.134631 458.87 0.017907
6.14              20.9958 0.23416 5838.63              -0.12816 458.285 0.0139671
6.15              3.21585 0.225352 5847.01              -0.125236 467.049 0.0167877
6.16              17.6741 0.233994 5843.35              -0.126978 462.291 0.0109692
6.17              17.4978 0.243513 5839.39              -0.126374 462.839 0.00689625
6.18              17.8363 0.218145 5842.69              -0.116495 464.064 0.00880421
6.19              10.4049 0.206565 5847.05              -0.106885 468.552 0.00210852
6.2              23.7365 0.249615 5839.13              -0.101955 463.578 -0.00173308
6.21              -4.22255 0.229346 5857.03              -0.10131 477.432 -0.00502807
6.22              12.4574 0.185872 5846.31              -0.0984224 471.28 0.00641228
6.23              12.926 0.250619 5846.48              -0.0948842 472.217 -0.0244463
6.24              32.3995 0.213365 5839.78              -0.0945892 465.278 -0.0140307
6.25              22.2813 0.190393 5841.07              -0.0867865 470.211 -0.0127121
6.26              17.7109 1.22096 5865.58              -0.431204 488.017 -0.150095
6.27              35.7828 0.375045 5819.61              -0.108032 458.047 -0.049283
6.28              17.6358 0.350847 5863.68              -0.100721 476.971 -0.0436206
6.29              26.4437 0.297089 5837.59              -0.0812437 476.454 -0.0378057
6.3              41.0073 0.285357 5843.34              -0.0795345 469.431 -0.0362651
6.31              50.4926 0.249311 5838.98              -0.0755361 465.957 -0.0443333
6.32              0.327577 0.234789 5852.23              -0.0539412 488.636 -0.0336868
6.33              18.2464 0.266012 5859.51              -0.0516207 483.837 -0.0347165
6.34              11.0886 0.214865 5850.48              -0.0413478 486.636 -0.0280387
6.35              18.9686 0.206202 5853.49              -0.0291979 485.315 -0.0307304
6.36              26.3007 0.686271 5861.06              -0.0531904 483.991 0.00463992
6.37              6.28458 0.22174 5840.58              -0.00782948 492.491 -0.0309511
6.38              36.2972 0.235273 5867.69              -0.0105745 484.884 -0.0275854
6.39              2.51237 0.0786451 5851.45              -0.0039768 496.359 -0.0178626
6.4              14.3065 0.193827 5862.03              -0.00346657 494.661 -0.0307971
6.41              13.0775 0.102542 5866.76              0.0223184 500.393 -0.0232344
6.42              24.1615 0.108454 5842.79              0.00491916 488.976 -0.0187073
6.43              11.1669 0.0804505 5876.45              0.00203441 503.866 -0.00350389
6.44              30.171 0.149269 5850.08              -0.0405023 493.314 -0.0206202
6.45              15.974 0.0579065 5862              0.00582139 497.644 -0.00213974
6.46              5.30802 0.0901788 5876.25              0.00898528 507.228 -0.0156458
6.47              8.99376 0.0930078 5858.96              0.0118559 505.554 -0.0210788
6.48              47.0409 0.0903626 5859.43              0.0121188 491.555 -0.0153814
6.49              22.1561 0.0735548 5857.59              0.0186282 501.992 -0.0152916
6.5              28.3461 0.0815676 5863.84              0.0191926 501.761 -0.0201669
6.51              17.6759 0.0917874 5870.95              0.0194875 507.748 -0.0242893
6.52              8.75888 0.102552 5871.09              0.0211748 512.529 -0.0317234
6.53              24.8676 0.0953623 5869.89              0.0249521 507.193 -0.0340867
6.54              29.2526 0.0739467 5861.8              0.033068 505.909 -0.0322573
6.55              69.4023 0.0735299 5848.33              0.03307 489.976 -0.0428454
6.56              36.6652 0.0944922 5856.84              0.0347051 504.509 -0.0503673
6.57              11.8299 0.0599532 5869.44              0.0375205 517.035 -0.0446686
6.58              21.8395 0.0441444 5874.45              0.0397722 515.13 -0.0412246
6.59              10.3923 0.129139 5876.14              0.039838 520.651 -0.073705
6.6              26.8326 0.056751 5867.37              0.0410977 514.795 -0.0702276
6.61              11.1421 0.0468038 5877.05              0.0496628 522.708 -0.0618003
6.62              38.0659 0.0270757 5874.7              0.0548026 512.862 -0.050029
6.63              7.59133 0.112668 5878.32              0.0525743 526.099 -0.082818
6.64              15.2309 0.0271051 5875.56              0.0672569 523.498 -0.0777584
6.65              -9.02124 -0.0289091 5902.78              0.0633925 537.887 -0.0603258
6.66              9.70543 -0.0091915 5879.56              0.0705145 528.576 -0.0712695
6.67              6.47482 0.0620541 5890.98              0.0706567 532.231 -0.0846436
6.68              8.95656 0.0492556 5883.5              0.0777405 531.43 -0.0775481
6.69              25.0236 -0.0309327 5874.92              0.0762705 525.326 -0.087895
6.7              21.0396 0.0170841 5889.14              0.0815981 529.397 -0.0799351
6.71              17.18 -0.157645 5882.25              0.0954096 531.34 -0.054613
6.72              14.2382 0.0247277 5881.32              0.0877568 532.729 -0.109255
6.73              21.2092 -0.0193897 5894.14              0.0979762 533.133 -0.0660996
6.74              19.2521 0.0376797 5879.19              0.0872677 533.032 -0.122926
6.75              19.566 -0.069343 5892.06              0.0964466 534.961 -0.0903217
6.76              21.7615 -0.0795998 5881.65              0.100842 534.039 -0.0783747
6.77              10.4039 -0.120567 5891.62              0.109405 540.565 -0.0675502
6.78              -14.1689 -0.893424 5917.85              0.514608 543.732 -0.400223
6.79              29.6434 -0.255563 5870.98              0.12332 539.08 -0.101623
6.8              23.3611 -0.120161 5904.9              0.12492 540.204 -0.135969
6.81              17.7193 -0.276411 5879.91              0.131795 537.543 -0.0662008
6.82              9.23717 -0.130555 5893.44              0.116573 545.017 -0.112766
6.83              10.3882 -0.118841 5908.41              0.11849 547.922 -0.102003
6.84              23.6142 -0.11051 5884.99              0.119123 545.007 -0.117617
6.85              28.6263 -0.183958 5892.01              0.121098 536.605 -0.0823419
6.86              15.5248 -0.115045 5897.01              0.113156 545.663 -0.111772
6.87              14.1681 -0.235784 5901.07              0.131218 549.314 -0.0447356
6.88              20.1875 0.138305 5898.18              0.0998929 545.827 -0.184348
6.89              18.9319 -0.24704 5915.62              0.128185 555.742 -0.045557
6.9              16.4992 -0.220073 5875.61              0.112864 541.737 -0.104778
6.91              47.742 -0.116768 5910.75              0.148341 538.242 -0.0172227
6.92              12.9167 0.0423543 5878.65              0.117309 550.698 -0.124324
6.93              9.33471 -0.233209 5917.45              0.137377 555.581 -0.0275846
6.94              46.9774 -0.104714 5874.2              0.117333 534.945 -0.123878
6.95              27.4942 -0.175845 5917.48              0.128988 550.043 -0.0399123
6.96              2.89181 0.0154314 5881.02              0.107608 555.652 -0.132097
6.97              12.8361 -0.213024 5923.4              0.11749 557.223 -0.0481724
6.98              40.2116 -0.149043 5874.27              0.123331 540.991 -0.092344
6.99              19.8922 -0.152613 5905.22              0.128858 553.214 -0.0662138
7              17.1018 -0.209433 5900.2              0.125378 554.103 -0.0714947
7.01              12.9614 -0.162091 5901.36              0.124379 556.822 -0.0619588
7.02              1.15199 -0.261711 5924.11              0.0897785 554.87 -0.0544513
7.03              6.89407 -0.19232 5888.56              0.1264 563.825 -0.0562726
7.04              35.7422 -0.207758 5909.81              0.126552 549.955 -0.0458224
7.05              10.6044 -0.171875 5900.61              0.126892 556.865 -0.0353036
7.06              19.5125 -0.194851 5898.47              0.130525 555.635 -0.0316896
7.07              19.2997 -0.170614 5917.76              0.129869 558.757 -0.0248248
7.08              44.0026 -0.234503 5875.74              0.127449 543.516 -0.020295
7.09              12.961 -0.210227 5924.53              0.125771 561.976 -0.0114266
7.1              -2.03743 -0.248077 5901.92              0.127048 565.542 -0.00725997
7.11              10.9602 -0.228172 5913.88              0.130051 562.147 -0.00041836
7.12              51.0015 -0.188805 5887.01              0.137348 543.544 0.0182916
7.13              30.7136 -0.257854 5901.03              0.123181 553.598 0.00143415
7.14              -14.9363 -0.240781 5919.87              0.1273 573.874 0.00867662
7.15              8.01522 -0.273385 5912.37              0.123416 564.256 0.0188596
7.16              14.6544 -0.246927 5904.18              0.128302 560.832 0.0236331
7.17              10.0255 -0.235712 5914.4              0.123819 563.53 0.0265916
7.18              19.4578 -0.251155 5899.1              0.12513 558.927 0.0295782
7.19              9.31226 -0.245577 5911.93              0.124166 564.325 0.0333923
7.2              -13.8822 -0.254033 5919.64              0.118098 574.667 0.0316088
7.21              15.8632 -0.237181 5903.28              0.118905 561.128 0.0348275
7.22              7.782 -0.241229 5909.67              0.115496 565.151 0.0346725
7.23              15.0825 -0.236696 5907.71              0.113063 562.109 0.0354555
7.24              -0.827229 -0.231218 5912.45              0.108667 569.161 0.0153952
7.25              -31.8742 -0.21977 5931.07              0.106521 583.76 0.0241073
7.26              16.7983 -0.224225 5902.82              0.10608 561.357 0.0228887
7.27              -3.67424 -0.211685 5917.56              0.0994589 571.296 0.0234468
7.28              11.9771 -0.22076 5907.25              0.0976884 563.614 0.0305856
7.29              45.8552 -0.212896 5892.29              0.0941959 548.391 0.0195673
7.3              0.802973 -0.217074 5911.6              0.0931826 569.212 0.017502
7.31              13.0809 -0.189294 5907.91              0.0911009 563.762 0.015842
7.32              8.22259 -0.21265 5908.1              0.0860907 565.743 0.0126325
7.33              -12.7094 -0.192957 5920.31              0.080757 575.321 0.00550826
7.34              6.67695 -0.168533 5908.37              0.0760573 566.324 0.00201197
7.35              -6.23058 -0.182238 5916.17              0.0699021 572.488 -0.00282092
7.36              -41.2461 -0.168064 5934.53              0.0651259 588.694 -0.00342818
7.37              7.47737 -0.157736 5905.34              0.0610977 566.018 -0.00823243
7.38              4.17716 -0.204794 5911.44              0.0655567 568.061 -0.0141765
7.39              10.2935 -0.186561 5906.09              0.0527425 564.546 -0.0108723
7.4              -11.2348 -0.14298 5915.76              0.0525279 574.412 -0.00817341
7.41              8.99858 -0.17235 5906.85              0.0447313 565.218 -0.00779852
7.42              6.46256 0.0401075 5964.96              -0.0138669 572.508 -0.0178298
7.43              -7.48646 -0.0338955 5885.68              0.0045581 569.828 -0.0188752
7.44              1.0835 -0.0543281 5962.53              0.00583055 574.555 -0.00780296
7.45              18.8582 -0.0807444 5877.93              0.0107805 558.355 -0.00066372
7.46              10.2495 -0.0807463 5918.92              0.00940497 566.204 0.0048705
7.47              3.43622 -0.109681 5912.62              0.0214306 567.653 0.00848624
7.48              -11.9877 -0.0819776 5904.12              0.0146886 574.218 0.0164006
7.49              10.2477 -0.109537 5917.79              0.0170866 566.783 0.0220751
7.5              -7.34221 -0.446393 5921              0.291165 562.568 -0.0345187
7.51              -26.017 -0.143031 5900.59              0.0150623 587.224 0.0285654
7.52              -18.675 -0.121076 5944.86              0.0163407 582.738 0.0385231
7.53              0.457658 -0.109213 5884.87              0.00891412 564.474 0.0464219
7.54              12.8183 -0.10789 5922.08              0.00443476 559.654 0.0516996
7.55              -8.79157 -0.110683 5901.51              -0.0144989 577.618 0.0557933
7.56              1.9484 -0.0749175 5909.41              -0.0189131 570.442 0.0566376
7.57              -32.7463 -0.0825049 5926.57              -0.0229395 584.4 0.0651911
7.58              12.5259 -0.0556248 5895.54              -0.0331084 564.581 0.0647096
7.59              -4.22594 -0.0788362 5915.11              -0.0419618 574.13 0.0579959
7.6              3.63341 -0.0709491 5901.71              -0.0419576 568.765 0.0630805
7.61              -14.4309 -0.0354427 5913.9              -0.0452627 577.964 0.0677288
7.62              -4.15922 -0.0253346 5909.88              -0.0460978 574.111 0.0617031
7.63              -1.77853 -0.0281802 5904.03              -0.0476996 572.281 0.0650615
7.64              -12.3438 -0.197153 5879.02              -0.00940897 575.656 0.0754499
7.65              29.1094 -0.0864282 5923.49              -0.0384357 561.105 0.0673967
7.66              -12.5437 -0.0623986 5878.04              -0.0433016 574.173 0.0606942
7.67              5.03904 -0.0420056 5917.98              -0.0435049 572.816 0.0572844
7.68              -7.49389 -0.024578 5904.52              -0.0474145 575.876 0.0548729
7.69              21.2993 -0.0211109 5884.58              -0.050799 562.222 0.048532
7.7              3.2892 -0.0401575 5919.86              -0.0439597 573.958 0.0239785
7.71              -21.7912 -0.0672991 5897.81              -0.0488005 582.352 0.0521329
7.72              -8.93919 -0.032276 5920.54              -0.0556098 580.345 0.0360139
7.73              23.7832 -0.0117949 5886.19              -0.0600537 563.177 0.0348421
7.74              0.951136 0.166162 5934.01              -0.0895529 581.893 0.0123387
7.75              -1.82759 0.0938817 5883              -0.0856715 573.38 0.0052496
7.76              2.64247 0.0570063 5925.91              -0.0729672 577.57 0.0111053
7.77              -1.14522 0.0871537 5896.81              -0.0776976 576.391 0.0159509
7.78              6.32221 0.0745812 5896.55              -0.0800039 574.658 0.00784194
7.79              2.00479 0.0677483 5911.52              -0.075565 578.611 0.000846532
7.8              29.1402 0.0610672 5877.25              -0.0777399 563.772 -0.00524107
7.81              -9.25672 0.0754799 5915.62              -0.0794939 585.038 -0.0143828
7.82              -0.811203 0.0551754 5896.7              -0.0811563 579.181 -0.0111674
7.83              -13.9953 0.071049 5908.99              -0.0834794 587.078 -0.0190415
7.84              -9.88546 0.086877 5909.16              -0.0951396 586.725 -0.0259567
7.85              -6.89566 0.0815848 5900.19              -0.0878344 584.356 -0.033957
7.86              16.7699 0.0860068 5894.11              -0.0862283 574.924 -0.0354564
7.87              -9.56106 0.0844652 5903.33              -0.0909603 587.69 -0.0360318
7.88              2.53583 0.0857702 5900.05              -0.0972923 583.29 -0.040306
7.89              -0.415387 0.0798794 5898.3              -0.0900691 584.767 -0.0429737
7.9              -3.70762 0.0981484 5901.94              -0.0944912 587.327 -0.0486092
7.91              -16.0372 0.105139 5910.11              -0.0967952 594.563 -0.0520187
7.92              32.8206 0.135122 5880.7              -0.112149 571.901 -0.0562798
7.93              -11.1922 0.0888897 5907.52              -0.0906526 593.846 -0.0482639
7.94              -3.51021 0.100211 5899.34              -0.0954101 591.111 -0.0548089
7.95              -2.39512 0.10523 5899.5              -0.0947302 591.558 -0.0577131
7.96              -7.60102 -0.0753113 5882.25              -0.0598079 590.122 -0.0260248
7.97              -3.53998 0.0459052 5921.8              -0.0759469 597.167 -0.0511643
7.98              -15.468 0.0677308 5886.11              -0.0779351 598.588 -0.0629539
7.99              4.29063 0.0553472 5906.14              -0.0815181 593.374 -0.0528424
8              -9.77589 0.0744171 5900.78              -0.0842702 599.605 -0.0583546
8.01              -13.5016 0.225493 5899.05              -0.0789337 602.48 -0.107773
8.02              -14.462 0.117504 5914.03              -0.0841748 605.814 -0.0705135
8.03              0.277846 0.108149 5888.4              -0.0810359 597.817 -0.0699899
8.04              -9.19342 0.0714331 5908.64              -0.0552255 605.586 -0.0732525
8.05              -3.60328 0.0907901 5896.87              -0.0728347 603.151 -0.0672828
8.06              8.72872 0.0854368 5891.11              -0.0731462 598.241 -0.0679761
8.07              -0.988819 0.0898842 5902.72              -0.0713416 605.452 -0.0651993
8.08              3.46072 0.0537642 5885.88              -0.0696104 602.212 -0.059598
8.09              -1.78657 0.0932294 5906.08              -0.078665 609.198 -0.064001
8.1              41.3046 0.124255 5871.91              -0.111575 588.282 -0.0638467
8.11              -19.8733 0.10981 5908.79              -0.0899516 619.469 -0.0609107
8.12              1.15999 -0.0324659 5897.73              -0.088923 610.937 -0.0092066
8.13              0.656755 0.0618927 5894.14              -0.0781853 612.384 -0.0477579
8.14              10.6195 0.0549563 5891.05              -0.0665071 609.265 -0.0411946
8.15              -4.27529 0.057144 5901.72              -0.0664853 618.508 -0.0459649
8.16              -44.8298 0.0936178 5916.2              -0.0721776 638.324 -0.0451031
8.17              14.3799 0.0931409 5892.67              -0.0716118 612.894 -0.0427409
8.18              -1.06908 0.10116 5897.61              -0.0668956 621.459 -0.0447443
8.19              17.2203 0.0958354 5888.37              -0.0660754 614.745 -0.0353069
8.2              1.98292 0.0997222 5898.1              -0.0621738 623.797 -0.0382208
8.21              13.2519 0.0955635 5890.54              -0.0590098 619.955 -0.0373529
8.22              3.00973 0.145377 5896.84              -0.0741917 626.96 -0.0334393
8.23              31.3473 0.102787 5881.34              -0.0544441 615.273 -0.0369561
8.24              -1.90843 0.101246 5900.11              -0.0478685 632.454 -0.0364829
8.25              5.62005 0.103994 5895.39              -0.0484434 631.066 -0.0356947
8.26              -1.49487 0.0982079 5898.63              -0.0474296 636.432 -0.0398149
8.27              19.1707 0.0816813 5888.55              -0.037623 628.52 -0.0311848
8.28              16.4088 0.0903611 5891.5              -0.0292929 631.914 -0.0339313
8.29              5.95002 0.0920458 5894.07              -0.0242693 638.066 -0.0360177
8.3              -1.9001 0.0911755 5901.24              -0.0266898 644.496 -0.0377495
8.31              12.2525 0.0862243 5891.33              -0.0211954 639.435 -0.0368313
8.32              8.87243 0.0998462 5896.4              -0.0195 643.714 -0.039361
8.33              15.1094 0.0686102 5891.35              -0.0192 642.479 -0.0375137
8.34              4.00062 0.0957964 5897.72              -0.0171505 649.592 -0.0433431
8.35              3.08784 0.00566277 5888.07              0.00482957 649.524 -0.0332173
8.36              41.2451 0.0687489 5891.11              -0.00421222 638.335 -0.0438905
8.37              8.53736 0.101516 5888.64              -0.00752513 653.541 -0.0492965
8.38              26.3997 0.1154 5893.37              -0.00569646 648.685 -0.052323
8.39              4.10021 0.0997242 5899.47              0.00246948 661.202 -0.0615995
8.4              20.6963 0.0925541 5888.05              0.0030619 654.292 -0.056052
8.41              7.53487 0.101241 5904.09              0.00783993 663.867 -0.05838
8.42              13.9803 0.0752513 5887.39              0.015152 661.517 -0.0574014
8.43              26.3841 0.0857907 5896.5              0.0472659 659.594 -0.0709458
8.44              11.907 0.0897678 5892.55              0.0289499 667.53 -0.0646021
8.45              25.7927 0.0741666 5889.47              0.0335493 663.327 -0.0665643
8.46              17.7246 0.12264 5897.42              -0.00265551 670.018 -0.0526083
8.47              24.4039 0.0772594 5887.65              0.0417967 668.334 -0.0683596
8.48              8.40396 0.0838253 5903.23              0.0437188 678.821 -0.0694319
8.49              13.6362 0.0799919 5894.87              0.0470039 677.733 -0.070439
8.5              12.5494 0.0799897 5898.61              0.0459993 681.119 -0.0683733
8.51              8.13465 0.0951252 5898.88              0.0513063 685.067 -0.067995
8.52              23.3387 0.0958402 5892.27              0.0554249 681.215 -0.0711433
8.53              13.3531 0.0646002 5899.3              0.0623392 687.586 -0.064006
8.54              23.4407 0.0632068 5894.25              0.062292 684.621 -0.0601462
8.55              21.7474 0.0511787 5893.57              0.0690742 687.876 -0.0613617
8.56              11.0221 0.0650466 5904.13              0.0700586 696.175 -0.0624487
8.57              28.9022 0.0598889 5888.69              0.0749636 691.309 -0.058183
8.58              15.6218 0.0721353 5903.83              0.0764653 696.152 -0.0572487
8.59              24.3807 0.0339411 5888.17              0.0885235 694.808 -0.053965
8.6              6.36875 0.0417253 5910.98              0.0876304 708.47 -0.0536541
8.61              31.914 0.0271694 5885.42              0.0935566 695.873 -0.04946
8.62              23.9098 0.363561 5897.02              -0.0445635 705.697 0.0416515
8.63              21.936 0.152745 5900.23              0.0451134 705.355 -0.0183488
8.64              52.2589 0.125186 5878.61              0.0648086 693.41 -0.0193211
8.65              17.178 0.0932361 5904.39              0.0819378 713.912 -0.0237639
8.66              34.9595 0.0688001 5891.63              0.0933649 706.65 -0.0265889
8.67              12.8339 0.0214308 5894.68              0.106367 717.689 -0.0241787
8.68              18.5053 -0.0210673 5902.12              0.116949 719.092 -0.0218224
8.69              -22.5843 0.00154393 5920.02              0.115697 740.386 -0.0230486
8.7              29.038 0.00215326 5893.32              0.117449 717.815 -0.0243368
8.71              21.4415 -0.24399 5899.37              0.201714 733.078 0.0163168
8.72              18.5967 -0.106245 5890.81              0.143693 720.997 -0.00580944
8.73              30.5258 -0.0528778 5905.47              0.138749 724.507 -0.00666702
8.74              -17.8801 -0.0471869 5912.33              0.113558 749.728 0.000336862
8.75              37.1118 -0.0997824 5894.8              0.153258 722.366 9.70045e-05
8.76              -1.74698 -0.0487943 5916.47              0.138644 747.155 -0.00976804
8.77              32.9487 -0.0584356 5891.5              0.13668 731.382 -0.00576585
8.78              20.1453 -0.0594191 5909.74              0.136014 739.93 -0.00468252
8.79              28.9345 -0.0647248 5893.56              0.137182 736.388 -0.00568404
8.8              25.8321 -0.0735758 5903.06              0.138419 741.145 -0.00562425
8.81              28.2069 -0.093984 5900.08              0.138443 741.547 0.000988968
8.82              37.1375 -0.0940781 5893.38              0.140477 738.986 -0.00502134
8.83              21.0273 -0.0995253 5905.31              0.146363 749.167 -0.00655245
8.84              39.3801 -0.0998773 5892.98              0.138666 741.447 -0.00697712
8.85              24.5628 -0.116371 5898.1              0.136532 750.222 -0.0106031
8.86              38.9093 -0.121292 5896.08              0.138546 745.869 -0.0141047
8.87              28.1969 -0.122057 5898.72              0.138669 752.383 -0.0151802
8.88              37.4205 -0.12117 5896.66              0.136464 750.473 -0.0254905
8.89              28.437 -0.137972 5900.37              0.135238 756.333 -0.0201566
8.9              22.9503 -0.123132 5896.14              0.135938 757.758 -0.0326733
8.91              43.1252 -0.148501 5899.24              0.136947 754.364 -0.0293577
8.92              21.8798 -0.140748 5896.62              0.13473 763.15 -0.0367773
8.93              44.2365 -0.139891 5897.24              0.132161 756.382 -0.0438257
8.94              18.2496 -0.152511 5905.15              0.127511 768.426 -0.044883
8.95              24.0269 -0.148489 5900.86              0.127963 767.468 -0.0479909
8.96              36.6651 -0.136679 5897.11              0.128657 763.657 -0.0571391
8.97              34.5188 -0.133164 5898.26              0.122301 766.166 -0.0566303
8.98              34.2503 -0.113259 5920.11              0.116266 770.374 -0.0595568
8.99              31.2743 -0.132373 5889.84              0.115957 768.906 -0.0633144
9              15.0245 -0.078923 5901.29              0.103736 780.382 -0.0514191
9.01              37.9102 -0.120025 5906.69              0.104051 770.424 -0.0600673
9.02              29.46 -0.117446 5905.53              0.105958 775.729 -0.0558411
9.03              43.1516 -0.102557 5901.32              0.104135 771.837 -0.062607
9.04              18.1489 -0.0968678 5900.33              0.100161 782.3 -0.0600498
9.05              23.0945 -0.0910054 5909.51              0.0971387 782.695 -0.0573118
9.06              41.497 -0.153114 5908.6              0.093715 776.472 -0.0348714
9.07              25.3268 -0.14646 5903.88              0.0910282 783.269 -0.0404689
9.08              44.8462 -0.169917 5895.33              0.08508 775.608 -0.0315505
9.09              11.2676 -0.157086 5911.6              0.0819657 792.056 -0.0301577
9.1              29.8762 -0.15434 5911.75              0.0801328 786.019 -0.0204033
9.11              29.7803 -0.165762 5904.77              0.0770225 785.865 -0.0179108
9.12              42.9185 -0.172066 5891.38              0.0733382 779.502 -0.00864471
9.13              34.6566 -0.177284 5899.65              0.0732373 784.928 0.00666031
9.14              35.6982 -0.193507 5902.65              0.0680232 785.783 0.0187515
9.15              11.7297 -0.194326 5908.33              0.0683021 797.18 0.0290712
9.16              50.0779 -0.202594 5891.08              0.066379 780.478 0.0417904
9.17              40.159 -0.203212 5893.59              0.0676348 785.233 0.0554114
9.18              31.3695 -0.219828 5899.18              0.0580538 790.163 0.0633065
9.19              92.2918 -0.215805 5870.41              0.0476781 762.502 0.0756464
9.2              22.4334 -0.196333 5904.4              0.0511848 795.489 0.0765504
9.21              41.751 -0.24496 5896.74              0.0496307 787.2 0.1045
9.22              34.7691 -0.241871 5893.01              0.0525408 790.177 0.112981
9.23              46.5208 -0.282587 5892.39              0.0553628 786.166 0.124016
9.24              30.3292 -0.271841 5896.27              0.0501023 793.183 0.130992
9.25              45.6602 -0.271851 5893.05              0.0460323 787.086 0.136064
9.26              4.07212 -0.268428 5912.35              0.042124 806.525 0.140357
9.27              36.4585 -0.253162 5898.36              0.0408623 791.869 0.158847
9.28              37.9679 -0.255034 5888.18              0.0363463 790.36 0.158618
9.29              37.8716 -0.262122 5903.18              0.0320509 792.757 0.158748
9.3              33.3431 -0.23738 5893.27              0.0288079 793.093 0.158126
9.31              25.2312 -0.266838 5895.69              0.0224165 797.098 0.160417
9.32              -8.83566 -0.268988 5921.1              0.0163897 813.994 0.16476
9.33              39.8361 -0.27 5883.33              0.012153 789.394 0.162369
9.34              25.0858 -0.236885 5905.3              0.00611423 798.604 0.153123
9.35              35.058 -0.237778 5890.15              0.00177236 792.203 0.157259
9.36              22.4619 -0.223892 5896.49              -0.000935163 798.152 0.152104
9.37              43.402 -0.299573 5889.05              0.00339834 790.759 0.117208
9.38              38.5327 -0.322949 5885.59              -0.000359473 788.974 0.151493
9.39              32.5628 -0.28002 5896.35              -0.0132441 793.339 0.131579
9.4              39.6855 -0.299413 5882.86              -0.0175759 789.297 0.134373
9.41              -0.637055 -0.26609 5910.01              -0.0305281 808.049 0.119136
9.42              34.2335 -0.272944 5884.14              -0.0353965 789.945 0.10756
9.43              41.5186 -0.296259 5896.86              -0.0269505 788.695 0.141708
9.44              32.0048 -0.247289 5877.64              -0.0372946 789.511 0.099317
9.45              8.57723 -0.2885 5896.79              -0.0289384 800.752 0.123157
9.46              39.4999 -0.190462 5891.29              -0.042971 787.285 0.0645339
9.47              27.4572 -0.252745 5881.79              -0.0418796 790.207 0.103249
9.48              49.2664 -0.216069 5878.63              -0.0521277 780.643 0.0708555
9.49              12.915 -0.247974 5896.16              -0.046331 796.728 0.0943748
9.5              63.9345 -0.222142 5867.85              -0.0648532 772.312 0.0708278
9.51              28.7543 -0.209042 5885.74              -0.0552329 787.804 0.06739
9.52              33.7022 -0.139669 5885.5              -0.0702203 785.054 0.0183271
9.53              23.4791 -0.244029 5886.91              -0.0515889 788.338 0.0795324
9.54              37.9688 -0.11215 5881.13              -0.0730031 781.7 -0.00663383
9.55              26.6955 -0.194921 5886.57              -0.0577245 784.919 0.050064
9.56              9.38456 -0.207336 5891.39              -0.0625071 791.733 0.0338949
9.57              27.0351 -0.173217 5880.47              -0.0615145 782.779 0.0305445
9.58              29.6273 -0.131217 5883.99              -0.0735274 781.19 -0.00819328
9.59              -34.3705 -0.105435 5910.92              -0.0710874 808.744 0.00273274
9.6              26.8723 -0.105216 5881.55              -0.0710532 780.095 -0.0205635
9.61              27.2239 -0.0577991 5880.92              -0.0725068 779.01 -0.0209545
9.62              37.5977 -0.15524 5870.17              -0.0706977 769.708 0.00147362
9.63              14.6266 -0.0707397 5891.92              -0.0710312 784.312 -0.0207119
9.64              12.6519 -0.107302 5913.36              -0.0772144 785.909 -0.0142328
9.65              17.7592 -0.0853218 5886.66              -0.0677619 778.319 -0.0053416
9.66              52.3081 -0.120473 5850.38              -0.082584 757.552 -0.0438272
9.67              18.4033 0.0137414 5884.61              -0.0794037 776.931 -0.0553333
9.68              6.39145 -0.0938451 5878.99              -0.069197 778.337 -0.0164058
9.69              8.53757 0.0513942 5889.34              -0.0801662 777.471 -0.0472516
9.7              5.40195 -0.0627918 5905.57              -0.077449 780.198 -0.0289967
9.71              19.8574 0.134534 5916.14              -0.0866205 774.583 -0.0635639
9.72              35.2785 -0.596794 5894.62              0.00913718 765.645 0.00147969
9.73              37.5514 0.0111786 5896.85              -0.061417 762.565 -0.0756611
9.74              13.7658 -0.24556 5884.59              -0.0433703 768.566 0.0138483
9.75              -9.78469 0.182708 5893.22              -0.0747181 777.678 -0.113215
9.76              31.4848 -0.0671598 5881.07              -0.060639 759.553 -0.0265183
9.77              20.2629 0.0599792 5882.05              -0.0653235 762.604 -0.0621199
9.78              11.383 -0.111953 5914.53              -0.0670027 769.284 -0.0243508
9.79              22.9298 0.0826081 5895.53              -0.0799238 760.698 -0.0485608
9.8              29.796 -0.172607 5872.93              -0.0612529 753.693 0.00249161
9.81              20.2048 0.158882 5878.22              -0.0838568 756.724 -0.0782982
9.82              11.3265 -0.0380776 5878.2              -0.0644916 759.036 0.00113722
9.83              48.369 -0.158676 5882.53              -0.0245916 748.377 -0.0533888
9.84              2.14623 -0.0497398 5897.12              -0.0473417 760.837 -0.00746585
9.85              9.93803 0.155731 5865.57              -0.0676744 753.57 -0.0949191
9.86              6.33131 -0.0684557 5875.61              -0.0361615 757.277 0.0164393
9.87              4.28354 0.0441051 5867.89              -0.0531458 753.982 -0.0285197
9.88              -6.04254 0.0356146 5873.15              -0.0597766 757.505 -0.0121868
9.89              20.847 0.0945862 5881.25              -0.0638782 747.683 -0.0252096
9.9              0.224905 -0.98795 5851.85              0.200074 739.878 0.242133
9.91              24.0494 0.112646 5871.56              -0.0595532 749.284 -0.0251487
9.92              -17.9632 0.126179 5862.37              -0.0584744 757.538 -0.0163037
9.93              -9.10396 0.149487 5872.77              -0.0675204 751.125 -0.0447084
9.94              -10.1737 0.0634255 5869.94              -0.0547881 752.711 -0.0115074
9.95              -3.91426 0.228354 5860.04              -0.0620984 748.397 -0.0477167
9.96              25.9041 0.0817139 5854.54              -0.0487534 734.041 -0.0041696
9.97              -6.1767 0.217792 5860.91              -0.0583414 746.325 -0.0496748
9.98              13.1536 0.124761 5857.86              -0.0481035 737.905 -0.0157633
9.99              -18.5584 0.170463 5866.17              -0.0315722 750.192 -0.0178143
10              -5.86521 0.151826 5862.71              -0.0340474 743.816 -0.0217114
10.01              -7.90329 0.253867 5862.64              -0.0494925 743.626 -0.047352
10.02              -13.4941 0.112332 5863.9              -0.0376463 745.323 -0.0123482
10.03              -0.751466 0.133153 5859.94              -0.0273698 739.045 -0.00636174
10.04              -15.7617 0.166139 5865.16              -0.0269377 744.522 -0.0346955
10.05              3.83743 0.200511 5866.95              -0.016704 736.816 -0.0380914
10.06              -24.0968 0.0867348 5858.4              -0.00886039 745.766 -0.0162743
10.07              -1.14212 0.191537 5850.22              -0.00989151 734.549 -0.0487178
10.08              15.459 0.159828 5853.73              -0.0017171 728.248 -0.0340624
10.09              -10.5414 0.290696 5860.64              -0.00335159 739.033 -0.0687059
10.1              -19.4031 0.150823 5868.65              0.00304017 742.878 -0.0301609
10.11              -14.8792 0.203417 5866.24              -0.00592537 739.776 -0.058059
10.12              -39.5134 0.161794 5870.15              -0.00102911 749.236 -0.0398827
10.13              -12.1081 0.179393 5865.16              -0.00503078 737.681 -0.0599254
10.14              -59.6927 0.184828 5879.71              -0.000653313 757.357 -0.0507596
10.15              -0.558663 0.197143 5862.51              0.00144873 732.121 -0.0517563
10.16              -19.2373 0.135752 5856.38              0.00490791 737.318 -0.0414791
10.17              -9.55602 0.202916 5848.82              0.0015589 731.914 -0.0650058
10.18              15.3181 0.235574 5854.03              0.00313948 723.059 -0.0881149
10.19              -21.118 0.152686 5861.51              0.0139346 737.689 -0.0584232
10.2              -2.92688 0.269293 5862.36              0.00544836 730.847 -0.0961362
10.21              -16.4429 0.164531 5848.38              0.0195133 732.318 -0.0689665
10.22              -22.2873 0.200164 5850.15              0.0216366 735.355 -0.0791867
10.23              -7.92931 0.165531 5859              0.0328839 731.229 -0.0680964
10.24              -22.2032 0.173739 5862.76              0.0371657 737.127 -0.0709359
10.25              -53.6396 0.355248 5889.28              -0.00487173 749.248 -0.0665334
10.26              -5.85113 0.217133 5855.59              0.0285689 732.15 -0.0841691
10.27              -9.0532 0.281091 5830.79              0.0333189 726.402 -0.101115
10.28              -37.7097 0.216132 5857.04              0.0418338 740.445 -0.0917733
10.29              -25.8987 0.252012 5875.51              0.0390624 740.558 -0.102422
10.3              -27.6569 0.236777 5879.28              0.0472687 742.833 -0.0924701
10.31              -14.9096 0.235086 5850.74              0.0558536 732.512 -0.100144
10.32              -23.3212 0.242253 5855.08              0.0589902 736.739 -0.0958879
10.33              2.94101 0.27036 5845.05              0.0641744 725.244 -0.0994229
10.34              -30.7484 0.283218 5864.54              0.0665161 741.335 -0.0982678
10.35              -13.3012 0.767489 5857.84              -0.0719393 732.58 -0.0842775
10.36              -23.9244 0.331943 5850.53              0.0594717 738.356 -0.0978257
10.37              -24.7236 0.291648 5867.16              0.0692053 740.343 -0.112254
10.38              -43.1699 0.246434 5857.1              0.0735836 746.258 -0.111127
10.39              24.6199 0.163237 5822.55              0.0869227 716.492 -0.113986
10.4              -32.723 0.185863 5866.46              0.0837348 743.578 -0.0998473
10.41              -44.7579 0.191938 5863.79              0.0764648 753.783 -0.102789
10.42              -30.9049 0.559259 5856.35              0.0116965 748.737 -0.207908
10.43              -33.5253 0.248543 5856.2              0.0975281 742.105 -0.123789
10.44              8.65901 0.208701 5845.64              0.105847 729.14 -0.113936
10.45              -35.1019 0.182705 5856.62              0.113636 749.801 -0.107192
10.46              -30.8812 0.160655 5852.96              0.115135 746.855 -0.103389
10.47              -26.9617 0.141105 5867.57              0.118226 749.628 -0.102009
10.48              -26.0373 0.148983 5868.47              0.12724 750.306 -0.0957209
10.49              -27.257 0.141898 5852.95              0.128669 749.076 -0.0923553
10.5              -21.3626 0.1453 5849.94              0.128759 748.332 -0.091576
10.51              -34.9093 0.12773 5860.71              0.132231 756.261 -0.0869061
10.52              -8.44557 0.131554 5846.7              0.132367 744.893 -0.0857105
10.53              -30.7315 0.148008 5871.09              0.135488 759.768 -0.0889803
10.54              -21.9534 0.130688 5868.66              0.136057 756.185 -0.0843791
10.55              -31.9189 0.130522 5861.33              0.139625 760.812 -0.0839713
10.56              -28.6121 0.156075 5863.38              0.140671 762.346 -0.0840717
10.57              -36.1019 0.0825405 5850.21              0.139534 764.154 -0.0610161
10.58              -25.3211 0.112871 5884.08              0.141178 767.431 -0.0654055
10.59              -21.2143 0.111747 5862.4              0.144772 763.749 -0.068552
10.6              -16.3844 0.0711033 5847.75              0.143248 761.723 -0.0546189
10.61              -46.8564 0.0813027 5882.86              0.150638 781.011 -0.054918
10.62              -31.7633 0.0853532 5852.05              0.14708 772.599 -0.0572583
10.63              -26.5765 0.0650536 5863.5              0.145653 774.283 -0.0546082
10.64              -24.1826 0.0620112 5849.61              0.152338 771.442 -0.0516235
10.65              -25.3452 0.0601401 5863.36              0.149692 778.176 -0.0493315
10.66              -34.8431 0.0724368 5866.62              0.14963 785.099 -0.0497673
10.67              -12.8899 0.0542354 5847.97              0.149058 774.422 -0.0473767
10.68              -40.7128 0.0648588 5881.38              0.148301 794.586 -0.0451232
10.69              -1.3355 0.126561 6053.24              0.140186 815.722 -0.0457587
10.7              -76.3743 -0.0895805 5699.65              0.161606 776.735 -0.0443581
10.71              -60.9305 0.0150001 5776.57              0.14532 788.624 -0.0443657
10.72              1.18752 0.00204552 5925.42              0.149907 792.45 -0.0437623
10.73              -54.9474 -0.0601157 5845.35              0.216183 805.91 -0.0872805
10.74              -17.8197 -0.0528805 5851.06              0.151705 797.185 -0.0416297
10.75              -24.6384 0.00120408 5905.26              0.146625 808.706 -0.0430155
10.76              -13.0286 -0.0141333 5801.84              0.142592 789.601 -0.0476303
10.77              -18.647 0.0297678 5914.62              0.140703 815.52 -0.0395413
10.78              -41.3158 0.00494585 5854.96              0.14173 817.027 -0.0444132
10.79              24.0827 0.0335052 5932.02              0.13172 812.083 -0.0396781
10.8              -22.3431 0.0819672 5934.68              0.12431 834.223 -0.0362655
10.81              -58.4637 0.0259433 5886.47              0.126606 836.655 -0.0300876
10.82              -22.9551 -0.0658716 5846.57              0.130788 814.688 -0.0377426
10.83              -14.8983 -0.0142159 5915.12              0.120264 832.882 -0.0362944
10.84              -34.0762 -0.0189494 5860.25              0.123615 834.958 -0.0359909
10.85              -26.0744 -0.0532069 5894.75              0.121022 837.532 -0.028911
10.86              -52.6882 -0.0285216 5893.5              0.121731 850.954 -0.0224704
10.87              -34.7205 -0.0382459 5892.02              0.108367 844.911 -0.0237962
10.88              -42.5102 -0.0765433 5896.56              0.108384 858.184 -0.0343583
10.89              -24.4872 -0.0936566 5875.71              0.10869 848.375 -0.0141351
10.9              -32.3691 -0.0687974 5890.28              0.106433 855.729 -0.0225786
10.91              -23.3074 -0.526098 5880.79              0.275025 860.207 0.0768463
10.92              -56.1659 -0.260843 5907.32              0.156745 874.302 0.0269203
10.93              -18.6402 -0.210176 5887.89              0.138697 862.106 0.0144215
10.94              -20.624 -0.187572 5881.93              0.124927 865.801 0.0152537
10.95              -28.6439 -0.176805 5892.31              0.119295 873.233 0.0188897
10.96              -15.9109 -0.187397 5892.53              0.118122 872.196 0.0209358
10.97              -22.2694 -0.168732 5882.44              0.10599 877.739 0.0209758
10.98              -19.1866 -0.166448 5911.87              0.101167 889.796 0.0236843
10.99              -18.2388 -0.164534 5860.38              0.0914806 875.63 0.019316
11              -30.0357 -0.167382 5941.66              0.0953408 901.262 0.0251348
11.01              -13.2112 -0.149552 5793.5              0.046609 873.325 0.00171263
11.02              7.35888 -0.163572 5960.15              0.0787232 897.709 0.0138032
11.03              -38.46 -0.166055 5852.74              0.0739289 901.701 0.0133191
11.04              -42.8408 -0.170511 5934.63              0.0793122 921.357 0.0214392
11.05              -14.2801 -0.165704 5897.86              0.0739055 907.095 0.0148351
11.06              -24.5728 -0.170961 5882.8              0.0720395 913.846 0.0194887
11.07              0.959386 -0.549425 5928.79              0.266152 915.893 0.0570054
11.08              -16.6014 -0.155081 5885.48              0.0934988 918.169 0.0177365
11.09              -20.9235 -0.289886 5910.91              0.0692443 925.939 0.0297846
11.1              6.33552 -0.221422 5921.68              0.0715136 927.278 0.0112587
11.11              -13.0635 -0.268334 5895.32              0.0885276 935.506 0.0368817
11.12              3.96314 -0.172828 5895.11              0.0461667 924.602 0.00205144
11.13              -2.00642 -0.138992 5942.59              0.0450438 944.951 0.000776362
11.14              -12.3618 -0.0449508 5900.35              0.0460059 946.192 -0.023532
11.15              -6.47019 0.0173552 5934.96              0.0346839 951.132 -0.0348831
11.16              -5.44278 -0.104128 5910.33              0.02604 951.224 -0.00726389
11.17              -10.5851 -0.180136 5922.74              0.022179 960.478 -0.00134079
11.18              1.58557 -0.107538 5933.54              0.0174816 962.416 -0.0184457
11.19              -7.91988 -0.101207 5931.12              0.015759 968.458 -0.0218691
11.2              -5.62041 -0.0914589 5898.87              0.0113236 964.809 -0.0326904
11.21              18.8637 -0.215945 5929.78              0.0433189 961.775 -0.0384951
11.22              4.93715 -0.162634 5905.8              0.0397083 980.382 -0.032929
11.23              -7.25741 -0.256498 5924.49              0.11144 973.66 -0.0561194
11.24              4.5232 -0.109291 5912.82              0.00647276 982.242 -0.0403926
11.25              -1.11211 -0.105336 5925.04              0.00118366 991.652 -0.0391175
11.26              -19.8233 -0.0492826 5933.91              0.00309796 1003.19 -0.0518077
11.27              14.0674 -0.0983611 5918.98              0.00612344 989.322 -0.0376642
11.28              -18.0518 -0.117189 5907.15              -0.0098515 1005.01 -0.0244988
11.29              11.1998 -0.0928973 5948.51              -0.00766374 1005.85 -0.0282269
11.3              -5.36013 -0.127577 5911.9              -0.0211933 1009.67 -0.0266027
11.31              4.34473 -0.0782956 5943.57              -0.0226229 1014.88 -0.0299414
11.32              -0.863633 -0.0814746 5928.79              -0.0240845 1019.64 -0.021755
11.33              6.52097 -0.0878511 5918.74              -0.023769 1019.2 -0.0189779
11.34              40.2983 -0.0839455 5934.75              -0.021764 1010.82 -0.0150031
11.35              -3.09692 -0.0892751 5917.99              -0.0283827 1029.91 -0.00971961
11.36              8.21378 -0.0868432 5945.15              -0.0314609 1034.47 -0.00541161
11.37              5.78745 -0.0712582 5933.65              -0.0332986 1037.45 -0.0037937
11.38              14.2943 0.0253172 5934.47              -0.0293222 1036.88 -0.0213933
11.39              14.5186 0.524906 5941.41              -0.305561 1045.97 -0.0642331
11.4              -12.7657 -0.0310258 5951.87              -0.0497513 1057.64 0.0272411
11.41              12.1517 -0.0601378 5932.25              -0.0363776 1051.58 0.0223745
11.42              34.8079 -0.0925774 5942.09              -0.0311034 1051.06 0.0370755
11.43              14.0922 -0.116327 5930.88              -0.023714 1055.45 0.0488884
11.44              23.2271 -0.0858667 5950              -0.0167224 1060.72 0.0453986
11.45              21.4949 -0.098436 5929.15              -0.006802 1063.08 0.0495137
11.46              29.4438 -0.13822 5942.78              -0.0248597 1064.77 0.0449529
11.47              17.7536 -0.118923 5942.04              -0.0230359 1072.64 0.052234
11.48              -1.06263 -0.100506 5953.57              -0.0281039 1088.01 0.0563556
11.49              27.5051 -0.0758914 5944.37              -0.0313187 1077.39 0.053772
11.5              26.5231 -0.0839758 5940.28              -0.0384373 1079.61 0.0657378
11.51              23.5058 -0.0749649 5950.78              -0.0396142 1086.07 0.0654286
11.52              20.7519 -0.0656407 5948.14              -0.0438859 1090.89 0.0668799
11.53              29.3542 -0.0465455 5947.73              -0.0472267 1090.74 0.0664544
11.54              27.7605 -0.052451 5946.7              -0.0535008 1094.58 0.0673411
11.55              34.1061 -0.0283648 5949.63              -0.0647548 1095.04 0.0666966
11.56              29.9316 -0.0310166 5950.3              -0.067797 1103.4 0.0691713
11.57              37.681 -0.0171633 5948.01              -0.0649407 1098.99 0.0689445
11.58              25.1298 0.574423 5959.58              -0.353617 1109.05 0.191791
11.59              33.4499 0.0739774 5946.53              -0.0742589 1107.6 0.0803379
11.6              41.2472 0.0371137 5953.59              -0.0665669 1108 0.0741788
11.61              45.2288 0.0228371 5949.08              -0.0631161 1107.24 0.0600006
11.62              27.6119 -0.527755 5955.88              -0.0090588 1123.59 0.232179
11.63              35.3656 -0.150323 5965.95              -0.051411 1120.07 0.110491
11.64              20.4192 0.138196 5958.88              -0.0581357 1131.75 0.00312777
11.65              44.2886 0.0139893 5957.27              -0.0468506 1121.5 0.0477022
11.66              46.2669 0.0152206 5957.43              -0.0449499 1121.55 0.0497555
11.67              29.4059 -0.0211203 5958.84              -0.027944 1132.82 0.0489905
11.68              44.066 0.239995 5965.17              -0.0742045 1130.26 -0.0205158
11.69              60.6663 -0.29132 5941.05              -0.00796779 1118.85 0.167401
11.7              69.9704 0.0509093 5954.69              -0.08247 1121.91 0.0414619
11.71              26.1795 0.118418 5966.56              -0.0610824 1141.34 0.0373988
11.72              38.7452 -0.147458 5960.8              -0.0149454 1140.16 0.0787983
11.73              29.4193 0.0895582 5977.97              -0.0499071 1152.34 0.0260683
11.74              73.0713 0.359552 5943.08              -0.0920867 1126.77 -0.0618734
11.75              49.9841 0.189895 5961.39              -0.0603145 1137.51 -0.00980491
11.76              51.6991 0.146896 5960.37              -0.0616869 1139.91 -0.00920019
11.77              31.2486 0.119572 5967.62              -0.0592916 1152.69 0.00472936
11.78              64.8402 0.119593 5957.53              -0.0478892 1137.13 -0.000361395
11.79              58.941 0.13014 5955              -0.0477975 1140.23 -0.00416544
11.8              68.7757 0.105848 5955.52              -0.0532545 1137.58 -1.42762e-05
11.81              34.3924 0.129555 5971.48              -0.0498881 1157.02 0.000222018
11.82              82.6872 0.115403 5944.26              -0.0494278 1131.36 0.000850318
11.83              47.6717 -0.197261 5967.29              0.144108 1152.23 -0.102938
11.84              55.5368 -0.111124 5958.74              -0.0101652 1147.34 -0.00305386
11.85              27.6368 -0.68373 5948.47              0.280016 1142.1 0.128621
11.86              88.4285 -0.170306 5977.73              0.0387231 1147.95 0.0418593
11.87              43.8452 0.10143 5948.42              -0.0236217 1158.78 0.0665951
11.88              61.9482 0.0245339 5966.17              -0.0150874 1145.76 0.0373542
11.89              52.1143 0.0287573 5969.16              -0.023786 1154.07 0.0294986
11.9              55.0745 0.0346418 5954.89              -0.029711 1152.15 0.0268866
11.91              38.8436 0.0298935 5983.87              -0.0251253 1162.48 0.0239678
11.92              63.8664 0.022935 5949.73              -0.0247733 1147.13 0.0223511
11.93              69.5955 0.0449575 5959.8              -0.0310055 1147.23 0.0216778
11.94              61.8961 0.0496025 5960.3              -0.0397022 1148.48 0.0236133
11.95              47.285 0.0790193 5963.63              -0.0404945 1156.8 0.0201527
11.96              48.7345 0.0534293 5970.4              -0.043054 1157.56 0.025979
11.97              52.8907 0.0596861 5968.68              -0.0509767 1157.08 0.0252382
11.98              48.6235 0.0630983 5957.29              -0.0521049 1152.29 0.0236688
11.99              100.599 0.0710919 5949.9              -0.0370333 1131.53 0.018528
12              59.304 0.0382027 5950.66              -0.0493324 1146.69 0.0354237
12.01              59.8762 0.0562592 5952.33              -0.0366724 1140.83 0.0228634
12.02              62.0948 0.128987 5970.63              -0.0596613 1153.86 0.0125821
12.03              31.9712 0.0498088 5959.75              -0.0550385 1159.67 0.0314116
12.04              93.1311 0.104214 5980              -0.0599518 1138.82 0.0349876
12.05              68.4824 0.0935191 5936.65              -0.0562878 1136.99 0.0142353
12.06              70.2647 -0.309254 5957.25              0.083661 1140.6 -0.0710335
12.07              37.0002 0.116377 6032.03              -0.0221274 1176.55 -0.0422269
12.08              18.9696 -0.00928195 5948.94              -0.0198173 1157.79 0.0338346
12.09              50.4431 -0.0598975 5968.14              -0.0213002 1146.26 0.0125673
12.1              75.5341 -0.0333096 5949.1              -0.028269 1131.72 0.0368931
12.11              96.5406 -0.326511 6201.78              0.0498112 1206.3 0.12632
12.12              19.7456 0.0848034 5744.48              -0.0757272 1088.25 0.0102277
12.13              47.6992 -0.0315523 5917.15              -0.0359567 1129.07 0.0448222
12.14              75.4792 0.898695 5991.84              -0.475662 1140.04 -0.0699231
12.15              63.8429 0.0693753 5968.08              -0.0391867 1129.56 0.0238756
12.16              72.8627 0.118705 5936.83              -0.0484704 1124.03 0.028658
12.17              52.1095 -0.00901946 5929.51              -0.0288463 1130.49 0.0265846
12.18              51.6593 -0.018867 5951.82              -0.0254462 1125.75 0.0396494
12.19              71.6138 -0.00880957 5959.76              -0.0301765 1121.88 0.0215378
12.2              45.1017 -0.0441986 5960.24              -0.0200849 1136.03 0.0203693
12.21              36.9685 -0.046439 5984.63              -0.0311685 1135.08 0.023276
12.22              26.3797 -0.0642691 5940.54              -0.0294672 1124.79 0.0128687
12.23              57.1405 -0.0763237 5776.15              -0.0275935 1072.26 0.0182086
12.24              37.072 -0.034057 5855.85              -0.0486277 1093.56 -0.000644313
12.25              77.3307 -0.0663859 6006.82              -0.0288888 1119.77 -0.00537272
12.26              31.4571 -0.0712794 5888.97              -0.0216663 1107.9 -0.0138755
12.27              70.9761 -0.0695394 5952.69              -0.0149437 1103.41 -0.0313593
12.28              49.6643 0.336906 5930.59              -0.0935357 1100.38 0.011921
12.29              45.7056 0.0109867 5929.77              -0.0291437 1103.61 -0.0255029
12.3              60.0865 -0.0131399 5911.86              -0.00662507 1081.46 -0.0466847
12.31              68.3429 -0.036463 5946.77              -0.0174286 1097.22 -0.0619991
12.32              74.5851 -0.0558832 5897.29              -0.0149113 1076.5 -0.0715985
12.33              64.5331 -0.0351536 5932.7              -7.8092e-05 1083.17 -0.0799251
12.34              40.0236 0.248417 5911.8              -0.121192 1078.93 -0.177692
12.35              60.947 0.08314 5932.94              -0.0427701 1085.76 -0.153786
12.36              75.8886 0.0498598 5907.06              -0.0435502 1066.76 -0.14523
12.37              42.6378 0.0349828 5903.3              -0.0261467 1072.95 -0.141751
12.38              37.0054 -0.00741372 5942.26              -0.0171636 1083.38 -0.145644
12.39              67.2033 -0.013265 5884.52              -0.00162483 1055.53 -0.143163
12.4              56.7573 0.00578398 6046.77              -0.0176402 1097.21 -0.160076
12.41              35.7454 -0.0140972 5837.63              0.00304732 1048.04 -0.15945
12.42              37.0812 0.0175647 5872.52              0.00780196 1049.8 -0.163616
12.43              69.6482 -0.0280011 5949.64              0.0129304 1061.32 -0.146661
12.44              22.762 -0.0727264 5883.25              0.0164072 1056.73 -0.158264
12.45              44.1758 0.0880674 5925.88              0.0308958 1053.45 -0.221822
12.46              36.6145 0.275251 5899.44              -0.126003 1043.69 -0.249006
12.47              42.1439 0.097122 5903.5              -0.0345689 1048.55 -0.207734
12.48              33.6558 -0.0354796 5904.49              -0.024909 1044.84 -0.144576
12.49              31.2466 -0.46082 5882.08              0.209714 1030.23 -0.0579632
12.5              28.1815 -0.17019 5912.79              0.0577486 1046.02 -0.127548
12.51              -5.48108 -0.0579634 5897.59              0.0479378 1049.88 -0.147416
12.52              36.6377 -0.0683452 5893.15              0.0541074 1026.84 -0.138074
12.53              -1.35816 -0.0460257 5907.54              0.0452102 1043.78 -0.14425
12.54              91.5809 -0.0475244 5868.45              0.0345024 996.36 -0.131222
12.55              46.2504 -0.00224364 5890.75              0.0357441 1014.98 -0.128194
12.56              31.6682 -0.00446086 5882.42              0.0389299 1015.41 -0.131594
12.57              59.8332 0.0478198 5933.43              0.0133155 1017.98 -0.136918
12.58              -14.1539 -0.0257826 5829.08              0.0605335 1013.55 -0.114116
12.59              14.4162 -0.0567251 5865.55              0.050126 1007.84 -0.107212
12.6              -30.0011 0.0214975 5890.19              0.0483942 1031.38 -0.0979638
12.61              23.4169 0.00111188 5885.3              0.050705 1003.5 -0.104444
12.62              18.029 0.0118915 5848.8              0.0488891 999.022 -0.0933405
12.63              12.7163 0.0341222 5874.83              0.0518323 996.805 -0.0917127
12.64              18.2769 0.0337109 5900.89              0.0507232 1000.29 -0.0857043
12.65              40.1299 -0.00280229 5814.41              0.0487952 979.639 -0.0864654
12.66              17.0934 -0.442365 5873.42              0.300156 979.861 0.042081
12.67              0.451445 -0.198745 5852.52              0.133407 989.488 -0.0190007
12.68              10.2026 -0.175421 5832.76              0.129294 975.295 -0.0192505
12.69              -39.0049 -0.152538 5883.18              0.117376 1006.46 -0.0233953
12.7              5.13658 -0.107047 5841.95              0.103974 975.249 -0.0396373
12.71              18.6045 -1.27886 5850.87              0.700692 969.173 0.108895
12.72              -33.2857 -0.440522 5828.23              0.199894 984.538 0.00435105
12.73              5.20213 -0.302704 5867.27              0.174092 972.639 -0.00985319
12.74              7.62636 -0.23491 5812.15              0.151076 956.352 -0.0163042
12.75              57.6625 -0.170695 5822.09              0.117777 939.51 -0.0303225
12.76              7.863 -0.148172 5838.56              0.106719 957.976 -0.0330115
12.77              -16.3976 -0.0907914 5829.72              0.0988357 963.269 -0.0372264
12.78              25.7458 -0.074347 5831.52              0.0876902 945.709 -0.0595653
12.79              -14.547 -0.0954761 5817.18              0.0922476 954.958 -0.0608738
12.8              15.9344 -0.127169 5823.91              0.0898541 943.279 -0.0342797
12.81              -16.4752 -0.10542 5835.1              0.0859608 954.422 -0.0472956
12.82              31.9699 -0.0920113 5785.82              0.0812267 926.909 -0.0495858
12.83              -7.48265 0.12436 5843.67              0.0619075 949.83 -0.0218493
12.84              -48.5371 0.0259036 5832.33              0.0675296 956.531 -0.0371775
12.85              28.8207 -0.00813787 5785.35              0.0695497 929.419 -0.0237346
12.86              1.00225 -0.0063575 5926.88              0.0888865 944.247 -0.0164854
12.87              -47.3471 0.334384 5785.5              -0.0252581 947.514 -0.0169858
12.88              -17.7978 0.153926 5810.24              0.0494303 939.228 -0.028896
12.89              -27.8453 -0.225018 5822.72              0.202624 941.925 -0.122456
12.9              -4.68785 0.573555 5800.47              -0.152464 928.822 0.102479
12.91              -15.7484 0.155499 5801.59              0.0572788 928.513 -0.00924542
12.92              -13.9732 0.146345 5858.33              0.0664456 934.5 0.000717301
12.93              -24.4309 0.0895713 5800.1              0.0625539 929.338 -0.00389881
12.94              -44.098 0.121266 5813.11              0.0398251 939.992 -0.0101463
12.95              -64.6121 0.0958342 5839.02              0.0603683 949.247 0.00198723
12.96              -82.2266 0.597137 5815.78              -0.37385 953.488 -0.179902
12.97              -26.5095 0.0990164 5824.65              0.0111122 930.118 -0.0453945
12.98              -82.4356 0.0709031 5812.97              0.0390169 948.451 -0.0285715
12.99              -26.8644 0.0681894 5809.99              0.0642236 925.838 -0.00399146
13              -33.8231 0.0335735 5821.55              0.0680828 927.531 0.00415205
13.01              -50.143 0.00372207 5787.97              0.0679819 931.671 0.0168605
13.02              0.666399 -0.124644 5803.79              0.102146 920.729 -0.0285292
13.03              -35.0856 0.0236886 5810.69              0.0833543 922.188 0.0169305
13.04              -40.7895 0.114629 5770.27              0.040154 921.168 0.00980623
13.05              -36.5594 0.0888595 5824.93              0.0627765 931.612 0.0186179
13.06              -57.9696 0.0207062 5781.32              0.0970008 930.809 0.0238806
13.07              -25.9951 0.087066 5807.24              0.097864 923.223 0.0387691
13.08              -47.5548 -0.791086 5765.02              0.600694 927.68 -0.137317
13.09              -55.1125 -0.119487 5831.6              0.161327 936.086 0.0180269
13.1              -57.7032 -0.0575591 5786.49              0.144817 930.96 0.0245777
13.11              -52.5454 0.0147696 5784.16              0.114152 930.009 0.0374219
13.12              -40.6275 0.00864778 5805.5              0.112425 929.308 0.0378867
13.13              -36.7289 0.0106335 5761.83              0.101827 919.638 0.0351072
13.14              -54.4358 0.0787306 5813.12              0.0890098 937.805 0.0348782
13.15              -45.9015 1.08593 5772.41              -0.447891 929.134 0.253227
13.16              -51.8836 0.354294 5797.79              -0.0138873 938.806 0.0839416
13.17              -53.0372 0.273039 5781.22              0.0107964 929.745 0.0672248
13.18              -63.2523 -0.610671 5790.1              0.3025 939.904 0.0354334
13.19              -48.3328 -0.0987939 5777.26              0.103917 932.404 0.0531028
13.2              -45.7355 -0.0201565 5788.58              0.0950522 935.072 0.0532992
13.21              -82.7598 0.0301501 5790.79              0.0759015 953.366 0.0495581
13.22              -39.9834 0.0654099 5796.13              0.077841 938.239 0.044463
13.23              -60.3601 0.0869429 5768.08              0.0690414 939.565 0.0448555
13.24              -65.1667 0.145287 5819.84              0.0643967 957.335 0.0475194
13.25              -71.2468 0.103524 5743.89              0.0571344 944.309 0.0478206
13.26              -70.5736 0.0938625 5845.46              0.069915 966.75 0.0544882
13.27              -76.1936 0.109096 5721.74              0.0488269 941.542 0.0525616
13.28              -69.7355 0.12198 5865.76              0.0483334 979.875 0.083164
13.29              -85.6079 0.0524174 5715.54              0.0391931 945.209 0.0419454
13.3              -82.4325 0.125615 5769.91              0.044781 963.247 0.0667267
13.31              -54.8548 -0.302688 5823.48              0.253248 981.487 0.139063
13.32              -117.47 -0.00213029 5799.92              0.108262 984.364 0.108847
13.33              -47.2536 0.0280271 5772.06              0.0773213 953.108 0.08279
13.34              -89.0356 0.0766352 5829.24              0.0736344 995.035 0.0941399
13.35              -90.2171 0.0183539 5763.13              0.0617025 976.958 0.0771219
13.36              -56.7692 0.101691 5830              0.0652311 984.409 0.0878168
13.37              -68.2881 0.0165525 5760.3              0.0542942 977.971 0.0753045
13.38              -96.4292 0.0684492 5836.58              0.0630934 1010.73 0.0830309
13.39              -98.4423 0.0883171 5786.69              0.0534404 996.711 0.0804857
13.4              -46.9452 0.0950422 5762.1              0.0485919 986.783 0.0770175
13.41              -70.1276 0.142431 5894.1              -0.00857709 1019.21 0.0471131
13.42              -95.2344 0.175325 5710.65              -0.000370811 984.721 0.0514225
13.43              -109.114 0.240756 5784.04              -0.0501711 1016.35 0.0654566
13.44              -34.0832 0.268492 5858.17              0.0185828 1019.58 0.0927156
13.45              -108.925 0.257656 5750.7              -0.0477294 1016.22 0.0614691
13.46              -54.0308 0.269368 5827.5              -0.0372296 1017.03 0.06158
13.47              -93.9318 0.257468 5802.08              -0.0372434 1036.97 0.0542594
13.48              -71.365 0.241187 5801.9              -0.0284127 1029.42 0.0476557
13.49              -104.327 0.248171 5832.76              -0.0219236 1051.46 0.0423694
13.5              -74.1439 0.129068 5804.16              0.102458 1045.88 0.0117362
13.51              -82.3693 0.070168 5839.86              0.0758785 1056.41 -0.00354466
13.52              -75.3785 0.111714 5784.66              0.0346353 1044.16 -0.00532302
13.53              -73.2238 0.130312 5811.48              0.0282101 1058.31 -0.0075085
13.54              -35.7489 0.135764 5967.12              0.0542921 1121.82 0.00472972
13.55              -132.047 0.121729 5693.88              0.0120223 1044.72 -0.0063939
13.56              -63.6146 0.148836 5860.88              0.0131454 1070.19 -0.00741802
13.57              -136.669 0.150921 5831.19              0.0194903 1114.37 -0.0312781
13.58              -60.4975 -0.191852 5797.07              0.10944 1077.16 -0.0809662
13.59              -45.929 0.1757 5813.27              0.000108748 1070.27 -0.0241112
13.6              -22.5904 0.243508 5823.51              -0.00253477 1083.36 -0.0389342
13.61              -109.319 0.170423 5885.98              -0.00727384 1148.77 -0.015513
13.62              -70.1655 0.0763792 5677.12              -0.0127624 1046.26 -0.00895333
13.63              4.20898 0.251851 5983.53              -0.00146475 1138.09 -0.05649
13.64              -118.946 0.164924 5738.92              -0.0153616 1126.69 -0.0470693
13.65              -28.9369 0.296164 5877.72              -0.0179198 1109.36 -0.0763278
13.66              -62.7984 0.133366 5809.42              -0.0208494 1119.65 -0.01979
13.67              -105.735 0.174084 5696.62              -0.0586501 1105.02 -0.0711057
13.68              -28.4301 -0.457154 5983.43              0.22688 1173.59 0.111207
13.69              -128.138 -0.181824 5771.4              0.0273976 1158.49 0.110897
13.7              -34.8922 0.0261105 5854.62              -0.0368949 1125.91 -0.0121422
13.71              -39.6193 -0.0185342 5919.31              0.0100918 1185.03 0.00990059
13.72              -111.379 0.0175927 5758.56              0.0233808 1178.58 0.00749191
13.73              -27.2222 0.130784 6001.96              0.00929497 1199.13 -0.032049
13.74              -70.2899 0.244605 5753.45              -0.107621 1182.65 -0.0291971
13.75              -87.8012 0.161235 5816.02              -0.0818307 1164.18 -0.0323073
13.76              -34.5764 0.142681 5884.51              -0.0804671 1186.47 -0.0331443
13.77              -69.0412 0.167467 5749.44              -0.0726359 1193.5 -0.0433243
13.78              -94.3476 0.156592 5930.59              -0.0644852 1233.51 -0.0339106
13.79              -54.479 0.210347 5986.72              -0.0246691 1279.25 0.00101502
13.8              -57.4218 0.133615 5717.09              -0.0417161 1190.95 -0.0114695
13.81              45.8686 -0.00806562 6000.99              0.0215828 1196.64 0.0147693
13.82              -44.7101 0.157074 5730.71              -0.0773878 1217.95 7.16965e-05
13.83              -24.68 0.144145 5915.97              -0.0771888 1244.71 -0.00376392
13.84              -5.22637 0.11944 5883.19              -0.0548044 1241.67 0.0194059
13.85              -88.4608 -0.00414829 5581.13              -0.0734405 1174.38 -0.0322919
13.86              39.6367 0.0315871 6100.08              -0.0404961 1287.66 -0.0112403
13.87              -93.8855 0.0273525 5711.2              -0.0260083 1284.59 -0.00398128
13.88              -20.1925 0.0179774 5954.38              -0.0335356 1275.09 0.0095529
13.89              -22.5556 0.0676667 5851.88              -0.0308282 1268.64 -0.0120643
13.9              -47.3464 -0.0944115 5769.13              -0.0455917 1273.9 0.0292149
13.91              -3.09228 -0.0307794 6008.59              -0.0316452 1315.77 0.0070845
13.92              -58.5514 -0.0888013 5753.3              -0.0268393 1287.48 0.0180391
13.93              9.20608 -0.0293146 5928.17              -0.0344746 1309.76 -0.00353565
13.94              -43.392 -0.121515 5879.99              -0.0160691 1324.52 0.0263732
13.95              -32.1735 -0.158769 5836.12              -0.0145873 1318.3 0.0297556
13.96              23.6349 -0.0994879 5920.29              -0.0208322 1320.31 -0.00245862
13.97              -37.5587 -0.0867561 5839.75              -0.0221916 1337.39 -0.0132421
13.98              0.778 -0.145042 5929.02              -0.0301969 1347.96 0.00922781
13.99              -8.11747 -0.129356 5867.32              -0.026865 1347.36 -0.00562133
14              -20.6132 -0.151718 5922.37              -0.0304928 1370.92 -0.00269299
14.01              11.2208 0.293794 5881.93              -0.275912 1351.22 0.0616827
14.02              22.766 0.000898859 5879.17              -0.0915368 1356.8 -0.0133362
14.03              -18.2288 -0.0918199 5919.37              -0.0535686 1388.7 -0.0171738
14.04              -17.6442 -0.0809 5897.45              -0.0511585 1391.61 -0.0333506
14.05              -1.0967 -0.121858 5912.28              -0.0556171 1394.6 -0.0135636
14.06              -2.28932 -0.452888 5899.49              0.0525641 1399.01 0.0751867
14.07              21.4818 -0.227632 5909.28              -0.0140795 1399.4 -0.00114883
14.08              9.17705 -0.280362 5910.72              -0.0365272 1411.75 0.0208951
14.09              23.038 -0.166841 5903.29              -0.0440293 1409.88 -0.0183912
14.1              12.5103 -0.239478 5940.29              -0.0763055 1430.77 -0.0131768
14.11              18.0144 -0.204847 5891.79              -0.0718064 1424.09 -0.0189811
14.12              22.832 -0.213766 5944.71              -0.0609198 1439.16 -0.015925
14.13              -4.11383 -0.0692215 5915.8              -0.119773 1445.87 -0.0650736
14.14              33.4254 -0.149553 5936.59              -0.0952115 1450.76 -0.0422165
14.15              41.3278 -0.151145 5931.98              -0.0968726 1448.42 -0.0307644
14.16              31.6595 -0.162561 5936.66              -0.0948755 1456.28 -0.0231238
14.17              37.1624 -0.176787 6010.04              -0.0943999 1481.37 -0.00131232
14.18              56.7286 -0.176271 5987.46              -0.0957071 1466.4 -0.0033707
14.19              16.8686 -0.203592 5825.22              -0.100664 1461.66 -0.00625392
14.2              25.7563 -0.225117 5936.45              -0.0973181 1485.7 0.00636877
14.21              70.487 -0.191201 6059.98              -0.113686 1495.32 0.00914797
14.22              31.9021 -0.281336 5865.58              -0.111354 1485.57 0.00447452
14.23              92.666 -0.164681 6220.66              -0.1186 1521.73 0.0202477
14.24              -27.5134 -0.277858 5844.3              -0.112864 1509.19 0.0347937
14.25              70.0233 -0.323958 5932.49              -0.109688 1505.09 0.0245307
14.26              55.5632 -0.323189 6038.09              -0.106759 1522.53 0.0368417
14.27              -24.3343 -0.317348 5859.78              -0.118724 1526.26 0.0211932
14.28              89.1066 -0.37972 6103.9              -0.12018 1536.37 0.0572562
14.29              36.4267 -0.0747265 5882.61              -0.18202 1513.48 0.0140516
14.3              67.0474 -0.358997 5957.71              -0.121296 1529.93 0.0666075
14.31              62.6454 -0.454836 5988.07              -0.125877 1538.63 0.0939525
14.32              22.4837 -0.264782 5981.72              -0.138386 1549.88 0.0480469
14.33              64.6041 -0.319143 5994.98              -0.132197 1545.61 0.0621761
14.34              55.7745 -0.349673 5956.92              -0.126767 1545.78 0.0640537
14.35              61.7633 -0.14855 6000.62              -0.119302 1553.17 0.0617767
14.36              20.8041 -0.546333 5810.6              -0.0912195 1554.15 0.0797469
14.37              127.087 -0.283248 6201.4              -0.141701 1547.86 0.0703766
14.38              4.47179 -0.40866 5764              -0.136472 1541.09 0.0877359
14.39              133.998 -0.289623 6174.02              -0.132726 1580.39 0.0976428
14.4              -13.9348 -0.508453 5725.11              -0.0983184 1548.63 0.0901999
14.41              92.524 -0.532941 6156.3              -0.0794554 1578.09 0.123494
14.42              88.1603 -0.536433 5944.31              -0.102942 1560.5 0.081902
14.43              63.9574 -0.485486 6008.79              -0.0975511 1571.32 0.0611792
14.44              102.257 -0.425756 6010.32              -0.134762 1568.42 0.0717889
14.45              74.2759 -0.391645 6030.72              -0.144816 1576.22 0.056269
14.46              66.4705 -0.329262 5858.75              -0.178564 1566.75 0.0729973
14.47              130.623 -0.393331 6167.88              -0.137744 1583.87 0.0350124
14.48              52.173 -0.378276 5913.41              -0.134951 1563.05 0.0238371
14.49              101.871 -0.332973 6082.67              -0.145598 1592.07 0.0156172
14.5              79.2134 -0.263454 5992.82              -0.14176 1581.14 0.0216774
14.51              68.8671 -0.377624 5971.84              -0.150196 1581.42 -0.00696688
14.52              105.11 -0.213081 6083.14              -0.182432 1585.38 -0.0340502
14.53              67.9462 -0.0976134 5995.67              -0.173974 1585.9 -0.0361306
14.54              78.1872 -0.0810265 6062.44              -0.170704 1601.64 -0.0600002
14.55              95.5178 -0.222238 6000.39              -0.160712 1576.56 -0.0280835
14.56              118.315 -0.159752 6027.58              -0.171923 1571.1 -0.0412269
14.57              77.9746 -0.199954 6024.67              -0.171021 1592.96 -0.0302586
14.58              85.5993 -0.208302 6021.89              -0.158458 1586.98 -0.0415371
14.59              87.5856 -0.169417 6042.96              -0.147953 1590.67 -0.0353072
14.6              64.0148 -0.232109 6034.68              -0.161277 1599.14 -0.0321598
14.61              76.7149 -0.236451 6016.3              -0.142866 1586.36 -0.0239856
14.62              99.0381 -0.202884 6014.42              -0.133816 1571.09 -0.0389821
14.63              91.8098 -0.289179 6025.78              -0.127248 1583.1 -0.0121826
14.64              88.4734 -0.230516 6022.08              -0.130334 1580.1 -0.0128558
14.65              91.6973 -0.282891 6047.67              -0.120931 1581.58 -0.026144
14.66              93.0713 -0.276188 6000              -0.113948 1568.85 -0.0224399
14.67              99.6273 -0.29138 6072.64              -0.0986444 1585.71 -0.00263509
14.68              88.306 -0.321064 6009.49              -0.122915 1571.54 -0.00699354
14.69              91.2295 -0.311422 6051.33              -0.0876751 1570.73 -0.0224222
14.7              119.83 -0.303871 6009.26              -0.117994 1555.78 -0.0141483
14.71              104.317 -0.146449 6032.41              -0.137949 1557.68 -0.0474547
14.72              101.141 -0.257517 6051.98              -0.126231 1571.23 -0.0377432
14.73              103.195 -0.200507 6051.56              -0.114206 1567.36 -0.0300247
14.74              123.546 -0.123899 6140.52              -0.141264 1590.64 -0.0433053
14.75              80.1547 -1.26434 5997.32              0.30595 1546.93 -0.217914
14.76              117.242 -0.401992 6067.19              -0.0762139 1554.17 -0.0412871
14.77              108.853 1.03249 6028.94              -0.600695 1545.09 0.198929
14.78              110.202 0.000223223 6013.55              -0.122839 1542.07 -0.000103192
14.79              93.3154 -0.0389385 6091.99              -0.102819 1564.98 -0.0240232
14.8              83.5469 -0.109262 5972.82              -0.0838104 1514 0.0127985
14.81              121.408 -0.156951 6081.59              -0.0946041 1550.36 -0.0188374
14.82              97.6191 -0.148569 5995.08              -0.0929058 1525.3 -0.0111458
14.83              97.5833 -0.139852 6036.88              -0.0813816 1517.7 -0.012988
14.84              100.727 -0.0950482 6067.28              -0.0717761 1525.59 -0.0087469
14.85              81.763 -0.0924472 5918.11              -0.0621112 1475.8 -0.0232016
14.86              129.345 -0.158235 6142.62              -0.0791997 1543.61 -0.0424485
14.87              62.6461 -0.159553 5952.34              -0.085775 1508.8 -0.0617375
14.88              98.8009 -0.122164 6038.82              -0.0683271 1496.38 -0.0316581
14.89              112.378 -0.077621 6028.8              -0.0783655 1480.51 -0.0634306
14.9              85.4814 -0.0753612 5993.15              -0.0686272 1495.86 -0.07026
14.91              113.78 -1.88314 6050.28              0.363613 1483.27 -0.0412961
14.92              80.1682 -0.165807 5983.96              -0.0495992 1465.17 -0.174485
14.93              112.101 0.399925 5924.57              -0.294036 1400.19 0.242038
14.94              111.363 -0.0233579 6090.79              -0.0548897 1490.87 0.0125672
14.95              55.5881 0.0695947 5972.24              -0.0682546 1472.72 -0.0523454
14.96              189.496 -0.491648 6183.25              -0.0209422 1493.43 0.0435253
14.97              -167.012 -0.0477093 5304.03              -0.0539855 1287.41 0.0154531
14.98              66.9136 0.0418338 5882.48              -0.0526227 1394.1 0.00880226
14.99              309.478 0.00433408 6671.56              -0.0506625 1588.11 0.0394837
15              7.26844 0.289232 5803.75              -0.147063 1389.41 -0.050462
15.01              99.3791 -0.758724 5900.08              0.263999 1335.88 0.175732
15.02              150.148 -0.1674 6152.53              -0.00332216 1442.47 0.0835683
15.03              -7.44036 -0.142085 5838.52              -0.0299924 1398.86 0.0527547
15.04              109.729 -0.0593372 6128.02              -0.031936 1411.24 0.0644022
15.05              70.234 0.0114438 5928.21              -0.0429965 1375.31 0.050565
15.06              83.8195 -0.0147019 5997.04              -0.0208557 1382.31 0.0840833
15.07              100.826 -0.0104997 6007.29              -0.0408575 1353.86 0.0623593
15.08              49.2763 -0.0152648 5930.01              -0.0424905 1361.3 0.0447652
15.09              116.768 0.0225858 6052.99              -0.0324132 1363.25 0.0270734
15.1              73.6916 0.119928 5947.14              -0.0826714 1331.23 0.00770779
15.11              32.4304 0.0820712 5994.8              -0.0269598 1362.03 0.0276856
15.12              75.7816 0.0409037 6032.84              -0.0244476 1353.31 0.0329267
15.13              26.5294 0.04703 5935.06              -0.0438369 1327.08 0.00144624
15.14              42.1492 1.49122 6085.19              -0.628482 1370.36 -0.233944
15.15              45.5576 -0.0871362 5900.65              0.113261 1279.51 0.0693189
15.16              59.7023 -0.0365565 6016.31              0.00925944 1321.92 0.051095
15.17              31.159 -0.0372781 5975.82              -0.00521428 1315.49 0.0120223
15.18              56.167 -0.0688307 6087.94              0.0233879 1323.91 0.0416506
15.19              63.0368 0.582116 5905.06              -0.134783 1256.46 -0.0497782
15.2              40.6073 0.185856 5913.9              -0.0474345 1267.21 -0.0138671
15.21              65.7174 0.839365 5984.96              -0.352538 1271.67 -0.240844
15.22              58.8212 0.533518 6041.82              -0.188584 1282.45 -0.159065
15.23              -0.349275 0.458828 5886.98              -0.137217 1233.75 -0.151398
15.24              106.94 -0.0275444 5967.62              0.0563387 1208.98 -0.00655608
15.25              17.5702 0.195877 5915.11              -0.0648648 1243.03 -0.054176
15.26              74.3291 0.195865 6088.65              -0.0681306 1264.07 -0.0467886
15.27              -42.6769 0.447768 5877.06              -0.0622446 1218.65 -0.129165
15.28              36.9445 0.298556 6011.57              -0.062164 1237.14 -0.0739803
15.29              47.1627 0.0127712 5866.37              -0.0745812 1157.56 0.00944508
15.3              4.13756 0.453048 5749.06              -0.230823 1138.79 -0.13455
15.31              70.0818 0.212546 6040.16              -0.13067 1208.91 -0.0563755
15.32              2.57263 0.374679 5839.78              -0.125205 1168.54 -0.0648126
15.33              62.3756 0.410172 6025.88              -0.11458 1186.75 -0.0604302
15.34              32.7341 0.366025 5930.4              -0.107483 1157.37 -0.0565016
15.35              -12.0344 0.41671 5904.33              -0.124531 1168.72 -0.0517803
15.36              20.6961 0.405989 5938.77              -0.127816 1144.44 -0.0483851
15.37              53.6479 0.364068 5995.41              -0.130686 1159.61 -0.0552109
15.38              -32.0684 -0.454364 5777.93              0.312005 1110.55 0.0648808
15.39              57.5264 0.649164 6132.83              -0.285558 1175.12 -0.0579997
15.4              131.118 0.717196 6197.53              -0.261826 1148.1 -0.0766558
15.41              16.35 1.28262 5792.38              -0.516017 1079.17 -0.267615
15.42              -81.7779 -0.202517 5790.83              0.282276 1114.99 0.277651
15.43              24.2683 0.277185 5982.68              -0.0524666 1113.18 0.0793796
15.44              92.3917 0.462672 6219.96              -0.158791 1148.45 -0.0420947
15.45              -170.973 -0.883313 5309.88              0.338406 986.851 0.310836
15.46              -47.8458 0.110542 5795              0.0394226 1081.91 0.0404525
15.47              21.2151 0.0420194 5982.81              -0.0136622 1078.51 0.0581117
15.48              -45.7104 0.158849 5835.58              -0.034972 1076.58 0.0440051
15.49              7.78905 0.224025 5888.72              -0.0493271 1067.33 0.0269494
15.5              -15.2058 0.145409 5831.47              -0.0502865 1049.28 0.0237349
15.51              -11.5202 0.118285 5855.69              -0.0432219 1036.51 0.0100431
15.52              -50.5449 0.266568 5861.04              -0.0815216 1068.08 -0.0396951
15.53              -19.9774 0.199001 5794.39              -0.0757369 1028.41 -0.0311814
15.54              -13.709 0.273571 5839.48              -0.0755933 1026.72 -0.0615944
15.55              -41.9998 -1.14262 5850.76              0.634082 1049.68 -0.340514
15.56              -19.5136 0.88384 5932.78              -0.646417 1041.85 0.175749
15.57              33.001 0.656316 5918.41              -0.368609 1018.81 -0.127905
15.58              -42.2841 0.111492 5861.56              -0.0181226 1033.19 -0.0568632
15.59              -13.6034 0.149646 5929.97              -0.0236641 1020.48 -0.0851816
15.6              -89.0967 -0.986794 5753.81              0.283868 1015.9 -0.130967
15.61              -51.6971 0.662302 5833.5              -0.362586 1006.93 -0.36607
15.62              -45.8989 0.532861 5852.95              -0.161815 1026.45 -0.134772
15.63              -43.602 0.308366 5816.16              -0.107935 992.232 -0.159128
15.64              -57.0459 0.307583 5823.25              -0.0584805 996.714 -0.130752
15.65              -53.1227 0.261109 5801.06              -0.0476308 1011.61 -0.134642
15.66              -74.8355 0.0480914 5728.39              -0.0191277 948.411 -0.177015
15.67              -28.4978 0.123524 5864.82              0.00294898 994.092 -0.128486
15.68              -141.64 0.155527 5774.86              -0.0189869 1017.13 -0.136223
15.69              -84.882 0.0396349 5815.04              0.00788164 994.402 -0.107341
15.7              -84.56 0.22847 5775.45              -0.023738 981.678 -0.117223
15.71              -80.0169 -0.0298181 5822.65              0.0568076 983.315 -0.12244
15.72              -129.014 -0.0422761 5805.9              0.0463325 1000.98 -0.109047
15.73              -129.796 0.00455072 5807.18              0.0569961 1004.47 -0.106936
15.74              -63.7659 0.00410799 5765.29              0.0554962 966.203 -0.133138
15.75              -82.8255 -0.027354 5766.58              0.0691876 974.209 -0.108586
15.76              -99.6191 -0.134629 5786.1              0.0938303 984.606 -0.0885054
15.77              -93.025 0.388095 5755.1              0.00906984 983.879 -0.038272
15.78              -59.3145 0.0649134 5759.99              -0.00701789 953.796 -0.139879
15.79              -82.5529 -0.0180716 5773.33              0.0364759 971.467 -0.0983828
15.8              -110.609 -0.0133158 5755.55              0.030812 991.547 -0.0941605
15.81              -109.475 0.0622699 5774.38              0.0347091 979.305 -0.0854013
15.82              -89.3533 0.154279 5896.8              0.0366912 1000.7 -0.0574914
15.83              -97.7698 0.777978 5804.38              -0.30088 988.951 -0.259951
15.84              -116.535 -0.011678 5718.81              0.121768 984.928 -0.0963721
15.85              -122.063 0.193975 5739.88              0.0708204 990.87 -0.127271
15.86              -46.6059 0.122836 5751.37              0.0510569 968.604 -0.0933025
15.87              -191.016 0.0326882 5774.02              0.0429542 1017.7 -0.146691
15.88              -137.068 0.141327 5786.41              0.0957964 982.947 -0.0325396
15.89              -83.9298 0.0783947 5720.09              0.0478711 993.969 -0.109087
15.9              -163.612 0.162498 5761.28              0.0559411 1031.5 -0.101583
15.91              -91.4027 0.271009 5774.06              0.0515078 1033.46 -0.0919669
15.92              -137.939 0.470363 5776.51              -0.161631 982.637 -0.233618
15.93              -148.059 0.0617346 5681.49              0.176638 1010.86 -0.130717
15.94              -171.807 -0.0620695 5785.49              0.109764 1044.99 -0.122796
15.95              -158.293 0.276266 5718.78              -0.0437843 1026.81 -0.144238
15.96              -64.1162 0.277241 5931.96              0.0499505 1035.47 -0.0972308
15.97              -190.473 0.0968804 5649.44              0.0451589 1023.29 -0.0738715
15.98              -158.223 0.161952 5675.39              0.0538173 1026.48 -0.0923117
15.99              -160.8 0.0191786 5804.62              0.0762771 1061.4 -0.0830461
16              -112.747 0.156208 5707.26              -0.0110243 1043.47 -0.0820516
16.01              -209.117 0.168106 5737.36              0.00257799 1062.33 -0.125656
16.02              -176.539 -0.140109 5759.94              0.0767775 1055.44 -0.110816
16.03              -148.698 -0.893751 5679.67              0.293433 1050.04 -0.227066
16.04              -176.223 0.77476 5783.2              -0.33361 1089.89 0.129447
16.05              -166.075 0.134033 5673.51              0.0598088 1062.74 -0.059479
16.06              -117.768 -0.0593993 5845.65              0.0734758 1084.98 -0.0678922
16.07              -164.355 -0.0263523 5599.59              0.0986265 1076.94 -0.0253363
16.08              -128.143 -1.0597 5861.69              0.360434 1116.59 0.262031
16.09              -208.067 -0.230608 5584.63              0.169512 1068.58 0.0379922
16.1              -122.962 1.74441 5862.13              -0.30229 1119.23 -0.601017
16.11              -144.935 -0.0591706 5665.93              0.122972 1098.57 -0.0182024
16.12              -117.514 -0.231576 5909.94              0.143618 1180.78 -0.00589573
16.13              -185.05 -0.140459 5614.45              0.126694 1095.73 0.0398211
16.14              -102.531 -0.113968 5871.78              0.108092 1195.63 0.0318602
16.15              -90.2421 0.149741 5878.01              0.0726535 1130.25 0.103876
16.16              -221.862 -0.116107 5560.29              0.122591 1124.39 0.0551202
16.17              -158.071 -0.157214 5636.81              0.106265 1153.58 0.0718866
16.18              -191.571 -0.186461 5500.84              0.104057 1109.96 0.0440273
16.19              -78.1284 -0.210702 6033.47              0.10737 1256.77 0.106577
16.2              -265.063 -0.137642 5353.45              0.0921744 1120.82 0.0744423
16.21              -76.0838 -0.119549 5916.38              0.091293 1208.75 0.0983836
16.22              -152.363 0.0698697 5676.17              0.0776166 1201.35 0.125563
16.23              -202.174 0.0050996 5774.96              0.0628935 1253.2 0.169926
16.24              -144.737 0.67166 5696.32              -0.31021 1212.36 -0.00777382
16.25              -168.074 0.250451 5756.83              -0.0169647 1238.77 0.122788
16.26              -97.261 0.0435852 5744.51              -0.0153713 1228.38 0.180991
16.27              -93.9985 -0.362307 5677.97              0.112055 1237.4 0.0455237
16.28              -150.795 -0.384941 5667.57              0.0749973 1247.39 0.144184
16.29              -191.743 -0.252792 5726.39              0.077542 1268.02 0.0877431
16.3              -81.3857 -0.161867 5744.01              0.0471634 1275.14 0.0709292
16.31              -132.18 -0.1951 5741.91              0.0349114 1303.24 0.0962165
16.32              -146.687 -0.152947 5674.72              0.0424237 1285.31 0.0955594
16.33              -90.8429 -0.307715 5849.56              0.170971 1348.17 0.149207
16.34              -153.356 -0.163009 5607.25              0.0102233 1291.87 0.0785578
16.35              -144.997 -0.166765 5785.57              0.00142762 1351.27 0.0995989
16.36              -109.741 -0.945569 5879.27              0.614321 1406.72 0.26481
16.37              -133.064 -0.471724 5704.33              0.104943 1368.16 0.158333
16.38              -81.4385 -0.170926 5865.13              0.052467 1381.63 0.137679
16.39              -101.651 -0.498521 5636.99              0.00116196 1347.42 0.245788
16.4              -118.127 0.0418681 5763.26              -0.0836921 1414.1 0.00849032
16.41              -98.0226 -0.330518 5757.55              -0.0291227 1394.83 0.20916
16.42              -84.7351 0.36392 5757.46              -0.114034 1440.76 -0.100929
16.43              -91.9321 0.955859 5774.54              -0.672469 1407.32 -0.158001
16.44              -98.5787 0.116397 5703.81              -0.161112 1415.4 0.0102157
16.45              -68.5211 -0.0674762 5768.65              -0.104289 1454.58 0.0630455
16.46              -67.5344 -0.123944 5718.51              -0.0120038 1443.96 0.117801
16.47              -58.2282 -0.156567 5756.4              -0.0357009 1466.58 0.0891121
16.48              -65.3621 0.0211123 5980.44              -0.0775693 1596.79 0.0986317
16.49              -99.5899 -0.119633 5453.73              -0.0608577 1400.15 0.0941934
16.5              15.394 0.0631773 6080.18              -0.0704533 1562.43 0.0294659
16.51              -92.5147 0.000289224 5587.93              -0.082163 1521.57 0.0794111
16.52              -36.4436 -0.131612 5903.91              -0.0784549 1573.94 0.115001
16.53              -43.9963 -0.13826 5779.03              -0.0805402 1540.84 0.11366
16.54              -71.45 -0.245489 5768.27              -0.0336146 1589.81 0.15839
16.55              -43.8118 -0.169874 5916.62              -0.0613495 1628.71 0.13202
16.56              -81.4383 -0.138206 5821.75              -0.073086 1642.1 0.137597
16.57              -42.0318 0.0125322 5813.27              -0.102632 1610.39 0.0968525
16.58              -12.7816 -0.0944327 5897              -0.104898 1650.36 0.0997324
16.59              -50.7815 -0.0958199 5750.29              -0.0994899 1636.49 0.0871546
16.6              -13.7489 -0.13492 5900.32              -0.0939532 1668.98 0.0842623
16.61              -15.6454 -0.167584 5780.08              -0.0977115 1647.44 0.0773656
16.62              -12.3458 0.323384 5855.88              -0.28491 1694.32 -0.116748
16.63              -19.4523 -0.0319185 5827.26              -0.131108 1687.48 0.00910826
16.64              -10.5169 -0.34963 5847.34              -0.0104999 1713.9 0.109538
16.65              -19.2683 -0.255294 5836.18              -0.0625284 1717.08 0.0855435
16.66              -2.765 -0.233175 5861.98              -0.0728425 1737.56 0.0837383
16.67              -2.13619 -0.251558 5774.34              -0.0732611 1714.01 0.0790855
16.68              29.4105 -0.45697 5896.71              -0.00854208 1755.85 0.111103
16.69              -2.11141 -0.287311 5877.47              -0.0747244 1797.03 0.0833448
16.7              11.0069 -0.204786 5823.58              -0.0762143 1769.09 0.0937307
16.71              45.5892 -0.141952 5916.11              -0.124427 1792.84 0.0875111
16.72              -31.1269 -0.238277 5846.42              -0.0875453 1824.57 0.0972801
16.73              67.7981 -0.192965 5874.54              -0.112011 1798.84 0.0878996
16.74              36.4629 -0.253752 5873.5              -0.104936 1821.6 0.0975976
16.75              -19.9758 -0.0511905 5866.3              -0.163384 1856.27 0.0475888
16.76              48.7531 -0.221011 5945.56              -0.104222 1866.51 0.10509
16.77              2.41787 -0.517106 5838.83              0.0341067 1857.54 0.178687
16.78              36.8448 -0.239702 5981.3              -0.101806 1904 0.103463
16.79              63.6265 -0.203495 5938.08              -0.108292 1889.17 0.0944872
16.8              47.9629 -0.190762 5909.21              -0.108612 1894.31 0.0891256
16.81              62.1179 -0.21705 5897.28              -0.103845 1892.92 0.0803284
16.82              -19.372 0.000474396 5392.09              -0.194107 1783.23 -0.0223484
16.83              121.368 -0.270147 6200.53              -0.0939194 1986.59 0.10373
16.84              79.1836 -0.241545 6053.11              -0.100875 1977.76 0.0861612
16.85              24.2372 -0.236011 5790.61              -0.0990067 1922.2 0.0754018
16.86              122.554 -0.225884 6069.95              -0.100933 1963.35 0.071689
16.87              137.076 -0.184667 5932.81              -0.112289 1953.1 0.0568176
16.88              60.6421 -0.257245 5910.97              -0.0618554 1971 0.0978504
16.89              101.675 -0.304077 6085.92              -0.0870173 2005.53 0.0715969
16.9              80.4734 -0.238196 5873.46              -0.0943681 1981.1 0.0453654
16.91              124.531 -0.23098 6055.3              -0.0970694 2015.43 0.0378099
16.92              64.6552 -0.222013 5983.57              -0.0982471 2025.78 0.0329858
16.93              57.4784 -0.128085 5985.52              -0.0889277 2036.83 0.00748109
16.94              117.101 -0.286283 6062.16              -0.093725 2051.35 0.0358258
16.95              75.4022 -0.256884 5895.82              -0.0851401 2016.04 0.0180488
16.96              143.761 -0.237733 6099.36              -0.0778569 2059.12 0.0127721
16.97              81.8509 -0.238874 5935.64              -0.082105 2042.22 0.017879
16.98              141.944 0.187275 6031.21              -0.197763 2057.45 0.0321772
16.99              113.139 -0.0755132 6039.93              -0.106289 2064.64 -0.00739093
17              128.25 -0.368882 5960.38              0.0173526 2044.69 -0.00436309
17.01              190.661 -0.295345 6061.05              -0.0850167 2053.45 0.0481083
17.02              116.074 -0.407141 5979.73              -0.0173468 2066.37 0.0176209
17.03              167.57 -0.276272 6045.27              -0.0555605 2062.87 0.0211063
17.04              162.099 -0.239535 6022.78              -0.0629877 2066.49 0.0235845
17.05              163.161 -0.218555 6018.19              -0.0653581 2065.06 0.0258979
17.06              132.618 -0.223442 6055.61              -0.0631742 2096.43 0.0320332
17.07              117.264 -0.187604 6040.18              -0.0607931 2096.73 0.0292001
17.08              140.451 -0.165731 6056.5              -0.0695167 2096.41 0.0223515
17.09              130.452 -0.0991342 6051.41              -0.0629327 2100.28 0.000255066
17.1              145.042 -0.149688 6032.75              -0.0570647 2093.31 0.0228363
17.11              137.141 -0.115836 6076.28              -0.0566414 2108.73 0.0650261
17.12              167.013 -0.20355 6041.87              -0.0626127 2080.06 0.037965
17.13              140.018 -0.189321 6064.96              -0.0636773 2104.18 0.0426102
17.14              156.851 -0.154147 6065.22              -0.0590284 2098.13 0.0407391
17.15              133.906 -0.145778 6068.19              -0.0513741 2103.76 0.0482784
17.16              155.769 -0.135834 6058.64              -0.0508676 2096.86 0.0362167
17.17              140.283 -0.115636 6088.08              -0.0538753 2110.59 0.0338884
17.18              143.057 -0.1006 6057.91              -0.0392461 2097.88 0.0204446
17.19              163.537 -0.0751816 6106.42              -0.0298472 2105.37 0.0485061
17.2              142.145 -0.166256 6100.86              -0.0577707 2109.31 0.0282869
17.21              147.38 -0.102476 6061.41              -0.0448058 2091.62 0.0179694
17.22              147.913 -0.127944 6099.16              -0.0405441 2102.03 0.0380111
17.23              149.768 -0.0833092 6080.52              -0.0429562 2095.03 0.00605723
17.24              142.204 0.0105503 6057.05              -0.000630835 2085.97 0.0344659
17.25              180.229 -0.099291 6110.35              -0.0197839 2087.25 -0.0175859
17.26              169.231 -0.456377 6074.33              0.0982751 2075.8 0.0171646
17.27              148.475 -0.202078 6069.73              -0.0221277 2076.71 0.0283973
17.28              163.666 -0.0986322 6083.43              0.00724605 2068.26 0.0417387
17.29              136.866 -0.218286 6085.94              -0.0163278 2078.99 0.00424438
17.3              140.834 -0.218907 6094.78              -0.0827402 2083.35 -0.0146449
17.31              154.977 -0.0394844 6100.51              0.00108112 2067.8 -0.00296894
17.32              157.665 0.319039 6094.9              -0.198997 2054.69 -0.0198063
17.33              157.976 -0.0167883 6110.07              -0.0231871 2059.93 -0.0410607
17.34              102.954 0.0394826 6064.26              -0.0032611 2062.02 -0.0231402
17.35              200.774 -0.0574254 6095.36              -0.00191655 2021.06 -0.0417661
17.36              122.023 -0.0884107 6084.64              -0.0177517 2047.72 -0.0465886
17.37              184.654 0.0470136 6101.38              -0.00329681 2015.97 -0.0572724
17.38              141.168 -0.092516 6132.96              -0.0238739 2052.75 -0.042177
17.39              128.953 -0.0809104 6048.53              -0.028294 2014.87 -0.0514594
17.4              141.413 -0.0368161 6192.82              -0.0222239 2049.29 -0.0583894
17.41              124.21 -0.00284198 6062.35              -0.00958554 2008.41 -0.0540317
17.42              175.178 -0.132077 6073.02              -0.00850783 1971.3 -0.0138779
17.43              130.916 -0.0803341 6141.25              -0.0283096 2024.47 -0.0683179
17.44              121.406 -0.0436742 6063.13              -0.0187214 1991.59 -0.0459706
17.45              132.169 0.0923141 6093.24              0.0136138 1977.2 -0.019393
17.46              141.523 -0.0638001 6090.23              -0.0306502 1967.3 -0.087064
17.47              82.9731 -0.0870389 6078.01              -0.021799 1984.71 -0.0133855
17.48              130.008 0.30092 6096.58              -0.204161 1946.98 -0.137952
17.49              162.834 0.108419 6062.17              -0.0788662 1932.78 -0.0876625
17.5              88.5029 -0.0244302 6075.79              -0.0658813 1953.8 -0.020803
17.51              119.07 0.0894242 6080.95              -0.0672962 1915.62 -0.0465064
17.52              113.074 0.0498361 6080.94              -0.0758262 1923.98 -0.0623205
17.53              136.319 -0.0232473 6037.93              -0.0531422 1896.16 -0.01743
17.54              135.97 0.11651 6159.68              -0.0846991 1930.27 -0.0753958
17.55              39.2561 -0.398403 5993.17              0.194581 1884.96 0.174207
17.56              175.879 0.26466 6198.25              -0.0789569 1902.62 -0.00799799
17.57              53.2909 0.188063 6019.64              -0.0537418 1907.24 -0.0345767
17.58              123.117 0.0174773 6053.12              -0.0106318 1829.49 0.0522796
17.59              148.851 -0.0276413 6114.21              -0.0415249 1827.22 0.0284184
17.6              75.0401 0.0527309 5995.15              -0.0516701 1847.96 0.00599792
17.61              128.302 -0.292717 6130.87              0.0161285 1831.69 0.212034
17.62              64.4003 -0.0442233 6032.97              -0.0346665 1828.34 0.0776951
17.63              89.7061 0.355727 6011.62              -0.126472 1772.51 -0.209821
17.64              133.477 0.0412957 6047.15              -0.00289311 1774.51 0.0633661
17.65              80.5657 0.0347197 6036.71              -0.0327085 1803 0.0388213
17.66              95.1342 -1.55386 6003.45              0.481966 1713.94 -0.0574276
17.67              138.674 1.3223 6197.57              -0.601199 1799.81 0.040151
17.68              108.427 0.0732332 5884.21              -0.0835143 1674.61 -0.00804997
17.69              102.73 0.123951 6173.19              -0.11289 1778.1 -0.0186863
17.7              385.343 0.636357 7009.18              -0.180348 2019.88 -0.102275
17.71              -164.04 -0.204277 5258.12              -0.0540324 1454.84 0.0109301
17.72              -83.1533 -0.45552 5593.92              0.0538093 1569.05 0.152591
17.73              176.263 -1.4565 6404.92              0.604587 1804.85 0.312934
17.74              -5.26791 -1.01561 5842.61              0.130022 1642.3 0.14077
17.75              68.0195 -0.123744 5986.66              -0.101003 1614.82 -0.0174143
17.76              106.863 -0.097699 6178.29              -0.0922462 1692.36 -0.00797464
17.77              0.15869 -0.101121 5952.47              -0.0241657 1662.17 0.028729
17.78              121.547 0.7292 6023.81              -0.289422 1543.85 -0.127306
17.79              90.4161 0.177706 6044.57              -0.122955 1626.04 -0.0557574
17.8              0.412442 0.143599 5860.1              -0.117575 1570.14 -0.0722015
17.81              142.295 0.0793418 6077.53              -0.098454 1563.93 -0.0250524
17.82              -38.2207 -0.268608 5880.98              -0.0524887 1554.89 -0.0202175
17.83              26.0353 0.113225 6115.6              -0.119179 1618.41 -0.00498887
17.84              31.1883 -0.0323975 5964.21              -0.105488 1535.65 -0.0318568
17.85              32.4338 1.38586 5893.38              -0.79609 1474.19 -0.271795
17.86              88.4579 -0.0334972 6086.07              -0.0434432 1542.68 -0.00243016
17.87              34.3333 0.0405205 6109.14              -0.0732776 1586.63 -0.0235282
17.88              29.1347 -0.0812037 5871.63              -0.0154737 1421.41 -0.00173952
17.89              97.1264 -0.0110197 6031.76              -0.107804 1477.73 -0.0451511
17.9              -32.1813 0.117065 5909.05              -0.127823 1470.67 -0.0515601
17.91              37.8184 -0.314235 6015.81              0.0578326 1464.47 0.101339
17.92              32.9998 -0.115576 6019.06              -0.0129218 1475.58 0.0408974
17.93              39.7522 -0.0698987 5937.56              -0.029507 1407.89 0.0130927
17.94              57.7055 -0.121603 5942.93              -0.0449181 1399.31 -0.020262
17.95              -55.7761 -0.123572 5974.99              -0.0561891 1450.96 -0.0484714
17.96              17.8747 0.67737 6045.95              -0.338757 1409.29 -0.26499
17.97              -15.8766 0.258704 5780.39              -0.188026 1319.04 -0.193002
17.98              63.0715 0.135602 5976.87              -0.146791 1357.58 -0.139524
17.99              -4.93525 0.209419 5988.95              -0.125975 1391.01 -0.196558
18              -26.9907 -0.0868625 5888.63              -0.141348 1334.13 -0.0968095
18.01              -7.51227 0.145255 5893.1              -0.126222 1314.79 -0.152743
18.02              24.1017 0.135399 5996.92              -0.128504 1352.61 -0.155157
18.03              -76.8837 -0.161463 5846.78              0.0134378 1302.49 -0.0536465
18.04              42.2192 0.0704414 5962.16              -0.0781943 1291.94 -0.117165
18.05              -51.9642 -0.314107 5849.69              -0.0218968 1276.45 -0.0678015
18.06              2.7038 -0.668034 5919.39              0.232841 1262.75 0.0915427
18.07              -1.90649 -0.319468 5974.18              0.0269772 1296.13 -0.0132021
18.08              -56.951 -0.233733 5789.66              -0.0111186 1225.35 -0.0454676
18.09              29.2277 -0.106279 5901.4              -0.0499639 1231.09 -0.0704788
18.1              1.65525 0.609272 5772.08              -0.406582 1181.71 -0.321592
18.11              -24.4233 0.176445 5915.71              -0.188615 1238.08 -0.164686
18.12              -62.2118 0.260385 5893.91              -0.172285 1242.73 -0.176979
18.13              -37.9315 0.133258 5806.44              -0.164957 1186.21 -0.129225
18.14              -85.6748 0.16436 5999.44              -0.115345 1260.78 -0.119422
18.15              -84.0127 -0.00433483 5490.48              -0.241785 1083.81 -0.170625
18.16              143.494 0.254511 6194.24              -0.141782 1224.37 -0.153315
18.17              -257.629 0.662427 5535.09              -0.419883 1142 -0.24999
18.18              81.5761 0.384567 6156.22              -0.222432 1218.53 -0.168013
18.19              -91.8732 0.539597 5846.21              -0.256885 1160.05 -0.203993
18.2              -93.7837 0.150375 5806.57              -0.235069 1163.62 -0.171327
18.21              70.6925 0.275716 6147.11              -0.203443 1212.24 -0.167344
18.22              -185.218 0.180864 5600.23              -0.192889 1097.82 -0.154065
18.23              -8.98071 0.12705 6058.45              -0.199606 1189.19 -0.195572
18.24              -52.0675 0.138676 5933.87              -0.198718 1149.73 -0.155353
18.25              -127.752 0.161249 5691.72              -0.17395 1093.09 -0.129564
18.26              134.459 0.303598 6545.43              -0.177734 1242.6 -0.131179
18.27              -307.282 1.02964 5004.18              -0.533349 955.179 -0.408885
18.28              165.991 0.720767 6552.56              -0.352832 1215.42 -0.232249
18.29              -190.574 0.250303 5427.54              -0.23084 1040.13 -0.165533
18.3              -146.067 0.440883 5891.71              -0.269377 1115.97 -0.199197
18.31              1.83023 0.166064 5928.64              -0.194236 1100.73 -0.129111
18.32              -187.568 0.143021 5545.8              -0.181007 1054.06 -0.130385
18.33              -93.1424 -0.372863 5642.87              -0.0468485 1066.15 -0.00227117
18.34              -53.1204 1.32905 6163.75              -0.604743 1116.5 -0.41927
18.35              -243.816 0.542831 5327.5              -0.321194 1012.32 -0.211675
18.36              81.6314 0.603752 6170.26              -0.191898 1118.3 -0.191532
18.37              -210.645 0.38104 5441.47              -0.17984 1014.93 -0.173454
18.38              -59.0293 0.00525732 5991.94              -0.274879 1093.46 -0.203676
18.39              -160.964 0.193772 5653.35              -0.221861 1057.74 -0.0980285
18.4              -108.869 -0.674068 5748.15              0.000419683 1029.3 0.155441
18.41              -65.4405 -1.53719 5832.97              0.733042 1071.47 0.0828538
18.42              -207.263 0.262715 5546.05              -0.0438923 1050.01 -0.113968
18.43              -83.3307 -0.110712 5868.59              -0.0534151 1075.25 -0.109653
18.44              -156.902 0.0462494 5822.25              -0.11805 1016.36 -0.078164
18.45              -218.252 1.07558 5566.06              -0.375917 1077.31 -0.361819
18.46              -32.5748 -0.224122 5995.08              -0.0100839 1081.62 -0.0287361
18.47              -185.587 -0.171586 5594.17              -0.0482352 1041.76 -0.00187655
18.48              -146.075 -0.0334514 5783.36              -0.0876344 1072.23 -0.00797512
18.49              -154.2 -0.153993 5666.76              -0.0245964 1054.95 0.00170765
18.5              -167.322 0.922345 5577.25              -0.796411 1082.76 -0.358337
18.51              115.121 0.302233 6514.6              -0.288676 1127.37 -0.126867
18.52              -459.08 -0.350231 4748.13              -0.0115991 1012.48 0.0053478
18.53              37.4675 0.203157 6443.41              -0.140815 1094.61 -0.0977865
18.54              -309.2 -0.00306318 5170.32              -0.0123798 1068.34 -0.0611468
18.55              -77.3001 0.147222 6085.45              -0.108985 1081.32 -0.0857455
18.56              -260.951 -0.365749 5301.72              0.0355234 1085.51 0.00342392
18.57              -148.479 0.476946 5922.96              -0.11629 1082.88 0.0215293
18.58              -231.773 -0.498337 5445.31              0.0339849 1089.43 -0.0726797
18.59              -110.381 0.0630362 5993.37              -0.0261213 1101.92 -0.0172978
18.6              -280.288 -0.226764 5386.57              0.00139015 1076.35 -0.015846
18.61              -92.6061 0.440789 6006.22              0.0269327 1123.73 0.150178
18.62              -286.167 0.620893 5364.76              -0.164789 1090.36 0.202638
18.63              -87.3285 0.720484 6118.21              -0.326362 1162.67 0.0712168
18.64              -234.446 0.267331 5532.07              -0.162418 1120.65 0.120009
18.65              -179.506 0.317886 5762.39              -0.125404 1104.07 0.144315
18.66              -180.532 0.331307 5662.91              -0.14208 1142.83 0.162857
18.67              -204.605 0.422006 5757.35              -0.127821 1169.19 0.198587
18.68              -237.602 -1.11025 5678.38              0.484495 1151.27 0.502575
18.69              -213.969 0.234951 5660.82              -0.0829551 1198.66 0.25246
18.7              -208.354 -0.187439 5775.02              0.136483 1187.96 0.305954
18.71              -222.773 -1.88299 5610.28              0.665954 1222.27 0.189139
18.72              -166.959 -0.643715 5657.47              0.214669 1119.71 0.273516
18.73              -179.683 -0.62072 5795.7              0.188414 1195.73 0.260592
18.74              -195.356 -0.644567 5661.67              0.175459 1221.51 0.179381
18.75              -231.217 -0.257027 5631.25              0.064216 1177.64 0.225766
18.76              -157.827 -0.385239 5773.55              0.103704 1221.06 0.23186
18.77              -200.685 -0.339278 5658.55              0.101184 1202.2 0.183193
18.78              -194.828 -0.220444 5730.62              0.0818741 1236.21 0.214937
18.79              -185.03 -0.274971 5699.57              0.0830604 1231.81 0.141589
18.8              -197.81 -2.02252 5615.15              0.51441 1202.59 0.887057
18.81              -154.633 1.51102 5769.62              -0.265793 1274.67 -0.484973
18.82              -202.058 -0.13068 5773.59              0.080533 1314.21 0.106837
18.83              -162.523 -0.0674709 5671.23              0.0966696 1267.67 0.0842386
18.84              -147.542 -0.0218674 5788.89              0.0873884 1293.31 0.026505
18.85              -156.975 0.0511781 5699.52              0.0377201 1294.27 0.0745173
18.86              -211.684 -0.115225 5649.49              0.0240118 1317.55 -0.0259554
18.87              -147.149 -0.192522 5880.98              0.0776793 1347.4 -0.00830276
18.88              -141.748 0.355528 5647.56              -0.0423851 1316.3 0.0212485
18.89              -215.655 0.113323 5734.47              0.039089 1387.17 -0.0468208
18.9              -181.55 0.0327461 5634.62              0.0472817 1385.62 -0.039103
18.91              -115.537 0.0483772 6045.55              0.0681719 1418.33 -0.0617724
18.92              -256.978 -0.834285 5449.85              0.598143 1345.54 -0.338645
18.93              -140.871 -0.0662239 5676.1              0.0932135 1384.22 -0.10475
18.94              -181.69 -0.425868 5832.54              0.295589 1470.04 0.0370084
18.95              -177.122 -0.104015 5596.29              0.168806 1387.06 -0.0442748
18.96              -65.1471 -0.18039 5973.76              0.207631 1477.31 -0.0076252
18.97              -216.475 1.62218 5596.11              -0.798888 1461.64 0.190172
18.98              -192.671 0.155272 5698.71              -0.0251426 1444.89 -0.107189
18.99              -166.242 0.226856 5643.92              0.044757 1464.69 -0.098519
19              -219.453 0.10678 5694.49              0.0406914 1522.25 -0.114151
19.01              -83.1727 0.364389 5797.23              0.0587188 1518.65 -0.142575
19.02              -91.83 0.0157096 5809.97              0.0790134 1529.45 -0.0463213
19.03              -140.788 0.0658325 5808.24              0.13771 1585.63 -0.0683811
19.04              -190.78 0.0581391 5711.26              0.107021 1575.73 -0.0922127
19.05              -114.527 -1.02195 5840.71              0.847001 1594.67 0.198329
19.06              -124.978 -0.176394 5718.91              0.143766 1590.1 -0.0479051
19.07              -97.8159 1.16918 5850.86              -0.502468 1654.85 -0.352795
19.08              -161.261 -1.31931 5680.28              0.85696 1586.8 0.217365
19.09              -53.5537 0.0151429 5845.26              0.0996667 1663.34 0.0361927
19.1              -86.6887 0.897149 5656.22              -0.566371 1612.04 -0.427436
19.11              -75.7371 0.111328 5678.67              0.042931 1612.38 -0.136431
19.12              -59.3444 0.199927 5792.76              0.0276694 1680.59 -0.188825
19.13              -119.297 0.0991606 5636.36              0.0769838 1701.16 -0.152628
19.14              -67.0234 0.0592525 5817.52              0.115651 1686.36 -0.144665
19.15              -82.4763 0.0197644 5733.37              0.103593 1719.46 -0.163845
19.16              -84.0814 0.0728273 5887.49              0.117401 1816.34 -0.133463
19.17              -69.3374 0.180233 5823.19              0.0729943 1799.64 -0.220609
19.18              -86.0847 -0.0309612 5737.72              0.122681 1761.52 -0.15764
19.19              -31.1533 -0.0172012 5855.9              0.116927 1800.53 -0.129709
19.2              -15.4742 0.106893 5932.38              0.0484052 1874.68 -0.202425
19.21              -49.3602 0.0443207 5741.45              0.119403 1791.85 -0.136011
19.22              50.3485 -0.0970502 5963.6              0.128117 1865.85 -0.116904
19.23              -44.3484 0.0291981 5608.46              0.111201 1798.82 -0.089803
19.24              47.2355 0.0489656 5913.56              0.137679 1871.36 -0.0956453
19.25              -39.6684 -0.0195769 5784.48              0.133965 1897.94 -0.0777324
19.26              -18.7607 0.126126 5777.55              0.045854 1896.72 -0.110667
19.27              -2.84559 0.0100313 5918.66              0.121103 1946.21 -0.0731202
19.28              -44.5113 -0.117337 5752.6              0.145976 1934.95 -0.0537946
19.29              41.5764 -0.133159 5883.32              0.123038 1955.65 0.0065266
19.3              36.6933 -0.0470545 5810.19              0.121519 1959.48 -0.0452655
19.31              11.7069 0.0780775 5851.43              0.122515 1997.63 -0.11867
19.32              19.4134 -0.15828 5908.1              0.106136 2030.96 -0.0194556
19.33              -18.4884 -0.0802954 5828.24              0.114544 2032.49 -0.050129
19.34              24.7288 -0.102516 5910.17              0.120231 2056.84 -0.0706634
19.35              15.3969 0.0286756 5849.33              0.117909 2053.88 -0.1025
19.36              31.2506 -0.13454 5842.94              0.117055 2053.75 0.00306638
19.37              38.9356 -0.070167 5769.84              0.123802 2025.53 -0.0915115
19.38              66.596 -0.117899 6037.86              0.127808 2150.47 -0.0648611
19.39              -4.80771 -0.164447 5726              0.147883 2085.3 -0.0592473
19.4              78.065 -0.0980973 5981.6              0.124849 2128.53 -0.0900428
19.41              59.96 -0.109363 5811.74              0.121875 2107.83 -0.101837
19.42              34.8017 -0.102057 5816.63              0.0979637 2118.37 -0.118384
19.43              83.9649 -0.132129 5969.02              0.125079 2172.59 -0.11315
19.44              -1.15194 -0.182563 5782.54              0.162508 2163.72 -0.100318
19.45              100.073 -0.19567 5998.49              0.131059 2217.27 -0.1162
19.46              81.8504 -0.391819 5876.57              0.128273 2185.99 -0.034313
19.47              65.655 0.112842 5950.59              0.129489 2231.33 -0.147514
19.48              69.5221 -0.194955 5968.42              0.131409 2256.92 -0.0437128
19.49              70.118 -0.0851163 5999.72              0.113588 2283.67 -0.122692
19.5              83.3909 -0.201117 5960.31              0.10696 2265.62 -0.106482
19.51              73.8905 -0.246114 5719.09              0.119282 2197.8 -0.0857155
19.52              102.734 -0.250128 6215.39              0.10997 2385.06 -0.0503215
19.53              33.0748 -0.303298 5765.1              0.0944938 2260.75 -0.0625244
19.54              207.111 -0.128978 6181.46              0.102275 2323.41 -0.0535219
19.55              110.072 -0.143058 5900.07              0.0881225 2302.95 -0.0223345
19.56              107.573 -0.120835 6037.03              0.0812668 2345.06 -0.107327
19.57              195.021 -0.347959 6042.51              0.0684602 2313.23 -0.000249597
19.58              40.5171 -0.307446 5943.85              0.0664506 2364.2 -0.0104502
19.59              94.905 -0.318342 6036.82              0.0669683 2368.87 -0.0187378
19.6              127.645 -0.341771 5931.61              0.0572509 2339 -0.0172146
19.61              140.352 -0.301114 6059.1              0.053962 2381.18 -0.00855595
19.62              127.708 -0.317734 6036.03              0.0495478 2381.83 0.00481444
19.63              89.8732 -0.328578 6016.62              0.0468106 2400.41 0.00484573
19.64              146.928 -0.367194 5922.36              0.0489 2355.74 0.0112151
19.65              160.117 -0.384563 5998.97              0.0339506 2376.34 0.0175376
19.66              127.244 -0.399192 6003.32              0.032212 2401.15 0.0279129
19.67              130.376 -0.376633 6097.29              0.0253289 2431.14 0.0371115
19.68              139.834 -0.3898 5994.45              0.0292169 2400.92 0.0433949
19.69              178.763 -0.396874 6099.2              0.0190479 2416.41 0.0538454
19.7              119.576 -0.4079 5984.55              0.0127841 2446.33 0.0428378
19.71              151.058 0.48048 6109.36              -0.391631 2442.68 0.0308155
19.72              117.432 -1.13703 6015.78              0.409074 2426.19 0.0640559
19.73              156.482 -0.514966 6099.39              0.028868 2440.45 0.0659129
19.74              150.751 0.20998 6046.45              -0.146997 2431.65 -0.087434
19.75              122.628 -0.794334 6084.43              0.075607 2441.17 0.148276
19.76              158.129 -0.486965 6055.76              -0.0108517 2426.75 0.0917666
19.77              149.734 -0.0160204 6095.08              -0.224324 2432.94 -0.0712975
19.78              137.431 -0.426067 6062.97              0.000934572 2436.71 0.0930761
19.79              171.498 -0.854597 6127.73              0.121364 2427.93 0.248918
19.8              147.356 -0.492684 6035.41              -0.00888601 2408.93 0.146897
19.81              187.507 -0.469534 6168.65              -0.0202855 2432.43 0.125889
19.82              125.314 -0.485222 6051.5              -0.0451364 2420.84 0.119657
19.83              188.027 -0.458149 6148.31              -0.0543736 2414.76 0.116988
19.84              185.245 -0.365109 6084.88              -0.0676762 2400.28 0.113482
19.85              165.7 -0.38504 6141.62              -0.0897221 2424.13 0.100768
19.86              124.554 -0.354593 6163.36              -0.085974 2434.61 0.105682
19.87              169.347 -0.407855 6109.58              -0.117239 2409.65 0.107193
19.88              136.807 -0.210546 6165.28              -0.10164 2433.7 0.10583
19.89              160.154 -0.351404 6155.82              -0.128896 2407.67 0.0918884
19.9              122.27 -0.26121 6174.8              -0.122789 2441.55 0.0923615
19.91              190.103 -0.163007 6129.53              -0.137698 2389.94 0.0490135
19.92              147.883 -0.22256 6139.44              -0.122687 2401.6 0.057373
19.93              156.804 -0.14878 6141.41              -0.141285 2391.84 0.0594474
19.94              146.952 -0.23968 6135.32              -0.150286 2400 0.0764198
19.95              159.046 -0.173723 6132.83              -0.154835 2378.47 0.0496793
19.96              148.351 -0.582588 6146.54              0.019894 2383.67 0.0634405
19.97              176.767 -0.174854 6116.08              -0.170107 2360.11 0.0509243
19.98              145.982 -0.251627 6138.83              -0.183898 2373.77 0.0992227
19.99              146.277 -0.371975 6140.79              -0.0124409 2351.52 0.0974583
20              108.583 -0.235609 6108.96              -0.155256 2366.29 0.0527398
20.01              158.703 -0.264512 6155.15              -0.166351 2348.81 0.0804694
20.02              127.783 0.24411 6099.79              -0.308758 2326.54 -0.0665934
20.03              138.237 0.0627454 6143.91              -0.248066 2341.15 -0.0311637
20.04              149.714 0.791275 6119.88              -0.617905 2303.95 0.00828446
20.05              131.638 0.180874 6105.59              -0.300458 2310.05 -0.00876758
20.06              148 0.0120795 6140.96              -0.22317 2301.29 0.0177758
20.07              138.783 0.0388156 6082.83              -0.169348 2272.33 0.0466997
20.08              136.01 -0.0682995 6129.35              -0.189381 2289.34 0.0466343
20.09              128.451 -0.179387 6096.72              -0.163279 2252.23 0.0831565
20.1              131.974 -0.222644 6107.18              -0.195196 2254.03 0.0828599
20.11              113.668 -0.139513 6097.61              -0.204998 2257.82 0.0693029
20.12              119.497 -0.124458 6133.05              -0.197811 2249.25 0.0728117
20.13              131.529 -0.287921 6063.18              -0.136807 2212.47 0.15072
20.14              110.938 -0.0870661 6206.04              -0.185292 2278.97 0.0834542
20.15              76.4401 -0.0454036 6074.45              -0.177829 2211.65 0.0812284
20.16              95.35 -0.0599874 6137.8              -0.188682 2214.09 0.079898
20.17              147.732 -0.074601 6084.51              -0.189461 2175.79 0.0814111
20.18              69.5924 0.00390517 6086.85              -0.190996 2196.98 0.0708303
20.19              91.2363 0.0174164 6076.09              -0.201166 2156.26 0.0570786
20.2              65.273 0.0155348 6112.19              -0.193061 2177.5 0.0735148
20.21              63.2794 -0.0154871 6102.76              -0.182597 2175.77 0.0631642
20.22              65.5106 -1.07882 6115.04              0.221011 2146.28 -0.0260361
20.23              104.889 -0.287922 6051.6              -0.148286 2110.33 0.0420564
20.24              94.8412 -0.125711 6088.02              -0.186422 2109.21 0.0393806
20.25              93.2327 -0.0137057 6151.16              -0.174546 2140.77 -0.00126007
20.26              71.3494 1.27338 6042.08              -0.563661 2079.45 0.119815
20.27              108.872 -0.106862 6051.04              -0.016538 2048.51 0.172205
20.28              105.464 0.102482 6127.38              -0.110919 2086.83 0.07214
20.29              56.5068 0.100204 6116.71              -0.109253 2090.02 0.0653831
20.3              222.946 0.159792 6598.86              -0.123147 2271.25 -0.0241112
20.31              65.7782 0.220749 6010.82              -0.120905 1992.09 -0.0244057
20.32              37.9726 0.32325 5694.8              -0.412087 1777.94 -0.0922057
20.33              205.696 0.0274726 6418.7              -0.20887 2129.83 -0.0257369
20.34              -94.3797 0.278915 5642.5              -0.212313 1903.04 -0.0774041
20.35              233.128 0.214116 6326.58              -0.195483 2000.82 -0.0558053
20.36              13.436 0.295253 5899.26              -0.171132 1896.35 -0.0528942
20.37              63.6925 0.319278 6027.13              -0.165233 1954.65 -0.0571599
20.38              183.604 0.298399 6166.17              -0.170688 1951.77 -0.0840402
20.39              -27.0596 0.0281267 5861.27              -0.0997503 1879.61 -0.025257
20.4              112.743 0.1429 6163.45              -0.0689753 1904.19 0.0311542
20.41              19.2925 0.28509 5921.21              -0.168724 1879.11 -0.0325147
20.42              57.2961 -0.599828 6029.93              0.262903 1885.58 0.197135
20.43              39.4414 0.266557 6030.42              -0.132137 1852.08 -0.0113374
20.44              30.1282 -0.00593093 5944.34              -0.105172 1826.42 -0.0202754
20.45              83.6807 0.448047 6008.57              -0.309139 1806.57 -0.168444
20.46              46.0491 0.281719 5927.32              -0.207542 1787.09 -0.0583681
20.47              31.9513 0.313146 6040.89              -0.198925 1822.42 -0.0561108
20.48              25.527 0.374401 5998.43              -0.204685 1787.39 -0.0702888
20.49              1.00786 2.17483 5943.62              -0.919674 1788.55 -0.413608
20.5              47.3937 0.450514 6085              -0.130317 1791.3 -0.0492251
20.51              15.2917 0.403836 5976.5              -0.137726 1749.06 -0.0637045
20.52              16.1958 0.223989 6013.69              -0.122256 1779.59 0.0499615
20.53              25.0742 0.406293 5970.06              -0.113583 1736.67 -0.0424927
20.54              -4.26923 0.0609041 5974.25              0.0472333 1699.28 0.0746031
20.55              44.0813 -0.0565826 5950.98              -0.0337248 1711.17 0.0607109
20.56              3.27046 0.0987061 5902.1              -0.0659653 1653.28 0.043771
20.57              33.8978 0.210775 6049.01              -0.0768162 1703.57 -0.000656665
20.58              12.4267 0.261151 5836.57              -0.0890011 1619.02 0.00261875
20.59              62.7358 0.144807 6028.66              -0.0998169 1657.4 -0.0185888
20.6              7.76175 0.938326 6018.49              -0.384061 1675.6 -0.240167
20.61              -6.7599 0.444104 5846.12              -0.155454 1586.87 -0.106967
20.62              45.6141 0.483484 6069.28              -0.190501 1633.95 -0.0436532
20.63              0.242841 0.546484 5988.19              -0.163349 1640.62 -0.0618156
20.64              5.49327 0.48275 5834.3              -0.170145 1527.41 -0.0779366
20.65              16.1971 0.419501 5941.55              -0.163358 1571 -0.0617712
20.66              -23.0034 0.74743 5830.17              -0.328948 1527.13 -0.194796
20.67              18.7449 0.449602 5843.9              -0.22111 1491.07 -0.0454337
20.68              31.5427 0.624137 5936.36              -0.270101 1513.55 -0.142526
20.69              -55.105 0.0128925 5948.56              0.0854183 1561.94 0.128148
20.7              0.651269 0.194166 5737.38              -0.118696 1428.86 0.0370246
20.71              68.4802 0.283 5942.06              -0.133807 1482.28 0.00845806
20.72              -45.9798 0.435249 5769.91              -0.165967 1456.33 -0.00373261
20.73              38.4854 -0.48432 6083.7              0.240483 1530.22 0.257641
20.74              -29.74 -0.151087 5837.46              0.047914 1453.97 0.165809
20.75              -37.6327 -0.186048 5759.62              0.0152368 1407.84 0.178323
20.76              16.6593 -0.0717019 6026.5              0.0161167 1482.67 0.166645
20.77              -166.746 0.584311 5469.34              -0.316279 1318.31 -0.0245479
20.78              376.91 1.30963 7017.05              -0.509267 1708.42 -0.251533
20.79              -419.765 0.579007 4953.58              -0.299867 1194.74 -0.0301939
20.8              -88.3208 0.652863 5800.1              -0.212693 1421.39 -0.00821872
20.81              28.1344 0.397937 5855.3              -0.251933 1350.02 0.0120633
20.82              -40.6017 0.314983 5991.7              -0.200937 1448.9 0.00452262
20.83              -101.191 0.338591 5614.21              -0.205995 1302.5 0.0402076
20.84              4.2116 0.394096 5924.77              -0.209057 1371.22 0.0362447
20.85              -67.6398 0.357807 5825.73              -0.191022 1363.53 0.0734753
20.86              -15.3848 0.29618 5511.84              -0.216459 1221.81 0.0332534
20.87              83.6963 0.315473 6012.99              -0.19712 1356.99 0.0327807
20.88              -125.172 0.272177 5697.51              -0.195268 1317.14 0.0745993
20.89              66.0881 0.282753 6059.13              -0.179463 1360.13 0.0251843
20.9              -106.499 0.312373 5710.79              -0.176325 1297.13 0.00260146
20.91              -160.565 0.271277 5500.59              -0.18081 1240.62 -0.0192489
20.92              -28.1647 -0.34324 5859.28              0.141788 1280.63 0.202404
20.93              -145.438 -1.09814 5492.29              0.496619 1222.71 0.24793
20.94              -78.0229 -0.352607 5864.89              -0.00771555 1341.18 0.103738
20.95              -114.942 -0.399011 5654.28              -0.0367736 1266.77 0.0187487
20.96              -9.94613 -0.17647 5959.24              -0.115009 1299.09 -0.0298659
20.97              -100.897 -0.0109059 5645.86              -0.171952 1250.23 -0.0558153
20.98              -82.1632 -0.00828516 5690.41              -0.13749 1238.58 -0.0795503
20.99              -78.6605 -0.0353209 5850.08              -0.142769 1288.95 -0.0679008
21              -195.064 0.00277227 5779.54              -0.151875 1306.88 -0.0597089
21.01              -119.321 0.225224 5709.74              -0.108502 1260.64 -0.0704654
21.02              -74.9266 -0.0275631 5675.76              -0.155804 1212.93 -0.0612882
21.03              -72.494 0.0159241 5761.65              -0.142388 1246.88 -0.0596896
21.04              -120.629 -0.110424 5723.17              -0.14605 1248.41 -0.0679189
21.05              -155.355 0.289007 5664.06              -0.191886 1245.91 -0.0620567
21.06              -88.3137 -1.84873 5707.11              0.269698 1210.13 0.69341
21.07              -130.535 2.17046 5874.99              -0.655681 1260.84 -0.896678
21.08              -199.952 0.226326 5580.33              -0.219096 1254.96 -0.124009
21.09              -94.7295 0.309632 5836.29              -0.281177 1259.12 -0.141112
21.1              -141.269 -0.18743 5734.24              -0.078276 1240.44 -0.0540953
21.11              -90.2991 -0.144612 5753.17              -0.0817129 1229.3 -0.045955
21.12              -134.765 -0.319586 5682.23              -0.0573843 1247.45 0.0229555
21.13              -119.893 -0.367636 5804.36              -0.0125682 1246.96 0.0423193
21.14              -203.074 -0.0479947 5655.74              -0.0724304 1268.99 0.028967
21.15              -145.317 -0.336114 5702.88              -0.153514 1254.97 -0.0244032
21.16              -117.935 0.435009 5780.23              -0.299874 1247.55 0.0447079
21.17              232.657 -0.281706 6890.4              -0.112578 1351.76 0.142179
21.18              -527.502 0.106959 4435.34              -0.171216 1163.49 -0.0458297
21.19              -327.72 -0.0539543 5099.19              -0.116241 1153.85 -0.0249408
21.2              -0.207402 -0.15753 6214.94              -0.0910668 1340.97 0.0135916
21.21              -290.965 -0.554549 5411.09              0.0203484 1205.52 -0.0358164
21.22              -94.2027 -0.165381 5867.8              -0.0462977 1285.51 0.0546216
21.23              -117.304 -0.525652 5779.46              0.0100361 1265.26 0.0536585
21.24              -262.979 -0.421424 5497.61              0.00591936 1234.31 0.0542234
21.25              -24.3571 -2.20205 5916.87              0.985386 1292.94 0.338928
21.26              -213.934 0.266343 5726.8              -0.377755 1267.52 -0.12189
21.27              -240.194 -0.35556 5437.58              -0.0288286 1264.05 0.0434325
21.28              -133.038 -0.484012 5922.54              0.0630144 1311.5 0.0322306
21.29              -275.707 -0.492101 5331.13              -0.0909885 1243.61 -0.0694521
21.3              -146.312 -0.449885 5939.29              0.0260043 1283.65 0.051148
21.31              -246.086 -0.659222 5631.75              -0.0258398 1325.38 0.0769353
21.32              -118.878 -0.419392 5869.08              0.0294535 1335.61 0.172027
21.33              -295.693 -0.256051 5274.88              -0.0915891 1259.29 0.175787
21.34              -142.584 0.607599 5797.36              -0.426603 1360.14 0.0624988
21.35              -102.037 0.211308 6003.33              -0.340428 1371.07 0.119234
21.36              -283.755 0.0978505 5343              -0.179601 1267.07 0.166677
21.37              -177.331 -0.186479 5761.82              -0.00315604 1355.24 0.156662
21.38              -151.817 1.63733 5727.51              -1.08787 1423.78 -0.1756
21.39              -177.863 -0.123924 5816.99              -0.0681942 1356.6 0.12756
21.4              -234.434 -0.0152533 5573.64              -0.0327608 1345.38 0.195161
21.41              -112.334 -0.0607193 5948.56              -0.0568649 1437.4 0.182996
21.42              -240.168 -0.349445 5538.04              0.00307982 1343.33 0.140837
21.43              -244.107 -0.53785 5481.89              0.161658 1342.57 0.165524
21.44              -61.1448 -0.425128 6147.17              0.0529097 1486.01 0.15591
21.45              -300.561 -0.867395 5392.4              0.240314 1359.67 0.1757
21.46              -176.73 -0.148957 5799.8              -0.153279 1455.95 -0.0172458
21.47              -201.12 -0.631182 5637.08              0.107493 1404.41 0.112857
21.48              -175.411 -0.354289 5789.78              -0.00433868 1470.28 0.0560596
21.49              -244.094 -0.264086 5703.62              0.0222086 1478.91 0.0404256
21.5              -161.921 -1.08696 5789.84              0.223065 1464.04 -0.067448
21.51              -169.993 -2.00274 5692.76              0.966589 1520.99 -0.147671
21.52              -225.874 -0.762459 5740.19              0.328557 1501.53 0.00789816
21.53              -127.47 -2.14359 5825.29              0.588028 1534.84 -0.0466535
21.54              -225.74 0.617518 5660.88              -0.882054 1512.62 0.18311
21.55              -115.141 -0.198826 5770.67              -0.18912 1514.56 0.050875
21.56              -206.328 -0.219238 5801.85              -0.138999 1612.94 -0.00364181
21.57              -254.588 -0.318454 5365.3              -0.0504964 1431.55 -0.0227942
21.58              -137.906 -0.370257 5734.94              -0.0464321 1615.43 -0.0326202
21.59              -228.729 -0.351674 5604.99              -0.0381717 1519.67 -0.0676488
21.6              -186.248 -0.325137 5826.34              -0.0138974 1613.49 -0.0912281
21.61              -199.077 -0.160576 5780.38              -0.0328197 1642.98 -0.0857542
21.62              -220.241 -0.949288 5551.39              0.25676 1574.4 0.0575414
21.63              -109.787 -0.648128 5803.66              0.198901 1619.85 -0.0428926
21.64              -181.219 -0.634474 5692.37              0.0967925 1640.93 -0.0043297
21.65              -116.565 -0.835119 5740.77              0.256463 1625.47 -0.110957
21.66              -131.91 -0.684356 5771.64              0.101829 1676.52 -0.116165
21.67              -96.5594 -0.679385 5892.99              0.137726 1729.79 -0.127184
21.68              -129.29 -0.694993 5694.45              0.209193 1673 -0.109066
21.69              -102.957 -0.830623 5751.56              0.187877 1710.08 -0.169231
21.7              -147.289 -0.599159 5927.97              0.13434 1796.7 -0.151141
21.71              -211.7 -0.389146 5492.42              0.116741 1691.29 -0.112257
21.72              -11.8569 -0.632096 5931.3              0.177886 1752.83 -0.246069
21.73              -135.233 -0.704208 5649.82              0.117464 1750.2 -0.100629
21.74              -82.1994 -0.442771 5675.98              0.12849 1753.62 -0.124453
21.75              -36.9321 -0.373843 5950.03              0.143375 1834.09 -0.198478
21.76              -141.924 -0.658399 5442.92              0.168739 1713.43 -0.0932771
21.77              7.86378 -0.632128 6020.49              0.285376 1888.07 0.00748619
21.78              -149.327 -0.543083 5594.43              0.200681 1789.84 -0.0631323
21.79              -10.9412 -0.283253 5825.48              0.0244802 1855.92 -0.152276
21.8              -108.662 -0.371949 5748.09              0.115411 1846.25 -0.109535
21.81              -99.1914 -0.291629 5696.98              0.0903823 1880.79 -0.1062
21.82              -41.9162 -0.348071 5836.06              0.119364 1943.01 -0.124327
21.83              -151.816 -0.425567 5736.03              0.124669 1914.09 -0.101438
21.84              -64.2053 -0.366987 5933.7              0.0938366 1996.56 -0.0679942
21.85              -73.1541 -0.553865 5718.2              0.189861 1945.33 -0.0618482
21.86              -45.2704 -0.502556 5880.93              0.127687 1994.71 -0.0739149
21.87              -55.7494 -0.20777 5821.58              0.0881635 2001.03 -0.17776
21.88              -77.2255 -0.384355 5769.23              0.086856 1995.53 -0.052818
21.89              -23.0585 -0.337153 5839.11              0.0860019 2012.54 -0.0572268
21.9              -41.039 -0.23811 5738.3              0.0783446 1997.61 -0.0584804
21.91              -9.97352 -0.306906 5877.21              0.0886425 2057.55 -0.0692642
21.92              8.54826 -0.326821 5764.93              0.103379 2033.23 -0.0299372
21.93              20.904 -0.0712256 5788.23              0.0586875 2033.74 -0.156087
21.94              10.3074 -0.166043 5889.19              0.0939769 2104.79 -0.125199
21.95              21.6745 -0.321788 5744.54              0.0901824 2072.17 -0.0467645
21.96              22.1048 -0.169465 5914.63              0.104304 2139.72 -0.0770807
21.97              -20.1546 -0.000637741 5816.78              0.0787093 2145.53 -0.132533
21.98              25.2789 -0.185395 5821.57              0.0942835 2134.24 -0.105621
21.99              24.8362 -0.309915 5944.81              0.160647 2205.94 -0.119511
22              -6.84114 -0.273033 5773.16              0.0972834 2176.65 -0.047886
22.01              45.9123 -0.247982 5945.59              0.0878003 2211.28 -0.0733074
22.02              18.4569 -0.211526 5854.24              0.0902609 2218.79 -0.0869785
22.03              57.6297 0.52697 5868.29              -0.276881 2221.41 -0.32765
22.04              43.186 -0.768379 5877.71              0.419352 2227.03 0.113835
22.05              27.5792 -0.274858 5779.56              0.0995563 2204.16 -0.0761095
22.06              51.3441 -0.309913 6005.71              0.124564 2311.79 -0.0143874
22.07              5.97721 -0.112413 5730.95              0.0569724 2238.96 -0.0944435
22.08              108.137 0.177392 5909.77              -0.0191849 2254.27 -0.243472
22.09              49.1513 -0.193483 5883.84              0.132425 2304.33 -0.0295523
22.1              34.6779 -0.0735279 5908.88              0.102203 2347.65 -0.0425245
22.11              92.2294 -0.0708254 5998.27              0.107944 2362.45 -0.0388343
22.12              59.7463 -0.0876554 5910.51              0.101359 2357.28 -0.0514567
22.13              71.1124 -0.0622865 6037.08              0.100357 2410.39 -0.0513095
22.14              42.1834 -0.0748452 5984.16              0.102682 2417.91 -0.0502449
22.15              92.3003 -0.0542868 6003.14              0.108919 2419.9 -0.0351727
22.16              114.653 -0.0264073 6012.03              0.119175 2423.73 -0.0305899
22.17              84.4617 0.0220928 6002.15              0.105581 2439.95 -0.0601795
22.18              119.957 -0.0308645 5999.97              0.0984294 2429.09 -0.00507144
22.19              75.6302 0.184169 6040.48              0.1128 2480.21 -0.12708
22.2              123.055 0.0147608 5959.33              0.097526 2431 -0.0634868
22.21              92.9732 -0.124098 5981.38              0.108328 2458.32 0.0262814
22.22              71.7023 -0.00175426 5963.5              0.098502 2475.25 -0.0187782
22.23              87.5955 0.00975189 6029.9              0.0998111 2502.46 -0.0110914
22.24              135.924 0.0844867 6092.57              0.110179 2517.37 -0.00482874
22.25              113.112 -0.0270588 5887.76              0.0954395 2449.85 0.0225658
22.26              121.827 -0.0040281 6043.93              0.0998799 2510.93 0.0245273
22.27              87.0279 0.011858 6023.46              0.0960845 2534.62 0.0353032
22.28              109.888 0.0117679 6020.9              0.0978449 2524.13 0.046169
22.29              130.215 0.0533111 6109.83              0.10552 2557.04 0.0611268
22.3              79.9956 0.0472647 5965.36              0.102211 2534.55 0.0658743
22.31              163.299 0.0430451 6122.81              0.10115 2538.89 0.0731465
22.32              132.64 0.0529861 6013.79              0.0991274 2543.39 0.0711367
22.33              131.884 0.0295041 6062.27              0.0985609 2562.01 0.0819163
22.34              133.831 0.0329491 6090.42              0.0924248 2569.24 0.0823842
22.35              145.575 0.363055 5979.17              -0.022032 2577.86 0.0707606
22.36              179.529 -0.50042 6128.41              0.367483 2566.23 0.0987934
22.37              133.858 -0.0474591 6011.73              0.104297 2531.71 0.105549
22.38              120.803 0.541326 6094.79              -0.129684 2597.23 -0.168242
22.39              110.476 -0.087513 5923.86              0.153211 2558.77 0.135119
22.4              139.811 0.10635 6162.31              0.104545 2582.06 0.07601
22.41              114.106 -0.189597 5973.75              0.106591 2576.48 0.225241
22.42              142.409 0.168489 6127.42              0.0659868 2589.1 0.0172303
22.43              141.201 0.141208 6010.04              0.094245 2564.87 0.0570625
22.44              137.122 0.126445 6144.49              0.105628 2596.67 0.0761204
22.45              130.485 0.164618 6045.19              0.0976245 2567.36 0.0650069
22.46              122.768 0.400109 6141.63              0.140139 2601.55 0.0941602
22.47              138.355 0.0334021 6056.36              0.0984842 2563.5 0.0636942
22.48              158.269 0.215081 6147.03              0.141755 2577.05 0.0688902
22.49              -15.525 -0.331171 5139.41              0.167385 2390.17 0.167397
22.5              257.789 0.419379 6908.51              0.11201 2715.64 0.00717189
22.51              13.2629 -0.194554 5321.28              0.207818 2411.61 0.167574
22.52              227.526 0.464361 6702.62              0.0579559 2673.94 -0.052061
22.53              55.4807 -0.312028 5458.72              0.126287 2410.52 0.130236
22.54              48.3515 0.605498 5983.06              0.052886 2505.98 -0.0578968
22.55              131.364 0.399792 6150.87              0.0743476 2568.65 -0.0234954
22.56              196.006 0.37635 6296.65              0.0760423 2579.46 -0.0212785
22.57              90.1307 0.406424 6012.41              0.0550338 2529.03 -0.0505475
22.58              196.54 -0.00496364 6326.02              0.293295 2570.23 0.173436
22.59              100.695 0.254291 6019.63              0.106973 2497.33 0.0460738
22.6              173.982 0.288283 6169.82              0.120157 2527.22 0.00543575
22.61              152.799 0.791393 6253.6              -0.131265 2555.87 -0.0691951
22.62              71.024 -0.0622195 5949.11              0.233335 2473.86 0.10383
22.63              168.88 1.10808 6347.49              -0.165838 2574.52 -0.284877
22.64              71.8384 0.860752 6104.86              -0.0477037 2534.97 -0.223637
22.65              121.022 0.725938 6230.44              0.070305 2537.09 -0.165294
22.66              118.876 1.11668 6099.16              -0.182529 2467.26 -0.129895
22.67              167.905 0.497788 6161.69              0.0774642 2483.41 -0.107149
22.68              110.114 0.477047 6158.35              0.0621763 2501.72 -0.107119
22.69              86.2841 0.521965 6149.15              0.0738138 2492.84 -0.101491
22.7              82.1305 0.488845 6109.88              0.0805408 2463.23 -0.115289
22.71              99.7273 0.421664 6196.65              0.0576836 2491.49 -0.0950334
22.72              105.471 0.454239 6102.39              0.0618403 2433.75 -0.101942
22.73              151.678 0.521234 6164.02              0.0517221 2446.1 -0.135517
22.74              99.0112 0.435079 6097.9              0.0626993 2416.11 -0.0966828
22.75              111.687 0.524101 6126.13              0.0443504 2387 -0.145935
22.76              130.759 0.471107 6119.74              0.0637495 2405.99 -0.106337
22.77              104.596 -0.165603 6086.67              0.424624 2386.83 0.125112
22.78              123.108 0.30196 6126.49              0.095077 2357.01 -0.0541614
22.79              99.3286 0.329621 6090.29              0.0690394 2374.98 -0.0932763
22.8              109.753 0.290325 6088.3              0.0985389 2349.73 -0.0804067
22.81              106.892 0.43789 6133.76              0.0383943 2356.49 -0.117177
22.82              143.495 0.336748 6150.84              0.0515506 2349.67 -0.096648
22.83              66.0438 0.415977 6070.51              0.0309764 2315.98 -0.135533
22.84              96.7484 0.430554 6160.98              0.0372137 2350.1 -0.120479
22.85              51.425 1.37304 6062.46              -0.470169 2314.17 -0.468087
22.86              79.7221 0.52066 6118.6              -0.0802249 2311.26 -0.192405
22.87              76.1338 0.520687 6096.08              -0.0326189 2277.45 -0.179734
22.88              91.3112 0.632469 6046.59              0.00564686 2277.43 -0.144249
22.89              150.236 0.268198 6106.42              -0.0580978 2232.26 -0.174021
22.9              41.1843 0.40811 6052.49              -0.0119651 2254.56 -0.161308
22.91              89.9637 0.451864 6081.04              -0.0335248 2218.67 -0.150827
22.92              110.018 -0.679668 6087.35              0.331814 2224.48 -0.193833
22.93              76.493 0.5289 6051.02              -0.0809359 2212.53 -0.110156
22.94              92.4227 -0.143793 6070.03              0.102127 2166.26 -0.139918
22.95              75.4119 0.0056114 6030.35              0.0490028 2176.05 -0.0234116
22.96              64.7099 1.02228 6142.04              -0.225136 2218.88 -0.0382727
22.97              18.319 -0.132376 6027.42              0.0666577 2161.41 -0.118766
22.98              100.542 0.342827 6033.62              -0.100636 2106.81 -0.123796
22.99              36.386 0.378853 6098.65              -0.0862372 2175.05 -0.121748
23              61.7101 0.298551 6010.46              -0.0463771 2109.95 -0.116244
23.01              77.6094 0.527736 5977.66              -0.205401 2046.55 -0.173022
23.02              97.0927 0.562027 6189.22              -0.176983 2180.41 -0.170706
23.03              -3.13807 0.576782 5896.95              -0.141684 2045.25 -0.124121
23.04              112.15 0.509115 6220.91              -0.0516418 2112.23 -0.151416
23.05              26.2945 0.448479 6153.41              -0.0779656 2176.08 -0.171393
23.06              40.2098 0.378226 6076              -0.103582 2093.02 -0.165074
23.07              132.205 0.370203 6001.41              -0.0836406 1939.32 -0.107487
23.08              57.6725 -0.825066 5919.59              0.37714 1938.47 0.204483
23.09              65.2304 0.338243 6090.91              -0.225816 2088.27 -0.1274
23.1              21.8966 0.841704 6040.41              -0.358877 2006.39 -0.115732
23.11              79.5451 0.470195 5962.17              -0.141042 1931.78 -0.0619387
23.12              94.5537 0.611558 6034.36              -0.321216 1959.89 -0.258383
23.13              -1.70694 -0.0222211 5925.1              -0.0557109 1922.71 -0.00470117
23.14              1.12081 1.3326 5975.89              -0.777828 1922.15 -0.287132
23.15              43.5402 0.546919 6073.63              -0.195756 1956.95 -0.168558
23.16              343.609 0.401124 7072.66              -0.129711 2367.81 -0.114225
23.17              -145.236 -0.937218 5397.83              0.338429 1684.11 0.145156
23.18              158.836 -0.0332704 6258.8              0.015973 1934.63 0.0118234
23.19              -0.176648 -0.0016271 5525.9              -0.127424 1617.55 0.00250274
23.2              207.944 0.0318127 6349.85              -0.107931 1978.45 0.00934122
23.21              -122.12 0.367743 5655.39              -0.259358 1766.12 -0.127866
23.22              73.9548 0.220517 6083.35              -0.140665 1842.61 -0.0528464
23.23              43.1168 0.108369 5926.42              -0.125834 1774.2 -0.0566677
23.24              -0.56505 1.29774 5779.46              -0.430672 1743.13 -0.25359
23.25              66.1059 0.34281 6074.77              -0.185258 1803.79 -0.0791368
23.26              -48.9442 0.261226 5792.8              -0.156945 1741.26 -0.0967319
23.27              40.0377 -0.306048 6016.26              0.145408 1773.16 0.142241
23.28              60.8841 0.172417 6281.75              -0.0792082 1920.18 -0.00232044
23.29              -115.503 -0.0301179 5548.81              -0.00617081 1580.04 -0.00904137
23.3              152.102 -0.0486941 6147.6              -0.0744354 1753.7 0.00746732
23.31              -39.9952 -1.96879 5771.04              0.83827 1678.14 0.456755
23.32              60.4455 -0.00818524 5975.51              -0.15427 1687.28 -0.0184699
23.33              53.3512 0.270468 5820.46              -0.234103 1616.12 -0.116632
23.34              -21.1977 0.100987 5752.55              -0.22281 1602.24 -0.0556101
23.35              59.5708 0.249266 6047.55              -0.171722 1680.13 -0.0492302
23.36              -101.577 0.65135 5711.15              -0.400857 1609.46 -0.220292
23.37              127.509 0.573869 6269.07              -0.282051 1747.56 -0.198285
23.38              -77.1636 0.579114 5650.57              -0.275356 1554.65 -0.195355
23.39              58.6446 2.51924 5878.41              -1.23638 1574.77 -0.605447
23.4              50.5855 -1.0745 6054.13              0.591255 1656.15 0.180888
23.41              -69.7117 0.205476 5726.1              -0.182788 1544.75 -0.0884032
23.42              25.9331 0.16514 5894.44              -0.157854 1566.81 -0.0239395
23.43              -27.2416 -1.34209 5810.4              0.179626 1548.28 0.216255
23.44              95.3529 1.86537 6234.19              -1.1439 1661.3 -0.317451
23.45              -23.17 -0.697503 5789.84              0.425424 1475.48 0.268962
23.46              -13.9858 -0.19385 5843.43              0.0198779 1554.46 0.0711992
23.47              50.7127 -0.267452 6053.21              0.000190079 1575.39 0.109544
23.48              -90.8331 -0.154048 5698.12              -0.0191934 1473.57 0.0854534
23.49              -38.767 -0.116909 5799.73              -0.0453835 1484.22 0.123723
23.5              12.3257 -0.41114 5825.33              -0.0604856 1504.36 0.0835331
23.51              -45.5496 -0.0910434 5769.09              -0.0721848 1450.31 0.0707525
23.52              -34.0753 -0.182005 5908.71              -0.0782948 1497.84 0.078014
23.53              -49.9555 -0.0513228 5688.84              -0.13205 1429.5 0.0665878
23.54              -51.7767 -0.0644965 5788.61              -0.11336 1455.94 0.0371851
23.55              32.8707 -0.258433 6081.72              -0.0328266 1524.98 0.0285285
23.56              -123.228 0.0827436 5422.49              -0.139979 1327.6 0.0620689
23.57              18.2223 -0.098045 5954.17              -0.101413 1461.17 0.0310044
23.58              -84.3315 0.522582 5755.54              -0.420486 1392.55 -0.223169
23.59              -32.9509 0.832824 5801.68              -0.547672 1438.22 -0.334949
23.6              -67.4118 0.565198 5711.8              -0.326358 1392.07 -0.185025
23.61              -95.0697 2.12039 5628.05              -0.797551 1373.72 -0.341354
23.62              8.514 -0.726972 5936.56              0.430817 1445.57 -0.453556
23.63              -52.1815 0.382288 5902.54              -0.263388 1420.46 -0.236232
23.64              -159.335 0.328167 5429.89              -0.230591 1318.11 -0.171286
23.65              -66.0016 0.330045 5807.32              -0.212521 1396.92 -0.227299
23.66              -64.3389 0.383736 5869.52              -0.217344 1401.89 -0.230415
23.67              12.1098 -0.840872 6087.59              0.129584 1445.37 -0.295122
23.68              52.8171 0.642328 6158.12              -0.440917 1436.19 0.569463
23.69              -164.124 -0.134544 5583.09              -0.0169718 1380.39 0.00636846
23.7              -93.6778 -0.240329 5911.01              -0.00376573 1410.63 -0.0199607
23.71              -185.725 -0.196261 5558.49              -0.0468018 1353.76 -0.0866984
23.72              -21.0567 0.0793195 5871.91              -0.0516207 1385.95 -0.0723917
23.73              -153.503 -1.61132 5669.03              0.740739 1338.3 0.353717
23.74              -40.1536 -0.758832 5872.94              0.241945 1369.16 0.0730967
23.75              -46.8615 -0.977264 5857.99              0.0152116 1372.44 -0.0259916
23.76              -118.568 -0.634959 5736.45              0.0497393 1350.47 0.0011192
23.77              -78.5056 -0.630785 5861.7              0.112521 1386.56 -0.00177599
23.78              -67.2457 -0.484008 5746.77              -0.0713029 1346.49 -0.0154577
23.79              -56.5588 -0.29961 5947.75              -0.107426 1383.01 -0.00671041
23.8              -152.002 -0.197025 5753.47              -0.0927946 1374.33 0.0735138
23.81              -143.563 -0.224064 5691.85              -0.165963 1362.91 0.00438286
23.82              -177.73 0.666453 5584.64              -0.394318 1346.51 0.0499587
23.83              -67.8989 -0.444235 5643.39              -0.322299 1321.07 -0.0351424
23.84              -127.514 0.123951 5779.08              -0.210817 1377.73 0.0476427
23.85              -129.296 -0.0709956 5817.6              -0.188315 1339.1 0.0625036
23.86              -177.685 -0.0700622 5508.56              -0.0925374 1347.62 0.0919666
23.87              -91.1078 -0.411711 5987.93              -0.038297 1393.52 0.139873
23.88              -215.538 -1.69552 5540.08              0.214061 1366.55 0.473026
23.89              -205.369 -0.220247 5585.89              -0.0728083 1360.17 0.31976
23.9              -132.262 2.10382 5772.02              -0.666497 1366.67 -0.451607
23.91              -168.847 0.723779 5716.26              -0.205578 1374.39 0.100067
23.92              -176.448 0.115634 5692.71              -0.182919 1393.66 0.203998
23.93              -183.023 0.178162 5638.77              -0.145536 1399.81 0.176868
23.94              -120.517 -0.243702 5751.65              0.0508584 1374.2 0.227594
23.95              -255.495 -0.24279 5631.34              0.0100152 1401.79 0.205784
23.96              -124.347 -0.271674 5780.61              0.000615945 1433.08 0.18818
23.97              -184.427 -0.181967 5683.85              0.068195 1405.77 0.216632
23.98              -219.011 -0.447207 5665.46              0.024155 1394.69 0.221562
23.99              -179.254 -0.286959 5436.2              0.0752656 1394.52 0.179248
24              -57.3454 -0.409395 6137.76              0.113038 1486.41 0.241624
24.01              -351.687 -0.511774 5218.48              0.0471769 1346.8 0.186183
24.02              -180.201 -0.600407 5745.52              -0.0132772 1437.48 0.181198
24.03              -126.44 0.239277 5790.2              -0.370658 1463.6 -0.0298651
24.04              -232.142 -2.56553 5644.91              1.18897 1447.43 0.603702
24.05              -209.944 -0.359542 5566.6              0.00877991 1435.47 0.266019
24.06              -107.996 -0.0226854 5888.71              -0.0335496 1488.47 0.306015
24.07              -252.153 -0.308565 5543.37              0.0289878 1452.13 0.215899
24.08              -127.386 -1.61098 5946.13              0.44068 1533.18 0.389745
24.09              -231.067 -0.00678573 5460.04              -0.168545 1423.62 0.128843
24.1              -136.458 0.459763 5855.45              -0.317635 1540.28 0.163318
24.11              -177.635 0.191126 5621.37              -0.153915 1473.51 0.204158
24.12              -205.787 -0.00222531 5720.05              -0.0716722 1514.06 0.237458
24.13              -145.167 -0.0932419 5864.54              0.0113115 1546.55 0.137683
24.14              -268.623 -0.735142 5367.71              0.184466 1463.47 0.137155
24.15              -195.636 1.10773 5722.84              -0.824018 1576.78 -0.168235
24.16              -162.248 0.514244 5698.31              -0.188502 1514.36 -0.0251066
24.17              -197.438 0.184728 5750.3              -0.113174 1569.82 0.0269431
24.18              -219.156 -0.334968 5564.67              0.0161191 1561.68 -0.00294661
24.19              -150.107 -0.328872 5879.18              -0.0660234 1614.46 -0.00903873
24.2              -174.547 -0.881065 5697.71              0.164906 1596.92 0.0303169
24.21              -171.836 -0.510916 5788.87              0.0655932 1622.23 -0.009231
24.22              -182.882 -0.114268 5722.89              0.0470035 1648.09 0.0291158
24.23              -227.707 -0.501324 5684.69              0.050228 1610.03 -0.0386141
24.24              533.17 -0.817483 8282.16              -0.0620608 2374.25 -0.152811
24.25              -885.163 -0.1668 3304.17              0.137515 1050.58 0.0284158
24.26              -443.05 -0.0916599 4817.67              0.0892429 1369.06 -0.0234165
24.27              136.682 -0.175586 6520.41              0.0599184 1883.5 -0.0587062
24.28              -329.126 -0.255084 5327.28              0.0323168 1644.96 -0.0801038
24.29              -166.302 -0.286978 5778.71              0.156542 1664.92 -0.132561
24.3              -78.986 0.171774 6039.8              -0.169953 1811.44 -0.0132142
24.31              -219.7 0.47188 5456.62              -0.26305 1695.39 -0.274703
24.32              -70.5324 0.125606 6085.02              -0.0265653 1806.65 -0.244888
24.33              -252.954 -0.0524132 5352.81              0.078099 1648.65 -0.125615
24.34              -31.2306 -0.607204 5934.57              0.21261 1815.99 -0.116138
24.35              -132.515 -0.2852 5708.03              0.144575 1754.58 -0.137992
24.36              -173.542 -0.537953 5756.49              0.140622 1812.39 -0.118786
24.37              -50.885 -0.361538 5793.8              0.186134 1815.8 -0.0946289
24.38              -165.877 -0.398591 5623.77              0.169556 1778.87 -0.14372
24.39              -69.6364 -0.283679 6056.59              0.13901 1920.99 -0.25992
24.4              -103.617 -0.39596 5696.32              0.151246 1855.9 -0.173069
24.41              -109.389 -0.011297 5675.73              0.212901 1825.74 -0.135485
24.42              -76.9727 -1.13596 5872.55              0.770855 1912.6 0.13043
24.43              -134.578 -0.313636 5801.64              0.12971 1933.8 -0.151115
24.44              -126.283 -0.167196 5721.9              0.0862888 1884.63 -0.201248
24.45              -95.2011 0.723909 5698.57              -0.446901 1877.52 -0.54512
24.46              -87.544 -0.225556 5808.9              0.307519 1960.27 -0.123657
24.47              -102.751 0.0267928 5652.62              0.00150284 1934.89 -0.218616
24.48              -11.8188 -0.115165 5833.68              0.0744513 1928.4 -0.149821
24.49              -111.923 -0.0889236 5621.38              0.100491 1918.72 -0.189413
24.5              -53.5065 -0.106188 5819.43              0.109699 1990.65 -0.204937
24.51              -58.8423 -0.117767 5696.38              0.11353 1966.92 -0.216306
24.52              -55.4041 -0.108134 5849.39              0.0962651 2052.45 -0.24219
24.53              -118.068 0.00753763 5839.38              0.120627 2092.09 -0.246949
24.54              -22.2893 -0.0995671 5709.22              0.127661 1999.17 -0.265955
24.55              17.4087 -0.148514 5891.12              0.112533 2090.64 -0.289678
24.56              -40.3311 -0.118496 5673.89              0.130753 2038.33 -0.286628
24.57              20.289 -0.205124 6228.93              0.129204 2229.42 -0.293281
24.58              -28.516 -0.111387 5939.6              0.13028 2182.3 -0.295384
24.59              -58.6682 -0.230012 5584.38              0.146263 2036.84 -0.307729
24.6              61.9551 -0.44469 6085.05              0.235349 2203.14 -0.226871
24.61              -93.7866 -0.180748 5618.16              0.119449 2128.46 -0.319664
24.62              21.6653 -0.156012 5943.31              0.149003 2194.28 -0.290418
24.63              -24.1195 -0.213327 5831.07              0.168494 2187.51 -0.266439
24.64              -35.7616 -0.127814 5778.03              0.138087 2203.68 -0.259405
24.65              26.6136 -0.191897 5943.49              0.133077 2248.24 -0.260383
24.66              -91.2396 -0.219215 5725.78              0.138699 2228.89 -0.261293
24.67              40.7348 -0.247549 5923.76              0.12467 2262.21 -0.237433
24.68              5.94388 -0.143663 5821.57              0.12425 2263.35 -0.186955
24.69              0.512338 -0.195366 5870.13              0.138112 2293.1 -0.185051
24.7              28.8177 -0.248745 5883.96              0.11089 2297.65 -0.159904
24.71              6.53054 -0.15202 5821.69              0.114926 2296.28 -0.196511
24.72              35.2703 0.772708 5926.16              -0.326791 2339.3 -0.477689
24.73              28.869 -1.02422 5819.12              0.597696 2314.84 0.155728
24.74              31.8855 -0.214984 5916.09              0.15139 2355.29 -0.123839
24.75              34.5018 -0.028389 5812.71              0.0636208 2328.13 -0.225119
24.76              14.7132 -0.176477 5956.4              0.136562 2406.25 -0.123028
24.77              -6.2844 -0.173357 5810.85              0.173941 2355.76 -0.130051
24.78              92.6695 -0.153479 5980.73              0.169096 2419.59 -0.12741
24.79              10.7085 -0.117643 5856.62              0.15388 2428.55 -0.137193
24.8              18.2257 -0.0662103 5992.48              0.153132 2475.41 -0.118979
24.81              62.1606 -0.0885027 5991.39              0.156571 2475.15 -0.113121
24.82              65.8149 -0.15614 5961.63              0.156684 2478.78 -0.121015
24.83              71.9835 -0.00721018 6006.29              0.156538 2495.76 -0.103248
24.84              58.7248 -0.159841 6000.29              0.157466 2524.22 -0.0995272
24.85              53.5948 -0.171943 5999.37              0.172114 2521.25 -0.0848143
24.86              103.372 0.085589 6012.07              0.196972 2508.71 -0.212781
24.87              84.6851 -0.303296 6000.42              0.139615 2535.12 0.0609533
24.88              75.8254 -0.0453971 6033.84              0.162021 2561.22 -0.0521044
24.89              80.61 -0.12143 6070.26              0.151439 2576.46 -0.0387344
24.9              61.8028 -0.791562 5912.48              0.133434 2530.45 0.349297
24.91              108.549 0.276144 6082.73              0.175609 2579.7 -0.2115
24.92              72.2142 -0.00108066 6007.73              0.157902 2584.54 -0.0492161
24.93              88.7325 -0.0200018 6089.17              0.157647 2612.4 -0.00807093
24.94              64.299 0.0235809 6038.36              0.171239 2605.18 0.00809887
24.95              76.6028 -0.0647359 6095.5              0.157703 2630.84 0.0540127
24.96              100.621 -0.0653841 6021.69              0.160584 2599.38 0.0620863
24.97              125.741 -0.0150992 6075.74              0.177321 2612.53 0.090931
24.98              123.522 -0.0341615 6059.32              0.159091 2617.11 0.0801467
24.99              119.054 -0.0292517 6063.38              0.159746 2620.3 0.0979344
25              120.178 -0.0368956 6058.18              0.157178 2623.89 0.105953
25.01              139.715 -0.0579505 6071.88              0.153471 2624.09 0.119075
25.02              123.28 -0.0296 6090.91              0.154168 2640.49 0.120221
25.03              107.131 -0.0231856 6046.73              0.152167 2640.42 0.124041
25.04              96.2239 -0.0545841 6118.75              0.145368 2670.14 0.130386
25.05              125.051 -0.0338797 6026.82              0.176026 2648.47 0.13912
25.06              132.587 -0.029881 6104.44              0.161104 2655.49 0.137331
25.07              163.273 -0.0373999 6043.85              0.14189 2620.46 0.149311
25.08              139.636 -0.0260232 6072.67              0.151971 2647.25 0.158767
25.09              114.776 0.245068 6053.26              0.0214651 2658.53 0.0258451
25.1              134.22 -0.0513986 6058.71              0.189121 2646.46 0.187703
25.11              126.915 -0.0258595 6034.18              0.143537 2645.04 0.176198
25.12              145.461 -0.032099 6060.73              0.145676 2643.21 0.190435
25.13              131.764 -0.0433033 6044.48              0.144785 2641.53 0.179691
25.14              81.2617 -0.0814422 5783              0.148362 2599.29 0.220419
25.15              135.515 0.0860973 6160.27              0.172799 2667.46 0.195314
25.16              87.9327 -0.0303191 5814.89              0.185955 2586.78 0.239028
25.17              130.787 -0.0145703 6219.05              0.165223 2670.13 0.173191
25.18              119.203 -0.0397576 5982.85              0.199959 2621.65 0.226195
25.19              132.827 0.060325 6152.78              0.203474 2641.48 0.192942
25.2              124.617 0.00486112 5998.82              0.213721 2608.47 0.213955
25.21              150.663 0.19213 6196.66              0.205506 2646.6 0.171957
25.22              114.43 0.0349434 5970.3              0.17668 2590.66 0.193628
25.23              149.533 0.332855 6252.91              0.178962 2645.87 0.134362
25.24              114.267 0.115023 5969.51              0.167299 2582.96 0.174536
25.25              153.512 0.280308 6249.8              0.149975 2642.76 0.124913
25.26              130.07 -0.503487 6017.06              0.492967 2591.14 0.500823
25.27              163.158 0.107972 6235.34              0.212245 2624.71 0.199127
25.28              114.692 0.0547552 6041.02              0.225784 2567.79 0.236849
25.29              152.43 0.314104 6185.13              0.157354 2597.94 0.129133
25.3              136.105 0.244906 6094.32              0.179987 2581.89 0.171928
25.31              117.694 0.427015 6149.93              0.139498 2589.15 0.0947485
25.32              152.84 0.856508 6107.76              -0.101261 2563.73 -0.176376
25.33              125.955 0.631176 6188.39              0.0883702 2592.43 -0.0224133
25.34              147.145 0.548854 6074.57              0.104799 2529.54 0.0184831
25.35              108.853 0.574483 6193.28              0.108076 2595.8 0.0368902
25.36              118.971 0.549872 6094.58              0.107725 2534.95 0.0258295
25.37              149.754 0.658089 6140.13              0.119353 2538.63 0.0287149
25.38              103.489 0.593856 6120.3              0.0955069 2539.63 -0.0113637
25.39              132.297 0.556426 6169.18              0.102129 2535.76 0.0376064
25.4              139.437 0.556291 6128.22              0.119046 2501.56 0.0174063
25.41              80.5677 0.576457 6133.2              0.106451 2533.27 0.0244834
25.42              85.7397 0.547053 6128.82              0.0959005 2517.07 0.0123582
25.43              111.642 0.655339 6143.72              0.101283 2488.21 0.0164769
25.44              111.665 0.523247 6076.36              0.0781986 2465.73 -0.0110514
25.45              123.732 0.558032 6161.17              0.0604423 2487.74 -0.027731
25.46              116.618 0.575961 6097.9              0.0594216 2448.53 0.0042288
25.47              108.267 0.11429 6122.9              0.31816 2457.13 0.119438
25.48              116.364 0.96595 6136.85              -0.135775 2448.44 -0.156016
25.49              61.7263 0.618388 6054.34              0.0216193 2420.55 -0.0651861
25.5              125.889 0.607149 6168.79              0.0263442 2437.26 -0.0548461
25.51              81.1965 0.731385 6126.35              -0.0156686 2446.75 -0.1367
25.52              50.7124 0.517785 6084.73              -0.00245901 2416.82 -0.058688
25.53              235.052 0.781688 6617.39              0.00588954 2604.04 -0.161192
25.54              10.5016 0.82657 5843.6              0.0412888 2275.37 -0.110082
25.55              141.202 0.0488057 6012.29              0.0151158 2255.73 0.146925
25.56              123.572 -0.505921 6367.65              0.380972 2491.81 -0.242297
25.57              -3.38103 0.455749 5969.06              -0.0589983 2406.12 -0.136345
25.58              103.04 0.493861 5991.85              -0.016631 2212.27 -0.0766158
25.59              156.582 0.463747 6247.99              -0.0575063 2344.93 -0.0910829
25.6              6.39095 0.543213 5860.15              -0.0821924 2268.73 -0.123002
25.61              157.654 0.504166 6213.08              -0.0667967 2304.15 -0.102949
25.62              67.6349 0.4714 5990.38              -0.0797813 2240.7 -0.085483
25.63              124.092 0.857794 6082.15              -0.222108 2260.85 -0.0623186
25.64              95.2265 0.518516 6083.42              -0.028062 2251.32 -0.0898844
25.65              54.3049 0.363985 5995.92              0.00342278 2225.43 -0.0273582
25.66              109.407 0.480452 6108.06              -0.116713 2236.23 -0.077652
25.67              76.9665 0.458668 6011.28              -0.0789626 2197.91 -0.123983
25.68              106.331 0.530056 6049.99              -0.107225 2178.55 -0.125111
25.69              68.7997 0.45737 6042.05              -0.108826 2180.74 -0.116088
25.7              81.2211 0.764578 6043.93              -0.228247 2176.58 -0.220585
25.71              48.7414 0.441611 5982.12              -0.160954 2142.76 -0.155542
25.72              73.1695 1.40626 5996.46              -0.490408 2134.07 -0.129108
25.73              66.7884 0.634461 6061.52              -0.16257 2135.97 -0.167836
25.74              126.058 0.600611 6003.5              -0.133333 2098.76 -0.17549
25.75              78.2939 0.509886 6142.2              -0.156365 2172.95 -0.181539
25.76              51.4314 0.420635 6061.53              -0.135592 2134.5 -0.147814
25.77              88.9853 0.462067 6025.6              -0.13253 2072.81 -0.150169
25.78              51.2987 0.527456 6018.62              -0.198306 2062.24 -0.22107
25.79              95.7691 0.460236 6056.38              -0.177404 2070.75 -0.178706
25.8              88.9301 0.474705 6164.67              -0.194106 2121.05 -0.189099
25.81              19.784 -0.431691 5912.58              0.0633574 1989.13 -0.0168806
25.82              98.6047 0.430909 6157.95              -0.15829 2078.67 -0.145407
25.83              -61.4975 -0.0403125 5931.86              0.0146247 2011.95 -0.0321322
25.84              74.5912 0.131763 6071.98              -0.128828 2027.04 -0.0553146
25.85              3.25331 0.267002 5901.99              -0.194874 1949.2 -0.115104
25.86              214.744 0.321675 6551.94              -0.140524 2151.03 -0.136765
25.87              2.34871 -1.31643 5824.99              0.686783 1897.45 0.283121
25.88              -24.187 -0.161397 5774.49              -0.0703447 1859.11 0.016348
25.89              141.529 2.16478 6175.5              -1.13611 1953.43 -0.602141
25.9              -8.56228 0.437457 5986.55              -0.164946 1975.92 -0.165064
25.91              40.8465 0.622126 5854.7              -0.345245 1812.14 -0.293847
25.92              174.195 0.431296 6146.03              -0.237209 1895.37 -0.220163
25.93              -62.2818 0.238845 6051.57              -0.196777 1996.29 -0.140907
25.94              -43.0907 0.322604 5908.12              -0.207166 1825.92 -0.206578
25.95              128.234 0.272984 6047.82              -0.183927 1840.73 -0.181954
25.96              1.68312 0.213185 5758.46              -0.243997 1762.05 -0.204442
25.97              33.0499 1.19484 5804.14              -0.42657 1719.6 -0.282285
25.98              60.2181 -0.485862 6005.4              0.112984 1802.8 0.0401575
25.99              -6.42034 0.0551145 5981.87              -0.10432 1861.67 -0.073148
26              25.8407 0.0856129 5929.43              -0.122107 1740.4 -0.174889
26.01              670.993 0.160354 7749.76              -0.0956686 2371.73 -0.129843
26.02              -570.924 0.00271071 4317.88              -0.136664 1227.43 -0.130279
26.03              -137.656 -1.92077 5366.34              0.725748 1537.36 0.313303
26.04              217.861 -0.0557989 6350.26              -0.247729 1829.83 -0.101349
26.05              -165.331 0.161482 5579.34              -0.276905 1650.65 -0.18458
26.06              62.1364 0.140332 5974.93              -0.229546 1686.35 -0.152612
26.07              41.7141 0.469591 5960.21              -0.419343 1695.76 -0.313681
26.08              -48.8035 0.369655 5989.56              -0.2833 1747.22 -0.280873
26.09              42.9707 0.353941 6107.97              -0.275024 1749.17 -0.249222
26.1              -93.5406 0.430778 5740.19              -0.278302 1625.64 -0.24239
26.11              62.6766 0.350581 5952.91              -0.296717 1638.32 -0.219353
26.12              -14.3636 0.258777 5932.85              -0.262494 1665.81 -0.167709
26.13              -51.7819 0.309268 5818.84              -0.259333 1616.69 -0.199687
26.14              30.2414 -0.157504 5696.18              -0.182013 1516.84 -0.0640427
26.15              112.034 -0.0944453 6114.4              -0.179846 1672.81 -0.092064
26.16              -117.822 1.12563 5710.49              -0.759334 1523.28 -0.120294
26.17              57.899 -0.142165 5991.75              -0.0498682 1604.79 0.0143244
26.18              -35.0271 -0.8058 5846.04              0.0406552 1584.63 0.2602
26.19              -55.6979 -0.0817044 5833.09              -0.127431 1564.56 -0.0295326
26.2              27.9092 0.011704 5883.18              -0.12413 1543.09 -0.0904017
26.21              -70.4112 -0.0176764 5753.12              -0.104539 1527.7 -0.051182
26.22              -37.8959 -0.093767 5894.92              -0.121096 1562.44 -0.0568059
26.23              -28.6949 -0.0742319 5739.26              -0.142066 1484.6 -0.0505466
26.24              -30.4218 0.043112 5849.84              -0.116208 1531.17 -0.0387371
26.25              -32.7614 -0.145377 5839.93              -0.14853 1520.34 -0.0761496
26.26              -124.169 -0.0756355 5762.22              -0.152591 1503.08 -0.0451469
26.27              -27.1158 0.0529981 5875.15              -0.158353 1510.53 -0.0672311
26.28              -32.7081 -0.113602 5761.8              -0.139341 1468.64 -0.0396845
26.29              -79.2182 -1.08483 5749.25              0.160987 1462.45 -0.0470573
26.3              -95.1835 -0.601132 5798.47              -0.0330313 1472.99 0.0712743
26.31              -65.0886 0.155808 5774.38              -0.294896 1450.12 -0.172301
26.32              -19.8452 0.513044 5870.91              -0.519697 1469.95 -0.308964
26.33              -122.037 -2.36409 5699.48              0.809297 1449.27 0.187883
26.34              -50.3213 3.39637 5705.44              -1.74577 1444.43 -0.647973
26.35              -43.7965 -0.994114 5873.14              0.436655 1475.26 -0.491776
26.36              -139.746 0.358855 5794.37              -0.339201 1441.23 -0.266724
26.37              -36.7345 0.0827088 5851.34              -0.243446 1459.96 -0.1475
26.38              -120.88 0.165578 5790.45              -0.200885 1438.93 -0.195968
26.39              -91.7615 -0.151752 5823.06              -0.187039 1440.37 -0.203163
26.4              -103.496 2.45573 5634.44              -1.32737 1403.58 0.165
26.41              -141.614 0.406177 5672.3              -0.252844 1401.96 -0.0916876
26.42              -64.3389 0.340003 5784.71              -0.213509 1427.4 -0.0696517
26.43              -130.528 -1.1516 5601.44              0.206167 1397.87 -0.029772
26.44              -54.2336 -1.41059 5909.34              0.579217 1442.33 0.414551
26.45              -141.806 -0.767762 5694.54              0.106145 1413.69 0.141669
26.46              -92.6445 -0.750336 5810.04              0.0440644 1413.19 0.101377
26.47              -137.069 -0.432206 5656.52              0.056187 1397.1 0.106021
26.48              -109.114 -0.491558 5805.98              0.0312892 1404.98 0.113826
26.49              -105.823 -2.19475 5773.95              0.867624 1420.56 0.625718
26.5              -153.45 -1.03267 5542.09              0.247773 1380.68 0.296677
26.51              -145.976 -0.847781 5707.15              0.1686 1402.45 0.269455
26.52              -148.391 0.295664 5817.73              -0.365544 1442.99 -0.0387335
26.53              -139.363 -1.26707 5712.3              0.517476 1404.93 0.511426
26.54              -106.034 0.556196 5638.79              -0.159768 1397.25 0.343781
26.55              -168.774 -0.792816 5731.75              -0.26928 1403.36 0.157225
26.56              -145.687 -0.791155 5711.8              -0.113855 1425.42 0.327928
26.57              -143.145 -0.472094 5734.9              -0.158702 1410.69 0.264787
26.58              -168.521 -0.853539 5696.08              -0.0501647 1402.08 0.233801
26.59              -165.094 -0.662648 5689.32              -0.0452071 1427.07 0.225226
26.6              -188.883 -0.286505 5621.94              -0.00386123 1409.81 0.258637
26.61              -122.205 -0.683506 5820.8              -0.0403855 1457.92 0.144749
26.62              -133.02 0.0968045 5620.72              -0.155631 1394.47 0.231246
26.63              -218.051 -0.20532 5715.43              -0.0551445 1459.04 0.208745
26.64              -183.393 -0.33791 5662.48              -0.0270512 1412.21 0.214892
26.65              -145.857 -0.632769 5807.75              0.127415 1467.39 0.266064
26.66              -175.699 -0.443896 5636.67              -0.0209471 1452.07 0.217131
26.67              -124.861 -0.318576 5884.81              0.0219992 1470.72 0.256713
26.68              -244.725 -0.306682 5425.41              0.0548609 1413.23 0.297086
26.69              -228.621 -0.599218 5634.57              0.0439489 1460.12 0.295456
26.7              -113.584 -0.426011 5857.28              0.0293696 1488.69 0.327733
26.71              -161.051 -0.538575 5769.93              0.0607211 1500.82 0.359685
26.72              -242.22 -0.710272 5568.96              0.0737985 1463.02 0.346404
26.73              -203.505 -0.478172 5685.1              0.0838773 1479.2 0.398451
26.74              -143.531 -0.391622 5724.84              -0.00220745 1539.48 0.394733
26.75              -247.33 -2.16178 5735.48              0.945256 1482.91 0.717511
26.76              -187.965 -0.742648 5707.42              0.110005 1493.73 0.454396
26.77              -181.879 -0.106873 5691.22              0.00231197 1556.09 0.438893
26.78              -188.498 -0.277089 5771.32              0.00434073 1489.06 0.377201
26.79              -220.213 -0.362572 5605.88              0.00889408 1536.72 0.305864
26.8              -214.587 -1.42631 5704.12              0.380617 1537.07 0.477214
26.81              -189.476 -0.155732 5792.53              -0.135613 1567.21 0.187126
26.82              -218.685 0.541129 5581.97              -0.31486 1520.8 0.185391
26.83              -107.277 -0.489326 5996.57              0.171314 1629.33 0.241235
26.84              -290.462 -0.298954 5370.07              -0.0137039 1501.29 0.141174
26.85              -197.679 0.769295 5765.54              -0.65948 1619.11 -0.134737
26.86              -193.71 0.291089 5557.7              0.00136448 1535 0.0708555
26.87              -137.277 -0.243445 5885.45              0.00218178 1643.15 0.0581837
26.88              -230.781 -2.36692 5498.68              1.10475 1563.3 -0.290891
26.89              -181.7 -0.727686 5737.92              0.114726 1611.69 -0.0492801
26.9              -205.052 -0.68939 5747.57              0.157068 1657.91 0.0383119
26.91              -171.69 -0.369057 5796.16              0.202893 1654.81 0.0123608
26.92              -187.597 1.31562 5750.22              -0.926801 1688.16 0.245942
26.93              -131.09 -0.156006 5523.03              -0.0220223 1616.85 0.00979755
26.94              -29.1108 -0.222861 6223.03              0.0018095 1766.42 -0.00373107
26.95              -360.15 -0.096655 5186.72              0.0192464 1547.52 0.00374099
26.96              -200.469 -0.263676 5697.34              0.0632208 1723.69 -0.00999186
26.97              -72.1712 -0.274238 5795.46              0.0716391 1690.94 -0.00249302
26.98              -238.515 -0.184611 5630.33              0.0614447 1709.72 0.0175425
26.99              -209.504 -0.115443 5694.95              0.0820251 1733.01 -0.00689539
27              -110.71 -0.161859 5940.05              0.0862896 1798.25 0.0459078
27.01              -125.678 0.301224 5788.85              -0.22968 1787.31 -0.192627
27.02              -76.9999 0.413077 6047.43              -0.0547873 1856.01 -0.0342001
27.03              -236.184 0.335206 5467.02              0.0521196 1720.69 -0.114575
27.04              -194.787 -0.662864 5603.08              0.143416 1767.35 -0.201791
27.05              -21.3123 -0.299253 5906.15              0.231269 1818.35 -0.0341117
27.06              -188.493 -0.318911 5639.23              0.211744 1808.64 -0.0747426
27.07              -126.025 -0.119258 5791.66              0.229982 1843.73 -0.175907
27.08              -106.565 -0.670098 5817.03              0.181046 1881.37 -0.0300811
27.09              -155.827 -0.130201 5659.02              0.257311 1837.63 -0.0826945
27.1              -47.4741 0.0105428 6041.04              0.14615 1951.37 -0.101743
27.11              -101.613 -0.143342 5793.09              0.178138 1923.07 -0.14429
27.12              -126.757 -0.252729 5711.67              0.154999 1886.34 -0.171421
27.13              -112.051 -0.057842 5720.3              0.186377 1890.31 -0.171637
27.14              -133.947 -0.094629 5719.95              0.153708 1958.83 -0.189391
27.15              -73.1823 -1.25306 5760.86              0.806793 1951.31 0.20387
27.16              -71.5595 -0.590049 5951.51              0.327562 1978.69 0.0596062
27.17              -115.184 1.08317 5667.17              -0.436322 1933.66 -0.581139
27.18              -151.118 -0.13471 5587.24              0.151449 1912.24 -0.185184
27.19              -8.45202 0.138855 5877.03              0.0992742 2016.88 -0.228603
27.2              -77.7401 -0.0512126 5559.98              0.134767 1940.44 -0.280328
27.21              -58.913 0.059805 5850.76              0.109694 2030.55 -0.347192
27.22              -56.5288 -0.201693 5660.09              0.126411 1986.32 -0.321283
27.23              -74.6466 -0.0265535 5830.37              0.122357 2093.34 -0.388713
27.24              -65.4721 -0.134725 5771.7              0.132366 2080.42 -0.379615
27.25              -19.5249 0.0510939 5826.12              0.122133 2090.66 -0.404039
27.26              -19.745 -0.0378922 5645.94              0.139853 2024.54 -0.358585
27.27              -21.6795 -0.157897 5906.38              0.15579 2148.29 -0.347348
27.28              -108.462 -0.0991721 5809.4              0.163066 2187.51 -0.294418
27.29              -54.9713 -0.0626921 5805.4              0.150622 2148.66 -0.348144
27.3              -4.37584 -0.120387 5859.82              0.149137 2165.37 -0.274482
27.31              18.1342 0.00454278 5757.09              0.161447 2150.41 -0.296594
27.32              -19.7933 -0.221066 5862.95              0.199301 2202.02 -0.217929
27.33              -18.1437 0.117757 5815.87              0.120357 2203.21 -0.298528
27.34              -21.2455 0.0678767 5834.07              0.121966 2226.03 -0.306112
27.35              -35.5677 -0.284189 5856.91              0.168848 2256.42 -0.105039
27.36              -20.1041 -0.01525 5845.39              0.132842 2262.32 -0.179486
27.37              12.5615 -0.0979652 5834.73              0.13294 2261.93 -0.185522
27.38              13.9815 0.130568 5863.79              0.122121 2287.25 -0.264875
27.39              -0.557765 -0.121926 5789.03              0.11014 2271.42 -0.112091
27.4              39.0389 0.00704216 5927.43              0.108793 2344.6 -0.182557
27.41              -2.99576 0.169562 5788.61              0.117333 2301.06 -0.28607
27.42              35.4207 -0.0501688 5899.53              0.113527 2340.9 -0.132235
27.43              34.7929 0.0902646 5918.22              0.101185 2379.8 -0.197403
27.44              17.5007 0.0720026 5778.86              0.124087 2331.37 -0.205206
27.45              60.9924 0.0399252 5989.65              0.137736 2401.98 -0.196959
27.46              30.0555 0.00401828 5749.53              0.155319 2343.67 -0.202084
27.47              42.8231 0.272412 5991.24              0.0451337 2433.2 -0.320489
27.48              29.8082 0.0688099 5795.58              0.139848 2377.82 -0.233128
27.49              28.4761 0.0497874 5901.83              0.169134 2416.93 -0.225481
27.5              37.6873 0.0801525 5940.01              0.169307 2461.63 -0.21798
27.51              43.7419 0.0873595 5859.83              0.159871 2457.17 -0.217736
27.52              43.9268 0.0840012 5962.21              0.16047 2489.49 -0.209843
27.53              71.3491 0.0937286 5915.39              0.162301 2478.79 -0.206001
27.54              64.716 0.1516 6026.64              0.170812 2542.77 -0.220496
27.55              70.197 0.18195 6001.43              0.16993 2535.36 -0.203199
27.56              56.8946 -0.166886 6007.82              0.154208 2559.93 0.00481441
27.57              85.1735 0.370278 6026.02              0.182461 2564.23 -0.271929
27.58              83.4992 0.259483 5978.42              0.180072 2548.35 -0.17455
27.59              124.639 0.0792081 6017.15              0.170941 2554.08 -0.141846
27.6              141.584 0.151749 5993.15              0.159517 2555.93 -0.141981
27.61              73.7341 0.130653 6044.92              0.163277 2587.15 -0.0786252
27.62              139.933 0.683353 5977.96              0.212104 2558.4 -0.27596
27.63              130.898 -0.0960732 5999.37              0.140025 2579.33 -0.0228151
27.64              98.7665 0.132857 5984.47              0.156914 2588.93 -0.0814173
27.65              105.869 0.108635 5950.77              0.153554 2583.38 -0.0756745
27.66              98.7634 0.155839 6116.12              0.150744 2653.75 -0.0750902
27.67              91.3766 0.157414 5939.21              0.153179 2594.38 -0.0736165
27.68              167.29 0.152843 6101.41              0.150258 2628.45 -0.0683896
27.69              112.687 0.15965 5985.68              0.150294 2619.3 -0.057357
27.7              140.826 0.186914 6040.37              0.14597 2629.68 -0.0672594
27.71              117.756 0.187773 6074.41              0.14439 2655.08 -0.0574382
27.72              133.602 0.198112 6002.75              0.146572 2630.73 -0.0537517
27.73              121.656 0.235195 6154.07              0.145982 2683.61 -0.0495308
27.74              129.395 0.230719 5948.84              0.145997 2621.34 -0.041962
27.75              180.055 0.249483 6131              0.138911 2662.88 -0.0427312
27.76              112.448 0.239272 6018.86              0.142479 2654.07 -0.0374729
27.77              118.118 0.259932 6092.36              0.143644 2680.9 -0.0402461
27.78              168.678 0.216427 6059.87              0.172515 2669.64 -0.0311307
27.79              149.792 0.34558 6042.59              0.127753 2650.37 -0.0470657
27.8              161.337 0.19395 6090.11              0.148978 2658.5 -0.0263103
27.81              149.036 0.264132 6048.45              0.140623 2655.97 -0.0132087
27.82              164.854 0.247963 6080.31              0.140591 2661.94 0.00880918
27.83              156.127 0.0982609 6079.51              0.21226 2657.98 0.0624173
27.84              153.198 0.301959 6076.36              0.138016 2655 -0.0138235
27.85              137.491 0.292659 6088.65              0.147568 2672.81 0.000117821
27.86              98.6702 0.317185 6109.75              0.15576 2690.72 0.00579565
27.87              161.564 0.0672245 6077.84              0.294387 2647.29 0.163151
27.88              134.419 0.266986 6106.97              0.223322 2664.51 0.0888514
27.89              87.2555 0.190669 6115.59              0.191406 2685.99 0.059206
27.9              164.428 0.243821 6076.96              0.200269 2637.42 0.0731222
27.91              137.679 0.347815 6112.94              0.193208 2656.59 0.064078
27.92              88.5396 0.307297 6118.19              0.173709 2678.22 0.0491075
27.93              166.813 0.342385 6090.5              0.1758 2628.21 0.0508585
27.94              107.119 0.328311 6097.61              0.18315 2653.12 0.0656632
27.95              127.499 0.471116 6106.24              0.172132 2642.1 0.0509398
27.96              101.091 0.683157 6113.61              -0.0120437 2653.48 -0.116178
27.97              141.713 0.498266 6125.09              0.118285 2630.2 0.00503204
27.98              126.366 0.514064 6091.57              0.11845 2624 0.0133292
27.99              172.333 0.519343 6138.54              0.125756 2616.98 0.0100809
28              82.3638 0.549125 6103.02              0.140847 2632.21 0.0301644
28.01              145.339 0.676736 6145.12              0.128593 2617.48 -0.0133123
28.02              122.042 0.455862 6112.61              0.1253 2609.61 0.0598056
28.03              128.118 0.714004 6117.85              0.101517 2599.66 0.00123193
28.04              127.981 0.565096 6145.68              0.119425 2603.86 0.0317269
28.05              126.509 0.603201 6099.8              0.126045 2582.39 0.0347532
28.06              126.433 0.670782 6134.64              0.107783 2585.92 -0.00981259
28.07              137.069 0.326005 6117.34              0.208083 2570.03 0.0677778
28.08              134.182 0.572481 6138.33              0.110787 2567.38 0.0333246
28.09              157.144 0.757904 6137.88              0.030162 2543.39 0.040889
28.1              109.822 0.55797 6091.75              0.0992458 2545.86 0.0576138
28.11              144.443 0.542348 6199.2              0.100515 2558.93 0.0363465
28.12              170.805 0.571845 6102.19              0.0903189 2502.83 0.033086
28.13              115.469 0.532285 6087.63              0.0931429 2509.3 0.0598007
28.14              113.743 0.593189 6147.35              0.08917 2524.78 0.0339131
28.15              123.239 0.482715 6114.87              0.188198 2500.36 0.0620631
28.16              88.4742 0.716091 6111.84              -0.0118291 2508.04 -0.0232899
28.17              107.008 0.549222 6084.33              0.0754004 2471.85 0.0445818
28.18              125.203 0.591438 6117.71              0.050057 2479.13 0.0353212
28.19              110.875 0.587388 6112.96              0.0550273 2473.89 0.0218695
28.2              156.623 0.588193 6053.62              0.0356209 2415.7 0.0218964
28.21              150.052 0.619243 6110.89              0.0297099 2427.23 0.00859481
28.22              84.4883 0.65292 6209.06              0.00973984 2514.07 -0.00702412
28.23              80.1614 0.6365 6032.11              0.0310781 2408.87 0.00999711
28.24              160.615 0.613883 6171.75              0.0146401 2423.9 0.0278315
28.25              98.1198 0.534858 6049.63              0.0221415 2390.49 0.0153986
28.26              117.44 -0.194547 6078.69              0.214345 2365.37 0.0252598
28.27              95.7 0.40766 6133.52              -0.0351466 2416.33 0.0289539
28.28              59.6824 0.465418 5917.69              -0.0106989 2289.6 0.0411339
28.29              198.34 0.467197 6235.77              -0.0424924 2382.33 0.0302532
28.3              16.1967 0.448507 5970.1              -0.0501405 2340.45 0.0569746
28.31              86.0993 0.495162 6155.24              -0.0597915 2360.72 0.035878
28.32              64.2762 0.434881 6122.47              -0.0950241 2363.6 0.0231972
28.33              124.578 0.437097 5969.78              -0.0796795 2254.03 0.0331914
28.34              111.457 0.69543 6238.81              -0.1808 2333.96 0.0941046
28.35              60.0291 0.258421 5908.27              -0.0154627 2232.85 0.159376
28.36              148.191 0.329829 6204.8              -0.0158694 2317.6 0.0799913
28.37              60.2482 0.359899 5960.64              -0.0444907 2221.86 0.0750849
28.38              96.1391 0.358849 6050.37              -0.103781 2225.76 0.0305726
28.39              110.852 0.591325 6088.98              -0.264795 2232.76 -0.0694949
28.4              49.0939 0.643417 5961.73              -0.151432 2180.02 -0.0375258
28.41              114.343 1.07022 6104.03              -0.361851 2225.56 0.0619619
28.42              91.243 0.382806 5944.95              -0.123928 2141.54 0.0448515
28.43              60.7775 0.360926 5987.08              -0.0963654 2151.01 0.023956
28.44              114.782 0.219658 6051.64              -0.0980653 2139.08 0.0391446
28.45              47.0488 0.338543 6033.25              -0.108287 2180.85 0.0481146
28.46              40.406 0.276783 6127.12              -0.123638 2209.97 0.0267497
28.47              66.5353 0.104472 6027.95              -0.117898 2124.65 0.0476585
28.48              97.086 0.249195 6042.19              -0.102783 2112.46 0.0664836
28.49              70.6856 0.376509 6001.85              -0.187369 2084.5 -0.0148098
28.5              96.6782 0.0861352 5990.07              -0.150959 2058.79 0.0184437
28.51              60.1975 0.190328 6028.32              -0.149558 2081.48 0.0268538
28.52              59.2488 -0.540055 5987.84              0.0144034 2058.85 0.143947
28.53              47.5246 0.211297 6041.52              -0.131201 2055.8 0.0275002
28.54              -12.9647 -0.267105 6013.65              -0.00718197 2057.81 0.189868
28.55              64.1633 0.0499172 6013.15              -0.121503 2029.7 0.0528238
28.56              83.7366 -1.28116 6107.59              0.522899 2063.38 0.404218
28.57              -23.7471 -0.265845 5925              -0.0310387 1966.37 0.124968
28.58              186.403 -0.154986 6403.92              -0.0797799 2143.28 0.0839076
28.59              -11.3787 0.120632 5843.27              -0.191982 1922.62 0.0485199
28.6              68.5044 1.97954 5960.29              -1.16379 1896.84 -0.464884
28.61              117.22 0.210413 5977.97              -0.163052 1893.82 -0.0120805
28.62              61.2875 -0.017522 6122.09              -0.164481 2003.24 0.0247171
28.63              20.9659 0.280593 5944.98              -0.292579 1892.4 -0.114007
28.64              70.3583 -0.00941258 5962.6              -0.204463 1869.83 0.000227249
28.65              73.9622 0.8523 6029.75              -0.452349 1880.21 -0.173359
28.66              6.30967 0.331395 6074.66              -0.262544 1969.46 -0.10048
28.67              -55.3682 0.161926 5861.46              -0.2405 1831.75 -0.0948155
28.68              96.0747 0.0699278 6126.24              -0.252483 1893.07 -0.134889
28.69              -49.1715 -0.670738 5707.46              0.155656 1753.65 0.198022
28.7              55.5331 -0.281465 6037.3              -0.118447 1840.67 0.0218519
28.71              15.7603 -0.242632 5918.86              -0.118701 1766.41 0.0396976
28.72              956 0.113611 8632.77              -0.0583106 2687.66 -0.0642385
28.73              -840.121 -0.186144 3471.4              -0.12447 969.832 -0.0349432
28.74              -249.622 -0.199374 5398.09              -0.159488 1642.85 -0.0434467
28.75              231.947 -2.14985 6330.49              0.769423 1826.68 0.421391
28.76              -178.774 -0.088357 5326.23              -0.341425 1540.56 -0.0701727
28.77              163.086 -0.0917439 6223.69              -0.2517 1802.62 -0.103366
28.78              -54.5494 -0.133022 5762.67              -0.250226 1658.43 -0.0733154
28.79              3.30979 0.388259 5921.1              -0.421522 1694.36 -0.27547
28.8              84.9383 0.214487 6140.06              -0.313489 1777.14 -0.24346
28.81              -68.6263 0.267197 5947.24              -0.271872 1739.68 -0.209931
28.82              6.56123 0.198742 5798.91              -0.302693 1598.69 -0.159114
28.83              71.1368 0.200329 5995.21              -0.278314 1663.4 -0.145784
28.84              -134.473 0.0199193 5840.06              -0.277047 1683.47 -0.121199
28.85              -1.95664 0.153503 5924.51              -0.238833 1639.5 -0.11479
28.86              92.3637 -0.0216153 6065.35              -0.262604 1653.71 -0.103326
28.87              16.6078 -0.317238 5792.58              -0.175891 1577 -0.0420257
28.88              20.5541 0.726287 5982.82              -0.743006 1604.37 -0.0122409
28.89              -107.868 -0.370642 5827.95              -0.0622051 1595.53 0.0535647
28.9              32.7126 -0.286532 6012.21              -0.0938828 1635.69 0.0362466
28.91              -38.0056 -0.324325 5804.61              -0.112792 1551.88 0.00131684
28.92              -79.522 -0.935283 5808.58              0.0351552 1546.37 0.269734
28.93              25.2172 -0.231589 5919.26              -0.120131 1563.96 -0.00852783
28.94              -70.033 -0.180119 5735.31              -0.138241 1519.98 -0.0221818
28.95              8.14631 -0.096129 5861.55              -0.215121 1525.99 -0.0444055
28.96              -53.6503 -0.265285 5797.65              -0.125968 1513.54 -0.0139823
28.97              -85.3395 -0.0186195 5802.8              -0.147317 1531.67 -0.00993628
28.98              -47.4085 -0.221127 5893              -0.18345 1543.47 -0.0745768
28.99              -86.6397 -0.134603 5736.95              -0.162566 1474.11 -0.0609938
29              -25.0374 -0.142493 5859.32              -0.159469 1501.87 -0.0422107
29.01              -107.368 -1.10716 5706.62              0.132394 1465.87 -0.102283
29.02              -100.9 -0.633596 5769.87              -0.0585788 1475.59 0.0325371
29.03              -96.4311 -0.589512 5883.42              -0.0511791 1497.05 0.0211413
29.04              -67.8051 0.0916675 5700.15              -0.366814 1429.04 -0.19602
29.05              -1.98163 0.0856551 5959.5              -0.513755 1498.44 -0.379472
29.06              -134.202 0.0154156 5702.89              -0.325778 1437.44 -0.244324
29.07              -14.8594 1.94042 5639.54              -0.871731 1427.15 -0.289903
29.08              -76.7561 -1.45281 5902.5              0.572561 1476.97 -0.452262
29.09              -178.632 0.208424 5704.47              -0.267443 1423.91 -0.201102
29.1              41.3045 -0.251742 5971.45              -0.223766 1454.84 -0.27837
29.11              -239.397 0.20739 5575.73              -0.232277 1434.62 -0.100389
29.12              -97.4936 -0.0389029 5825.79              -0.198404 1443.29 -0.125346
29.13              -81.2309 2.29792 5783.3              -1.32401 1419.77 0.180227
29.14              -124.572 -0.94919 5605.2              0.0920219 1405.76 -0.0525902
29.15              118.44 -1.41617 6355.73              0.494074 1505.8 0.376753
29.16              -348.457 -0.613536 5152.63              0.0476167 1341.52 0.1513
29.17              -102.305 -0.550924 5763.72              0.0438557 1412.55 0.0995363
29.18              -71.3897 -0.602763 5880.57              -0.03446 1432.85 0.049244
29.19              -146.82 -0.287156 5585.86              0.00834897 1356.03 0.0670413
29.2              -122.317 -1.99536 5803.79              0.790172 1436.46 0.53657
29.21              -122.116 -0.971999 5761.06              0.242374 1424.63 0.245138
29.22              -124.592 -0.766518 5643.49              0.111513 1389.2 0.209502
29.23              -218.256 -0.102966 5785.97              -0.300841 1456.48 -0.00822359
29.24              -132.748 -1.00838 5742.75              0.383487 1411.55 0.323519
29.25              -145.029 -0.988021 5741.22              -0.219482 1411.55 0.0346529
29.26              -145.814 -0.81414 5763.04              -0.112919 1449.11 0.223658
29.27              -168.219 0.176771 5682.08              -0.319089 1390.84 0.217878
29.28              -139.875 -0.200258 5764.55              -0.181919 1384 0.190159
29.29              -176.116 -0.182506 5616.42              -0.178824 1417.84 0.197251
29.3              -125.276 -1.63832 5707.3              0.175311 1404.77 0.631069
29.31              -34.7347 -0.154661 6258.54              -0.30481 1477.28 -0.188642
29.32              -213.228 0.125964 5379.13              -0.0352714 1435.36 0.190986
29.33              -53.3985 0.220092 5826.71              -0.10615 1417.94 0.210871
29.34              -222.189 0.00851326 5710              -0.0730733 1386.2 0.190817
29.35              -135.256 -0.0853787 5742.12              -0.0159306 1465.38 0.207798
29.36              -177.774 -0.284438 5778.63              -0.0136026 1445.9 0.227952
29.37              -221.062 -0.398954 5616.49              0.0917257 1422.23 0.285777
29.38              -161.164 -0.609656 5642.22              0.112298 1446.74 0.264504
29.39              -199.536 -0.31993 5750.11              0.0671091 1465.82 0.297397
29.4              -159.06 -0.504404 5766.89              0.0796378 1437.35 0.265037
29.41              -172.246 -0.814859 5796.88              0.0430709 1481.92 0.275123
29.42              -214.005 -0.154693 5598.48              0.0366743 1446.81 0.27928
29.43              -163.987 -0.10875 5713.96              -0.000203621 1487.78 0.309949
29.44              -216.011 -0.493856 5675.89              -0.0701256 1463.11 0.233849
29.45              -235.492 -0.327618 5638.71              -0.0168553 1458.88 0.27905
29.46              -108.959 -1.78115 5773.22              0.856003 1525.54 0.614831
29.47              -208.432 -0.257214 5742.93              0.0684982 1477.76 0.338956
29.48              -271.947 -0.275843 5571.98              0.0221454 1463.82 0.295808
29.49              -127.685 0.108068 5765.76              -0.0218414 1533.37 0.355863
29.5              -224.082 -0.049503 5752.72              0.0113402 1542.36 0.271997
29.51              -236.82 0.149425 5560.07              0.0334876 1476.36 0.275039
29.52              -138.103 0.208437 5915.7              -0.295036 1558.78 0.0370403
29.53              -250.412 1.14613 5579.8              -0.340157 1534.61 0.135995
29.54              -121.461 0.340049 5944.59              -0.120429 1574.61 0.116535
29.55              -280.521 1.13628 5371.23              -0.407287 1501.52 -0.04943
29.56              -216.062 0.47576 5544.58              -0.268339 1513.73 -0.0352541
29.57              -148.03 -0.598051 5850.39              0.208663 1589.28 -0.0211943
29.58              -233.466 0.0332081 5649.35              0.0648297 1574.49 0.052814
29.59              -172.254 -0.421087 5687              0.133312 1590.44 -0.0199936
29.6              -149.102 0.0334899 5876.53              0.0612593 1622.22 -0.0740753
29.61              -275.065 -2.57089 5502.43              1.24873 1592.61 -0.313908
29.62              -90.9171 0.929376 5918.74              -0.756836 1634.32 0.188731
29.63              -216.717 -0.237438 5720.88              0.0670126 1662.05 -0.0761031
29.64              -156.156 -0.223749 5690.44              0.0718208 1609.63 -0.0749459
29.65              -149.638 -0.25013 5724.48              0.0948652 1705.58 -0.0887722
29.66              -88.8768 -0.161016 6107.73              0.0574659 1710.63 -0.121421
29.67              -633.399 0.0321181 4220.38              0.16181 1331.14 -0.0587695
29.68              -318.558 0.0183158 5106.16              0.0696838 1554.75 -0.12724
29.69              -11.986 -0.157369 6195.04              0.117782 1760.56 -0.0659089
29.7              -204.467 -0.149118 5597.85              0.0755653 1703.69 -0.0901369
29.71              -217.651 -0.0245997 5528.01              0.100896 1651.55 -0.0629139
29.72              -15.7936 -0.0887583 6180.35              0.11803 1823.74 -0.0354966
29.73              -278.492 0.516162 5482.89              -0.228939 1747.3 -0.298101
29.74              -75.1083 0.00556221 5862.07              0.0803692 1765.2 -0.158204
29.75              -139.692 -0.0228074 5863              0.081027 1783.88 -0.14166
29.76              -143.647 -0.377536 5647.41              0.207256 1762.34 -0.0583409
29.77              -136.318 -0.0787236 5945.05              0.217636 1855.04 -0.0428662
29.78              -230.164 -0.134376 5579.86              0.216967 1779.63 -0.0945207
29.79              -73.4472 -0.277338 5952.39              0.231155 1890.86 -0.0719203
29.8              -178.332 -0.303394 5697.6              0.210444 1819.51 -0.138754
29.81              -73.256 -0.0117645 5965.18              0.256377 1903.13 -0.105239
29.82              -152.193 0.32562 5873.84              0.163245 1952.48 -0.172306
29.83              -145.912 0.0370166 5534.11              0.232606 1787.78 -0.0903443
29.84              -86.5983 -0.127573 5826.04              0.178219 1893.78 -0.141784
29.85              -140.1 -0.129085 5686.75              0.182718 1908.99 -0.107165
29.86              -103.034 -1.15769 5784.8              0.751928 1905.96 0.151484
29.87              -85.6255 1.09743 5612.86              -0.370952 1876.88 -0.443021
29.88              -38.0451 -0.450713 5855.94              0.336391 1943.45 -0.0104455
29.89              -145.661 -0.147498 5627.59              0.234511 1917.05 -0.0947171
29.9              -92.2448 0.0841969 5780.09              0.0700833 1957.17 -0.192924
29.91              -34.9451 -0.0068622 5685.6              0.127757 1912.39 -0.199239
29.92              -93.7011 -0.152393 5738.04              0.172126 1988.03 -0.250423
29.93              -68.2856 0.056217 5761.58              0.093274 2000.33 -0.269022
29.94              -69.7402 0.173586 5786.78              0.165271 2038.2 -0.235536
29.95              -39.0634 0.0546251 5770.69              0.128755 2027.5 -0.297548
29.96              -65.2674 0.0258267 5779.36              0.12039 2066.86 -0.354263
29.97              -120.034 -0.101277 5797.43              0.164794 2099.93 -0.305922
29.98              -10.0752 -0.0925329 5827.53              0.131876 2071.57 -0.314677
29.99              -45.5939 -0.131263 5902.54              0.139926 2164.17 -0.279248
30              -122.391 -0.00596617 5777.7              0.159683 2138.11 -0.317643
30.01              -27.4523 -0.0752988 5799.54              0.147811 2092.74 -0.31398
30.02              -28.4441 -0.0891382 5865.02              0.14393 2167.01 -0.304998
30.03              -62.786 -0.351531 5778.99              0.181365 2169.35 -0.248798
30.04              -19.2239 -0.0584473 5855.67              0.124468 2171.34 -0.294931
30.05              -82.6988 -0.0891209 5831.39              0.156545 2205.53 -0.252404
30.06              -28.3747 -0.205496 5857.67              0.133831 2224.39 -0.238481
30.07              -4.43554 -0.11036 5825.96              0.140315 2212.98 -0.229592
30.08              26.4592 -0.139273 5815.73              0.122511 2210.37 -0.212893
30.09              -7.09744 -0.149882 5865.11              0.125522 2258.14 -0.199065
30.1              9.80684 0.00889761 5841.08              0.112989 2262.51 -0.26453
30.11              5.58173 -0.241089 5819.45              0.103197 2261.85 -0.11836
30.12              38.5725 -0.162716 5886.56              0.11353 2295.23 -0.163382
30.13              11.9525 -0.0530259 5812.43              0.107381 2286.37 -0.217296
30.14              19.6362 -0.150746 5894.64              0.0997465 2326.81 -0.151473
30.15              14.8346 -0.117914 5864.64              0.105391 2331.56 -0.175479
30.16              -8.74045 -0.1192 5877.38              0.109899 2355.23 -0.176518
30.17              42.7897 0.845129 5879.07              -0.362376 2348.46 -0.516408
30.18              38.8415 -0.98283 5885.4              0.561985 2364.38 0.123122
30.19              34.943 -0.0120769 5836.26              0.0495834 2356.03 -0.257839
30.2              75.972 -0.176966 5905.85              0.132657 2366.26 -0.166136
30.21              16.0727 -0.189991 5880.4              0.16823 2405.23 -0.158802
30.22              47.0898 -0.136776 5929.11              0.135594 2447.45 -0.169789
30.23              56.403 -0.144098 5887.06              0.13679 2412.58 -0.160427
30.24              59.1307 -0.131068 5926.32              0.131658 2451.49 -0.164925
30.25              44.3472 -0.129552 5965.06              0.131497 2492.68 -0.15523
30.26              55.4802 -0.0885693 5999.58              0.132351 2505.34 -0.157654
30.27              77.6627 -0.0763303 5972.3              0.129173 2494.56 -0.148521
30.28              58.3893 -0.08302 6009.72              0.132724 2535.5 -0.131491
30.29              83.674 -0.095256 5989.07              0.127328 2527.21 -0.114283
30.3              85.3697 -0.0123005 5996.53              0.127779 2525.16 -0.109348
30.31              87.4671 -0.25756 6079.72              0.206788 2579.11 -0.0331143
30.32              60.0304 -0.926538 5945.3              0.0474506 2545.62 0.288215
30.33              82.6571 0.240447 6139.48              0.118461 2585.76 -0.219066
30.34              84.1754 0.352101 5918.95              0.137669 2540.54 -0.213792
30.35              91.1508 -0.269941 6072.17              0.0876476 2594.09 0.00770728
30.36              98.491 -0.126718 5982.54              0.0989915 2562.7 -0.0249223
30.37              95.2608 -0.124691 5995.08              0.107228 2578.32 0.00237292
30.38              122.628 -0.0799135 6141.75              0.100775 2627.5 0.00479279
30.39              96.9886 -0.0223996 5920.13              0.116973 2563.39 0.0236241
30.4              113.343 -0.0717801 6136.82              0.0993821 2636.54 0.026101
30.41              125.077 -0.0753227 5983.31              0.0965718 2586.53 0.0319163
30.42              150.994 -0.0944705 6013.01              0.0921733 2588.7 0.0419308
30.43              127.245 -0.102372 6093.19              0.0861434 2631.2 0.0543873
30.44              107.513 -0.0954142 5995.62              0.0831012 2611.43 0.061561
30.45              178.02 -0.0719057 6098.03              0.082861 2619.75 0.0697899
30.46              114.475 -0.0879219 6037.67              0.0807966 2626.18 0.089903
30.47              134.646 0.025267 6059.79              0.0800749 2632.82 0.0322662
30.48              131.141 -0.072671 6078.65              0.068177 2641.37 0.101677
30.49              92.3668 -0.0486782 6059.64              0.0716151 2656.85 0.0925163
30.5              164.192 -0.0623029 6075.07              0.0784866 2645.95 0.0912222
30.51              148.697 -0.0602441 6055.51              0.0864235 2631.5 0.0987305
30.52              165.29 -0.0285985 6069.3              0.0866125 2621.59 0.100453
30.53              129.86 -0.00669919 6065.66              0.0790922 2644.18 0.109494
30.54              84.5948 0.0166671 6108.45              0.0694843 2678.68 0.113447
30.55              139.706 -0.145367 6073.21              0.0648558 2634.84 0.159618
30.56              131.139 -0.0690083 6092.92              0.146001 2647.19 0.175738
30.57              158.595 0.0333719 6079.7              0.0780878 2627.46 0.12859
30.58              112.989 0.0499628 6096.46              0.0798773 2650.6 0.131123
30.59              134.578 0.109034 6100.41              0.088708 2643.8 0.137609
30.6              139.922 0.164357 6094.13              0.101445 2626.61 0.148639
30.61              100.583 0.0166887 6119.83              0.0790109 2648.91 0.131983
30.62              167.937 0.121601 6080.83              0.0986759 2608.78 0.148384
30.63              139.734 0.0896005 6093.42              0.0947734 2619.91 0.151305
30.64              121.09 0.130899 6110.21              0.0924691 2627.65 0.149537
30.65              132.048 0.153076 6102.62              0.0898187 2618.37 0.15236
30.66              134.963 0.191482 6121.79              0.0906427 2621.29 0.148609
30.67              134.375 0.204315 6093.05              0.0886855 2602.79 0.145927
30.68              136.665 0.336701 6124.55              0.0970589 2607.23 0.148518
30.69              138.869 0.199633 6095.86              0.0736839 2594.15 0.138567
30.7              108.889 0.263057 6129.34              0.0812601 2615.14 0.143603
30.71              107.396 0.360579 6131.43              0.0579869 2611.77 0.116229
30.72              131.807 0.365536 6066.46              0.0748175 2565.41 0.119948
30.73              132.949 0.376649 6162.54              0.0668074 2601.5 0.134124
30.74              167.199 0.424271 6069.04              0.0609835 2544.02 0.111392
30.75              132.353 0.410497 6129.55              0.0624658 2574.86 0.122978
30.76              163.228 0.43175 6123.36              0.0646689 2548.69 0.117078
30.77              124.437 0.452767 6095.22              0.0727941 2546.79 0.119754
30.78              104.217 0.417356 6124.08              0.0734671 2563.09 0.130956
30.79              163.075 0.449353 6190.95              0.0713268 2554.26 0.116968
30.8              144.386 0.10532 6109.05              0.195832 2514.11 0.144188
30.81              137.546 0.663691 6112.01              -0.0244517 2520.25 0.0979669
30.82              140.39 0.549918 6180.33              0.0664217 2532.1 0.128768
30.83              178.437 0.429171 6119.1              0.0507766 2479.15 0.117901
30.84              95.7926 0.324475 6080.89              0.171743 2494.42 0.159369
30.85              138.811 0.434281 6113.69              0.0891161 2473.61 0.12062
30.86              128.516 0.324209 6101.07              0.140586 2464.3 0.162496
30.87              109.168 0.447841 6106.49              0.0646445 2473.43 0.112952
30.88              157.801 0.378368 6098.23              0.104909 2440.55 0.144074
30.89              112.626 0.418406 6096.47              0.0989271 2448.94 0.113814
30.9              137.942 0.418584 6096.95              0.0780862 2424.27 0.11806
30.91              80.989 1.08772 6090.46              -0.224317 2438.9 -0.130339
30.92              117.413 0.933147 6272.29              -0.0514859 2510.56 -0.0941575
30.93              85.6554 0.585125 5857.35              0.00831133 2303.34 0.0511848
30.94              202.194 0.592469 6305.42              -0.00961235 2441.42 0.0403495
30.95              95.8395 0.515402 5976.75              -0.046534 2360.89 0.042891
30.96              96.4979 0.324604 6111.78              0.0182785 2371.81 0.179429
30.97              123.899 0.685874 6140.48              -0.0153337 2374.86 -0.0433267
30.98              93.667 0.569318 5956.87              -0.0166766 2317.21 0.0130568
30.99              139.665 0.699486 6232.4              0.00059845 2399.62 0.00274137
31              57.7157 -0.174043 5888.71              0.147768 2242.73 -0.0119633
31.01              181.853 0.417526 6233.15              -0.0536434 2353.84 0.0198364
31.02              14.9859 0.534267 5972.15              -0.0611871 2290.01 -0.0134848
31.03              91.5048 0.479401 6115.52              -0.0522815 2310.06 0.0151703
31.04              113.508 0.639526 6080.15              -0.0496327 2269.88 -0.0182064
31.05              99.6365 0.29243 6036.68              -0.0613869 2257.07 0.0556141
31.06              103.052 0.189286 6106.3              0.0255613 2259.43 0.105421
31.07              65.0091 0.632667 6010.57              -0.157313 2227.07 0.0620995
31.08              114.918 0.54188 6077.35              -0.0949921 2231.9 0.00256069
31.09              53.2657 0.473739 6075.99              -0.104092 2239.27 0.00688556
31.1              75.5607 0.54108 6042.96              -0.0958073 2202.27 -0.0110712
31.11              82.205 0.433383 6036.01              -0.100117 2172.47 -0.0212715
31.12              73.5226 0.409234 6044.81              -0.0996512 2175.9 -0.0153294
31.13              51.7659 0.713407 6000.03              -0.216183 2154.65 -0.100939
31.14              69.6777 0.48326 6025.81              -0.127197 2144.51 -0.0459465
31.15              91.3113 0.490317 6008.85              -0.133458 2115.18 -0.0354551
31.16              78.0961 0.805818 6087.62              -0.25279 2163.52 -0.0174113
31.17              94.4327 0.644815 6123.28              -0.100255 2148.55 -0.0565907
31.18              62.6329 0.360602 6024.04              -0.145689 2120.02 -0.0433476
31.19              5.19233 0.45429 6011.57              -0.117141 2107.87 -0.0413508
31.2              62.8959 0.445511 6055.65              -0.173817 2068.44 -0.0971131
31.21              114.287 0.538473 6118.94              -0.165729 2099.92 -0.0966548
31.22              44.7967 0.423592 5926.98              -0.156228 2012.12 -0.0934776
31.23              134.744 -0.315514 6184.14              0.057518 2079.86 0.0791702
31.24              6.33649 0.169161 5879.85              -0.147035 1980.5 -0.0253977
31.25              63.2137 -0.0543245 6060.1              0.0382561 2007.47 0.0705366
31.26              32.8735 0.26587 6025.3              -0.0969826 2021.76 -0.0117192
31.27              1.94449 0.258953 5919.2              -0.193097 1960.92 -0.0633882
31.28              63.6059 0.286646 5875.66              -0.144972 1847.26 -0.0523225
31.29              218.838 0.0860937 6518.87              -0.140415 2166.21 -0.0417564
31.3              -94.3521 0.331778 5781.04              -0.187342 1911.39 -0.0657152
31.31              144.183 0.236859 6030.27              -0.165171 1860.97 -0.0749295
31.32              173.862 0.214327 6479.56              -0.157424 2135.5 -0.0992838
31.33              -68.5548 0.361111 5669.1              -0.163689 1786.5 -0.119747
31.34              177.145 0.634988 6185.7              -0.332843 1890.12 -0.28445
31.35              -11.4586 0.205424 5776.41              -0.203976 1810.66 -0.123382
31.36              76.7518 0.354859 5990.47              -0.200751 1822.15 -0.192892
31.37              41.7723 0.104411 5745.04              -0.150566 1701.89 -0.0779382
31.38              56.9968 0.0938375 5985.8              -0.144164 1817.31 -0.0847726
31.39              6.2926 0.987818 5982.24              -0.42353 1846.71 -0.255306
31.4              -9.10667 0.099346 5824.91              -0.152774 1739.25 -0.122505
31.41              67.6147 -0.443709 5976.13              0.131365 1762.28 0.0713561
31.42              23.6612 -0.0573883 6027.05              -0.111739 1799.8 -0.0751591
31.43              34.0969 0.0547068 5985.18              -0.1251 1787.59 -0.119113
31.44              -31.2462 -0.756567 5753.54              0.0103514 1659.83 0.241461
31.45              113.251 -0.0574276 6160.89              -0.136107 1785.59 -0.0761232
31.46              -48.7468 -1.7099 5805.49              0.674303 1697.35 0.275162
31.47              24.3779 0.209647 5793.32              -0.322833 1602.1 -0.180072
31.48              73.8526 0.131449 6032.6              -0.22801 1715.11 -0.141716
31.49              -106.065 0.0213456 5682.95              -0.223217 1612.24 -0.135213
31.5              129.597 0.37059 6365.7              -0.323889 1805.48 -0.273808
31.51              -120.904 1.21279 5548.18              -0.473391 1533.58 -0.620232
31.52              126.471 0.428533 6073.9              -0.269319 1659.56 -0.248287
31.53              -54.8448 0.240371 5830.44              -0.260961 1620.25 -0.199123
31.54              1.82296 -0.775312 5893.42              -0.0672375 1597.71 0.264291
31.55              52.0072 0.173337 5958.72              -0.253994 1602.51 -0.112108
31.56              -72.9325 0.165654 5726.03              -0.236074 1549.48 -0.122733
31.57              5.41046 0.102451 5974.19              -0.217804 1601.73 -0.0753556
31.58              79.2204 0.272832 6097.1              -0.213745 1635.37 -0.248333
31.59              -69.1824 0.718283 5714.89              -0.857647 1488.34 -0.233018
31.6              15.1826 -0.917114 5951.68              0.329297 1529.39 0.228269
31.61              -40.0735 -0.50445 5837.72              -0.0146356 1549.25 0.077064
31.62              -25.7596 -0.31163 5857.04              -0.0593866 1524.61 0.0423059
31.63              -65.6161 -0.304107 5828.54              -0.0405888 1501.16 0.0414218
31.64              -55.015 -0.209264 5676.34              -0.0928271 1449.37 0.0387274
31.65              26.01 -0.248865 5980.75              -0.10771 1528.35 0.0187547
31.66              -129.829 -0.278819 5704.05              -0.0977102 1464.06 0.0356032
31.67              25.2149 -0.220537 5908.59              -0.115464 1473.67 0.0320493
31.68              3.9182 -0.478348 5772.26              -0.0890309 1441.71 -0.017459
31.69              -60.8794 -0.347844 5760.65              -0.122646 1435.99 0.0367259
31.7              0.353155 -0.542851 5888.9              -0.100529 1456.33 -0.0361452
31.71              -109.656 -0.292022 5654.06              -0.150072 1407.35 0.00470315
31.72              -38.5273 -0.199517 5978.7              -0.12246 1477.68 0.00556526
31.73              -64.5966 -0.264786 5829.88              -0.102003 1426.11 -0.0505609
31.74              -75.4682 -0.245152 5780.83              -0.127503 1408.44 -0.0257949
31.75              -32.7769 0.332946 5855.58              -0.412361 1417.08 -0.243381
31.76              -108.606 0.687053 5712.27              -0.543537 1384.6 -0.34384
31.77              -59.9085 0.238851 5881.93              -0.336254 1422.89 -0.194869
31.78              -85.3551 0.16762 5696.59              -0.287945 1370.11 -0.187324
31.79              -90.8197 0.135517 5803.84              -0.0292417 1399.62 0.0906288
31.8              -50.1612 -2.35001 5766.18              0.930381 1368.93 -0.368547
31.81              66.4329 1.41828 6394.46              -1.01091 1488.67 0.267806
31.82              -255.723 -0.205825 5328.86              -0.10257 1315.8 -0.00359243
31.83              156.666 -0.1247 6587.57              -0.0809814 1477.2 -0.090851
31.84              -217.937 -2.00983 5363.55              0.712417 1303.95 0.477358
31.85              -261.927 -1.34393 5450.41              0.0354702 1306.62 0.0804473
31.86              83.8579 -0.945551 6056.85              0.101397 1383.65 0.0726733
31.87              -254.014 -0.920989 5519.03              0.0208385 1329.18 0.0724826
31.88              -207.523 -0.811726 5494.69              0.1003 1310.19 0.179657
31.89              -48.4042 -0.289711 5961.71              -0.173674 1388.98 0.022784
31.9              -282.716 -0.247854 5356.57              -0.168159 1318.47 0.0418607
31.91              76.8782 -0.422515 6310.35              -0.120721 1411.62 0.0690436
31.92              -294.604 -0.262829 5337.69              -0.167165 1292.31 0.0570617
31.93              117.375 -0.600428 6570.72              -0.163434 1419.28 0.0383205
31.94              54.0881 -0.231843 6267.06              -0.129851 1391.83 0.134462
31.95              -305.323 0.446094 5144.33              -0.0784977 1283.62 0.119934
31.96              -51.974 -0.303566 5888.72              -0.170246 1362.81 0.0976792
31.97              -80.8692 -1.82909 5921              0.0743878 1324.18 0.586059
31.98              -236.336 -0.584475 5445.39              -0.148584 1313.99 0.218016
31.99              -106.847 2.50342 5725.28              -0.961294 1409.28 -0.508658
32              -188.449 0.217335 5647.26              -0.224777 1293.24 0.0905959
32.01              -175.841 -0.0203606 5805.6              -0.182211 1346.67 0.187986
32.02              -183.442 0.087335 5642.85              -0.0120207 1373.84 0.290949
32.03              -186.2 -0.784888 5595.8              0.0681424 1340.85 0.267776
32.04              -215.097 -0.442462 5673.58              0.0430089 1345.76 0.321182
32.05              -152.891 -0.599526 5742.97              0.0496316 1343.2 0.329799
32.06              -229.525 -0.585862 5691.42              0.100369 1398.17 0.34871
32.07              -193.57 -0.456609 5727.96              0.0520711 1357.78 0.325634
32.08              -164.009 -0.498015 5638.69              0.0754302 1356.77 0.334668
32.09              -78.7428 -0.346644 6022.12              0.0758094 1403.38 0.387649
32.1              -310.253 -0.576859 5350.07              0.0914148 1341.24 0.288003
32.11              -163.911 -0.569693 5835.75              0.0771311 1387.58 0.340971
32.12              -176.89 -1.50349 5603.31              0.630758 1361.02 0.403847
32.13              -188.406 -1.17678 5773.68              0.380554 1401.48 0.458023
32.14              -186.5 -0.2453 5577.5              0.0246329 1383.55 0.308376
32.15              -120.158 -0.282135 5963.25              0.0694206 1398.26 0.33358
32.16              -249.363 -0.00969228 5442.55              -0.161422 1371.69 0.365957
32.17              -134.109 0.378734 5824.54              -0.294783 1425.81 0.161597
32.18              -234.879 0.248605 5430.15              -0.17674 1427.65 0.231213
32.19              -181.665 0.503293 5909.53              -0.27044 1421.23 0.262765
32.2              -122.183 0.0525576 6123.52              -0.145174 1481.52 0.277864
32.21              -224.633 0.592925 5470.3              -0.167069 1419.6 0.232877
32.22              -129.582 0.0712497 5700.24              0.0461488 1462.66 0.293955
32.23              -229.575 1.87321 5723.17              -0.981014 1416.95 -0.182417
32.24              -229.21 0.23588 5711.72              -0.0249137 1436.76 0.119275
32.25              -173.851 0.0881752 5854.55              -0.00529055 1527.45 0.145709
32.26              -300.239 -0.959269 5375.68              0.346927 1403.92 0.421923
32.27              -116.889 0.778994 5951.72              -0.312426 1547.53 -0.235946
32.28              -276.293 -0.0285675 5457.57              0.0914236 1398.5 0.0159965
32.29              -106.897 0.0981941 5934.89              0.0139312 1542.66 -0.00556819
32.3              -242.442 -0.791734 5442.21              0.346585 1467.47 0.0353039
32.31              -173.3 -0.571947 5764.66              0.122147 1534.44 -0.0745748
32.32              -175.877 -0.234716 5847.55              0.117289 1548.19 -0.019168
32.33              -216.051 -1.19065 5599.78              0.269503 1534.59 -0.114386
32.34              -115.864 -0.335636 5981.11              0.0952241 1612.05 -0.0935571
32.35              -226.735 -0.4383 5607.4              0.108757 1525.08 -0.0895261
32.36              -184.693 -0.392547 5785.52              0.118035 1588.66 -0.122587
32.37              -191.995 -0.0455875 5618.49              0.177473 1624.53 -0.183745
32.38              -232.227 0.188485 5741.15              -0.0831838 1565.25 -0.0682502
32.39              -230.718 0.223563 5490.71              -0.0470778 1518.18 -0.0992853
32.4              -211.817 0.131438 5631.69              -0.0455192 1628.72 -0.12634
32.41              -184.218 0.137359 5658.49              -0.053187 1591.13 -0.130449
32.42              -168.253 0.220079 5731.67              -0.112309 1627.81 -0.144006
32.43              -162.91 -0.11397 5727.31              0.186476 1635.06 -0.123296
32.44              -178.817 -0.590918 5710.53              0.352536 1666.48 -0.0576078
32.45              -165.684 -0.46083 5699.16              0.291499 1654.14 -0.0342031
32.46              -110.004 -0.443488 5931.93              0.264458 1727.07 -0.0760428
32.47              -187.798 -0.244854 5434.87              0.143196 1601.64 -0.234519
32.48              -56.2961 -0.140651 5918.15              0.11645 1707.53 -0.144134
32.49              -150.287 -0.112422 5596.65              0.139051 1676.41 -0.179402
32.5              -102.092 -0.0063178 5770.83              0.147393 1757.67 -0.190685
32.51              -129.421 -0.14589 5670.29              0.149963 1694.83 -0.218069
32.52              -142.754 -0.00354935 5687.14              0.117364 1716.08 -0.231574
32.53              -38.1385 -0.0991331 5973.16              0.158346 1816.04 -0.250902
32.54              -151.177 0.183211 5590.62              0.111472 1774.58 -0.232487
32.55              -67.8018 0.2338 5782.49              0.129304 1753.22 -0.315698
32.56              -120.05 -0.0212253 5804.52              0.147587 1836.43 -0.230643
32.57              -87.497 -0.00790467 5910.02              0.130617 1875.19 -0.256759
32.58              -137.94 0.0325322 5670.25              0.139811 1778.57 -0.231426
32.59              -46.0982 -0.278625 5817.08              0.266693 1919.55 -0.109297
32.6              -124.111 -0.160455 5657.5              0.166265 1784.14 -0.189424
32.61              -31.2646 0.305938 5794.77              0.0296934 1857.85 -0.318781
32.62              -108.657 0.0530132 5710.99              0.0755659 1880 -0.239334
32.63              -36.6649 0.066836 5720.8              0.0910201 1863.77 -0.258037
32.64              -71.107 0.146367 5826.12              0.0715701 1924.76 -0.279375
32.65              -51.3518 0.208751 5738.57              0.0218406 1928.92 -0.314268
32.66              -7.28999 0.18984 5787.9              0.0572114 1928.12 -0.340276
32.67              -94.235 0.0666272 5793.99              0.0564505 1975.44 -0.304591
32.68              -70.1793 0.110785 5802.81              0.0723657 1987.14 -0.333373
32.69              -46.1749 0.0910006 5791.95              0.0730223 1993.98 -0.314845
32.7              -64.6757 0.0703589 5795.17              0.0661037 2002.73 -0.382797
32.71              -84.8687 0.141517 5786.68              0.0943151 2016.64 -0.362029
32.72              -53.1586 -0.0697767 5809.62              0.117715 2034.42 -0.289017
32.73              -30.8858 0.0186844 5803.81              0.0784241 2046.54 -0.355259
32.74              4.96616 0.0165612 5759.56              0.11182 2016.16 -0.306123
32.75              15.3861 -0.023498 5845.73              0.0757994 2065.75 -0.375942
32.76              -79.2676 0.114902 5495.63              0.0934918 1936.83 -0.318254
32.77              42.6368 0.0236073 6060.68              0.0999909 2159.89 -0.327751
32.78              -100.838 0.0968275 5593.26              0.0765023 2100.13 -0.374362
32.79              10.5679 0.0604153 6195.85              0.108793 2291.96 -0.289565
32.8              -102.685 -0.0340956 5614.41              0.107679 2095.86 -0.259132
32.81              50.7378 0.00367002 5986.75              0.101594 2178.86 -0.268666
32.82              -14.5069 0.0317496 5899.94              0.08689 2230.4 -0.255993
32.83              -29.0221 -0.113694 5752.33              0.0912346 2181.21 -0.196902
32.84              15.1918 0.285805 6036.29              0.00772414 2250.53 -0.295603
32.85              -24.1252 0.142074 5764.2              0.0645449 2210.78 -0.278548
32.86              14.6062 -0.247676 5913.19              0.151654 2241.43 -0.189319
32.87              10.2932 -0.0483344 5927.38              0.0936404 2269.33 -0.218434
32.88              19.0047 0.692589 5811.31              -0.273485 2237.69 -0.455758
32.89              56.2727 -0.560243 5892.83              0.422395 2248.88 -0.00159113
32.9              23.8168 -0.202567 5851.95              0.154419 2262.38 -0.126486
32.91              -6.07048 0.0174361 5890.96              0.0733345 2301.55 -0.233835
32.92              -4.27238 0.0431856 5905.13              0.106252 2308.08 -0.211343
32.93              20.7925 -0.0929379 5901.46              0.0935905 2346.11 -0.229735
32.94              50.462 -0.0265264 5886.36              0.099197 2329.34 -0.20436
32.95              54.8357 -0.0161576 5949.59              0.105581 2352.92 -0.188976
32.96              37.4408 0.00230702 6000.25              0.110864 2404.78 -0.176875
32.97              48.8977 0.0332226 6007.59              0.104062 2417.08 -0.163633
32.98              65.4444 0.0342049 5943.5              0.0989258 2381.92 -0.160162
32.99              35.5375 0.049115 6062.48              0.111391 2463.76 -0.141485
33              69.0642 -0.00702813 5957.27              0.125168 2416.93 -0.127002
33.01              84.8804 0.0783227 6021.08              0.112923 2433.93 -0.107615
33.02              85.0352 0.0193003 6002.42              0.138151 2444.65 -0.0964539
33.03              125.22 -0.10717 5990.36              0.100799 2429.5 -0.0977354
33.04              57.0679 0.0208992 6039.9              0.104655 2460.24 -0.0970917
33.05              122.255 0.213454 5949.36              0.129945 2428.63 -0.125947
33.06              122.168 -0.142875 6002.88              0.100715 2455.82 0.0100794
33.07              70.8558 -0.0969858 5987.88              0.108744 2477.52 -0.00260684
33.08              69.4377 -0.0417686 6046.92              0.106122 2505.92 0.00962189
33.09              106.852 -0.00732841 6073.01              0.113353 2507.89 0.0282446
33.1              106.332 -0.0141993 5967.25              0.110625 2469.15 0.0432091
33.11              141.971 -0.0404266 6051.43              0.10876 2493.71 0.0546571
33.12              98.9509 -0.0512795 5966.39              0.104466 2492.74 0.0673307
33.13              100.459 -0.0362102 6083.36              0.105997 2532.8 0.0773547
33.14              127.958 -0.0604054 6009.83              0.100412 2501.61 0.0955673
33.15              120.609 -0.0368261 6052.36              0.0996873 2523.98 0.104852
33.16              136.825 -0.0142718 6105.9              0.107876 2539.54 0.118065
33.17              109.794 -0.0314827 5947.01              0.0973243 2504.36 0.127786
33.18              118.71 -0.0431736 6100.95              0.101132 2539.51 0.143357
33.19              164.68 -0.024065 6050.58              0.0972571 2521.22 0.145292
33.2              144.748 -0.0271945 6016.77              0.0901209 2519.92 0.150844
33.21              175.47 -0.046472 6091.48              0.102921 2558.36 0.158415
33.22              151.295 -0.130802 6016.59              0.154742 2520.61 0.167605
33.23              152.241 -0.0614468 6083.59              0.1268 2531.94 0.177697
33.24              154.191 -0.0437054 6056.51              0.110669 2530.79 0.182421
33.25              149.16 -0.0592847 6064.63              0.0945147 2521.8 0.202357
33.26              130.649 -0.0307281 6034.5              0.111776 2540.31 0.197355
33.27              83.0426 0.019573 6055.14              0.13244 2560.02 0.196538
33.28              161.896 -0.0024611 6095.52              0.114281 2520.9 0.200564
33.29              133.293 0.00550949 6018.88              0.147882 2526.69 0.207639
33.3              136.533 0.197334 6175.64              0.172141 2553.37 0.218924
33.31              122.544 -0.0153095 6015.67              0.153629 2518.51 0.221022
33.32              147.928 0.636026 6180.2              -0.136306 2547.66 -0.0864666
33.33              121.351 0.389768 5974.82              0.0598317 2497.69 0.0711877
33.34              146.208 0.340568 6230.72              0.0846056 2548.55 0.104423
33.35              106.758 0.322446 6052.92              0.100945 2506.84 0.111482
33.36              147.223 -0.280349 6157.05              0.430193 2534.64 0.456968
33.37              142.894 -0.0476648 6048.17              0.190822 2488.05 0.274003
33.38              144.753 0.262041 6194.79              0.128106 2514.9 0.172085
33.39              130.898 0.177289 6035.44              0.175154 2481.02 0.219429
33.4              134.811 0.275378 6191.59              0.112599 2519.1 0.15621
33.41              128.927 0.291169 6053.87              0.133731 2480.08 0.179193
33.42              157.104 0.581771 6247.19              0.101231 2517.73 0.116728
33.43              103.58 0.314833 5990.07              0.10902 2446.41 0.153409
33.44              166.372 0.452309 6212.68              0.0845831 2495.39 0.1054
33.45              122.076 0.536849 6166.08              0.0827983 2502.19 0.0814766
33.46              125.235 0.444021 6124.41              0.0602155 2474.45 0.12021
33.47              115.985 0.60446 6118.33              0.0569167 2466.87 0.0934319
33.48              150.135 0.375376 6193.12              0.189132 2472.9 0.0978631
33.49              117.508 0.535543 6100              0.100296 2449.04 0.10495
33.5              177.085 0.341002 6145.7              0.125158 2429.92 0.111908
33.51              98.1704 1.60467 6111.98              -0.361049 2436.92 0.0656476
33.52              96.1598 0.650427 6150.93              0.135742 2447.44 0.0612699
33.53              124.413 0.368884 6124.71              0.089799 2418.41 0.121939
33.54              137.674 0.428288 6105.61              0.0922755 2395.95 0.110634
33.55              131.456 0.37003 6132.14              0.0881119 2399.02 0.0964775
33.56              156.166 0.371198 6059.37              0.0975286 2344.07 0.100784
33.57              94.9077 0.547016 6130.2              0.0832172 2387.8 0.0389254
33.58              87.5024 -0.137926 6111.8              0.350516 2382.55 0.286612
33.59              112.133 0.260852 6075.14              0.111696 2319.28 0.104305
33.6              167.133 0.291141 6091.94              0.154101 2320.93 0.165113
33.61              78.1067 0.597574 6087.88              0.128226 2343.9 0.0993918
33.62              118.257 0.282082 6146.67              0.067002 2334 0.0940962
33.63              72.7035 0.390341 6060.23              0.0768377 2320.05 0.0843465
33.64              121.044 0.399305 6174.59              0.0787622 2338.45 0.0680997
33.65              72.7495 0.251318 6081.2              0.117046 2294.58 0.114213
33.66              104.138 0.374941 6117.19              0.0726059 2296.28 0.0961981
33.67              74.9501 1.12121 6108.12              -0.30661 2281.86 -0.152691
33.68              109.612 0.466978 6066.3              -0.0253598 2248.54 0.0258383
33.69              92.8746 0.5566 6108.3              -0.0183045 2273.36 0.00786656
33.7              95.7534 0.48219 6052.37              -0.00116211 2216.76 -0.00460244
33.71              122.088 0.400959 6092.7              -0.0287742 2219.81 0.0256351
33.72              101.862 0.438587 6075.12              -0.0242347 2211.42 0.0107538
33.73              94.707 0.450895 6046.66              -0.0374635 2193.1 -0.000899312
33.74              118.603 0.496722 6078.34              -0.0348334 2178.7 -0.00645462
33.75              85.9781 0.364537 6064.27              -0.0509434 2176.31 -0.000466923
33.76              107.509 0.482133 6085.51              -0.0353148 2173.9 0.00399426
33.77              114.641 0.0819869 6057.6              0.138066 2130.64 0.14546
33.78              101.084 0.182892 6062.38              -0.00655169 2142.16 0.0561897
33.79              129.813 -0.361815 6091.19              0.0696574 2119.33 0.259433
33.8              77.1811 0.581395 5968.98              -0.123989 2068.23 -0.197916
33.81              89.3458 0.454803 6216.51              -0.0447817 2178.25 -0.0298082
33.82              59.0281 0.340316 5954.93              -0.0857175 2070.8 -0.0441583
33.83              138.933 -0.333212 6013.98              0.0553239 2002.12 -0.0563326
33.84              88.8836 0.562877 6074.26              -0.274739 2072.93 -0.115267
33.85              28.2355 0.375776 5900.92              -0.152518 2010.68 -0.0190908
33.86              135.575 0.739832 6253.57              -0.196451 2113.26 -0.082278
33.87              64.5178 0.443245 6097.54              -0.145752 2076.11 -0.0808295
33.88              105.474 0.402931 6052.29              -0.12179 1992.37 -0.0411701
33.89              152.606 0.0282107 5996.72              -0.112653 1919.36 0.0631596
33.9              68.6102 0.368275 6022.78              -0.138356 1978.53 -0.0613116
33.91              99.6997 0.124422 6034.66              -0.0394929 1962.15 -0.0145338
33.92              87.044 -0.576382 5954.37              0.188691 1913.74 0.22067
33.93              423.219 0.228623 7069.41              -0.203857 2303.45 -0.0157895
33.94              85.6185 1.03665 5735.4              -0.341837 1705.72 -0.152892
33.95              406.643 0.313697 7178.56              -0.210836 2346.83 -0.0662474
33.96              -397.644 0.542569 4780.57              -0.31612 1528.29 -0.151557
33.97              264.505 0.3621 6642.25              -0.19406 2091.83 -0.0808706
33.98              81.4099 0.216358 5858.07              -0.163541 1749.94 -0.026712
33.99              9.02179 0.098925 5897.56              -0.166223 1821.63 -0.00521043
34              57.9343 0.0816907 6010.99              -0.147056 1856.47 -0.0364499
34.01              84.1355 1.38775 5948.12              -0.73026 1797.08 -0.311671
34.02              30.1794 -0.0124403 5852.29              -0.105434 1727.14 -0.020818
34.03              121.131 -0.0362837 6040.08              -0.117738 1790.17 -0.0308602
34.04              42.8901 -0.036065 5989.03              -0.135518 1804.83 -0.0330823
34.05              28.9688 0.336125 5900.76              -0.269949 1724.63 -0.181979
34.06              74.7961 0.142765 6070.31              -0.24084 1794.7 -0.138034
34.07              41.7524 0.145018 5901.78              -0.181225 1700.45 -0.135028
34.08              96.3365 0.096984 6039.21              -0.179467 1737.33 -0.0895866
34.09              15.8211 -0.59722 5901.05              -0.0294813 1693.96 -0.0491782
34.1              109.072 0.851915 5992.3              -0.405215 1687.46 -0.179922
34.11              17.6626 -0.473263 6003.29              0.102261 1702.92 0.0776517
34.12              53.0118 -0.07463 6069.05              -0.142049 1746.16 -0.0668701
34.13              -24.1346 -0.0301014 5581.45              -0.108506 1476.69 -0.0586241
34.14              131.534 -0.167562 6080.6              -0.0561789 1667.96 -0.0728647
34.15              12.2395 0.00776168 6008.55              -0.122026 1691.38 -0.0709239
34.16              26.2278 -0.249259 5779.4              -0.143663 1528.41 -0.0418462
34.17              51.4047 -0.124668 5930.33              -0.15201 1585.7 -0.0617766
34.18              13.8456 0.214998 5945.79              -0.261249 1616.79 -0.171956
34.19              -25.9201 0.138755 5863.54              -0.222953 1564.74 -0.137631
34.2              86.1555 0.122328 6130.18              -0.221397 1624.57 -0.110015
34.21              -38.014 0.643619 5786.75              -0.483575 1511.64 -0.32246
34.22              66.7202 0.284692 5904.63              -0.326143 1504.76 -0.253729
34.23              23.6259 -0.989201 5912.7              0.300456 1523.79 0.264045
34.24              4.99635 -0.281275 5822.39              -0.082741 1477.51 0.0444325
34.25              -17.7001 -0.141783 5803.31              -0.116936 1465.3 0.00969128
34.26              -8.52126 -0.322735 5868.61              -0.150737 1481.42 0.0547549
34.27              244.813 -0.0228608 6767.63              -0.130159 1738.38 0.0212673
34.28              -157.403 0.153907 5254.13              -0.198043 1260.02 0.0151607
34.29              198.408 -1.33278 6293.41              0.15465 1548.26 0.202419
34.3              -193.651 -0.262964 5604.67              -0.15924 1363.96 0.0418458
34.31              89.1497 -0.274628 6076.05              -0.141524 1489.52 0.0629088
34.32              -25.0065 -0.192872 5834.23              -0.158936 1419.41 0.00792341
34.33              -82.0413 0.9382 5637.31              -0.514236 1342.84 -0.0663539
34.34              82.8351 0.258897 6061.97              -0.228785 1436.5 -0.0966291
34.35              -89.666 0.0193252 5764.04              -0.187681 1381.82 -0.00373292
34.36              80.5597 -0.0236368 6062.23              -0.205397 1411.7 -0.04048
34.37              -150.509 -0.0749225 5544.21              -0.206069 1301.59 -0.000889094
34.38              90.4859 0.0297188 6035.58              -0.184292 1390.83 -0.0226199
34.39              -101.394 -0.338216 5656.9              -0.209113 1325.82 -0.0740033
34.4              -21.4539 -0.262111 5825.7              -0.196709 1326.52 0.0174663
34.41              -55.8878 -0.381736 5704.78              -0.246574 1303.59 -0.0240131
34.42              -78.0426 -0.217928 5696.9              -0.221824 1291.74 -0.032683
34.43              -83.2523 -0.151468 5703.74              -0.208944 1294.83 -0.0331966
34.44              -117.226 -0.212347 5773.34              -0.202014 1305.39 -0.0576761
34.45              -136.552 -0.667194 5583.64              0.0790953 1263.79 0.11451
34.46              -127.904 -0.369911 5626.17              -0.0891515 1263.43 -0.0233515
34.47              -95.0961 -0.947718 5664.66              0.155391 1259.7 0.129509
34.48              -47.4549 -1.13748 5931.16              0.314923 1315.58 0.0844836
34.49              -137.295 -0.573497 5668.86              -0.0840633 1271.43 0.00480893
34.5              -32.5507 -0.796738 5860.1              -0.0688304 1285.62 -0.0589504
34.51              -45.6535 -0.401329 5697.88              -0.179545 1227.41 -0.0834055
34.52              -130.413 -0.414516 5754.41              -0.185523 1271.55 -0.0573808
34.53              -73.0922 -0.399894 5817.58              -0.190343 1261.1 -0.0656283
34.54              -111.73 -0.828724 5629.37              0.157429 1234.76 -0.234601
34.55              -110.606 -0.17655 5878.42              -0.29115 1281.6 -0.0740621
34.56              -181.132 0.698952 5691.14              -0.634275 1256.24 0.0714591
34.57              -59.5515 -0.231869 5860.77              -0.213728 1253.16 -0.0816926
34.58              -142.621 -0.142777 5713.99              -0.201961 1220.6 -0.117763
34.59              -123.275 -0.0370078 5726              -0.201431 1218.23 -0.00806173
34.6              -139.725 0.0711861 5844.32              -0.314025 1287.71 -0.104164
34.61              -110.302 -0.326902 5773.84              -0.0814749 1222.13 -0.0364235
34.62              -156.513 -0.356533 5651.6              -0.109084 1214.31 -0.0202627
34.63              -139.696 -0.500326 5725.79              -0.0731867 1234.06 0.0328313
34.64              -75.765 -0.480124 5842.33              -0.0708106 1230.31 0.035239
34.65              -124.719 -0.324762 5653.79              -0.112386 1193.03 0.0352863
34.66              -149.889 0.221929 5721.23              -0.249671 1225.86 0.100297
34.67              -113.711 0.256775 5796.74              -0.158756 1240.95 0.159098
34.68              -157.471 0.0134949 5617.67              -0.136076 1199.55 0.132018
34.69              -142.089 -0.437429 5810              -0.156401 1255.44 0.136968
34.7              -150.216 -0.260902 5662.42              -0.124827 1238.97 0.162281
34.71              28.6268 0.401954 6376.75              -0.397453 1256.73 0.0707417
34.72              -404.101 -0.239181 4941.84              0.00765299 1177.63 0.213949
34.73              -243.711 -1.70054 5406.78              0.717077 1190.69 0.44595
34.74              -68.8225 -0.203658 6022.36              -0.214875 1271.42 0.0554571
34.75              -275.22 -0.187227 5608.64              0.0481451 1213.4 0.292301
34.76              -192.823 -0.228014 5766.79              -0.111268 1260.93 0.143883
34.77              -33.392 -0.442362 5988.81              0.0475601 1254.54 0.274044
34.78              -273.482 -0.2473 5428.18              -0.0469161 1175.41 0.251147
34.79              -106.199 -0.329015 5857.48              -0.00986352 1249.79 0.296948
34.8              -237.617 -0.293158 5545.11              0.0013698 1231.96 0.259598
34.81              -154.622 -0.0581107 5790.35              -0.0528324 1260.59 0.344297
34.82              -111.441 0.17682 5830.47              -0.214492 1269.84 0.25576
34.83              -204.948 -0.192201 5682.94              -0.125078 1235.01 0.268867
34.84              -243.046 0.294048 5548.99              -0.0984801 1223.61 0.243459
34.85              -94.8131 1.55536 5972.13              -0.845858 1316.86 0.0662166
34.86              -187.387 0.254477 5708.7              -0.16199 1260.33 0.253423
34.87              -143.273 0.0789364 5750.2              -0.086033 1275.36 0.296525
34.88              -231.154 0.291299 5546.83              -0.13606 1253.28 0.335357
34.89              -182.23 0.316829 5804.9              -0.0998293 1287.27 0.309099
34.9              -167.933 0.144659 5690.89              -0.0531961 1335.44 0.268905
34.91              -210.247 0.138568 5768.99              -0.0723534 1265.75 0.248954
34.92              -230.817 -0.061336 5531.2              -0.021188 1264.8 0.228892
34.93              -138.403 0.511253 5786.04              -0.223081 1338.17 0.18659
34.94              -123.66 0.561025 5978.27              -0.274933 1333.05 0.104226
34.95              -303.606 -0.720028 5314.95              0.0868214 1254.77 0.0240599
34.96              -192.475 0.0858331 5562.09              -0.0352732 1282.35 0.0764577
34.97              -91.3282 -0.213377 6041.03              0.0907071 1398.94 0.0850596
34.98              -249.429 0.147024 5518.65              -0.112973 1316.29 -0.00946686
34.99              -69.6291 -0.119124 6214.84              0.351591 1424.6 0.196249
35              -177.207 -2.04311 5693.13              0.729011 1366.94 -0.147841
35.01              -287.543 -1.08137 5497.74              0.28747 1340.51 -0.0358762
35.02              -169.715 -0.282117 5588.68              0.108365 1338.46 0.0288352
35.03              -148.806 -0.86254 5670.44              0.446301 1381.76 -0.112118
35.04              -111.831 -0.660834 6244.53              0.509853 1500.13 -0.0880998
35.05              -361.848 0.0565133 5167.18              0.0622756 1319.6 -0.0941085
35.06              -155.924 1.46979 5660.48              -0.717987 1383.47 0.115833
35.07              -120.979 0.506456 5889.01              -0.168363 1437.19 -0.0461821
35.08              -229.728 0.289168 5511.49              -0.0202243 1413.7 0.0553304
35.09              -191.364 0.366204 5664.24              -0.0364334 1445.9 -0.0914732
35.1              -192.214 0.401022 5844.82              -0.14552 1481.66 -0.102906
35.11              -142.015 0.442475 5716              0.0167986 1448.75 -0.341468
35.12              -154.238 0.155276 5799.78              0.0974159 1491.67 -0.276668
35.13              -161.264 -0.0409539 5866.54              0.102535 1530.19 -0.169208
35.14              -179.237 0.0779529 5603.01              0.116411 1438.91 -0.162721
35.15              -115.079 -0.359978 5795.85              0.40781 1556.41 -0.0700418
35.16              -180.098 -0.100727 5627.67              0.214063 1485.32 -0.0926838
35.17              -121.95 -0.0561679 5751.67              0.189343 1513.82 -0.126056
35.18              -111.577 0.342788 5684.95              0.035081 1529.38 -0.204146
35.19              -176.972 0.0436705 5621.23              0.138648 1531.69 -0.249237
35.2              -92.5138 0.162134 5932.28              0.112629 1599.75 -0.206699
35.21              -166.099 0.31893 5675.78              0.150383 1581.63 -0.200819
35.22              -83.5556 0.34643 6026.67              0.181405 1667.29 -0.253011
35.23              -82.2204 0.275693 5920.74              0.166463 1641.38 -0.212067
35.24              -144.56 0.075897 5793.26              0.249221 1662.51 -0.246961
35.25              -130.913 0.209262 5668.13              0.199737 1608.04 -0.266496
35.26              -150.373 -1.2076 5894.26              1.01496 1702.94 0.0503671
35.27              -104.485 -0.0321275 5778.68              0.252727 1703.84 -0.215497
35.28              -102.812 0.24607 5620.9              0.141709 1590.57 -0.284033
35.29              -67.5086 0.182565 5863.45              0.147097 1695.22 -0.261455
35.3              -127.251 0.306197 5786.01              0.157343 1739.49 -0.219372
35.31              -40.6716 1.23688 5802.28              -0.425527 1734.26 -0.49914
35.32              -104.658 0.529733 5730.09              0.0290592 1679.88 -0.325422
35.33              -108.649 0.428871 5754.82              0.11954 1739.63 -0.269765
35.34              -19.3638 0.312087 5783.1              0.140192 1752.52 -0.271064
35.35              -88.7656 0.374326 5755.8              0.162026 1763.59 -0.298512
35.36              -80.4773 0.291913 5836.16              0.171859 1802.27 -0.239461
35.37              -95.4933 0.289675 5776.08              0.167769 1806.6 -0.303125
35.38              -88.4755 0.234552 5941.52              0.162144 1889.27 -0.266048
35.39              -84.6835 0.270194 5642.12              0.169039 1780.15 -0.3056
35.4              -40.4342 0.277786 5833.52              0.170992 1814.58 -0.272222
35.41              -41.8839 0.211885 5805.58              0.15317 1858.06 -0.247082
35.42              -87.141 0.264629 5758.4              0.199699 1882.65 -0.273416
35.43              6.70183 0.284962 5880.03              0.190672 1877.4 -0.266416
35.44              -0.471192 0.237476 5721.17              0.198441 1859 -0.274427
35.45              -43.2744 0.214989 5884.25              0.207352 1931.81 -0.271533
35.46              -24.7327 0.518695 5797.95              0.134465 1913.79 -0.370416
35.47              25.4556 0.145382 5829.05              0.222492 1922.97 -0.279659
35.48              -23.1246 0.0652883 5837.96              0.21798 1954.62 -0.205715
35.49              -17.5257 0.159521 5835.08              0.211798 1970.48 -0.238948
35.5              -3.48203 0.238832 5848.4              0.21508 1983.38 -0.24323
35.51              -83.6395 0.317598 5896.06              0.210535 2046.27 -0.312152
35.52              33.2264 0.0852753 5837.69              0.185513 1997.05 -0.179483
35.53              4.52984 0.265231 5888.55              0.197034 2036.79 -0.22744
35.54              9.27469 0.23529 5827.08              0.197411 2027.72 -0.265158
35.55              -10.692 0.0325391 5908.2              0.195324 2069.78 -0.146436
35.56              -6.69052 0.166525 5864.08              0.197586 2073.26 -0.202102
35.57              47.779 0.160989 5835.73              0.193918 2048.31 -0.189808
35.58              40.1855 0.153747 5869.3              0.193289 2072.79 -0.182657
35.59              30.5344 0.0445025 5878.63              0.233058 2095.35 -0.148483
35.6              50.8666 0.164608 5862.89              0.192402 2095.65 -0.179687
35.61              38.8508 0.0206272 5869.29              0.226187 2105.89 -0.131018
35.62              34.0887 0.159122 5858.89              0.166104 2109.76 -0.207622
35.63              26.8653 0.716123 5909.41              0.139365 2149.83 -0.469571
35.64              38.6596 -0.37521 5889.49              0.25608 2165.28 0.0563771
35.65              52.3369 0.0258636 5919.68              0.196062 2179.48 -0.142274
35.66              -2.35767 0.0719093 5920.81              0.194002 2209.31 -0.160016
35.67              69.4499 0.0978306 5960.28              0.188308 2213.14 -0.158258
35.68              78.7785 0.105516 6002.66              0.194077 2237.3 -0.155102
35.69              94.6262 0.11966 5943.29              0.18635 2214.69 -0.156212
35.7              87.3803 0.0962861 6020.01              0.182577 2260.58 -0.145829
35.71              81.0756 0.0916323 5944.13              0.184425 2243.31 -0.14605
35.72              111.129 -0.643855 5979.14              0.1819 2240.08 0.107618
35.73              68.4927 0.60578 5993.28              0.254418 2272.91 -0.23613
35.74              57.8635 -0.108567 5997.76              0.113399 2299.74 -0.137627
35.75              80.7538 0.0600595 6026.67              0.144362 2301.59 -0.134914
35.76              69.2138 0.356616 5972.82              0.168277 2272.2 -0.231272
35.77              102.346 -0.0546809 5989.54              0.136108 2296.19 -0.0153942
35.78              95.6759 -0.16705 5998.52              0.120256 2308.65 -0.0346187
35.79              99.589 -0.104056 5960.8              0.120422 2293.79 -0.0305098
35.8              96.3565 -0.114493 6062.07              0.118003 2341.99 0.0253799
35.81              91.6648 -0.163019 5904.28              0.101484 2298.11 0.0220753
35.82              113.323 -0.0711148 5970.67              0.110228 2323.73 -0.0280784
35.83              103.25 -0.132993 6033.26              0.0907297 2344.26 0.00891664
35.84              60.5773 -0.141769 5954.34              0.0751572 2346.82 0.022491
35.85              122.848 -0.145652 6088.89              0.0704387 2365.37 0.0387715
35.86              105.196 -0.168929 5948.38              0.0608942 2337.01 0.050927
35.87              112.863 -0.12572 6109.98              0.059768 2384.12 0.0641803
35.88              107.07 -0.107414 6009.78              0.0443885 2358.72 0.0568643
35.89              140.489 -0.134288 6039.71              0.0369913 2358.53 0.0699488
35.9              81.9204 -0.150318 6069.28              0.0293061 2390.96 0.0764108
35.91              139.915 -0.146674 6052.26              0.0207763 2366.83 0.0814663
35.92              122.777 -0.178873 6051.24              0.00356941 2377.82 0.0898149
35.93              164.671 0.568076 6038.33              -0.463597 2392.86 0.104001
35.94              145.87 -0.819473 6050.35              0.400384 2363.87 0.0860256
35.95              96.6118 0.327159 5968.99              -0.0498237 2360.57 -0.0426772
35.96              116.562 -0.654177 6066.23              0.0863026 2386.49 0.196827
35.97              151.991 -0.38892 6063.41              0.0102826 2361.56 0.129402
35.98              134.206 0.129407 6035.06              -0.211415 2357.83 -0.0214267
35.99              148.466 -0.723226 6081.76              0.221374 2360.24 0.282442
36              149.472 -0.342281 6069.23              0.0449083 2351.23 0.171302
36.01              103.766 -0.326663 6051.09              0.0211819 2368.07 0.153448
36.02              153.781 -0.199566 6142.75              -0.0017587 2366.72 0.148227
36.03              118.51 -0.28263 6040.85              -0.0115931 2345.58 0.154121
36.04              147.814 -0.273281 6161.75              -0.0509486 2356.3 0.129165
36.05              123.294 -0.278309 6036.78              -0.0348002 2336.62 0.155582
36.06              139.969 -0.150068 6191.17              -0.0947034 2364.28 0.114367
36.07              119.484 -0.256165 6017.42              -0.0766464 2326.17 0.147603
36.08              161.316 -0.148734 6213.3              -0.131866 2354.69 0.122784
36.09              115.157 -0.245994 6030.13              -0.104276 2310.78 0.146413
36.1              140.073 -0.126576 6220.64              -0.142214 2356.73 0.121949
36.11              117.771 -0.1295 6014.35              -0.126141 2301.24 0.15124
36.12              150.704 -0.138953 6224.91              -0.180033 2346.41 0.11514
36.13              158.617 -0.194049 6077.34              -0.152374 2300.22 0.137247
36.14              139.197 0.0280823 6150.72              -0.201636 2299.27 0.101309
36.15              116.214 -0.00565035 6088.15              -0.205871 2312.33 0.083833
36.16              158.806 -0.0516799 6171.35              -0.222675 2310.3 0.0898814
36.17              116.876 -0.0298747 6110.18              -0.223228 2298.88 0.115854
36.18              148.212 0.00470173 6182.8              -0.227598 2307.77 0.113342
36.19              88.5308 0.0429553 6142.6              -0.231647 2314.28 0.102404
36.2              76.2044 -0.0887177 6100.7              -0.206012 2287.41 0.140745
36.21              135.626 -0.0401007 6190.24              -0.227881 2298.04 0.137921
36.22              152.559 -0.0540709 6112.14              -0.244708 2251.01 0.11263
36.23              139.861 -0.663255 6155.58              0.0585103 2249.61 0.118434
36.24              148.344 0.434117 6194.38              -0.485824 2260.46 0.168547
36.25              152.467 0.00618143 6207.85              -0.261526 2263.03 0.132428
36.26              142.622 0.231368 6126.05              -0.307436 2216.14 0.0378622
36.27              126.41 0.081217 6074.58              -0.271202 2200.62 0.107122
36.28              126.545 -0.0430156 6110.56              -0.189 2193.36 0.144122
36.29              128.515 0.108756 6114.92              -0.298071 2203.98 0.0696759
36.3              82.5751 -0.012565 6128.34              -0.271388 2197.09 0.154109
36.31              125.49 0.114178 6111.54              -0.283319 2184.85 0.111185
36.32              133.143 -0.0102423 6074.92              -0.279001 2150.07 0.124025
36.33              127.862 0.470142 6122.71              -0.43288 2152.58 -0.0137725
36.34              121.542 0.011477 6050.08              -0.252271 2126.3 0.126881
36.35              136.041 0.100153 6280.93              -0.256161 2231.68 0.106731
36.36              68.0285 -0.0621537 5821.03              -0.235672 2004.15 0.139565
36.37              214.827 -0.367493 6332.69              -0.131579 2160.68 0.248261
36.38              40.7791 -0.148614 5909.67              -0.241886 2076.64 0.177132
36.39              127.238 0.144758 6284.21              -0.184224 2170.89 0.125882
36.4              84.1849 -0.412366 5839.07              -0.227632 1961.86 0.181253
36.41              165.548 0.131733 6234.42              -0.250833 2113.79 0.111493
36.42              83.1702 -0.359264 6069.97              -0.0660805 2097.43 -0.0950697
36.43              101.769 -0.0723221 5970.59              -0.238038 1990.16 0.0260212
36.44              151.457 0.0358737 6184.19              -0.263903 2035.62 0.0216995
36.45              80.1066 0.0594122 5929.7              -0.245177 1989.42 0.0202601
36.46              173.875 0.141865 6185.62              -0.260228 2031.14 0.00746018
36.47              82.5342 0.11487 6008.42              -0.225594 1980.4 0.0213884
36.48              97.5189 -0.232406 6089.76              -0.0858755 1996.83 0.129939
36.49              130.115 -0.0155904 6072.51              -0.162619 1960.02 0.0494643
36.5              97.535 -0.00635726 6016.02              -0.174686 1952.12 0.0236362
36.51              109.367 0.100545 6113.91              -0.183978 1955.65 0.060585
36.52              74.35 0.0910141 6005.77              -0.152023 1929.57 0.0249842
36.53              109.259 0.102084 6085.27              -0.183702 1932.96 -0.0302352
36.54              99.2412 -0.00633332 5988.93              -0.17844 1875.45 0.00907589
36.55              141.75 0.111874 6012.67              -0.156935 1867.14 -0.0188946
36.56              63.6151 0.0191587 6009.49              -0.172603 1888.45 -0.0174782
36.57              100.851 0.597091 6023.6              -0.295681 1859.55 -0.0102667
36.58              100.631 0.804033 6006.65              -0.503587 1836.48 0.0410665
36.59              119.328 0.3808 6181.21              -0.202896 1907.62 -0.0322133
36.6              55.5913 0.247968 5961.99              -0.209262 1819.01 -0.0460742
36.61              133.213 0.285265 6202.02              -0.202864 1891.64 -0.0675981
36.62              2.05867 0.0271529 5912.78              -0.0605074 1779.25 0.0160874
36.63              126.417 0.148307 6129.74              -0.157787 1817.44 -0.0214383
36.64              60.6145 0.126843 5990.37              -0.133767 1774.43 0.00149282
36.65              96.2311 -0.255526 6094.11              -0.071052 1805.98 0.0285518
36.66              19.0475 0.144346 5979.33              -0.176395 1744.47 -0.0207391
36.67              105.28 0.564346 6026.77              -0.250828 1725.61 -0.125169
36.68              111.866 0.124903 5936.87              -0.227822 1690 -0.0592727
36.69              58.4533 0.179116 5979.34              -0.137561 1705.94 -0.017605
36.7              45.2724 -0.0387912 5988.23              -0.150727 1702.96 -0.0488728
36.71              123.591 -0.0136213 6276.29              -0.134683 1774.33 -0.0311132
36.72              52.6081 -0.0688343 6009.02              -0.172855 1691.91 0.00644588
36.73              33.1151 -0.00457162 5910.49              -0.156349 1621.35 -0.0091139
36.74              178.052 0.1159 6386.49              -0.163527 1792.41 -0.0307162
36.75              -34.2161 0.0702748 5796.69              -0.144405 1583.93 -0.0213434
36.76              150.059 -0.351314 6209.95              0.113952 1650.78 0.137396
36.77              25.5837 -0.118602 5879.02              -0.126799 1561.93 0.00503735
36.78              71.3641 -0.0914789 5935.1              -0.10623 1559.2 0.0359947
36.79              91.3571 -0.145735 5989.28              -0.117703 1572.56 0.0319803
36.8              -4.57796 -0.279246 5658.8              -0.129428 1423.27 0.142562
36.81              117.251 0.841716 6127.85              -0.394198 1575.62 -0.0942946
36.82              -6.35377 -0.0359168 5746.69              -0.1217 1482.68 0.00757309
36.83              98.7703 0.367858 5995              -0.361719 1485.42 -0.144354
36.84              34.7787 0.157678 5942.35              -0.204669 1486.3 -0.0664193
36.85              4.97835 -0.01211 5953.78              -0.189393 1535.15 -0.0154045
36.86              26.2002 -0.998725 5814.53              0.0127673 1406.44 0.431493
36.87              80.0573 -0.0989035 5928.78              -0.168953 1431.53 0.0682304
36.88              33.9916 -1.46963 6019.97              0.55151 1500.71 0.314069
36.89              11.2559 0.0728562 5670.64              -0.260898 1316.02 0.0343156
36.9              95.3357 0.0263125 6060.04              -0.171971 1455.03 0.0727876
36.91              -60.835 -0.10275 5735.59              -0.144156 1370.69 0.0997146
36.92              118.051 -0.695549 6229.75              0.14987 1473.64 0.285517
36.93              -36.6255 0.882093 5793.99              -0.349251 1375.7 -0.349229
36.94              -2.76929 0.18441 5622.32              -0.16504 1248.83 -0.00953111
36.95              137.995 -0.0682945 6171.26              -0.139434 1407.47 0.0865931
36.96              -106.343 -0.0509949 5689.73              -0.152742 1323.33 0.118839
36.97              67.0026 -1.46907 5926.78              0.0807154 1298.97 0.737118
36.98              -4.51934 -0.282856 5815.58              -0.134515 1307.13 0.265412
36.99              -19.414 -0.168864 5823.86              -0.145908 1301.04 0.209646
37              101.567 0.648995 5962.55              -0.237668 1296.03 -0.0286959
37.01              -101.138 1.18564 5672.94              -0.826839 1243.89 -0.131899
37.02              18.4391 0.105742 5980.59              -0.306563 1271.53 0.208366
37.03              -13.1898 1.19008 5880.61              -0.372964 1295.53 -0.206261
37.04              62.7001 0.219897 6085.71              -0.195991 1308.38 0.114136
37.05              -112.711 0.224874 5615.9              -0.192628 1164.47 0.0731883
37.06              -51.4292 0.146458 5702.36              -0.162381 1217.72 0.10646
37.07              41.4773 0.0749442 5946.38              -0.151163 1244.15 0.123769
37.08              -62.0028 0.140621 5936.01              -0.173505 1244.23 0.113627
37.09              -20.7063 0.0581364 5796.35              -0.15505 1191.24 0.150919
37.1              -7.54659 0.081017 5864.59              -0.165925 1197.52 0.123916
37.11              -119.38 -0.115765 5590.15              -0.119678 1154.27 0.162629
37.12              -42.3319 0.0329294 5744.06              -0.152579 1150.82 0.125028
37.13              -57.4379 -0.0794928 5747.94              -0.187313 1181.32 0.0910061
37.14              38.0361 -0.0159185 6112.2              -0.190015 1212.48 0.107124
37.15              -71.6785 0.111773 5878.63              -0.186518 1163.5 0.082809
37.16              -226.319 -0.0190437 5626.56              -0.20506 1163.7 0.0685238
37.17              11.7407 0.0601249 5950.24              -0.185008 1163.22 0.0504218
37.18              -117.487 -0.434214 5678.45              0.103612 1097.38 0.172786
37.19              -50.2758 -0.89873 5824.54              0.192604 1137.27 0.242627
37.2              -79.593 -0.524423 5684.5              0.038112 1101.17 0.139471
37.21              -85.3222 -0.000896625 5729.85              -0.305903 1096.12 -0.0646612
37.22              -22.6925 -0.0458916 5937.26              -0.220358 1140.33 0.0402841
37.23              -167.175 -0.551073 5689.87              -0.0375421 1121.99 0.0440683
37.24              55.0663 -0.463348 6198.56              -0.0719912 1143.43 0.0308726
37.25              -50.0436 -0.450634 5895.36              -0.0616531 1096.94 0.0440144
37.26              -544.509 0.454219 4503.83              -0.453225 955.141 -0.198348
37.27              225.692 0.109809 6834.91              -0.269015 1180.68 -0.0797
37.28              -498.927 0.25492 4479.83              -0.078212 980.95 0.0227336
37.29              -127.628 -1.83824 5901.48              0.86582 1072.28 0.309496
37.3              81.3441 -0.479714 5961.65              0.0796964 1142.18 0.067828
37.31              -146.077 -0.360083 5707.84              0.0275006 1020.82 0.0520808
37.32              -189.528 -0.0879869 5609.01              -0.0286995 1062.96 -0.00347242
37.33              -3.5882 -0.209324 6106.81              -0.0177169 1103.5 0.000868584
37.34              -271.866 -0.145478 5406.86              -0.0570034 1021.62 -0.0372399
37.35              -6.39741 -0.652833 6050.21              -0.15249 1112.43 -0.0791747
37.36              -180.88 -0.344683 5555.57              -0.097852 1033.18 -0.0662913
37.37              209.09 -0.379594 6836.13              -0.0668445 1078.39 -0.0326278
37.38              -516.038 0.100354 4418.4              -0.102512 1014.34 -0.0550875
37.39              -318.143 -0.866895 5344.94              0.0696504 1035.21 0.118169
37.4              45.354 0.795191 6142.78              -0.411615 1119.62 -0.361119
37.41              -250.962 0.123867 5381.39              -0.131507 1017.61 -0.0383179
37.42              -82.7593 0.249199 5884.56              -0.237801 1121.73 -0.0820539
37.43              -70.4835 -1.04167 5943.69              0.103107 1036.33 -0.137524
37.44              359.375 1.9442 7363.99              -1.04896 1062.19 -0.384994
37.45              -636.772 -0.521105 4019.73              -0.00784028 1036.46 -0.00483041
37.46              -333.634 0.440069 5405.89              -0.14375 1021.35 0.0625341
37.47              83.2304 0.832101 6293.93              -0.295248 1130.54 0.0657264
37.48              -277.769 0.576785 5670.14              -0.170087 1015.08 0.0428729
37.49              -213.973 0.0815425 5434.59              -0.047595 1092.24 0.0264147
37.5              -141.896 -0.620266 5490.59              0.0729112 1104.74 -0.0750941
37.51              -182.572 -0.0287349 5887.01              0.0756007 1055.08 0.0398566
37.52              -174.499 -0.0970449 5735.99              0.0833404 1084.14 0.0796374
37.53              -301.017 -0.0185655 5333.55              0.0376109 1067.61 0.0776962
37.54              -68.6352 0.495278 5968.67              -0.00515842 1121.5 0.115815
37.55              -172.422 0.517046 5677.64              -0.188499 1078.11 -0.118995
37.56              -191.928 0.345803 5640.32              -0.110186 1107.9 0.0452794
37.57              -186.486 0.274708 5814.48              -0.0578465 1104.36 0.0447267
37.58              -193.594 -0.524075 5592.56              0.367675 1079.37 0.311549
37.59              -164.77 -0.447171 5732.68              0.084621 1176.49 0.038638
37.6              -87.95 -1.65741 5818.67              0.553644 1089.75 0.0397956
37.61              -267.861 -0.417652 5616.71              0.164058 1114.47 0.0534819
37.62              -139.948 -0.729212 5982.89              0.358863 1210.89 0.0309223
37.63              -117.152 -0.926755 6032.27              0.487476 1135.67 0.024407
37.64              -220.365 -1.21605 5472.38              0.3962 1157.72 0.00431918
37.65              -190.503 -0.835875 5841.42              0.328408 1149.02 0.00732183
37.66              -252.644 -0.262223 5234.9              0.0310349 1079.24 0.0270206
37.67              -49.8222 -0.0273801 6204.76              0.0487499 1215.17 -0.11024
37.68              -334.851 -0.123375 5342.71              0.141519 1123.75 -0.125219
37.69              -146.154 -0.263714 5918.17              0.26232 1237.36 -0.11945
37.7              -176.433 0.0426377 5662.42              0.17548 1150.59 -0.127819
37.71              -190.161 -0.0117991 5735.57              0.181686 1188.89 -0.192537
37.72              -138.736 0.371109 5740.19              -0.0382376 1200.36 -0.295909
37.73              -242.916 0.352108 5652.54              -0.0871059 1168.89 -0.255106
37.74              -170.59 -0.0146874 5753.9              0.260181 1273.83 -0.36946
37.75              -160.752 1.19392 5761.16              -0.406871 1243.08 -0.188624
37.76              -221.649 1.53106 5700.08              -0.495075 1231.9 -0.127389
37.77              -106.846 -1.36226 5847.34              1.05911 1266.24 -0.690133
37.78              -188.623 0.0513295 5516.75              0.185663 1202.54 -0.338834
37.79              -108.411 0.0563757 5962.5              0.178805 1315.56 -0.346855
37.8              -228.831 0.167422 5418.3              0.111748 1272.04 -0.353422
37.81              -202.408 0.199823 5820.72              0.102347 1264.71 -0.352001
37.82              -184.906 0.246658 5646.3              0.111946 1283.2 -0.366119
37.83              -191.396 0.199855 5665.75              0.155965 1308.1 -0.346452
37.84              -107.802 0.131728 5858.74              0.13468 1316.04 -0.361706
37.85              -105.001 0.151346 6018.98              0.196322 1382.9 -0.355016
37.86              -134.243 2.3892 5621.21              -1.01232 1315.45 0.11047
37.87              -218.011 0.61379 5786.06              -0.0311762 1362.03 -0.271412
37.88              -68.0514 0.573168 6303.73              0.0589941 1477.64 -0.225201
37.89              -197.835 0.411904 5512.57              0.0660993 1329.26 -0.24999
37.9              -159.091 0.790999 5568.73              -0.176859 1363.33 -0.432146
37.91              -51.0941 0.53043 5989.14              0.0523646 1414.86 -0.336501
37.92              -224.183 0.634669 5679.61              0.064845 1423.52 -0.294422
37.93              -173.9 0.183004 5754.87              0.1787 1434.93 -0.261265
37.94              -166.246 0.138207 5543.65              0.154459 1351.96 -0.239017
37.95              -73.8798 0.180988 5981.69              0.181821 1505.18 -0.26215
37.96              -176.287 0.162981 5523.11              0.228759 1414.19 -0.244386
37.97              167.444 0.38454 6954.25              0.22757 1731.22 -0.253201
37.98              -359.432 -0.888392 4778.57              0.818682 1277.78 -0.0927025
37.99              -189.009 -0.106407 5563.75              0.330779 1489.63 -0.170886
38              7.80449 0.093348 6016.87              0.167543 1511.28 -0.247038
38.01              -209.753 0.345497 5562.21              0.150153 1544.85 -0.237734
38.02              -56.564 0.139923 5843.43              0.175602 1520.76 -0.196682
38.03              -69.4921 0.70664 5724.39              -0.109788 1506.63 -0.308614
38.04              -105.347 0.800904 5720.39              -0.0493691 1565.78 -0.335616
38.05              -63.9682 0.0110985 5849.96              0.238738 1596.05 -0.189222
38.06              -122.505 0.22765 5686.57              0.151219 1564.11 -0.203964
38.07              -65.9384 0.245908 5828.38              0.166936 1610.26 -0.210862
38.08              -105.698 0.262039 5797.62              0.139854 1643.02 -0.206163
38.09              -90.8538 0.352277 5812.46              0.13359 1654.48 -0.205994
38.1              -50.3832 0.300481 5826.98              0.140214 1661.01 -0.245865
38.11              -55.5785 0.315557 5761.32              0.105554 1642.88 -0.192742
38.12              -50.5607 0.305043 5857.56              0.123121 1693.09 -0.160301
38.13              -103.233 0.287848 5818.83              0.123006 1714.77 -0.185729
38.14              -67.5425 0.408548 5862.18              0.130527 1733.19 -0.204018
38.15              -13.2296 0.245772 5856.13              0.118649 1723.44 -0.19854
38.16              -59.3336 0.330685 5746              0.11711 1708.05 -0.185714
38.17              24.8026 0.262485 5916.22              0.107008 1749.36 -0.188048
38.18              -57.0877 0.431699 5739.17              -0.0113702 1740.24 -0.273359
38.19              11.1454 0.246697 5904.24              0.150535 1780.84 -0.187579
38.2              -31.3122 0.173721 5839.62              0.13663 1792.86 -0.149003
38.21              -33.5358 0.191024 5791.27              0.133858 1785.56 -0.159235
38.22              10.9308 0.363416 5925.55              0.113539 1830.08 -0.204031
38.23              -64.0426 0.126782 5802.97              0.112098 1841.58 -0.104916
38.24              -14.8736 0.179903 5877.36              0.103136 1845.16 -0.120829
38.25              -17.1452 0.226242 5885.02              0.0845796 1870.91 -0.11991
38.26              -12.211 0.145173 5823.79              0.0956792 1869.62 -0.0724438
38.27              24.9343 0.0995787 5915.86              0.106506 1882.03 -0.0472592
38.28              26.9419 0.182075 5823.79              0.113411 1875.83 -0.0868065
38.29              -6.15421 0.160323 5983.31              0.102097 1949.87 -0.062969
38.3              27.4991 0.134312 5771.8              0.0964357 1871.14 -0.0576826
38.31              72.3012 0.178082 6016.73              0.0969345 1953.68 -0.0416152
38.32              36.1677 0.133733 5751.15              0.0954821 1900.85 -0.0387264
38.33              39.7454 0.146624 5942.22              0.101195 1947.02 -0.0386664
38.34              17.0012 0.205131 5899.09              0.0575728 1965.93 -0.0701668
38.35              46.4342 -0.089573 5828.72              0.164989 1941.26 0.0345793
38.36              58.0272 0.15112 5930.59              0.0775945 1980.11 -0.0659785
38.37              49.3169 0.0953414 5851.39              0.0931591 1990.23 -0.0511876
38.38              60.0178 0.101661 5927.15              0.0845412 2008.59 -0.0443073
38.39              33.039 0.0949533 5945.01              0.0873569 2031.92 -0.0416778
38.4              67.3207 0.101708 5983.27              0.0871856 2058.66 -0.0411025
38.41              34.3046 0.125722 5993.46              0.0717209 2084.4 -0.0420056
38.42              91.1298 0.0707183 5962.86              0.102974 2047.52 -0.0375527
38.43              92.7583 0.0630788 6011.13              0.085858 2087.27 -0.0302226
38.44              67.1114 0.0397739 5962.37              0.0802508 2081.07 -0.0247136
38.45              75.0206 0.0645959 6022.43              0.0780569 2099.02 -0.0422928
38.46              73.177 0.0362721 5989.13              0.133523 2107.23 0.0626505
38.47              90.1443 -0.189493 6013              0.0055859 2113.36 -0.0263764
38.48              86.4385 -0.108948 6032.81              0.0508904 2121.12 0.0593016
38.49              73.8653 0.247097 5982.22              0.0607039 2105.65 -0.125126
38.5              107.523 -0.105566 5985.64              0.0359413 2120.4 0.0909055
38.51              51.8221 -0.223967 5940.05              0.0218889 2130.21 0.0421849
38.52              106.062 -0.216344 5929              0.0180495 2107.37 0.0544862
38.53              113.806 -0.109365 6134.95              0.0215396 2181.46 0.0575169
38.54              76.7481 -0.10645 5894.26              0.0158111 2131.15 0.0584908
38.55              154.996 -0.0694254 6136.55              0.020588 2166.45 0.0633391
38.56              128.949 -0.230628 5729.63              -0.013857 2067.1 0.0754787
38.57              154.778 -0.212081 6198.03              -0.0149027 2198.58 0.0866374
38.58              79.8113 -0.24395 5870.48              -0.0256704 2142.67 0.0913214
38.59              115.029 -0.236745 6046.54              -0.031142 2180.6 0.100516
38.6              149.157 -0.251376 6055.7              -0.0333917 2172.5 0.101978
38.61              110.974 -0.250991 5981.2              -0.0358444 2166.91 0.108352
38.62              133.944 -0.247939 6132.55              -0.0400041 2202.95 0.11078
38.63              111.397 -0.266083 5977.12              -0.0536139 2175.06 0.112733
38.64              101.948 -0.260838 6121.44              -0.0533247 2219.95 0.111785
38.65              153.806 -0.281785 6022.33              -0.0569927 2180.49 0.110009
38.66              163.675 0.653318 6049.84              -0.496383 2187.93 0.128805
38.67              159.678 -1.05309 6060.6              0.367983 2180.2 0.0857943
38.68              93.136 -0.799892 6025.49              0.0733644 2194.14 0.178821
38.69              102.189 -0.313108 6018.59              -0.0572199 2192.04 0.107496
38.7              149.452 -0.3621 6108.38              -0.0312543 2174.58 0.118945
38.71              126.092 -0.373422 6032.25              -0.0282953 2184.03 0.118755
38.72              144.434 -0.416889 6101.56              -0.0430699 2179.58 0.143394
38.73              104.983 -0.360924 6063.02              -0.0510542 2187.97 0.135953
38.74              145.639 -0.283999 6127.42              -0.0660057 2180.63 0.117443
38.75              132.98 -0.397973 6040.87              -0.0858198 2162.53 0.127466
38.76              167.31 -0.327802 6162.3              -0.115753 2170.39 0.107715
38.77              124.474 -0.341925 6032.74              -0.101552 2155.88 0.125271
38.78              163.735 -0.323448 6181.66              -0.142983 2168.96 0.108691
38.79              138.608 -0.33898 6000.92              -0.113188 2134.6 0.11866
38.8              119.597 -0.316859 6099.1              -0.140646 2165.88 0.113837
38.81              137.936 -0.171389 6101.74              -0.145488 2138.29 0.121121
38.82              154.378 -0.365029 6165.64              -0.177 2155.59 0.0880093
38.83              136.557 -0.301492 6091.67              -0.173387 2128.17 0.103851
38.84              148.219 -0.247569 6156              -0.202269 2142.05 0.0817326
38.85              121.57 -0.296885 6094.04              -0.206669 2147.23 0.0682068
38.86              155.005 -0.221976 6149.6              -0.177478 2125.38 0.113022
38.87              102.808 -0.228634 6100.12              -0.205485 2130.6 0.0945159
38.88              175.141 -0.127173 6121.75              -0.203784 2104.61 0.0692581
38.89              130.249 -0.287849 6096.87              -0.221366 2109.02 0.0831694
38.9              150.704 -0.522436 6158.23              -0.152948 2109.07 0.0725066
38.91              128.601 -0.249328 6093.94              -0.237455 2098.19 0.0796932
38.92              168.599 -0.290808 6172.4              -0.192039 2086.19 0.129914
38.93              126.777 -0.226419 6173.34              -0.291812 2108.87 0.123058
38.94              136.718 0.0590529 6084.07              -0.291739 2067.9 0.0223596
38.95              123.365 -0.231995 6107.42              -0.260723 2061.44 0.113195
38.96              177.873 -0.218537 6111.74              -0.269297 2033.93 0.138154
38.97              121.084 0.494096 6126.7              -0.502422 2054.41 0.17752
38.98              146.233 -0.281343 6100.91              -0.22388 2030.7 0.166597
38.99              130.908 -0.183818 6082.05              -0.201917 2020.21 0.169268
39              186.86 -0.226819 6115.28              -0.211479 1991.62 0.119348
39.01              113.767 -0.291221 6088.05              -0.232648 2015.03 0.120592
39.02              120.554 -0.20255 6137.22              -0.228526 2002.17 0.103989
39.03              126.692 -0.352325 6074.12              -0.206231 1989.96 0.148247
39.04              133.353 -0.27101 6072.52              -0.203974 1968.76 0.168308
39.05              140.07 -0.248694 6112.85              -0.22033 1960.84 0.126233
39.06              98.6729 -0.313843 6120.07              -0.214293 1993.44 0.125202
39.07              135.195 -0.18407 6107.5              -0.223089 1957.85 0.0843127
39.08              128.938 -0.276408 6062.23              -0.203938 1918.06 0.152675
39.09              136.402 -0.333515 6097.54              -0.224731 1920.08 0.157268
39.1              129.47 -0.206943 6091.67              -0.198439 1925.76 0.148063
39.11              99.084 -0.25698 6062.86              -0.247072 1907.28 0.128795
39.12              115.668 -0.206834 6085.21              -0.217265 1895.99 0.109176
39.13              114.522 0.0519195 6070.35              -0.367869 1883.82 0.00424736
39.14              124.89 -0.757576 6078.55              -0.0531248 1862.71 -0.0346842
39.15              105.373 0.123924 6046.28              -0.345126 1848.02 0.0210731
39.16              134.656 -0.0277701 6059.39              -0.275776 1840.25 0.0388242
39.17              91.5155 1.16236 6207.56              -0.640054 1929.67 0.0698273
39.18              90.4747 0.293082 5949.14              -0.275116 1791.84 -0.0163147
39.19              131.482 -0.375476 6202.66              -0.0106274 1848.1 0.157319
39.2              82.699 -0.0901684 5908.69              -0.1355 1766.91 0.057508
39.21              140.929 -0.358708 6120.92              -0.155462 1764.88 0.0756577
39.22              66.9239 -0.0994221 6056.55              -0.166484 1806.38 0.0231447
39.23              93.2844 -0.107733 5973.16              -0.123237 1721.32 0.0431681
39.24              165.779 -0.18458 6149.77              -0.193121 1775.78 0.000266701
39.25              70.7875 0.0927211 6051.18              -0.199163 1782.3 -0.0206002
39.26              98.623 -0.0403755 6025.64              -0.197161 1718 -0.00780373
39.27              119.642 0.0775962 6071.95              -0.17823 1705.84 -0.0393384
39.28              89.2677 -0.344193 5829.33              -0.128102 1587.02 0.0604943
39.29              151.938 -0.0235454 6145.08              -0.209448 1697.01 -0.0626054
39.3              29.3151 -0.183246 5889.34              -0.175831 1656.1 -0.0280557
39.31              -54.0104 0.237165 5838.9              -0.28546 1709.29 -0.0910181
39.32              -110.833 -0.161776 5271.47              -0.132287 1365.28 -0.0428535
39.33              401.788 -0.197973 6573.98              -0.126368 1676.88 0.00600893
39.34              -121.845 -1.52483 5642.73              0.522465 1624.97 0.262813
39.35              125.859 -0.764388 6085.87              0.0127798 1590.66 0.0221491
39.36              139.902 -0.277339 6119.38              -0.139525 1589.84 0.0366075
39.37              -28.0786 0.00697547 5700.45              -0.192868 1512.96 -0.0168871
39.38              254.017 -0.0775481 6329.57              -0.183833 1596.54 -0.0149781
39.39              -3.0529 0.115511 5786.23              -0.198947 1518.06 -0.0547611
39.4              108.211 -0.308186 6014.99              -0.114002 1515.44 0.00970362
39.41              115.398 -0.167671 6071.35              -0.157354 1533.61 -0.0251843
39.42              -2.30583 0.798755 5820.48              -0.443152 1468.23 -0.186523
39.43              143.994 0.178614 6091.91              -0.25655 1498.45 -0.0758696
39.44              26.1773 1.41878 5829.77              -0.897727 1431.27 -0.301264
39.45              100.809 0.111968 6027.69              -0.223702 1480.33 -0.0629105
39.46              33.77 -0.0914532 5955.15              -0.143988 1457.85 0.00646895
39.47              121.151 0.0401031 6099.9              -0.157916 1469.31 -0.0258971
39.48              70.8832 -0.198889 5962.03              -0.0567914 1400.86 0.0249559
39.49              104.398 -0.0266288 5959.48              -0.151512 1394.6 -0.0236468
39.5              44.3791 -0.131139 5821.07              -0.151648 1332.75 -0.00124789
39.51              82.2608 0.0639999 6080.07              -0.153368 1434.17 -0.0324838
39.52              15.3805 -0.195713 5837.79              -0.149868 1337.89 0.00842748
39.53              142.693 -0.0817431 6047.77              -0.17727 1353.74 -0.0321104
39.54              79.2392 0.102069 6075.39              -0.164735 1399.2 -0.0474156
39.55              62.0056 -0.001003 5793.23              -0.173804 1275.62 -0.0425099
39.56              95.1034 -0.0304399 6003.88              -0.165802 1291.22 -0.0450784
39.57              3.94173 -0.152413 5893.78              -0.152198 1320.52 -0.0247437
39.58              9.59995 -0.217717 5787.94              -0.150529 1248.84 0.0182552
39.59              86.7138 -1.48422 5993.36              0.503947 1269.47 0.216626
39.6              3.81261 1.22778 5843.04              -0.756092 1258.31 -0.234569
39.61              122.986 0.0162336 6248.29              -0.151352 1337.75 0.00999256
39.62              -3.74209 0.0639187 5836.13              -0.127497 1228.86 0.00121332
39.63              244.526 0.0262211 6495.5              -0.0909238 1339.57 0.0466185
39.64              -395.831 -0.15414 4742.55              -0.0900829 946.874 0.0261705
39.65              277.565 0.508818 6669.28              -0.322649 1391 -0.0550604
39.66              -144.457 0.0856834 5138.49              -0.209851 981.87 -0.0425219
39.67              93.3063 0.2073 6272.22              -0.198972 1288.4 0.00534157
39.68              -136.522 -1.80123 5452.13              0.710035 1055.36 0.261678
39.69              165.691 -0.188749 6389.38              -0.037205 1269.99 0.0943038
39.7              -150.817 -0.0536991 5352.95              -0.20591 1022.99 0.0628685
39.71              268.794 0.0519578 6553.69              -0.0815255 1247.74 0.111275
39.72              79.2098 0.00854694 6044.81              -0.157623 1145.38 0.0956216
39.73              -35.3587 2.44335 5545.04              -1.39383 1017.38 -0.252135
39.74              108.129 0.989427 6240.76              -0.519568 1134.19 -0.148908
39.75              -201.111 0.369918 5294.99              -0.288569 1007.84 -0.0224197
39.76              277.161 0.735109 6671.62              -0.335762 1212.34 -0.0638782
39.77              -290.687 0.0449577 4961.43              -0.176177 895.623 0.0439473
39.78              118.036 0.52533 6328.85              -0.293472 1143.06 -0.00768087
39.79              80.6202 0.648449 5826.56              -0.40132 1007.84 -0.0858202
39.8              -22.3791 0.507953 5905.72              -0.369859 1052.98 -0.0893447
39.81              -144.857 0.541715 5662.72              -0.286244 1022.16 0.00176153
39.82              118.716 0.341 6046.16              -0.280318 1023.98 -0.0327983
39.83              -172.681 -0.0322691 5598.6              -0.224652 997.35 -0.0341456
39.84              109.107 0.312394 6160.79              -0.263161 1036.58 -0.0352965
39.85              -142.525 -0.361628 5528.5              -0.0530453 952.188 0.162899
39.86              -22.763 0.346371 5691.33              -0.240419 945.742 -0.0614192
39.87              38.3715 0.503261 5821.27              -0.164096 946.257 -0.0719139
39.88              -57.9663 0.199197 5683.34              -0.160785 939.222 -0.0831756
39.89              -19.2816 0.910192 5850.63              -0.344088 954.608 -0.289955
39.9              -88.8164 -0.54158 5785.84              0.303367 961.775 0.109072
39.91              -105.11 -2.24247 5733.44              0.708609 925.726 0.18589
39.92              27.695 -2.09139 6080.91              0.950494 989.996 0.334813
39.93              -88.9091 -0.821836 5765              0.159004 905.423 0.0911927
39.94              -86.4736 2.71129 5500.09              -1.29029 920.862 -0.248409
39.95              12.2247 -1.08555 6051.34              0.527213 950.586 -0.380438
39.96              -203.018 0.181559 5642.92              -0.205259 881.055 -0.0504478
39.97              -52.3785 0.13192 5798.71              -0.171944 936.65 -0.06224
39.98              -7.84246 -0.0668159 5773.11              -0.151032 908.235 -0.11615
39.99              -118.098 0.113295 5776.89              -0.212339 894.206 -0.0914947
