*************************Generated by extractForces.sh*************************
*      Wed Apr  2 09:07:45 MDT 2025 - Case: surge/T18.75/
* Note: Data was extracted from log.overInterDyMFoam using extractForces.sh
*       Can be visualized with plotForces.py
*******************************************************************************
Time X(x3) Force(x3) Moment(x3)
0.01              -52904.2 10.4346 -30078.5              -2.71342 -175378 -61.8388
0.02              -1947.51 -7.71098 5445.34              1.55894 33068.7 41.4526
0.03              -1075.24 -2.13374 5457.85              0.559844 32976.2 10.7665
0.04              -971.297 -1.98393 5478.48              0.499109 33071.3 10.5481
0.05              -969.983 -0.699269 5470.73              0.394056 33003.1 3.58083
0.06              -1015.76 -2.84215 5428.25              0.322417 32732.7 16.2879
0.07              -1041.73 1.2512 5429.95              0.000891129 32722 -7.46662
0.08              -1095.67 2.5312 5410.7              0.668746 32584 -14.198
0.09              -1155.7 -0.558085 5369.53              -0.0153402 32322.8 2.41558
0.1              -1223.08 -0.436794 5317.56              0.18421 32001.9 2.23093
0.11              -1261.68 2.87134 5297.43              0.00737665 31864.6 -17.2252
0.12              -1286.29 -0.446547 5301.39              0.37597 31872.4 2.48557
0.13              -1334.9 -0.296591 5266.96              0.320764 31652.2 1.68881
0.14              -1380.89 -0.291648 5234.35              0.265661 31443.7 1.7409
0.15              -1414.45 0.0575689 5215.83              0.289161 31318.4 -0.334128
0.16              -1448.92 0.664131 5194.25              0.266532 31174.5 -3.73023
0.17              -1479.35 0.115786 5174.45              0.295988 31041.5 -0.63514
0.18              -1518.71 -1.6172 5148.16              0.467369 30871.2 8.84373
0.19              -1584.46 -3.32585 5082.69              0.318623 30472.3 18.257
0.2              -1547.51 1.26386 5124.1              0.163221 30695 -6.83904
0.21              -1584.46 0.905489 5095.93              0.207607 30515.8 -4.89171
0.22              -1602.68 -0.47785 5079.68              0.388955 30403.4 2.52673
0.23              -1652.89 4.2048 5038.94              -0.0355936 30149.8 -22.4705
0.24              -1648.35 -0.342971 5032.94              0.379272 30098.1 1.80208
0.25              -1670.37 0.512346 5013.85              0.362377 29970.8 -2.76677
0.26              -1720.4 -6.10933 4941.77              0.674609 29531.1 35.2788
0.27              -1691.32 0.74482 4979.03              0.014964 29739.9 -4.05757
0.28              -1703.38 5.28214 4988.13              1.37351 29762.4 -28.1709
0.29              -1718.7 -3.05907 4962.67              -0.638708 29599.7 16.0882
0.3              -1715.68 -1.07367 4941.16              0.171178 29467.1 6.15669
0.31              -1725.55 -1.42784 4919.43              -0.366167 29323.2 7.98272
0.32              -1725.53 3.96591 4896.38              -0.299298 29173.3 -23.1296
0.33              -1710.16 -0.783173 4906.19              0.305847 29217.2 4.71549
0.34              -1711.43 -0.903051 4885.44              0.251357 29080.8 5.56457
0.35              -1708.14 -0.911982 4869.46              0.225644 28972.1 5.69988
0.36              -1730.09 -0.326515 4816.48              0.189762 28653 2.23828
0.37              -1704.35 0.420753 4826.88              0.204228 28695.4 -1.93251
0.38              -1683.45 -0.34675 4827.59              0.242515 28683.1 2.37033
0.39              -1696.15 -2.62679 4788.98              0.430077 28444.8 14.785
0.4              -1715.19 -4.95795 4743.85              0.412499 28170.3 27.1173
0.41              -1629.72 0.459458 4796.25              0.128552 28457.1 -1.91214
0.42              -1610.71 0.729582 4803.21              0.129268 28475.2 -3.52385
0.43              -1597.83 -0.878016 4778.81              0.349363 28322.5 5.23425
0.44              -1571.51 -0.29422 4779.29              0.180539 28309.7 2.1264
0.45              -1587.01 5.94981 4739.56              -0.258966 28066.8 -30.8964
0.46              -1523.19 -0.641352 4759.82              0.280227 28170.5 3.83697
0.47              -1502.3 0.786793 4752.62              0.492406 28112.8 -3.90762
0.48              -1471.65 -2.4103 4740.95              -0.0216387 28029.2 14.9243
0.49              -1424.37 1.35307 4750.59              -0.144527 28083.4 -7.39069
0.5              -1411.63 13.1496 4780.51              2.80298 28213.6 -69.5918
0.51              -1394.95 2.85998 4719.69              0.413283 27871.7 -15.334
0.52              -1350.59 -8.02521 4757.71              -2.06129 28063.6 42.1161
0.53              -1311.1 -2.5826 4740.56              -0.276685 27962.3 14.4385
0.54              -1275.07 -3.12572 4741.68              -1.2539 27953.8 16.754
0.55              -1242.79 4.96729 4723.95              -0.784415 27839.7 -28.9482
0.56              -1193.17 -0.748831 4747.42              0.104013 27967.2 4.3678
0.57              -1155.06 -0.756719 4750.57              0.156233 27972.8 4.58244
0.58              -1120.79 -0.863564 4746.94              0.142909 27941.3 5.32709
0.59              -1079.69 -0.757546 4752.41              0.161579 27960.4 4.733
0.6              -1052.92 -0.342964 4736.31              0.177298 27860.4 2.3045
0.61              -1005.86 0.559365 4751.71              0.17035 27936 -2.75348
0.62              -958.136 -0.201549 4765.62              0.191513 28005.3 1.48444
0.63              -913.077 -0.210355 4776.92              0.194191 28059.1 1.53172
0.64              -875.69 -2.62395 4788.08              0.39459 28110.3 14.6044
0.65              -877.688 -7.03634 4749.16              0.285004 27882.9 38.6192
0.66              -787.131 -0.334709 4796.61              0.0842726 28146 2.54601
0.67              -724.826 0.0631521 4842.73              0.113611 28391.6 -0.00185393
0.68              -669.183 -0.156944 4870.89              0.129787 28543.9 1.29808
0.69              -610.258 -0.362391 4898.28              0.175656 28692 2.32717
0.7              -553.224 -0.222725 4931.56              0.163848 28871.4 1.69637
0.71              -500.43 -0.0973556 4959.19              0.12241 29019.1 0.905762
0.72              -502.933 7.73428 4931.5              -0.191046 28856.3 -40.8924
0.73              -418.64 -0.0920389 4968.78              0.169476 29064.6 0.661147
0.74              -373.135 0.362778 4984.92              0.59779 29150 -1.69207
0.75              -336.687 0.731623 4983.98              0.183792 29143.3 -3.75106
0.76              -326.457 -5.28112 4933.22              0.481989 28848.9 30.3883
0.77              -257.915 -0.646005 4950              0.0303523 28963.9 3.85039
0.78              -181.784 0.250075 5040.99              -0.0422137 29459.5 -1.27622
0.79              -117.166 0.851903 5097.1              -0.0288396 29765.8 -4.60413
0.8              -69.9498 17.7412 5194.31              4.46906 30277.2 -92.3581
0.81              -50.707 3.09905 5105.61              0.63939 29807.1 -16.2925
0.82              20.7609 -15.7579 5225.94              -3.4965 30454.6 82.3092
0.83              78.8131 -2.34432 5220.09              -0.531979 30437.5 12.2451
0.84              123.847 -1.50072 5246              -0.200476 30578.1 8.25468
0.85              155.23 -4.32781 5250.07              -1.49304 30596.6 22.8518
0.86              204.468 -1.443 5286.37              -0.38386 30798.1 7.74319
0.87              229.737 5.78971 5275.59              -0.757241 30731.8 -33.4816
0.88              286.164 -0.789097 5327.12              0.128551 31024 4.41312
0.89              329.482 -0.943524 5359.36              0.155255 31201.4 5.3741
0.9              367.083 -0.93277 5384.22              0.187792 31337.5 5.39664
0.91              402.831 -0.8859 5403.69              0.194864 31444.2 5.14821
0.92              436.1 -0.825752 5420.52              0.184721 31536.9 4.82092
0.93              467.78 -1.14362 5435.17              0.139197 31618.1 6.72085
0.94              500.394 -1.03861 5456.22              0.146056 31733.7 6.12004
0.95              530.293 -0.650218 5471.56              0.172373 31819.3 3.84753
0.96              561.315 -0.562417 5491.09              0.174742 31926.9 3.34128
0.97              593.905 -0.508725 5511.45              0.173997 32038.1 3.04195
0.98              620.038 -0.446869 5527.53              0.1655 32127.4 2.70071
0.99              648.747 -0.413802 5545.8              0.166729 32228.2 2.51363
1              678.919 -0.353447 5568.8              0.165632 32354.1 2.17957
1.01              697.084 0.489241 5581.1              0.155019 32424.5 -2.54674
1.02              725.979 -0.237554 5597.92              0.153967 32518 1.54825
1.03              748.204 -0.262587 5616.27              0.157686 32621.6 1.7032
1.04              775.83 -0.32363 5630.87              0.154342 32701.5 2.07724
1.05              799.015 -0.296369 5648.99              0.166721 32803 1.90915
1.06              817.736 -0.322948 5665.74              0.161612 32899.2 2.08382
1.07              841.824 -0.307011 5680.46              0.16983 32981.4 2.00473
1.08              853.741 -0.272206 5662.37              0.15266 32891.8 1.83826
1.09              880.67 -0.352416 5713.14              0.160757 33169.7 2.30713
1.1              900.953 -0.339168 5734.51              0.157612 33289.6 2.25706
1.11              909.199 -1.87487 5746.2              0.251711 33355.1 10.599
1.12              937.458 -0.495591 5773.6              0.127474 33511 3.2304
1.13              963.351 -0.385336 5793.29              0.132478 33620.5 2.631
1.14              976.967 -0.339592 5818.21              0.118312 33764.5 2.42445
1.15              1000.37 -0.275366 5840.28              0.105689 33888 2.08368
1.16              1013 -0.221959 5860.39              0.10371 34007 1.81323
1.17              1030.07 -0.272353 5901.54              0.116058 34237.3 2.12968
1.18              1047.8 -0.257055 5926.35              0.100231 34378.6 2.07005
1.19              1067.25 -0.261079 5950.76              0.0995088 34517.8 2.12536
1.2              1081.97 -0.295491 5976.13              0.0931756 34664.6 2.3732
1.21              1104.37 -0.342372 6004.12              0.0890147 34822 2.68478
1.22              1113.09 -0.396123 6046.86              0.0927935 35067.3 3.0339
1.23              1132.51 -0.427017 6075.47              0.0893992 35232.1 3.21868
1.24              1148.93 -0.3955 6101.57              0.0765874 35385.8 3.08491
1.25              1167.38 -0.332717 6124.77              0.0627787 35523.6 2.7723
1.26              1185.48 -0.264834 6147.78              0.0421456 35659.9 2.43242
1.27              1202.26 -0.194295 6153.09              0.0282749 35702.2 2.09402
1.28              1217.99 -0.179758 6189.96              0.0366488 35916 2.04026
1.29              1235.86 -0.151107 6220.49              0.0318499 36094.8 1.89997
1.3              1257.76 -0.131207 6248.77              0.0279207 36259.9 1.81225
1.31              1283.5 -0.114763 6274.49              0.0269583 36409.7 1.73975
1.32              1292.53 0.166421 6313.69              0.0701426 36643.5 0.0460957
1.33              1313.75 -0.0901159 6346.53              0.0330164 36834.5 1.59537
1.34              1330.83 -0.0860607 6380.88              0.0244441 37038.3 1.59074
1.35              1350.32 -0.021624 6401.24              0.000565666 37165.7 1.23302
1.36              1380.08 -0.0746422 6451.41              0.02071 37452.1 1.52621
1.37              1402.76 -0.103778 6498.19              0.0207941 37724.4 1.68577
1.38              1428.51 -0.10486 6539.97              0.022878 37968.6 1.6621
1.39              1450.37 0.0427217 6583.97              0.0478129 38227.7 0.779113
1.4              1481.12 -0.151481 6628.01              0.0401608 38483.7 1.91206
1.41              1502.36 -0.173807 6671.61              0.0351582 38743.6 2.02884
1.42              1538.19 -0.790153 6706.95              -0.00770793 38952.6 5.54724
1.43              1551.8 -0.245215 6743.94              -0.00765159 39178.8 2.40487
1.44              1584.62 -0.217479 6782.91              0.00674722 39409.2 2.21655
1.45              1613.19 -0.19349 6818.06              0.00644298 39621.6 2.04731
1.46              1638.11 -0.161573 6857.99              -0.00214492 39860.7 1.83558
1.47              1669.27 -0.154089 6897.38              -0.00385331 40095.2 1.75536
1.48              1693.89 -0.128952 6937.99              -0.00340718 40339.9 1.56198
1.49              1728.1 0.421005 6972.27              0.0507389 40545.1 -1.73711
1.5              1748.81 0.56917 7011.46              0.0622064 40784.4 -2.66093
1.51              1785.93 0.0427905 7038.84              -0.0269248 40950.3 0.442827
1.52              1811.48 -0.0274938 7077.96              -0.0339767 41187.5 0.80717
1.53              1838.03 -0.0796872 7121.2              -0.0263238 41448.4 1.05908
1.54              1876.56 -0.0853572 7156.23              -0.0182245 41658.5 1.04656
1.55              1908.62 -0.107616 7204.62              -0.000323808 41946.6 1.1046
1.56              1944.41 -4.56339 7264.95              0.290712 42306.8 27.0592
1.57              1979.23 -0.797034 7288.78              0.0403287 42452.7 5.12382
1.58              2006.72 4.16615 7311.53              1.36097 42601 -21.5746
1.59              2030.08 1.07263 7348.23              0.23949 42824 -5.68139
1.6              2075.09 -0.683591 7393.18              -0.0500243 43088.4 4.28759
1.61              2112.37 35.9614 7335.76              7.98727 42824.3 -188.216
1.62              2133.7 3.83467 7440.41              0.5103 43393.2 -20.1532
1.63              2172.32 -36.5534 7374.98              -8.68384 43094.1 191.813
1.64              2202.03 -5.69581 7509.06              -0.862888 43812.4 30.4195
1.65              2233.07 -1.14968 7568.38              -0.164277 44161.3 5.88768
1.66              2279.94 0.700081 7616.64              0.05562 44442.7 -4.39505
1.67              2316.24 2.70807 7641.72              0.191156 44610.2 -15.7971
1.68              2351.21 -0.241099 7672.44              0.234555 44796.5 1.09232
1.69              2381.44 -0.219481 7706.23              -0.0169466 45005.9 1.03161
1.7              2405.87 0.7114 7708.91              0.0840088 45030.5 -4.2111
1.71              2482.58 -4.08708 7800.95              0.415166 45573.2 22.3709
1.72              2502.4 -0.107245 7831.31              0.397347 45762.6 0.908259
1.73              2542.8 -0.876282 7875.48              0.310143 46031.1 4.48978
1.74              2574.68 -0.607194 7900.94              0.416979 46193 2.62637
1.75              2592.26 0.375406 7907.56              0.354389 46249 -2.4511
1.76              2637.06 0.341484 7958.26              0.441787 46556.4 -2.23835
1.77              2667.26 0.725069 7985.74              0.40381 46730.4 -4.27958
1.78              2734.43 5.43293 8038.86              0.353948 47051.5 -29.886
1.79              2766.44 3.12864 8092.54              0.400599 47377.9 -17.5283
1.8              2783.6 1.27362 8110.23              0.499434 47496.1 -7.49652
1.81              2814.25 0.894485 8136.17              0.503967 47662.1 -5.37887
1.82              2847.79 -0.172695 8167.5              0.534001 47860.8 0.575997
1.83              2879.6 0.576787 8192.58              0.510791 48023.4 -3.5872
1.84              2909.36 0.696386 8219.37              0.515135 48195 -4.27409
1.85              2931.56 1.40336 8237.54              0.570463 48318.9 -8.48354
1.86              2948.74 1.03748 8245.77              0.457949 48386.9 -6.22546
1.87              2949.28 1.23519 8213.67              0.326722 48225.1 -7.31768
1.88              2850.16 2.03796 8017.72              -0.272249 47125.3 -11.985
1.89              2834.16 2.9388 7966.74              -0.211963 46852.5 -17.1779
1.9              2949.73 3.25787 8149.46              0.791397 47920.2 -18.1344
1.91              3012.82 15.4742 8194.22              3.23835 48214.3 -82.871
1.92              3060.88 5.3012 8290.49              1.28585 48773 -28.8707
1.93              3115.54 -8.80322 8323.31              -1.86776 48998.2 45.7598
1.94              3151.05 -1.49171 8396.28              -0.169748 49425.2 7.1387
1.95              3159.33 -5.4494 8400.62              0.492918 49458.2 31.1892
1.96              3217.82 -0.172584 8498.22              0.304345 50041.9 1.07202
1.97              3195.84 0.188105 8443.62              0.203308 49748.6 -1.05235
1.98              3230.41 6.50206 8530.55              0.227493 50270.5 -35.0377
1.99              3258.79 2.19349 8548.24              0.360089 50394.4 -12.3033
2              3265.87 0.547604 8540.2              0.524862 50369.1 -3.57627
2.01              3277.05 1.52565 8565.85              0.368308 50539.1 -8.65237
2.02              3327.26 2.08664 8616.94              0.362145 50860 -11.6046
2.03              3360.77 -3.9537 8708.56              0.649659 51406.4 21.9363
2.04              3410.25 -1.99144 8772.96              0.734254 51801.9 11.5279
2.05              3399.06 0.241252 8742.01              0.459388 51648.7 -0.78212
2.06              3404.83 1.84872 8750.25              0.416746 51720.7 -9.87316
2.07              3414.26 1.36786 8760.23              0.413449 51804.4 -7.13562
2.08              3416.06 0.976704 8761.67              0.312556 51835.4 -4.71804
2.09              3417.24 0.923428 8764.54              0.250843 51877.8 -4.31795
2.1              3436.85 1.43903 8797.11              0.364997 52091.6 -7.43844
2.11              3423.33 9.76201 8773.83              -0.680856 51974.6 -56.1153
2.12              3451.33 3.67607 8830.01              0.352208 52328.8 -20.3371
2.13              3428.87 2.43095 8796.02              0.482529 52162.2 -13.0242
2.14              3443.77 1.85277 8840.17              0.412402 52436.1 -10.6641
2.15              3461.02 6.73009 8870.86              1.28995 52637.6 -36.1342
2.16              3429.31 3.473 8815.13              0.144135 52349.9 -19.6112
2.17              3359.44 -5.14306 8689.88              0.433258 51648.3 30.5482
2.18              3393.89 1.05398 8778.63              0.227898 52186.7 -5.23233
2.19              3370.36 0.646337 8738.96              0.444171 51979.6 -3.08458
2.2              3373.64 7.55193 8809.19              0.158508 52406.6 -40.6851
2.21              3371.61 1.54968 8792.31              0.717014 52331.4 -8.70202
2.22              3355.3 1.83082 8780.56              0.448447 52295 -10.1826
2.23              3407.18 2.60037 8878.6              0.617732 52881 -14.5855
2.24              3359.99 -3.17228 8857.33              0.695939 52780.1 17.5384
2.25              3427.47 -1.51304 8992.71              0.962702 53582.2 8.68679
2.26              3282.68 0.982979 8738.32              0.300267 52149.2 -5.43103
2.27              3322.76 2.59092 8837.82              0.519531 52747.1 -14.569
2.28              3252.36 2.04031 8725.85              0.321359 52132.2 -11.6058
2.29              3287.29 0.97181 8816.46              0.44997 52675.8 -5.02484
2.3              3207.86 1.89077 8698.38              0.285635 52023.9 -10.754
2.31              3150.67 2.37647 8607.83              0.239547 51534.7 -13.7133
2.32              3200.61 10.5873 8730.88              -0.575259 52253 -62.111
2.33              3231.56 1.33184 8839.31              0.310636 52901 -8.25497
2.34              3188.3 -17.4875 8846.89              -2.93951 52946.6 92.6783
2.35              3166.78 27.6072 8878.14              5.4918 53137.4 -149.997
2.36              3112.17 5.27471 8710.37              0.574484 52234.5 -30.5156
2.37              3066.87 -4.30287 8632.89              0.831894 51807.5 25.0607
2.38              3015.57 1.8308 8589.21              0.452554 51582.9 -10.6809
2.39              3060.52 1.07783 8711.12              1.07715 52299.3 -6.46429
2.4              2927.4 6.16941 8539.98              0.077747 51336.5 -34.999
2.41              3016.3 1.65853 8731.69              1.33426 52456.2 -10.3228
2.42              2858.62 1.82653 8465.4              0.346507 50954.8 -11.4403
2.43              2974.33 2.84991 8736.58              0.99445 52530.6 -17.2721
2.44              2786.08 -3.57669 8441.14              0.602602 50854.3 18.6925
2.45              2948.04 0.355214 8815.55              1.11113 53022.6 -2.77761
2.46              2708.16 1.26237 8349.35              0.243171 50373.5 -8.56058
2.47              2808.4 2.42242 8617.93              0.783076 51937 -14.9784
2.48              2650.95 1.87069 8330.46              0.247981 50311.2 -12.1621
2.49              2725.54 0.949304 8555.62              0.685373 51621.1 -6.1908
2.5              2569.35 1.63488 8258.8              0.152102 49944.5 -10.8915
2.51              2610.2 8.49406 8424.49              -0.101552 50904 -51.4373
2.52              2531.23 -1.86837 8327.55              -1.30385 50366.4 7.61808
2.53              2561.91 2.96437 8459.04              0.958289 51148.9 -18.4929
2.54              2453.8 -43.5576 8424.24              -7.52172 50922 234.998
2.55              2460.59 49.4821 8600.73              9.87321 51931.6 -271.485
2.56              2350.69 4.41377 8159.93              0.506846 49497.6 -26.9566
2.57              2350.14 -2.99624 8279.93              1.57161 50175.5 16.678
2.58              2239.33 -0.811352 8070.9              0.268852 49008.3 2.97028
2.59              2274.29 4.85822 8289.9              0.962117 50273.4 -28.6748
2.6              2148.68 -0.0133265 8043.05              -0.0749836 48874.1 -1.70348
2.61              2208.29 0.425608 8285.68              1.13085 50280.5 -4.41889
2.62              2018.63 -0.0282916 7846.09              -0.245197 47782.3 -2.08965
2.63              2179.81 1.15659 8409.48              1.10453 51021.7 -8.42225
2.64              1902.9 -3.77258 7775.04              -0.130002 47398.9 19.2675
2.65              2140.41 -0.0709993 8553.52              1.24911 51869.1 -0.8686
2.66              1809.84 -0.742903 7703.92              -0.463273 47020.2 1.8691
2.67              1998.07 1.20426 8355.8              0.951904 50764.6 -8.51853
2.68              1732.34 -0.179848 7676.86              -0.403841 46891.8 -1.40911
2.69              1891.41 -0.112977 8276.83              0.786968 50335.8 -0.594185
2.7              1633.12 -0.125502 7597.69              -0.493329 46460.4 -1.69544
2.71              1802.12 0.475599 8242.42              0.833789 50162.6 -4.18846
2.72              1508.89 2.70909 7466.69              -1.71407 45716.6 -19.1513
2.73              1750.12 -5.78694 8382.25              -1.07304 50967.9 30.5028
2.74              1445.71 -63.5411 7682.13              -12.5793 46930.5 346.621
2.75              1624.41 63.8753 8527.66              14.1783 51749.2 -352.271
2.76              1330.65 4.00085 7398.42              -0.295028 45362.4 -24.891
2.77              1518.15 1.49867 8078.75              0.944138 49282.9 -9.90219
2.78              1203.5 -3.92551 7180.14              -1.04164 44119.3 20.5001
2.79              1430.12 0.888781 8096.09              1.57989 49381 -5.87575
2.8              1113.44 -0.330704 7147.8              -1.455 43946.2 -0.398476
2.81              1329.34 -0.156401 8045.59              0.779219 49096.6 -0.0341645
2.82              1021.14 -2.808 7065.04              -1.31935 43476.8 13.4215
2.83              1248.15 -0.632018 8050.09              0.975468 49129.5 2.85629
2.84              939.953 -2.145 6993.75              -1.58987 43079 9.64458
2.85              1149.43 -0.459845 8033.84              0.906719 49030.7 2.19759
2.86              816.083 -3.35394 6837.52              -1.91775 42185.3 16.7519
2.87              1087.31 0.132118 8130.61              1.30178 49588.3 -0.810419
2.88              712.814 -3.00802 6732.03              -2.11536 41582.5 14.7267
2.89              957.328 0.0491325 7931.35              0.992771 48449.4 -0.431966
2.9              629.191 -2.82783 6686.88              -2.07711 41323 13.8758
2.91              843.13 -0.437949 7806.54              0.872946 47733.6 2.55482
2.92              534.582 -2.84073 6613.8              -2.11074 40900.9 14.0624
2.93              752.308 -0.36489 7786.83              0.986516 47616.3 2.30312
2.94              428.729 -2.4049 6480.02              -2.45564 40127 11.391
2.95              663.097 -0.961511 7825.2              0.477828 47818.4 5.91091
2.96              358.806 -9.89039 6553.82              -4.42421 40536.7 53.6001
2.97              561.373 -46.2201 7923.24              -8.01585 48346.4 257.146
2.98              235.388 -15.4649 6352.25              -4.59877 39372.4 84.6324
2.99              468.325 59.0774 7994.18              14.6474 48725.1 -326.586
3              152.818 3.82324 6386.59              -1.1148 39555.7 -22.5976
3.01              342.432 1.13249 7475.07              1.1407 45802.8 -5.71972
3.02              126.435 -2.01082 6572.83              -1.7913 40617.3 10.5351
3.03              177.263 -0.0491381 7118.5              0.746995 43736.9 0.498369
3.04              136.179 -1.67332 7146.17              -0.101176 43879.1 10.1076
3.05              96.7315 -3.72571 7145.42              -0.252766 43867 21.7022
3.06              49.361 -2.20623 7221.59              -0.0738855 44289.4 13.5376
3.07              9.39589 -2.55689 7221.79              -0.0855811 44275.3 15.2272
3.08              -59.7597 -2.4707 7102.7              -0.307268 43585.6 15.0201
3.09              -123.205 -2.62941 7009.14              -0.368201 43037.8 15.8756
3.1              -191.399 -2.31938 6911.92              -0.490705 42472.1 14.1661
3.11              -220.035 2.35669 6819.38              -0.699224 41937.9 -12.3638
3.12              -287.593 0.0580039 6746.74              -0.706495 41510.7 0.530688
3.13              -361.58 -1.84423 6649.03              -0.611832 40940.2 11.3834
3.14              -419.893 -1.93167 6577.51              -0.644805 40518.7 11.7386
3.15              -477.442 -1.75078 6508.36              -0.674393 40113.9 10.5919
3.16              -530.193 -3.31029 6449.07              -0.631369 39764.2 19.8638
3.17              -587.364 -2.38633 6384.17              -0.678974 39380.4 14.5169
3.18              -647.239 -2.3635 6318.95              -0.68884 38996.6 14.4021
3.19              -704.555 -1.72908 6255.78              -0.595106 38622.2 10.4229
3.2              -766.804 -1.64423 6166.85              -0.609079 38103.2 9.8472
3.21              -824.227 -2.2079 6107.47              -0.673842 37749.6 13.433
3.22              -880.596 -2.27912 6024.66              -0.698468 37260.4 13.8608
3.23              -939.679 -2.32706 5960.21              -0.690556 36879.5 14.176
3.24              -997.581 -2.27155 5912.57              -0.664653 36592.8 13.8697
3.25              -1042.51 -10.0125 5882.85              0.113424 36423.3 61.1728
3.26              -1115.4 -4.42112 5800.02              -0.529887 35926.7 27.1179
3.27              -1178.35 -3.03788 5748.07              -0.520727 35613.4 18.5641
3.28              -1238.18 -1.84746 5676.77              -0.720442 35196.6 11.2722
3.29              -1306.14 -3.91379 5640.62              -0.604458 34975.6 23.8727
3.3              -1363.43 -0.0808103 5580.9              0.309945 34616.4 1.90173
3.31              -1429.98 -4.00402 5544.77              -0.741839 34390.6 23.8946
3.32              -1496.4 -3.2529 5500.47              -0.451248 34119.7 19.7507
3.33              -1561.99 -8.0329 5407.14              -1.87174 33577.1 46.6085
3.34              -1624.61 -2.00754 5405.34              0.156329 33543.9 13.2334
3.35              -1695.63 -1.19139 5364.13              0.117869 33292.4 8.29624
3.36              -1761.94 -1.18964 5306.72              0.0351866 32946.1 8.1574
3.37              -1823.29 0.32389 5252.45              -0.0334244 32622.7 -0.984935
3.38              -1902.7 -0.904758 5185.36              -0.0452704 32219.5 6.25138
3.39              -1932.23 7.2005 5145.31              -1.26673 32015.8 -43.564
3.4              -2031.48 -0.642568 5065.72              -0.191482 31510.3 3.96593
3.41              -2111.75 -0.367187 5005.76              -0.13726 31144.1 2.62749
3.42              -2190.79 -1.11322 4926.76              -0.424322 30676.4 7.01217
3.43              -2260.24 -0.757262 4861.35              -0.0285758 30277.9 4.97752
3.44              -2333.91 -0.786063 4813.77              0.0308206 29986.5 5.16308
3.45              -2406.21 -0.794398 4756.27              0.0846794 29630 5.22557
3.46              -2479.88 -0.779013 4719.74              0.147174 29408.5 5.15967
3.47              -2544.69 -0.844847 4683.31              0.203968 29178.7 5.52134
3.48              -2586.72 -7.77655 4605.64              0.252382 28724.4 45.5836
3.49              -2679.29 -2.47331 4505.23              0.0702956 28124.3 15.226
3.5              -2753.08 -1.76776 4457.94              0.166268 27835.6 11.0246
3.51              -2821.41 -1.56716 4409.75              0.192905 27538.1 9.79398
3.52              -2887.55 -1.44504 4349.41              0.208377 27171.7 9.05249
3.53              -2959.9 -0.764101 4276.81              0.38744 26738.7 5.17247
3.54              -3026.17 -0.902362 4213.03              0.332399 26353.5 5.83007
3.55              -3091.91 -0.821436 4153.26              0.344249 25993 5.30649
3.56              -3154.44 -0.72126 4103.34              0.384964 25687.1 4.69719
3.57              -3211.76 0.0359271 4054.26              0.341723 25389.1 0.24323
3.58              -3281.14 -0.359119 3994.51              0.440852 25025 2.5012
3.59              -3341.57 -0.399138 3925.99              0.445932 24610 2.77986
3.6              -3404.49 -0.17029 3866.38              0.489797 24250.1 1.363
3.61              -3465.27 -0.1667 3825.47              0.545911 23996.8 1.36511
3.62              -3523.49 -0.100771 3785.7              0.613004 23748.8 1.00175
3.63              -3576.59 -0.092362 3744.72              0.680083 23492.1 0.936373
3.64              -3634.91 0.0066227 3704.4              0.743326 23243 0.323105
3.65              -3686.72 0.0370879 3655.38              0.794458 22940.4 0.108801
3.66              -3745.42 0.037273 3602.45              0.81363 22618.9 0.0733786
3.67              -3798.21 0.0307552 3555.79              0.853583 22329.9 0.113873
3.68              -3852.13 0.124494 3510.6              0.894334 22051.3 -0.448956
3.69              -3899.13 0.16489 3462.41              0.939304 21751.9 -0.666942
3.7              -3947.52 0.155605 3417.84              0.980329 21476.3 -0.627283
3.71              -3997.35 0.186288 3378.5              1.02309 21232.1 -0.785816
3.72              -4043.18 0.208038 3336.67              1.05241 20971.4 -0.907437
3.73              -4089.08 0.248839 3291.78              1.09038 20694.1 -1.1451
3.74              -4134.2 0.0443914 3243.89              1.017 20400.4 -0.0420183
3.75              -4176.71 0.293658 3197.91              1.11872 20116.5 -1.45628
3.76              -4219.23 0.432839 3151.4              1.16534 19830.6 -2.25016
3.77              -4261.26 0.468149 3110.2              1.16894 19574.2 -2.45409
3.78              -4299.24 0.600025 3080.62              1.24397 19385 -3.18472
3.79              -4347.43 3.65343 3019.64              1.34516 19013 -21.6629
3.8              -4374.29 0.84452 2995.23              1.29805 18855.2 -4.68599
3.81              -4409.61 0.801265 2956.04              1.27932 18610.8 -4.34132
3.82              -4443.5 0.793886 2921.4              1.31641 18394.4 -4.26349
3.83              -4480.28 0.953188 2880.71              1.3034 18142.9 -5.21836
3.84              -4509.18 0.932084 2842.93              1.29456 17905.9 -5.05358
3.85              -4541.42 1.5603 2804.26              1.76199 17663.5 -8.7092
3.86              -4568.57 1.22402 2768.11              1.4278 17440 -6.73038
3.87              -4596.4 1.65644 2733.8              1.37521 17225.8 -9.29553
3.88              -4622.55 0.609752 2696.41              1.20897 16993.9 -3.26993
3.89              -4644.09 -0.303467 2674.19              1.11494 16852 2.90153
3.9              -4661.7 2.50065 2652.16              1.2224 16713.8 -14.1899
3.91              -4682.7 2.44513 2610.3              1.19438 16455.4 -14.0501
3.92              -4701.96 2.62778 2581.01              1.16869 16269.6 -15.1053
3.93              -4725.77 2.84051 2537.56              1.19492 16002.2 -16.3822
3.94              -4760.48 15.608 2552.9              6.25334 16052.8 -87.9615
3.95              -4758.21 5.52369 2501.36              1.90907 15761.5 -31.4235
3.96              -4790.55 4.23714 2411.13              1.46744 15218.7 -24.105
3.97              -4799.92 -7.44123 2453.89              -2.77313 15441.2 41.4841
3.98              -4796.94 1.16658 2417.01              0.87782 15229.3 -6.8814
3.99              -4803.91 1.12987 2393.5              1.23328 15080.7 -6.3801
4              -4822.9 0.995162 2342.77              0.613976 14768.5 -5.90772
4.01              -4816.48 1.78491 2351.61              1.14185 14810.9 -10.2595
4.02              -4819.18 2.89978 2329.64              1.63951 14673 -16.9784
4.03              -4819.48 1.10242 2314.17              1.76717 14573.7 -5.84569
4.04              -4823.7 1.31718 2289.84              1.71813 14420.3 -7.06387
4.05              -4824.96 1.50818 2267.24              1.7075 14275.2 -8.12091
4.06              -4833.43 1.69708 2227.95              1.67546 14031.5 -9.22117
4.07              -4842.2 1.72801 2190.85              1.58829 13801.6 -9.39062
4.08              -4845.03 1.83926 2164.13              1.53586 13632.4 -10.0355
4.09              -4848.37 2.05802 2134.77              1.52158 13447.5 -11.3768
4.1              -4855.64 2.22291 2094.65              1.43793 13198.7 -12.3685
4.11              -4858.04 2.70742 2069.5              1.36006 13038.7 -15.2009
4.12              -4861.87 2.23591 2032.53              1.30549 12808.5 -12.5112
4.13              -4864.98 2.17942 2002.12              1.21324 12617.7 -12.2409
4.14              -4859.28 2.34969 1985.37              1.22694 12508.2 -13.1478
4.15              -4870.44 1.10506 1942.15              1.22522 12240.4 -6.14272
4.16              -4878.8 0.0628046 1900.37              1.07778 11982.7 -0.284246
4.17              -4853.11 3.02509 1895.7              0.886885 11948.1 -16.9365
4.18              -4854.87 2.32987 1905.5              0.953992 11984.3 -13.6292
4.19              -4842.09 2.58417 1870.05              0.89848 11774.6 -14.7705
4.2              -4819.1 1.47663 1869.76              1.06427 11766 -8.76142
4.21              -4809.84 2.32399 1854.46              0.935645 11667.9 -13.2127
4.22              -4801.15 3.91317 1842.9              0.7599 11593.5 -22.1999
4.23              -4745.66 2.28801 1905.86              1.04363 11957.8 -12.8365
4.24              -4754.98 2.04434 1835.09              0.69118 11537.1 -11.542
4.25              -4735.15 2.4882 1838.81              0.775282 11551.2 -13.9945
4.26              -4744.82 -0.578459 1748.21              0.873737 11014 4.38507
4.27              -4706.86 1.72447 1794.54              0.549905 11280.5 -9.54467
4.28              -4653.08 -6.46789 1830.18              -1.37796 11498.9 35.6807
4.29              -4705.99 -0.377218 1685.83              -0.170974 10636.6 1.66893
4.3              -4645.21 8.32651 1747.47              2.09564 11003.1 -46.0665
4.31              -4607.16 1.92355 1813.73              0.745505 11375.8 -10.3116
4.32              -4635.47 2.9093 1686.93              0.976164 10633.7 -16.1316
4.33              -4584.56 2.62833 1768.06              0.454132 11097.3 -14.8687
4.34              -4549.51 2.6435 1801.5              0.293298 11287.3 -15.0857
4.35              -4533.03 2.21937 1786.16              0.176259 11193.8 -12.7152
4.36              -4513.63 1.8068 1778.99              0.100769 11148.9 -10.291
4.37              -4496.2 1.55933 1767.87              -0.0133804 11080.7 -8.88905
4.38              -4482.19 1.45263 1748.73              -0.123272 10966.6 -8.39098
4.39              -4456.82 1.19973 1754.29              -0.154577 10995.2 -6.94901
4.4              -4432.05 1.34568 1762.52              -0.193246 11040.9 -7.86846
4.41              -4398.27 1.5255 1790.68              -0.159451 11201.4 -8.97508
4.42              -4370.89 3.50457 1769.23              -0.366459 11077.4 -20.3014
4.43              -4361.25 0.623881 1772.63              -0.292028 11091 -3.98564
4.44              -4339.61 0.696514 1793.02              -0.36661 11202.8 -4.32561
4.45              -4297.2 -0.747685 1813.03              -0.205714 11320.5 3.12707
4.46              -4275.3 0.616092 1823.25              -0.217299 11378.3 -3.74245
4.47              -4228.65 -4.99978 1832.68              -0.329365 11438.3 28.0393
4.48              -4218.23 1.24567 1839.69              -0.898842 11471.6 -6.83588
4.49              -4162.49 1.41258 1919.6              -0.424005 11933.2 -8.00373
4.5              -4105.63 6.41292 1950.21              -1.46702 12137 -38.3756
4.51              -4107.78 -0.577207 1929.83              -0.473511 11987.2 3.36312
4.52              -4073.96 -18.2002 1854.45              -5.05032 11583 99.2822
4.53              -4056.06 9.94643 1822.07              2.53719 11398.2 -54.287
4.54              -3977.24 2.09395 2022.22              0.966477 12527.8 -11.4558
4.55              -3960.01 -6.16506 2006.73              0.764579 12444.3 37.1942
4.56              -3925.57 0.658742 2050.08              -0.576191 12675.7 -4.14016
4.57              -3886.55 0.635585 2089.85              -0.674522 12899.8 -4.26784
4.58              -3846.79 0.660591 2120.73              -0.702336 13075.8 -4.55655
4.59              -3809.12 0.252009 2147.46              -0.761729 13226.2 -2.2573
4.6              -3788.89 -0.086989 2131.41              -0.904024 13131.9 -0.29331
4.61              -3744.53 -1.18252 2165.69              -0.891707 13327.1 6.06563
4.62              -3703.47 -0.599674 2199.65              -0.927635 13517.9 2.63736
4.63              -3648.73 0.923722 2243.77              -1.07144 13769.9 -6.06396
4.64              -3576.38 5.94266 2301.64              -1.0882 14102.1 -34.5533
4.65              -3516.1 -1.42865 2455.78              -0.671675 14963.3 6.99645
4.66              -3472.41 -2.71374 2466.17              -0.686163 15025.7 13.9941
4.67              -3397.25 -2.17175 2588.24              -0.487159 15717.5 11.8784
4.68              -3245.48 -8.65021 2834.78              -0.448324 17124.5 48.423
4.69              -3611.89 -1.09438 1846.33              -1.75905 11495.8 4.68976
4.7              -3351.64 3.59266 2415.59              -2.11082 14750 -22.3146
4.71              -3305.18 -0.0201566 2426.75              -1.15116 14796.4 -0.938255
4.72              -3289.19 -6.28901 2379.9              -1.90837 14528.3 33.6944
4.73              -3309.27 -3.52387 2253.89              -1.54968 13807.5 18.1968
4.74              -3186.87 1.63091 2443.72              -0.00673385 14887 -8.81784
4.75              -3192.51 -0.438467 2360.85              -0.844543 14410.4 1.70389
4.76              -3076.42 -7.36814 2575.28              -0.20422 15623.3 42.6833
4.77              -2994.39 -2.78481 2714.89              -0.890897 16398.9 15.5602
4.78              -2891.95 -2.54724 2890.81              -0.829365 17388.5 14.0805
4.79              -2947.43 -1.73048 2652.46              -1.20357 16038.3 8.97666
4.8              -2853.24 -2.1013 2808.22              -1.0618 16912.3 11.2317
4.81              -2797.66 -2.59513 2853.33              -1.07259 17162.8 14.0952
4.82              -2742.36 -2.53993 2902.54              -1.07955 17436.4 13.7633
4.83              -2690.94 -1.26409 2934.95              -1.10476 17615.6 6.44476
4.84              -2631.12 -1.18165 2987.03              -1.09632 17905.3 6.0349
4.85              -2566.11 -1.93875 3081.97              -1.07287 18421.9 10.2623
4.86              -2502.73 -3.65707 3138.26              -0.922103 18742.4 19.5472
4.87              -2464.42 -1.97752 3131.33              -0.981417 18701.9 10.8165
4.88              -2437.93 -4.28725 3067.54              -1.05616 18349.4 23.3595
4.89              -2392.92 -2.88276 3075.82              -0.630005 18397.9 15.7116
4.9              -2321.47 -4.1591 3138.47              -1.14422 18751.9 23.1513
4.91              -2263.69 -1.02068 3098.42              -1.4879 18542.3 4.76121
4.92              -2266.73 37.3219 3236.62              9.01719 19260.5 -200.642
4.93              -2229.14 -30.119 3164.58              -8.82467 18873.3 161.408
4.94              -2153.03 -11.2008 3110.62              -3.69928 18605.9 60.4638
4.95              -2084.2 -3.79069 3160.77              -2.07293 18893.6 19.6193
4.96              -2016.74 -5.78649 3194.74              -0.997833 19097.5 32.4656
4.97              -1957.14 -4.57099 3211              -0.863388 19189 25.771
4.98              -1910.3 -4.064 3219.66              -0.869429 19245.1 23.0652
4.99              -1845.69 -3.29895 3257.04              -0.774991 19454.7 18.636
5              -1791.14 -2.69418 3278.07              -0.769871 19575.8 15.2737
5.01              -1728.56 -3.27354 3312.94              -0.720349 19776.2 18.6556
5.02              -1705.21 -4.53982 3278.2              -0.649839 19589.2 25.5168
5.03              -1655.17 -6.70791 3298.43              -0.667757 19707 37.5235
5.04              -1528.56 -1.40425 3451.86              -0.726993 20554.7 8.61563
5.05              -1469.58 -1.77539 3513.57              -0.623458 20908.5 10.7049
5.06              -1398 0.615662 3545.44              0.647249 21092.1 -1.71176
5.07              -1373.76 2.16223 3536.22              -1.0989 21050 -10.8453
5.08              -1275.82 -3.30499 3587.31              -0.456104 21349.6 19.0649
5.09              -1210.57 -1.63888 3631.97              0.14734 21605.5 10.1874
5.1              -1165.27 -7.62079 3647.45              -0.130768 21690.2 44.6846
5.11              -1061.79 -2.3358 3694.44              -0.655013 21980.9 14.0884
5.12              -1017.81 33.2363 3900.62              8.44377 23084.9 -175.44
5.13              -951.864 -28.0868 3925.75              -7.27306 23246.1 151.479
5.14              -870.016 -6.11242 3879.38              -1.0911 23031.6 34.851
5.15              -814.563 -7.8165 3886.01              -2.49951 23078.4 43.9375
5.16              -752.013 1.58566 3914.04              -1.15332 23244.2 -8.89814
5.17              -669.684 -3.29783 3985.31              -0.127294 23658.9 20.2834
5.18              -607.266 -3.07381 4030.68              -0.0305867 23921.6 19.4148
5.19              -543.225 -2.80775 4066.87              0.011647 24134.1 18.1375
5.2              -473.968 -2.02794 4120.56              0.0973873 24438.6 13.641
5.21              -404.88 -1.16687 4177.01              0.159699 24757.3 9.01018
5.22              -321.827 -1.82268 4292.01              0.262001 25402.6 12.8267
5.23              -283.535 -3.52773 4294.39              0.441362 25424.7 22.005
5.24              -257.299 -6.78464 4263.17              0.340214 25268.4 39.6351
5.25              -136.324 -0.53857 4396.7              0.229185 26022 6.18723
5.26              -57.4751 0.103878 4497.52              0.210175 26572.7 2.60707
5.27              -17.18 -1.34331 4504.65              0.457032 26638.4 10.2348
5.28              53.1095 2.4155 4540.72              1.10341 26852.8 -9.45664
5.29              69.0389 5.41524 4493.5              -0.284073 26606.4 -26.326
5.3              185.821 -0.543063 4618.49              0.44817 27314 5.70778
5.31              258.643 0.901485 4692.14              0.824424 27733.7 -1.97701
5.32              333.13 -1.30063 4771.74              0.283054 28182.7 11.0779
5.33              411.218 1.27394 4840.71              0.307314 28590.2 -4.19151
5.34              472.506 31.3359 5039.54              7.86182 29661.9 -163.114
5.35              546.61 8.27765 5043.73              1.76986 29721.4 -40.9854
5.36              580.692 -25.8507 5092.1              -6.48637 29987.4 139.189
5.37              656.215 -4.36614 5131.25              -0.258779 30231.2 26.2888
5.38              714.592 -4.7215 5162.16              -1.24101 30418.9 27.9137
5.39              784.761 5.30243 5258.88              -0.20058 30952 -28.0908
5.4              869.792 0.668437 5364.92              0.871472 31552.3 -0.790605
5.41              919.4 0.887072 5419.71              0.997805 31872.3 -1.76203
5.42              982.404 1.06606 5467.34              1.00836 32149.6 -2.66334
5.43              1045.19 1.37839 5528.48              1.01634 32495.6 -4.44983
5.44              1096.78 1.84582 5588.47              1.03534 32842.4 -7.18186
5.45              1162.81 2.89796 5635.98              1.01319 33111.8 -13.0921
5.46              1223.03 2.24836 5705.2              1.03402 33511.8 -9.5516
5.47              1282.9 2.39055 5781.13              1.03192 33942.5 -10.4047
5.48              1312.52 0.539968 5742.65              1.14825 33751.1 -0.672438
5.49              1395.34 2.67504 5852.17              0.936595 34369 -12.0399
5.5              1405.13 -2.56948 5808.75              1.07433 34145.8 15.683
5.51              1527.28 3.2523 5994.26              0.823342 35163.8 -15.2263
5.52              1584.75 3.26237 6076.45              0.892738 35628.7 -15.3826
5.53              1636.15 3.29461 6175.47              0.940493 36191.2 -15.8074
5.54              1709.91 4.8035 6250.94              1.34923 36611.1 -23.6011
5.55              1763.48 4.51091 6319.71              1.14738 37001.8 -22.3407
5.56              1770.87 9.03738 6292.54              0.400332 36870.3 -46.8499
5.57              1867.5 3.52514 6409.3              0.933828 37526.9 -17.776
5.58              1926.42 3.97989 6476.01              1.28842 37907 -20.1804
5.59              1979.56 4.22696 6543.38              0.972329 38289.1 -21.5421
5.6              2023.85 -0.151897 6595.73              1.12075 38583.3 3.21861
5.61              2086.43 3.03626 6663.7              0.909817 38980.5 -15.2163
5.62              2150.86 3.95618 6754.45              0.799031 39488.1 -20.5031
5.63              2206.02 4.71004 6825.02              0.769619 39887.1 -24.7773
5.64              2257.74 34.4692 6972.47              8.28345 40685.7 -180.891
5.65              2315.24 10.3171 6958.5              1.92736 40648.1 -54.3149
5.66              2363.79 -21.6032 7083.53              -5.37035 41329.4 113.182
5.67              2418.64 -0.109431 7102.5              -0.124738 41465.3 0.196492
5.68              2468.93 2.47735 7177.22              0.548348 41887.3 -13.3847
5.69              2518.35 0.153742 7232.24              -0.304062 42200.3 -1.33895
5.7              2573.74 2.91251 7301.68              0.618477 42596.5 -16.0782
5.71              2608.18 8.51479 7354.44              0.370623 42891.3 -47.9949
5.72              2670.25 3.96196 7449.32              1.06642 43429.8 -21.9327
5.73              2720.55 3.72257 7530.35              1.11405 43884.3 -20.5689
5.74              2767.69 3.84637 7588.29              1.15092 44215.9 -21.3574
5.75              2817.3 3.82914 7658.91              1.14284 44614.8 -21.3639
5.76              2868.48 3.84651 7736.27              1.16341 45048.5 -21.5703
5.77              2910.12 3.64014 7785.23              1.12783 45333.4 -20.4748
5.78              2955.63 3.63663 7830.82              1.1206 45600.9 -20.6089
5.79              3001.54 3.79676 7894.83              1.13468 45963 -21.6618
5.8              3046.66 3.82639 7938.33              1.11851 46217.1 -21.9863
5.81              3081.78 3.777 7967.22              1.09059 46397.8 -21.8338
5.82              3127.08 3.74084 8021.23              1.07049 46707.2 -21.727
5.83              3174.26 3.69724 8080.97              1.06066 47047.1 -21.5552
5.84              3206.57 3.66165 8086.28              1.01408 47101.7 -21.4714
5.85              3234.35 4.11942 8068.46              0.915704 47031.4 -24.0992
5.86              3287.15 3.53727 8185.88              0.962315 47676.7 -20.9328
5.87              3304.52 3.4055 8091.18              0.835881 47202 -20.3999
5.88              3367.85 3.25083 8273.99              0.902152 48191.5 -19.5024
5.89              3405.66 3.15395 8327.6              0.882502 48500.2 -19.0145
5.9              3447.88 3.03385 8397.45              0.867506 48893.5 -18.3583
5.91              3481.7 2.87748 8413.1              0.814562 49000.7 -17.5312
5.92              3497.99 2.6322 8286.24              0.653325 48355.2 -16.3219
5.93              3577.33 2.69395 8627.27              0.867189 50177.6 -16.4876
5.94              3594.84 2.41825 8543.53              0.695783 49760.6 -15.0835
5.95              3635.58 1.50773 8676.36              0.822357 50482.4 -10.1898
5.96              3667.33 1.89419 8656.24              0.632826 50402.6 -12.1547
5.97              3712.23 1.90596 8764.27              0.65237 50996.5 -12.1384
5.98              3740.27 1.81853 8746.65              0.547773 50928.4 -11.7278
5.99              3777.09 1.72359 8814.43              0.528622 51308.9 -11.189
6              3814.89 1.64078 8908.66              0.547643 51830.4 -10.7197
6.01              3851.74 1.48884 8969.82              0.509705 52175.8 -9.87268
6.02              3883.24 1.36893 9028.58              0.482826 52510.1 -9.21367
6.03              3917.26 1.24589 9032.42              0.400633 52551.6 -8.56099
6.04              3946.39 1.0956 9078.43              0.378413 52818.9 -7.71735
6.05              3976.8 0.940211 9106.48              0.312323 52988.8 -6.84738
6.06              4009.37 0.82684 9171.72              0.30147 53355.5 -6.19041
6.07              4045.76 0.737645 9268.03              0.323528 53885.2 -5.64666
6.08              4066.65 0.547696 9245.14              0.200544 53787.5 -4.63357
6.09              4097.62 0.474028 9321.09              0.216251 54211 -4.18319
6.1              4116.73 0.2532 9256.46              0.0676785 53890.6 -3.00744
6.11              4165.86 0.40193 9492.52              0.271755 55155.7 -3.70711
6.12              4178.19 0.164372 9421.61              0.0847783 54805.4 -2.46389
6.13              4213.69 0.167884 9523.08              0.132918 55359.7 -2.43903
6.14              4228.3 0.0304103 9501.65              0.0213275 55268.7 -1.70666
6.15              4260.7 0.0800607 9608.65              0.105805 55854.9 -1.91799
6.16              4259.87 -1.68175 9462.07              -0.0173477 55096.4 7.40714
6.17              4284.73 -0.784068 9418.13              -0.234053 54887.2 2.71048
6.18              4292.36 -0.786303 9272.99              -0.414765 54140 2.58834
6.19              4362.83 0.114845 9816.82              0.262327 57032.1 -1.9598
6.2              4322.73 -1.37903 9156.51              -0.768411 53562.1 5.73752
6.21              4417.66 0.51478 9999.94              0.467027 58039.5 -4.01286
6.22              4365.81 -1.67634 9213.22              -0.879583 53897.5 7.43488
6.23              4460.59 0.217813 10063.8              0.428721 58416.2 -2.24607
6.24              4407.64 -1.87296 9276.36              -0.92444 54263.9 8.62113
6.25              4502.59 0.352524 10166.9              0.489592 59001.2 -2.96849
6.26              4435.13 -0.878502 9312.79              -1.03472 54488.4 3.18765
6.27              4541.03 0.544854 10254              0.613112 59499.8 -3.99304
6.28              4477.1 -1.68238 9437.98              -0.845852 55184.9 7.73822
6.29              4571.48 0.142744 10258.9              0.491773 59562.3 -1.70841
6.3              4512.89 -1.75388 9543.2              -0.786661 55774.6 8.29251
6.31              4600.29 -0.0116177 10288.8              0.443091 59758.1 -0.792142
6.32              4542.95 -1.80091 9635.42              -0.739923 56296.5 8.66659
6.33              4625.37 -0.616543 10312.9              0.376747 59920 2.74041
6.34              4565.81 -2.50802 9675.32              -0.797731 56538.4 12.8971
6.35              4654.31 -0.571661 10377.1              0.41005 60296.2 2.5641
6.36              4592.07 -2.22014 9741.77              -0.728821 56921.8 11.2134
6.37              4684.64 -0.568078 10458.3              0.484793 60761.2 2.59988
6.38              4613.48 -2.39584 9782.42              -0.765229 57167.9 12.2241
6.39              4711.91 -0.54612 10523              0.532922 61139.2 2.54619
6.4              4614.23 2.79985 9755.49              -1.63926 57038.3 -17.4205
6.41              4735.36 1.24248 10603.2              0.472417 61594.5 -7.69355
6.42              4656.08 -4.37346 9963.8              -1.446 58187.2 22.6642
6.43              4762.8 -0.562281 10715              0.728168 62222.7 2.95836
6.44              4654.01 -1.81257 9826.7              -0.859632 57481 9.14441
6.45              4784.1 -70.9859 10887.6              -10.1579 63161.9 371.22
6.46              4680.16 -11.6036 9954.07              -1.54619 58189.6 61.322
6.47              4791.15 73.6484 10881.4              13.59 63154.1 -385.003
6.48              4686.37 3.77525 9964.15              0.280503 58266.7 -20.396
6.49              4797.02 0.326463 10638.5              0.796918 61903.3 -1.99616
6.5              4691.57 -3.67779 9941.87              -0.649953 58169.5 19.4297
6.51              4779.72 -5.03787 10585.5              0.912319 61618.5 28.3766
6.52              4697.44 -3.3123 9973.49              -0.696005 58354.6 17.8049
6.53              4811.63 -0.726055 10670              1.01812 62116.7 3.93991
6.54              4707.09 -3.91839 10027.1              -0.222707 58652.9 21.1874
6.55              4800.12 3.22629 10713.8              0.65314 62366.4 -16.6694
6.56              4713.87 -2.42093 10078.3              -0.491025 58957 12.5413
6.57              4817.03 -0.514323 10673.4              0.865772 62178.1 2.98366
6.58              4714.32 -3.64452 10052.5              -0.208034 58835.7 19.2404
6.59              4809.52 -1.63233 10602.7              0.73062 61820 8.91568
6.6              4734.12 -2.59522 10061.4              -0.359619 58916.2 13.7202
6.61              4804.79 -1.41324 10565.8              0.663451 61646.5 7.75949
6.62              4735.89 -5.84495 10319.4              0.199238 60318.9 31.6449
6.63              4788.35 -3.44187 10596.8              0.655683 61829.5 19.1057
6.64              4742.4 -3.39264 10319.5              0.0610237 60343.5 18.6649
6.65              4782.63 -2.15896 10581              0.626955 61767.1 12.0874
6.66              4695.23 -2.60925 10107.3              -0.251956 59216.8 14.1581
6.67              4760.27 -1.60009 10493.8              0.583505 61319.9 8.95254
6.68              4671.76 -2.8794 10032.8              -0.26671 58835.1 15.6532
6.69              4751.85 -1.64204 10538.9              0.716561 61585.4 9.48929
6.7              4638.46 -3.00307 9953.59              -0.348567 58424.8 16.3705
6.71              4729.95 -1.15125 10513.1              0.777927 61468.9 6.66169
6.72              4607.25 0.510178 9939.78              -0.996366 58359.6 -3.6546
6.73              4690.91 -0.341327 10448.3              0.501862 61135.4 1.9247
6.74              4613.1 -8.39986 10135.3              -1.51038 59443.8 45.2846
6.75              4701.27 -87.5774 10908.6              -12.5678 63625.2 462.571
6.76              4543.14 -14.1357 9925.6              -1.39059 58325.9 75.8225
6.77              4670.47 91.2534 10976.5              16.9036 64008.8 -480.478
6.78              4487 6.61567 9832.98              0.941942 57839.9 -35.4459
6.79              4595.44 0.386522 10489.2              1.39895 61412.9 -0.794104
6.8              4434.47 -1.81071 9738.02              -0.495823 57341.1 9.87956
6.81              4541.35 0.625847 10413.2              1.82511 61016.1 -2.93246
6.82              4394.07 0.699236 9847.79              -0.332213 57950 -3.17428
6.83              4486.91 -0.0732991 10379.9              1.00217 60864.6 0.927814
6.84              4338.34 -3.81412 9732.13              -0.0337361 57334.8 20.5976
6.85              4420.93 -1.53783 10265.4              0.915939 60263.1 8.80739
6.86              4279.2 -2.52882 9677.53              -0.231095 57064.7 13.4959
6.87              4379.47 -2.65312 10411.8              1.23282 61078.9 15.1164
6.88              4273.27 -3.16877 10002.6              0.360628 58855.6 17.7067
6.89              4264.8 -1.91646 10090.1              0.594543 59347.3 10.9767
6.9              4173.95 -1.99711 9759.55              -0.00527371 57550 11.0753
6.91              4173.83 -1.47586 9905.95              0.454619 58366.2 8.3807
6.92              4091.15 -2.3441 9634.62              -0.0277389 56888.9 13.0594
6.93              4091.85 -1.61574 9822.9              0.432251 57934.5 9.35504
6.94              3999.78 -2.13685 9507.52              -0.0894417 56217.1 11.8312
6.95              3940.95 -1.98698 9378.95              -0.181095 55524.6 10.869
6.96              3940.89 2.05378 9611.96              -0.815831 56797.2 -12.4158
6.97              3950.95 -7.55875 9876.51              -1.26256 58264.3 40.7514
6.98              3825.69 -88.867 9635.95              -14.3101 56922.2 473.32
6.99              3831.17 81.549 9998.48              15.9467 58907.1 -433.217
7              3727.09 6.56926 9367.31              0.971124 55501.4 -35.7098
7.01              3697.89 -2.19589 9418.41              0.363806 55782.2 13.2416
7.02              3610.98 -1.18825 9173.42              -0.14402 54450.9 6.46721
7.03              3582.79 -0.00863902 9273.8              1.33086 55000.9 0.279395
7.04              3511.9 1.52922 9217.12              -0.0495174 54702.5 -8.16079
7.05              3477.46 -0.911043 9223.68              0.481839 54750.5 5.18234
7.06              3412.78 -2.29372 9104.44              0.30651 54097.4 12.6388
7.07              3375.47 -1.01822 9109.68              0.167108 54138 5.4716
7.08              3332.34 -3.44797 9233.12              0.42282 54823 19.5316
7.09              3296.14 -2.47856 9278.89              0.573191 55085.8 14.22
7.1              3194.89 -2.10326 9018.62              0.00338409 53658.8 11.8395
7.11              3134.64 -1.05322 8972.11              0.0238684 53411.8 5.87966
7.12              3046.14 -1.8229 8748.35              -0.309956 52184.7 10.0355
7.13              3006.6 -1.94556 8791.86              -0.0890998 52431.8 11.1945
7.14              2933.74 -1.507 8676.76              -0.205427 51801.9 8.42862
7.15              2872.29 -1.47056 8622.7              -0.202305 51511.9 8.25233
7.16              2777.75 2.23091 8497.99              -1.77176 50808.5 -14.0859
7.17              2811.44 -9.03612 8923.31              -1.90058 53188 49.3983
7.18              2649.73 -86.9289 8611.67              -14.7628 51427.6 467.714
7.19              2670.48 85.7982 9144.97              17.5095 54370.2 -460.296
7.2              2522.71 7.11467 8343.07              0.600609 49985 -38.9268
7.21              2518.75 -1.55032 8575.96              0.673152 51281.7 10.2035
7.22              2367.04 1.92953 8118.17              0.599818 48738.2 -10.8946
7.23              2394.53 -0.686115 8515.59              0.919806 50957.8 4.85581
7.24              2228.65 0.853598 8033.35              -0.804389 48271 -5.01155
7.25              2262.85 -0.689019 8428.91              0.984098 50481.1 4.58105
7.26              2115.68 -1.39908 7982.73              -0.346642 48001.5 7.93385
7.27              2133.19 -0.115199 8351.66              0.404494 50059.8 1.11195
7.28              2010.38 -3.12928 8093.63              -0.198821 48618.2 18.1658
7.29              2028.07 -2.10246 8482.13              0.712158 50794.9 13.1405
7.3              1901.5 -1.31459 8131.33              -0.0535298 48838.7 8.08944
7.31              1855.27 -0.490669 8196.18              0.112379 49204.8 3.54808
7.32              1756.75 -0.720642 7965.41              -0.180296 47919.7 4.5418
7.33              1717.6 -1.42428 8093.3              0.0558844 48638.7 9.27687
7.34              1596.92 -0.698795 7762.48              -0.408582 46788.9 4.35727
7.35              1542.82 -0.959796 7752.76              -0.304706 46739.8 6.00011
7.36              1528.25 -5.58049 8089.76              -3.64724 48601.5 29.5747
7.37              1473.64 -1.47574 8070.86              0.131831 48522.2 9.37927
7.38              1404.24 -62.2741 8237.89              -10.9978 49423.9 338.904
7.39              1359.99 61.9058 8456.7              13.8115 50634.7 -334.5
7.4              1240.47 7.972 7809.43              1.2628 47058.4 -43.4476
7.41              1202.88 0.66667 7972.83              0.943557 47972.7 -1.7993
7.42              1089.11 1.61411 7645.79              0.748167 46134.9 -8.32124
7.43              1072.69 0.1426 7948.44              0.892936 47830.9 0.581869
7.44              949.092 -0.388519 7580.06              -0.147329 45759.2 3.36402
7.45              942.6 -0.998242 7857.39              0.706087 47315.9 6.45944
7.46              833.179 -0.667098 7625.51              0.129773 46012.3 4.61787
7.47              822.314 0.155541 7896.48              0.667286 47528.3 0.264285
7.48              719.446 2.60341 7611.62              0.0941784 45931.2 -13.6493
7.49              666.922 0.623206 7754.34              0.518498 46733.9 -2.38121
7.5              555.236 0.175734 7456.55              0.11788 45053.7 -0.177551
7.51              504.656 -0.588784 7530.47              0.361877 45468.8 4.45935
7.52              411.091 -0.0984208 7344.19              0.123514 44417.7 1.37889
7.53              346.01 0.769134 7328.76              0.320152 44328.1 -3.91652
7.54              257.812 0.137761 7193.38              0.118409 43562.8 -0.117165
7.55              189.434 0.0811786 7127.52              0.130141 43189.7 0.238206
7.56              129.978 -5.19956 7103.76              0.430417 43060.2 32.0072
7.57              48.2033 -1.7206 6949.3              -0.520098 42179.8 9.83763
7.58              -13.3115 -13.651 6971.72              -2.1891 42299.6 76.1349
7.59              -75.5222 -3.1665 6922.56              -0.00387538 42018.4 18.334
7.6              -148.351 8.59553 6886.81              2.40519 41813.1 -45.5566
7.61              -217.623 5.28266 6782.27              1.08065 41222.8 -29.1105
7.62              -262.993 7.10106 6707.9              -0.416682 40826.1 -41.2592
7.63              -359.698 2.75751 6637.63              0.471246 40398.1 -15.3472
7.64              -440.468 1.42584 6548.19              0.51195 39866.8 -7.63201
7.65              -489.198 -5.65255 6502.94              0.225263 39617.6 32.9575
7.66              -565.42 -0.761797 6409.52              0.431529 39070.4 4.789
7.67              -652.112 -0.178089 6351.51              0.348349 38745.5 1.76827
7.68              -708.605 -0.158155 6279.87              0.424453 38316.3 1.64629
7.69              -759.785 6.1712 6215.05              0.323811 37956.2 -34.5086
7.7              -831.986 3.52202 6175.26              0.325134 37726.3 -19.5841
7.71              -923.87 1.16909 6110.62              0.495829 37351.5 -6.21495
7.72              -980.536 -0.907041 6040.4              0.577452 36943.7 5.98993
7.73              -1049.46 0.0880411 6012.64              0.638532 36778 0.233776
7.74              -1118.54 0.170795 5949.51              0.650765 36414.8 -0.290373
7.75              -1186.36 1.53871 5890.8              0.896311 36074.9 -8.80946
7.76              -1255.23 0.179752 5827.33              0.764427 35706.2 -0.290322
7.77              -1326.93 0.180158 5735.14              0.712191 35177 -0.351862
7.78              -1399.23 0.0771846 5677.43              0.731491 34844.1 0.337704
7.79              -1439.98 -8.19582 5645.75              1.6869 34671.7 50.655
7.8              -1521.76 1.56135 5505.46              1.22454 33858.5 -8.16563
7.81              -1585.55 10.5649 5433.02              4.02132 33447.5 -57.0891
7.82              -1654.54 -2.63653 5413.21              0.439557 33311.2 15.701
7.83              -1718.25 -18.0675 5280.29              -3.9496 32567.8 101.559
7.84              -1779.29 -1.00238 5313.79              1.04338 32726.4 7.33699
7.85              -1849.24 2.9723 5241.64              1.13705 32313.5 -16.3901
7.86              -1874.93 8.77088 5184.25              -0.254209 32016.4 -52.1842
7.87              -1973.47 2.3089 5097.27              0.544915 31476.6 -12.9405
7.88              -2055.17 1.97675 5014.6              1.04836 30976.5 -10.7704
7.89              -2086.75 -5.58268 4978.74              0.974797 30772.2 33.3067
7.9              -2177.74 -0.679791 4927.38              0.829623 30467 5.27362
7.91              -2226.69 0.902242 4883.06              1.20548 30204.5 -4.08276
7.92              -2299.23 0.698334 4802.77              1.16839 29722.6 -3.01068
7.93              -2360.66 1.13242 4786.3              1.19389 29624.4 -5.38022
7.94              -2415.52 0.643452 4727.63              1.25017 29268.3 -2.47822
7.95              -2441.58 8.24316 4700.2              1.25087 29116.5 -46.6978
7.96              -2519.83 4.84399 4636.03              1.14135 28736.2 -27.1556
7.97              -2595.67 2.17728 4571.15              1.3034 28350.5 -11.7498
7.98              -2661.8 1.63568 4514.19              1.32202 28014.6 -8.48049
7.99              -2717.38 1.41229 4468.3              1.36183 27740 -7.0926
8              -2772.34 -0.564969 4403.55              1.39909 27358.8 4.70306
8.01              -2837.74 0.98894 4336.9              1.34381 26967.7 -4.50766
8.02              -2894.77 1.14444 4285.83              1.3722 26663.3 -5.43042
8.03              -2952.87 1.31707 4219.47              1.35697 26270.9 -6.4914
8.04              -3010.79 3.27359 4137.63              1.60052 25790.3 -18.8215
8.05              -3066.2 1.71618 4086.13              1.40027 25481.5 -8.95239
8.06              -3123.14 1.65412 4012.58              1.35946 25047.1 -8.54242
8.07              -3171.79 1.63495 3984.17              1.40748 24872.6 -8.34835
8.08              -3222.88 1.72533 3941.71              1.42399 24616.3 -8.8821
8.09              -3254.94 -7.35877 3929.22              2.25338 24545.4 46.982
8.1              -3314.79 0.00391072 3859.3              1.77864 24125.2 1.97066
8.11              -3360.57 4.71112 3826.95              3.14093 23925.6 -25.4087
8.12              -3414.65 2.70299 3723.89              1.33313 23318.1 -14.9566
8.13              -3458.55 0.163372 3719.32              1.3135 23274.6 0.701867
8.14              -3497.34 25.4616 3594.98              8.25999 22567.3 -141.554
8.15              -3561.43 0.779624 3603.21              0.950081 22580.5 -3.72668
8.16              -3605.61 0.415395 3581.13              1.09931 22435.3 -1.38653
8.17              -3632.11 -26.8653 3428.53              -7.00399 21579.3 151.273
8.18              -3688.28 1.08802 3510.72              1.90492 22002.1 -4.31485
8.19              -3732.67 3.01785 3482.16              2.21299 21824.2 -15.844
8.2              -3774.4 3.5116 3438.65              2.13185 21559.8 -18.8224
8.21              -3815.86 3.57634 3389.74              2.07876 21264.3 -19.2147
8.22              -3846.67 5.17265 3355.39              2.01256 21056.9 -29.0057
8.23              -3840.96 13.7601 3351.44              0.525598 21066.3 -82.1166
8.24              -3921.8 4.12011 3261.14              1.76026 20491.9 -23.2448
8.25              -3961.89 4.30104 3224.62              1.83979 20260.7 -24.1085
8.26              -4001.02 3.09991 3181.43              1.09267 20001.5 -17.06
8.27              -4046 3.95511 3135.17              1.97463 19714.9 -21.9877
8.28              -4081.74 3.87354 3094.64              1.97951 19464.5 -21.5069
8.29              -4123.18 3.85948 3036.54              1.95633 19107.5 -21.4321
8.3              -4148.19 3.85696 3007.94              1.93721 18931.9 -21.4438
8.31              -4181.4 3.81731 2966.62              1.88859 18679.6 -21.2754
8.32              -4193.46 -3.20888 2938.96              1.56637 18512.9 20.6859
8.33              -4245.75 2.50479 2885.63              1.67201 18187.6 -13.3029
8.34              -4276.06 3.10438 2845.71              1.67665 17941.4 -17.0338
8.35              -4306.29 3.33505 2812.31              1.6711 17733.2 -18.4663
8.36              -4336.3 3.41132 2781.72              1.6639 17543.7 -18.9322
8.37              -4362.44 3.90217 2752.59              1.77061 17360.1 -21.7566
8.38              -4388.85 3.68141 2722.9              1.70533 17174 -20.598
8.39              -4414.78 3.73526 2697.56              1.69638 17013.8 -20.9712
8.4              -4438.94 3.66796 2672.38              1.66197 16854.1 -20.5816
8.41              -4460.57 4.25473 2647.59              1.64091 16699.5 -24.1868
8.42              -4480.87 3.92251 2616.31              1.62887 16501.2 -22.2527
8.43              -4504.1 3.88402 2589.19              1.62362 16332 -22.0222
8.44              -4523.2 4.07373 2562.45              1.56539 16164.1 -23.2209
8.45              -4541.33 4.0184 2539.86              1.5508 16019.6 -22.8976
8.46              -4560.09 3.97042 2515.84              1.53713 15867.1 -22.6588
8.47              -4577.62 3.99959 2489.7              1.48142 15702.3 -22.9011
8.48              -4593.64 3.98762 2467.92              1.42668 15563.2 -22.8577
8.49              -4607.73 4.00136 2444.9              1.40422 15415.8 -23.0268
8.5              -4622.84 3.83912 2425.66              1.40415 15291.6 -22.0851
8.51              -4639.23 3.82818 2404.8              1.35328 15157.9 -22.116
8.52              -4651.1 3.75792 2385.99              1.31978 15035.9 -21.7547
8.53              -4663.92 3.77387 2368.2              1.31709 14919.9 -21.8763
8.54              -4678.85 3.5331 2348.14              1.2885 14791.5 -20.5064
8.55              -4688.11 3.57056 2328.81              1.24189 14666.4 -20.7796
8.56              -4700.78 3.59745 2309.55              1.20078 14543.5 -20.9844
8.57              -4711.29 3.65683 2286.46              1.14252 14396.9 -21.3876
8.58              -4719.39 3.72965 2266.67              1.08888 14270.1 -21.8641
8.59              -4728.42 3.84551 2246.34              1.04661 14140.2 -22.638
8.6              -4736.71 3.66165 2226.92              0.975942 14015.5 -21.6415
8.61              -4744.4 3.59243 2213.94              0.947065 13929 -21.2695
8.62              -4751.05 3.51194 2196.22              0.88876 13816.1 -20.8899
8.63              -4775.68 9.23918 2145.68              1.00677 13506.5 -55.6789
8.64              -4769.71 4.04261 2136.54              0.69314 13446.6 -24.1128
8.65              -4773.43 3.65266 2119.13              0.606951 13334.9 -21.8068
8.66              -4777.95 3.451 2102.17              0.547271 13225.7 -20.6533
8.67              -4780.44 3.32607 2090.91              0.506724 13151.5 -19.9642
8.68              -4785.1 3.28402 2073.79              0.453987 13041.5 -19.7655
8.69              -4789.08 3.55186 2057.45              0.803559 12934.6 -21.3137
8.7              -4790.71 3.34951 2046.67              0.476567 12863.2 -20.186
8.71              -4793.01 3.79992 2036.97              0.393678 12796.9 -22.9244
8.72              -4792.14 3.30377 2026.78              0.344713 12728.3 -20.0083
8.73              -4815.05 -4.5179 1982.44              0.789887 12442.1 28.1199
8.74              -4791.76 1.90398 2016.93              0.424642 12652 -11.0541
8.75              -4789.18 2.41419 1997.5              0.249351 12532.5 -14.5457
8.76              -4783.64 2.61305 2005.83              0.256105 12572.6 -15.826
8.77              -4778.44 3.15897 2008.76              0.275598 12581.7 -19.159
8.78              -4775.1 3.44516 2006.04              0.746458 12556.5 -20.7669
8.79              -4766.52 3.18437 2008.76              0.35781 12567 -19.1756
8.8              -4757.53 2.79541 2013.33              0.299805 12588 -16.9808
8.81              -4770.3 2.95744 1930.39              -0.215128 12096.3 -18.0382
8.82              -4744.11 2.64218 2004.27              0.287487 12522.3 -16.2916
8.83              -4731.3 1.55581 2020.26              0.307274 12609.9 -9.54919
8.84              -4732.58 2.18257 1972.43              0.363724 12325.1 -13.2137
8.85              -4707.65 1.91462 2026.25              0.510778 12635.9 -11.6133
8.86              -4703.47 7.56972 2026.06              0.0525075 12622.3 -46.4654
8.87              -4681.83 3.25872 2048.41              0.360349 12752.8 -19.9808
8.88              -4670.22 2.60742 2046.85              0.336824 12740.2 -16.0004
8.89              -4658.9 2.27628 2044.29              0.305185 12721.4 -13.9855
8.9              -4646.99 2.1133 2038.71              0.278312 12684.6 -12.9946
8.91              -4634.89 1.47506 2035.45              0.183143 12662.6 -9.04485
8.92              -4619.28 1.40924 2040.64              0.187455 12690.6 -8.64531
8.93              -4603.04 1.53528 2044.12              0.206124 12708 -9.44949
8.94              -4592.72 1.55336 2028.66              0.126809 12615.5 -9.60859
8.95              -4568.56 1.79325 2056.83              0.21964 12777.6 -11.0257
8.96              -4550.76 1.44026 2059.24              0.191935 12790.6 -8.88902
8.97              -4533.48 1.39169 2060.6              0.162021 12797.9 -8.59571
8.98              -4518.22 1.34843 2050.06              0.106243 12734.9 -8.3306
8.99              -4507.33 0.376731 2042.14              0.141905 12686.4 -2.78318
9              -4494 -1.32837 2025.64              -0.102016 12588.8 7.60522
9.01              -4454.87 0.734543 2067.16              0.0138709 12832.7 -4.43247
9.02              -4421.7 0.948124 2122.94              0.0794439 13153.1 -5.78937
9.03              -4401.23 1.04955 2110.85              0.0579251 13085.2 -6.37537
9.04              -4375.1 0.0414093 2112.37              0.174456 13093.6 -0.916351
9.05              -4352.36 1.50152 2114.46              0.279158 13106.5 -8.78023
9.06              -4332.53 2.3192 2113.25              -0.0362172 13101.2 -14.1868
9.07              -4298.25 1.10197 2128.49              0.0502956 13189.1 -6.75219
9.08              -4267.68 0.708965 2133.36              -0.13702 13223.1 -4.39875
9.09              -4239.51 0.964684 2148.31              -0.0442002 13308.9 -5.83282
9.1              -4209.68 -3.33173 2169.29              0.223879 13424.5 20.4926
9.11              -4161.26 -0.280064 2202.46              0.0392794 13627.5 1.91543
9.12              -4121.6 -2.84137 2246.97              -0.351795 13885.8 15.7289
9.13              -4085.09 -0.870995 2277.23              -0.0717627 14061.4 4.92775
9.14              -4108.81 -0.602644 2123.15              -0.837351 13167.2 3.15939
9.15              -4029.53 -0.929032 2271.89              0.0779072 14032 5.66695
9.16              -4034.1 -0.0351666 2161.59              -0.0469593 13396.2 0.349146
9.17              -3968.3 3.00088 2278.37              -0.0772384 14068.3 -18.0432
9.18              -3915.44 0.777299 2346.25              0.123898 14463.5 -4.37501
9.19              -3868.79 0.394333 2396.77              0.173718 14757.1 -1.96013
9.2              -3827.93 0.0265374 2423              0.143978 14908.7 0.384163
9.21              -3785.52 0.206461 2455.03              0.177882 15094.2 -0.70637
9.22              -3751.6 0.155276 2465.28              0.115601 15153.7 -0.435306
9.23              -3706.57 0.423101 2501.26              0.156721 15361 -1.95767
9.24              -3666.31 0.0219506 2523.48              0.132508 15490.1 0.4093
9.25              -3639.93 -1.08125 2523.73              0.180071 15490.2 6.66775
9.26              -3613.52 -3.09526 2512.69              -0.0474389 15426 18.5989
9.27              -3554.87 0.473826 2552.01              -0.048188 15658.4 -1.87441
9.28              -3510.33 0.680121 2595.78              -0.0995299 15901.4 -3.189
9.29              -3472.73 -0.579275 2589.07              0.0661112 15869.4 3.66808
9.3              -3435.25 1.087 2593.02              0.230214 15895 -5.29538
9.31              -3416.2 2.8936 2571.09              -0.528468 15769.7 -16.0473
9.32              -3356.85 -0.888921 2581.05              -0.0781352 15834.5 5.44208
9.33              -3317.54 -0.503505 2598.34              -0.281974 15935.4 3.42453
9.34              -3295.65 -5.61003 2535.53              0.209448 15570.9 34.0929
9.35              -3224.64 0.811227 2640.84              -0.674349 16187.2 -4.24402
9.36              -3189.99 22.8743 2759.48              6.1539 16832.5 -124.96
9.37              -3184.43 -16.4913 2651.53              -5.89264 16226.2 90.5073
9.38              -3077.92 -3.95634 2756.09              -0.860921 16851.4 22.8598
9.39              -3051.74 -3.79524 2713.25              -1.66639 16610.4 21.6294
9.4              -2973.47 3.27741 2826.49              -0.896272 17255.6 -19.6697
9.41              -2903.28 -1.65763 2917.36              -0.0796066 17784.2 10.4037
9.42              -2855.02 -1.95259 2941.29              -0.111755 17921.7 12.3886
9.43              -2804.17 -1.5473 2982.05              -0.0710071 18156.4 10.0615
9.44              -2754.76 -1.11548 3012.15              -0.0502989 18330.7 7.44553
9.45              -2715.58 -0.391168 3018.89              -0.0906633 18372 3.2003
9.46              -2689.26 -1.12122 2974.63              -0.210632 18124.2 7.35346
9.47              -2659.48 -3.16462 2973.64              -0.0642817 18119 18.7156
9.48              -2635.87 -7.13357 2964.72              -0.272551 18072.3 41.4073
9.49              -2538.23 0.0345231 3061.31              -0.447013 18617.4 0.999111
9.5              -2489.53 -0.747809 3069.68              -0.271352 18678 4.99141
9.51              -2454.21 1.04343 3072.04              0.279515 18697.5 -4.37525
9.52              -2445.89 6.01669 3036.68              -1.04293 18498.5 -32.6663
9.53              -2362.14 -1.54385 3064.12              0.023246 18670 9.25825
9.54              -2349.54 -9.49046 3028.59              0.373806 18443.5 56.5699
9.55              -2257.82 -1.3 3099.88              -0.535238 18893.2 8.22326
9.56              -2243.14 41.9989 3284.69              10.771 19879.4 -227.779
9.57              -2177.93 6.9983 3158.42              0.0924711 19224.8 -37.479
9.58              -2124.06 -33.8644 3336.97              -10.5107 20207.6 184.612
9.59              -2074.41 -12.9315 3255.8              -3.99813 19781 71.7585
9.6              -2019.71 2.64145 3273.42              -2.18156 19885.4 -17.4814
9.61              -1945.57 -3.99479 3348.44              -0.595291 20329 22.9963
9.62              -1899.31 -4.139 3363.59              -0.498271 20421.3 24.4161
9.63              -1843.55 -3.42593 3407.99              -0.380596 20676.4 20.3692
9.64              -1799.45 -2.65787 3435.95              -0.344323 20842.2 15.7684
9.65              -1741.98 -1.55362 3484.15              -0.299428 21116.5 9.46351
9.66              -1693.62 -2.31839 3505.2              -0.306828 21241.9 13.8167
9.67              -1634.33 -4.8285 3613.34              0.029469 21848.4 27.8298
9.68              -1601.37 -9.53448 3648.32              -0.108724 22047.5 54.2271
9.69              -1477.5 -1.6946 3798.27              -0.348561 22890.8 10.8293
9.7              -1445.97 -3.24455 3771.93              -0.225942 22757 18.8856
9.71              -1399.78 -0.451007 3777.53              0.0251882 22799.4 3.83116
9.72              -1399.06 5.768 3726.24              -0.673815 22515 -31.2246
9.73              -1311.66 -1.60092 3780.43              0.168694 22838.8 9.33379
9.74              -1307.78 -9.91103 3755.45              0.427489 22681.9 58.5462
9.75              -1205.38 -1.66332 3837.15              -0.634728 23181.8 9.85413
9.76              -1178.65 39.1603 4046.18              10.1461 24305 -210.688
9.77              -1134.51 -29.1982 4036.24              -8.67639 24270.8 158.301
9.78              -1051.6 -6.29259 4041.1              -1.40604 24336 35.1872
9.79              -1010.92 0.96489 4045.01              -3.21719 24351.6 -8.4083
9.8              -925.782 -3.98763 4147.15              -0.662283 24948.7 22.618
9.81              -862.091 -3.48783 4202.88              -0.356285 25263.1 20.1553
9.82              -821.27 -3.95246 4240.61              -0.369003 25487.4 23.1591
9.83              -763.215 -3.01394 4294.79              -0.253901 25795.1 17.6216
9.84              -717.5 -1.75797 4326.44              -0.291419 25976.5 10.392
9.85              -645.359 -2.78368 4420.88              -0.197497 26508.4 16.251
9.86              -606.211 -2.64322 4433.5              -0.275071 26588.8 15.3864
9.87              -623.912 -12.2981 4424.62              0.112914 26534.8 68.2676
9.88              -499.643 -1.88301 4513.76              -0.560418 27047.9 11.4919
9.89              -454.551 -1.90038 4567.83              -0.46307 27350.6 11.3251
9.9              -394.48 -3.36235 4616.44              -0.300761 27630.3 19.0689
9.91              -385.769 6.57884 4610.14              -0.497266 27602.5 -34.807
9.92              -270.141 -2.56448 4746.94              -0.284965 28378.4 14.3095
9.93              -203.345 -1.99692 4816.56              0.128422 28770.4 11.4858
9.94              -194.057 -9.62943 4854.89              0.292265 28970.6 55.9258
9.95              -96.9423 -2.9038 4925.19              -0.408704 29393.7 16.5544
9.96              -59.6766 37.3371 5142.14              9.89043 30557 -199.152
9.97              -15.5479 4.82772 5006.19              0.499893 29856.3 -25.1422
9.98              38.6603 -35.6673 5212.05              -9.46476 30971.7 191.873
9.99              99.2679 -12.1477 5166.07              -3.16992 30754.2 65.8994
10              151.911 2.57993 5228.68              -1.66603 31099.2 -16.942
10.01              222.917 -3.54473 5309.46              -0.233574 31567.1 19.6954
10.02              272.956 -3.19971 5360.75              -0.0783433 31860.6 18.0465
10.03              325.25 -3.69221 5391.43              -0.115074 32038.3 21.2004
10.04              358.988 -2.55384 5403.81              -0.112362 32119.1 14.4678
10.05              420.483 -1.40994 5474.87              -0.0832555 32513.3 8.0455
10.06              474.632 -2.31445 5534.06              -0.0781239 32849.9 13.0821
10.07              502.682 -2.06998 5506.44              -0.202684 32712.2 11.6125
10.08              504.773 -11.3399 5546.98              0.324503 32926.7 61.8395
10.09              625.398 -2.0647 5673.07              -0.219424 33639.6 12.0935
10.1              696.797 -1.29 5772.77              -0.265573 34185.2 7.67616
10.11              741.099 -1.79035 5830.91              -0.147025 34521.4 10.1489
10.12              799.313 -0.0804879 5882.4              0.76637 34805.9 1.54963
10.13              814.861 4.50432 5909.11              -0.798441 34959.1 -23.9584
10.14              906.048 -1.74576 6003.11              -0.0643728 35493.1 9.53897
10.15              969.084 -1.55385 6074.16              0.14862 35890.7 8.71552
10.16              1013.99 -2.72162 6144.74              -0.36959 36281.6 16.2523
10.17              1079.45 -1.4639 6192.68              -0.104654 36558.7 8.19171
10.18              1125.3 -0.179323 6286.14              -0.255357 37080.2 1.01457
10.19              1184.87 31.1651 6442.09              7.91074 37914.7 -165.014
10.2              1230.19 -24.8472 6493.19              -6.42692 38203.7 131.929
10.21              1283.22 -5.44473 6474.75              -0.712939 38130.1 29.7167
10.22              1335.65 -6.30266 6501.13              -1.46219 38288.9 34.0729
10.23              1375.24 4.51569 6543.53              -1.03523 38518.1 -26.9891
10.24              1438.49 -1.54046 6643.56              0.02476 39086.7 8.50205
10.25              1498.63 -1.58326 6690.84              0.110229 39349.1 8.97759
10.26              1546.94 -1.7955 6739.98              0.0882669 39628.9 10.2795
10.27              1592.25 -1.68889 6807.97              0.117101 40008.8 9.76457
10.28              1655.53 -1.23746 6878.04              0.168895 40392.5 7.16276
10.29              1701.16 -1.09741 6915.2              0.169052 40604.5 6.36125
10.3              1752.48 -0.249327 6983.95              0.144229 40984.9 1.64394
10.31              1805.11 -0.923823 7039.85              0.181555 41298.3 5.35658
10.32              1839.23 -0.888165 7017.5              0.113024 41187.1 5.11582
10.33              1881.43 -3.038 7092.02              0.373297 41595.3 16.6644
10.34              1907.03 -7.05549 7107.37              0.291483 41686 38.4323
10.35              2017.45 -0.674312 7255.59              0.0413985 42498.3 4.25144
10.36              2068.56 -0.458917 7318.07              0.155758 42847.5 2.95395
10.37              2128.64 -0.292879 7425.92              0.234169 43440.4 1.9958
10.38              2178.24 -0.488312 7472.41              0.218655 43701.6 3.0422
10.39              2223.51 1.38768 7520.72              0.593045 43970.9 -6.91742
10.4              2226.18 6.1723 7506.66              -0.252178 43895.4 -32.9088
10.41              2308.58 0.258257 7593.97              0.298891 44384.6 -1.48093
10.42              2355.09 0.338628 7648.07              0.463834 44685.7 -1.77088
10.43              2395.86 0.909715 7676.09              0.282444 44847.3 -4.91696
10.44              2428.98 -3.8747 7693.69              0.446727 44942.9 22.3755
10.45              2490.83 -0.637024 7784.12              0.374338 45447.1 3.66395
10.46              2547.77 0.674088 7866.24              0.273729 45900 -3.76107
10.47              2595.23 1.49851 7923.84              0.257312 46216.1 -8.30027
10.48              2638.62 25.2546 8049.48              6.22164 46891.8 -133.077
10.49              2690.88 5.56143 8051.01              1.12388 46919 -29.5105
10.5              2733.53 -21.0603 8179.45              -4.94457 47610.2 110.604
10.51              2782.97 -2.40187 8171.97              -0.388488 47586.3 12.2676
10.52              2825.83 -0.399191 8205.75              0.141978 47777.9 1.95997
10.53              2864.11 -1.98852 8228.64              -0.389433 47910.3 10.2096
10.54              2911.57 0.341896 8282.36              0.299704 48211.4 -2.12981
10.55              2935.84 6.76045 8287.07              -0.119284 48235 -38.8271
10.56              2977 1.26357 8285.71              0.457182 48249.2 -7.18017
10.57              3023.36 1.04864 8351.18              0.487302 48610.4 -5.83949
10.58              3064 1.10213 8378.09              0.475786 48763.8 -6.10505
10.59              3099.73 1.0857 8404.34              0.440621 48915.2 -5.99969
10.6              3107.19 0.987792 8295.48              0.28321 48347.3 -5.5761
10.61              3173.75 0.962042 8482.98              0.373929 49357.6 -5.2421
10.62              3195.72 0.864606 8433.38              0.262246 49104.7 -4.79496
10.63              3237.61 1.15684 8493.92              0.286298 49438.2 -6.43767
10.64              3257.58 1.05682 8433.57              0.168432 49126.7 -5.97939
10.65              3304.73 1.18724 8535.09              0.215186 49678.9 -6.65949
10.66              3353.79 1.33481 8643.61              0.269225 50266.2 -7.41912
10.67              3388.22 1.35274 8672.24              0.238863 50429.5 -7.52916
10.68              3422.29 1.33061 8698.76              0.201236 50581.4 -7.43853
10.69              3456.34 1.86312 8739.21              0.156345 50805.8 -10.3741
10.7              3488.35 1.48157 8763.03              0.12662 50944.4 -8.32623
10.71              3517.2 1.38322 8768.08              0.070649 50981.8 -7.81276
10.72              3556.72 1.41918 8852.35              0.0887167 51441.3 -8.00918
10.73              3555.49 1.07576 8682.16              -0.143534 50549.6 -6.23226
10.74              3605.47 1.26071 8819.54              -0.0419666 51289.4 -7.18479
10.75              3601.58 0.808247 8632.33              -0.306 50308.8 -4.84791
10.76              3653.7 1.07903 8773.93              -0.185019 51069.4 -6.25148
10.77              3675.97 0.923112 8753.39              -0.284784 50972.3 -5.42093
10.78              3710.71 1.04131 8802.22              -0.275014 51242.4 -6.06649
10.79              3761.58 1.34252 8975.59              -0.147752 52172.1 -7.64802
10.8              3755.75 0.864206 8794.71              -0.374487 51226.4 -5.22234
10.81              3831 1.39623 9157.93              -0.0123813 53161.4 -7.91482
10.82              3814.3 0.769552 8866.1              -0.477581 51631.6 -4.61258
10.83              3896.33 1.62851 9283.52              -0.021903 53850.3 -9.14944
10.84              3876.95 0.894274 8984.14              -0.496398 52280.5 -5.30694
10.85              3947.63 1.62927 9356.95              -0.081632 54264.6 -9.15479
10.86              3928.48 0.979719 9072.46              -0.522082 52773.1 -5.81906
10.87              3986.47 1.56791 9383.56              -0.168125 54430.2 -8.88577
10.88              3973.87 1.02807 9115.39              -0.569315 53024.4 -6.11274
10.89              4020.78 1.40779 9353.18              -0.306288 54293.5 -8.08102
10.9              4028.8 1.21068 9262.98              -0.479065 53828.6 -7.11885
10.91              4059.24 1.29868 9380.86              -0.39162 54463.7 -7.56321
10.92              4069.03 1.14237 9324.2              -0.507433 54176.6 -6.78243
10.93              4097.19 1.23866 9429.78              -0.420579 54746.4 -7.28123
10.94              4107.52 1.06171 9379.18              -0.512735 54490.2 -6.36351
10.95              4145.74 1.28779 9594.63              -0.312067 55641.3 -7.51448
10.96              4142.28 0.898338 9448.67              -0.568704 54881.9 -5.50667
10.97              4166.19 0.95966 9543.06              -0.48118 55392.1 -5.80652
10.98              4171.41 0.826383 9479.46              -0.585855 55067.1 -5.14919
10.99              4193.33 0.845273 9571.37              -0.517749 55564.6 -5.21809
11              4183.17 -1.27917 9496.28              -0.454024 55172.9 6.04933
11.01              4216.27 0.181913 9598.29              -0.560305 55727.8 -1.53372
11.02              4221 0.296245 9538.99              -0.656504 55425.2 -2.27188
11.03              4250.77 0.500586 9715.29              -0.506928 56368.7 -3.28358
11.04              4243.65 0.213117 9555.96              -0.735467 55536.3 -1.87346
11.05              4262.69 0.276186 9652.65              -0.646258 56059.6 -2.13049
11.06              4264.31 0.250712 9579.23              -0.725819 55681 -2.08742
11.07              4281.37 0.0879648 9670.8              -0.672731 56176.8 -1.07471
11.08              4282.06 0.1592 9601.5              -0.747347 55820.6 -1.54552
11.09              4297.38 0.0129459 9681.49              -0.704868 56254 -0.662044
11.1              4291.57 0.924296 9597.2              -0.853207 55815.8 -5.76797
11.11              4308.62 -0.00105488 9690.28              -0.731599 56320.8 -0.649555
11.12              4307.27 -0.130403 9616.54              -0.825447 55940.3 0.00894884
11.13              4320.69 -0.411968 9688.94              -0.810312 56334.9 1.63779
11.14              4319.59 -0.357198 9626.36              -0.846122 56012.2 1.27953
11.15              4331.13 -0.649239 9710.21              -0.823425 56467.6 2.98332
11.16              4326.48 -0.551007 9627.35              -0.885228 56037.4 2.35817
11.17              4339.1 -1.03806 9728.22              -0.822845 56582.3 5.24737
11.18              4333.3 -1.12209 9640.95              -0.927887 56128.5 5.7224
11.19              4344.15 -1.18979 9725.75              -0.871414 56588.9 6.10984
11.2              4336.77 -0.963397 9639.3              -0.914557 56138.3 4.75462
11.21              4347.92 -1.39112 9733.55              -0.888364 56649.5 7.19919
11.22              4337.08 -1.08519 9609.72              -1.00289 56000.4 5.38889
11.23              4320.86 -1.88056 9464.21              -1.24679 55235.8 9.76856
11.24              4342.75 3.95163 9727.6              -1.43099 56635.6 -23.1018
11.25              4316.6 -0.913131 9471.11              -1.53753 55284.4 4.05592
11.26              4358.08 -3.93337 9834.03              -1.95908 57226.5 20.199
11.27              4356.54 -2.10242 9852.97              -0.912589 57338.2 11.4024
11.28              4326.42 -1.26886 9560.26              -1.10131 55789.5 6.5969
11.29              4353.84 -88.1582 10038.3              -15.0002 58328.4 460.963
11.3              4328.27 -10.7811 9636.93              -1.87429 56215.9 57.0012
11.31              4346.33 -2.1522 9793.92              -0.247135 57064.9 11.8935
11.32              4318.96 85.7928 9895.91              14.8713 57584.3 -448.192
11.33              4333.72 7.72029 9798.85              0.358629 57106.8 -40.9174
11.34              4295.58 0.238735 9492.66              -0.953418 55478.7 -1.47793
11.35              4298.13 -5.1744 9705.28              -0.644953 56600 29.0161
11.36              4271.98 -2.67776 9455.2              -1.43972 55285.6 14.5907
11.37              4302.33 -0.931753 9705.94              -0.313059 56640.1 5.05088
11.38              4258.32 -3.21832 9472.22              -0.91261 55380.6 17.6577
11.39              4272.9 1.21252 9744.48              -1.01999 56855.3 -5.75028
11.4              4244.39 -2.64404 9505.01              -1.38536 55580.8 14.0842
11.41              4264.97 -1.70428 9684.21              -0.809382 56554.3 9.61396
11.42              4224.86 -3.6249 9460.74              -1.03123 55357.2 19.4669
11.43              4237.32 -2.90105 9605.89              -0.922495 56151 15.9664
11.44              4214.66 -2.73125 9446.34              -1.22768 55301 14.7733
11.45              4216.93 -2.49263 9592.07              -0.917424 56094.6 13.7656
11.46              4187.62 -5.4633 9624.3              -0.83594 56269.5 30.0862
11.47              4181.61 -4.00949 9602.34              -0.959681 56162.6 22.5053
11.48              4179.27 -3.11138 9658.34              -0.849852 56472.9 17.5808
11.49              4152.23 -3.17063 9578.52              -0.952644 56051.7 17.9196
11.5              4106.39 -2.86911 9369.84              -1.23226 54935.1 16.0837
11.51              4116.96 -2.56288 9519.42              -0.886282 55753.7 14.6134
11.52              4064.68 -3.22344 9285.36              -1.25389 54497.7 18.1491
11.53              4076.31 -2.65179 9474.49              -0.83965 55528.1 15.3521
11.54              4024.11 -3.13029 9254.69              -1.18513 54348.7 17.7543
11.55              4028.78 -2.44039 9396.22              -0.867506 55124.4 14.0829
11.56              3941.86 -3.64961 8968.89              -1.53726 52820 20.4826
11.57              3994.15 1.44012 9460.46              -1.54239 55479.1 -8.0094
11.58              3919.94 -11.1817 9149.62              -3.57565 53805 60.7869
11.59              3947.05 -95.0157 9663.79              -15.8305 56576.8 502.275
11.6              3861.21 -15.243 9038.76              -2.46885 53227.3 82.4669
11.61              3911.9 93.7779 9812.69              16.9817 57391.4 -492.656
11.62              3788.15 7.49504 8944.53              0.0518932 52728.5 -39.2597
11.63              3828.96 -1.20033 9314.1              -0.0829907 54737 8.91182
11.64              3740.09 -1.92704 8908.65              -1.23135 52550.5 11.3675
11.65              3766.36 0.0179185 9229.14              0.256664 54303.5 1.05798
11.66              3662.59 0.372818 8888.07              -1.0012 52438.1 -0.687221
11.67              3695.95 -1.47061 9157.03              -0.525918 53925.7 9.37304
11.68              3616.35 -4.35411 8855.39              -0.827905 52282.2 24.5983
11.69              3623.93 -3.26177 9045.91              -0.605052 53338.7 19.1533
11.7              3549.28 -2.78725 8811.83              -1.05663 52063.4 15.9038
11.71              3570.48 -5.07163 9177.29              -0.428543 54065.7 29.619
11.72              3481.75 -4.84158 8815.33              -1.00688 52101.1 27.944
11.73              3520.06 -2.71455 9206.8              -0.197732 54248.8 16.6599
11.74              3394.82 -3.31452 8669.59              -1.21339 51323.2 19.2621
11.75              3413.84 -2.47958 8944.98              -0.497549 52841.8 15.1143
11.76              3275 -4.23571 8330.39              -1.62213 49486.8 24.2519
11.77              3358.49 -2.51843 8975.76              -0.152529 53029.7 15.9679
11.78              3197.83 -4.15867 8282.72              -1.53782 49240.9 23.9521
11.79              3270.46 -1.87986 8865.61              -0.115396 52449 12.1229
11.8              3090.22 -0.841197 8142.15              -3.12539 48464.2 4.06793
11.81              3219.72 -10.3243 9051.21              -2.46261 53474.5 57.3909
11.82              3056.91 -101.018 8591.62              -17.4765 50921.5 539.436
11.83              3095.76 90.2999 9192.4              17.7912 54205.9 -477.886
11.84              2960.64 5.44612 8275.25              -0.0661403 49236.9 -28.0708
11.85              2978.04 -2.80233 8589.39              -0.169799 50965.3 18.3847
11.86              2871.72 -2.31832 8183.08              -1.05252 48743.6 13.9654
11.87              2878.39 0.06819 8476.18              1.45234 50354.1 1.57233
11.88              2737.08 0.660326 7982.48              -1.29357 47642.1 -2.51892
11.89              2809.94 -1.0666 8513.85              0.450933 50591.6 7.99248
11.9              2629.52 -4.7684 7761.81              -1.33345 46438.3 27.2433
11.91              2741.78 -1.37385 8515.86              0.469815 50615.1 9.61564
11.92              2529.78 -6.83636 7693.02              -1.74658 46067.6 39.073
11.93              2658.45 -2.89306 8606.42              0.936077 51134.9 18.6654
11.94              2486.31 -3.96089 7909.12              -1.05107 47281.4 23.3077
11.95              2539.84 -1.20578 8439.77              0.446594 50228.5 8.76703
11.96              2350.92 -3.87974 7624.11              -1.53138 45718.6 22.4001
11.97              2442.24 -1.85831 8369.96              0.623141 49862.4 12.8409
11.98              2245.78 -3.91303 7552.03              -1.51742 45330.4 22.7444
11.99              2340.24 -1.3078 8301.93              0.735305 49504.1 9.64388
12              2120.95 1.02701 7403.87              -2.23828 44510.7 -6.47987
12.01              2263.03 -12.3621 8508.06              -2.92849 50640.8 69.6232
12.02              2062.38 -97.1152 7858.43              -16.8455 47006.4 523.668
12.03              2151.96 93.2962 8798.42              20.2338 52210.4 -497.983
12.04              1963.82 7.14544 7659.06              0.544184 45953.5 -37.5952
12.05              2040.83 0.92286 8255.38              1.38022 49295.6 -2.60074
12.06              1840.18 -2.69534 7505.9              -0.76958 45101.6 16.6859
12.07              1906.42 0.765054 8134.91              2.71494 48612.3 -1.50144
12.08              1735.86 0.069512 7492.57              -0.598252 45039.3 1.00449
12.09              1804.28 -1.10739 8094.33              1.30668 48412.1 8.82779
12.1              1619.72 -2.81031 7332.09              -0.585419 44151.3 16.9437
12.11              1690.69 -0.851502 7987.82              1.0067 47819.6 7.04578
12.12              1497.36 -3.37051 7213.94              -0.93019 43497.3 20.0932
12.13              1619.93 -2.1097 8209.5              1.71739 49077.7 15.0519
12.14              1382.54 -2.50324 7122.7              -1.01122 43002.4 15.0752
12.15              1499.58 -0.718038 8070.34              1.50148 48313.3 6.87381
12.16              1270 -2.0147 7025.53              -1.03607 42468.7 12.1149
12.17              1401.23 -1.41342 8080.07              1.70482 48383.1 11.2557
12.18              1143.31 -2.02944 6863.87              -1.26479 41567.4 12.0469
12.19              1301.15 -0.739374 8075.17              1.9899 48370.8 7.3091
12.2              991.05 -1.45512 6633.72              -2.82632 40269.1 7.91238
12.21              1202.41 -8.80516 8158.8              -0.475597 48843 51.2737
12.22              925.189 -71.1926 7007.01              -13.8163 42345.9 387.233
12.23              1080.13 66.4682 8325              16.561 49742.9 -357.14
12.24              793.182 5.53751 6669.94              -0.135477 40488.1 -30.0041
12.25              961.41 0.371916 7909.51              2.89737 47473.6 1.68457
12.26              704.202 0.673685 6724.91              0.290681 40797.4 -3.01936
12.27              813.419 -0.111558 7662.09              2.24846 46086.1 3.39844
12.28              656.843 -1.71899 7057.48              -0.106956 42675.3 11.2144
12.29              674.741 -0.787056 7421.64              1.68044 44730.9 6.2803
12.3              642.597 -0.69314 7539.39              1.57112 45402 6.02805
12.31              622.615 0.177216 7789.89              2.00242 46804.2 1.30944
12.32              499.947 1.74644 7269.05              0.866901 43871.9 -8.29341
12.33              490.408 0.813916 7594.15              1.70916 45714.2 -2.49438
12.34              399.277 -0.011805 7359.13              1.26482 44387.6 1.84459
12.35              352.132 -0.708212 7367.38              1.4208 44435.7 5.99067
12.36              290.37 -0.094475 7303.24              1.36106 44077.4 2.33369
12.37              238.265 0.817599 7285.23              1.52681 43975.7 -3.28764
12.38              177.353 0.194242 7235.84              1.43798 43699.1 0.599139
12.39              131.454 0.308405 7250.73              1.55624 43785.4 0.0134493
12.4              80.2717 -5.45135 7202.78              1.76401 43523.7 34.7035
12.41              7.10533 -1.24969 7040.73              0.681255 42603.5 7.91631
12.42              -52.0133 -14.2272 7011.56              -1.29522 42437.7 80.0125
12.43              -114.269 -3.64514 6909.21              0.924918 41860.1 21.5871
12.44              -172.616 8.70074 6823.87              3.52766 41374.9 -45.4067
12.45              -226.098 6.88022 6745.62              2.3347 40936.3 -37.5013
12.46              -252.141 9.60313 6696.92              0.541879 40700.6 -55.4425
12.47              -345.624 4.05452 6597.59              1.58075 40103.4 -22.3557
12.48              -418.822 2.69902 6507.97              1.60726 39577.7 -14.5118
12.49              -448.312 -6.42745 6470.77              1.1432 39378 37.6258
12.5              -520.618 0.0431261 6395.17              1.56528 38940.9 0.67484
12.51              -585.861 0.64988 6335.31              1.39055 38601.8 -2.56838
12.52              -643.672 0.679856 6286.59              1.49149 38311.2 -2.81673
12.53              -668.789 8.1646 6240.2              1.38246 38061.2 -45.6314
12.54              -734.569 5.12484 6193.65              1.37489 37797 -28.5968
12.55              -814.125 2.5656 6150.95              1.59725 37551.6 -14.0424
12.56              -862.598 2.09459 6110.7              1.68708 37317.4 -11.2936
12.57              -912.639 0.0738588 6082.45              1.80904 37156.9 0.645577
12.58              -973.038 1.51679 6035.6              1.79894 36889.5 -7.80375
12.59              -1031.36 2.46435 5982.43              1.95161 36585.6 -13.6903
12.6              -1088.18 2.69041 5930.08              2.01152 36286.2 -15.0989
12.61              -1148.61 1.99252 5851.66              1.89129 35839.2 -10.7382
12.62              -1204.5 2.0253 5798.65              1.90858 35536.1 -10.9196
12.63              -1238.92 -6.96794 5788.45              2.92021 35494.8 43.8454
12.64              -1305.85 3.66802 5678.59              2.56723 34859.4 -20.0649
12.65              -1358.76 14.4085 5601.49              5.77836 34428.2 -78.709
12.66              -1422.18 -0.759159 5593.75              1.58271 34365.2 4.82166
12.67              -1470.97 -19.4224 5468.21              -3.33447 33671.5 108.736
12.68              -1529.95 0.971279 5510.7              2.40155 33886 -4.02598
12.69              -1580.98 5.22848 5456.49              2.50578 33576.4 -29.452
12.7              -1596.2 13.7141 5436.15              0.948612 33504.4 -81.2721
12.71              -1691.4 3.02847 5342.89              1.82996 32931.9 -17.2269
12.72              -1768.66 4.24881 5261.83              2.39424 32443 -24.1089
12.73              -1791.74 -4.3069 5241.68              2.3426 32336.4 25.5756
12.74              -1881.18 1.33135 5185.08              2.09473 32004.5 -6.67471
12.75              -1918.6 3.60942 5145.88              2.58967 31774.2 -19.8714
12.76              -1994.76 2.95306 5048.26              2.56323 31200.3 -16.5717
12.77              -2054.1 3.63911 5011.98              2.49512 30996.3 -20.2695
12.78              -2112.57 2.96319 4949.64              2.56717 30613 -16.2899
12.79              -2167.81 3.69494 4917.56              2.52412 30436 -20.4733
12.8              -2180.55 13.0072 4840.22              2.48791 29995.3 -74.7286
12.81              -2250.71 8.348 4828.12              2.47997 29920.8 -47.9966
12.82              -2338.03 5.09697 4735.55              2.64802 29377.9 -29.3021
12.83              -2383.53 4.59394 4726.72              2.76334 29318.2 -26.1791
12.84              -2441.2 2.25552 4670.78              2.79587 28994.9 -12.2482
12.85              -2497.91 3.93708 4587.07              2.69412 28503.9 -22.2182
12.86              -2557.83 4.13969 4529.12              2.70348 28165.9 -23.4244
12.87              -2604.05 4.29226 4480.68              2.71687 27876.3 -24.3415
12.88              -2664.58 6.71675 4394.95              2.98406 27378.9 -39.6131
12.89              -2718.31 4.75254 4320.43              2.66053 26939.6 -27.2331
12.9              -2779.19 4.73525 4235.21              2.57684 26442.9 -27.1403
12.91              -2823.18 4.77243 4191.39              2.58012 26180 -27.2995
12.92              -2881.64 4.9171 4137.23              2.54391 25863.5 -28.1813
12.93              -2905.5 -5.33123 4142.84              3.42402 25900.1 34.8353
12.94              -2964.51 3.13801 4084.47              2.97755 25547.5 -16.8826
12.95              -3002.55 8.84766 4087.98              4.83079 25558.9 -49.7684
12.96              -3052.87 6.19932 3988.73              2.55577 24971.9 -35.9041
12.97              -3106.71 4.93157 3977.71              2.54483 24897.5 -28.04
12.98              -3133.59 33.0341 3869.41              11.0493 24292.2 -184.591
12.99              -3193.88 3.72809 3907.18              2.18107 24470.5 -21.3126
13              -3236.95 3.68987 3867.1              2.26817 24222.9 -20.9332
13.01              -3272.01 -30.1774 3670.12              -7.95501 23122.1 168.716
13.02              -3336.98 4.94527 3739.17              2.98196 23464 -27.1749
13.03              -3382.25 6.93155 3710.94              3.22747 23288.9 -39.1563
13.04              -3424.74 7.41386 3670.74              3.15443 23044.8 -42.0475
13.05              -3470.25 7.51308 3626.03              3.06277 22775.9 -42.6518
13.06              -3499.57 9.31705 3592.74              2.98202 22575.1 -53.6633
13.07              -3485.88 18.4179 3617.67              1.45051 22760.7 -109.899
13.08              -3578.37 7.81606 3504.46              2.67111 22048.6 -45.2011
13.09              -3619.05 8.02919 3470.07              2.74404 21831.2 -46.2552
13.1              -3656.55 6.55627 3428.68              1.76747 21584.5 -37.5838
13.11              -3698.82 7.68402 3388.42              2.87725 21331.8 -44.1173
13.12              -3737.73 7.50023 3348.99              2.85553 21090.7 -43.0065
13.13              -3782.22 7.40346 3288.95              2.81085 20722.4 -42.4368
13.14              -3813.09 7.34254 3263.57              2.76629 20568.9 -42.082
13.15              -3848.43 7.31414 3219.48              2.73687 20300.1 -41.9385
13.16              -3854.92 -1.56791 3188.67              2.33352 20115.4 10.731
13.17              -3915.56 5.66491 3136.47              2.45325 19795.8 -31.8894
13.18              -3949 6.37379 3093.02              2.43114 19529.3 -36.2634
13.19              -3984.6 6.48119 3051.92              2.3544 19277.3 -36.9894
13.2              -4017.44 6.61474 3005.35              2.29425 18994.4 -37.7909
13.21              -4049.41 7.04702 2957.75              2.29955 18704 -40.3215
13.22              -4080.18 6.99149 2921.27              2.22896 18479.4 -40.1062
13.23              -4106.97 6.89306 2888.33              2.15741 18273.7 -39.5687
13.24              -4136.32 6.89784 2857.36              2.10141 18081 -39.6275
13.25              -4157.63 7.45248 2832.24              2.02453 17922.8 -42.963
13.26              -4188.76 7.037 2799.73              2.03015 17718.5 -40.505
13.27              -4215.86 6.91776 2768.64              1.99172 17523.8 -39.7627
13.28              -4241.35 7.0593 2737.83              1.93242 17330.9 -40.6302
13.29              -4266.06 6.96637 2714.56              1.89955 17181.9 -40.0874
13.3              -4291.09 6.89272 2691.88              1.86259 17037 -39.67
13.31              -4313.03 6.71766 2660.6              1.82559 16840 -38.7071
13.32              -4334.07 6.52215 2630.09              1.69506 16648.4 -37.6055
13.33              -4354.55 6.34741 2607.33              1.68248 16502.7 -36.6621
13.34              -4371.67 6.12112 2584.56              1.64079 16356.1 -35.3721
13.35              -4389 6.03091 2559.79              1.54139 16197.7 -34.9102
13.36              -4405.09 5.88111 2537.32              1.45537 16053.8 -33.997
13.37              -4418.21 5.84341 2519.22              1.4137 15933.8 -33.7873
13.38              -4434.32 5.43464 2497.56              1.38727 15793.1 -31.3696
13.39              -4447.97 5.60054 2473.27              1.25712 15637.3 -32.4255
13.4              -4463.11 5.51644 2453.54              1.16496 15508.4 -31.9855
13.41              -4477.07 5.47545 2431.37              1.09759 15364.4 -31.7845
13.42              -4490.85 5.34749 2413.51              1.04256 15246.7 -31.0811
13.43              -4503.22 5.30303 2397.18              0.968748 15137.9 -30.8627
13.44              -4516.43 5.1836 2377.83              0.878997 15011 -30.2073
13.45              -4528 5.0514 2359.76              0.797118 14892.2 -29.4133
13.46              -4537.89 4.89681 2342.72              0.746319 14779.2 -28.5698
13.47              -4570.46 11.8396 2294.74              0.940447 14481.3 -70.6297
13.48              -4562.81 5.5114 2294.79              0.648634 14472.5 -32.4026
13.49              -4569.22 4.81979 2278.76              0.540719 14365.9 -28.2341
13.5              -4576.53 4.45283 2261.99              0.470905 14255.3 -26.1258
13.51              -4583.47 4.15937 2248.94              0.418196 14168.6 -24.4592
13.52              -4593.02 3.97057 2221.66              0.330084 13995.8 -23.4068
13.53              -4603.12 4.3728 2195.48              0.832145 13827.4 -25.7826
13.54              -4610.07 3.9477 2174.03              0.252232 13691.9 -23.3442
13.55              -4618.76 4.40039 2153.9              0.115044 13562 -26.1395
13.56              -4620.63 3.80086 2145.35              0.0717866 13500.5 -22.6343
13.57              -4658.96 -5.34319 2070.29              0.52962 13024.9 33.4001
13.58              -4633.45 2.56274 2106.27              0.117209 13247.4 -14.5719
13.59              -4634.58 3.03627 2077.22              -0.152196 13070.6 -17.9865
13.6              -4635.56 3.26219 2075.84              -0.201395 13050.6 -19.4875
13.61              -4637 3.9505 2070.69              -0.196226 13009.7 -23.7371
13.62              -4637.92 3.30531 2053.57              -0.255346 12900.5 -19.9114
13.63              -4644.32 7.18002 2056.77              1.14354 12900.1 -41.6947
13.64              -4639.94 4.29347 2032.64              -0.0616842 12756.7 -25.4684
13.65              -4660.59 3.53965 1928.37              -0.649041 12141 -21.489
13.66              -4644.56 3.30572 1984.35              -0.699029 12458.1 -20.1632
13.67              -4633.86 2.29448 2001.41              -0.448515 12550.5 -14.1791
13.68              -4624.63 1.65921 2020.29              -0.109299 12651.5 -9.82524
13.69              -4637.22 2.0693 1944.28              -0.430162 12202.2 -12.6945
13.7              -4629.72 8.14919 1975.56              -0.757271 12367.9 -50.0232
13.71              -4606.55 3.31062 2020.17              -0.30176 12625.8 -20.3215
13.72              -4593.89 2.40843 2038.99              -0.225292 12729 -14.7992
13.73              -4585 1.97201 2045.64              -0.209381 12760.6 -12.1406
13.74              -4577.87 1.67316 2041.48              -0.222389 12729.4 -10.3431
13.75              -4572.86 0.965136 2030.41              -0.322194 12658.9 -6.01059
13.76              -4564.9 0.849618 2028              -0.332948 12639.5 -5.34554
13.77              -4557.68 0.952898 2019.34              -0.334329 12583.5 -6.04891
13.78              -4554.08 0.952719 1998.6              -0.406615 12458 -6.10423
13.79              -4539.98 0.769292 2012.18              -0.355361 12532 -4.9967
13.8              -4533.87 0.999486 1998.41              -0.393091 12447.2 -6.4469
13.81              -4521.94 0.63275 2000.73              -0.397878 12458.1 -4.24891
13.82              -4519.56 0.570164 1968.66              -0.494985 12267.9 -3.90807
13.83              -4511.42 -0.588768 1973.5              -0.390306 12291.3 2.77586
13.84              -4508.3 -2.3552 1943.55              -0.659974 12113.8 13.4407
13.85              -4474.62 -0.584714 1990.71              -0.52739 12386.8 3.21754
13.86              -4448.93 -0.458945 2043.1              -0.460021 12686.8 2.31617
13.87              -4428.06 -0.38651 2054.21              -0.364404 12750 2.04488
13.88              -4407.06 -1.22034 2064.01              -0.247009 12804 6.58922
13.89              -4395.35 0.21627 2051.65              -0.0809892 12730.7 -1.16774
13.9              -4386.89 0.781927 2036.79              -0.456936 12643.6 -5.05082
13.91              -4357.76 -0.480756 2057.23              -0.386722 12760.1 2.4924
13.92              -4332.49 -0.896209 2062.96              -0.558972 12796.9 4.98282
13.93              -4314.21 -0.629335 2068.32              -0.452754 12824.8 3.43402
13.94              -4298.15 -5.30765 2067.71              -0.15076 12812.8 32.021
13.95              -4260.95 -2.50357 2081.94              -0.342118 12904.6 14.9213
13.96              -4215.38 -1.96656 2169.95              -0.227559 13410.4 11.7691
13.97              -4192.51 -7.09286 2147.83              -1.29433 13288.2 39.7234
13.98              -4221.84 -0.144067 1998.42              -0.489147 12422.7 1.17467
13.99              -4154.98 -2.63711 2136.99              -0.253268 13221.7 15.6569
14              -4161.35 -1.73891 2042.69              -0.191265 12677.8 10.4703
14.01              -4101.92 0.682435 2155.41              -0.376663 13323.2 -4.46268
14.02              -4053.78 -1.26716 2221.8              -0.223853 13707.9 7.46324
14.03              -4012.71 -1.78236 2263.69              -0.161491 13949.6 10.6531
14.04              -3976.36 -2.26126 2292.24              -0.145686 14114.8 13.6425
14.05              -3944.62 -2.43527 2305.01              -0.163485 14187.7 14.7109
14.06              -3907.5 -2.45729 2336.36              -0.126875 14368.3 14.8314
14.07              -3869.89 -2.34979 2360.66              -0.0814596 14507.3 14.2353
14.08              -3829.97 -2.68016 2392.9              -0.0540134 14693.5 16.2105
14.09              -3780.7 -2.75878 2447.51              0.0567949 15007.9 16.7499
14.1              -3773.31 -5.52502 2418.77              0.0198536 14837.2 32.5346
14.11              -3716.95 -2.63656 2453.84              -0.0778319 15042.5 16.2549
14.12              -3673.15 -2.57536 2500.64              -0.0870582 15303.6 15.8656
14.13              -3639.54 -3.23849 2494.97              0.0204782 15275.2 19.3889
14.14              -3607.39 -2.34293 2496.05              0.311342 15281.7 14.754
14.15              -3594.54 -1.48119 2461.27              -0.482584 15082.3 9.55428
14.16              -3540.8 -3.91348 2470.1              -0.174101 15136.9 23.1977
14.17              -3508.22 -3.20575 2471.17              -0.0882302 15144 19.3398
14.18              -3484.61 -7.52101 2459.37              0.14672 15067.5 45.228
14.19              -3419.01 -2.57057 2489.47              -0.451704 15262.5 15.6351
14.2              -3404.15 11.4342 2542.58              3.97417 15536.3 -61.0498
14.21              -3398.32 -13.805 2439.68              -3.96052 14954.8 77.1231
14.22              -3295.95 -5.64763 2573.76              -0.549355 15741.9 32.9949
14.23              -3266.47 -5.72832 2537.69              -1.04225 15536.5 33.3599
14.24              -3182.95 -0.932108 2665.02              -0.460187 16263.4 5.26153
14.25              -3112.09 -4.51866 2755.96              0.0985485 16790 27.1228
14.26              -3065.18 -4.89067 2783.35              0.091161 16948.4 29.4956
14.27              -3011.48 -4.55481 2824.58              0.144048 17184.7 27.5277
14.28              -2965.81 -4.37466 2844.62              0.127751 17300.4 26.3688
14.29              -2920.18 -3.83227 2861.05              0.12189 17395.2 23.2047
14.3              -2864.25 -4.31919 2913.26              0.169364 17698.5 26.0139
14.31              -2827.45 -6.00443 2926              0.306609 17770.1 35.3791
14.32              -2798.05 -8.79944 2904.82              0.103439 17649.1 51.354
14.33              -2720.22 -3.59981 2972.77              -0.125617 18034.5 21.927
14.34              -2674.3 -3.97021 2966.07              -0.0129762 18005.6 23.7518
14.35              -2637.53 -2.35514 2964.5              0.569366 18004.8 15.2235
14.36              -2622.13 1.06084 2942.05              -0.711851 17879 -4.26682
14.37              -2541.79 -4.49149 2965.23              0.263461 18022 26.3693
14.38              -2517.83 -10.5367 2940.02              0.493913 17864.6 62.496
14.39              -2431.44 -4.30343 2997.28              -0.155896 18225.2 25.5581
14.4              -2384.9 -2.80687 3045.15              -0.509761 18494.9 16.7548
14.41              -2363.36 23.4298 3117.85              7.2266 18871.8 -125.723
14.42              -2283.16 -21.3424 3223.14              -5.74774 19486.2 117.582
14.43              -2228.52 -10.5237 3166.74              -2.18505 19192 59.5394
14.44              -2167.63 -0.0124933 3197.45              -1.43085 19367.8 -1.31241
14.45              -2091.85 -5.36513 3272.05              -0.208737 19808.1 31.1989
14.46              -2039.34 -5.68444 3309.68              -0.149995 20028.8 33.4622
14.47              -1985.07 -5.18768 3334.65              -0.0919191 20177 30.5828
14.48              -1923.18 -4.53359 3382.62              -0.0187616 20451.9 26.7034
14.49              -1859.62 -3.62477 3458.95              0.0577534 20889 21.5023
14.5              -1791.83 -4.21632 3515.62              0.102275 21214.1 24.8898
14.51              -1741.55 -6.2263 3575.56              0.336404 21552.9 36.0144
14.52              -1692.7 -9.97885 3637.98              0.276563 21909.5 57.1089
14.53              -1581.59 -3.40629 3749.52              0.0356471 22538.2 20.6054
14.54              -1521.42 -4.49494 3792.97              0.251417 22798.4 26.1913
14.55              -1479.01 -2.03298 3765.97              0.383168 22656 12.8823
14.56              -1469.11 3.34632 3725.65              -0.341389 22433.2 -17.5613
14.57              -1388.09 -2.63413 3757.06              0.554759 22629.8 15.3816
14.58              -1354.48 -9.07182 3757.33              0.463782 22620.5 53.4884
14.59              -1272.47 -2.94093 3800.13              -0.192836 22895.2 17.3763
14.6              -1237.03 32.525 3974              8.97633 23831.1 -174.502
14.61              -1192.38 -24.8157 3960.46              -7.16548 23776.7 134.789
14.62              -1097.53 -5.99449 4007.37              -0.959923 24077.1 33.7498
14.63              -1039.96 -6.95262 4042.64              -1.82698 24285.7 38.8149
14.64              -980.86 3.95323 4083              -1.18595 24511.7 -24.0306
14.65              -894.115 -2.85068 4183.38              -0.0080013 25092.6 16.577
14.66              -831.207 -3.37906 4239.24              -0.0182219 25413.1 19.9727
14.67              -772.507 -2.53567 4294.74              0.104563 25732.9 15.0561
14.68              -717.278 -2.1493 4327.18              0.0531743 25921.4 12.8108
14.69              -641.423 -1.17877 4455.54              0.202762 26646.6 7.42704
14.7              -605.757 -1.7123 4432.2              0.0378258 26528.9 10.3183
14.71              -618.941 -10.4949 4391.31              0.274795 26299 58.5583
14.72              -495.574 -1.06551 4496.52              -0.181111 26906.1 7.09963
14.73              -415.682 -0.32832 4595.51              -0.199044 27455.4 2.68984
14.74              -345.132 -1.755 4656.66              0.094154 27806.5 10.3117
14.75              -271.986 0.819999 4752.67              0.438878 28356.2 -3.3606
14.76              -254.171 6.70432 4757.28              -0.363805 28384.9 -35.9012
14.77              -150.604 0.405319 4860.83              0.614009 28981.1 -1.82326
14.78              -111.11 -6.22971 4910.62              0.48156 29247.5 36.9103
14.79              -27.6892 -1.44199 4985.59              0.0583705 29695.9 8.92568
14.8              18.5542 37.0861 5185.61              9.71398 30770.5 -198.013
14.81              64.285 7.23944 5062.8              0.869317 30139.8 -38.2885
14.82              134.936 -30.3851 5272.41              -8.72227 31283.3 162.987
14.83              181.023 -10.0206 5215.53              -2.84761 31001.4 54.7777
14.84              255.382 5.3837 5286.29              -1.32534 31398.6 -32.2239
14.85              325.758 -0.619266 5388.86              0.100636 31992.9 3.83526
14.86              398.705 -0.179553 5451.52              0.279425 32343.3 1.69672
14.87              449.405 -0.530551 5497.69              0.219042 32611.6 4.05213
14.88              506.227 0.638767 5561.38              0.313611 32972.7 -2.77974
14.89              548.179 1.98757 5570.55              0.225677 33033.1 -10.4579
14.9              606.257 1.22169 5646.69              0.259072 33467.9 -6.16145
14.91              642.8 1.45212 5603.93              0.0663515 33241.7 -7.55166
14.92              707.044 -0.993896 5746.61              0.455476 34030.2 5.80339
14.93              722.483 -5.40066 5721.61              0.239642 33900.5 29.7523
14.94              854.618 2.27617 5883.58              -0.0237176 34800.5 -11.7317
14.95              916.803 2.30217 5978.72              0.162029 35341.5 -12.2262
14.96              963.522 3.82415 6031.53              1.03626 35641 -19.9058
14.97              974.194 9.32659 6016.1              -0.557706 35558.7 -50.6143
14.98              1079.6 2.2112 6126.87              0.202514 36186.3 -12.1458
14.99              1142.32 2.78774 6204.57              0.493435 36623.9 -15.1006
15              1201.26 1.21355 6289.86              -0.162284 37094.1 -5.228
15.01              1263.86 2.90828 6360.27              0.145692 37501 -15.8768
15.02              1318.25 4.51836 6439.87              -0.0941994 37943.7 -24.9834
15.03              1360.07 45.0481 6617.24              10.5882 38898.3 -239.685
15.04              1412.05 -28.6531 6661.2              -8.25676 39150.2 151.261
15.05              1470.01 -1.15144 6626.94              -0.755805 38995.5 5.64255
15.06              1521.46 -3.45596 6657.64              -1.87719 39176.4 17.9625
15.07              1568.02 10.0543 6694.32              -1.11092 39379.4 -58.3055
15.08              1643.24 2.50707 6804.92              0.175346 40005 -14.0513
15.09              1692.97 2.66053 6861.12              0.264477 40323.8 -14.7194
15.1              1745.37 2.47709 6915.67              0.254719 40632.9 -13.5433
15.11              1796.75 2.57289 6966.63              0.241717 40917.3 -14.0968
15.12              1849.91 3.11286 7033.75              0.269396 41291.6 -17.2751
15.13              1895.42 3.27022 7068.69              0.236861 41492.7 -18.2134
15.14              1948.38 4.38704 7134.22              0.209185 41857.7 -24.5058
15.15              2001.04 3.43985 7178.17              0.183613 42108.5 -19.3228
15.16              2020.17 3.40741 7124.47              0.0375522 41829.6 -19.2583
15.17              2058.25 0.884778 7206.19              0.287846 42280.5 -5.67119
15.18              2072.43 -4.64377 7182.89              0.0715142 42158.1 24.6384
15.19              2181.26 3.36403 7348.63              -0.0477235 43070.4 -18.7575
15.2              2253.49 4.199 7435.79              0.00524457 43556.1 -23.4513
15.21              2299.87 4.01685 7516.82              0.101845 44004.8 -22.6207
15.22              2352.63 3.60954 7586.98              0.110382 44396.5 -20.4878
15.23              2400.11 5.2098 7650.08              0.432697 44746.7 -28.9442
15.24              2381.99 11.9403 7591.77              -0.356119 44431 -65.6853
15.25              2473.62 3.97466 7691.74              0.141534 44992.4 -22.9314
15.26              2523.52 4.03002 7756.41              0.35909 45351.9 -23.0414
15.27              2570.9 3.57199 7799.82              0.175442 45598.7 -20.5458
15.28              2595.74 -1.02004 7825.41              0.354301 45732.9 6.05843
15.29              2658.93 2.66673 7940.54              0.170819 46377.5 -15.4585
15.3              2719.59 3.91126 7991.25              0.0958846 46662.6 -22.5704
15.31              2753.09 4.82516 8052.71              0.049666 47004.7 -27.6587
15.32              2802.52 35.801 8194.61              7.97413 47760.4 -190.296
15.33              2859.02 9.44772 8205.23              1.14422 47841.9 -51.613
15.34              2900.05 5.51247 8260.17              0.26953 48151.5 -30.8287
15.35              2940 -27.9966 8394.19              -7.70349 48862.7 145.18
15.36              2983.8 -1.97576 8359.66              -1.04171 48701.3 8.81599
15.37              3001.83 -2.22685 8311.02              -1.35821 48451.4 9.94296
15.38              3050.52 1.86822 8362.71              -0.137886 48744.2 -11.6731
15.39              3070.59 10.4742 8361.81              -0.613105 48733.2 -60.7517
15.4              3122.49 3.31945 8424.37              0.245853 49092.3 -19.3937
15.41              3164.54 2.95051 8491.95              0.290444 49465.5 -17.1309
15.42              3205.75 2.9133 8540.13              0.299554 49732.5 -16.825
15.43              3241.95 2.82408 8580.76              0.270081 49959.5 -16.2759
15.44              3277.73 2.76413 8626.55              0.249613 50214.6 -15.8954
15.45              3310.43 2.65217 8657.5              0.198798 50389.4 -15.2455
15.46              3337.32 2.18018 8667.41              0.107847 50453.6 -12.523
15.47              3367.79 2.08097 8700.53              0.06411 50639.3 -11.9354
15.48              3392.59 2.29296 8695.32              0.0236344 50620.6 -13.2347
15.49              3414.81 2.21008 8692.04              -0.0450298 50613.7 -12.7882
15.5              3440.82 2.03468 8703.3              -0.117383 50682.9 -11.8281
15.51              3445.72 1.83441 8629.43              -0.253791 50301 -10.7673
15.52              3491.33 1.77395 8724.21              -0.219541 50815.7 -10.3628
15.53              3519.21 2.43507 8753.97              -0.271312 50982.4 -13.9896
15.54              3548.8 1.66945 8778.71              -0.295142 51124.8 -9.71338
15.55              3572.36 1.37589 8787.73              -0.359367 51183.2 -8.08422
15.56              3602.24 1.19158 8822.15              -0.382883 51375.7 -7.02249
15.57              3654.37 1.26113 8975.24              -0.262805 52199.7 -7.26666
15.58              3611.13 0.595441 8655.96              -0.687599 50514.6 -3.83604
15.59              3717.81 1.10269 9083              -0.244157 52790.7 -6.30362
15.6              3680.7 0.453895 8797.52              -0.642646 51286.5 -2.94387
15.61              3778.11 0.922021 9192.97              -0.242798 53393.7 -5.22495
15.62              3734.99 0.214837 8873.35              -0.677747 51708.9 -1.57735
15.63              3815.43 0.570657 9203.61              -0.34565 53469.9 -3.30055
15.64              3790.14 -0.652483 8999.5              -0.572445 52394 3.12954
15.65              3850.68 -0.0367214 9213.2              -0.420051 53538.6 0.0590296
15.66              3850.36 -0.220584 9103.27              -0.632646 52966.1 0.995382
15.67              3893.68 -0.0928913 9256.05              -0.503163 53784.8 0.37367
15.68              3905.8 -0.250256 9233.47              -0.596589 53674.1 1.20647
15.69              3931.82 -0.291604 9287.76              -0.577043 53971.4 1.45149
15.7              3944.77 -0.465157 9285.23              -0.640181 53966.3 2.37459
15.71              3963.36 -0.558708 9306.64              -0.654682 54088.9 2.90053
15.72              3970.03 -0.744214 9262.84              -0.751718 53865.6 3.86495
15.73              3986.24 -0.789327 9277.95              -0.764482 53954.2 4.10923
15.74              4003.71 -0.87464 9306.38              -0.757571 54113.3 4.56773
15.75              3999.04 -1.16375 9192.27              -0.920312 53518.3 6.08037
15.76              4019.03 -1.2047 9238.63              -0.883349 53772.2 6.33735
15.77              4018.83 -1.39509 9151.37              -0.984496 53319.2 7.34172
15.78              4066.88 -1.19035 9404.08              -0.700708 54663.8 6.36216
15.79              4028.88 -1.82171 9069.67              -1.14892 52905.6 9.61335
15.8              4119.48 -1.06243 9632.95              -0.477409 55891.2 5.75574
15.81              4042.13 -2.22812 9015.57              -1.29499 52636.7 11.7911
15.82              4139.35 -1.22978 9647.14              -0.494154 55981.9 6.67702
15.83              4069.07 -2.37105 9074.98              -1.27445 52966.8 12.6011
15.84              4141.28 -3.57773 9653.51              -0.353491 56026 19.2187
15.85              4093.13 -3.17265 9164.68              -1.2117 53454.2 17.1015
15.86              4165.21 -2.05912 9641.26              -0.664735 55981.7 11.2965
15.87              4123.57 -2.89944 9285.48              -1.15443 54107.9 15.6295
15.88              4184.01 -2.18599 9708.76              -0.699092 56354.3 11.9931
15.89              4144.98 -2.91548 9369.74              -1.14661 54566.8 15.7264
15.9              4175.32 -2.6522 9589.13              -0.914758 55735.5 14.4544
15.91              4159.77 -2.95009 9427.85              -1.12113 54887.9 15.9391
15.92              4176.29 -3.01509 9548.59              -1.01343 55534.6 16.4899
15.93              4167.57 -3.22406 9448.38              -1.15851 55009.5 17.5128
15.94              4177.25 -3.14515 9522.81              -1.08223 55410.6 17.1418
15.95              4166.52 -2.40407 9452.36              -1.24743 55040.8 13.0529
15.96              4176.06 -3.07598 9505.26              -1.11793 55329.9 16.6885
15.97              4174.93 -3.43821 9481.09              -1.19802 55208.2 18.6836
15.98              4177.9 -3.55475 9506.24              -1.18653 55348.2 19.3354
15.99              4169.47 -3.76145 9437.2              -1.2712 54987.4 20.4498
16              4182.57 -3.63859 9560.76              -1.13867 55650 19.8677
16.01              4161.5 -4.40416 9392.84              -1.39819 54763.6 24.091
16.02              4182 -4.19443 9589.39              -1.14659 55814 23.1815
16.03              4156.95 -4.52102 9389.48              -1.4239 54756.9 24.6992
16.04              4176.56 -3.91598 9585.65              -1.10722 55805.5 21.4963
16.05              4149.14 -4.52243 9377.01              -1.44476 54702.3 24.6762
16.06              4171.15 -3.90649 9589.87              -1.13054 55840.4 21.4248
16.07              4112.98 -4.98546 9143.71              -1.759 53472.6 27.107
16.08              4166.16 1.73903 9688.83              -1.68646 56366.7 -10.629
16.09              4093.16 -3.81732 9101.83              -2.09683 53252.3 20.2262
16.1              4174.45 -7.1525 9800.68              -2.35798 56980.9 38.0906
16.11              4122.5 -5.92308 9431.42              -1.66562 55018.9 32.5869
16.12              4137.7 -3.91727 9576.83              -1.11915 55803.5 21.5831
16.13              4105.59 -92.017 9583.06              -16.416 55822.2 482.034
16.14              4125.42 -11.4157 9576.88              -1.69162 55816.6 61.3967
16.15              4098.4 -7.09203 9410.58              -1.13098 54934.4 38.5298
16.16              4101.72 84.0729 9784.24              15.5766 56903.8 -438.064
16.17              4077.08 5.29684 9422.39              -0.115757 55005.1 -27.5098
16.18              4072.49 -2.52215 9387.3              -1.15664 54827.2 14.0699
16.19              4029.1 -8.43865 9307.8              -1.15234 54377.8 47.2747
16.2              4041.72 -5.62618 9360.76              -1.64666 54686.8 31.2604
16.21              4037.83 -3.2181 9390.06              -0.729194 54850.3 17.7615
16.22              4011.18 -5.79803 9298.96              -1.18246 54353.8 32.1774
16.23              4019.16 -5.41382 9391.37              -1.37268 54866.7 30.0054
16.24              3977.47 -1.72595 9338.31              -1.8018 54580.8 10.3944
16.25              3994.47 -3.59654 9417.71              -1.19755 55018.7 20.2423
16.26              3966.33 -5.73489 9290.61              -1.282 54336.8 31.4096
16.27              3965.69 -5.03369 9358.45              -1.299 54712.7 27.9348
16.28              3952.61 -4.72611 9285.93              -1.50225 54327.7 26.1274
16.29              3940.9 -4.66118 9337.83              -1.32255 54614.9 25.9535
16.3              3916.27 -7.57917 9405.77              -1.20617 54980.3 41.9911
16.31              3898.23 -6.25775 9318.82              -1.3873 54520.7 35.124
16.32              3911.65 -5.02389 9483.38              -1.1277 55414.5 28.4464
16.33              3859.27 -5.36853 9237              -1.49654 54093.2 30.2084
16.34              3846.41 -4.42957 9254.25              -1.40188 54194.1 25.0026
16.35              3823.48 -4.68942 9189.06              -1.42024 53851.1 26.5077
16.36              3804.52 -4.73473 9170.97              -1.43548 53760.1 26.7948
16.37              3786.05 -4.64237 9172.72              -1.3443 53775.5 26.5178
16.38              3764.41 -4.6825 9142.57              -1.39078 53620.2 26.6102
16.39              3743.7 -4.11015 9123.11              -1.30017 53522.4 23.448
16.4              3706.39 -4.66125 9002.68              -1.51296 52877.9 26.4446
16.41              3688.86 -0.608791 9070.39              -2.30943 53239.6 3.26058
16.42              3694.15 -12.0754 9247.84              -3.50465 54210.3 66.1081
16.43              3646.4 -4.87316 9012.98              -1.65527 52953 27.3137
16.44              3644.21 -98.4327 9395.78              -16.5591 55001.6 521.039
16.45              3600.14 84.7648 9379.2              15.5663 54903.6 -444.547
16.46              3584.29 5.10039 9089.57              0.0639377 53389.2 -25.8366
16.47              3529.98 -1.84834 8838.61              -0.920379 52037.5 11.1817
16.48              3512.28 -4.13974 8935.77              -1.01922 52554.7 24.6583
16.49              3475.41 -0.893283 8803.75              -0.381043 51856 5.69783
16.5              3461.19 -3.31726 8878.56              -0.632491 52261.3 19.4618
16.51              3411.51 -0.914474 8809.17              -1.50791 51894 6.35224
16.52              3403.51 -3.43299 8833.45              -0.51843 52031.7 19.8373
16.53              3368.38 -3.87775 8754.02              -1.05298 51614.3 22.2907
16.54              3340.76 -3.24061 8767.04              -1.04137 51687.4 18.5003
16.55              3294.65 -5.90134 8706.07              -1.17085 51362.2 33.5567
16.56              3305.7 -4.5876 8897.37              -0.648017 52417.8 26.6358
16.57              3289.54 -3.309 8945.48              -0.612563 52688.2 19.5879
16.58              3219.01 -3.32764 8703.14              -1.07983 51374 19.3109
16.59              3189.57 -3.07718 8666.4              -0.974371 51183.7 17.9563
16.6              3151.47 -3.44704 8605.92              -1.03578 50862.9 20.0556
16.61              3121.37 -3.5904 8604.27              -0.94811 50861.6 21.2277
16.62              3070.86 -3.51195 8483.27              -1.09328 50208.9 20.4226
16.63              3052.44 -2.71571 8533.16              -0.817058 50493.1 16.0859
16.64              2967.9 -0.700157 8313.34              -2.87673 49273.7 3.37158
16.65              3017.7 -11.571 8759.54              -3.15267 51742.4 63.7002
16.66              2916.9 -103.277 8597.92              -17.9855 50827.1 551.293
16.67              2927.76 92.9351 9019.15              18.3022 53118.2 -492.495
16.68              2857.49 5.99794 8407.9              0.21337 49840.7 -31.142
16.69              2839.69 -0.294245 8417.86              -0.337062 49914.6 2.77021
16.7              2747.73 -3.99753 8202.72              -1.21622 48711.4 23.7536
16.71              2731.31 -0.18355 8267.77              0.938696 49077.5 2.16827
16.72              2674.73 1.11857 8198.5              -0.836984 48714.5 -4.95094
16.73              2670.89 -1.35974 8299.47              -0.314555 49281.8 8.78944
16.74              2604.26 -4.00583 8108.8              -0.555912 48232.5 22.9763
16.75              2603.5 -2.29333 8252.51              -0.434676 49034.4 13.7328
16.76              2521.55 -5.41315 8097.2              -0.757549 48186.4 31.1381
16.77              2535.8 -3.35 8373              -0.0739298 49718.1 20.0499
16.78              2503.58 -2.36148 8400.85              -0.051896 49882.5 14.5287
16.79              2435.42 -1.9605 8228.68              -0.49196 48938.5 11.849
16.8              2389.3 -2.18503 8170.6              -0.444353 48630.5 13.1368
16.81              2343.3 -2.572 8127.46              -0.488134 48398.4 15.4533
16.82              2311.31 -2.05846 8170.36              -0.27039 48646.8 12.6797
16.83              2239.12 -2.345 7978.66              -0.641063 47594.7 13.9014
16.84              2183.07 1.77103 7927.88              -1.07421 47313.3 -10.2191
16.85              2169.77 -12.4075 8120.26              -4.09595 48377.1 68.3664
16.86              2134.14 -84.4818 8334.54              -14.1855 49554.3 455.425
16.87              2091.32 -9.0454 8099.4              -0.670602 48294.6 50.4636
16.88              2022.3 88.2423 8312.67              17.5882 49421.6 -473.204
16.89              1980.06 8.82537 7937.36              1.44956 47417.8 -47.1215
16.9              1926.03 0.686595 7909.81              0.20376 47260.9 -2.31384
16.91              1844.5 0.869991 7684.96              1.05681 46008.7 -3.9903
16.92              1813.29 1.05523 7765.4              -0.1297 46476.6 -5.04573
16.93              1777.38 -1.23546 7748.03              0.0506455 46389.5 7.80692
16.94              1712.74 -2.15782 7599.54              -0.228418 45562.5 12.4283
16.95              1691.58 -1.29043 7726.05              -0.0405119 46275.2 7.83017
16.96              1619.17 -2.46753 7606.61              -0.31693 45615.3 14.4462
16.97              1625.97 -2.34634 7902.46              0.4582 47283.4 14.4747
16.98              1525.11 -1.74501 7558.24              -0.349495 45366.6 10.347
16.99              1511.8 -1.13743 7739.12              0.139396 46387.2 7.3058
17              1421.96 -1.35508 7471.94              -0.351769 44902.3 8.01683
17.01              1400.45 -1.79424 7606.26              0.00838847 45663.3 11.1369
17.02              1315.24 -1.09335 7378.5              -0.334925 44394.2 6.52348
17.03              1295.13 -1.15866 7504.52              0.0679244 45111.4 7.28967
17.04              1193.82 0.0271825 7244.08              -1.61603 43640.4 -0.566256
17.05              1217.47 -9.3379 7621.67              -2.30446 45772.8 52.0187
17.06              1129.45 -64.0924 7545.39              -11.6894 45328.5 348.484
17.07              1076.22 61.194 7651.25              13.5458 45903.6 -330.946
17.08              1038.47 6.29672 7403.15              1.30988 44576.5 -34.0202
17.09              971.495 -0.626195 7277.02              0.67117 43869.9 4.90624
17.1              973.853 1.50087 7563.43              1.78888 45492.4 -7.27143
17.11              944.948 -0.294402 7670.84              1.36494 46097.3 3.17752
17.12              895.414 -1.13571 7711.31              0.72124 46334.9 7.85444
17.13              873.745 -0.656107 7811.42              1.59629 46898.8 4.91955
17.14              768.55 -0.675387 7486.53              0.704549 45079.3 4.7336
17.15              748.131 -0.0808799 7661.12              1.14672 46057.1 1.61009
17.16              661.626 2.47503 7361.91              0.533425 44381.3 -13.2663
17.17              638.114 1.05719 7545.63              1.01461 45427.6 -4.91161
17.18              552.994 0.107577 7353.14              0.753923 44346 0.242008
17.19              508.754 -0.733863 7378.82              0.938431 44496.4 5.27356
17.2              442.815 -0.0728831 7265.27              0.796819 43862.5 1.31068
17.21              394.159 0.828096 7240.48              0.973238 43725.2 -4.20196
17.22              337.648 0.244347 7194.55              0.899132 43469.6 -0.556547
17.23              279.762 0.256972 7124.91              0.873526 43082.2 -0.634874
17.24              247.659 -4.89221 7180.82              1.42314 43411.3 30.5754
17.25              179.357 -0.575797 7060.45              0.4114 42730.8 3.52572
17.26              128.918 -10.6215 7056.68              -0.690548 42713.5 59.5506
17.27              69.932 -2.73308 6982.09              0.829968 42295.8 15.9504
17.28              11.4808 5.16639 6895.45              2.30726 41808.1 -26.6543
17.29              -53.5261 4.67273 6814.98              1.87583 41357.9 -25.2213
17.3              -68.4186 12.0114 6753.77              0.134692 41055.8 -70.2065
17.31              -155.677 2.70977 6680.8              1.24853 40613.8 -15.1604
17.32              -234.077 2.69559 6596.63              1.2795 40120.2 -14.9918
17.33              -261.177 -5.88864 6563.82              0.975691 39947.3 33.8307
17.34              -329.558 0.413852 6512.03              1.27408 39653.9 -1.73275
17.35              -405.523 0.513443 6418.34              1.1056 39114.6 -2.55478
17.36              -466.248 0.956724 6365.76              1.2293 38807.1 -4.94466
17.37              -487.206 8.52268 6324.31              1.04234 38590.6 -48.0986
17.38              -565.847 5.33298 6242.35              1.0739 38124.5 -30.3518
17.39              -644.686 2.8243 6193.34              1.2654 37845.9 -16.1157
17.4              -702.095 2.33499 6131.86              1.32478 37495.1 -13.2629
17.41              -758.834 0.449039 6079.86              1.40454 37201.3 -2.19943
17.42              -819.33 1.82993 6049.93              1.43293 37034.6 -10.2508
17.43              -874.42 2.77056 6000.91              1.58163 36751.4 -16.0727
17.44              -931.808 3.0857 5947.23              1.65436 36447.7 -18.019
17.45              -989.117 2.43326 5886.44              1.59135 36099.6 -13.9095
17.46              -1043.71 2.48362 5849.84              1.64579 35891.7 -14.1813
17.47              -1079.85 -5.6108 5847.22              2.56139 35893.1 35.1076
17.48              -1148.97 4.71247 5738.95              2.3933 35268.8 -26.6716
17.49              -1203.8 0.137212 5735.06              1.73828 35242.4 0.010374
17.5              -1254.4 17.7747 5638.61              6.07554 34706.3 -98.9096
17.51              -1306.29 -19.6738 5581.88              -3.70178 34388.7 109.298
17.52              -1365.19 0.952715 5633.75              2.12325 34658.6 -4.63837
17.53              -1416.51 5.42751 5584.23              2.27753 34376.1 -31.3069
17.54              -1440.91 13.6687 5522.22              0.757506 34066.6 -81.5862
17.55              -1531.55 3.50601 5453.61              1.6586 33634.9 -20.6601
17.56              -1610.33 4.80242 5370.64              2.21875 33136.7 -27.9919
17.57              -1635.18 -3.4094 5350.72              2.24457 33031.9 19.6678
17.58              -1720.47 2.1284 5291              1.93592 32679.4 -12.0388
17.59              -1764.82 4.67883 5266.24              2.40505 32535.7 -26.7266
17.6              -1839.71 3.72131 5165.12              2.45504 31941.5 -21.766
17.61              -1897.9 4.55864 5126.62              2.36945 31722.8 -26.3096
17.62              -1968.25 3.97301 5051.96              2.43446 31271.3 -22.8748
17.63              -2020.73 4.77159 5036.41              2.41418 31190.7 -27.4345
17.64              -2036.76 13.8783 4934.17              2.33127 30606.1 -80.4592
17.65              -2106.65 9.31081 4934.76              2.38191 30604.9 -54.3199
17.66              -2194.43 6.19745 4822.17              2.47323 29945 -36.4482
17.67              -2247.57 5.76419 4809.16              2.60106 29863.4 -33.7654
17.68              -2297.9 3.67406 4774.88              2.65299 29662 -21.3051
17.69              -2360.3 5.11823 4713.12              2.64899 29298.2 -29.8332
17.7              -2408.87 5.28747 4703.3              2.73513 29235.7 -30.7927
17.71              -2470.59 5.40389 4648.42              2.72138 28915.6 -31.4889
17.72              -2518.13 7.88997 4577.41              3.04408 28495.8 -47.1012
17.73              -2574.67 5.9513 4529.4              2.77203 28212.6 -34.8136
17.74              -2634.14 5.93592 4443.72              2.69141 27711 -34.7107
17.75              -2688.38 5.93422 4390.71              2.67426 27399.2 -34.6523
17.76              -2738.49 6.07708 4325.72              2.64347 27014.2 -35.5193
17.77              -2774.25 -4.72084 4292.99              3.39109 26832.9 30.8009
17.78              -2840.79 4.42643 4195.57              2.84415 26252.8 -25.1313
17.79              -2889.39 10.4485 4158.8              4.62576 26032.8 -59.9573
17.8              -2940.62 7.73719 4074.24              2.39187 25529.9 -45.7269
17.81              -2992.41 6.41809 4074.2              2.40498 25518.5 -37.5111
17.82              -3016.63 34.3163 3983.6              10.8283 25014.9 -192.85
17.83              -3063.8 5.61905 4084.86              2.48487 25561 -32.7449
17.84              -3117.55 5.27392 4025.83              2.37511 25208.1 -30.7535
17.85              -3143.25 -28.3642 3863.12              -7.63165 24301.4 157.69
17.86              -3210.9 7.71293 3927.48              3.01082 24615.6 -44.366
17.87              -3248.18 6.62956 3886.74              3.16251 24369.7 -37.7791
17.88              -3304.18 8.42997 3828.79              3.14391 24024.8 -48.6392
17.89              -3346.73 8.71085 3787.79              3.05781 23774.6 -50.2947
17.9              -3379.68 10.436 3761.83              2.98267 23618.1 -60.876
17.91              -3374.2 18.3427 3769.05              1.63244 23693.5 -109.714
17.92              -3461.57 9.04276 3677.9              2.69446 23113.8 -52.9156
17.93              -3505.68 9.32665 3651.03              2.77478 22942 -54.4218
17.94              -3545.28 9.07064 3612.46              2.8011 22705.1 -52.8223
17.95              -3580.24 7.89212 3580.36              1.97818 22509.4 -45.8767
17.96              -3621.69 8.8998 3541.44              2.89976 22265.2 -51.7167
17.97              -3662.97 8.77199 3488.31              2.8811 21936.2 -50.9641
17.98              -3694.69 8.62759 3461.41              2.82708 21773.5 -50.099
17.99              -3729.87 8.68272 3426.76              2.83515 21559.8 -50.4011
18              -3742.86 1.10116 3398.61              2.40596 21388.9 -5.16025
18.01              -3794.97 7.02864 3349.08              2.53376 21083.1 -40.4128
18.02              -3833.74 7.64669 3302.69              2.49172 20800.5 -44.208
18.03              -3865.66 7.82244 3263.48              2.43955 20556.7 -45.3015
18.04              -3897.54 7.79229 3229.79              2.38617 20348.4 -45.143
18.05              -3929.31 8.13218 3190.6              2.38727 20106.4 -47.0936
18.06              -3960.53 8.14532 3152.24              2.35058 19870.3 -47.2099
18.07              -3990.95 8.00378 3105.78              2.21968 19585.6 -46.4869
18.08              -4020.18 7.97221 3058.59              2.09465 19296.3 -46.3695
18.09              -4045.85 7.90052 3026.52              2.04202 19095.2 -45.9982
18.1              -4068.42 8.46938 2998.71              1.93274 18922.2 -49.4339
18.11              -4097.82 7.88938 2968.93              1.93831 18733.3 -46.0198
18.12              -4121.96 7.75696 2934.05              1.86491 18515.2 -45.2345
18.13              -4145.63 7.67942 2912.37              1.82096 18375.1 -44.7881
18.14              -4168.09 7.6125 2877.82              1.71647 18158.3 -44.4297
18.15              -4189.61 7.51004 2849.96              1.66289 17981.5 -43.7977
18.16              -4208.35 7.50989 2827.73              1.59443 17837.6 -43.768
18.17              -4228.39 7.3869 2807.51              1.52128 17706.5 -43.0844
18.18              -4243.79 7.26334 2788.85              1.48889 17582.5 -42.3355
18.19              -4262.21 7.12019 2771.48              1.42043 17467.5 -41.5635
18.2              -4277.1 6.92177 2752.37              1.39184 17340.3 -40.4185
18.21              -4293.51 6.75536 2732.44              1.32764 17209.7 -39.4687
18.22              -4312.15 6.07082 2709.31              1.28073 17059 -35.4072
18.23              -4325 6.26936 2692.05              1.19644 16945 -36.6368
18.24              -4338.95 6.13647 2674.33              1.13305 16827.3 -35.8969
18.25              -4351.15 5.97616 2655.84              1.06333 16704.2 -34.9893
18.26              -4363.75 5.71377 2638.99              0.957305 16591.2 -33.5013
18.27              -4375.35 5.57272 2624.75              0.891931 16494.1 -32.6966
18.28              -4387.35 5.55412 2607.81              0.837237 16380.6 -32.6479
18.29              -4399.03 5.35063 2592.83              0.776237 16279.8 -31.4293
18.3              -4409.39 5.15617 2577.72              0.695578 16177.9 -30.2972
18.31              -4419.42 4.94159 2558.26              0.576316 16050.2 -29.0884
18.32              -4453.37 12.0499 2510.55              0.701781 15751.8 -71.8348
18.33              -4442.34 5.55526 2514.53              0.439099 15765 -32.8847
18.34              -4450.16 4.84775 2494.59              0.319362 15634.8 -28.647
18.35              -4456.4 4.42333 2479.55              0.242747 15534.7 -26.1777
18.36              -4464.23 4.15429 2457.57              0.154685 15392.4 -24.6168
18.37              -4473.92 4.44422 2436.36              0.687002 15252.5 -26.3027
18.38              -4480.67 3.80402 2411.23              0.075294 15093.9 -22.6099
18.39              -4494.13 4.23658 2373.84              -0.164474 14861.3 -25.3109
18.4              -4501.71 3.43173 2344.32              -0.288081 14676 -20.6625
18.41              -4547.87 -6.39878 2248.56              -0.0276676 14077.2 39.3467
18.42              -4515.64 2.55332 2303.79              -0.163839 14414.2 -14.6208
18.43              -4520.26 2.64645 2268.16              -0.524528 14196.8 -15.9547
18.44              -4526.68 2.77361 2251.11              -0.663047 14084.6 -16.8991
18.45              -4530.22 3.54268 2237.29              -0.661129 13991.6 -21.605
18.46              -4526.81 2.75283 2238.82              -0.652596 13991.5 -16.8534
18.47              -4535.56 8.4241 2251.75              1.36639 14042.7 -48.5997
18.48              -4530.21 3.91936 2224.96              -0.338051 13886.6 -23.263
18.49              -4556.41 2.73085 2120.26              -0.955733 13263.4 -16.7952
18.5              -4539.37 0.827324 2179.39              -1.53463 13598.7 -6.15849
18.51              -4530 0.959897 2185.11              -0.945072 13627.2 -6.52887
18.52              -4524.64 -0.0852486 2189.93              -0.821115 13646.4 0.140964
18.53              -4541.27 0.922659 2113.52              -0.834996 13191.3 -5.99662
18.54              -4517.93 0.625436 2170.1              -0.698079 13516.2 -4.18395
18.55              -4520.5 7.13416 2159.32              -1.18595 13437.1 -44.2016
18.56              -4501.82 1.86301 2185.04              -0.798538 13586.3 -11.8795
18.57              -4493.17 0.971038 2190.4              -0.774409 13610.9 -6.40758
18.58              -4486.08 0.445341 2187.95              -0.774177 13589.7 -3.20251
18.59              -4478.66 -0.409748 2187.47              -0.837501 13580.7 2.09754
18.6              -4472.21 -0.648402 2183.76              -0.865742 13553.4 3.49147
18.61              -4464.99 -0.582044 2177.58              -0.84823 13511.1 3.02341
18.62              -4462.62 -0.703691 2157.65              -0.914564 13389.4 3.68608
18.63              -4450.69 -0.868282 2165.28              -0.886392 13428.7 4.69662
18.64              -4442.69 -0.595558 2161.47              -0.891349 13401.3 3.04487
18.65              -4431.64 -1.07305 2164.52              -0.905498 13416 5.89719
18.66              -4425.86 -1.25345 2149.37              -0.954379 13323.2 6.97729
18.67              -4427.71 -2.62238 2129.81              -0.901908 13203.7 14.8268
18.68              -4429.06 -4.87735 2101.86              -1.14104 13036.2 28.3223
18.69              -4398.22 -2.35327 2130.53              -1.10246 13203 13.7518
18.7              -4375.59 -2.01617 2174.43              -1.06328 13455.4 11.7122
18.71              -4360.41 -2.18352 2177.98              -1.02552 13473.8 12.7335
18.72              -4334.71 -2.85581 2198.06              -0.89647 13589.4 16.3639
18.73              -4321.21 -2.06639 2200.99              -0.599163 13603.5 12.3677
18.74              -4321.08 -0.783111 2176.17              -1.12323 13457.4 4.40226
18.75              -4293.78 -2.66279 2186.96              -1.02634 13519.1 15.3902
18.76              -4270.53 -3.05555 2190.2              -1.17863 13540.9 17.8133
18.77              -4255.75 -2.73029 2192.28              -1.08317 13549.7 15.9258
18.78              -4245.74 -8.12978 2183.73              -0.6883 13489.8 48.8639
18.79              -4209.68 -4.29402 2191.87              -1.01799 13550.4 25.5162
18.8              -4162.12 -3.75317 2289.08              -0.917764 14110 22.389
18.81              -4146.62 -5.5996 2280.06              -1.02474 14055.8 32.2769
18.82              -4190.8 -4.97116 2105.44              -1.96041 13041.5 28.8027
18.83              -4120.07 -4.74381 2238.5              -1.01338 13815.9 27.9478
18.84              -4135.9 -3.86536 2131.08              -0.976147 13192.8 22.9576
18.85              -4073.55 -0.536373 2244.45              -1.04812 13846.3 2.65501
18.86              -4027.35 -3.44451 2310.07              -0.838679 14228.5 20.4097
18.87              -3987.7 -3.82096 2353.51              -0.766716 14479.3 22.7776
18.88              -3956.28 -4.23553 2370.11              -0.778028 14574.2 25.3976
18.89              -3923.91 -4.3321 2391.61              -0.758244 14697.6 26.0146
18.9              -3895.41 -4.25126 2403.7              -0.757656 14766.6 25.4832
18.91              -3858.4 -3.92492 2433.56              -0.692578 14937.8 23.635
18.92              -3826.45 -4.31717 2448.51              -0.700522 15024 25.9388
18.93              -3797.91 -4.33914 2453.13              -0.704573 15050.1 26.1009
18.94              -3801.12 -8.78791 2418.18              -0.638415 14841.4 51.4541
18.95              -3735.2 -4.05664 2463.87              -0.795845 15110.5 24.7943
18.96              -3694.16 -3.88348 2515.53              -0.81716 15399.4 23.6899
18.97              -3661.93 -4.34815 2506.93              -0.662001 15354.1 26.103
18.98              -3633.38 -3.27751 2503.45              -0.175195 15334.1 20.5408
18.99              -3624.39 -1.67716 2475.55              -1.22499 15173.5 11.0733
19              -3569.31 -5.28931 2491.3              -0.815507 15269.3 31.3324
19.01              -3537.78 -4.58291 2491.46              -0.696455 15272 27.5135
19.02              -3521.79 -10.2097 2465.58              -0.264168 15111.5 61.237
19.03              -3447.98 -4.04225 2499.17              -0.998274 15328.7 24.3586
19.04              -3449.11 13.7776 2555.97              4.19522 15618.6 -73.4203
19.05              -3438.85 -16.9504 2466.25              -5.21527 15112.9 94.9619
19.06              -3338.65 -7.16306 2580.06              -1.21669 15788.9 41.9042
19.07              -3314.56 -7.04568 2532.43              -1.68633 15516.4 41.1675
19.08              -3235.73 -0.631103 2647.64              -1.12214 16172.9 3.499
19.09              -3166.71 -5.20766 2734.28              -0.39242 16676.6 31.3545
19.1              -3118.3 -5.16757 2764.83              -0.322289 16851.5 31.2889
19.11              -3077.73 -5.62225 2779.18              -0.396568 16935.4 34.1579
19.12              -3042.32 -4.98799 2776.08              -0.389899 16919.4 30.1553
19.13              -3002.04 -4.19629 2790.12              -0.368909 17002.1 25.5497
19.14              -2955.06 -4.744 2810.34              -0.352905 17120.6 28.7215
19.15              -2930.89 -6.79136 2798.12              -0.231343 17050.6 40.0657
19.16              -2884.85 -10.081 2835.01              -0.277453 17262 58.9292
19.17              -2778.96 -3.8464 2967.81              -0.359794 18014.2 23.7741
19.18              -2756.21 -4.02842 2924.37              -0.375654 17777.7 24.5417
19.19              -2717.04 -1.92173 2912.51              0.478809 17715 13.2846
19.2              -2712.79 1.42363 2882.29              -1.20333 17545.4 -5.8803
19.21              -2629.78 -4.77752 2900.33              -0.142306 17660.5 28.2447
19.22              -2581.96 -4.12957 2927.03              -0.468597 17817.9 24.7425
19.23              -2565.12 -12.5311 2846.49              0.509586 17350.3 74.5099
19.24              -2480.34 -3.05288 2967.3              -0.914338 18058.9 18.5352
19.25              -2440.16 27.5345 3125.85              8.12433 18916.2 -147.482
19.26              -2397.06 -25.8287 3110.98              -7.56547 18848.7 141.971
19.27              -2328.02 -11.4338 3087.2              -2.75429 18745.8 64.7666
19.28              -2277.92 0.814816 3110.36              -1.92477 18879.5 -6.11927
19.29              -2201.64 -5.31323 3176.99              -0.516579 19274.6 31.0618
19.3              -2152.26 -4.96047 3204.76              -0.376266 19438.5 29.2641
19.31              -2102.42 -5.50331 3224.06              -0.421191 19553 32.7671
19.32              -2054.57 -4.33819 3247.6              -0.335339 19692.3 25.7138
19.33              -1993.9 -3.20242 3293.45              -0.279634 19953.5 19.1731
19.34              -1939.02 -3.78355 3335.12              -0.240738 20197.7 22.4589
19.35              -1902.48 -5.98743 3355.57              -0.0320453 20314.3 34.6046
19.36              -1837.96 -9.89722 3452.97              0.0435131 20862.4 56.5839
19.37              -1729.59 -3.01532 3575.66              -0.261434 21554.5 18.4474
19.38              -1665.06 -3.87243 3629.37              0.0812905 21867.9 22.8452
19.39              -1606.63 -0.903607 3668.9              0.535487 22100 6.82553
19.4              -1587.9 4.06571 3654.55              -0.53189 22025.3 -21.548
19.41              -1516.1 -2.20403 3647.44              0.433271 21999.8 12.9742
19.42              -1488.14 -8.93577 3644.11              0.401483 21970.3 52.7946
19.43              -1405.25 -2.75051 3679.57              -0.278801 22204.2 16.2955
19.44              -1383.18 35.8463 3862.9              9.64011 23191.6 -192.471
19.45              -1318.34 5.34208 3735.24              0.425704 22526.2 -28.0114
19.46              -1262.92 -29.1103 3910.01              -8.29861 23487.9 158.095
19.47              -1187.89 -10.2337 3896.53              -2.9265 23445 56.2322
19.48              -1129.27 3.50823 3939.05              -1.64969 23683.4 -22.1687
19.49              -1052.84 -2.86064 4020.52              -0.233635 24160.2 16.168
19.5              -1002.65 -2.86702 4048.83              -0.143105 24330.5 16.6187
19.51              -932.995 -2.43027 4110.15              -0.0159 24675.6 14.3132
19.52              -890.416 -1.64595 4124.52              -0.0525357 24766.2 9.64808
19.53              -817.634 -0.465258 4196.95              0.0252894 25174 2.98059
19.54              -771.334 -1.0135 4238.57              0.0238595 25419.8 6.01123
19.55              -692.997 -3.30368 4395.37              0.496931 26292.8 18.6824
19.56              -677.679 -7.26837 4367.54              0.269775 26144 40.3865
19.57              -584.177 -0.162867 4427.94              -0.192771 26486.9 1.62285
19.58              -535.782 -1.09815 4444.38              0.0289425 26593.5 6.27203
19.59              -472.476 1.32815 4498.73              0.294045 26907.1 -6.69388
19.6              -451.502 7.33743 4501.91              -0.525301 26927.4 -39.8312
19.61              -334.336 0.945828 4627.44              0.506363 27645.1 -5.38853
19.62              -285.504 -5.54429 4707.21              0.57074 28076.6 32.5702
19.63              -198.514 -0.917365 4784.04              0.146297 28532.2 5.42016
19.64              -147.591 32.5317 4980.35              8.48854 29589.7 -174.229
19.65              -103.176 7.30545 4866.24              0.824356 29002.5 -39.2628
19.66              -35.1724 -25.6282 5060.43              -7.52446 30063.2 136.843
19.67              12.0897 -8.04004 4997.3              -2.27965 29742.8 43.3261
19.68              76.5598 5.78729 5084.58              -1.28191 30229.7 -34.908
19.69              158.983 0.0690574 5173.77              0.140421 30742.2 -0.639944
19.7              207.97 0.452721 5235.46              0.305507 31098.6 -2.50148
19.71              276.029 -0.0177805 5277.01              0.261186 31332.3 0.509137
19.72              329.36 1.03131 5346.33              0.357684 31726.5 -5.61354
19.73              369.046 2.25522 5362.85              0.272236 31827.1 -12.5607
19.74              437.186 1.47432 5432.56              0.317535 32221 -8.16209
19.75              465.075 1.67578 5396.37              0.136733 32035.5 -9.39364
19.76              532.425 -0.673189 5534.06              0.523775 32794.8 3.42352
19.77              553.95 -4.58901 5536.59              0.392863 32817 24.6922
19.78              671.19 2.06841 5669.83              0.0636086 33557.1 -11.1184
19.79              726.549 2.31139 5739.01              0.195562 33953.4 -12.696
19.8              788.752 3.80129 5790.94              1.16139 34246.4 -20.2049
19.81              809.76 8.3979 5817.11              -0.356364 34395.3 -45.7321
19.82              903.598 2.04449 5923.04              0.218191 34998 -11.7415
19.83              973.136 2.42806 5988.78              0.421219 35366.3 -13.5779
19.84              1027.08 1.02067 6061.03              -0.0252871 35766.1 -4.65016
19.85              1090.27 2.38764 6134.26              0.247639 36186.9 -13.3399
19.86              1149.7 3.9025 6221.86              0.033316 36672.5 -21.8562
19.87              1203.61 31.7562 6378.48              7.45663 37519.4 -169.343
19.88              1255.07 -19.0457 6439.97              -5.57037 37867.3 100.258
19.89              1317.49 0.482409 6441.42              -0.455043 37904.5 -3.50985
19.9              1355.69 -2.7455 6452.33              -1.04216 37972.1 14.329
19.91              1410.13 8.50538 6503.64              -0.781936 38258.3 -49.4158
19.92              1483.14 2.25981 6605.12              0.260882 38832 -12.804
19.93              1536.47 2.19622 6664.33              0.327376 39166 -12.2563
19.94              1590.9 2.17932 6730.89              0.341669 39538.7 -12.0808
19.95              1639.49 1.7032 6777.49              0.269574 39806.1 -9.22138
19.96              1699.68 2.33369 6856.41              0.346249 40243.1 -12.9151
19.97              1749.26 2.40766 6906.11              0.322625 40523.8 -13.3373
19.98              1801.78 3.25745 6969.98              0.29043 40879.5 -18.1086
19.99              1858.99 2.4613 7028.8              0.303893 41210.8 -13.7138
20              1889.86 2.3988 6996.22              0.170774 41044.8 -13.4244
20.01              1940.97 0.214245 7105.59              0.438926 41646.7 -1.63217
20.02              1944.95 -4.29498 7040.5              0.191817 41300.9 22.9564
20.03              2057.12 2.17092 7207.94              0.11186 42226.8 -11.8986
20.04              2129.39 2.79962 7314.05              0.110229 42809 -15.4194
20.05              2190.71 2.65423 7431.17              0.247612 43456.3 -14.7294
20.06              2251.61 2.29613 7519.04              0.303691 43944.2 -12.8033
20.07              2296.28 3.8826 7569.12              0.583131 44224.4 -21.2085
20.08              2292.45 9.65378 7540.86              -0.123503 44072.1 -52.6278
20.09              2379.41 2.6452 7639.17              0.242909 44624.3 -15.1929
20.1              2428.41 2.32563 7696.45              0.243416 44944.5 -13.2654
20.11              2476.18 2.65529 7744.76              0.402381 45218.1 -15.039
20.12              2515.24 2.92594 7776.83              0.13672 45399.4 -16.6592
20.13              2552.14 -2.94977 7841.1              0.674506 45745 17.1128
20.14              2628.65 2.51902 7934.95              0.192265 46278.6 -14.368
20.15              2674.01 3.6082 7998.71              0.111971 46630.1 -20.4946
20.16              2714.32 33.0453 8134.75              7.59374 47359.6 -175.185
20.17              2768.79 7.96717 8122.34              1.03773 47317.8 -43.2464
20.18              2816.77 4.29232 8178.75              0.230015 47634.4 -23.8668
20.19              2854.41 -26.9506 8302.85              -7.20023 48296.2 140.303
20.2              2902.22 -2.74943 8277.4              -0.91508 48184 13.2883
20.21              2934.09 -2.52398 8298.07              -1.1362 48308.4 12.1915
20.22              2984.91 1.16861 8352.1              -0.0479315 48614.5 -7.42688
20.23              3004.28 9.12158 8315.19              -0.594031 48411 -52.8672
20.24              3051.91 2.51809 8367.46              0.201395 48717.8 -14.6918
20.25              3100.47 2.22229 8421.03              0.220669 49014.3 -12.8557
20.26              3139.06 2.13247 8463.1              0.20327 49252.8 -12.2833
20.27              3188.48 2.16131 8529.88              0.203973 49619.9 -12.3778
20.28              3227.3 2.12588 8578.89              0.17442 49894.2 -12.1591
20.29              3266.79 2.03896 8626.56              0.126221 50160.6 -11.6756
20.3              3296.23 1.62711 8628.99              0.0268668 50186 -9.3131
20.31              3326.41 1.52145 8642.96              -0.0364032 50270.9 -8.72489
20.32              3364.33 1.77026 8687.48              -0.0344527 50520.6 -10.1871
20.33              3369.01 1.60888 8591.19              -0.206226 50018.4 -9.3624
20.34              3376 1.33486 8496.84              -0.388343 49525.8 -7.93872
20.35              3423.14 1.30428 8589.24              -0.348205 50031.7 -7.6922
20.36              3478.36 1.29603 8719.16              -0.278974 50736.8 -7.55526
20.37              3515.23 1.81658 8764.67              -0.338247 50988.9 -10.419
20.38              3544.78 1.14587 8779.42              -0.386054 51080.5 -6.68243
20.39              3582.1 0.89993 8828.76              -0.41381 51355.1 -5.28999
20.4              3629.63 0.849152 8941.45              -0.369311 51968 -4.9483
20.41              3645.14 0.607086 8890.93              -0.496433 51710.2 -3.62015
20.42              3683.51 0.539511 8963.33              -0.479775 52108.5 -3.18184
20.43              3700.61 0.290314 8912.84              -0.598429 51850.6 -1.83257
20.44              3776.27 0.535724 9185.95              -0.377762 53316.9 -3.02341
20.45              3745.2 -0.101612 8899.31              -0.752489 51803.5 0.320992
20.46              3826.99 0.261852 9206.61              -0.476477 53449.7 -1.48908
20.47              3811.08 -0.314726 8994.35              -0.790562 52332.2 1.55236
20.41              3645.99 0.627201 8891.68              -0.487204 51714.3 -3.72185
20.42              3686.07 0.540723 8962.65              -0.479112 52103.6 -3.18758
20.43              3699.93 0.279029 8912.36              -0.600482 51847.9 -1.77752
20.44              3776.47 0.536763 9185.87              -0.376806 53316.3 -3.0287
20.45              3745.31 -0.100977 8899.5              -0.752456 51804.5 0.317927
20.46              3826.64 0.259987 9206.38              -0.476195 53448.5 -1.4807
20.47              3811.06 -0.310839 8994.24              -0.78727 52331.6 1.53091
20.48              3872.38 -0.611085 9239.38              -0.500889 53644.3 3.2013
20.49              3864.73 -0.75376 9051.32              -0.84234 52658.2 4.02996
20.5              3912.09 -0.604035 9174.02              -0.761373 53321.4 3.28866
20.51              3899.17 -0.963878 8979.6              -1.04321 52301.5 5.18352
20.52              3986.68 -0.477178 9371.07              -0.638811 54390.9 2.7181
20.53              3910.37 -1.46021 8802.44              -1.35574 51388 7.83165
20.54              4058.41 -0.342505 9567.75              -0.504295 55456.7 2.09342
20.55              3949.21 -1.84901 8770.35              -1.51863 51242 9.95963
20.56              4105.87 -0.477421 9618.49              -0.532134 55747.6 2.87659
20.57              4006.88 -1.84743 8875.06              -1.49021 51821.8 9.97535
20.58              4148.38 -0.633104 9669.6              -0.580999 56042.5 3.76474
20.59              4059.6 -1.90183 8984.21              -1.4706 52425.4 10.3339
20.6              4183.17 -0.909499 9697.78              -0.655071 56216.1 5.26231
20.61              4122.55 -1.94845 9180.86              -1.36875 53490.8 10.667
20.62              4213.4 -1.27091 9700.93              -0.765806 56256.4 7.21369
20.63              4177.43 -2.08564 9361.52              -1.27761 54470.4 11.482
20.64              4247.27 -1.66964 9758.94              -0.847031 56586.5 9.40378
20.65              4224.33 -2.26727 9505.89              -1.22414 55257 12.5165
20.66              4255.05 -2.14896 9660.05              -1.07229 56084.5 11.9611
20.67              4255.55 -2.45928 9568.2              -1.22465 55608.2 13.5894
20.68              4264.98 -4.33522 9652.11              -0.989168 56058.9 23.6662
20.69              4278.81 -3.20045 9606.11              -1.2395 55828.8 17.7424
20.7              4296.23 -3.06378 9665.97              -1.2232 56156.6 16.9989
20.71              4304.21 -3.1592 9649.67              -1.27551 56080.7 17.4967
20.72              4327.8 -3.0675 9765.18              -1.17732 56702.5 17.0645
20.73              4323.48 -3.36312 9676.15              -1.32712 56240.9 18.616
20.74              4330.85 -3.43887 9675.72              -1.34135 56248.4 19.0417
20.75              4341.73 -3.44827 9698.36              -1.32524 56377.3 19.0795
20.76              4344.4 -3.77971 9676.85              -1.39722 56273.3 20.9746
20.77              4353.09 -3.69839 9703.58              -1.36998 56423.9 20.5201
20.78              4354.36 -3.93869 9668.9              -1.45985 56248.4 21.8177
20.79              4359.3 -3.05514 9702.6              -1.47571 56434.2 17.024
20.8              4363.83 -3.9371 9679.75              -1.49704 56323 21.7783
20.81              4373.04 -4.00932 9721.36              -1.46576 56552.9 22.2212
20.82              4361.97 -4.44436 9594.44              -1.66331 55888 24.5331
20.83              4386.64 -4.04251 9781.1              -1.4096 56886.3 22.4498
20.84              4362.41 -4.78483 9571.59              -1.75105 55782.7 26.3997
20.85              4395.79 -4.4785 9827.37              -1.40448 57147.8 24.99
20.86              4361.76 -5.53503 9555.73              -1.86709 55713.9 30.7165
20.87              4396.94 -4.51732 9828.68              -1.40793 57171.1 25.1738
20.88              4360.53 -5.44886 9544.42              -1.88146 55668.2 30.1079
20.89              4396.69 -4.49349 9834.73              -1.39793 57219.3 25.0119
20.9              4358.33 -5.55358 9537.7              -1.93065 55647.7 30.6473
20.91              4365.25 -4.92355 9602.01              -1.71109 55997.7 27.2508
20.92              4370.65 -5.18264 9649.6              -1.71762 56258.7 28.7179
20.93              4345.16 -0.703615 9559.88              -2.49409 55776.5 3.12331
20.94              4359.04 -3.88398 9642.28              -1.96226 56227.1 21.1253
20.95              4396.52 -9.77661 10014.9              -3.01488 58216 52.8162
20.96              4325.39 -6.75374 9452.4              -2.31231 55232.8 37.0514
20.97              4382.94 -90.0288 10128.8              -15.8644 58827.3 471.987
20.98              4317.94 -17.2467 9489.45              -3.20068 55443.5 92.3334
20.99              4374.05 -3.32284 9915.23              -0.3737 57725.3 19.3343
21              4297.75 82.5427 9726.11              14.7428 56687.7 -429.483
21.01              4358.58 5.28994 9939.44              0.0948391 57867.8 -26.9728
21.02              4270.05 -3.96648 9338.28              -1.94215 54660.7 22.0519
21.03              4312.72 -7.78903 9815.5              -1.0132 57196.2 43.9884
21.04              4245.84 -7.0017 9347.88              -2.37209 54715.5 38.7103
21.05              4304.18 -4.05449 9792.01              -0.870899 57103.6 22.7399
21.06              4240.72 -6.96045 9430.99              -2.00513 55175.2 38.5406
21.07              4263.3 -6.05741 9674.36              -1.3536 56475.2 33.7695
21.08              4211.96 -3.17769 9542.99              -2.15443 55778 18.4292
21.09              4235.28 -4.25856 9678.93              -1.44587 56519.5 23.9513
21.1              4192.85 -6.80954 9464.2              -1.70264 55369 37.32
21.11              4198.59 -5.81166 9578.43              -1.55813 55994.7 32.2394
21.12              4175.86 -5.8143 9466.99              -1.81934 55401 32.1005
21.13              4170.29 -5.39323 9558.31              -1.5517 55901.5 29.9604
21.14              4147.21 -8.28379 9642.19              -1.4084 56353.1 45.9699
21.15              4126.61 -6.83506 9558.8              -1.58077 55913.7 38.2987
21.16              4132.18 -5.88838 9679.13              -1.37518 56568.9 33.177
21.17              4087.58 -5.97282 9512.47              -1.60209 55678.4 33.5298
21.18              4054.96 -5.36811 9413.99              -1.66734 55155.1 30.0872
21.19              4043.76 -5.25198 9445.92              -1.51079 55336.6 29.5545
21.2              4002.84 -5.6608 9303.82              -1.70774 54576.9 31.7624
21.21              3996.57 -5.32214 9399.55              -1.45917 55100.9 30.2073
21.22              3953.43 -5.48974 9252.86              -1.63858 54315.5 30.9164
21.23              3947.31 -4.75953 9346.17              -1.36499 54828.9 26.9695
21.24              3876 -5.68041 9037.88              -1.85099 53167.9 31.8712
21.25              3891.19 -1.07747 9320.81              -2.20271 54696.4 5.86477
21.26              3858.58 -13.0902 9277.53              -3.86545 54470 71.3074
21.27              3837.4 -5.35632 9251.86              -1.56026 54347.9 30.0374
21.28              3777.21 -99.1022 9285.8              -16.7681 54506.1 524.474
21.29              3805.85 83.9021 9716.19              15.582 56834.4 -439.625
21.3              3696.46 3.53679 8932.29              -0.495146 52631.8 -17.5347
21.31              3739.25 -1.78435 9259.09              -0.459204 54423.1 11.1407
21.32              3631.45 -5.14777 8866.3              -1.42287 52271.7 29.939
21.33              3656.17 -1.66893 9126.92              -0.212102 53713.2 10.3374
21.34              3584.8 -4.43312 8888.15              -0.936445 52407.1 25.6095
21.35              3571.01 -1.34843 9053.86              -1.31523 53323.1 8.79993
21.36              3523.6 -4.02028 8884.85              -0.895853 52411.4 23.1912
21.37              3504.91 -4.54364 8930.07              -0.833806 52663.4 26.0924
21.38              3449.17 -3.92802 8813.24              -1.16143 52030.7 22.3946
21.39              3421.77 -6.48872 8877.38              -0.988077 52392.1 37.1646
21.4              3412.79 -4.80892 8983.71              -0.751342 52977.7 27.9331
21.41              3392.78 -4.00513 9032.94              -0.643216 53258 23.607
21.42              3322.79 -4.00315 8821.83              -0.97258 52112.1 23.3043
21.43              3280.32 -3.13951 8770.74              -0.932669 51842.5 18.4607
21.44              3225.13 -3.76516 8613.61              -1.11528 50993.1 21.8042
21.45              3210.78 -3.93602 8735.84              -0.803328 51669.6 23.4144
21.46              3135.56 -3.87786 8490.88              -1.15917 50335.6 22.5129
21.47              3124.81 -3.02153 8625.62              -0.696213 51085 17.9925
21.48              3014.71 -0.83065 8283.66              -2.95386 49193.6 4.04226
21.49              3082.71 -11.292 8850.5              -2.8777 52325.1 62.2776
21.5              2967.53 -99.1045 8633.55              -17.0461 51105.1 529.204
21.51              2984.19 -9.74143 8693.87              -0.762515 51486.5 54.3074
21.52              2882.49 94.5048 8740.45              17.6194 51677.3 -501.503
21.53              2874.48 7.44951 8498.81              0.951077 50433.9 -38.7222
21.54              2786.86 -1.71869 8293.23              -0.610179 49283.9 11.6203
21.55              2750.88 -0.139095 8273.48              0.450825 49195.2 2.05814
21.56              2703.5 1.45111 8302.53              -0.139399 49352.3 -6.40657
21.57              2659.1 -1.91662 8208.63              -0.586262 48848.3 11.8303
21.58              2630.3 -3.81734 8236.63              -0.127632 49008.5 22.2142
21.59              2574.98 -2.92894 8116.67              -0.689497 48348.7 17.1948
21.6              2543.09 -2.30267 8183.2              -0.38204 48730.8 13.816
21.61              2474.14 -6.06482 8133.37              -0.502315 48453.6 35.1013
21.62              2482.39 -2.81412 8340.76              0.0327131 49615.4 17.3146
21.63              2381.66 -2.21781 8041.17              -0.584728 47963 13.1956
21.64              2351.98 -2.23688 8083.44              -0.396315 48207.8 13.5853
21.65              2287.32 -2.37988 7965.25              -0.479035 47558 14.3308
21.66              2259.54 -2.16583 8046.69              -0.220033 48018.9 13.4341
21.67              2196.93 -1.6257 7926.68              -0.295259 47359.3 10.0101
21.68              2152.57 2.74132 7978.88              -0.731982 47646.9 -15.4281
21.69              2137.92 -10.1835 8182.74              -3.51857 48772.8 55.8298
21.7              2071.66 -84.1921 8263.34              -13.9495 49204.5 454.485
21.71              2021.42 -8.43065 8000.12              -0.424844 47786.8 46.9803
21.72              1956.59 87.5898 8277.11              17.6512 49268.2 -469.386
21.73              1896.47 9.62325 7811.25              1.63773 46756.2 -51.6077
21.74              1857.28 0.538523 7900.65              0.528406 47249.9 -1.03521
21.75              1795.83 2.30504 7796.14              1.84898 46668.7 -11.688
21.76              1720.33 1.72886 7677.91              0.0654755 46020.2 -8.58075
21.77              1695.41 0.37166 7743.94              0.480566 46395.5 -1.00848
21.78              1615.29 -1.6387 7547.46              0.151464 45300 9.67446
21.79              1600.94 -0.179225 7714.54              0.513119 46236.7 1.78883
21.8              1516.24 -1.51742 7540.59              0.00051132 45267.9 9.25051
21.81              1498.33 -1.16389 7716.77              0.649168 46267.4 7.66236
21.82              1437.94 -0.436654 7618.22              0.372039 45720.4 3.34882
21.83              1400.28 0.210698 7682.75              0.572741 46087.8 -0.294818
21.84              1306.53 0.049435 7417.05              0.112191 44608 0.172014
21.85              1279.56 -0.246989 7536.84              0.478274 45285.2 2.36697
21.86              1195.54 0.339584 7329.73              0.169582 44128.5 -1.50811
21.87              1168.64 0.219302 7448.66              0.565006 44804.5 -0.524344
21.88              1058.65 1.59962 7148.89              -1.12593 43108.4 -9.47663
21.89              1083.21 -7.30253 7546.02              -1.67727 45350.6 40.4965
21.9              982.134 -59.0322 7407.95              -10.7714 44555.1 320.461
21.91              973.396 59.6565 7783.58              13.9911 46650.5 -322.899
21.92              858.625 7.4123 7130.88              1.29602 43035.7 -40.7574
21.93              880.126 1.85246 7493.15              1.90784 45083.1 -8.93186
21.94              781.588 1.59648 7226.39              0.837443 43585.9 -8.51892
21.95              784.656 2.75961 7555.73              2.59698 45434.1 -14.5017
21.96              716.144 1.16178 7449.86              1.14821 44844.8 -5.66237
21.97              714.649 1.53669 7694.55              2.06831 46231.7 -7.68102
21.98              579.675 1.012 7223.62              1.02179 43570.7 -5.5199
21.99              584.97 2.11651 7551.39              1.78029 45416.7 -11.2911
22              477.904 4.49735 7148.86              0.928407 43152.3 -25.282
22.01              453.855 3.19164 7353.25              1.48299 44316.4 -17.5883
22.02              378.613 2.30339 7225.17              1.3362 43594.4 -12.6932
22.03              331.114 1.51773 7231.44              1.46172 43632.7 -8.07932
22.04              277.951 2.18573 7190.29              1.46232 43403.2 -11.9781
22.05              218.224 2.7594 7139.18              1.52015 43118.3 -15.5331
22.06              156.423 2.91915 7067.9              1.49779 42717.8 -16.5519
22.07              119.941 2.67738 7138.18              1.68113 43118.9 -14.8262
22.08              64.1899 -3.08054 7061.45              1.97934 42695 19.7877
22.09              -21.3706 0.826855 6887.27              0.923092 41705.7 -4.75865
22.1              -60.4107 1.65678 6868.34              1.34244 41607.1 -9.13827
22.11              -130.364 -4.7286 6789.02              0.38956 41154.9 25.4705
22.12              -187.439 4.40966 6710.2              2.15858 40708.2 -23.6328
22.13              -251.539 5.74581 6631.43              2.1071 40262.8 -32.2226
22.14              -267.063 13.9041 6590.18              0.503342 40073.9 -81.8208
22.15              -362.287 4.72892 6504.65              1.62404 39560.6 -27.412
22.16              -435.121 4.77976 6411.26              1.6604 39009.9 -27.6
22.17              -470.595 -3.34956 6372.32              1.40914 38802.9 18.7413
22.18              -530.987 2.79797 6329.66              1.63717 38555.4 -15.87
22.19              -605.401 2.59599 6236.48              1.61918 38018.7 -15.1757
22.2              -669.713 3.03671 6205.09              1.68383 37831.3 -17.4542
22.21              -720.607 3.78216 6149.75              1.62438 37522.3 -21.6065
22.22              -729.524 12.7286 6094.31              1.43865 37219.7 -72.9705
22.23              -833.044 5.80084 6048.76              1.76261 36954.7 -33.8024
22.24              -892.739 4.85433 5995.88              1.81214 36651 -28.236
22.25              -946.35 2.80096 5955.58              1.89418 36421.7 -16.149
22.26              -1009.27 4.06808 5919.7              1.9116 36220.7 -23.5312
22.27              -1064.11 4.9482 5885.44              2.07318 36023 -28.9748
22.28              -1118.29 5.21823 5829.16              2.13397 35702.5 -30.6316
22.29              -1177.18 4.48808 5767.13              2.04014 35346.7 -26.0595
22.3              -1234.2 4.49763 5714.91              2.06255 35050.3 -26.094
22.31              -1267.1 -3.97802 5707.32              2.96048 35021.3 25.5254
22.32              -1345.69 5.06787 5586.63              2.7404 34319.7 -28.5861
22.33              -1383.13 3.42173 5586.85              2.06815 34323.7 -19.6017
22.34              -1441.73 19.7329 5476.84              6.38067 33706.1 -110.53
22.35              -1494.12 -17.5834 5418.35              -3.35348 33377.4 96.8973
22.36              -1555.79 2.75135 5451.86              2.3208 33540.9 -15.3582
22.37              -1613.41 5.20485 5407.73              2.57965 33284.5 -29.8783
22.38              -1615.08 16.8665 5380.33              1.0242 33178.1 -100.574
22.39              -1713.85 6.00792 5305.63              2.36357 32707.4 -35.3276
22.4              -1780.02 5.59357 5241.51              2.01408 32330.5 -32.6941
22.41              -1845.02 6.19971 5176.14              2.52705 31939.8 -36.1922
22.42              -1875.1 -2.67422 5152.48              2.25733 31815.4 15.3114
22.43              -1945.72 4.38181 5099.25              2.59924 31494.6 -24.8175
22.44              -1999.22 5.43127 5035.72              2.56847 31124.7 -31.7915
22.45              -2067.19 5.71497 4982.27              2.53691 30817.1 -33.0403
22.46              -2130.33 5.1511 4923.67              2.64191 30455.6 -29.7043
22.47              -2181.2 5.88143 4890.5              2.56612 30270.9 -33.8507
22.48              -2199.25 14.6662 4799.37              2.49141 29750.8 -85.0245
22.49              -2262.07 10.3608 4807.26              2.52383 29792.1 -60.3408
22.5              -2351.12 7.20168 4705.99              2.62573 29199.3 -42.1761
22.51              -2396.24 6.70701 4687.89              2.73476 29085.8 -39.113
22.52              -2449.64 4.51408 4652.76              2.76604 28883.3 -26.0433
22.53              -2503.73 5.94809 4598.78              2.75989 28561.9 -34.4537
22.54              -2556.81 6.08774 4540.95              2.73933 28223.7 -35.3283
22.55              -2608.01 6.14033 4499.91              2.74215 27980.2 -35.6405
22.56              -2661.93 7.24739 4425.22              2.86242 27541.8 -42.5914
22.57              -2712.01 7.87618 4381.72              2.92659 27285 -46.5311
22.58              -2765.2 6.60513 4312.68              2.71282 26877.5 -38.4941
22.59              -2825.49 6.54198 4214.09              2.57359 26302 -38.1448
22.6              -2874.47 6.6079 4156.47              2.54004 25959.7 -38.5197
22.61              -2902.49 -3.89986 4160.01              3.27536 25988.7 26.0445
22.62              -2966.23 4.83614 4068.94              2.81766 25445.5 -27.3715
22.63              -3003.63 9.80984 4071.58              4.56261 25453.1 -55.5586
22.64              -3050.08 8.68723 3994.32              2.54341 24993.6 -51.3244
22.65              -3096.13 6.62783 4004.08              2.50249 25038.7 -38.4746
22.66              -3121.19 34.4417 3901.15              10.9309 24465.7 -193.238
22.67              -3178.74 5.67311 3953.08              2.33078 24725.2 -32.9733
22.68              -3218.06 5.05273 3906.46              2.14135 24443.6 -29.2975
22.69              -3250.57 -28.4548 3732.14              -7.8981 23470.6 158.319
22.7              -3318.02 7.65777 3794.45              2.82783 23772.6 -43.8668
22.71              -3351.84 6.38355 3776.34              3.01071 23659.8 -36.0757
22.72              -3394.51 8.10279 3736.83              3.03789 23418.2 -46.3526
22.73              -3438.47 8.58233 3700.05              2.93691 23195.7 -49.3023
22.74              -3468.32 10.2773 3674.53              2.84808 23042.7 -59.6578
22.75              -3460.7 18.3777 3679.82              1.42947 23106.5 -109.724
22.76              -3546.02 9.99041 3587.29              2.5133 22516.7 -58.354
22.77              -3579.52 7.88901 3561.18              2.55448 22351.8 -45.6117
22.78              -3621.15 8.46423 3521.35              2.56035 22108.5 -48.9604
22.79              -3655.63 7.3822 3486.18              1.74576 21896.2 -42.615
22.8              -3695.43 8.36952 3446.93              2.59987 21651.4 -48.3675
22.81              -3735.69 8.12428 3396.54              2.58411 21339.9 -46.8855
22.82              -3764.93 8.0608 3372.9              2.52852 21196.3 -46.4977
22.83              -3797.88 7.98448 3339.43              2.50084 20990 -46.0369
22.84              -3808.08 0.742282 3313.43              2.15119 20832.3 -3.01969
22.85              -3860.6 6.42282 3267.3              2.23086 20548 -36.5721
22.86              -3892.71 6.80241 3222.86              2.16642 20276.9 -38.9857
22.87              -3925.01 6.99417 3192.58              2.12841 20088 -40.1365
22.88              -3951.69 6.92801 3156.96              2.0565 19867.7 -39.7454
22.89              -3982.58 7.15747 3115.36              2.0448 19612.9 -41.0972
22.9              -4010.85 7.24077 3067.75              1.97536 19322 -41.6437
22.91              -4041.17 7.05996 3032.54              1.87398 19105.9 -40.6751
22.92              -4064.44 6.95424 3000.45              1.79446 18905 -40.085
22.93              -4090.75 6.84345 2972.74              1.74336 18731.8 -39.4637
22.94              -4110.91 7.37434 2950.66              1.63567 18593.1 -42.669
22.95              -4135.61 6.76611 2917.49              1.626 18383.6 -39.0806
22.96              -4159.73 6.55546 2893.14              1.56674 18229.6 -37.831
22.97              -4179.82 6.43984 2871.49              1.53066 18090.4 -37.1521
22.98              -4202.5 6.3731 2842.42              1.4463 17908.4 -36.7876
22.99              -4220.59 6.21986 2815.01              1.36767 17734.6 -35.8844
23              -4238.72 6.2067 2789.41              1.28559 17572.1 -35.8171
23.01              -4257.11 6.06125 2770.37              1.19836 17449.3 -35.0027
23.02              -4272.51 5.90963 2753.14              1.16735 17336 -34.0534
23.03              -4287.13 5.75789 2738.42              1.1309 17237.2 -33.1902
23.04              -4300.09 5.53993 2720.29              1.06879 17117.3 -31.9442
23.05              -4313.38 5.34063 2702.41              0.99692 17000 -30.8115
23.06              -4331.04 4.63194 2681.65              0.979262 16865.5 -26.621
23.07              -4339.52 4.87699 2666.38              0.900197 16763.8 -28.1062
23.08              -4352.02 4.69062 2650.47              0.818947 16658.2 -27.081
23.09              -4363.28 4.50069 2634.29              0.719957 16550.6 -25.9847
23.1              -4373.57 4.32937 2617.08              0.649842 16436.3 -25.0014
23.11              -4383.14 4.00483 2604.34              0.55011 16349.6 -23.1389
23.12              -4394.85 3.98807 2588.28              0.487387 16243.3 -23.0817
23.13              -4403.03 3.72817 2573.81              0.41992 16145.8 -21.5342
23.14              -4411.78 3.52146 2558.81              0.334033 16046.1 -20.338
23.15              -4420.01 3.31391 2542.92              0.233764 15940.4 -19.1371
23.16              -4452.39 10.1606 2496.19              0.317159 15649.4 -60.1366
23.17              -4438.97 3.79242 2503.22              0.107746 15682.1 -22.1225
23.18              -4443.4 3.11782 2491.41              -0.00372739 15601 -18.0882
23.19              -4447.67 2.68135 2479.38              -0.0534976 15520 -15.5132
23.2              -4453.87 2.36843 2460.13              -0.13236 15395.2 -13.726
23.21              -4460.28 2.62647 2436.82              0.346967 15243.8 -15.2054
23.22              -4463.5 2.07031 2426.9              -0.156267 15176.9 -11.9718
23.23              -4466.9 1.7482 2411.36              -0.327671 15074.8 -10.1896
23.24              -4472.81 2.17043 2386.88              -0.469018 14918.7 -12.7406
23.25              -4516.28 -8.19984 2290.91              -0.178349 14319.7 50.446
23.26              -4483.33 1.12848 2342.26              -0.348576 14636 -5.78271
23.27              -4483.92 1.0057 2312.24              -0.675484 14452.1 -5.87689
23.28              -4484.07 1.0272 2310.96              -0.763148 14433.3 -6.13516
23.29              -4487.44 1.79276 2293.99              -0.782034 14322.6 -10.8568
23.3              -4482.89 0.790262 2293.37              -0.80831 14311.1 -4.80536
23.31              -4494.88 10.5787 2313.03              2.38064 14395.7 -59.5871
23.32              -4488.16 2.91186 2266.78              -0.452994 14132.7 -16.6462
23.33              -4513.36 1.13379 2156.88              -1.114 13478.7 -6.8443
23.34              -4494.79 -3.89976 2232.85              -2.62309 13911.9 21.2206
23.35              -4480.81 -1.55686 2232.33              -1.28604 13908.6 8.58133
23.36              -4474.33 -1.95491 2236.23              -1.02458 13924.9 11.4861
23.37              -4490.08 -1.46207 2155.93              -1.18031 13446 8.42503
23.38              -4466.18 -1.31342 2210.12              -0.947922 13759.3 7.61755
23.39              -4467.16 5.71704 2201.15              -1.38995 13692.8 -35.5295
23.4              -4444.66 0.045409 2232.09              -0.941969 13874.4 -0.662547
23.41              -4434.42 -0.71631 2240              -0.904342 13915.5 4.03354
23.42              -4423.05 -1.24521 2245.95              -0.872542 13944.6 7.2914
23.43              -4412.19 -1.52625 2251.95              -0.864195 13975.1 9.0036
23.44              -4405.79 -2.5962 2244.68              -1.00632 13927.3 15.6546
23.45              -4395.79 -2.1206 2243.46              -0.93094 13915.4 12.6196
23.46              -4386.08 -2.19418 2242.32              -0.945755 13904.3 13.0204
23.47              -4378.69 -2.30219 2232.01              -0.972214 13839.5 13.6445
23.48              -4366.1 -1.93153 2239.38              -0.941655 13878.5 11.4132
23.49              -4352.09 -2.46304 2246.47              -0.944382 13917.6 14.5895
23.5              -4333.46 -2.72082 2265.18              -0.911056 14024 16.1398
23.51              -4341.32 -4.15066 2225.43              -0.906876 13786.3 24.2692
23.52              -4339.39 -6.88772 2210.84              -1.0868 13697.1 40.4969
23.53              -4310.39 -3.63935 2220.99              -1.13321 13756.7 21.768
23.54              -4289.38 -3.04373 2254.68              -1.05472 13950.2 18.1557
23.55              -4274.48 -3.42304 2262.58              -1.08594 13992.8 20.3493
23.56              -4249.47 -3.85101 2275.09              -0.982651 14066 22.6299
23.57              -4230.57 -2.9958 2287.43              -0.566959 14136.1 18.292
23.58              -4196.41 -4.62125 2336.29              -1.06784 14421.5 27.2422
23.59              -4197.77 -0.889767 2308.31              -1.0737 14255.8 5.75796
23.6              -4164.52 -3.87637 2315.54              -0.960348 14298.7 22.9154
23.61              -4147.35 -3.68332 2318.38              -1.13568 14314.6 21.8848
23.62              -4139.32 -9.61515 2302.64              -0.646012 14210.2 57.9498
23.63              -4099.68 -5.28834 2315.59              -0.960842 14302.9 31.7565
23.64              -4064.56 -4.06362 2379.45              -1.09493 14667.3 24.4812
23.65              -4045.62 -0.41903 2410.4              0.52422 14836.8 4.12401
23.66              -4092.92 -8.79325 2219.57              -3.10586 13727.3 50.3408
23.67              -4009.15 -5.11421 2363.73              -1.17574 14575.6 30.1465
23.68              -4029.21 -5.31106 2243.37              -1.14577 13875.9 31.6238
23.69              -3959.6 -0.197563 2376.1              -1.19443 14643.2 0.732262
23.7              -3903.86 -4.07864 2454.92              -0.768036 15103.9 24.4805
23.71              -3865.92 -4.38231 2498.51              -0.704865 15354.8 26.4344
23.72              -3836.51 -4.76642 2511.07              -0.72072 15426.8 28.8747
23.73              -3808.64 -4.66448 2520.94              -0.72271 15482.8 28.2814
23.74              -3786.31 -4.40569 2517.98              -0.733141 15465.1 26.6581
23.75              -3755.08 -3.84128 2533              -0.70581 15550.8 23.3815
23.76              -3725.51 -4.31221 2539.19              -0.715804 15586.6 26.1222
23.77              -3700.34 -4.27767 2529.02              -0.740818 15527.1 25.9159
23.78              -3686.72 -5.84014 2510.14              -0.626502 15414.7 34.6901
23.79              -3669.98 -8.33051 2500.57              -0.749264 15358 49.0948
23.8              -3606.56 -3.69618 2570.14              -0.889097 15754.2 22.9124
23.81              -3570.21 -3.7613 2570.13              -0.729584 15760.1 23.0184
23.82              -3536.96 -2.31513 2579.16              -0.00655173 15814.3 15.2792
23.83              -3525.18 -0.440473 2563.52              -1.29674 15722.4 4.09049
23.84              -3463.48 -4.50213 2591.24              -0.747541 15888.4 26.8757
23.85              -3423.28 -3.82499 2607.74              -0.622213 15985.6 23.2629
23.86              -3404.4 -10.3946 2592.73              0.0372032 15882.4 62.6975
23.87              -3324.34 -3.3599 2646.27              -0.830144 16219.7 20.5834
23.88              -3309.23 17.9973 2761.37              5.34955 16838.3 -96.6249
23.89              -3288.56 0.380251 2620.45              -0.351495 16062.1 -0.17818
23.9              -3212.12 -21.2979 2812.25              -6.11346 17143.8 118.82
23.91              -3188.14 -10.1866 2721.6              -2.44364 16642.3 58.517
23.92              -3121.31 0.252831 2793.46              -1.46315 17054.6 -2.3062
23.93              -3055.66 -4.83085 2865.9              -0.428342 17479.7 28.9186
23.94              -3012.62 -4.4111 2886.17              -0.306055 17597 26.7449
23.95              -2978 -4.84615 2883.46              -0.368487 17583.4 29.5247
23.96              -2940.54 -3.97459 2889.51              -0.305432 17621 24.1796
23.97              -2886.69 -3.03558 2936.95              -0.210821 17893.6 18.7511
23.98              -2831.64 -3.57223 2977.52              -0.169799 18127.2 21.8704
23.99              -2819.57 -5.72032 2941.42              -0.0530096 17919.7 33.751
24              -2798.78 -9.78162 2923.91              -0.228639 17821 56.9087
24.01              -2706.44 -2.66781 3013.98              -0.535841 18332.9 16.7492
24.02              -2668.98 -2.4282 3022.38              -0.354001 18390.6 15.3237
24.03              -2625.58 0.128349 3014.58              0.81032 18350.8 1.56744
24.04              -2623.22 3.45775 2988.9              -1.26837 18205.1 -17.8298
24.05              -2536.6 -3.42916 3018.22              -0.33839 18385.5 20.2396
24.06              -2492.31 -2.1978 3036.81              -0.109787 18496.4 13.4542
24.07              -2475.97 -11.7888 2958.55              0.762147 18039.5 70.2703
24.08              -2386.62 -1.36285 3092.43              -0.771628 18823.3 8.61254
24.09              -2356.14 31.6281 3242.56              8.75556 19631.6 -170.587
24.1              -2309.03 -25.4861 3238.02              -7.8762 19622.8 139.291
24.11              -2239.68 -10.3056 3219.26              -2.7896 19549.4 57.9303
24.12              -2189.18 3.19514 3235.83              -1.96537 19642.9 -20.3044
24.13              -2114.91 -3.64002 3300.71              -0.479685 20029.8 21.1121
24.14              -2066.04 -3.35353 3330.73              -0.324157 20206.5 19.7163
24.15              -2014.98 -4.00261 3351.03              -0.390817 20324.9 23.8484
24.16              -1973.79 -2.73523 3368.75              -0.315283 20433.2 16.1452
24.17              -1918.27 -1.53671 3411.18              -0.268791 20675.9 9.22831
24.18              -1846.73 -2.26914 3484.11              -0.175302 21091.6 13.4166
24.19              -1805.05 -4.52881 3540.52              0.0936817 21410.9 25.8591
24.2              -1764.81 -9.13374 3576.39              0.00950226 21612.7 51.7321
24.21              -1642.52 -1.355 3731.24              -0.181904 22485.4 8.51495
24.22              -1590.48 -1.67092 3755.66              -0.0959583 22637.3 9.8181
24.23              -1543.39 0.932532 3759.26              0.702133 22664.8 -3.96998
24.24              -1540.84 5.7495 3709.4              -0.796038 22388.1 -31.773
24.25              -1459.27 -0.772975 3730.38              0.311826 22521.9 4.24655
24.26              -1435.74 -7.953 3724.19              0.315575 22475.3 46.7208
24.27              -1351.46 -1.66405 3771.98              -0.266576 22780.4 9.58118
24.28              -1322.43 37.5421 3956.54              9.55889 23771 -202.601
24.29              -1262.91 7.09037 3850.22              0.417324 23227.8 -38.3769
24.3              -1195.51 -27.1141 4028.48              -8.44779 24206.3 145.954
24.31              -1131.63 -10.1294 4011.79              -2.97777 24140.9 55.2908
24.32              -1080.44 4.9283 4040.77              -1.79573 24306.3 -30.8476
24.33              -997.047 -1.65711 4132.93              -0.332943 24840.5 8.80011
24.34              -937.051 -1.78028 4161.44              -0.23889 25005.2 9.91171
24.35              -887.711 -1.4238 4224.93              -0.133236 25370.9 8.06618
24.36              -843.252 -0.656348 4235.73              -0.168487 25439.5 3.49078
24.37              -777.784 0.591596 4310.5              -0.0950461 25862.5 -3.59945
24.38              -719.357 -0.0781087 4349.78              -0.0979083 26086.5 0.142286
24.39              -656.68 -2.46263 4478              0.315051 26802 13.2914
24.4              -649.22 -6.83535 4432.11              0.0471931 26552.6 37.3033
24.41              -548.594 0.594054 4511.01              -0.352433 26997.1 -3.23973
24.42              -495.559 -0.236613 4541.92              -0.125146 27182 0.86108
24.43              -429.767 2.75716 4611.22              0.443262 27578.4 -15.0249
24.44              -408.339 8.04345 4627.13              -0.743287 27670.8 -44.5278
24.45              -296.099 1.55811 4742.55              0.413144 28326.5 -9.40122
24.46              -258.445 -5.3513 4794.32              0.412804 28602 30.9429
24.47              -173.079 -0.616036 4867.09              0.0414929 29035.6 3.19588
24.48              -107.794 1.71183 4954.66              -0.222382 29522.2 -10.0511
24.49              -99.3758 37.8464 5032.18              9.47435 29926.3 -203.4
24.5              -22.0569 -24.0824 5147.32              -7.48899 30579.1 127.783
24.51              24.5084 -7.14052 5067.87              -2.44359 30172.8 37.8611
24.52              89.1543 6.66946 5149              -1.52553 30623.6 -40.4293
24.53              165.745 0.335361 5231.82              -0.13382 31102.9 -2.66258
24.54              218.813 0.532089 5288.13              0.0155053 31425.2 -3.47854
24.55              278.212 -0.0220783 5325.77              -0.040367 31640 -0.011167
24.56              325.322 0.977923 5397.58              0.0638032 32048.8 -5.83846
24.57              373.819 1.25371 5406.44              0.000710694 32103.3 -7.43124
24.58              430.858 2.22997 5470.36              -0.0150416 32463.7 -12.932
24.59              463.892 1.56344 5432.63              -0.15396 32266.6 -9.2875
24.6              522.659 -0.848809 5569.86              0.237966 33025.3 3.89126
24.61              551.3 -5.2269 5568.27              0.106275 33018.5 27.8313
24.62              663.258 1.8198 5699.68              -0.251087 33750 -10.225
24.63              713.206 2.17616 5766.72              -0.0822797 34134.6 -12.3243
24.64              777.596 2.70691 5813.39              0.707379 34395.3 -14.8509
24.65              792.891 8.95662 5840.41              -0.447938 34549.6 -49.0245
24.66              886.66 1.76233 5940.86              -0.0515535 35118.5 -10.5759
24.67              949.036 2.16864 6000.38              0.17772 35454.9 -12.4727
24.68              1001.98 0.590742 6064.76              -0.28975 35808.9 -2.55076
24.69              1054.63 1.9122 6138.69              0.0242581 36236.5 -10.9552
24.7              1123.48 3.70629 6219.71              -0.208664 36678.8 -21.0903
24.71              1173.52 32.1169 6374.76              7.40763 37517.3 -171.404
24.72              1227.68 8.34796 6355.31              0.964355 37440.1 -45.1881
24.73              1273.53 -23.3695 6486.09              -6.93364 38147.3 122.867
24.74              1317.86 -6.53618 6446.9              -2.10783 37955 34.3564
24.75              1370.9 6.9227 6488.31              -1.21774 38187.1 -41.1683
24.76              1442.35 1.38858 6586.75              -0.0101619 38743.3 -8.28464
24.77              1493.05 1.64068 6637.6              0.128518 39031.1 -9.38609
24.78              1545.58 1.70857 6699.96              0.170044 39379.5 -9.62636
24.79              1593.73 1.32499 6741.74              0.117486 39618.9 -7.28222
24.8              1647.85 1.96098 6813.49              0.186149 40017.6 -10.9641
24.81              1695.86 2.0383 6868.51              0.170124 40325.7 -11.3626
24.82              1744.58 2.87705 6924.85              0.13655 40640.1 -16.0569
24.83              1803.09 2.05578 6983.54              0.146254 40968 -11.5093
24.84              1833.01 1.98948 6953.57              0.0172962 40815.5 -11.1767
24.85              1883.92 -0.167628 7061.72              0.294141 41408.5 0.483904
24.86              1893.3 -4.66575 7009.52              0.0551716 41131.3 25.0712
24.87              1996.53 1.73497 7167.44              -0.0294224 42005.9 -9.45101
24.88              2076.94 2.363 7296.25              -0.0137191 42708.3 -12.8978
24.89              2127.62 2.25943 7386.87              0.104771 43211.8 -12.4298
24.9              2179.6 1.9426 7444.53              0.123684 43533.5 -10.7519
24.91              2224.85 3.64391 7495.84              0.482355 43819.6 -19.6725
24.92              2224.82 9.20213 7484.56              -0.243596 43759.3 -50.0034
24.93              2306.27 2.15891 7574.58              0.068838 44265.1 -12.3436
24.94              2347.72 1.93538 7634.58              0.105657 44602.6 -10.8758
24.95              2401.22 2.19307 7676.63              0.234846 44836.6 -12.2297
24.96              2437.04 2.78351 7707.22              0.0748126 45009.4 -15.4887
24.97              2457.94 -3.62055 7702.48              0.36047 44980.5 20.9655
24.98              2533.88 1.92087 7816.24              0.00556106 45622 -10.7458
24.99              2579.62 3.1181 7884.31              -0.0523061 45995.7 -17.475
25              2623.15 28.9601 8020.09              6.57581 46725.2 -153.154
25.01              2673.73 7.01152 8012.45              0.826656 46706.2 -37.6533
25.02              2720.09 3.68425 8076.97              0.124806 47066.3 -20.1027
25.03              2760.33 -23.6789 8190.02              -6.37572 47668.1 123.63
25.04              2801.5 -2.88306 8178.83              -0.896495 47632.9 14.5601
25.05              2843.79 -0.0399873 8191.2              -0.285008 47707.2 -0.197961
25.06              2888.7 -1.17201 8250.69              -0.746052 48036.7 5.4099
25.07              2928.55 1.16545 8280.44              -0.0364271 48211.3 -6.88251
25.08              2943.71 8.23973 8249.29              -0.58112 48040.4 -47.3537
25.09              2989.26 1.97336 8302.07              0.106738 48348.2 -11.2222
25.1              3035.92 1.60797 8349.19              0.111984 48608.5 -9.04138
25.11              3072.75 1.50033 8389.22              0.101529 48835.1 -8.36695
25.12              3116.02 1.44988 8441.91              0.0906058 49126.6 -8.05313
25.13              3150.24 1.32975 8474.89              0.0356679 49314.4 -7.38806
25.14              3147.1 0.790839 8337.67              -0.202061 48593.3 -4.41746
25.15              3182.28 0.707685 8367.15              -0.238149 48760.4 -3.94399
25.16              3210.3 0.84595 8357.82              -0.277591 48721.5 -4.79683
25.17              3242.61 0.761602 8387.42              -0.312759 48891.3 -4.33368
25.18              3292.12 0.760762 8503.55              -0.25855 49522.5 -4.26059
25.19              3329.6 0.671431 8545.95              -0.27473 49759.3 -3.73208
25.2              3370.63 0.570246 8605.36              -0.288954 50085.9 -3.14787
25.21              3403.98 0.998051 8646.67              -0.342267 50316.5 -5.49311
25.22              3425.79 0.453417 8628.85              -0.411264 50233.8 -2.51027
25.23              3484.57 0.409494 8787.29              -0.325716 51089.5 -2.18409
25.24              3493.42 0.0873017 8707.63              -0.474899 50676.6 -0.476615
25.25              3547.82 0.174753 8859.71              -0.370287 51497.5 -0.853947
25.26              3551.27 -0.192181 8750.15              -0.559099 50925 1.10246
25.27              3617.1 0.0144449 8972.44              -0.392599 52120.6 0.0946837
25.28              3626.55 -0.322958 8896.31              -0.547625 51725.3 1.89197
25.29              3683.61 -0.193467 9081              -0.427494 52720.7 1.27366
25.3              3656.55 -0.800956 8806.6              -0.763969 51271.3 4.46772
25.31              3711.4 -0.65005 8979.37              -0.634332 52200.6 3.73615
25.32              3684.54 -1.50025 8727.63              -0.897473 50872 8.1713
25.33              3775.98 -0.958464 9101.66              -0.58408 52871.5 5.51255
25.34              3707.54 -1.85258 8565.01              -1.22965 50034.3 10.1485
25.35              3863.43 -0.584768 9352.71              -0.402312 54227.3 3.62809
25.36              3747 -2.17286 8514.26              -1.42083 49788.5 11.8703
25.37              3931.19 -0.4824 9521.88              -0.294223 55147.7 3.14607
25.38              3809.97 -2.20691 8629.29              -1.39299 50423.8 12.0824
25.39              3975.28 -0.751987 9554.29              -0.382657 55342.9 4.60734
25.4              3866.22 -2.22538 8735.09              -1.36762 51010 12.1959
25.41              4015.15 -1.07112 9578.21              -0.496571 55492.9 6.34881
25.42              3935.16 -2.27401 8933.11              -1.30324 52084.3 12.5313
25.43              4034.28 -1.41992 9477.31              -0.699393 54981.7 8.11799
25.44              4004.7 -2.22473 9158              -1.15744 53300.1 12.3115
25.45              4059.77 -1.90611 9442.49              -0.876972 54821 10.7012
25.46              4053.04 -2.39145 9270.14              -1.13558 53917.8 13.2205
25.47              4093.04 -2.20882 9463.57              -0.952947 54955 12.3084
25.48              4108.15 -2.4693 9459.37              -1.04269 54944 13.7017
25.49              4129.95 -2.46975 9535.55              -1.00877 55359.8 13.7066
25.5              4128.03 -2.87524 9419.21              -1.21041 54752.7 15.8578
25.51              4155.2 -2.72593 9537.36              -1.07912 55390.9 15.0736
25.52              4144.26 -4.98719 9440.19              -1.07264 54881.3 27.1105
25.53              4178.19 -3.46275 9546.04              -1.13212 55457.2 19.1681
25.54              4184.2 -3.55726 9496.21              -1.24409 55203.6 19.5942
25.55              4205.57 -3.41273 9575.28              -1.1884 55633.9 18.8292
25.56              4220.6 -3.45247 9611.51              -1.18483 55836.7 19.0508
25.57              4228.27 -3.5793 9606.05              -1.23465 55818.4 19.7119
25.58              4229.72 -3.76401 9538.25              -1.32767 55468.4 20.6533
25.59              4248.99 -3.73519 9627.33              -1.24986 55951.4 20.5599
25.6              4247.52 -3.9859 9544.66              -1.371 55522.9 21.8992
25.61              4266.64 -3.87593 9638.73              -1.26359 56031.8 21.3628
25.62              4263.78 -4.47909 9554.47              -1.40452 55593.9 24.5471
25.63              4278.11 -3.51678 9647.56              -1.37095 56097 19.3951
25.64              4274.8 -4.25365 9538.51              -1.44539 55527.8 23.2737
25.65              4299.24 -4.33965 9691.17              -1.31369 56348.3 23.8687
25.66              4278.9 -4.80379 9467.13              -1.6065 55169.3 26.2879
25.67              4318.76 -4.2594 9755.71              -1.23605 56709.7 23.5128
25.68              4289.3 -5.15585 9477.15              -1.64398 55240.4 28.2404
25.69              4330.26 -4.6093 9785.67              -1.25149 56887.1 25.5497
25.7              4295.52 -5.78926 9471.31              -1.74009 55227 31.924
25.71              4338.58 -4.61937 9799.08              -1.25032 56976.3 25.6148
25.72              4301.62 -5.59356 9478.57              -1.73698 55282.1 30.7323
25.73              4343.17 -4.74557 9802.03              -1.28427 57009.8 26.2824
25.74              4307.06 -5.708 9485.68              -1.79885 55336.7 31.3258
25.75              4314.62 -5.27742 9541.01              -1.61998 55639.6 29.0726
25.76              4330.22 -5.16658 9646.77              -1.50964 56210.8 28.5181
25.77              4302.12 -1.56988 9506.57              -2.36713 55462.6 7.87778
25.78              4327.05 -4.14781 9661.24              -1.78459 56297.7 22.592
25.79              4355.28 -10.1283 9935.14              -3.11799 57763.3 54.3807
25.8              4301.7 -7.33389 9491.52              -2.17485 55412.4 40.3193
25.81              4343.65 -95.2595 10045.9              -16.7426 58356.8 499.264
25.82              4303.89 -16.9734 9540.73              -2.90864 55690.9 90.9916
25.83              4342.94 -4.74578 9837.98              -0.529357 57287.5 26.8067
25.84              4291.71 86.8753 9784.96              15.8255 56978.6 -452.071
25.85              4336.39 4.98004 9873.56              0.283653 57492.9 -25.1756
25.86              4272.22 -3.76953 9396.78              -1.72861 54952.7 20.9929
25.87              4319.45 -5.60018 9804.74              -1.21169 57140.3 31.1144
25.88              4242.59 -8.28148 9395.06              -1.88268 54933.4 46.1523
25.89              4293.96 -6.39445 9704.13              -1.5374 56614.3 35.5927
25.9              4257.07 -5.17134 9510.44              -1.26957 55582.1 28.5947
25.91              4271.4 -6.07346 9682.48              -1.15648 56500.8 33.9571
25.92              4229.48 -3.8595 9562.36              -2.06076 55866.9 22.1531
25.93              4254.73 -4.6722 9700.71              -1.39184 56622.6 26.3077
25.94              4218.32 -7.12387 9493.91              -1.65897 55516.5 39.1193
25.95              4226.85 -6.20507 9611.4              -1.51709 56160.4 34.5294
25.96              4200.08 -6.03507 9485.24              -1.72827 55489.5 33.3818
25.97              4209.79 -5.81823 9587.22              -1.56314 56047.2 32.4403
25.98              4167.85 -8.56611 9538.5              -1.60259 55788.4 47.6154
25.99              4187.5 -6.56857 9705.64              -1.36187 56697.9 37.1201
26              4180.75 -6.1004 9741.39              -1.34855 56898.1 34.5275
26.01              4139.56 -6.21845 9566.77              -1.58011 55966.9 35.0577
26.02              4106 -5.70256 9433.78              -1.69526 55259.1 32.0546
26.03              4107.35 -5.39636 9538.89              -1.43376 55835.8 30.5816
26.04              4068.46 -5.90525 9375.77              -1.67736 54964.4 33.318
26.05              4063.22 -5.37762 9467.6              -1.4195 55467.5 30.6186
26.06              4031.65 -5.73966 9373.47              -1.57612 54968.2 32.6301
26.07              4018.55 -5.11553 9418.41              -1.37202 55220 29.1916
26.08              3959.91 -5.84783 9145.64              -1.79935 53754.3 33.0311
26.09              3966.6 -1.24718 9366.47              -1.93148 54949.6 7.12859
26.1              3958.01 -12.7854 9461.11              -4.16173 55467.4 69.6314
26.11              3915.06 -6.48115 9296.09              -1.67767 54591.6 36.5723
26.12              3896.6 -98.1529 9560.97              -16.3046 56004 519.847
26.13              3875.87 82.5539 9698.13              15.2248 56741.8 -432.223
26.14              3832.46 4.34785 9256.86              -0.0446265 54403.3 -21.4513
26.15              3811.54 -2.29204 9229.97              -0.776146 54271.6 14.0398
26.16              3759.42 -4.531 9125.24              -1.17567 53692.2 26.9045
26.17              3737.29 -2.36606 9102.37              -0.59792 53589.3 14.2821
26.18              3709.37 -4.09528 9110.32              -0.755425 53629.3 24.1
26.19              3667.64 -1.71652 9101.95              -1.46626 53597.5 10.9965
26.2              3648.79 -3.71287 9092.2              -0.875153 53555.7 21.8559
26.21              3607.08 -4.95772 8991.49              -0.989931 53012.2 28.4478
26.22              3575.46 -3.84368 9006.38              -1.1015 53099.6 22.2716
26.23              3540.87 -3.66822 8951.94              -1.09901 52819.1 21.3432
26.24              3526.59 -6.68876 9149.27              -0.786372 53896.3 38.7167
26.25              3516.11 -3.97858 9204.54              -0.679808 54212.4 23.7369
26.26              3443.56 -4.26977 8965.28              -1.08917 52914.6 25.067
26.27              3402.93 -3.14322 8914.4              -1.03125 52647.4 18.6695
26.28              3357.4 -3.60361 8818.69              -1.10224 52136.1 21.2334
26.29              3320.9 -3.99385 8801.21              -1.08605 52048.7 23.785
26.3              3274.87 -3.45867 8722.83              -1.06826 51629.5 20.5064
26.31              3240.56 -3.18328 8714.84              -0.969397 51596.1 19.0388
26.32              3147.32 0.667523 8419.82              -2.01482 49976.7 -3.88206
26.33              3200.01 -12.0788 8978.51              -4.04553 53039.1 66.6584
26.34              3094.25 -95.8771 8774.98              -16.5596 51908.9 512.124
26.35              3118.29 -8.66737 8876.25              -0.742053 52514 48.6656
26.36              3005.63 91.375 8851.43              16.7842 52315.8 -484.71
26.37              3006.73 8.02572 8677.9              0.919983 51447.1 -41.7375
26.38              2913.83 -1.69972 8440.51              -0.777547 50124.3 11.6561
26.39              2887.37 0.422167 8465              0.37313 50279.9 -0.924339
26.4              2814.3 1.25986 8365.37              -0.462359 49727.2 -5.30656
26.41              2802.66 -1.07354 8449.57              -0.420219 50208.6 7.37299
26.42              2697.52 -4.24622 8081.97              -1.00935 48182.5 24.1925
26.43              2742.02 -1.7352 8481.48              -0.18025 50398.2 11.0388
26.44              2600.19 -2.88963 7975.22              -1.37037 47612.7 16.5832
26.45              2651.26 -4.55628 8572.34              0.173758 50917 27.2988
26.46              2543.82 -3.14747 8158.36              -0.891706 48638.5 18.6491
26.47              2553.66 -0.895584 8463.98              0.0349253 50340.8 6.42612
26.48              2408.35 -2.50792 7886.02              -1.34395 47146.5 14.4806
26.49              2464.48 -0.665781 8419.63              0.247572 50115.9 5.27285
26.5              2298.57 -2.90367 7777.74              -1.42888 46559.9 16.8976
26.51              2376.23 0.0292725 8417.24              0.528082 50121.1 1.48588
26.52              2175.9 2.02098 7634.63              -2.07927 45770.5 -12.3444
26.53              2308.71 -8.3152 8636.85              -2.70456 51336.5 45.9872
26.54              2100.01 -3.37709 7723.27              -1.40435 46285.3 19.0057
26.55              2221.51 -75.4658 8862.9              -11.3119 52586.7 407.644
26.56              1956.36 78.186 7912.63              14.6768 47271.1 -419.595
26.57              2103.45 9.52363 8484.4              2.38688 50553.3 -50.6608
26.58              1845.45 -0.0330302 7465.76              -1.03258 44859.1 0.959908
26.59              1964.29 3.25161 8272.82              2.2872 49379.2 -16.3768
26.6              1730.47 1.84214 7376.44              -0.745895 44369.3 -9.83534
26.61              1866.48 1.4901 8269.67              1.35536 49374.9 -6.433
26.62              1612.07 -1.73303 7198.9              -1.04355 43388.9 9.37416
26.63              1733.65 1.21052 8073.35              1.16244 48284.1 -5.49587
26.64              1501.11 -1.74116 7134.57              -1.17802 43043.6 9.64856
26.65              1640.78 0.520761 8134.22              1.44087 48642.8 -1.19069
26.66              1431.61 -0.171859 7275.1              -0.743769 43840.3 0.998212
26.67              1547.51 1.99786 8161.83              1.56409 48814.9 -9.66312
26.68              1284.21 0.0362498 7015.02              -1.19203 42397.2 -0.756823
26.69              1436.26 1.65591 8100.34              1.73985 48488.8 -7.50395
26.7              1164.69 0.244019 6913.05              -1.21219 41832.8 -1.96159
26.71              1319.38 2.06678 8006.88              1.81032 47980.2 -10.0206
26.72              1030.4 2.64518 6752.29              -1.63916 40934.7 -16.3528
26.73              1205.38 -6.60842 8061.96              -1.48834 48283.3 37.2191
26.74              1073.89 -57.1312 7722.27              -10.2628 46363.4 310.187
26.75              1092.85 60.3111 8264.76              14.5247 49396.3 -326.238
26.76              1004.41 9.40715 7790.89              2.44824 46791.1 -51.2037
26.77              996.562 5.42517 7987.32              2.22573 47908.9 -29.432
26.78              892.764 3.70935 7701.47              1.16148 46301 -20.2749
26.79              836.393 3.99167 7741.19              2.25157 46510.6 -21.6042
26.8              758.201 0.352129 7574.45              1.08564 45585 -1.12786
26.81              705.655 2.39653 7565.31              1.38265 45534.7 -12.8606
26.82              632.969 1.87703 7455.29              1.28584 44911.1 -10.4264
26.83              559.681 2.75608 7385.3              1.18654 44513.2 -15.3989
26.84              518.602 6.95295 7324.85              1.10278 44180.3 -39.1038
26.85              453.184 5.14407 7319.18              1.16622 44157.9 -28.9899
26.86              390.61 3.78349 7295.91              1.32205 44024.9 -21.281
26.87              332.3 2.27349 7250.04              1.36687 43767.5 -12.4441
26.88              274.196 3.33582 7231.09              1.41429 43665.5 -18.6699
26.89              212.85 4.17115 7181.6              1.52089 43385.9 -23.8208
26.9              144.908 4.24974 7075.82              1.47955 42791.2 -24.4016
26.91              75.3641 3.78455 6976.37              1.35847 42232.3 -21.5437
26.92              26.9196 -3.69211 6947.85              1.95315 42083.6 23.4731
26.93              -45.3754 2.50864 6842.35              1.2588 41479.1 -14.3407
26.94              -107.592 2.76087 6741.57              1.18928 40917.4 -15.8306
26.95              -169.792 1.47341 6691.82              1.3724 40633.7 -9.18809
26.96              -235.573 1.30486 6622.1              0.842151 40240.2 -7.72429
26.97              -295.136 4.62715 6582.06              1.96907 40012.7 -25.9085
26.98              -318.589 14.7822 6537.83              0.446775 39805.6 -87.1124
26.99              -406.847 5.46807 6458.57              1.57219 39321.8 -31.8817
27              -489.83 5.75846 6360.88              1.68737 38748.3 -33.4265
27.01              -524.498 -2.14878 6323.6              1.55967 38550 11.6966
27.02              -594.278 4.03944 6283.2              1.64618 38313.9 -23.0257
27.03              -671.689 3.40341 6187.25              1.71322 37762.3 -20.1021
27.04              -730.802 4.09105 6141.91              1.75941 37490.8 -23.6927
27.05              -800.453 4.81538 6088.02              1.70054 37195.1 -27.739
27.06              -805.467 13.7617 6023.13              1.49525 36833.5 -79.1108
27.07              -908.445 6.83564 5969.58              1.82091 36520.5 -39.9403
27.08              -974.054 5.8756 5922              1.87574 36247.8 -34.2674
27.09              -1030.56 3.80941 5879.75              1.95605 36006.4 -22.1024
27.1              -1088.72 5.02343 5856.03              2.00271 35871.7 -29.1453
27.11              -1147.33 5.88093 5814.03              2.14804 35629.2 -34.455
27.12              -1207.17 6.12287 5759.52              2.21271 35318.7 -35.9329
27.13              -1269.95 5.40777 5698.09              2.13217 34966 -31.4636
27.14              -1330.03 5.35131 5645.82              2.15525 34668.4 -31.0928
27.15              -1366.64 -3.0432 5644.38              2.88711 34668.8 19.9657
27.16              -1433.46 6.35943 5568.84              3.26137 34232.1 -35.9238
27.17              -1498.83 5.89764 5458.85              2.08157 33599.8 -34.4869
27.18              -1549.88 20.8124 5380.93              6.85863 33166.3 -116.18
27.19              -1607.12 -18.4815 5321.83              -3.78446 32836.3 101.633
27.2              -1668.58 3.28318 5358.63              2.36363 33012 -18.4923
27.21              -1734.51 5.78636 5321.43              2.63906 32798.9 -33.3077
27.22              -1739.22 17.2803 5263.34              1.07223 32510 -102.958
27.23              -1838.85 6.52948 5201.41              2.41542 32113 -38.3553
27.24              -1899.62 6.16789 5136.25              2.01091 31729.3 -36.0434
27.25              -1975.2 6.75476 5068.49              2.64442 31324.4 -39.3643
27.26              -1989.93 -1.77984 5049.04              2.37137 31214.9 10.0957
27.27              -2073.86 4.96077 5003.17              2.66219 30941.9 -28.0668
27.28              -2126.18 5.76261 4934.82              2.67556 30542 -33.714
27.29              -2188.43 5.99266 4891.51              2.6345 30288.4 -34.5159
27.3              -2263.4 5.57997 4812.43              2.69802 29811.4 -32.176
27.31              -2306.59 6.22614 4791.71              2.65379 29696.3 -35.7551
27.32              -2327.16 14.5975 4716.43              2.58991 29265.2 -84.4623
27.33              -2386.45 10.6019 4720.76              2.62477 29285.5 -61.5779
27.34              -2478.2 7.40813 4592.94              2.68414 28537.4 -43.2348
27.35              -2528.19 6.83521 4564.04              2.76354 28361.7 -39.7087
27.36              -2575.6 4.57935 4536.86              2.80914 28201.8 -26.2325
27.37              -2629.15 6.01889 4482.11              2.8008 27874.3 -34.6893
27.38              -2687.99 6.21198 4420.86              2.7639 27518.9 -35.8599
27.39              -2735.24 6.25141 4384.89              2.777 27301.9 -36.0755
27.4              -2783.31 7.1935 4326.76              2.90742 26954.9 -42.0033
27.41              -2840.48 7.72968 4262.03              2.94386 26578.5 -45.3927
27.42              -2890.3 6.4362 4206.25              2.74709 26245 -37.2239
27.43              -2946.58 6.34434 4122.98              2.63929 25756.3 -36.6766
27.44              -2993.87 6.33705 4077.96              2.63896 25487.3 -36.5959
27.45              -3039.11 6.34353 4044.95              2.6369 25287.4 -36.5985
27.46              -3060.31 -3.8248 4030.84              3.31993 25206.6 25.924
27.47              -3124.46 4.52952 3965.57              2.92269 24818.3 -25.207
27.48              -3160.65 12.3303 3902.83              4.63582 24449.7 -71.0178
27.49              -3210.23 5.98888 3899.99              2.59561 24411.8 -34.3142
27.5              -3236.45 32.9079 3790.28              10.6931 23797.7 -184.038
27.51              -3297.45 4.82468 3814.23              2.16274 23894.2 -27.6383
27.52              -3335.26 4.47847 3765.98              1.98691 23602.1 -25.7337
27.53              -3361.17 -27.6464 3619.96              -7.56719 22789 154.157
27.54              -3426.15 6.42498 3686.89              2.68687 23120.7 -36.4169
27.55              -3457.61 5.4187 3677.27              2.93441 23056.5 -30.1209
27.56              -3497.91 7.05155 3644.72              2.97432 22856.5 -39.8961
27.57              -3536.71 7.47087 3606.59              2.87943 22623.6 -42.4618
27.58              -3562.51 9.08719 3583.26              2.77363 22481.5 -52.3556
27.59              -3559.31 16.5595 3572.39              1.44291 22446.2 -98.4824
27.6              -3638.93 8.77916 3488.75              2.42547 21912.4 -50.8666
27.61              -3670.63 6.6938 3467.95              2.47109 21778.2 -38.2205
27.62              -3708.24 7.23072 3431.26              2.47515 21552 -41.3506
27.63              -3740.24 6.11752 3395.32              1.64321 21334 -34.841
27.64              -3778.74 6.96889 3357.94              2.46973 21099.5 -39.7805
27.65              -3815.58 6.86611 3309.9              2.43487 20799.9 -39.1719
27.66              -3842.4 6.79358 3288.11              2.38454 20666.1 -38.7419
27.67              -3874.43 6.70708 3256.52              2.34834 20470.8 -38.2267
27.68              -3904.83 6.42967 3215.6              2.22229 20219.5 -36.6887
27.69              -3915.12 0.428998 3181.68              1.86616 20012 -0.85086
27.7              -3959.72 4.94409 3140.52              1.92 19757.5 -27.7258
27.71              -3991.73 5.4247 3102.17              1.89357 19520.5 -30.6821
27.72              -4021.63 5.39845 3055.29              1.76038 19234.2 -30.6208
27.73              -4048.99 5.59744 3020.06              1.75483 19015.8 -31.7948
27.74              -4075.02 5.73003 2984.37              1.71348 18794.4 -32.594
27.75              -4098.58 5.5502 2954.56              1.621 18606.8 -31.6246
27.76              -4122.46 5.42575 2927.89              1.55932 18438.5 -30.9343
27.77              -4147.45 5.29583 2906.78              1.49723 18304.2 -30.1956
27.78              -4163.12 5.78413 2889.33              1.41199 18190.3 -33.1297
27.79              -4185.5 5.17504 2865.64              1.41093 18037.2 -29.5376
27.8              -4207.55 5.13009 2844.67              1.38494 17902.5 -29.2622
27.81              -4224.92 4.89595 2823.32              1.30746 17764.9 -27.8991
27.82              -4242.84 4.78931 2803.01              1.26203 17632.6 -27.2753
27.83              -4259.59 4.64033 2783.8              1.19376 17507.8 -26.3968
27.84              -4276.39 4.57681 2765.13              1.16634 17386.4 -26.0184
27.85              -4292.43 4.38641 2748.64              1.06693 17278.3 -24.8643
27.86              -4305.79 4.17137 2729.86              0.993211 17155 -23.64
27.87              -4320.27 3.97874 2713.78              0.927584 17048.8 -22.5657
27.88              -4331.49 3.79659 2698.4              0.854067 16945.1 -21.5224
27.89              -4344.66 3.70049 2683.92              0.793195 16848.7 -20.9951
27.9              -4355.66 3.50368 2669.4              0.736297 16751.2 -19.8764
27.91              -4369.6 2.81875 2652.75              0.671712 16640.3 -15.8056
27.92              -4377.04 2.99957 2641.97              0.566032 16565.4 -16.9411
27.93              -4385.98 2.92253 2627.66              0.492499 16468.8 -16.5173
27.94              -4396.13 2.78935 2614.76              0.425159 16381 -15.7853
27.95              -4403.76 2.62639 2605.11              0.376669 16313 -14.8626
27.96              -4411.05 2.41243 2596.24              0.291331 16248.9 -13.6835
27.97              -4420.61 2.18075 2576.3              0.201243 16120.2 -12.3279
27.98              -4428.48 2.05462 2559.34              0.119327 16009 -11.6289
27.99              -4435.83 1.88792 2539              -0.00583926 15877.4 -10.6751
28              -4468.69 8.52543 2489.77              0.036237 15572.1 -50.3899
28.01              -4454.49 2.33427 2493.74              -0.161338 15587.6 -13.4416
28.02              -4458.78 1.77075 2478.35              -0.303326 15485.6 -10.0831
28.03              -4463.56 1.462 2461.43              -0.392772 15375.9 -8.3109
28.04              -4469.74 1.2165 2434.93              -0.502204 15208.6 -6.88086
28.05              -4476.5 0.976441 2410.61              -0.627391 15055.5 -5.59015
28.06              -4484.75 1.47123 2388.08              -0.177604 14908.9 -8.41454
28.07              -4488.18 0.94372 2364.85              -0.687076 14762.9 -5.41707
28.08              -4495.44 1.42332 2344.06              -0.851947 14630.4 -8.33485
28.09              -4538.14 -8.94656 2249.86              -0.555211 14042.7 54.8703
28.1              -4500.1 0.146715 2314.41              -0.745808 14436.8 -0.0128794
28.11              -4498.95 0.33407 2293.37              -1.02178 14306.7 -1.83441
28.12              -4498.65 0.291518 2295.1              -1.08557 14306.9 -1.69586
28.13              -4496.49 0.303338 2290.63              -1.12855 14271.4 -1.84662
28.14              -4488.34 0.863539 2310.25              -1.0499 14380 -5.22786
28.15              -4495.52 7.63451 2326.12              1.4212 14447.8 -42.8619
28.16              -4487.01 1.8206 2295.96              -0.774859 14276.4 -10.2223
28.17              -4512.01 0.448288 2191.66              -1.36759 13653.8 -2.70919
28.18              -4491.93 -3.54093 2262.71              -2.59452 14061.6 19.5176
28.19              -4475.2 -1.73534 2275.83              -1.42801 14139.3 9.85038
28.2              -4465.94 -2.2785 2283.22              -1.20353 14177.1 13.6022
28.21              -4481.61 -1.73551 2205.92              -1.3505 13715.3 10.242
28.22              -4455.17 -1.61155 2263.94              -1.11684 14053.9 9.57796
28.23              -4453.17 5.62488 2262.11              -1.57576 14030.9 -34.8275
28.24              -4431.13 -0.144011 2289.54              -1.1201 14193.3 0.611437
28.25              -4420.67 -0.871379 2295.82              -1.09751 14226.1 5.08122
28.26              -4410.04 -1.35373 2298.31              -1.08318 14236.4 8.04067
28.27              -4400.23 -1.58605 2298.17              -1.08543 14231.6 9.46481
28.28              -4391.54 -2.55344 2296.59              -1.20498 14218.7 15.487
28.29              -4378.79 -2.06986 2301.97              -1.11201 14247 12.4322
28.3              -4367.05 -2.18119 2304.57              -1.12331 14259.2 13.0552
28.31              -4360.54 -2.15768 2290.61              -1.14704 14174.2 12.9314
28.32              -4345.25 -1.69624 2302.79              -1.09638 14242.6 10.1713
28.33              -4329.2 -2.14453 2313.82              -1.08567 14306.3 12.865
28.34              -4311.94 -2.3083 2326.55              -1.07232 14379 13.8676
28.35              -4306.09 -3.82065 2324.08              -0.958184 14360.4 22.5521
28.36              -4292.44 -2.69918 2305.44              -1.16627 14250.2 16.201
28.37              -4298.35 -6.45975 2282.69              -1.20016 14113 38.1156
28.38              -4257.86 -2.90904 2332.17              -1.21827 14402.2 17.595
28.39              -4241.61 -2.77737 2343.12              -1.15502 14463.1 16.798
28.4              -4215.49 -3.00855 2355.18              -1.06699 14535.1 17.9035
28.41              -4195.25 -2.3089 2365.3              -0.612486 14593.4 14.3512
28.42              -4172.05 -3.56558 2381.95              -1.13272 14691.3 21.1576
28.43              -4168.22 0.261362 2370.3              -1.18767 14621.4 -0.914229
28.44              -4125.71 -3.06208 2397.05              -0.990648 14779.5 18.175
28.45              -4099.05 -2.98845 2420.6              -1.09039 14918.2 17.8801
28.46              -4089.16 -9.44723 2410.28              -0.562943 14843.7 57.1042
28.47              -4049.76 -4.39338 2417.34              -0.872826 14904.7 26.6056
28.48              -4012.21 -2.96856 2487.26              -1.02118 15304.9 18.1095
28.49              -4000.46 5.14413 2521.44              1.84005 15485.5 -26.9824
28.5              -4042.32 -2.13171 2293.67              -1.18904 14173.3 12.92
28.51              -3962.1 -9.84807 2486.41              -3.44152 15288.2 55.9412
28.52              -3980.86 -5.61289 2336.24              -1.60523 14423.5 32.799
28.53              -3910.07 1.2623 2467.77              -1.34162 15186.8 -8.24412
28.54              -3852.72 -3.00631 2548.72              -0.683591 15662.9 18.0564
28.55              -3815.73 -3.02197 2587.76              -0.576911 15888.6 18.3414
28.56              -3789.74 -3.01642 2588.88              -0.554624 15894 18.3813
28.57              -3765.78 -3.55425 2582.12              -0.631003 15853.8 21.802
28.58              -3739.34 -2.84106 2588.84              -0.556477 15893.3 17.3852
28.59              -3720.19 -2.11897 2569.72              -0.592876 15781.7 13.1058
28.6              -3686.65 -2.70094 2582.7              -0.561868 15858 16.5452
28.61              -3652.35 -2.63042 2594              -0.529896 15923.1 16.1485
28.62              -3638.42 -4.30372 2584.07              -0.403367 15864.5 25.5486
28.63              -3621.68 -7.25659 2575.12              -0.514882 15811.3 42.6889
28.64              -3549.22 -1.97081 2658.37              -0.619163 16286 12.6426
28.65              -3511.05 -1.87161 2673.96              -0.491746 16385 11.9382
28.66              -3468.33 -0.708587 2688.1              0.377285 16465.8 5.64912
28.67              -3454.03 2.27354 2695.21              -0.857045 16505.3 -11.6829
28.68              -3384.24 -2.86809 2730.93              -0.41878 16718 17.1292
28.69              -3342.11 -2.51183 2753.84              -0.195531 16854.4 15.3672
28.7              -3331.96 -8.57345 2734.64              0.250215 16726.1 51.9295
28.71              -3261.31 -1.57343 2761.92              -0.393003 16915.4 10.1619
28.72              -3252.51 27.6795 2891.73              7.62951 17608 -150.705
28.73              -3223.55 3.75624 2730              0.0250767 16722.2 -19.6567
28.74              -3153.59 -25.0662 2933.65              -7.67123 17867.4 138.433
28.75              -3120.75 -9.65611 2833.57              -2.61126 17319.1 54.696
28.76              -3061.34 3.07631 2902.46              -1.56186 17712.8 -19.4414
28.77              -2988.99 -2.87819 2975.85              -0.165837 18146.4 17.2498
28.78              -2943.71 -2.33086 2999.45              0.0217272 18283.6 14.4187
28.79              -2904.3 -2.82854 3014.25              -0.00919495 18371.8 17.6448
28.8              -2861.94 -1.61996 3035.54              0.112086 18496.9 10.3234
28.81              -2829.57 -0.63562 3016.77              0.082993 18389.3 4.56129
28.82              -2790.56 -1.29904 3026.7              0.0687011 18452.2 8.39205
28.83              -2775.55 -3.61397 2996.34              0.237221 18278.5 21.2472
28.84              -2751.17 -8.33475 2989.1              0.0723304 18238.6 48.2828
28.85              -2644.94 0.264169 3094.98              -0.0876085 18843.7 -0.275646
28.86              -2610.24 0.00495921 3114.71              -0.0313876 18961.4 1.06683
28.87              -2565.23 2.41276 3112.12              1.19693 18953.3 -11.88
28.88              -2566.65 6.70577 3080.27              -0.928904 18772.5 -36.7527
28.89              -2476.27 -0.901767 3113.74              0.0882875 18977.3 5.49432
28.9              -2431.81 0.458485 3135.77              0.348113 19108.4 -2.0132
28.91              -2432.57 -10.5789 3073.85              1.19322 18729.9 63.3312
28.92              -2324.19 1.34891 3152.46              -0.314554 19223.2 -7.19213
28.93              -2307.02 38.2579 3324.87              10.2424 20147.6 -207.605
28.94              -2257.35 -25.4785 3327.58              -8.25966 20180.5 138.249
28.95              -2194.05 -8.47122 3283.89              -2.59507 19970.5 46.9589
28.96              -2142.36 6.46504 3306.5              -1.67797 20098.4 -39.6111
28.97              -2063.6 -1.18977 3375.81              -0.0664135 20511.4 6.80029
28.98              -2008.19 -0.94875 3416.76              0.156572 20748 5.74677
28.99              -1959.98 -1.89355 3438.56              0.0766981 20876.5 11.6837
29              -1903.06 -0.472676 3490.44              0.249851 21174.7 3.12397
29.01              -1840.09 0.855324 3564.19              0.353759 21593.3 -4.51146
29.02              -1765.46 0.0849511 3671.1              0.478724 22201.9 -0.0667223
29.03              -1741.85 -2.40899 3662.68              0.614556 22154.1 13.6002
29.04              -1718.96 -7.78398 3658.55              0.437177 22134.3 43.8203
29.05              -1595.91 1.05471 3796.76              0.236116 22914.4 -5.44397
29.06              -1558.29 0.916659 3781.79              0.273011 22842.4 -5.0287
29.07              -1512.87 3.82322 3787.91              1.32548 22885.5 -20.4608
29.08              -1506.14 8.31809 3764.52              -0.436341 22757.7 -46.8075
29.09              -1417.37 1.28842 3796.08              0.692665 22949 -7.73018
29.1              -1362.09 1.22647 3843.55              0.0854232 23223.5 -7.35052
29.11              -1340.64 -7.59919 3799.26              1.10307 22967.6 44.8664
29.12              -1249.39 2.26829 3932.65              -0.158865 23738.7 -13.0708
29.13              -1233.33 39.1103 4052.36              10.1177 24375.6 -211.712
29.14              -1153.27 -22.5683 4142.63              -7.32391 24897.1 120.731
29.15              -1093.64 -7.0581 4110.84              -2.29179 24751.3 38.1268
29.16              -1035.5 7.98707 4128.65              -1.33873 24852.5 -48.3299
29.17              -951.016 0.432494 4230.51              0.115607 25441 -3.11665
29.18              -896.027 0.0879808 4272.14              0.200863 25679.9 -0.733821
29.19              -843.971 0.154047 4304.23              0.175169 25868 -1.02302
29.2              -802.538 0.889151 4327.92              0.165268 26009.4 -5.43001
29.21              -735.472 2.13325 4416.69              0.276851 26507.3 -12.4608
29.22              -684.222 1.24632 4431.21              0.217615 26595.8 -7.48517
29.23              -638.706 -1.25485 4514.2              0.526641 27059.7 6.23274
29.24              -632.659 -6.12506 4460.72              0.24122 26767 33.1467
29.25              -519.537 1.8001 4577.58              -0.0855623 27421.5 -10.1994
29.26              -452.07 1.51821 4642.57              0.125931 27795.1 -9.09851
29.27              -383.46 3.97937 4711.64              1.01584 28184.4 -21.9026
29.28              -370.053 9.17609 4739.89              -0.431677 28345.7 -51.0925
29.29              -268.669 2.48627 4818.35              0.672881 28794.3 -14.7684
29.3              -201.102 2.39743 4921.29              0.262023 29373.9 -14.1244
29.31              -187.32 -6.48667 4869.55              0.782904 29077.3 37.414
29.32              -96.1351 2.1903 5006.14              -0.0169046 29855.7 -12.7536
29.33              -58.814 41.1468 5180.05              10.5408 30787.7 -221.147
29.34              -27.7847 -26.5284 5152.08              -8.30315 30652.5 140.504
29.35              35.1844 -7.0084 5115.24              -2.34891 30482.1 37.0088
29.36              100.18 7.53798 5187.51              -1.40655 30880.7 -45.5424
29.37              171.686 0.870309 5270.63              0.0207288 31363.6 -5.74858
29.38              230.962 1.08825 5322.4              0.173764 31655.7 -6.65927
29.39              277.762 0.416769 5364.21              0.0998267 31899 -2.50679
29.4              342.444 1.33925 5424.8              0.213889 32234.6 -7.8815
29.41              380.452 1.57968 5445.27              0.125888 32357.8 -9.29408
29.42              434.816 2.55212 5504.5              0.104669 32692.3 -14.7775
29.43              470.204 1.78082 5474.06              -0.0398003 32532.9 -10.5019
29.44              519.818 -0.764302 5588.39              0.308883 33165.7 3.42342
29.45              551.401 -5.34042 5606.95              0.186489 33269.5 28.5437
29.46              664.578 1.91448 5737.34              -0.120659 33992 -10.7499
29.47              715.495 1.95319 5799.53              -0.0298064 34349.1 -11.0498
29.48              778.664 0.370708 5854.51              0.180539 34653.5 -2.59102
29.49              835.976 2.69597 5928.2              0.335384 35069.7 -14.8727
29.5              843.846 8.89433 5932.17              -0.420682 35093.6 -48.7127
29.51              940.309 2.26522 6021.13              0.243166 35597.2 -13.1034
29.52              996.495 2.23101 6097.97              -0.0200118 36023.3 -12.7654
29.53              1051.99 -1.22902 6150.96              0.0261257 36317.8 7.80637
29.54              1114.13 3.05111 6245.73              -0.226906 36848.2 -17.2892
29.55              1166.74 28.8785 6392.7              6.73176 37642.3 -153.896
29.56              1218.66 7.3527 6375.24              0.816627 37572.4 -39.6238
29.57              1264.24 -21.9274 6494.85              -6.39703 38218.4 115.569
29.58              1307.31 -6.75231 6461.55              -1.96647 38056.6 35.8573
29.59              1360.49 6.07677 6507.08              -1.20831 38309.1 -36.2363
29.6              1429.18 0.567384 6595.55              -0.091173 38809.6 -3.53914
29.61              1479.86 0.707917 6653.29              0.0327318 39132.9 -4.01912
29.62              1532.2 0.703475 6710.78              0.0612412 39453.8 -3.85479
29.63              1581.05 0.274124 6757.6              0.00834336 39719.1 -1.23557
29.64              1633.82 0.852247 6826.85              0.0662491 40102.9 -4.57219
29.65              1684.39 0.867656 6888.91              0.0625457 40447.3 -4.6038
29.66              1725.99 1.68636 6946.12              0.0332938 40768.4 -9.17478
29.67              1792.46 0.77488 7012.41              0.0389807 41133.1 -4.10227
29.68              1828.65 0.687459 7012.57              -0.0504619 41142.7 -3.62004
29.69              1878.33 -1.48245 7118.4              0.214896 41721.1 8.13476
29.7              1885.82 -5.9658 7068.66              -0.0221157 41457.1 32.6573
29.71              1988.41 0.291883 7207.22              -0.146898 42222.8 -1.08764
29.72              2050.81 0.8858 7279.67              -0.191907 42619.5 -4.33899
29.73              2095.24 0.627499 7340.14              -0.141335 42957.4 -3.06603
29.74              2143.74 0.345051 7394.3              -0.134311 43260.2 -1.5588
29.75              2190.09 1.71789 7447.54              0.231396 43555.8 -8.68644
29.76              2235.8 0.222316 7506.19              -0.193603 43880.8 -0.956818
29.77              2237.76 6.98318 7492.88              -0.481971 43809.5 -37.2935
29.78              2320.17 0.49701 7581.27              -0.104027 44302.3 -2.69269
29.79              2362.49 0.376762 7625.1              -0.0270943 44550.8 -1.83251
29.8              2400.97 0.852362 7654.41              -0.176934 44714 -4.42426
29.81              2423.16 -4.95992 7663.81              0.0795806 44763.9 28.7051
29.82              2500.22 -0.132291 7776.1              -0.213372 45391.9 1.06272
29.83              2547.83 0.233297 7845.38              -0.251046 45772.4 -1.01371
29.84              2591.49 0.924288 7908.11              -0.249115 46118.8 -4.80376
29.85              2635.45 20.7558 8013.61              4.72014 46685.7 -108.932
29.86              2687.82 4.15328 8046.01              0.522332 46878.8 -21.5302
29.87              2725.55 -18.5705 8140.54              -4.87723 47385.4 97.8805
29.88              2772.51 -3.50272 8140.94              -0.869164 47406 18.8894
29.89              2811.42 -1.29561 8165.92              -0.455467 47549.1 7.35704
29.9              2852.52 -2.58411 8209.44              -0.811416 47791.9 14.1452
29.91              2894.51 -0.75206 8250.29              -0.289104 48024.6 4.39748
29.92              2918.02 5.43908 8263.27              -0.767215 48091.2 -31.0552
29.93              2957.9 -0.0529122 8265.96              -0.240299 48124.4 0.596856
29.94              2995.47 -0.473865 8300.5              -0.252788 48319.3 3.06496
29.95              3028.87 -0.625648 8315.96              -0.295755 48412.9 3.9658
29.96              3049.72 -0.796266 8272.33              -0.402627 48188.4 4.89626
29.97              3067.16 -1.00841 8228.88              -0.525494 47967.6 6.05696
29.98              3112.72 -1.25171 8309.9              -0.517737 48413.3 7.49907
29.99              3140.46 -1.36594 8294.3              -0.605342 48336.6 8.1385
30              3180.93 -1.22244 8351.66              -0.58415 48653.5 7.30935
30.01              3227.07 -1.18562 8441.46              -0.541611 49144.2 7.14476
30.02              3263.36 -1.25298 8485.9              -0.562038 49391.5 7.53318
30.03              3293.91 -1.37148 8504.25              -0.610505 49499.3 8.18885
30.04              3337.51 -1.39046 8578.56              -0.59537 49905.6 8.33365
30.05              3366.29 -1.48502 8583.64              -0.655585 49942.2 8.8379
30.06              3409.83 -1.15571 8672.59              -0.657344 50425.9 7.11188
30.07              3406.09 -1.75077 8534.19              -0.869609 49699.2 10.2572
30.08              3452.81 -1.78619 8627.81              -0.814821 50208.4 10.4883
30.09              3437.04 -2.253 8418.48              -1.08307 49103.2 12.9433
30.1              3521.68 -1.85379 8731.51              -0.789345 50781.3 10.9544
30.11              3487.58 -2.66488 8407.25              -1.21355 49065 15.2202
30.12              3608.93 -1.7422 8941.26              -0.663151 51918.5 10.4611
30.13              3530.31 -3.13065 8364.83              -1.40132 48862.3 17.7378
30.14              3703.1 -1.41909 9204.95              -0.477118 53343.4 8.80003
30.15              3600.66 -3.13608 8493.5              -1.38912 49571 17.7772
30.16              3736.44 -1.59272 9154.58              -0.652656 53096.6 9.67048
30.17              3684.52 -3.13256 8722.41              -1.21538 50810.5 17.8142
30.18              3781.81 -2.40943 9169.42              -0.779894 53200.2 14.1437
30.19              3753.29 -3.02166 8866.31              -1.21371 51600.7 17.322
30.2              3826.76 -2.55943 9204.6              -0.902554 53412 14.954
30.21              3820.8 -2.93789 9021.29              -1.17984 52448.1 16.8862
30.22              3873.78 -2.72499 9257.07              -0.990746 53715 15.8183
30.23              3871.68 -3.00906 9111.25              -1.21182 52950.8 17.2437
30.24              3917.45 -2.90753 9300.18              -1.07665 53967.2 16.7645
30.25              3923.54 -3.10744 9208.51              -1.22739 53490.9 17.7704
30.26              3956.45 -3.1301 9322.37              -1.18259 54108.1 17.9399
30.27              3965.66 -3.19698 9262.52              -1.27555 53801.2 18.2408
30.28              3985.37 -3.38247 9284.54              -1.31246 53930.1 19.2657
30.29              4006.6 -3.27848 9319.05              -1.28526 54125.2 18.6536
30.3              4025.01 -3.51822 9335.97              -1.3386 54227.1 19.974
30.31              4044.93 -3.39558 9371.77              -1.31009 54427.9 19.2383
30.32              4077.93 -3.43288 9506.18              -1.23484 55154.4 19.5125
30.33              4087.61 -3.59869 9474.59              -1.32739 54997.8 20.3499
30.34              4100.36 -3.76663 9472.16              -1.38717 54995.7 21.2472
30.35              4116.37 -3.76371 9493.38              -1.38042 55120 21.2069
30.36              4116.06 -5.71506 9478.56              -1.27306 55048.5 31.5914
30.37              4142.58 -4.3556 9524.28              -1.39635 55305.7 24.4822
30.38              4154.78 -4.42525 9523.1              -1.45211 55310.9 24.7966
30.39              4169.56 -4.27512 9548.16              -1.4273 55455.2 23.9409
30.4              4191.9 -4.27585 9645.76              -1.38021 55985.3 23.983
30.41              4192.29 -4.38447 9574.97              -1.48127 55619.8 24.4581
30.42              4201.79 -4.59726 9569.25              -1.52464 55600.4 25.6344
30.43              4214.59 -4.44931 9595.79              -1.47222 55751.6 24.784
30.44              4220.7 -4.87872 9575.44              -1.56282 55654.8 27.1488
30.45              4233.47 -4.60885 9608.85              -1.48978 55842.2 25.6306
30.46              4239.83 -5.0286 9597.93              -1.56445 55794.7 27.9235
30.47              4245.7 -4.22229 9605.8              -1.58272 55845.7 23.4896
30.48              4251.78 -4.99957 9580.4              -1.598 55721.8 27.6653
30.49              4266.85 -4.77554 9644.81              -1.48469 56075.3 26.4327
30.5              4267.29 -5.37589 9585.72              -1.66684 55771.7 29.7339
30.51              4279.19 -4.771 9641.1              -1.49755 56076 26.4162
30.52              4283.02 -5.52119 9626.21              -1.63961 56007.1 30.5791
30.53              4291.78 -4.87967 9662.11              -1.49579 56208.4 27.0055
30.54              4291.5 -5.89306 9626.27              -1.68387 56027.1 32.7094
30.55              4301.57 -5.32947 9678.33              -1.51453 56313.9 29.6942
30.56              4300.67 -5.96401 9641.7              -1.69058 56129.1 33.1342
30.57              4306.24 -5.13147 9666.65              -1.51066 56271.3 28.4928
30.58              4302.42 -6.12668 9605.54              -1.772 55956 34.0162
30.59              4286.42 -5.38197 9458.7              -1.7211 55184.2 29.7696
30.6              4325.7 -5.62592 9757.33              -1.51902 56784.1 31.4133
30.61              4269.87 -2.30827 9369.47              -2.46105 54718.8 12.185
30.62              4332.37 -4.6446 9830.12              -1.69127 57185 25.832
30.63              4319.44 -9.95178 9756.39              -3.21213 56800.9 53.4429
30.64              4316.64 -7.46827 9716.43              -1.95096 56601.3 41.6138
30.65              4301.59 -4.47447 9593.23              -1.6148 55954.5 24.8112
30.66              4324.83 -95.3122 9996.29              -16.5543 58094.6 500.486
30.67              4302.53 -15.1336 9640.36              -2.44252 56224.2 81.5988
30.68              4315.56 83.4367 10035.3              15.4133 58312 -433.5
30.69              4292.92 3.82097 9637.19              -0.169631 56224.7 -18.8673
30.7              4304.16 -3.82313 9719.84              -1.35212 56676.6 21.6949
30.71              4272.2 -5.78728 9517.82              -1.67795 55604.3 32.2119
30.72              4276.52 -8.0373 9667.89              -1.54306 56397.5 45.1798
30.73              4259.4 -5.87348 9525.15              -1.83978 55655.1 32.7401
30.74              4268.14 -5.01527 9627.79              -1.20913 56214.2 28.1099
30.75              4247.07 -6.10628 9558.95              -1.3399 55841.5 34.2079
30.76              4244.77 -3.22989 9691.64              -1.74125 56568.1 18.9473
30.77              4230.92 -4.77162 9575.29              -1.59141 55953.9 26.8288
30.78              4236.84 -5.9318 9657.54              -1.50863 56407.1 33.0121
30.79              4204.39 -6.28014 9493.23              -1.60451 55530 34.8179
30.8              4209.52 -5.87907 9592.51              -1.54044 56076 32.87
30.81              4193.31 -5.34122 9502.06              -1.67408 55598.8 29.7611
30.82              4176.64 -7.7082 9632.56              -1.4534 56306.3 43.1029
30.83              4174.02 -5.95428 9640.04              -1.47806 56356.5 33.757
30.84              4189.71 -5.35569 9835.41              -1.20412 57418.3 30.5547
30.85              4119.92 -5.91784 9463.23              -1.75175 55422.8 33.3421
30.86              4125.9 -4.91916 9600.05              -1.42449 56171.2 27.9454
30.87              4077.18 -5.42279 9372.6              -1.72829 54954.3 30.5739
30.88              4062.33 -5.3633 9361.8              -1.64301 54907.4 30.3545
30.89              4053.25 -5.09349 9434.58              -1.46918 55308.4 29.0377
30.9              4004.4 -5.50432 9223.39              -1.76825 54177.6 31.1834
30.91              4018.42 -4.48586 9445.27              -1.26498 55386.6 25.7231
30.92              3934.31 -5.55823 9022.09              -1.95767 53108 31.2946
30.93              3969.32 -0.756595 9409.98              -1.77336 55207.5 4.48878
30.94              3922.78 -12.1132 9260.01              -4.25841 54402.9 65.6206
30.95              3941.84 -5.06297 9504.17              -1.13819 55744.2 29.0883
30.96              3868.26 -94.7552 9422.71              -16.1353 55279.6 501.747
30.97              3876.86 80.6135 9735.96              14.9215 56975.2 -422.399
30.98              3800.93 3.52594 9117.11              -0.296281 53671.3 -17.0679
30.99              3812.94 -1.01687 9295.83              -0.645175 54657.4 6.94635
31              3727.22 -5.40702 8978.3              -1.5899 52923.1 31.5422
31.01              3753.57 -0.988344 9269.85              -0.32035 54529.5 6.76545
31.02              3653.38 -4.39536 8848.88              -1.30182 52233.7 25.3572
31.03              3681.87 -0.142888 9252.78              -1.02177 54450.6 2.38609
31.04              3583.46 -3.89833 8799.7              -1.48269 51990.8 22.4902
31.05              3625.96 -3.55302 9163.85              -0.522589 53983.1 20.6513
31.06              3491.96 -4.38376 8608.53              -1.83944 50962.6 24.6726
31.07              3563.54 -2.06967 9154.27              -0.525196 53953.8 12.5653
31.08              3447.32 -6.95489 8777.09              -1.45407 51896.6 39.5746
31.09              3533.71 -2.45622 9386.42              -0.15685 55238.5 15.3438
31.1              3360.78 -4.62275 8597.5              -1.74492 50937.4 26.4115
31.11              3415.49 -1.59275 9075.28              -0.528211 53560.2 10.0674
31.12              3284.66 -3.85177 8514.46              -1.65039 50503.1 22.0381
31.13              3332.4 -2.33037 8974.99              -0.543918 53033.6 14.5636
31.14              3203.58 -3.84656 8445.1              -1.60862 50139 22.1152
31.15              3242.22 -1.54285 8831.9              -0.504257 52270.3 9.81777
31.16              3099.72 0.579499 8294.35              -2.26601 49319.3 -3.74489
31.17              3181.68 -9.536 8980.52              -3.74558 53084 51.9458
31.18              3057.78 -4.56072 8449.65              -1.56805 50193.5 25.8197
31.19              3074.02 -88.6035 9006.09              -14.5485 53218.4 473.31
31.2              2959.8 82.5323 8771.72              15.273 51907.6 -437.555
31.21              2979.5 7.62578 8653.84              0.725182 51347 -40.3651
31.22              2847.03 -2.91914 8260.97              -1.16365 49164.6 18.0237
31.23              2884.62 1.79327 8601.27              0.916401 51063 -8.60345
31.24              2742.45 -2.53011 8072.32              -0.873855 48142.6 14.7887
31.25              2776.71 3.17649 8516.77              -0.11296 50607.7 -15.8999
31.26              2636.5 -3.03284 7950.14              -1.08805 47480.9 16.9043
31.27              2704.88 -0.806556 8468.97              0.129916 50365.4 5.65748
31.28              2556.94 -1.52318 7904.62              -1.36108 47243.6 8.46916
31.29              2610.01 -3.46852 8512.27              0.264151 50609.4 20.8677
31.3              2496.19 -2.12074 8087.91              -0.822814 48273.8 12.5273
31.31              2519.35 -0.451742 8429.91              0.172068 50176.1 3.73087
31.32              2351.26 -1.20229 7787.33              -1.34791 46622.7 6.64963
31.33              2431.4 0.537981 8409.23              0.467456 50080.6 -1.79015
31.34              2254.21 -1.75383 7738.4              -1.26076 46362.8 10.066
31.35              2329.23 0.685702 8340.77              0.536042 49717.3 -2.59659
31.36              2160.13 -0.808781 7712.94              -1.03257 46234.1 4.52457
31.37              2246.4 -4.19568 8504.95              -3.30723 50615 21.5111
31.38              2078.16 -1.68933 7795.03              -0.958429 46701 9.40477
31.39              2156.49 -71.9111 8687.94              -11.3229 51630 387.395
31.4              1938.83 76.5501 7978.75              14.7322 47656.2 -411.214
31.41              2044.38 10.1482 8340.33              2.21612 49761.7 -54.7589
31.42              1838.72 1.12762 7607.48              -0.437338 45662.9 -5.60397
31.43              1882.12 3.66728 8037.47              1.78587 48077.4 -19.4882
31.44              1740.32 2.96727 7600.65              0.0639663 45633 -16.0398
31.45              1762.09 1.67692 7916.78              0.600214 47411.8 -8.49594
31.46              1644.87 -0.212547 7525.22              0.0117169 45222.2 1.00474
31.47              1624.46 1.26112 7675.7              0.253391 46066.9 -6.80102
31.48              1548.89 1.63036 7530.51              0.0685949 45264.8 -9.1637
31.49              1520.01 -0.41473 7680.59              0.390238 46105 2.93057
31.5              1482.34 1.29524 7712.82              0.559935 46294.5 -6.68233
31.51              1415.1 1.31396 7616.67              0.314315 45762.1 -6.99612
31.52              1352.44 1.90458 7525.02              0.343003 45253.8 -10.5598
31.53              1288.13 1.23463 7454.39              0.188708 44862.4 -6.69233
31.54              1245.96 2.1643 7493.23              0.534255 45086.1 -11.8634
31.55              1167.34 1.40075 7343.82              0.170413 44254 -7.76115
31.56              1118.35 4.55594 7360.08              0.141301 44341.4 -26.1632
31.57              1086.74 -6.61689 7511.63              -2.73551 45181.7 36.055
31.58              1004.4 -54.5189 7457.98              -10.0229 44872.5 295.298
31.59              974.033 -3.30817 7397.45              0.24465 44563.9 18.0033
31.6              960.286 62.7434 7838.23              13.9964 47001.1 -340.735
31.61              915.505 10.7485 7630.22              2.74003 45887.7 -59.1409
31.62              863.104 4.72106 7639.65              1.87691 45937.3 -25.5822
31.63              800.307 4.29051 7593.82              2.2985 45668.8 -23.4546
31.64              767.716 2.3647 7671.68              1.51208 46120.6 -12.4893
31.65              656.671 2.65851 7388.51              1.11139 44522.9 -14.6441
31.66              623.178 2.21037 7440.64              1.39635 44815.8 -12.5882
31.67              549.779 2.82553 7356.02              1.22525 44332.5 -15.9206
31.68              498.094 6.26966 7257.15              1.04182 43784.4 -35.4457
31.69              440.054 4.74882 7270.75              1.17158 43862.2 -26.9232
31.7              383.376 3.67489 7270.79              1.30463 43863 -20.7885
31.71              323.385 2.44772 7215.1              1.31968 43552.8 -13.6284
31.72              269.422 3.37471 7193.6              1.34497 43433.2 -19.0795
31.73              211.574 3.99737 7166.9              1.4649 43282.1 -22.88
31.74              148.407 4.05683 7102.53              1.46864 42921.4 -23.2581
31.75              79.8864 3.76148 6998.08              1.3336 42332.2 -21.5014
31.76              32.342 -2.80952 6950.56              1.80429 42072 18.0282
31.77              -42.7219 2.09366 6849.68              1.01065 41494.6 -12.0457
31.78              -105.074 3.9865 6745.41              1.11978 40910.1 -23.1592
31.79              -165.682 -1.22425 6690.3              0.868615 40598.3 6.13306
31.8              -232.296 2.89507 6613.64              1.17639 40162.2 -16.3688
31.81              -287.659 4.51094 6582.38              1.8194 39982.2 -25.2651
31.82              -311.65 14.2286 6512.23              0.339831 39628.8 -83.8757
31.83              -403.951 5.18695 6451.55              1.40056 39253.8 -30.264
31.84              -480.926 5.34171 6346.98              1.45029 38638.6 -31.0409
31.85              -519.036 -2.2345 6304.48              1.38368 38410.4 12.1983
31.86              -593.355 3.1547 6257.4              1.49988 38130.7 -17.8059
31.87              -655.447 3.48801 6181.2              1.46887 37699.2 -20.6305
31.88              -713.942 3.58515 6150.45              1.58384 37506 -20.6918
31.89              -782.644 4.46279 6110.32              1.54787 37290.4 -25.6702
31.9              -806.507 10.9909 6015.62              1.43872 36751.9 -63.1618
31.91              -876.447 8.10673 5982.99              1.43093 36567.7 -46.9626
31.92              -953.617 5.53607 5933.16              1.66344 36278.3 -32.2672
31.93              -1009.28 3.31425 5892.52              1.74963 36045.1 -19.1778
31.94              -1069.17 4.42946 5858.37              1.76401 35851 -25.6607
31.95              -1127.55 4.49392 5819.23              1.80933 35625.1 -26.0286
31.96              -1187.21 6.01582 5765.14              2.05111 35316.7 -35.5403
31.97              -1248.02 4.72208 5705.23              1.89036 34971.9 -27.4532
31.98              -1306.19 4.56439 5651.67              1.90584 34666.2 -26.4586
31.99              -1343.77 -3.46599 5648.32              2.60034 34655.9 22.3249
32              -1411.75 5.37002 5569.14              2.87292 34198.8 -30.2048
32.01              -1474.47 4.94385 5472.52              1.81001 33642 -28.8722
32.02              -1532.15 18.5527 5381.34              6.20154 33135.1 -103.221
32.03              -1590.07 2.55935 5400.78              1.8339 33223.1 -15.1255
32.04              -1636.27 -19.384 5275.95              -3.86559 32533 107.585
32.05              -1710.23 4.67249 5310.75              2.28782 32703.5 -26.6576
32.06              -1711.61 15.8951 5297.82              1.04173 32669.3 -94.4547
32.07              -1808 5.86474 5226.52              2.28284 32221.1 -34.236
32.08              -1876.61 5.42939 5160.53              1.88006 31837.8 -31.5353
32.09              -1940.64 5.83524 5093.33              2.43187 31430.3 -33.7966
32.1              -1969.1 -2.2361 5082.91              2.25615 31381.8 12.9552
32.11              -2043.17 4.01434 5029.1              2.40163 31056.3 -22.4173
32.12              -2102.9 4.64714 4962.23              2.45388 30669 -27.07
32.13              -2161.46 4.87839 4924.45              2.40651 30447 -27.8526
32.14              -2233.51 4.54487 4836.61              2.44322 29919.5 -25.9937
32.15              -2280.01 5.11422 4804              2.3931 29734.9 -29.161
32.16              -2295.69 13.1718 4773.62              2.40317 29564 -75.9279
32.17              -2360.79 9.32422 4755.01              2.39352 29453.6 -53.9492
32.18              -2451.21 6.23245 4618.71              2.43036 28656.4 -36.2147
32.19              -2503.42 5.65363 4602.59              2.52607 28557 -32.6368
32.2              -2552.7 5.37617 4563.66              2.54867 28325 -30.9558
32.21              -2604.36 3.16678 4514.19              2.58312 28036.8 -17.7514
32.22              -2657.76 4.81889 4441.39              2.49667 27607.5 -27.5459
32.23              -2716.47 4.97861 4407.31              2.50867 27407.5 -28.4989
32.24              -2764.42 5.93557 4354.15              2.65243 27089.5 -34.513
32.25              -2815.26 6.50059 4283.73              2.6835 26676.9 -38.0822
32.26              -2870.73 5.22313 4228.61              2.48179 26350.7 -30.003
32.27              -2925.92 5.15559 4152.94              2.39875 25906.3 -29.6031
32.28              -2972.67 5.14688 4108.78              2.40202 25642.6 -29.5028
32.29              -3016.74 5.17677 4075.02              2.40487 25438 -29.6495
32.3              -3047.12 -4.70909 4063.46              3.0695 25376.2 31.0892
32.31              -3100.17 3.33008 3999.73              2.71156 24992.6 -18.0605
32.32              -3152.34 8.93459 3924.42              4.30931 24550.2 -50.4891
32.33              -3186.59 6.41658 3937.9              2.42893 24615.9 -37.1567
32.34              -3228.08 2.8613 3902.22              2.23616 24396.2 -15.3678
32.35              -3268.83 32.4585 3776.4              10.3278 23687.2 -181.903
32.36              -3326.59 3.98727 3801.93              1.91472 23797.1 -22.7954
32.37              -3369.39 3.49812 3762.01              1.90509 23552.3 -19.7148
32.38              -3394.38 -28.0966 3610.42              -7.62449 22708.3 157.046
32.39              -3449.79 3.48559 3691.47              2.4933 23124 -18.7064
32.4              -3490.3 5.68541 3671.74              2.8014 22999.4 -31.7849
32.41              -3529.62 6.34389 3637.45              2.78431 22789.5 -35.6833
32.42              -3556.72 8.05358 3614.8              2.67739 22652.3 -46.1004
32.43              -3539.21 15.7185 3685.35              1.53705 23094.7 -93.2188
32.44              -3639.91 7.68826 3483.74              2.21911 21871.4 -44.38
32.45              -3670.28 5.52613 3482.14              2.2683 21850.1 -31.2591
32.46              -3707.62 6.02819 3453.6              2.26867 21672.6 -34.1268
32.47              -3739.59 5.07253 3421.01              1.45227 21475.1 -28.6264
32.48              -3777.83 5.97676 3385.06              2.29175 21249.6 -33.8841
32.49              -3816.15 5.7812 3337.77              2.23983 20958.6 -32.658
32.5              -3846.13 5.81903 3304.89              2.16846 20755.6 -32.915
32.51              -3878.06 5.6977 3277.53              2.12675 20588.1 -32.1853
32.52              -3909.56 5.54743 3244.23              2.03012 20383.3 -31.3584
32.53              -3920.45 -0.324286 3214.09              1.69404 20199.1 3.72458
32.54              -3966.64 4.20336 3171.44              1.75745 19936.1 -23.2568
32.55              -3995.64 4.67361 3137.66              1.74686 19728.4 -26.1259
32.56              -4028.31 4.72964 3092.9              1.63326 19455.1 -26.5298
32.57              -4058.33 4.80807 3048.74              1.56799 19185.7 -27.0289
32.58              -4084.01 5.05479 3008.93              1.572 18940.2 -28.5007
32.59              -4109.48 4.91029 2978.87              1.47958 18753 -27.7642
32.6              -4136.02 4.85222 2951.2              1.4303 18580.6 -27.4538
32.61              -4157.82 4.73734 2924.78              1.36288 18413.7 -26.8061
32.62              -4175.59 5.18634 2904.51              1.26028 18284.9 -29.4714
32.63              -4201.11 4.73236 2877.52              1.29451 18114.1 -26.8642
32.64              -4222.11 4.59016 2856.6              1.25094 17980 -26.0018
32.65              -4244.01 4.38879 2830.71              1.16363 17818.1 -24.8086
32.66              -4262.34 4.33664 2807              1.10965 17666.5 -24.5234
32.67              -4279.98 4.15925 2788.23              1.06944 17544.9 -23.4293
32.68              -4296.55 3.98673 2770.57              1.0164 17430.1 -22.4352
32.69              -4312.54 3.82949 2752.34              0.926017 17312 -21.5033
32.7              -4328.95 3.7799 2734.23              0.8707 17195 -21.2438
32.71              -4343.33 3.56013 2715.03              0.817998 17070.5 -19.9951
32.72              -4357.02 3.28947 2697.74              0.736963 16957.1 -18.4603
32.73              -4368.81 3.19547 2679.25              0.657359 16836.7 -17.9566
32.74              -4381.46 3.04838 2662.15              0.589787 16725.1 -17.1042
32.75              -4395.4 2.40772 2644.33              0.527503 16607.9 -13.3051
32.76              -4403.73 2.58319 2633.05              0.423836 16530.9 -14.4103
32.77              -4412.41 2.51472 2619.04              0.350531 16436.5 -14.0246
32.78              -4422.61 2.38206 2604.18              0.271541 16337.5 -13.292
32.79              -4431.54 2.25443 2589.49              0.22066 16240.4 -12.5765
32.8              -4440.39 2.17422 2574.41              0.141307 16140.3 -12.1776
32.81              -4448.58 2.00011 2561.91              0.0680954 16056.2 -11.1687
32.82              -4454.77 1.75893 2549.44              -0.00216396 15972.2 -9.8045
32.83              -4460.82 1.67109 2536.13              -0.0608084 15883.1 -9.28528
32.84              -4490.84 7.99242 2493.94              -0.0147956 15619.8 -47.0809
32.85              -4476.23 2.15045 2499.8              -0.205911 15647.3 -12.2426
32.86              -4479.27 1.59928 2488.44              -0.31936 15569.7 -8.94043
32.87              -4481.37 1.27244 2478.45              -0.400312 15501 -7.01532
32.88              -4483.5 1.06584 2464.94              -0.471596 15411.5 -5.82611
32.89              -4486.07 0.698809 2452.31              -0.600098 15327 -3.741
32.9              -4492.33 1.12043 2433.83              -0.119136 15204.7 -6.12736
32.91              -4495.38 0.573105 2412.78              -0.681761 15072.6 -3.0498
32.92              -4501.34 1.06795 2388.2              -0.837646 14916.9 -6.06112
32.93              -4542.55 -9.17957 2295.62              -0.602171 14339 56.3306
32.94              -4505.55 0.364124 2353.3              -0.759848 14693 -1.09596
32.95              -4505.64 0.27092 2325.09              -1.07773 14520.5 -1.34304
32.96              -4504.44 0.205497 2322.28              -1.16252 14492.8 -1.07841
32.97              -4501.21 0.312967 2318.65              -1.19921 14462.4 -1.75688
32.98              -4500.46 0.85931 2306.46              -1.21801 14381.5 -5.13951
32.99              -4506.91 11.3962 2343.87              2.41054 14570.2 -63.7646
33              -4495.49 2.53277 2299.83              -0.784323 14322.5 -14.137
33.01              -4517.29 0.694537 2196.61              -1.46436 13706.7 -4.03156
33.02              -4495.64 -6.69457 2279.63              -3.49268 14182.4 37.615
33.03              -4481.65 -1.53746 2276.17              -1.65298 14164.4 8.36802
33.04              -4470.38 -2.37062 2281.77              -1.38721 14192.1 14.0981
33.05              -4486.29 -1.94312 2198.26              -1.65068 13692.9 11.3569
33.06              -4460 -1.59341 2253.56              -1.33822 14015.5 9.42428
33.07              -4459.28 5.88493 2243.94              -1.76625 13946.1 -36.4259
33.08              -4434.6 -0.0951108 2275.24              -1.26299 14131.5 0.326667
33.09              -4421.88 -0.780492 2284.77              -1.223 14183.1 4.55207
33.1              -4409.01 -1.20309 2291.02              -1.19341 14215.3 7.17102
33.11              -4396.48 -1.39367 2295.39              -1.18063 14236.5 8.34102
33.12              -4385.9 -2.34953 2295.6              -1.28889 14233.8 14.2878
33.13              -4371.91 -1.78432 2302.1              -1.20166 14268.3 10.7229
33.14              -4361.1 -1.80288 2297.07              -1.21109 14234.9 10.8009
33.15              -4355.73 -1.79507 2277.57              -1.27078 14116.7 10.7164
33.16              -4338.63 -1.33915 2292.15              -1.21056 14198.8 7.99509
33.17              -4321.9 -1.81123 2302.54              -1.19385 14258.1 10.8233
33.18              -4303.15 -1.95758 2317.59              -1.18 14344.1 11.7124
33.19              -4284.38 -2.10389 2330.3              -1.16038 14416.2 12.5942
33.2              -4287.71 -3.54189 2297.64              -1.12252 14219.9 20.7585
33.21              -4285.54 -6.37908 2279.94              -1.29475 14113.3 37.5208
33.22              -4244 -2.53184 2314.09              -1.30609 14315.8 15.2796
33.23              -4228.52 -2.42256 2345.53              -1.27504 14490.5 14.5745
33.24              -4203.84 -2.42489 2345.21              -1.21076 14491.6 14.4282
33.25              -4182.08 -2.82769 2356.2              -1.03408 14554.5 16.7833
33.26              -4160.55 -2.595 2367.1              -1.17339 14618.5 15.4966
33.27              -4156.16 1.06189 2354.15              -1.30856 14541.3 -5.73852
33.28              -4115.21 -2.30812 2379.37              -1.14758 14689.1 13.6261
33.29              -4089.49 -2.66178 2392.28              -1.23386 14766.8 15.825
33.3              -4085.52 -8.18717 2373.59              -0.740985 14641.7 49.6601
33.31              -4040.29 -3.6109 2391.98              -1.04369 14769.8 21.9095
33.32              -4006.08 -2.23471 2453.84              -1.20292 15122.1 13.6678
33.33              -3992.47 4.01061 2479.64              1.17003 15257.8 -21.0403
33.34              -4033.05 -1.79201 2257.97              -1.39361 13979.1 10.7978
33.35              -3948.51 -7.36857 2460.05              -2.98837 15149.7 42.0145
33.36              -3963.85 -4.72571 2323.23              -1.60378 14360.7 27.7626
33.37              -3878.35 -3.40253 2490.02              -1.00909 15332.8 20.3407
33.38              -3842.85 2.32348 2534.85              -1.25709 15586.2 -14.2172
33.39              -3797.01 -1.97087 2592.1              -0.74233 15922.4 12.016
33.4              -3770.06 -2.19381 2595.97              -0.718853 15943.5 13.4609
33.41              -3746.09 -2.7401 2593.36              -0.776532 15927.4 16.9052
33.42              -3718.71 -2.15538 2599.39              -0.715499 15961.8 13.2814
33.43              -3698.95 -1.96414 2578.88              -0.755226 15842.5 12.1231
33.44              -3670.13 -1.37676 2586.87              -0.742837 15888 8.71835
33.45              -3635.8 -1.78938 2601.81              -0.693426 15974.9 11.1606
33.46              -3618.03 -3.39259 2596.21              -0.535331 15939.8 20.2065
33.47              -3606.6 -6.44917 2565.5              -0.694861 15759.6 37.9635
33.48              -3537.86 -0.968525 2644.07              -0.764215 16210.6 6.75367
33.49              -3503.97 -1.07015 2653.29              -0.67864 16268.6 7.22389
33.5              -3463.52 -2.17376 2667.4              -0.446212 16348.3 13.1622
33.51              -3427.48 -1.28934 2682.08              -0.585712 16438.3 8.32956
33.52              -3417.02 3.96709 2664.36              -0.803971 16330.9 -21.2622
33.53              -3340.8 -1.32899 2718.83              -0.288388 16655 8.2924
33.54              -3326.87 -7.28979 2703.33              0.104561 16546.3 44.3767
33.55              -3256.02 -0.788674 2744.15              -0.353706 16813.8 5.56654
33.56              -3220.81 0.276406 2783.82              -0.691184 17032.2 -0.784871
33.57              -3240.32 26.5184 2782.77              7.08503 16984 -144.653
33.58              -3151.18 -18.3715 2927.49              -6.16502 17827.2 101.435
33.59              -3118.5 -6.68112 2817              -2.20252 17219.6 38.0677
33.6              -3060.2 4.52501 2881.79              -1.45367 17589.1 -27.4826
33.61              -2995.17 -1.52124 2946.01              -0.242228 17970.8 9.49781
33.62              -2947.52 -1.16076 2973.39              -0.0818813 18127.9 7.64333
33.63              -2909.59 -1.74243 2986.37              -0.145106 18204.9 11.3476
33.64              -2857.79 -0.550494 3029.81              0.0191691 18455.1 4.12527
33.65              -2831.09 0.47706 3010.2              -0.0173933 18344.4 -1.88195
33.66              -2788.36 -0.116492 3013.12              -0.0272983 18362.9 1.55038
33.67              -2760.77 -0.110768 2989.29              -0.0867167 18232 1.46556
33.68              -2771.95 -9.58661 2956.98              0.243771 18039.1 54.8832
33.69              -2652.12 1.21359 3041.47              -0.193516 18533.4 -5.74814
33.7              -2619.47 0.928939 3090.97              -0.0901464 18807.5 -4.32278
33.71              -2575.86 -0.419677 3089.82              0.0761547 18812.1 2.89629
33.72              -2576.24 9.26505 3049.96              -0.374446 18585.1 -50.6726
33.73              -2488.88 0.0566135 3084.04              0.0481123 18793.3 -0.0788433
33.74              -2444.06 1.39402 3102.22              0.291178 18903.3 -7.40034
33.75              -2435.71 -9.13575 3062.56              1.18342 18651.1 54.9799
33.76              -2338.84 2.40634 3126.96              -0.300705 19062.1 -13.3144
33.77              -2316.29 37.9772 3302.62              9.93544 20004.7 -206.246
33.78              -2268.29 -23.9384 3309.07              -8.01629 20055.1 129.624
33.79              -2188.56 -4.32491 3294.21              -0.994115 20012.2 24.3245
33.8              -2160.91 4.96611 3269.15              -2.77473 19860.8 -31.6983
33.81              -2081.97 -0.623587 3342.42              -0.265652 20300.2 3.42209
33.82              -2028.02 -0.101617 3383.18              0.0747832 20535.7 0.791821
33.83              -1981.35 -0.927519 3401.11              0.0290256 20642 6.03916
33.84              -1927.72 0.455523 3447.03              0.21737 20906.4 -2.26837
33.85              -1881.54 1.70863 3471.6              0.23452 21048.8 -9.50666
33.86              -1801.06 0.86911 3586.02              0.407875 21697.9 -4.60796
33.87              -1770.81 -1.5553 3609.01              0.607254 21828.2 8.77279
33.88              -1740.16 -6.62939 3622.75              0.474742 21906.9 37.3106
33.89              -1615.74 1.7277 3766.41              0.22879 22719 -9.28098
33.9              -1574.9 1.94419 3779.99              0.346072 22805.2 -10.6127
33.91              -1534.52 5.13897 3758.49              1.60994 22692.6 -27.7068
33.92              -1526.23 8.22995 3733.61              -0.491329 22556.8 -46.4114
33.93              -1439.22 1.16993 3771.52              0.216348 22785 -7.10916
33.94              -1395.1 2.94697 3795.67              0.579131 22928.1 -16.8323
33.95              -1366.89 -7.04097 3747.47              1.01023 22649.5 41.5549
33.96              -1280.83 2.8706 3890.52              -0.144248 23477.3 -16.4307
33.97              -1242.34 38.5009 4061.71              9.92291 24400.9 -208.394
33.98              -1194.12 -21.9783 4063.03              -7.41014 24426.2 117.329
33.99              -1122.21 -6.11179 4055.95              -2.07793 24419 32.8963
34              -1064.91 8.17978 4084.05              -1.39287 24573.5 -49.2937
34.01              -989.391 1.04134 4174.73              0.100099 25104 -6.48964
34.02              -927.807 1.08277 4232.51              0.261015 25432.2 -6.4383
34.03              -881.211 0.402727 4249.04              0.14774 25533.6 -2.24821
34.04              -834.834 1.44569 4275.18              0.168027 25687.1 -8.46002
34.05              -767.156 2.59134 4360.01              0.265392 26162.7 -14.9577
34.06              -689.169 1.74234 4472.82              0.420679 26796.9 -10.0619
34.07              -684.566 -0.811311 4421.28              0.406958 26515.5 3.81584
34.08              -658.222 -5.4635 4425.77              0.242289 26545.2 29.6295
34.09              -551.095 2.25328 4529.7              -0.0876221 27127.7 -12.6841
34.1              -483.517 2.07447 4601.47              0.107947 27536.7 -12.0184
34.11              -415.831 4.77106 4669.44              1.2148 27922.7 -26.0669
34.12              -396.161 8.83108 4698.89              -0.521075 28089.5 -49.1978
34.13              -290.761 2.01396 4784.79              0.257208 28580.5 -12.0574
34.14              -246.818 3.4308 4840.05              0.528041 28897.7 -19.6887
34.15              -208.688 -6.3373 4827.85              0.704449 28818 36.5972
34.16              -129.175 2.37325 4956.8              -0.064116 29557.8 -13.6762
34.17              -87.8245 37.2964 5124.73              9.40273 30460.3 -200.371
34.18              -54.0144 -23.4417 5092.61              -7.527 30299.7 124.089
34.19              23.913 -6.201 5129.81              -2.02158 30535.1 32.878
34.2              58.3915 7.42942 5102.98              -1.44761 30391.6 -44.677
34.21              144.145 0.967132 5217.75              -0.0516978 31045.6 -6.11394
34.22              197.948 1.09059 5281.98              0.0908005 31411 -6.50189
34.23              259.703 0.819441 5326.44              0.069665 31662.6 -4.75763
34.24              304.38 0.796889 5392.61              0.0747422 32038.7 -4.47559
34.25              357.083 1.40134 5420.35              0.0403731 32197 -8.06844
34.26              414.273 2.33667 5486.89              0.0383168 32569.3 -13.3298
34.27              470.26 1.52326 5541.25              0.0404604 32879.1 -8.75851
34.28              490.544 -0.873286 5512.47              0.0924447 32723.7 4.21256
34.29              536.101 -5.15035 5600.1              0.116388 33210.4 27.7545
34.3              642.153 1.6148 5719.47              -0.220034 33874.6 -8.85929
34.31              700.525 1.67378 5776.59              -0.118701 34200.2 -9.23804
34.32              754.276 0.0983822 5845.36              0.0592226 34588.1 -0.816898
34.33              822.422 2.25327 5914.7              0.202388 34974.5 -12.1592
34.34              836.218 8.09072 5932.87              -0.503174 35078.2 -43.9905
34.35              920.217 1.81717 6023.51              0.108041 35592.9 -10.3163
34.36              984.94 2.06109 6085.59              -0.0799337 35938.4 -11.4323
34.37              1037.6 -1.78352 6155.8              -0.197565 36325.6 11.0947
34.38              1103.73 1.69145 6228.47              -0.327379 36742.5 -9.43103
34.39              1150.57 27.0787 6377.57              6.04598 37546.8 -144.113
34.4              1206.19 6.54354 6365.84              0.605301 37507.6 -34.9109
34.41              1256.58 -20.7166 6485.37              -6.09265 38154.3 109.619
34.42              1298.6 -6.69234 6458.43              -1.95873 38027.6 35.989
34.43              1368.04 -1.63277 6538.91              -0.649514 38484.2 8.81172
34.44              1404.33 6.55684 6564.63              -0.976 38620.1 -38.0565
34.45              1475.2 0.537363 6661.54              -0.132891 39167.1 -2.84657
34.46              1527.94 0.263627 6723.91              -0.0836329 39516.7 -1.06828
34.47              1575.76 -0.335521 6774.61              -0.162051 39805.8 2.48258
34.48              1626.38 0.11367 6842.46              -0.106892 40183.8 -0.0693703
34.49              1681.37 0.135318 6901.82              -0.126467 40512.5 -0.151717
34.5              1734.21 0.895302 6960.34              -0.147855 40837.2 -4.38076
34.51              1793.32 0.0544814 7038.15              -0.135555 41271.2 0.291254
34.52              1829.62 -0.0434947 7017.09              -0.265646 41164.6 0.84127
34.53              1884.48 -2.15575 7141.53              0.0132443 41844.9 12.2899
34.54              1899.41 -6.35862 7105.57              -0.201684 41656.6 35.2937
34.55              1991.88 -0.431498 7229.81              -0.343587 42347.1 3.35348
34.56              2060.42 -0.0639847 7319.05              -0.384047 42835.8 1.28313
34.57              2106.28 -0.178183 7381.11              -0.300261 43183.6 1.84319
34.58              2155.24 -0.574464 7437.48              -0.283374 43498.4 3.93019
34.59              2200.46 0.897686 7488.98              0.0543381 43785.9 -3.59689
34.6              2246.45 -0.460074 7544.9              -0.380213 44097.3 3.24397
34.61              2249.78 5.85503 7531.2              -0.715596 44025.2 -30.6629
34.62              2328.96 -0.457196 7612.9              -0.332204 44483.8 3.02835
34.63              2373.25 -0.530442 7646.96              -0.278546 44678.7 3.60062
34.64              2414.13 -0.055965 7689.03              -0.401516 44913.4 1.02828
34.65              2460.21 -4.92333 7756.86              -0.211717 45281.2 28.8836
34.66              2518 -1.68701 7836.25              -0.320925 45729.6 10.1122
34.67              2571.95 -0.689405 7911.62              -0.449214 46145.3 4.4929
34.68              2615.03 -0.0592123 7971.93              -0.460888 46480.1 1.03042
34.69              2662.71 21.578 8084.7              4.96326 47085.6 -112.606
34.7              2709.52 3.37963 8108.64              0.352237 47237.6 -16.8392
34.71              2754.51 -22.0293 8207.65              -5.57945 47766.4 116.902
34.72              2796.88 -4.2397 8191.8              -1.18134 47700.9 23.2316
34.73              2837.16 -2.33607 8221.86              -0.707316 47873.5 13.4718
34.74              2878.92 -3.81674 8277.44              -1.11891 48183.7 21.2584
34.75              2920.13 -1.8045 8292.68              -0.579334 48278.6 10.587
34.76              2934.39 4.52071 8252.38              -1.12853 48059.2 -25.6636
34.77              2985.75 -1.06234 8318.74              -0.497585 48437 6.56868
34.78              3030.51 -1.4861 8369.41              -0.49668 48717.8 9.08614
34.79              3066.43 -1.57227 8392.06              -0.531654 48850.2 9.62329
34.8              3071.47 -1.7513 8297.79              -0.702155 48356.2 10.5924
34.81              3120.46 -1.83662 8379.6              -0.69211 48805 11.0997
34.82              3130.29 -2.15909 8284.68              -0.878798 48307.8 12.8876
34.83              3162.21 -2.30889 8294.73              -0.933305 48370.2 13.7808
34.84              3220.01 -2.11486 8433.72              -0.823378 49126.2 12.7184
34.85              3262.68 -2.11334 8496.81              -0.815231 49474 12.7151
34.86              3300.58 -2.16851 8546.98              -0.834635 49752.9 13.0314
34.87              3341.81 -2.23435 8605.61              -0.838812 50075.9 13.4055
34.88              3377.94 -2.27722 8656.91              -0.851626 50362.4 13.657
34.89              3406.11 -2.37941 8660.4              -0.928005 50391.3 14.1862
34.9              3453.99 -2.00308 8772.57              -0.885007 51001.5 12.188
34.91              3464.93 -2.47118 8694.14              -1.05128 50592.4 14.6531
34.92              3520.7 -2.49998 8839.06              -0.949684 51378.1 14.8505
34.93              3533.9 -2.69791 8780.78              -1.0784 51076.5 15.8898
34.94              3593.62 -2.61277 8959.72              -0.942103 52044.4 15.5052
34.95              3582.76 -2.97053 8774.46              -1.2153 51065.5 17.3758
34.96              3614.54 -3.06704 8804.83              -1.22456 51237 17.8991
34.97              3685.37 -2.83658 9056.67              -1.00742 52593.2 16.7249
34.98              3617.34 -3.63317 8565              -1.60666 49981.7 20.8435
34.99              3755.36 -2.77901 9182.95              -0.933361 53286.7 16.4493
35              3651.3 -3.92207 8495.79              -1.77822 49635.2 22.3164
35.01              3830.84 -2.98012 9364.41              -0.762732 54273.8 17.5518
35.02              3706.45 -4.23596 8502.46              -1.90788 49696 24.0715
35.03              3892.89 -2.81121 9462.89              -0.735212 54821.5 16.6499
35.04              3772.51 -4.22859 8617.74              -1.89347 50334.8 24.0302
35.05              3950.72 -2.80727 9571.81              -0.739443 55425.4 16.5965
35.06              3835.23 -4.18435 8737.18              -1.85629 50996.1 23.7226
35.07              3986.25 -3.07024 9548.12              -0.892316 55321.8 17.9411
35.08              3914.48 -4.05197 8979.96              -1.6955 52311.8 23.0308
35.09              4005.04 -3.42333 9437.61              -1.15684 54757.8 19.7641
35.1              3972.73 -4.06486 9106.99              -1.63548 53011.3 23.0799
35.11              4039.77 -3.62654 9445.23              -1.24231 54822.5 20.7965
35.12              4027.39 -4.04251 9230.4              -1.57373 53690.9 22.9187
35.13              4076.63 -3.82401 9469.99              -1.32817 54977.5 21.7872
35.14              4073.42 -4.09318 9327.67              -1.54914 54231.9 23.1355
35.15              4114.34 -4.00603 9518.06              -1.36112 55255.1 22.7259
35.16              4130.96 -4.07023 9520.82              -1.41621 55281.3 23.0097
35.17              4150.9 -4.18538 9581.82              -1.41291 55617.5 23.641
35.18              4152.88 -4.33785 9493.36              -1.53234 55157 24.3708
35.19              4176.31 -4.33471 9580.03              -1.45881 55629.3 24.3758
35.2              4182.52 -4.43603 9518.62              -1.54097 55313.4 24.8394
35.21              4191.07 -6.19704 9586.6              -1.32821 55681.6 34.2296
35.22              4207.78 -5.0297 9555.43              -1.54076 55529 28.1007
35.23              4225.99 -4.86285 9612.76              -1.51257 55845.2 27.1591
35.24              4245.91 -4.69498 9676.2              -1.45138 56192.7 26.2088
35.25              4248.23 -4.93322 9625.72              -1.5671 55934.8 27.4513
35.26              4256.47 -4.86234 9607.42              -1.57026 55847.5 27.0063
35.27              4269.59 -4.92507 9642.79              -1.55069 56045.9 27.3472
35.28              4275.62 -4.93137 9619.47              -1.57076 55931.7 27.3405
35.29              4285.61 -5.03141 9641.78              -1.57368 56060.3 27.8709
35.3              4294.72 -4.95993 9648.72              -1.54841 56106.6 27.4433
35.31              4296.29 -4.39357 9626.72              -1.64832 55998.6 24.3385
35.32              4306.98 -4.87941 9638.63              -1.5508 56071.7 26.8971
35.33              4317.95 -5.0617 9681.14              -1.5387 56307.7 27.9153
35.34              4303.41 -5.45315 9499.15              -1.75941 55350.4 29.9318
35.35              4343.67 -5.01759 9783.16              -1.39008 56869.4 27.7417
35.36              4312.26 -5.83938 9497.01              -1.80646 55357.3 32.0194
35.37              4357.31 -5.04465 9826.07              -1.339 57116.5 27.8681
35.38              4315.69 -5.95738 9472.25              -1.86162 55243.4 32.7541
35.39              4366.86 -5.2243 9851.03              -1.32254 57266.8 29.0987
35.4              4319.44 -6.03465 9455.57              -1.87843 55172.1 33.1623
35.41              4372.61 -5.03427 9866.09              -1.28185 57364.9 27.9498
35.42              4322.42 -6.08404 9449.93              -1.91024 55158.7 33.4163
35.43              4349.51 -5.31175 9653.36              -1.52462 56250 29.3738
35.44              4338.92 -5.65987 9556.61              -1.69247 55743.6 31.206
35.45              4330.39 -2.10695 9564.06              -2.24404 55782.2 11.0539
35.46              4339.82 -4.71274 9599.79              -1.86196 55983.7 25.7478
35.47              4382.27 -9.91013 9977.05              -2.91592 58001.8 53.3043
35.48              4315.83 -7.28376 9453              -2.16495 55219.4 40.0969
35.49              4371.52 -3.62418 9899.19              -1.05318 57608.2 20.2349
35.5              4315.64 -96.3851 9693.36              -17.1235 56497.8 505.736
35.51              4368.07 -10.6324 9915.13              -1.35228 57711.1 57.9696
35.52              4294.08 80.1756 9679.98              14.6754 56429.8 -416.981
35.53              4361.41 4.2305 9930.85              0.344788 57812.7 -21.1379
35.54              4271.21 -4.11057 9326.73              -1.76806 54586.2 22.7641
35.55              4340.5 -4.9959 9835.31              -1.02776 57318.9 27.9212
35.56              4240.95 -8.33418 9279.24              -1.89891 54326.2 46.1978
35.57              4308.14 -5.42292 9741.22              -1.32954 56824.5 30.3671
35.58              4250.81 -5.00531 9403.54              -1.33444 55019.8 27.6031
35.59              4281.72 -5.58484 9708.1              -0.899684 56649.3 31.3614
35.6              4235.28 -2.78085 9566.9              -1.74433 55903.4 16.1847
35.61              4264.15 -4.84178 9760              -1.28852 56949.6 26.9841
35.62              4220.39 -5.28061 9528.73              -1.3825 55715.5 29.3352
35.63              4224.8 -5.82024 9614.31              -1.15873 56181.4 32.1881
35.64              4189.76 -5.6895 9466.68              -1.45314 55397.9 31.4628
35.65              4204.24 -4.97101 9601.51              -1.22977 56130.3 27.6621
35.66              4155.17 -7.78055 9524.38              -1.30758 55719.3 43.2648
35.67              4183.67 -5.49402 9736.96              -1.03002 56873.6 31.0802
35.68              4153.15 -5.65327 9660.9              -1.14075 56470.1 31.9361
35.69              4129.99 -5.29772 9615.49              -1.16362 56234.3 29.917
35.7              4074.7 -5.51833 9353.02              -1.47447 54828.9 30.9488
35.71              4093.67 -4.20181 9596.37              -0.988174 56149.2 23.8985
35.72              3985.91 -5.80629 9017.14              -1.85937 53033.1 32.3153
35.73              4067.66 -3.99959 9640.14              -0.681308 56404.7 23.0754
35.74              3934.73 -5.78893 8960.44              -1.83022 52739.2 32.3451
35.75              4024.19 -3.4734 9623.14              -0.535429 56331.4 20.1638
35.76              3868.23 -5.71135 8814.64              -1.92458 51965 31.7795
35.77              3955.65 0.219784 9499.43              -1.22741 55671.2 -1.0323
35.78              3849.68 -12.1763 9030.97              -4.18271 53140.3 65.6542
35.79              3930.32 -3.79132 9636.64              -0.357824 56437.6 22.1073
35.8              3790.56 -93.3683 9188.52              -15.9147 53985.5 494.232
35.81              3856.5 -8.91692 9495.26              -0.693578 55691 49.5379
35.82              3724.25 82.8045 9220.75              14.8509 54159 -435.017
35.83              3785.71 7.5456 9370.05              1.11312 55031.5 -39.1032
35.84              3656.59 -3.25058 8863.13              -0.896721 52263.5 19.7456
35.85              3686.59 -0.588644 9156.07              0.0372004 53878.4 4.47209
35.86              3606.93 -3.78521 8870.89              -0.704471 52319.5 21.87
35.87              3604.51 0.0751764 9094.72              -0.764061 53554.2 0.828383
35.88              3539.9 -2.82584 8841.97              -0.947355 52185.2 16.4476
35.89              3534.1 -4.21926 8971.67              -0.336855 52896.4 23.946
35.9              3452.94 -3.7104 8724.48              -1.01018 51553.3 20.9804
35.91              3469.14 -2.52384 8973.1              -0.37814 52924.9 14.7526
35.92              3388.13 -6.03047 8768.95              -0.926196 51811.1 34.4042
35.93              3442.79 -3.43084 9237.8              0.160608 54382.2 20.4998
35.94              3277.64 -4.5098 8500.87              -1.25827 50363.1 25.6356
35.95              3338.98 -1.70105 9002.87              -0.0658136 53118.3 10.5747
35.96              3197.42 -3.60937 8411.15              -1.15126 49889.1 20.5259
35.97              3246.7 -2.18589 8877.54              -0.0743205 52453 13.4875
35.98              3107.12 -3.97042 8310.82              -1.17473 49353.1 22.7883
35.99              3170.88 -1.47356 8822.01              0.112876 52166.5 9.47655
36              2985.07 0.657284 8084.68              -1.9552 48116.6 -4.4862
36.01              3108.96 -9.37146 8962.26              -3.10473 52931.9 51.2125
36.02              2941.33 -4.55917 8234.92              -1.21976 48961.4 25.5405
36.03              3023.45 -85.3257 9123.43              -13.3158 53811 456.048
36.04              2818.93 79.1171 8454.03              15.1317 50104.9 -419.474
36.05              2923.9 8.147 8742.23              1.55679 51779.9 -43.0842
36.06              2714.84 -3.4056 7985.59              -0.948222 47590.1 20.4328
36.07              2805.35 2.14203 8579.88              1.61197 50889.4 -10.3548
36.08              2620.21 -2.38915 7876.97              -0.462077 47006.7 13.965
36.09              2696.19 2.29568 8504.17              0.300077 50482.1 -11.3371
36.1              2521.26 -2.37497 7794.46              -0.435129 46561.2 13.4489
36.11              2626.28 -0.521714 8480.44              0.931155 50371.9 4.30725
36.12              2433.23 -1.68306 7720.46              -0.940917 46162.9 9.3004
36.13              2546.36 -2.18023 8597              1.17372 51020.1 14.0603
36.14              2373.11 -3.1508 7936.2              -0.38724 47370.2 18.2517
36.15              2451.57 -0.189252 8535.44              1.14861 50698.6 2.72913
36.16              2226.4 -1.53257 7633.4              -0.967904 45705 8.49454
36.17              2364.68 0.820342 8519.64              1.44996 50630.9 -2.88785
36.18              2115.51 -2.39416 7516.1              -1.04502 45066 13.592
36.19              2271.84 1.11323 8507.51              1.66529 50578.7 -4.36337
36.2              2010.69 -1.49654 7431.16              -0.996155 44606.1 8.20963
36.21              2107.2 3.92791 8197.47              -0.39994 48851.8 -21.8892
36.22              1964.71 -9.63153 7701.8              -2.82999 46113.2 52.4261
36.23              2080.37 -70.133 8731.33              -10.3366 51811.7 378.29
36.24              1804.53 73.1531 7760.14              14.6146 46377 -392.65
36.25              1949.13 10.156 8298.01              2.83334 49465.6 -54.4834
36.26              1697.28 0.44343 7337.02              -0.25974 44092.6 -1.76829
36.27              1813.6 4.0347 8110.48              2.6965 48423.9 -20.9706
36.28              1595.87 0.441599 7267.15              0.169201 43709.2 -2.23467
36.29              1701.51 3.94212 8060.59              1.65769 48153.8 -20.2029
36.3              1464.2 -0.454646 7084.88              -0.23858 42697.9 1.97547
36.31              1624.22 1.63198 8092.68              2.0108 48342.3 -7.63907
36.32              1340.73 0.576121 6930              -0.676714 41840.4 -3.82
36.33              1532.66 0.0138131 8185.17              2.32575 48868.7 1.97699
36.34              1241.36 0.0459221 6928.01              -0.608293 41840.1 -0.599907
36.35              1444.69 1.99141 8195.77              2.48303 48946.8 -9.19094
36.36              1095.23 0.542178 6665.95              -1.03122 40378.3 -4.00174
36.37              1345.21 2.01553 8182.88              2.73422 48890.2 -9.12712
36.38              974.148 0.696726 6546.25              -1.11485 39712.6 -4.85992
36.39              1235.84 2.56073 8106.14              2.83791 48475.2 -12.3458
36.4              848.512 2.3903 6409.67              -1.49764 38945.9 -15.0588
36.41              1121.9 -4.44823 8106.97              -0.192061 48474 25.4974
36.42              796.365 -57.8469 6817.76              -11.3626 41214.9 313.152
36.43              993.979 2.07133 7918.57              3.08479 47444.3 -9.7411
36.44              799.921 58.1034 7434.29              12.8899 44671.4 -315.467
36.45              837.443 10.4057 7636.46              3.44121 45870.5 -56.617
36.46              747.993 4.42774 7418.59              1.93903 44637.1 -23.8027
36.47              714.176 4.483 7528.59              2.69536 45260.4 -24.3122
36.48              610.861 1.44283 7248.92              1.34599 43679.2 -7.27915
36.49              600.883 2.66998 7471.46              1.90896 44940 -14.01
36.5              484.714 1.66686 7089.29              1.33006 42781.9 -9.59803
36.51              466.115 2.5685 7280.79              1.69829 43857.8 -14.1181
36.52              394.661 5.60323 7089.77              1.29767 42792 -31.4945
36.53              351.88 4.34898 7165.18              1.56356 43219 -24.3796
36.54              284.314 3.33896 7100.19              1.5421 42854.8 -18.6922
36.55              230.775 2.43879 7063.47              1.57904 42652 -13.4756
36.56              177.515 3.09491 7039.25              1.61418 42515.3 -17.2686
36.57              126.771 3.28983 7044              1.68343 42544.8 -18.3802
36.58              66.6273 4.3989 6980.65              1.78399 42190.2 -25.2943
36.59              17.6456 3.68745 6989.86              1.79353 42244.2 -20.7391
36.6              -46.8796 3.80676 6897.85              1.68344 41725.3 -21.5861
36.61              -97.9602 -2.82626 6836.85              2.05536 41391.3 18.3583
36.62              -170.723 3.453 6700.79              1.40141 40619 -20.11
36.63              -229.096 -3.06261 6653.98              0.879572 40355.1 16.5929
36.64              -293.949 4.41415 6590.39              1.88549 39993.1 -24.5099
36.65              -349.406 4.44653 6539.81              2.12539 39706.8 -24.6043
36.66              -358.151 14.3667 6523.68              0.816871 39657.7 -84.2919
36.67              -466.553 5.07984 6361.26              1.56193 38704.6 -29.4767
36.68              -538.331 5.42443 6280.08              1.68718 38226.4 -31.3592
36.69              -569.007 -1.62826 6251.23              1.67946 38074.9 8.86455
36.7              -645.118 3.51597 6212              1.71419 37842.4 -19.8068
36.71              -696.627 3.75141 6148.13              1.74004 37478.5 -22.1116
36.72              -763.81 4.51618 6096.14              1.7281 37178.8 -26.0426
36.73              -823.095 4.27755 6048.15              1.83082 36901 -24.6345
36.74              -844.773 11.1201 5979.13              1.68372 36515.5 -63.8556
36.75              -912.217 8.43655 5944.82              1.66493 36323.2 -48.8309
36.76              -985.901 5.9866 5894.21              1.88061 36030.1 -34.8724
36.77              -1039.01 3.87416 5854.58              1.96768 35803.9 -22.444
36.78              -1095.78 4.9882 5822.04              1.98057 35619.8 -28.9249
36.79              -1150.84 5.12358 5787.85              2.02029 35423.7 -29.7284
36.8              -1206.6 6.62692 5733.36              2.25356 35113.1 -39.1294
36.81              -1264.81 5.41632 5677.13              2.09176 34791 -31.554
36.82              -1317.19 5.31887 5626.89              2.10356 34504.4 -30.9341
36.83              -1354.53 -2.34915 5622.51              2.76872 34489.8 15.6141
36.84              -1417.69 6.12254 5546.79              3.00977 34053.4 -34.7454
36.85              -1477.13 5.84466 5454.28              1.98406 33521.2 -34.2459
36.86              -1525.3 18.7581 5378.28              6.21059 33099.8 -104.75
36.87              -1590.45 3.47231 5387.3              1.99501 33136 -20.5572
36.88              -1627.26 -17.3487 5271.96              -3.40485 32497.3 95.8336
36.89              -1690.04 5.69678 5323.27              2.45137 32760.8 -32.8036
36.9              -1680.12 16.7936 5367.97              1.40381 33063.1 -99.6311
36.91              -1796.25 6.85292 5174.82              2.32739 31914.7 -40.2475
36.92              -1855.13 6.52333 5153.53              1.98668 31790.7 -38.1498
36.93              -1910.9 6.85112 5097.14              2.55209 31445.8 -39.9546
36.94              -1938.87 -0.58184 5081.72              2.40904 31369.3 3.0466
36.95              -2009.97 5.32723 5036.24              2.54153 31094.5 -30.3713
36.96              -2061.1 5.72402 4980.26              2.60876 30769.7 -33.6418
36.97              -2115.43 6.02517 4935.52              2.53737 30507.9 -34.847
36.98              -2176.29 5.74734 4879.22              2.65024 30162.7 -33.2773
36.99              -2228.47 6.31732 4838.67              2.56088 29936.6 -36.4718
37              -2248.06 13.9717 4778.29              2.49586 29594.3 -80.9385
37.01              -2304.05 10.3285 4771.22              2.51494 29549 -60.1287
37.02              -2388.41 7.43065 4660.99              2.58922 28904.1 -43.535
37.03              -2437.24 6.87769 4656.47              2.69653 28872.3 -40.138
37.04              -2482.32 6.61541 4616.93              2.73016 28639.3 -38.5431
37.05              -2532.8 4.53789 4568.89              2.76916 28360.4 -26.1776
37.06              -2582.95 6.11823 4504.33              2.69298 27980.3 -35.5444
37.07              -2637.62 6.29039 4458.91              2.68204 27714.1 -36.5951
37.08              -2683.68 7.22283 4409.73              2.83028 27421.3 -42.4681
37.09              -2733.36 7.78255 4341.14              2.8603 27020.4 -46.0226
37.1              -2784.31 6.53569 4292.04              2.67837 26730 -38.1587
37.11              -2837.62 6.47869 4212.58              2.58193 26264.4 -37.8577
37.12              -2881.48 6.435 4162.66              2.56778 25967.3 -37.5586
37.13              -2928.56 6.46991 4141.95              2.59224 25842.7 -37.7458
37.14              -2954.84 -3.21532 4124.99              3.23683 25748.5 21.7016
37.15              -3004.7 4.65848 4064.7              2.89442 25385 -26.4107
37.16              -3057.51 10.1107 3988.74              4.48666 24940.7 -57.9524
37.17              -3087.55 7.70249 4007.58              2.64639 25037.7 -45.2672
37.18              -3127.91 4.12935 3981.12              2.46004 24872.8 -23.3806
37.19              -3162.69 33.5469 3868.97              10.561 24243.8 -188.85
37.2              -3218.07 5.20983 3899.14              2.19327 24382 -30.5119
37.21              -3260.46 4.70324 3858.62              2.24225 24134.8 -27.3719
37.22              -3283.21 -26.9291 3690.2              -7.31362 23191.5 149.7
37.23              -3341.53 4.78436 3771              2.77509 23607.9 -26.8924
37.24              -3381.91 6.77854 3748.54              3.08365 23468 -38.7857
37.25              -3417.01 7.44504 3717.01              3.04555 23273.9 -42.7406
37.26              -3447.2 9.15807 3697.92              2.9609 23159 -53.1713
37.27              -3429.81 16.7128 3772.76              1.82541 23629 -99.5852
37.28              -3529.6 8.68905 3574.07              2.52387 22422.6 -50.8282
37.29              -3559.1 6.5522 3572.26              2.57731 22400.3 -37.862
37.3              -3594.91 7.14772 3552.09              2.62375 22271.9 -41.3133
37.31              -3625.16 5.89281 3521.55              1.76119 22088.4 -33.8764
37.32              -3663.95 7.03053 3479.58              2.63999 21827.8 -40.6176
37.33              -3696.78 6.68832 3450.92              2.64799 21649.7 -38.4954
37.34              -3732.64 6.65431 3408.33              2.54447 21386.7 -38.2879
37.35              -3760.51 6.5664 3385.91              2.52623 21249.6 -37.7413
37.36              -3789.58 6.3739 3354.59              2.43754 21055.9 -36.6358
37.37              -3801.02 0.15986 3337.33              2.13073 20950.2 0.452613
37.38              -3847.54 4.9766 3287.4              2.19458 20643.8 -28.1303
37.39              -3880.33 5.3891 3249.69              2.14135 20414.7 -30.6581
37.4              -3907.95 5.48702 3217.69              2.09734 20215.1 -31.2535
37.41              -3935.42 5.4892 3183.21              2.05066 20002.7 -31.2732
37.42              -3965.75 5.70182 3138.07              2.04132 19728.7 -32.5311
37.43              -3991.99 5.4722 3101.13              1.91518 19501.4 -31.2944
37.44              -4014.98 5.4193 3068              1.86839 19295.5 -30.999
37.45              -4039.99 5.32003 3042.16              1.81538 19134.1 -30.4235
37.46              -4058.68 5.85315 3019.73              1.72783 18993.6 -33.6415
37.47              -4083.57 5.21011 2989.98              1.72478 18806.1 -29.8191
37.48              -4107.42 5.07387 2965.05              1.70149 18649.9 -28.9728
37.49              -4125.33 4.90176 2942.49              1.6428 18506 -27.9866
37.5              -4146.13 4.77062 2915.7              1.5782 18337.6 -27.1999
37.51              -4166.57 4.58519 2892.28              1.52008 18189.8 -26.0615
37.52              -4184.63 4.43688 2869.87              1.45014 18047.3 -25.1924
37.53              -4200.04 4.26346 2854.3              1.39253 17945.2 -24.1369
37.54              -4214.98 4.0943 2837.09              1.35054 17833 -23.164
37.55              -4229.73 3.85434 2820.76              1.30517 17726.2 -21.7325
37.56              -4242.13 3.60838 2804.36              1.2549 17617.3 -20.2569
37.57              -4256.89 3.46875 2787.15              1.18654 17506 -19.5595
37.58              -4269.49 3.16218 2770.21              1.10379 17395.2 -17.6992
37.59              -4283.58 2.50523 2748.15              1.06584 17252.4 -13.7728
37.6              -4293.26 2.73521 2735.62              0.975087 17168.8 -15.1568
37.61              -4303.16 2.56612 2723.09              0.911088 17083.9 -14.1801
37.62              -4313.08 2.43263 2710.57              0.851576 16999.1 -13.4055
37.63              -4321.19 2.28455 2695.2              0.81414 16897.2 -12.547
37.64              -4330.18 2.21308 2680.27              0.762114 16798.2 -12.1418
37.65              -4338.38 1.94556 2666.21              0.682797 16704.6 -10.5534
37.66              -4346.63 1.65816 2653.53              0.593876 16619.9 -8.89287
37.67              -4353.07 1.54819 2640.39              0.566436 16532.2 -8.21238
37.68              -4382.71 8.03682 2596.8              0.613799 16260 -47.0915
37.69              -4370.16 1.99214 2602.56              0.446543 16287.4 -10.9425
37.7              -4374.28 1.45297 2591.11              0.335722 16209.3 -7.72346
37.71              -4378.03 1.09165 2579.31              0.274709 16129.7 -5.60249
37.72              -4382.06 0.784517 2562.29              0.177625 16019.1 -3.77269
37.73              -4385.73 0.514698 2548.33              0.0610597 15927 -2.29649
37.74              -4392.06 1.02507 2533.87              0.616346 15828.4 -5.1441
37.75              -4392.11 0.371708 2522.91              0.0543268 15755.5 -1.39998
37.76              -4395.56 0.743512 2509.33              -0.0731562 15664.9 -3.64195
37.77              -4433.88 -9.75282 2431.59              0.134725 15174.4 60.1829
37.78              -4391.28 -0.382481 2499.59              -0.335983 15591.4 3.10015
37.79              -4401.89 0.702504 2451.83              0.049755 15300.6 -2.53315
37.8              -4401.53 0.0189565 2439.47              -0.391883 15216.3 0.612765
37.81              -4402.77 0.0238203 2424.95              -0.510875 15120.6 0.447297
37.82              -4402.09 0.638126 2420.3              -0.487736 15084.3 -3.31227
37.83              -4412.45 15.6223 2475.72              4.45155 15370.5 -86.7369
37.84              -4400.3 2.92701 2413.69              0.0242627 15023.9 -15.6909
37.85              -4429.22 0.385668 2282.5              -0.877098 14242.4 -1.61456
37.86              -4413.46 -10.8151 2368.26              -3.96038 14728.4 61.3267
37.87              -4399.83 -2.63759 2353.94              -1.19027 14651 15.1432
37.88              -4389.59 -3.07439 2359.9              -0.812482 14680.9 18.7236
37.89              -4403.16 -2.84958 2286.03              -1.16344 14238.2 17.1244
37.9              -4381.27 -2.16117 2333.2              -0.764109 14511.9 13.2277
37.91              -4384.25 5.58175 2317.09              -1.14077 14403.9 -34.2004
37.92              -4362.4 -0.713378 2342.72              -0.628277 14555.7 4.50936
37.93              -4351.8 -1.41812 2351.54              -0.58795 14602.6 8.8615
37.94              -4342.92 -1.75538 2350.27              -0.575692 14589.8 10.9706
37.95              -4334.02 -1.8858 2348.51              -0.577981 14574.1 11.7786
37.96              -4326.45 -2.60281 2343.45              -0.662887 14539.6 16.2419
37.97              -4315.37 -2.47827 2347.97              -0.645221 14561.9 15.4331
37.98              -4304.27 -2.25827 2349.03              -0.604217 14563.7 14.0228
37.99              -4301.28 -2.2218 2326.45              -0.676651 14426.9 13.7481
38              -4284.44 -1.69119 2347.16              -0.607462 14544.2 10.577
38.01              -4272.42 -2.18149 2347.61              -0.61154 14544 13.485
38.02              -4258.45 -2.30952 2355.14              -0.635629 14585.4 14.2238
38.03              -4244.78 -2.37484 2359.21              -0.62647 14606 14.6303
38.04              -4248.03 -3.83264 2335.14              -0.578917 14460 22.9249
38.05              -4248.61 -6.82768 2314.17              -0.756324 14333.1 40.5708
38.06              -4214.06 -2.87354 2342.14              -0.800508 14497.2 17.8519
38.07              -4193.18 -2.45755 2380.33              -0.754819 14713.8 15.1558
38.08              -4177.21 -2.4099 2372.99              -0.737727 14673 14.8841
38.09              -4156.29 -3.56351 2384.41              -0.615624 14736.8 21.2237
38.1              -4139.02 -2.46712 2390.69              -0.621814 14772.8 15.2034
38.11              -4139.74 1.04785 2372.72              -0.847637 14665.8 -5.32618
38.12              -4101.78 -2.41766 2395.89              -0.688044 14801.3 14.567
38.13              -4079.84 -2.77188 2403.66              -0.79703 14848.8 16.7295
38.14              -4080.36 -8.45989 2383.09              -0.296077 14710.5 51.5011
38.15              -4042.76 -3.80007 2382.43              -0.670376 14728.7 23.2383
38.16              -4007.11 -2.12869 2458.02              -0.822181 15160.3 13.164
38.17              -3997.23 3.4982 2477.37              1.32372 15258.9 -18.0609
38.18              -4038.8 -1.65491 2254.91              -1.0673 13976.8 10.2079
38.19              -3964.22 -6.44651 2438.21              -2.45236 15037.1 37.0292
38.2              -3979.77 -4.33339 2306.42              -1.22478 14277.7 25.6946
38.21              -3903.02 -3.29827 2463.39              -0.718807 15191.4 19.8316
38.22              -3871.09 2.41942 2504.48              -1.0305 15420.9 -14.7476
38.23              -3821.87 -2.03271 2578.25              -0.495261 15852.2 12.3838
38.24              -3790.13 -2.31161 2602.38              -0.438298 15990.1 14.1668
38.25              -3764.38 -2.76777 2615.7              -0.477423 16066.2 17.0492
38.26              -3740.03 -2.09151 2616.76              -0.437073 16071.4 12.89
38.27              -3723.63 -1.97471 2597.35              -0.502837 15957.1 12.1513
38.28              -3698.22 -1.32701 2599.61              -0.519304 15969.2 8.35715
38.29              -3669.76 -1.6925 2607.23              -0.51435 16012.8 10.4428
38.3              -3656.09 -3.41786 2591.54              -0.388839 15918.4 20.1708
38.31              -3650.21 -6.47437 2553.49              -0.582748 15696.4 37.9003
38.32              -3580.87 -0.777133 2619.29              -0.668693 16075.9 5.41046
38.33              -3556.09 -0.836227 2629.24              -0.585449 16132.2 5.63407
38.34              -3519.6 -2.1104 2638.13              -0.421166 16184.8 12.4877
38.35              -3488.86 -0.832768 2644.17              -0.442657 16222.7 5.47431
38.36              -3485.03 3.94617 2613.12              -0.872242 16039.2 -21.5517
38.37              -3418.12 -1.15354 2650.82              -0.293801 16267.2 6.88517
38.38              -3405.16 -6.90887 2640.62              0.0965626 16189 41.7747
38.39              -3332.45 -0.81042 2682.46              -0.354757 16460.1 5.33779
38.4              -3294.79 0.49546 2728.35              -0.680766 16712.8 -2.47569
38.41              -3271.79 25.8987 2863.91              6.9772 17451 -141.61
38.42              -3260.81 -19.7626 2781.99              -6.70876 16989.9 108.437
38.43              -3207.6 -6.64615 2736.4              -2.2109 16757.2 37.3933
38.44              -3144.31 4.4254 2818.26              -1.44524 17221.4 -27.3198
38.45              -3080.55 -1.36133 2883.96              -0.284725 17610.2 8.11044
38.46              -3041.16 -0.955392 2908.47              -0.149034 17752.3 5.9679
38.47              -3006.51 -1.36336 2911.02              -0.215242 17768.1 8.61702
38.48              -2966.3 -0.326337 2924.75              -0.124678 17849 2.29667
38.49              -2927.73 0.703442 2933.53              -0.118073 17898.1 -3.74567
38.5              -2876.85 0.0708673 2975.34              -0.0433684 18139.2 0.00741838
38.51              -2847.38 0.139218 2952.53              -0.122447 18011.4 -0.455605
38.52              -2858.93 -9.06346 2919.1              0.163028 17812 51.4096
38.53              -2757.06 1.08386 2986.46              -0.271814 18208.6 -5.40966
38.54              -2715.1 1.48986 3035.54              -0.26986 18479.2 -8.19841
38.55              -2677.43 -0.211988 3021.46              -0.117089 18409.1 1.12832
38.56              -2635.68 1.69349 3023.45              -0.0441093 18426.7 -9.26376
38.57              -2638.99 8.63182 2978.8              -0.693351 18170.5 -47.8559
38.58              -2550.75 0.8277 3024.31              0.134086 18445.6 -5.01227
38.59              -2548.93 -7.95481 2977.81              0.855807 18152.8 47.6212
38.6              -2446.46 1.60135 3043.09              -0.491008 18569.7 -9.27914
38.61              -2432.19 39.0077 3212              9.62256 19471.8 -212.679
38.62              -2384.08 -24.5051 3211.77              -8.25234 19487.1 132.387
38.63              -2308.5 -3.36666 3187.32              -1.27702 19386.7 17.9627
38.64              -2260.06 -4.14166 3202.08              -2.24522 19474.1 22.1505
38.65              -2220.81 7.78075 3203.4              -1.51957 19479.4 -47.2382
38.66              -2149.16 0.143812 3276.81              -0.214319 19910.6 -1.26296
38.67              -2103.01 -0.882151 3297.32              -0.251734 20031.9 5.21952
38.68              -2047.74 0.388602 3339.72              -0.0722245 20275.5 -2.40002
38.69              -2010.1 1.56683 3358.27              -0.0932182 20385.1 -9.2235
38.7              -1940.72 0.691325 3429.2              -0.0176524 20787.8 -4.17236
38.71              -1884.62 0.82354 3480.7              0.00484556 21083.1 -4.92598
38.72              -1883.02 -8.80698 3499.82              0.426599 21181.5 48.6604
38.73              -1746.55 1.51095 3630.75              -0.0831602 21926.6 -8.49125
38.74              -1704.29 1.6064 3662.93              -0.0768768 22114 -9.27949
38.75              -1645.04 4.89914 3693.39              1.39897 22293.4 -26.7475
38.76              -1634.89 7.23252 3667.56              -0.825271 22151.9 -41.1871
38.77              -1554.92 0.807753 3685.12              -0.12096 22265 -5.46334
38.78              -1512.95 2.54425 3695.02              0.197467 22327.9 -14.9955
38.79              -1490.88 -7.28039 3639.75              0.584603 22013.3 42.462
38.8              -1397.21 2.54649 3768.81              -0.533114 22756.8 -15.0514
38.81              -1365.68 37.7155 3941.22              9.35809 23690.3 -204.332
38.82              -1318.6 -22.0712 3933.39              -7.63367 23666.3 117.577
38.83              -1244.69 -6.51254 3925.7              -2.4569 23654.7 34.8141
38.84              -1185.07 7.35547 3965.98              -1.77743 23877.1 -44.9061
38.85              -1107.06 0.40669 4052.12              -0.330582 24380.3 -3.24282
38.86              -1052.35 0.4414 4091.98              -0.202449 24610.3 -3.13768
38.87              -997.241 -0.200852 4129.98              -0.271491 24829.3 0.853719
38.88              -946.464 0.733971 4162.36              -0.243057 25016.6 -4.72811
38.89              -879.142 1.87036 4227.18              -0.192837 25379.3 -11.1528
38.9              -811.501 1.05669 4327.55              -0.0883112 25948.5 -6.50552
38.91              -782.452 -1.4095 4350.05              0.0571211 26076.8 6.98976
38.92              -752.909 -5.89951 4360.11              -0.0815876 26137.3 31.8963
38.93              -655.64 1.34995 4432.2              -0.583952 26543 -7.83382
38.94              -607.304 1.58777 4460.72              -0.422497 26716.5 -9.28636
38.95              -545.287 4.28233 4502.87              0.79993 26956.5 -23.4652
38.96              -515.739 7.33124 4547.04              -1.13078 27203.9 -41.1153
38.97              -415.695 1.07973 4633.03              -0.302071 27699.1 -6.99017
38.98              -353.833 2.3608 4691.67              -0.033847 28031.8 -13.8406
38.99              -319.001 -6.70126 4683.67              0.206485 27978.8 38.5838
39              -239.065 1.37018 4805.18              -0.619097 28678.3 -8.3001
39.01              -185.321 30.7337 4978.35              7.43355 29613.4 -165.052
39.02              -153.166 -20.3485 4949.5              -6.87681 29469 107.707
39.03              -72.8167 -3.27863 4984.86              -1.169 29696.4 17.2557
39.04              -25.9661 -3.56204 4990.55              -1.87559 29739.9 18.5768
39.05              37.275 6.79486 5055.15              -1.49353 30089.8 -40.6208
39.06              101.581 0.326406 5155.29              -0.462264 30668.2 -2.42305
39.07              166.114 -0.237346 5206.34              -0.457702 30958 1.08172
39.08              225.097 -0.336879 5269.91              -0.43905 31314.1 1.82836
39.09              272.596 0.126309 5301.88              -0.453032 31500.2 -0.896527
39.1              331.642 0.976717 5368.23              -0.464203 31871.6 -5.66332
39.11              388.835 0.153562 5423.41              -0.472845 32187 -1.04439
39.12              410.039 -2.05594 5398.77              -0.425678 32055.7 10.9155
39.13              466.526 -5.93671 5496.5              -0.376666 32597.3 32.2947
39.14              567.278 0.163142 5597.49              -0.712714 33163.3 -0.645441
39.15              623.606 0.203692 5658.77              -0.637068 33507.3 -0.897498
39.16              676.321 -1.17701 5723.25              -0.441037 33874.9 6.48221
39.17              754.193 1.43349 5797.61              -0.116995 34288.9 -7.15383
39.18              774.363 5.61298 5835.99              -1.04823 34506.4 -30.2575
39.19              861.28 0.0909251 5918.67              -0.532692 34975.2 -0.554492
39.2              919.719 0.661902 5986.5              -0.507776 35357 -3.44174
39.21              975.665 -2.9028 6061.93              -0.670898 35774.7 17.4211
39.22              1047.98 0.0456363 6135.74              -0.730706 36196.5 -0.0229312
39.23              1103.4 19.2632 6278.97              4.06981 36972.3 -102.006
39.24              1160.4 4.10152 6289.66              0.0521689 37052.2 -21.2643
39.25              1212.87 -17.4876 6404.45              -5.18201 37677.8 93.2272
39.26              1266.24 -6.84568 6418.99              -1.93094 37774.3 37.4815
39.27              1329.19 -2.85822 6474.25              -0.951266 38093.8 16.0456
39.28              1372.65 4.36061 6524.99              -1.26037 38368.7 -25.3072
39.29              1445.86 -0.915096 6622.62              -0.518217 38918.7 5.53521
39.3              1500.82 -1.25423 6685.61              -0.476894 39272.4 7.67731
39.31              1554.43 -1.80441 6741.22              -0.555363 39588.4 10.9337
39.32              1612.28 -1.42316 6820.13              -0.481527 40025.7 8.77921
39.33              1668.6 -1.39612 6895.05              -0.491834 40442.2 8.67487
39.34              1717.83 -0.750179 6949.86              -0.520519 40749.9 5.10083
39.35              1774.32 -1.56255 6999.78              -0.559763 41032.5 9.59505
39.36              1828.54 -1.64747 7055.74              -0.564977 41345 10.1407
39.37              1845 -3.71261 7018.63              -0.544802 41149.7 21.2211
39.38              1877.78 -7.48778 7033.05              -0.64587 41236.7 41.8886
39.39              1975.81 -1.96195 7161.48              -0.766835 41949 12.1208
39.4              2041.48 -1.45694 7251.24              -0.776397 42442.3 9.35005
39.41              2092.75 -1.83752 7320.67              -0.734142 42832.6 11.3135
39.42              2147.43 -2.08489 7393.85              -0.681396 43239.7 12.6
39.43              2198.55 -0.963716 7457.05              -0.34549 43591.6 6.93123
39.44              2247.79 -1.89708 7521.91              -0.709721 43952.9 11.5066
39.45              2256.89 3.77844 7512.34              -1.03609 43903.9 -18.983
39.46              2335.86 -1.91352 7594.82              -0.66006 44367.5 11.3766
39.47              2382.47 -2.05892 7632.33              -0.619008 44582.8 12.3545
39.48              2431.81 -1.59601 7698.45              -0.687785 44949 9.84179
39.49              2479.6 -5.86371 7763.65              -0.533635 45306.4 34.3043
39.5              2539.95 -3.15129 7850.01              -0.602093 45790.8 18.4957
39.51              2598.87 -2.11132 7926.69              -0.733364 46214.4 12.6213
39.52              2642.13 -1.57553 7990.17              -0.726706 46568.9 9.67826
39.53              2694.26 17.6146 8104.63              4.12595 47186.4 -91.1197
39.54              2743.65 1.59905 8137.17              0.0312837 47384.7 -6.83038
39.55              2788.26 -21.5977 8235.9              -5.3412 47915.4 115.25
39.56              2835.08 -5.32202 8232.65              -1.35781 47918.7 29.5136
39.57              2880.15 -3.6135 8272.91              -0.911801 48146.3 20.7876
39.58              2924.58 -4.99126 8323.73              -1.32148 48431.4 28.0321
39.59              2959.77 -3.10292 8312.92              -0.854097 48388.4 18.003
39.6              2988.93 2.98298 8320.28              -1.326 48426.4 -16.9038
39.61              3035.52 -2.34362 8358.86              -0.743437 48655.2 13.8202
39.62              3079.62 -2.71514 8415.88              -0.741286 48973.2 16.0241
39.63              3120.39 -2.73956 8462.68              -0.750282 49237.9 16.2158
39.64              3138.36 -2.84619 8391.2              -0.890192 48863.7 16.7856
39.65              3170.5 -2.90524 8397.69              -0.954782 48910.1 17.096
39.66              3168.32 -3.28979 8241.71              -1.21011 48084.5 19.1998
39.67              3238.27 -3.20853 8414.86              -1.07229 49023.8 18.8373
39.68              3292.17 -3.0818 8517.98              -1.01772 49588.4 18.1182
39.69              3333.35 -3.06474 8575.63              -1.01342 49909.7 18.0273
39.7              3377.1 -3.08952 8642.66              -1.0146 50280.3 18.1745
39.71              3415.27 -3.11462 8689.56              -1.04134 50543.3 18.3052
39.72              3443.71 -3.19376 8682.62              -1.11936 50516.6 18.704
39.73              3507.47 -3.14643 8848.32              -1.02243 51417 18.4855
39.74              3510.35 -2.97197 8740.93              -1.22597 50851.9 17.4813
39.75              3583.3 -3.12767 8964.47              -1.05183 52063.3 18.3864
39.76              3569.82 -3.4205 8755.04              -1.32802 50952.4 19.8772
39.77              3660.06 -3.25834 9082.06              -1.05837 52716.1 19.0982
39.78              3636.66 -3.57041 8826.42              -1.38009 51358.3 20.6903
39.79              3700.02 -3.46951 9008.1              -1.22623 52341.6 20.1633
39.8              3675.52 -3.81394 8753.72              -1.55041 50993.5 21.9528
39.81              3781.96 -3.44873 9170.86              -1.1581 53235.5 20.1085
39.82              3697.78 -4.15943 8595.55              -1.80869 50173.2 23.7012
39.83              3856.53 -3.34649 9310.31              -1.07564 54003.3 19.5471
39.84              3741.22 -4.31158 8554.83              -1.93909 49980.8 24.3848
39.85              3933.4 -3.51788 9482.28              -0.917776 54943.3 20.4802
39.86              3799.72 -4.55535 8590.2              -2.03253 50196.7 25.7472
39.87              3995.46 -3.28032 9569.26              -0.886488 55433.2 19.1778
39.88              3869.07 -4.45435 8701.42              -1.99965 50817.2 25.1862
39.89              4061.72 -3.32942 9707.55              -0.893249 56195.5 19.4307
39.9              3929.2 -4.56266 8778.57              -2.03715 51255.6 25.719
39.91              4086.66 -3.38936 9610.41              -1.06999 55702.2 19.6304
39.92              4010.5 -4.3248 9014.94              -1.85269 52542.2 24.4208
39.93              4123.62 -3.63399 9601.79              -1.20506 55682.2 20.8666
39.94              4079.08 -4.21606 9193.25              -1.73132 53518.2 23.7818
39.95              4161.28 -3.79675 9604.26              -1.29316 55720.1 21.647
39.96              4133.53 -4.24038 9308.21              -1.68752 54155.8 23.8634
39.97              4200.89 -3.92264 9658.09              -1.33481 56032.9 22.2605
39.98              4180.06 -4.23639 9393              -1.66899 54632.9 23.7757
39.99              4240.42 -3.95007 9709.73              -1.33726 56331.3 22.3358
40              4234.88 -4.2253 9549.22              -1.56976 55488.7 23.6796
40.01              4280.22 -4.014 9791.93              -1.34117 56792.9 22.5958
40.02              4258.65 -4.35161 9526.79              -1.66285 55392.7 24.2433
40.03              4306.6 -4.09642 9804.58              -1.35052 56883.4 22.9612
40.04              4291.2 -4.39593 9574.82              -1.64121 55672 24.4194
40.05              4319.03 -5.84274 9789.68              -1.26046 56822.7 32.1692
40.06              4318.71 -4.90775 9629.61              -1.60785 55984.7 27.2078
40.07              4349.55 -4.47945 9780.16              -1.4431 56797.9 24.9029
40.08              4358.71 -4.48307 9749.87              -1.50047 56647 24.8493
40.09              4377.77 -4.40353 9833.78              -1.4316 57104.9 24.4385
40.1              4367.33 -4.60422 9675.45              -1.60072 56272.8 25.3882
40.11              4397.52 -4.32269 9841.93              -1.40892 57169.4 23.93
40.12              4386.96 -4.60268 9691.47              -1.57739 56379 25.3488
40.13              4417.08 -4.30418 9864.53              -1.3813 57310.1 23.796
40.14              4401.84 -4.56787 9685.18              -1.58677 56365.3 25.0704
40.15              4433.62 -3.49386 9905.03              -1.3775 57544.1 19.3346
40.16              4412.34 -4.48381 9678.57              -1.59915 56349.5 24.5001
40.17              4451.04 -4.13236 9930.16              -1.29787 57698.4 22.7679
40.18              4412.96 -4.84861 9585.21              -1.72236 55873.2 26.4174
40.19              4468.97 -4.08937 9973.73              -1.20642 57949.8 22.5736
40.2              4421.82 -4.82861 9589.05              -1.69907 55911.7 26.318
40.21              4481 -4.01764 10008.6              -1.14836 58154.1 22.1988
40.22              4423.72 -5.11338 9562.17              -1.73867 55786.6 27.9433
40.23              4486.2 -4.30041 10007.9              -1.14245 58168.1 23.9392
40.24              4425.32 -5.00132 9542.96              -1.73259 55701.4 27.3084
40.25              4490.12 -3.99855 10019              -1.07647 58244.7 22.1576
40.26              4421.75 -5.03783 9507.76              -1.76546 55530 27.4466
40.27              4460.18 -4.31168 9770.66              -1.34482 56939.5 23.6995
40.28              4432.28 -4.71397 9563.97              -1.60438 55846.5 25.7518
40.29              4447.52 -0.968497 9748.52              -1.93268 56829.1 4.67768
40.3              4426.77 -3.92453 9576.01              -1.83029 55920.3 21.0724
40.31              4504.06 -8.40295 10192.6              -2.51388 59215.2 44.8331
40.32              4396.61 -6.27998 9416.29              -2.12462 55084.6 34.1366
40.33              4492.64 -1.85752 10134.5              -0.604758 58926.5 10.356
40.34              4381.18 -94.5036 9566.5              -17.0861 55880.6 495.171
40.35              4495.04 -5.47115 10205.1              -0.268898 59321.4 30.3044
40.36              4351.6 77.3639 9538.5              13.9656 55731.3 -402.934
40.37              4484.9 5.87066 10210.4              0.896745 59369 -30.4166
40.38              4322.36 -3.86335 9185.9              -1.93786 53888 20.8443
40.39              4460.75 -2.73764 10121.6              -0.378894 58910.6 15.3538
40.4              4287.23 -7.79546 9136.24              -2.05718 53614.3 42.6676
40.41              4429.41 -3.34945 10068.7              -0.622541 58637 18.852
40.42              4280.7 -4.57113 9182.81              -1.59523 53889.2 24.6214
40.43              4387.6 -3.44348 9944.18              -0.22916 57971.7 19.3775
40.44              4257.89 -1.71927 9323.1              -1.90137 54646.6 9.55858
40.45              4369.61 -2.93895 10017.6              -0.667424 58387.9 16.2535
40.46              4224.32 -4.1406 9207.43              -1.62948 54040.1 22.4026
40.47              4334.95 -3.41492 9931.59              -0.280105 57940.8 18.8093
40.48              4190.92 -4.82437 9177.75              -1.67884 53892.7 25.9959
40.49              4297.33 -2.55714 9877.37              -0.380044 57665.2 14.2218
40.5              4167.65 -4.45189 9208.88              -1.54516 54074.3 24.1047
40.51              4273.42 -4.99391 10123.2              0.03078 58998.5 28.1055
40.52              4141.17 -5.37311 9361.67              -1.37636 54904.3 29.7685
40.53              4218.34 -3.02511 9930.55              -0.2667 57978.9 17.2854
40.54              4058.18 -4.82241 9081.19              -1.60642 53406.1 26.4022
40.55              4165.2 -1.84362 9833              -0.180858 57471.2 10.6786
40.56              4006 -4.37855 9012.43              -1.54243 53047.7 23.919
40.57              4108.88 -1.92917 9739.35              -0.142694 56982.7 11.2242
40.58              3949.88 -4.38917 8962.26              -1.48328 52787.7 24.2156
40.59              4051.23 -1.69902 9674.62              -0.0817499 56649.2 10.0298
40.6              3876.23 -4.08614 8813.36              -1.53295 51994.1 22.3161
40.61              3975.22 2.13622 9545.4              -0.769359 55957 -12.007
40.62              3852.57 -10.4722 9020.12              -3.81951 53115.7 55.6382
40.63              3942.05 -2.02905 9668.91              0.0784794 56647.5 12.0652
40.64              3777.95 -92.9062 9130.2              -15.8132 53700.7 490.839
40.65              3868.93 -6.13804 9562.69              -0.0303977 56089.6 34.057
40.66              3709.84 84.7724 9190.69              15.3694 54024.9 -446.263
40.67              3790 9.64377 9433.84              1.63273 55408.2 -51.0733
40.68              3628.98 -1.67982 8791.47              -0.629168 51900.9 10.5417
40.69              3680.85 1.34821 9204.59              0.549588 54169.8 -6.6512
40.7              3567.57 -2.37664 8758.2              -0.489873 51730 13.565
40.71              3598.29 2.33249 9168.99              -0.122382 53984.4 -11.9138
40.72              3484.7 -1.351 8684.78              -0.835395 51350 7.66983
40.73              3529.53 -2.06481 9070.16              0.336719 53455.9 11.6877
40.74              3403.43 -2.65934 8589.69              -0.783092 50842.2 14.7333
40.75              3442.04 -0.283403 9003.55              0.155354 53105.2 1.83666
40.76              3338.25 -4.43956 8678.28              -0.645113 51331.4 25.1068
40.77              3402.35 -1.5675 9203.31              0.591768 54210.7 9.7348
40.78              3227.2 -2.82724 8449.83              -0.868636 50097.8 15.8115
40.79              3292.27 0.109306 8964.06              0.35191 52919.7 0.0821774
40.8              3139.41 -1.96453 8340.55              -0.79132 49513.7 10.8859
40.81              3194.22 -0.39185 8826.36              0.328852 52182.2 3.07232
40.82              3046.24 -2.26446 8248.6              -0.80661 49019.8 12.813
40.83              3113.49 0.371804 8778.73              0.517629 51937.9 -1.22103
40.84              2931.99 2.53069 8085.94              -1.5097 48128 -15.3513
40.85              3035.7 -7.72271 8861.57              -2.89486 52384.6 41.4717
40.86              2880.26 -3.8397 8206.2              -0.855845 48806.4 21.378
40.87              2939.76 -83.303 8990.53              -13.157 53082.5 443.834
40.88              2762.26 81.2651 8472.01              15.731 50203 -431.778
40.89              2834.58 9.55513 8632.33              1.77842 51169.1 -51.6005
40.9              2645.07 -1.68285 7945.42              -0.631628 47369.8 10.4824
40.91              2722.21 4.06075 8493.51              1.90313 50410 -21.5969
40.92              2544.65 -0.798207 7830.76              -0.144642 46744.4 4.60196
40.93              2608.64 3.95213 8407.17              0.572824 49940.7 -21.1063
40.94              2441.69 -0.616095 7752.8              -0.0681008 46320.8 3.20869
40.95              2536.98 1.09748 8387.08              1.16105 49847.2 -5.15358
40.96              2350.78 0.163145 7701.78              -0.508807 46048.9 -1.38064
40.97              2455.21 -0.574584 8508.36              1.3566 50517.3 4.67871
40.98              2289.11 -1.39662 7901.39              -0.0187262 47162.8 8.09322
40.99              2358.45 1.31755 8454.97              1.35564 50237.7 -6.07749
41              2146.92 0.271656 7636.97              -0.501105 45707 -1.88413
41.01              2270.92 2.28876 8445.61              1.61692 50202.1 -11.4829
41.02              2023.57 -0.650034 7466.17              -0.743931 44768.9 3.41231
41.03              2176.11 2.61732 8426.37              1.80084 50108.1 -13.1358
41.04              1910.88 0.045604 7347.55              -0.801593 44118.8 -0.825894
41.01              2270.96 2.28845 8445.77              1.61669 50203 -11.4813
41.02              2024.12 -0.649831 7466.04              -0.744704 44767.9 3.40996
41.03              2176.19 2.61722 8426.54              1.80044 50109 -13.1354
41.04              1910.8 0.0461883 7347.4              -0.800974 44118 -0.828483
41.05              2007.95 5.33843 8103.75              -0.267505 48308.7 -30.1129
41.06              1870.09 -7.7891 7643.17              -2.56432 45762.6 41.8236
41.07              1966.27 -68.0002 8558.36              -10.4259 50828.3 366.213
41.08              1724.57 73.9655 7765.22              15.02 46375.7 -397.753
41.09              1809.37 11.0877 8049.69              2.48524 48047.7 -60.2354
41.1              1660.45 2.59293 7524.14              0.574301 45113 -13.7208
41.11              1656.64 4.9827 7756.74              2.07754 46419 -27.1182
41.12              1570.09 2.55225 7543.2              1.12089 45222 -13.7046
41.13              1485.35 3.34507 7393.07              0.128279 44389.4 -18.6111
41.14              1520.15 2.43483 7768.65              1.78078 46493.1 -12.9415
41.15              1366.2 1.77644 7238.92              0.266169 43536.4 -10.0686
41.16              1423.28 3.30019 7772.19              1.50916 46516.6 -17.8026
41.17              1238.04 0.728856 7101.03              -0.0111752 42761.3 -4.25252
41.18              1352.38 2.64528 7900.61              1.89938 47250.8 -13.4681
41.19              1135.44 1.98257 7038.24              -0.0549205 42422.3 -11.448
41.2              1228.33 3.35317 7756.5              1.75273 46454 -17.8096
41.21              1011.93 2.26273 6890.1              -0.189509 41598.2 -13.2644
41.22              1118.48 2.91502 7686.78              1.79615 46073.8 -15.1067
41.23              891.221 2.32144 6759.52              -0.288299 40871 -13.7059
41.24              1002.79 5.60893 7600.83              1.4746 45596.1 -31.1084
41.25              789.837 -5.18104 6802.35              -3.4013 41097.6 26.9754
41.26              914.11 3.22041 7640              2.12973 45831.7 -17.0063
41.27              690.672 -50.3874 6900.42              -9.57491 41638.4 272.579
41.28              803.147 55.3272 7845.44              13.3838 46947.7 -299.508
41.29              600.782 8.75029 6789.14              1.1805 41049.7 -49.0334
41.3              636.691 4.07049 7242.18              1.96759 43603.1 -21.7903
41.31              496.441 4.34975 6744.44              1.23165 40795.7 -24.6992
41.32              515.664 3.80543 7131.11              1.60428 42977.3 -20.4737
41.33              435.525 3.35452 6944.19              1.07732 41923.9 -18.5111
41.34              430.388 2.5013 7151.44              1.74594 43095.7 -13.9063
41.35              346.963 3.14766 6975.87              1.19234 42096.9 -17.5462
41.36              339.141 3.83731 7228.02              1.76138 43530.2 -21.0249
41.37              229.337 5.63259 6814.76              0.886763 41197.2 -31.8815
41.38              229.951 4.09511 7129.06              1.66661 42977.5 -22.5677
41.39              136.965 3.1736 6881.2              1.20866 41578.9 -17.6075
41.4              105.648 3.79869 6980.58              1.48625 42142.4 -21.0175
41.41              45.6532 3.74418 6923.55              1.40338 41823.3 -20.7499
41.42              -5.40607 4.54872 6915.8              1.5508 41782.8 -25.686
41.43              -66.1278 3.92379 6833.15              1.38938 41314.1 -21.8813
41.44              -114.303 3.9197 6832.29              1.47039 41313.9 -21.7767
41.45              -148.971 -0.948826 6875.56              1.74553 41564.8 7.62304
41.46              -227.487 2.93421 6703.04              0.903807 40586.7 -16.8436
41.47              -286.542 -7.20849 6660.1              -0.410878 40342.6 39.7617
41.48              -350.363 9.74794 6595.34              2.94466 39973.6 -53.47
41.49              -406.826 5.17867 6507              1.92054 39477.6 -28.2969
41.5              -462.33 7.09661 6416.33              1.61568 38969.8 -40.3349
41.51              -487.92 10.5683 6374.74              0.29345 38765.4 -61.8434
41.52              -583.838 5.99683 6272.02              1.37071 38152.5 -34.3977
41.53              -624.603 -0.997429 6208.57              1.30148 37782.9 5.70039
41.54              -704.049 3.4021 6157.54              1.25792 37492.5 -18.798
41.55              -746.04 3.38728 6098.39              1.32907 37150.7 -19.5777
41.56              -818.924 4.00127 6049.35              1.29562 36878.6 -22.6227
41.57              -867.77 3.83881 5993.48              1.37035 36541.1 -21.6177
41.58              -894.602 10.3792 5929.3              1.22947 36188.4 -59.0449
41.59              -957.728 7.73353 5905.29              1.22572 36056.3 -44.2063
41.6              -1027.07 5.27172 5866.08              1.44885 35827.4 -30.1419
41.61              -1078.69 3.17368 5819.07              1.51079 35563 -17.8057
41.62              -1134.53 4.23563 5784.62              1.54978 35364.7 -23.9708
41.63              -1186.05 4.313 5749.81              1.56947 35166.6 -24.4177
41.64              -1240.63 5.82979 5698.6              1.80563 34875.2 -33.9011
41.65              -1297.29 4.54159 5634.41              1.62248 34507.5 -25.871
41.66              -1349.17 4.45173 5584.44              1.63331 34223.6 -25.3105
41.67              -1383.6 -3.37636 5577.12              2.32011 34192.8 22.1768
41.68              -1448.51 2.71717 5504.18              1.8476 33770.1 -14.611
41.69              -1498.13 7.15566 5422.46              2.26743 33305.2 -40.9395
41.7              -1547.32 16.1877 5351.07              5.31745 32907.2 -89.6276
41.71              -1608.64 2.22086 5352.85              1.46688 32902.1 -12.7098
41.72              -1649.2 -14.9719 5233.85              -3.37776 32239.3 82.8464
41.73              -1701.97 3.06868 5293.6              2.01014 32558.5 -16.6981
41.74              -1753.72 6.98531 5236.71              2.06041 32236.3 -39.9516
41.75              -1760.43 12.6273 5221.54              0.762696 32186.5 -74.7311
41.76              -1853.06 6.2139 5136.58              1.47579 31664.6 -35.9435
41.77              -1920.15 6.07073 5075.67              1.97757 31297.3 -34.9267
41.78              -1939.11 -1.2319 5053.17              1.9267 31174 7.4063
41.79              -2016.96 4.22932 5015.78              2.01253 30952.6 -23.4313
41.8              -2053.75 4.485 4960.93              2.10579 30627.3 -25.8257
41.81              -2120.79 4.81555 4928.03              2.05183 30442.7 -27.1987
41.82              -2172.57 4.37361 4861.33              2.12128 30033.7 -24.6403
41.83              -2222 5.12471 4826.98              2.06357 29844.3 -28.9351
41.84              -2232.89 12.4901 4805.07              2.0799 29723.6 -71.6465
41.85              -2302.94 8.87391 4734.36              1.95277 29314.7 -51.0357
41.86              -2377.65 6.09405 4655.1              2.09884 28849 -35.1092
41.87              -2423.62 5.54554 4651.94              2.20579 28824.7 -31.758
41.88              -2466.2 5.28628 4631              2.26738 28701.6 -30.1666
41.89              -2514.79 3.26253 4569.59              2.28095 28344.7 -18.1478
41.9              -2564.7 4.78947 4512.82              2.2085 28011.3 -27.187
41.91              -2616.19 4.9557 4473.9              2.2182 27784.1 -28.1823
41.92              -2658.91 5.83907 4425.55              2.35354 27495.8 -33.7548
41.93              -2715.87 6.39721 4345.85              2.35334 27035 -37.3084
41.94              -2759.12 5.25363 4287.82              2.17206 26689.8 -30.1128
41.95              -2814.17 5.14033 4216.85              2.10127 26275.7 -29.4542
41.96              -2857.21 5.09394 4171.63              2.08465 26008 -29.1434
41.97              -2901.59 5.15145 4151.88              2.11461 25888.9 -29.4734
41.98              -2924.09 -4.294 4136.6              2.7518 25803.6 28.4763
41.99              -2980.35 3.35316 4090.21              2.44439 25526.6 -18.2143
42              -3013.35 8.58856 4090.46              4.18352 25521.6 -48.3207
42.01              -3060.65 6.296 3987.01              2.05736 24910.2 -36.5359
42.02              -3104.67 2.93711 3986.33              1.98031 24899.1 -15.8915
42.03              -3132.92 31.8924 3888.88              9.98521 24353.8 -178.769
42.04              -3184.61 3.87415 3929.29              1.77371 24552.6 -22.1322
42.05              -3225.07 3.44511 3902.22              1.8905 24384.5 -19.4468
42.06              -3250.95 -27.8671 3732.19              -7.56972 23434.7 155.853
42.07              -3304.7 3.62326 3804.5              2.39565 23800.1 -19.5101
42.08              -3344.61 5.58231 3781.91              2.68886 23660.2 -31.2443
42.09              -3383.92 6.22635 3749.56              2.63916 23464.5 -35.0552
42.1              -3409.05 7.98423 3730.33              2.58668 23346.6 -45.7404
42.11              -3391.07 15.5467 3810.57              1.44858 23851.7 -92.1575
42.12              -3491.1 7.43393 3618.05              2.17551 22681.6 -42.9209
42.13              -3520.07 5.29202 3620.05              2.23556 22682.7 -29.9142
42.14              -3555.46 5.91983 3598.9              2.28489 22549.1 -33.5717
42.15              -3586.31 4.78837 3563.02              1.43544 22335.5 -26.9378
42.16              -3623.12 5.70016 3528.85              2.28968 22121.4 -32.1551
42.17              -3656.08 5.82434 3495.92              2.30415 21919.7 -32.9904
42.18              -3691.25 5.66716 3453.85              2.2487 21659.8 -31.9932
42.19              -3718.49 5.58618 3434.67              2.206 21543.6 -31.5068
42.2              -3748.06 5.37819 3405.08              2.13209 21361.5 -30.313
42.21              -3755.88 -1.1922 3388.23              1.8524 21258.6 8.83926
42.22              -3804.86 4.10786 3343.72              1.92754 20986.1 -22.5223
42.23              -3835.5 4.61746 3304.39              1.89367 20746.8 -25.6161
42.24              -3864.25 4.7154 3271.12              1.83303 20541.3 -26.2244
42.25              -3890.88 4.71856 3241.18              1.77472 20357 -26.2582
42.26              -3916.58 5.11147 3209.94              1.84243 20164.5 -28.5154
42.27              -3945.1 4.99116 3165.54              1.72909 19895 -27.9357
42.28              -3969.94 4.94392 3128.78              1.67673 19669.6 -27.7385
42.29              -3993.36 4.82973 3097.88              1.61961 19478.5 -27.1449
42.3              -4010.53 5.54895 3076.91              1.53393 19347.8 -31.4572
42.31              -4038.49 4.9059 3047.46              1.55295 19164.1 -27.6415
42.32              -4059.68 4.7854 3024.17              1.53732 19017.5 -26.8921
42.33              -4079.68 4.67815 2999.96              1.49127 18865.9 -26.2992
42.34              -4099.52 4.61471 2976.16              1.46634 18715.9 -25.9195
42.35              -4114.89 4.47259 2957.9              1.43072 18597.3 -25.0392
42.36              -4133.32 4.40581 2932.17              1.37806 18436.3 -24.675
42.37              -4149.31 4.27641 2918.43              1.33885 18346.3 -23.8767
42.38              -4164.71 4.09777 2889.48              1.24955 18165.1 -22.8533
42.39              -4179.69 3.94155 2870.07              1.20509 18040.6 -21.9598
42.4              -4193.85 3.83085 2851.75              1.1808 17922 -21.3159
42.41              -4207.85 3.65154 2834.91              1.10593 17813.6 -20.3284
42.42              -4220.63 3.52031 2815.85              1.05168 17690.8 -19.5349
42.43              -4236.13 2.76976 2792.36              1.00067 17540.9 -15.116
42.44              -4243.51 3.04455 2779.92              0.904017 17457.3 -16.792
42.45              -4254.12 3.03129 2765.96              0.868435 17364.8 -16.7116
42.46              -4263.07 2.92469 2755.17              0.83344 17290.7 -16.0867
42.47              -4271.56 2.79884 2741.61              0.777483 17200.4 -15.3651
42.48              -4279.92 2.84883 2728.42              0.748506 17112.3 -15.6882
42.49              -4287.13 2.61736 2717.79              0.691549 17039.8 -14.3401
42.5              -4293.89 2.42432 2704.58              0.613561 16951.2 -13.2383
42.51              -4299.69 2.47233 2695.02              0.617284 16885.7 -13.5115
42.52              -4328.19 9.0932 2654.78              0.703306 16633.3 -53.1943
42.53              -4313.98 2.94516 2662.71              0.544145 16673.5 -16.3803
42.54              -4317.55 2.42 2652.76              0.417528 16605.5 -13.267
42.55              -4321.22 2.1068 2641.87              0.360743 16531.1 -11.4304
42.56              -4323.89 1.92663 2626.66              0.292768 16431.3 -10.3964
42.57              -4328.15 1.78622 2613.15              0.206337 16342 -9.61104
42.58              -4333.85 2.22469 2596.73              0.736004 16232.3 -12.1877
42.59              -4334.65 1.74173 2584.7              0.180607 16153.3 -9.39387
42.6              -4337.64 2.10647 2570.77              0.0529542 16060.7 -11.6301
42.61              -4331.46 0.378892 2584.8              -0.229206 16135.3 -1.80693
42.62              -4374.02 -6.872 2489.78              0.515836 15542.3 43.4738
42.63              -4336.71 2.03649 2550.81              0.194478 15914.9 -10.2311
42.64              -4334.83 1.4826 2519.73              -0.205389 15727.1 -7.93899
42.65              -4331.06 1.67239 2529.45              -0.311094 15772.4 -9.27291
42.66              -4329.81 2.28218 2523.1              -0.277505 15725.1 -13.0445
42.67              -4344.28 21.4606 2586.3              5.80509 16049.2 -119.983
42.68              -4329.47 5.25171 2510.93              0.281979 15630.9 -29.3457
42.69              -4355.9 2.35411 2382.88              -0.682679 14867.8 -13.2381
42.7              -4339.68 -13.1819 2492.59              -4.98697 15488.7 73.8616
42.71              -4326.84 -1.20226 2454.24              -1.11868 15274.7 6.35159
42.72              -4325.26 -1.58784 2426.32              -0.798066 15104.6 9.68074
42.73              -4344.32 -0.951048 2331.57              -1.25353 14538.1 5.61622
42.74              -4321.44 -0.165567 2381.42              -0.745331 14827.7 1.17643
42.75              -4325.53 7.85836 2360.65              -1.06247 14692.4 -47.9438
42.76              -4301.52 1.18705 2393.25              -0.484499 14885.6 -6.8912
42.77              -4291.89 0.747931 2396.57              -0.450506 14899.6 -4.13391
42.78              -4283.07 0.471046 2395.94              -0.438248 14890.2 -2.3845
42.79              -4275.32 0.428594 2389.95              -0.436766 14848.7 -2.11261
42.8              -4268.41 -0.401998 2383.95              -0.535407 14808.5 3.01812
42.81              -4257.05 -0.213045 2389.82              -0.510345 14838.2 1.81174
42.82              -4246 0.148902 2391.06              -0.463613 14840.7 -0.444307
42.83              -4244.51 0.192503 2362.8              -0.551669 14670 -0.778673
42.84              -4227.36 0.766912 2385.93              -0.480402 14801 -4.22879
42.85              -4213.06 0.236561 2392.79              -0.472406 14838 -1.06991
42.86              -4198.91 0.122116 2403.63              -0.494077 14897.9 -0.416679
42.87              -4182.98 0.052809 2415.2              -0.461981 14961.8 0.023404
42.88              -4186.54 -1.41558 2390.15              -0.432296 14809.7 8.36053
42.89              -4190.06 -4.71302 2363.73              -0.635667 14650.2 27.7911
42.9              -4155.24 -0.358627 2385.13              -0.685451 14776.9 2.69402
42.91              -4139.97 -0.0518394 2418.65              -0.661809 14962.7 0.558111
42.92              -4124.08 0.0286765 2410.98              -0.642695 14920.4 0.121712
42.93              -4102.93 -1.1656 2423.01              -0.521358 14988 6.68519
42.94              -4086.74 0.312913 2429.96              -0.429264 15026.4 -1.42504
42.95              -4088.07 3.4555 2413.57              -0.823373 14929 -19.9964
42.96              -4051.94 -0.137018 2432.46              -0.621969 15038.6 0.681199
42.97              -4030.6 -0.575076 2438.96              -0.742892 15078.6 3.38278
42.98              -4008.85 -0.402147 2464.15              -0.760752 15220.9 2.35768
42.99              -4024.68 -7.30407 2358.99              -0.0600747 14599.9 44.4342
43              -3963.41 -0.755836 2480.95              -0.757969 15316.8 4.78377
43.01              -3952.06 6.55749 2517.51              1.42537 15513.8 -36.2465
43.02              -3992.55 0.648983 2291.61              -1.05718 14213.6 -3.69417
43.03              -3921.96 -4.72744 2469.85              -2.57474 15242.7 26.3821
43.04              -3877.68 -2.51015 2522.86              -0.979894 15554.7 14.6029
43.05              -3908.54 -1.35431 2355.16              -1.06953 14585.3 7.86524
43.06              -3848.13 4.69571 2486.52              -1.18273 15338.1 -28.6744
43.07              -3800.06 -0.043825 2563.34              -0.605896 15787.5 0.20517
43.08              -3766.89 -0.39708 2594.54              -0.544029 15965.8 2.44538
43.09              -3740.49 -1.08759 2609.27              -0.591929 16049.3 6.75507
43.1              -3712.58 -0.617781 2625.79              -0.522985 16143.6 3.7888
43.11              -3692.85 -0.652102 2619.78              -0.582971 16107.1 3.93683
43.12              -3666.94 0.180282 2632.02              -0.569046 16175.7 -0.904191
43.13              -3639.19 -0.333688 2641.56              -0.575386 16230.3 2.10147
43.14              -3621.41 -2.06009 2647.1              -0.423493 16258 11.8508
43.15              -3621.8 -5.39374 2592.91              -0.674701 15941.7 31.1793
43.16              -3552.96 0.243477 2634.89              -0.77622 16188.7 -0.917963
43.17              -3535.53 0.198544 2665.02              -0.711331 16351.6 -0.853392
43.18              -3499.68 -1.06114 2664.72              -0.532026 16354.5 5.96605
43.19              -3471.9 0.244408 2668.41              -0.53823 16377.2 -1.16782
43.2              -3469.93 4.97605 2635.68              -1.04396 16187.1 -27.9938
43.21              -3408.72 -0.547366 2659.14              -0.504538 16328.5 2.91004
43.22              -3371.04 -0.51459 2689.44              -0.77624 16500 2.85049
43.23              -3364.12 -6.90225 2612.55              0.287619 16051.4 41.5751
43.24              -3291.82 0.914882 2729.73              -0.924611 16734.3 -5.2317
43.25              -3273.08 26.6876 2850.68              6.67504 17387.1 -146.494
43.26              -3265.1 -19.0692 2766.56              -6.83152 16915.3 104.066
43.27              -3212.77 -6.0672 2726.1              -2.34615 16711.8 33.7383
43.28              -3149.89 4.90694 2816.37              -1.63257 17222.9 -30.4447
43.29              -3084.89 -1.11125 2882.79              -0.482116 17614.3 6.35701
43.3              -3047.12 -0.870697 2905.62              -0.372422 17744.5 5.18226
43.31              -3016.07 -1.40692 2904.79              -0.444464 17741.2 8.59855
43.32              -2979.09 -0.389146 2914.88              -0.345633 17800.3 2.43522
43.33              -2947.49 -0.336687 2903.8              -0.409511 17737 2.07354
43.34              -2898.78 0.468541 2950.41              -0.366515 18003.2 -2.60061
43.35              -2861.55 -0.285438 2953.2              -0.366542 18021.1 1.77539
43.36              -2838.71 -2.64469 2955.45              -0.162082 18030.9 14.9581
43.37              -2819.74 -6.87848 2937.45              -0.343289 17927 39.0435
43.38              -2740.66 0.49047 3014.67              -0.579576 18364.6 -2.37012
43.39              -2702.61 -0.670206 3005.65              -0.348497 18322.4 3.75664
43.4              -2663.19 0.910299 3002.94              -0.331123 18312.8 -4.82283
43.41              -2669.45 7.84883 2960.47              -1.0161 18067.4 -43.3418
43.42              -2582.59 -0.0591605 2995.92              -0.143721 18285.1 0.0474014
43.43              -2577.13 -8.35828 2956.84              0.342403 18036.4 49.5444
43.44              -2489.18 -0.167776 3005.96              -0.597778 18357.7 1.1486
43.45              -2476.58 37.6576 3176.7              9.16964 19273.4 -204.991
43.46              -2423.06 -25.2125 3176.26              -8.40744 19283.4 136.604
43.47              -2351.17 -4.57615 3156.34              -1.57326 19210.9 24.9062
43.48              -2303.19 -5.32375 3168              -2.45777 19278.6 29.029
43.49              -2262.42 6.4288 3175.74              -1.75344 19318.8 -39.2854
43.5              -2194.19 -1.22937 3242.9              -0.528707 19714.2 6.73245
43.51              -2150.87 -1.99473 3257.05              -0.532313 19799 11.6285
43.52              -2101.37 -1.754 3289.19              -0.468904 19983 10.2579
43.53              -2057.04 -1.19733 3311.94              -0.433796 20115.9 6.892
43.54              -2006.79 -0.0112998 3358.4              -0.400696 20380.9 0.0681575
43.55              -1950.93 -0.954237 3396.43              -0.374192 20598.9 5.49965
43.56              -1947.86 -10.5059 3419.53              0.0398555 20720.4 58.6131
43.57              -1819.24 -0.642882 3542.09              -0.404138 21420.5 4.30198
43.58              -1763.78 0.0221332 3609.56              -0.417391 21799.7 0.195523
43.59              -1712.63 -1.83536 3632.83              -0.257691 21938.1 10.2154
43.6              -1695.77 7.49498 3621.12              -0.379143 21875.9 -41.082
43.61              -1607.11 -1.22485 3667.43              -0.326793 22151.1 6.662
43.62              -1570.54 0.42861 3658.87              -0.0401085 22109.6 -2.36109
43.63              -1553.14 -9.2245 3646.18              0.352832 22024.3 54.1557
43.64              -1460.98 0.374258 3687.03              -0.824588 22289.8 -2.18016
43.65              -1433.47 35.7976 3881.67              9.06445 23340.8 -192.659
43.66              -1383.24 -24.6663 3859.6              -7.99261 23232.9 132.767
43.67              -1312.74 -8.89823 3846.01              -2.77969 23189.6 48.9317
43.68              -1258.06 4.7726 3892.1              -2.09537 23447.5 -29.5819
43.69              -1180.9 -2.03111 3975.19              -0.659473 23932.7 11.2557
43.7              -1127.83 -1.92652 4014.88              -0.551534 24161.2 10.933
43.71              -1078.05 -2.60083 4047.52              -0.622904 24351.6 15.1403
43.72              -1018.81 -1.73943 4101.69              -0.539129 24658.1 10.0331
43.73              -967.735 -0.709798 4143.88              -0.552579 24898.8 4.16261
43.74              -900.84 -1.50442 4206.59              -0.506494 25254.6 8.71949
43.75              -856.61 -3.95084 4264.53              -0.255832 25576.6 22.1905
43.76              -813.94 -8.19372 4315.8              -0.314248 25864.8 45.7006
43.77              -712.864 -1.10654 4393.01              -0.728591 26300 6.9573
43.78              -676.794 -1.15565 4399.24              -0.744489 26347 7.0872
43.79              -621.992 1.72609 4414.65              0.51427 26439.4 -8.11692
43.8              -611.688 4.33341 4422.77              -1.59309 26490.4 -23.3453
43.81              -506.38 -1.60671 4526.13              -0.673711 27079.2 9.00967
43.82              -443.362 -0.286251 4595.75              -0.399043 27475.8 1.93366
43.83              -407.431 -9.03856 4616.57              -0.151645 27579 52.5416
43.84              -320.204 -1.19439 4690.43              -0.913813 28020.4 7.01695
43.85              -265.381 25.809 4879.94              6.51213 29045.6 -137.056
43.86              -229.784 -21.9617 4853.45              -6.67933 28913 118.244
43.87              -152.676 -4.97914 4893.14              -1.40727 29161.8 27.684
43.88              -107.134 -5.72287 4890.21              -2.03916 29158.3 31.7215
43.89              -47.5563 4.21064 4971.56              -1.73219 29603.7 -25.2022
43.9              34.7687 -2.0675 5065.48              -0.71897 30137.6 11.9031
43.91              86.3808 -2.68803 5118.84              -0.697667 30446.2 15.7135
43.92              145.295 -2.8018 5170.51              -0.736392 30735.7 16.4805
43.93              190.581 -2.26267 5210.01              -0.725206 30965.4 13.3344
43.94              257.196 -1.43906 5271.57              -0.722252 31306.7 8.7232
43.95              304.374 -2.21072 5331.86              -0.724669 31655.2 13.0346
43.96              330.701 -4.25845 5304.1              -0.674519 31504.9 24.0994
43.97              389.009 -7.82409 5402.36              -0.612301 32049.7 43.6921
43.98              482.709 -2.38195 5502.01              -0.840016 32611 14.3982
43.99              549.718 -1.85908 5571.3              -0.955286 32995.2 11.3692
44              605.608 -3.03929 5624.67              -0.682037 33297.3 17.6624
44.01              667.019 -0.51196 5691.33              -0.285466 33676 4.48179
44.02              696.084 3.09753 5736.62              -1.29889 33930.6 -15.5856
44.03              795.693 -1.96713 5841.41              -0.729546 34517.1 11.6376
44.04              853.075 -1.33213 5908.57              -0.698514 34897 8.34456
44.05              904.511 -4.66278 5989.44              -0.857061 35348.1 27.8396
44.06              985.533 -1.90822 6056.35              -0.887629 35727.2 11.4921
44.07              1038.74 15.7687 6204.04              3.49118 36531.3 -82.3352
44.08              1099.8 2.13216 6234.37              -0.0973439 36717.7 -9.76431
44.09              1144.87 -18.3613 6316.54              -5.1184 37165.2 98.8333
44.1              1200.05 -6.05465 6339.27              -1.34234 37309 34.0458
44.11              1258.84 -5.87732 6383              -1.56618 37562.9 33.0938
44.12              1307.51 2.40664 6440.17              -1.48266 37873.9 -13.986
44.13              1380.87 -2.52672 6544.87              -0.671767 38463.6 14.9582
44.14              1438.95 -2.65268 6615.59              -0.619545 38859.5 15.8485
44.15              1493.47 -2.94118 6667.81              -0.661339 39157 17.6078
44.16              1545.42 -2.86085 6734.13              -0.657675 39527.5 17.1747
44.17              1595.41 -2.59193 6801.66              -0.635211 39906.7 15.6234
44.18              1651.56 -1.85564 6842.44              -0.680267 40134.6 11.491
44.19              1711.08 -2.62666 6908.19              -0.683221 40504.6 15.7681
44.2              1767.44 -2.57456 6970.59              -0.681476 40851.8 15.4883
44.21              1787.56 -4.49577 6932.61              -0.627919 40651.2 25.8196
44.22              1824.65 -7.88422 6965.5              -0.74112 40840.8 44.2685
44.23              1919.86 -2.76475 7088.68              -0.845996 41525.5 16.7257
44.24              1987.52 -2.21775 7179.94              -0.915374 42027.1 13.5852
44.25              2042.99 -2.46114 7241.24              -0.816217 42371.4 14.8763
44.26              2096.1 -2.46753 7321.68              -0.763054 42820.8 14.7646
44.27              2148.5 -1.87657 7385.04              -0.515565 43174.7 11.8569
44.28              2199.7 -1.79002 7452.61              -0.646156 43551.5 11.0981
44.29              2216.59 2.84645 7461.07              -1.11048 43600.7 -14.0076
44.3              2297.63 -2.14754 7543.63              -0.71382 44063.3 12.6283
44.31              2341.92 -2.23896 7585.15              -0.688474 44303.1 13.2413
44.32              2391.97 -1.69897 7635.94              -0.755672 44585.5 10.2859
44.33              2440.98 -5.52011 7711.04              -0.612131 44999.9 32.1994
44.34              2502.26 -3.02953 7797.95              -0.651468 45487.1 17.6647
44.35              2560.58 -2.00929 7878.81              -0.755315 45934.9 11.8721
44.36              2612.41 -1.39793 7947.4              -0.747825 46315.2 8.50806
44.37              2657.96 15.0919 8054.01              3.37648 46896.9 -78.1543
44.38              2715.33 1.53215 8083.33              -0.100653 47072.3 -6.84004
44.39              2764.67 -18.5467 8200.61              -4.63356 47707 98.8349
44.4              2809.33 -4.45021 8202.36              -1.24359 47737.8 24.4992
44.41              2854.94 -2.92595 8247.07              -0.863822 47990.7 16.6849
44.42              2899.9 -3.95754 8299.47              -1.17698 48286.2 22.0501
44.43              2941.17 -2.28214 8296.81              -0.78034 48285.6 13.0977
44.44              2960.17 3.38138 8281.41              -1.26255 48205.7 -19.4185
44.45              3017.82 -1.50295 8331.88              -0.716327 48495.1 8.78082
44.46              3051.71 -1.78678 8331.85              -0.770039 48506.8 10.4677
44.47              3070.21 -1.80977 8277.36              -0.877856 48227.2 10.5522
44.48              3098.03 -1.86401 8237.9              -0.981932 48025.6 10.8412
44.49              3151.25 -1.76677 8333.61              -0.945869 48552.7 10.313
44.5              3190.54 -2.01059 8371.58              -1.00015 48769.7 11.7479
44.51              3242.94 -1.92056 8453.7              -0.965569 49223.9 11.2549
44.52              3285.3 -1.79504 8504.6              -0.966015 49508.5 10.5422
44.53              3333.74 -1.70495 8582.61              -0.945761 49939.4 10.0511
44.54              3375.93 -1.65575 8638.2              -0.96005 50249.6 9.7735
44.55              3406.08 -1.68003 8635.41              -1.03821 50245 9.86858
44.56              3474.1 -1.56925 8812.71              -0.922233 51210.2 9.33847
44.57              3482.02 -1.66053 8703.69              -1.10442 50636.8 9.74672
44.58              3553.45 -1.25203 8925.75              -0.969873 51841.5 7.62335
44.59              3547.3 -1.65001 8741.91              -1.21717 50866.5 9.65088
44.6              3633.6 -1.44973 9039.68              -0.97701 52477.4 8.67935
44.61              3622.41 -1.75539 8830.84              -1.25665 51368.4 10.2
44.62              3651.36 -1.75388 8840.59              -1.27825 51433.5 10.1827
44.63              3698.79 -1.69591 8930.48              -1.22889 51926.9 9.88795
44.64              3662.82 -2.12123 8606.82              -1.59554 50207.7 12.0424
44.65              3819.78 -1.35372 9275.99              -0.950263 53800.7 8.16944
44.66              3699.27 -2.41182 8493.32              -1.82314 49627.1 13.4875
44.67              3904.04 -1.15001 9456.55              -0.833523 54791.3 7.08356
44.68              3760.68 -2.23944 8530.78              -1.91086 49855 12.4723
44.69              3967.8 -1.34697 9547.78              -0.765586 55302.2 8.07316
44.7              3835.24 -2.48798 8652.4              -1.88632 50533.1 13.8682
44.71              4038.21 -1.22687 9667.58              -0.779424 55970 7.46536
44.72              3908.85 -2.36854 8781.64              -1.86587 51252.2 13.1921
44.73              4081.4 -1.27335 9645              -0.918452 55875.3 7.60706
44.74              3988.93 -2.25497 8968.67              -1.76829 52279.5 12.559
44.75              4116.1 -1.50483 9604.32              -1.09866 55685.8 8.76238
44.76              4063.78 -2.0853 9139.96              -1.66911 53220.4 11.616
44.77              4160.41 -1.56353 9614.22              -1.18147 55765.1 8.98347
44.78              4122.32 -2.1389 9237.29              -1.64825 53767.2 11.8775
44.79              4210.04 -1.60325 9688.62              -1.20225 56189 9.13107
44.8              4178.59 -2.10325 9346.25              -1.62935 54375.9 11.6061
44.81              4253.57 -1.6851 9731.39              -1.2397 56442.9 9.49835
44.82              4232.03 -2.12374 9452.52              -1.59437 54969.2 11.6787
44.83              4294.11 -1.72258 9780.53              -1.26369 56731.1 9.63495
44.84              4293.28 -2.00275 9642.95              -1.46982 56010.5 11.0012
44.85              4334.13 -1.87074 9842.61              -1.30117 57087.9 10.3619
44.86              4317.73 -2.19788 9609.7              -1.57517 55858.4 11.9478
44.87              4364.77 -1.88247 9857.55              -1.32286 57191.3 10.3504
44.88              4350.54 -2.22981 9641.52              -1.57821 56052.4 12.0525
44.89              4381.84 -3.61847 9850.11              -1.20307 57172.4 19.5382
44.9              4383.68 -2.73877 9697.71              -1.53324 56374.9 14.8712
44.91              4420 -2.27812 9883.04              -1.34655 57374.5 12.4307
44.92              4424.83 -2.37383 9809.94              -1.44704 56996.6 12.8449
44.93              4450.69 -2.21486 9939.27              -1.34437 57697.3 12.0148
44.94              4434.39 -2.57625 9717.37              -1.585 56526.4 13.8055
44.95              4479.32 -2.07413 9995.84              -1.27664 58021.5 11.2378
44.96              4455.66 -2.65412 9727.09              -1.59569 56600.9 14.1811
44.97              4502.78 -2.09978 10021.6              -1.25947 58180 11.3428
44.98              4471.53 -2.63197 9715.9              -1.61044 56562.6 13.9906
44.99              4518.29 -1.36978 10032.8              -1.28874 58259.8 7.31297
45              4482.69 -2.56605 9699.67              -1.63548 56496.4 13.5273
45.01              4540.43 -1.94949 10065              -1.20317 58453.2 10.4525
45.02              4492.54 -2.88048 9655.06              -1.71404 56280.2 15.2127
45.03              4563.11 -1.95845 10126.9              -1.11732 58802.9 10.5711
45.04              4490.98 -3.14541 9567.16              -1.80882 55831.6 16.6274
45.05              4583.32 -1.79264 10202.2              -0.989505 59224.5 9.75641
45.06              4490.03 -3.54331 9505.64              -1.89168 55523.2 18.8576
45.07              4597.49 -2.04265 10252.2              -0.930843 59510.2 11.3558
45.08              4492.78 -3.53223 9480.56              -1.90927 55407.5 18.7713
45.09              4604.01 -1.77234 10263.3              -0.865495 59587.7 9.80858
45.1              4493.95 -3.58509 9464.48              -1.92271 55338.4 19.0561
45.11              4570.65 -2.21907 9981.27              -1.1694 58103.7 12.0946
45.12              4513.55 -3.1074 9575.97              -1.69976 55950.8 16.6059
45.13              4563.96 0.675053 9990.22              -1.7411 58161 -4.32632
45.14              4508.87 -2.33259 9582.59              -1.93828 55996.6 12.1023
45.15              4615.17 -6.73241 10373.9              -2.43743 60227.4 35.6708
45.16              4483.28 -4.74539 9450.57              -2.17692 55308.4 25.4835
45.17              4605.54 -0.674062 10315.8              -0.60062 59939.3 3.92624
45.18              4470.95 -92.6225 9612.72              -16.9584 56169 484.691
45.19              4605.86 -3.25208 10369.8              -0.243395 60246.9 18.3699
45.2              4445.75 77.999 9608.69              13.7264 56148.7 -406.738
45.21              4595.7 7.30675 10367.8              0.865708 60256.4 -38.281
45.22              4408.35 -2.97977 9202.57              -2.1247 54018.4 15.8968
45.23              4576.69 -0.878877 10306.4              -0.344405 59945.1 5.21872
45.24              4379.96 -6.34553 9183.37              -2.28447 53910.1 34.4343
45.25              4542.66 -1.69248 10234.1              -0.613743 59568.3 9.75148
45.26              4376.11 -3.4088 9250.5              -1.73771 54293.9 18.0929
45.27              4496.03 -1.79346 10087.4              -0.260968 58784 10.3337
45.28              4358.1 -0.661142 9416.83              -2.01449 55192.4 3.60033
45.29              4478.77 -1.29274 10164.8              -0.66786 59222.5 7.25221
45.3              4317.15 -2.93252 9271.41              -1.82139 54425.4 15.7101
45.31              4448.58 -1.90532 10105.4              -0.256491 58919.2 10.5422
45.32              4266.5 -4.19657 9137.1              -2.03033 53715.3 22.3443
45.33              4412.39 -1.01755 10063.9              -0.297921 58713 5.88814
45.34              4234.33 -3.76168 9108.31              -1.92176 53575.1 20.0612
45.35              4387.63 -3.4649 10291.7              0.0999632 59951.6 19.922
45.36              4191.02 -4.92284 9155.9              -1.91607 53838.8 27.0309
45.37              4353.44 -1.06916 10237.8              0.0188221 59681.3 6.79918
45.38              4139.64 -4.08399 9105.74              -1.82877 53579.4 22.2659
45.39              4271.74 -0.446153 9996.36              -0.177664 58395.5 3.08284
45.4              4095.61 -3.40689 9104.44              -1.64725 53584.9 18.5323
45.41              4208.58 -0.739565 9882.23              -0.211856 57796.6 4.7271
45.42              4033.86 -3.57795 9034.34              -1.61532 53216.5 19.7092
45.43              4142.1 -0.66669 9778.79              -0.200882 57253.5 4.3721
45.44              3949.57 -3.39471 8840.29              -1.72697 52178.9 18.4242
45.45              4068.31 3.06879 9672.88              -0.820586 56688.5 -17.0569
45.46              3879.28 -3.06227 8768.45              -2.02093 51797 16.384
45.47              4047.29 -7.33303 9879.18              -1.96824 57825 39.8026
45.48              3861.54 -93.355 9244.74              -16.1158 54359.9 493.06
45.49              3950.73 -5.08482 9660.63              -0.147264 56660.3 28.331
45.5              3784.26 85.8853 9269.82              15.2675 54492.7 -452.326
45.51              3865.62 10.3136 9516.89              1.47233 55898 -54.7164
45.52              3691.72 -1.19519 8821.64              -0.861053 52101.5 7.80317
45.53              3765.23 0.492308 9336.26              -0.128651 54926.4 -1.85742
45.54              3611.88 -0.937916 8727.82              -0.281449 51596.9 5.40729
45.55              3691.86 3.69278 9381.16              -0.000668391 55176.1 -19.2613
45.56              3523.34 -1.10228 8638.76              -1.21874 51133.3 6.10151
45.57              3615.56 -1.34 9264.09              0.338344 54549.7 7.82266
45.58              3419.49 -2.83504 8458.24              -1.35987 50158.5 15.3914
45.59              3530.1 0.582877 9226.18              0.24225 54355.9 -2.747
45.6              3357.82 -4.53856 8582.75              -1.14305 50843.1 25.4255
45.61              3485.75 -1.02815 9424.83              0.613481 55455.2 7.01976
45.62              3243.47 -2.95923 8361              -1.36733 49643.5 16.3002
45.63              3358.77 0.510077 9121.82              0.283452 53816 -1.95238
45.64              3158.78 -2.22393 8291.03              -1.23708 49272.8 12.1703
45.65              3257.74 -0.103712 8985.8              0.248608 53086.6 1.66763
45.66              3061.08 -2.4098 8195.37              -1.2403 48756.5 13.4373
45.67              3168.36 0.384084 8925.95              0.378504 52774.8 -1.06458
45.68              2959.26 -1.9452 8085.38              -1.22226 48161.9 10.62
45.69              3069.38 4.64968 8920.63              -1.03432 52736 -26.2525
45.7              2877.76 -10.876 8164.04              -3.81727 48590.9 58.3416
45.71              2985.39 -83.0668 9130.31              -13.3963 53879 442.862
45.72              2761.63 80.5329 8417.17              15.158 49925.1 -428.148
45.73              2875.48 9.46549 8779.86              1.594 52007.2 -50.6222
45.74              2639.82 -2.00782 7883.21              -1.11646 47049.9 11.9886
45.75              2748.58 3.61793 8588.49              1.65942 50957.8 -18.8845
45.76              2548.72 -1.38158 7832.34              -0.562991 46774.1 7.85557
45.77              2621.28 3.80967 8453.82              0.335378 50220.2 -20.0996
45.78              2436.2 -0.987428 7740.93              -0.796349 46282.2 5.31287
45.79              2544.42 0.111138 8433.75              1.0085 50120.8 0.49111
45.8              2343.04 -0.676573 7699.98              -0.893627 46056.8 3.35312
45.81              2455.65 -1.35829 8539.87              0.995868 50710.4 9.27936
45.82              2275.13 -2.26193 7895.47              -0.452015 47148 13.0273
45.83              2353.72 0.49941 8483.67              0.9977 50413.5 -1.28444
45.84              2133.03 -0.703919 7636.42              -0.89645 45718.3 3.689
45.85              2261.97 1.37718 8474.06              1.24817 50375.3 -6.16667
45.86              2007.24 -1.6171 7479.75              -1.12432 44857.1 8.95979
45.87              2163.66 1.59149 8455.02              1.41061 50280.7 -7.15381
45.88              1887.68 -1.04725 7350.16              -1.19594 44144.4 5.44616
45.89              1982.68 4.06201 8096.78              -0.707515 48282.2 -22.7387
45.9              1846.22 -8.86287 7644.25              -2.94662 45778.5 48.0472
45.91              1952.65 -67.7557 8616.29              -10.5588 51160.3 365.609
45.92              1682.04 71.044 7712.45              14.2345 46091.6 -381.692
45.93              1809.02 9.76268 8182.08              2.30822 48794 -52.217
45.94              1589.36 1.22603 7355.19              -0.25971 44176.8 -6.21712
45.95              1661.58 3.95621 7934.21              2.05728 47416 -20.7721
45.96              1496.87 0.857034 7366.01              0.256209 44235.8 -4.28146
45.97              1496.31 2.32022 7630.25              0.248767 45721.3 -12.1922
45.98              1420.62 0.762701 7468.34              0.679646 44814.2 -3.79006
45.99              1379.41 0.663899 7489.39              0.457741 44942.9 -3.06465
46              1316.26 1.37326 7445.75              0.334906 44691 -7.22949
46.01              1268.28 0.11057 7460.61              0.360348 44776.7 0.209259
46.02              1224.84 0.212267 7485.88              0.548458 44925.8 -0.220959
46.03              1163.51 0.881983 7414.31              0.451135 44528.8 -4.13834
46.04              1089.39 1.22658 7303.28              0.270589 43910 -6.32455
46.05              1048.25 1.22745 7322.77              0.461903 44024.2 -6.20754
46.06              970.904 0.810498 7191.49              0.228952 43289.8 -3.85146
46.07              928.363 1.29723 7207.15              0.436381 43381.1 -6.64184
46.08              849.703 1.25639 7067.98              0.216464 42602.5 -6.63627
46.09              815.92 -4.51285 7203.59              -2.93053 43344 24.1966
46.1              789.068 0.623841 7261.47              0.61828 43694.5 -2.72708
46.11              684.333 -48.7435 7149.47              -8.96192 43032.6 264.526
46.12              697.594 51.474 7580.86              12.0667 45448.5 -278.317
46.13              560.391 7.36349 6868.52              1.05151 41487.6 -40.6204
46.14              530.178 2.22637 6965.38              1.02499 42029.3 -11.4631
46.15              486.219 3.12546 6996.79              1.42192 42211.8 -16.8757
46.16              403.061 1.44755 6801.11              0.668257 41098.8 -7.63953
46.17              388.286 2.3221 7014.33              0.837817 42308.5 -11.7226
46.18              329.247 0.870557 6907.78              0.8431 41702.6 -4.63779
46.19              330.227 1.72366 7216.3              1.34431 43449.5 -8.62261
46.2              199.532 2.04436 6756.84              0.399649 40848 -11.2505
46.21              244.337 4.03811 7233.75              1.40103 43547.7 -21.6872
46.22              105.978 2.35347 6784.64              0.544452 41012.5 -12.8678
46.23              102.005 2.38575 7037.56              1.14048 42446 -12.526
46.24              17.1305 1.65035 6815.14              0.760661 41187.1 -8.57559
46.25              -24.4702 2.28088 6862.16              0.928913 41456.4 -12.1109
46.26              -80.9897 2.97256 6847.04              1.0536 41374.2 -16.3645
46.27              -136.229 2.49498 6774.55              0.916333 40960.5 -13.4295
46.28              -183.986 2.54117 6794.24              1.01969 41076.2 -13.5995
46.29              -226.725 -2.36215 6797.77              1.21869 41102.1 15.9742
46.3              -304.334 1.52751 6627.42              0.378279 40135.1 -8.58483
46.31              -363.258 -8.74141 6592.79              -0.967117 39937 48.7678
46.32              -428.105 8.61679 6516.83              2.51274 39503.6 -46.7098
46.33              -484.798 3.75702 6435.34              1.43068 39046.8 -19.8699
46.34              -538.777 5.7215 6342.27              1.10556 38523.9 -32.2219
46.35              -569.268 9.17211 6296.64              -0.205698 38296 -53.6097
46.36              -659.105 4.73636 6199.32              0.833203 37713.7 -26.938
46.37              -707.442 -2.02232 6130.51              0.87113 37312.9 11.8945
46.38              -778.628 2.15265 6082.3              0.733251 37035.7 -11.4166
46.39              -830.571 2.1377 6027.89              0.823392 36723.7 -12.2068
46.4              -890.14 2.78221 5970.08              0.785566 36395.3 -15.4282
46.41              -944.762 2.63419 5926.58              0.867646 36132 -14.4868
46.42              -977.433 9.06535 5857.26              0.729387 35750.7 -51.3326
46.43              -1036.85 6.48698 5858.6              0.786325 35762.9 -36.7771
46.44              -1108.29 4.08786 5784.79              0.933193 35335.2 -23.1184
46.45              -1161.01 2.14807 5754.73              1.0345 35168.9 -11.7307
46.46              -1208.27 3.13282 5725.14              1.07153 34994.1 -17.4093
46.47              -1264.94 3.24156 5689.74              1.09199 34795.2 -18.0601
46.48              -1315.53 4.69848 5640.9              1.33005 34515.3 -27.1672
46.49              -1370.63 3.51783 5594.08              1.18419 34247.7 -19.7891
46.5              -1423.43 3.45103 5520.62              1.14795 33827.5 -19.3756
46.51              -1460.03 -4.22602 5497.64              1.81004 33707 27.1723
46.52              -1528.07 1.80546 5426.98              1.33638 33297.8 -9.20259
46.53              -1572.69 6.11738 5349.62              1.73925 32855.4 -34.8146
46.54              -1621.18 14.7719 5283.84              4.6581 32488.7 -81.4415
46.55              -1680.12 1.29706 5290.9              1.00266 32514 -7.23645
46.56              -1723.64 -15.1382 5174.59              -3.651 31867.2 84.1133
46.57              -1776.14 2.14444 5223.99              1.54649 32127.1 -11.1574
46.58              -1821.84 6.38281 5165.1              1.59509 31790.1 -36.4257
46.59              -1835.38 11.7931 5149.62              0.298045 31741.1 -69.7739
46.6              -1923.61 5.54174 5064.91              1.01828 31218.9 -31.9646
46.61              -1991.74 5.35451 4995.96              1.5166 30805.4 -30.7084
46.62              -2009.08 -1.75355 4976.86              1.46842 30701 10.5069
46.63              -2084.39 3.62946 4949.49              1.56928 30538.5 -19.9066
46.64              -2114.66 3.8653 4922.31              1.67728 30378.4 -21.9481
46.65              -2181.58 4.14748 4860.1              1.65834 30008.7 -23.4213
46.66              -2239.68 4.63003 4818.54              1.65775 29765.6 -26.1277
46.67              -2288.11 3.99245 4739.18              1.66389 29299.1 -22.366
46.68              -2294.8 11.8873 4754.51              1.66299 29401.5 -68.1228
46.69              -2356.87 8.28554 4688.62              1.60777 29013.2 -47.5313
46.7              -2438.88 5.67147 4574.09              1.66495 28348.2 -32.6529
46.71              -2480.34 5.17307 4592.74              1.80622 28450.7 -29.5774
46.72              -2524.6 4.97743 4551.3              1.83925 28208.2 -28.4073
46.73              -2569.46 3.04518 4507.66              1.88945 27954.5 -16.9173
46.74              -2618.42 4.58823 4447.77              1.81204 27603.1 -26.0655
46.75              -2668.95 4.78704 4409.15              1.82439 27377.9 -27.2675
46.76              -2714.9 4.86188 4355.26              1.83257 27059.4 -27.7387
46.77              -2762.95 7.01752 4274.92              2.04617 26590.8 -41.3596
46.78              -2812.89 5.28127 4227.67              1.79897 26312.9 -30.3983
46.79              -2857.41 5.19412 4164.52              1.75723 25939.7 -29.879
46.8              -2904.73 5.18097 4132.54              1.76919 25753 -29.7604
46.81              -2944.69 5.28428 4087.98              1.75156 25486.7 -30.4014
46.82              -2967.2 -3.64488 4103.35              2.43286 25581.8 24.4023
46.83              -3015.93 3.57833 4061.79              2.15691 25331 -19.6832
46.84              -3046.81 8.63381 4056.04              3.80109 25290.2 -48.8009
46.85              -3102.24 6.50037 3938.07              1.74052 24598.9 -37.9367
46.86              -3140.12 3.23468 3946.81              1.67236 24640.7 -17.8444
46.87              -3167.47 31.5367 3853.63              9.46229 24119.9 -177.071
46.88              -3219.85 4.3229 3881.93              1.45277 24249.1 -24.9983
46.89              -3259.78 3.78547 3851.62              1.54387 24062.7 -21.7115
46.9              -3281.85 -26.3782 3684.21              -7.59956 23125.2 147.072
46.91              -3336.4 4.01694 3767.01              2.07793 23555.5 -22.158
46.92              -3373.97 6.06152 3749.33              2.39918 23444.7 -34.3808
46.93              -3409.24 6.65641 3721.48              2.34679 23274.6 -37.881
46.94              -3442.28 6.60157 3692.83              2.25624 23099.2 -37.6074
46.95              -3467.56 8.48688 3677.09              2.22319 23004.7 -49.069
46.96              -3459.18 15.5719 3678.36              0.871741 23046.8 -92.8256
46.97              -3535.33 6.76608 3598.68              1.92716 22536.9 -39.1606
46.98              -3571.77 7.0396 3577.49              1.9942 22401.8 -40.6725
46.99              -3602.08 5.72278 3540.92              1.16536 22183.7 -32.9331
47              -3638.04 6.62848 3510.22              2.04795 21990.4 -38.1578
47.01              -3669.9 6.56808 3478.37              2.04153 21795.3 -37.7892
47.02              -3704.2 6.49008 3435.5              1.99772 21530.6 -37.3203
47.03              -3730.72 6.39337 3412.86              1.94682 21394.3 -36.7498
47.04              -3759.16 6.27103 3387.33              1.89806 21236.7 -36.0538
47.05              -3765.75 -0.445777 3368.88              1.59096 21124.8 3.88695
47.06              -3812.05 5.02673 3326.8              1.69026 20866.3 -28.4491
47.07              -3841.47 5.48098 3290.43              1.64939 20644.5 -31.2479
47.08              -3869.87 5.65047 3260.28              1.60888 20458.6 -32.2839
47.09              -3894.6 5.69991 3232.58              1.5694 20287.7 -32.561
47.1              -3919.84 6.08314 3199.87              1.62582 20087.1 -34.7718
47.11              -3945.6 5.98871 3158.06              1.51631 19832.6 -34.3452
47.12              -3970.22 6.0287 3122.04              1.46638 19612.1 -34.6398
47.13              -3994.16 5.9998 3093.57              1.41002 19436.5 -34.5413
47.14              -4009.43 6.74952 3074.37              1.33765 19316.4 -39.0851
47.15              -4036.03 6.00683 3047.28              1.3606 19146.8 -34.6993
47.16              -4053.85 5.92912 3021.41              1.34109 18984.2 -34.2215
47.17              -4074.89 5.9072 2999.13              1.30268 18845.5 -34.0986
47.18              -4091.58 5.7865 2979.5              1.27886 18719.7 -33.3824
47.19              -4108.85 5.66348 2957.87              1.24881 18582.8 -32.6332
47.2              -4125.35 5.60795 2936.7              1.22117 18449 -32.3226
47.21              -4142.83 5.50389 2915.41              1.15609 18315.2 -31.7359
47.22              -4156.22 5.38318 2892.11              1.10173 18167.6 -31.027
47.23              -4171.46 5.19867 2873.07              1.04011 18046.5 -29.9451
47.24              -4184.19 5.01516 2859.46              1.0087 17956.5 -28.9049
47.25              -4194.81 4.89234 2842.67              0.966653 17847.5 -28.1908
47.26              -4208.39 4.74325 2823.74              0.901011 17726.7 -27.2678
47.27              -4223.22 4.09043 2801.01              0.903009 17581.7 -23.4517
47.28              -4228.84 4.33027 2789.7              0.803379 17505.3 -24.9052
47.29              -4237.87 4.10973 2779.32              0.725852 17434.4 -23.6305
47.3              -4246.89 4.01445 2769.92              0.7093 17369.7 -23.0569
47.31              -4254.29 3.98757 2758.49              0.683688 17292.7 -22.8636
47.32              -4260.98 3.90779 2744.56              0.632021 17200.5 -22.4538
47.33              -4268.39 3.66739 2734.42              0.58544 17131.3 -21.0405
47.34              -4274.21 3.51931 2721.02              0.537111 17041.7 -20.1678
47.35              -4279.56 3.46499 2713.18              0.518764 16987.6 -19.8218
47.36              -4308.91 10.2057 2673.67              0.621101 16740.8 -60.1922
47.37              -4292.85 3.96296 2684.41              0.478771 16798 -22.7924
47.38              -4294.88 3.39493 2675.65              0.375439 16737.3 -19.4044
47.39              -4297.69 3.05575 2664.41              0.315974 16661.1 -17.4131
47.4              -4300.09 2.90978 2652.6              0.249889 16582.6 -16.5582
47.41              -4302.99 2.78859 2639.77              0.20997 16497.6 -15.8994
47.42              -4307.78 3.14937 2622.53              0.70102 16383.8 -18.0068
47.43              -4306.87 2.6945 2615.37              0.188023 16334.1 -15.369
47.44              -4309.16 3.00714 2603.52              0.0476943 16254.4 -17.2776
47.45              -4301.56 1.21604 2620.3              -0.22339 16345.7 -7.08626
47.46              -4345.77 -5.90582 2520.98              0.552169 15727.3 37.4283
47.47              -4305.17 3.06905 2584.19              0.211302 16114.9 -16.6019
47.48              -4301.39 2.38709 2564.63              -0.168753 15994.9 -13.5128
47.49              -4298.52 2.5595 2568.42              -0.296132 16004.8 -14.7459
47.5              -4295.5 3.22638 2565.91              -0.232031 15980.8 -18.8535
47.51              -4307.66 24.1633 2646.92              6.42786 16407.8 -135.596
47.52              -4288.16 6.31346 2575.51              0.429897 16016.1 -35.7235
47.53              -4286.78 3.5325 2545.29              -0.253004 15832.3 -20.1129
47.54              -4322.71 -16.4439 2486.45              -6.32936 15448.3 91.6162
47.55              -4288.36 -0.994168 2504.57              -1.13177 15576.3 4.75185
47.56              -4282.96 -1.0174 2488.01              -0.695619 15474 6.08845
47.57              -4304.79 -0.46412 2380.4              -1.28341 14830.8 2.45077
47.58              -4280.41 0.45637 2435.09              -0.653496 15150 -2.71069
47.59              -4286.03 8.71628 2409.7              -0.955603 14988.1 -53.2235
47.6              -4262.07 1.66501 2436.24              -0.347369 15146.2 -9.83446
47.61              -4250.54 1.17801 2444.08              -0.306274 15187.4 -6.75244
47.62              -4241.36 0.929657 2445.9              -0.287712 15192.8 -5.21076
47.63              -4233.41 0.945481 2439.1              -0.284038 15147 -5.2562
47.64              -4227.44 0.142618 2428.09              -0.397068 15077.6 -0.27522
47.65              -4216.69 0.408884 2431.01              -0.36332 15090.4 -1.94116
47.66              -4204.96 0.633331 2433.31              -0.30262 15099.6 -3.38021
47.67              -4202.8 0.605885 2405.76              -0.391504 14933.5 -3.28278
47.68              -4184.76 1.27177 2431.01              -0.302564 15077.2 -7.25823
47.69              -4170.74 0.599012 2436.07              -0.307562 15103.9 -3.25678
47.7              -4156.34 0.521766 2446.27              -0.310534 15160.8 -2.79683
47.71              -4140.31 0.443771 2457.52              -0.280946 15223.1 -2.30639
47.72              -4137.92 -1.07604 2450.25              -0.200606 15175.4 6.35813
47.73              -4140.75 -4.63916 2426.69              -0.400643 15032.7 27.3558
47.74              -4104.57 0.0282721 2448.74              -0.441935 15163.5 0.43002
47.75              -4089 0.183169 2483.59              -0.441436 15356.7 -0.849081
47.76              -4072.08 0.323991 2477.52              -0.385559 15324.2 -1.60944
47.77              -4052.68 -0.879447 2484.34              -0.264355 15361.4 5.03723
47.78              -4035.84 0.449004 2491.83              -0.198877 15403.3 -2.23756
47.79              -4036.63 3.89566 2481.43              -0.587992 15340.2 -22.5877
47.8              -3998.36 -0.152418 2501.97              -0.354691 15460.2 0.788087
47.81              -3976.66 -0.558932 2507.37              -0.460581 15494.1 3.29299
47.82              -3961.37 -0.0596768 2513.28              -0.465153 15524 0.446473
47.83              -3966.97 -7.92013 2485.34              0.282433 15340.2 48.1867
47.84              -3910.32 -0.852227 2516.75              -0.571946 15551.4 5.27965
47.85              -3897.87 9.85523 2600.29              2.50931 16008.5 -54.482
47.86              -3866.43 1.75707 2580.65              -0.196684 15910 -9.52609
47.87              -3924.59 -10.1079 2389.51              -4.2393 14786.8 55.907
47.88              -3841.45 -3.5859 2536.31              -0.973787 15652 20.6398
47.89              -3860.37 -1.93972 2400.87              -0.958253 14870.7 11.175
47.9              -3801.52 5.06119 2531.65              -1.00682 15619.7 -30.9604
47.91              -3746.5 -0.271358 2624.06              -0.291038 16159.5 1.58614
47.92              -3716.56 -0.598514 2648.97              -0.235727 16301.8 3.69123
47.93              -3693.74 -1.29853 2656.79              -0.307188 16346.1 8.09052
47.94              -3669.05 -0.660663 2663              -0.248854 16380.8 4.13672
47.95              -3653.3 -0.658109 2644.62              -0.335788 16273.3 4.07631
47.96              -3627.43 -0.00873944 2653.61              -0.324698 16323 0.279818
47.97              -3598.82 -0.663119 2665.78              -0.329667 16393.1 4.08608
47.98              -3579.15 -2.50861 2678.69              -0.152952 16463.5 14.5497
47.99              -3572.3 -6.20146 2649.07              -0.373177 16288.7 36.0413
48              -3512.59 -0.32688 2692.13              -0.45744 16540.4 2.5297
48.01              -3473.63 0.0481493 2740.33              -0.468471 16808.5 0.165594
48.02              -3445.4 -1.15206 2736.98              -0.198008 16793.7 6.69154
48.03              -3417.84 -0.208826 2736.49              -0.252685 16791.2 1.59894
48.04              -3419.77 4.93889 2710.94              -0.757567 16643 -27.6412
48.05              -3351.82 -0.991764 2740.31              -0.232543 16816.8 5.60031
48.06              -3322 -0.494421 2762.6              -0.405463 16945.2 2.96691
48.07              -3314.69 -8.441 2678.56              0.521208 16451.2 50.6334
48.08              -3244.26 0.559526 2800.86              -0.703232 17166.8 -3.12948
48.09              -3228.13 30.1058 2936.36              7.90889 17897.5 -164.919
48.1              -3222.63 -22.3845 2842.58              -7.39346 17369.9 122.435
48.11              -3136.58 -5.02791 2879.18              -1.13386 17612.3 28.3201
48.12              -3116.19 -4.54161 2835.65              -1.929 17364.9 25.2604
48.13              -3068.91 5.71382 2891.02              -1.21762 17676.3 -34.9526
48.14              -3007.86 -1.36671 2956.59              -0.134671 18060.6 8.00403
48.15              -2975.93 -1.89201 2954.21              -0.178967 18047.7 11.3965
48.16              -2941.23 -1.55764 2965.57              -0.147066 18114.2 9.43789
48.17              -2902.37 -1.04807 2982.91              -0.106486 18214.4 6.31107
48.18              -2868.47 -0.120983 2990.13              -0.112147 18255.1 0.880377
48.19              -2837.61 -0.985078 2975.57              -0.1657 18173.9 5.8646
48.2              -2812.49 -3.4286 2976.91              0.0402536 18177.5 19.4977
48.21              -2792.52 -8.05798 2974.35              -0.127259 18162.6 45.8851
48.22              -2707.09 -0.352901 3056.47              -0.409549 18625.3 2.47191
48.23              -2674.28 -1.21735 3050.09              -0.127694 18600.1 7.01489
48.24              -2634.7 0.721925 3049.98              0.0860976 18604 -3.50227
48.25              -2639.69 7.487 3013.39              -0.862874 18395.2 -41.3905
48.26              -2556.7 -0.839415 3037.53              0.136016 18544 4.53716
48.27              -2553.3 -9.67145 2998.77              0.60375 18296.7 57.1641
48.28              -2463.14 -1.05981 3055.15              -0.351781 18661 6.30281
48.29              -2447.93 38.8432 3227.37              9.90292 19579.4 -211.216
48.3              -2382.16 7.20514 3130.85              0.44905 19084.5 -39.242
48.31              -2339.31 -30.8068 3281.39              -9.33967 19912.7 167.147
48.32              -2287.02 -11.8021 3221.04              -3.3713 19596.5 64.9805
48.33              -2243.03 4.14402 3230.93              -1.91121 19653.4 -26.8182
48.34              -2172.32 -2.95359 3295.31              -0.365251 20033.6 16.3891
48.35              -2133.94 -3.31829 3306.6              -0.300355 20103.9 19.0947
48.36              -2082.19 -2.69866 3334.91              -0.196288 20263.9 15.5866
48.37              -2038.5 -2.06637 3355.26              -0.164726 20382.9 11.7905
48.38              -1987.43 -0.810195 3400.49              -0.127685 20640 4.54858
48.39              -1934.07 -1.83255 3439.32              -0.0843876 20862.3 10.4795
48.4              -1937.53 -12.079 3447.56              0.297911 20899.7 67.5718
48.41              -1811.38 -1.51402 3570.25              -0.131996 21604.8 9.26518
48.42              -1750.57 -0.921707 3637.67              -0.192865 21976.3 5.57512
48.43              -1706.25 -2.82859 3659.87              0.000266653 22113 15.8796
48.44              -1652.99 -0.754105 3680.94              0.0924344 22239 4.74886
48.45              -1641.5 6.0082 3658.01              -0.374937 22111.4 -32.9282
48.46              -1562.46 -1.22249 3685.1              0.352582 22278.9 6.75995
48.47              -1550.69 -9.50792 3662.48              0.627769 22132.8 55.8735
48.48              -1460.27 -0.575088 3711.4              -0.509473 22446.7 3.14193
48.49              -1426.45 36.0424 3907.19              9.71438 23499.6 -193.643
