*************************Generated by extractMotion.sh**********************
*      Thu May  8 17:05:42 MDT 2025 - Case: pitch/mesh_2x
* Note: Data was extracted from log.overInterDyMFoam using extractMotion.sh
*       Can be visualized with plotMotion.py                            
****************************************************************************
Time X(x3) Orientation(x9) dX(x3) dX_angular(x3)
0.01 17.0729 0 -0.286 1 0 0.000102552 0 1 0 -0.000102552 0 1  -0 -0 -0 0 0.0205105 0
0.02 17.0729 0 -0.286 1 0 0.000324133 0 1 0 -0.000324133 0 1  -0 -0 -0 0 0.03871 0
0.03 17.0729 0 -0.286 1 0 0.000568339 0 1 0 -0.000568339 0 1  0 0 0 0 0.0314741 0
0.04 17.0729 0 -0.286 1 0 0.000981882 0 1 0 -0.000981882 0 1  0 0 0 0 0.0445981 0
0.05 17.0729 0 -0.286 0.999999 0 0.00152895 0 1 0 -0.00152895 0 0.999999  0 0 0 0 0.0607481 0
0.06 17.0729 0 -0.286 0.999998 0 0.0021339 0 1 0 -0.0021339 0 0.999998  0 0 0 0 0.0660826 0
0.07 17.0729 0 -0.286 0.999996 0 0.00286424 0 1 0 -0.00286424 0 0.999996  0 0 0 0 0.0777021 0
0.08 17.0729 0 -0.286 0.999993 0 0.00370222 0 1 0 -0.00370222 0 0.999993  0 0 0 0 0.0892318 0
0.09 17.0729 0 -0.286 0.999989 0 0.00462556 0 1 0 -0.00462556 0 0.999989  0 0 0 0 0.0974133 0
0.1 17.0729 0 -0.286 0.999984 0 0.00565637 0 1 0 -0.00565637 0 0.999984  0 0 0 0 0.10787 0
0.11 17.0729 0 -0.286 0.999977 0 0.00678584 0 1 0 -0.00678584 0 0.999977  0 0 0 0 0.117978 0
0.12 17.0729 0 -0.286 0.999968 0 0.0080071 0 1 0 -0.0080071 0 0.999968  0 0 0 0 0.126986 0
0.13 17.0729 0 -0.286 0.999957 0 0.00932273 0 1 0 -0.00932273 0 0.999957  0 0 0 0 0.136213 0
0.14 17.0729 0 -0.286 0.999942 0 0.0107308 0 1 0 -0.0107308 0 0.999942  0 0 0 0 0.145365 0
0.15 17.0729 0 -0.286 0.999925 0 0.0122273 0 1 0 -0.0122273 0 0.999925  0 0 0 0 0.154148 0
0.16 17.0729 0 -0.286 0.999905 0 0.0138117 0 1 0 -0.0138117 0 0.999905  0 0 0 0 0.162872 0
0.17 17.0729 0 -0.286 0.99988 0 0.0154866 0 1 0 -0.0154866 0 0.99988  0 0 0 0 0.171881 0
0.18 17.0729 0 -0.286 0.999851 0 0.0172367 0 1 0 -0.0172367 0 0.999851  0 0 0 0 0.179192 0
0.19 17.0729 0 -0.286 0.999818 0 0.0190874 0 1 0 -0.0190874 0 0.999818  0 0 0 0 0.18944 0
0.2 17.0729 0 -0.286 0.999779 0 0.0210096 0 1 0 -0.0210096 0 0.999779  0 0 0 0 0.19661 0
0.21 17.0729 0 -0.286 0.999735 0 0.0230248 0 1 0 -0.0230248 0 0.999735  0 0 0 0 0.205673 0
0.22 17.0729 0 -0.286 0.999685 0 0.0251024 0 1 0 -0.0251024 0 0.999685  0 0 0 0 0.211677 0
0.23 17.0729 0 -0.286 0.999628 0 0.0272675 0 1 0 -0.0272675 0 0.999628  0 0 0 0 0.220304 0
0.24 17.0729 0 -0.286 0.999565 0 0.0295002 0 1 0 -0.0295002 0 0.999565  0 0 0 0 0.227182 0
0.25 17.0729 0 -0.286 0.999494 0 0.031798 0 1 0 -0.031798 0 0.999494  0 0 0 0 0.233302 0
0.26 17.0729 0 -0.286 0.999416 0 0.0341705 0 1 0 -0.0341705 0 0.999416  0 0 0 0 0.240752 0
0.27 17.0729 0 -0.286 0.99933 0 0.0366062 0 1 0 -0.0366062 0 0.99933  0 0 0 0 0.24717 0
0.28 17.0729 0 -0.286 0.999235 0 0.0391031 0 1 0 -0.0391031 0 0.999235  0 0 0 0 0.252896 0
0.29 17.0729 0 -0.286 0.999132 0 0.0416564 0 1 0 -0.0416564 0 0.999132  0 0 0 0 0.258373 0
0.3 17.0729 0 -0.286 0.999019 0 0.0442743 0 1 0 -0.0442743 0 0.999019  0 0 0 0 0.264982 0
0.31 17.0729 0 -0.286 0.998898 0 0.0469335 0 1 0 -0.0469335 0 0.998898  0 0 0 0 0.268933 0
0.32 17.0729 0 -0.286 0.998766 0 0.049665 0 1 0 -0.049665 0 0.998766  0 0 0 0 0.276312 0
0.33 17.0729 0 -0.286 0.998623 0 0.0524628 0 1 0 -0.0524628 0 0.998623  0 0 0 0 0.283509 0
0.34 17.0729 0 -0.286 0.99847 0 0.0553026 0 1 0 -0.0553026 0 0.99847  0 0 0 0 0.287329 0
0.35 17.0729 0 -0.286 0.998305 0 0.0581928 0 1 0 -0.0581928 0 0.998305  0 0 0 0 0.291808 0
0.36 17.0729 0 -0.286 0.99813 0 0.0611321 0 1 0 -0.0611321 0 0.99813  0 0 0 0 0.296807 0
0.37 17.0729 0 -0.286 0.997942 0 0.0641188 0 1 0 -0.0641188 0 0.997942  0 0 0 0 0.301663 0
0.38 17.0729 0 -0.286 0.997743 0 0.0671518 0 1 0 -0.0671518 0 0.997743  0 0 0 0 0.306306 0
0.39 17.0729 0 -0.286 0.997531 0 0.0702208 0 1 0 -0.0702208 0 0.997531  0 0 0 0 0.309728 0
0.4 17.0729 0 -0.286 0.997308 0 0.0733306 0 1 0 -0.0733306 0 0.997308  0 0 0 0 0.313681 0
0.41 17.0729 0 -0.286 0.997072 0 0.0764645 0 1 0 -0.0764645 0 0.997072  0 0 0 0 0.315893 0
0.42 17.0729 0 -0.286 0.996823 0 0.0796502 0 1 0 -0.0796502 0 0.996823  0 0 0 0 0.321338 0
0.43 17.0729 0 -0.286 0.996562 0 0.0828535 0 1 0 -0.0828535 0 0.996562  0 0 0 0 0.323189 0
0.44 17.0729 0 -0.286 0.996286 0 0.086106 0 1 0 -0.086106 0 0.996286  0 0 0 0 0.32812 0
0.45 17.0729 0 -0.286 0.995998 0 0.0893756 0 1 0 -0.0893756 0 0.995998  0 0 0 0 0.329873 0
0.46 17.0729 0 -0.286 0.995696 0 0.0926762 0 1 0 -0.0926762 0 0.995696  0 0 0 0 0.332721 0
0.47 17.0729 0 -0.286 0.995381 0 0.0960061 0 1 0 -0.0960061 0 0.995381  0 0 0 0 0.335899 0
0.48 17.0729 0 -0.286 0.995049 0 0.0993817 0 1 0 -0.0993817 0 0.995049  0 0 0 0 0.341037 0
0.49 17.0729 0 -0.286 0.994708 0 0.102742 0 1 0 -0.102742 0 0.994708  0 0 0 0 0.338787 0
0.5 17.0729 0 -0.286 0.994351 0 0.10614 0 1 0 -0.10614 0 0.994351  0 0 0 0 0.342216 0
0.51 17.0729 0 -0.286 0.99398 0 0.109561 0 1 0 -0.109561 0 0.99398  0 0 0 0 0.345418 0
0.52 17.0729 0 -0.286 0.993597 0 0.11298 0 1 0 -0.11298 0 0.993597  0 0 0 0 0.344875 0
0.53 17.0729 0 -0.286 0.9932 0 0.116421 0 1 0 -0.116421 0 0.9932  0 0 0 0 0.34688 0
0.54 17.0729 0 -0.286 0.992789 0 0.119873 0 1 0 -0.119873 0 0.992789  0 0 0 0 0.348445 0
0.55 17.0729 0 -0.286 0.992366 0 0.123331 0 1 0 -0.123331 0 0.992366  0 0 0 0 0.349095 0
0.56 17.0729 0 -0.286 0.99193 0 0.12679 0 1 0 -0.12679 0 0.99193  0 0 0 0 0.348976 0
0.57 17.0729 0 -0.286 0.991479 0 0.130264 0 1 0 -0.130264 0 0.991479  0 0 0 0 0.35078 0
0.58 17.0729 0 -0.286 0.991016 0 0.133744 0 1 0 -0.133744 0 0.991016  0 0 0 0 0.35166 0
0.59 17.0729 0 -0.286 0.990542 0 0.137208 0 1 0 -0.137208 0 0.990542  0 0 0 0 0.349557 0
0.6 17.0729 0 -0.286 0.990054 0 0.140687 0 1 0 -0.140687 0 0.990054  0 0 0 0 0.351325 0
0.61 17.0729 0 -0.286 0.989554 0 0.144161 0 1 0 -0.144161 0 0.989554  0 0 0 0 0.351486 0
0.62 17.0729 0 -0.286 0.989043 0 0.147627 0 1 0 -0.147627 0 0.989043  0 0 0 0 0.350353 0
0.63 17.0729 0 -0.286 0.98852 0 0.151093 0 1 0 -0.151093 0 0.98852  0 0 0 0 0.350249 0
0.64 17.0729 0 -0.286 0.987984 0 0.154555 0 1 0 -0.154555 0 0.987984  0 0 0 0 0.350296 0
0.65 17.0729 0 -0.286 0.987438 0 0.158008 0 1 0 -0.158008 0 0.987438  0 0 0 0 0.349468 0
0.66 17.0729 0 -0.286 0.986879 0 0.161463 0 1 0 -0.161463 0 0.986879  0 0 0 0 0.349906 0
0.67 17.0729 0 -0.286 0.98631 0 0.164903 0 1 0 -0.164903 0 0.98631  0 0 0 0 0.348509 0
0.68 17.0729 0 -0.286 0.985729 0 0.168337 0 1 0 -0.168337 0 0.985729  0 0 0 0 0.347845 0
0.69 17.0729 0 -0.286 0.985139 0 0.171761 0 1 0 -0.171761 0 0.985139  0 0 0 0 0.347089 0
0.7 17.0729 0 -0.286 0.984541 0 0.175152 0 1 0 -0.175152 0 0.984541  0 0 0 0 0.343497 0
0.71 17.0729 0 -0.286 0.983932 0 0.178541 0 1 0 -0.178541 0 0.983932  0 0 0 0 0.343422 0
0.72 17.0729 0 -0.286 0.983317 0 0.181899 0 1 0 -0.181899 0 0.983317  0 0 0 0 0.340544 0
0.73 17.0729 0 -0.286 0.982693 0 0.185243 0 1 0 -0.185243 0 0.982693  0 0 0 0 0.339217 0
0.74 17.0729 0 -0.286 0.98206 0 0.188569 0 1 0 -0.188569 0 0.98206  0 0 0 0 0.337813 0
0.75 17.0729 0 -0.286 0.981423 0 0.191857 0 1 0 -0.191857 0 0.981423  0 0 0 0 0.333751 0
0.76 17.0729 0 -0.286 0.980777 0 0.195134 0 1 0 -0.195134 0 0.980777  0 0 0 0 0.332829 0
0.77 17.0729 0 -0.286 0.980125 0 0.198382 0 1 0 -0.198382 0 0.980125  0 0 0 0 0.330311 0
0.78 17.0729 0 -0.286 0.979466 0 0.201607 0 1 0 -0.201607 0 0.979466  0 0 0 0 0.328043 0
0.79 17.0729 0 -0.286 0.978802 0 0.20481 0 1 0 -0.20481 0 0.978802  0 0 0 0 0.325923 0
0.8 17.0729 0 -0.286 0.978132 0 0.207984 0 1 0 -0.207984 0 0.978132  0 0 0 0 0.323322 0
0.81 17.0729 0 -0.286 0.977457 0 0.211136 0 1 0 -0.211136 0 0.977457  0 0 0 0 0.321163 0
0.82 17.0729 0 -0.286 0.976777 0 0.214261 0 1 0 -0.214261 0 0.976777  0 0 0 0 0.31857 0
0.83 17.0729 0 -0.286 0.976092 0 0.217358 0 1 0 -0.217358 0 0.976092  0 0 0 0 0.315918 0
0.84 17.0729 0 -0.286 0.975402 0 0.220432 0 1 0 -0.220432 0 0.975402  0 0 0 0 0.31378 0
0.85 17.0729 0 -0.286 0.974711 0 0.223471 0 1 0 -0.223471 0 0.974711  0 0 0 0 0.310359 0
0.86 17.0729 0 -0.286 0.974014 0 0.226488 0 1 0 -0.226488 0 0.974014  0 0 0 0 0.308316 0
0.87 17.0729 0 -0.286 0.973314 0 0.229476 0 1 0 -0.229476 0 0.973314  0 0 0 0 0.305593 0
0.88 17.0729 0 -0.286 0.972615 0 0.232424 0 1 0 -0.232424 0 0.972615  0 0 0 0 0.30139 0
0.89 17.0729 0 -0.286 0.97191 0 0.235353 0 1 0 -0.235353 0 0.97191  0 0 0 0 0.299718 0
0.9 17.0729 0 -0.286 0.971205 0 0.238247 0 1 0 -0.238247 0 0.971205  0 0 0 0 0.296635 0
0.91 17.0729 0 -0.286 0.970499 0 0.241104 0 1 0 -0.241104 0 0.970499  0 0 0 0 0.292627 0
0.92 17.0729 0 -0.286 0.969791 0 0.243936 0 1 0 -0.243936 0 0.969791  0 0 0 0 0.290293 0
0.93 17.0729 0 -0.286 0.969084 0 0.246729 0 1 0 -0.246729 0 0.969084  0 0 0 0 0.286617 0
0.94 17.0729 0 -0.286 0.968378 0 0.249488 0 1 0 -0.249488 0 0.968378  0 0 0 0 0.283077 0
0.95 17.0729 0 -0.286 0.967672 0 0.252214 0 1 0 -0.252214 0 0.967672  0 0 0 0 0.279857 0
0.96 17.0729 0 -0.286 0.966965 0 0.254908 0 1 0 -0.254908 0 0.966965  0 0 0 0 0.27694 0
0.97 17.0729 0 -0.286 0.966262 0 0.257562 0 1 0 -0.257562 0 0.966262  0 0 0 0 0.272976 0
0.98 17.0729 0 -0.286 0.96556 0 0.260181 0 1 0 -0.260181 0 0.96556  0 0 0 0 0.269257 0
0.99 17.0729 0 -0.286 0.964858 0 0.262772 0 1 0 -0.262772 0 0.964858  0 0 0 0 0.266824 0
1 17.0729 0 -0.286 0.964162 0 0.265314 0 1 0 -0.265314 0 0.964162  0 0 0 0 0.261813 0
1.01 17.0729 0 -0.286 0.963467 0 0.267825 0 1 0 -0.267825 0 0.963467  0 0 0 0 0.258507 0
1.02 17.0729 0 -0.286 0.962776 0 0.2703 0 1 0 -0.2703 0 0.962776  0 0 0 0 0.255161 0
1.03 17.0729 0 -0.286 0.962089 0 0.272735 0 1 0 -0.272735 0 0.962089  0 0 0 0 0.251164 0
1.04 17.0729 0 -0.286 0.961407 0 0.27513 0 1 0 -0.27513 0 0.961407  0 0 0 0 0.247059 0
1.05 17.0729 0 -0.286 0.96073 0 0.277485 0 1 0 -0.277485 0 0.96073  0 0 0 0 0.242996 0
1.06 17.0729 0 -0.286 0.960059 0 0.279798 0 1 0 -0.279798 0 0.960059  0 0 0 0 0.238759 0
1.07 17.0729 0 -0.286 0.959393 0 0.282074 0 1 0 -0.282074 0 0.959393  0 0 0 0 0.235185 0
1.08 17.0729 0 -0.286 0.958734 0 0.284306 0 1 0 -0.284306 0 0.958734  0 0 0 0 0.230651 0
1.09 17.0729 0 -0.286 0.95808 0 0.2865 0 1 0 -0.2865 0 0.95808  0 0 0 0 0.226799 0
1.1 17.0729 0 -0.286 0.957434 0 0.288653 0 1 0 -0.288653 0 0.957434  0 0 0 0 0.222827 0
1.11 17.0729 0 -0.286 0.956795 0 0.290763 0 1 0 -0.290763 0 0.956795  0 0 0 0 0.218394 0
1.12 17.0729 0 -0.286 0.956163 0 0.292834 0 1 0 -0.292834 0 0.956163  0 0 0 0 0.214462 0
1.13 17.0729 0 -0.286 0.955541 0 0.294859 0 1 0 -0.294859 0 0.955541  0 0 0 0 0.209614 0
1.14 17.0729 0 -0.286 0.954926 0 0.296844 0 1 0 -0.296844 0 0.954926  0 0 0 0 0.205655 0
1.15 17.0729 0 -0.286 0.95432 0 0.298786 0 1 0 -0.298786 0 0.95432  0 0 0 0 0.201239 0
1.16 17.0729 0 -0.286 0.953725 0 0.300682 0 1 0 -0.300682 0 0.953725  0 0 0 0 0.196455 0
1.17 17.0729 0 -0.286 0.953137 0 0.302538 0 1 0 -0.302538 0 0.953137  0 0 0 0 0.192487 0
1.18 17.0729 0 -0.286 0.952562 0 0.304345 0 1 0 -0.304345 0 0.952562  0 0 0 0 0.187376 0
1.19 17.0729 0 -0.286 0.951996 0 0.306111 0 1 0 -0.306111 0 0.951996  0 0 0 0 0.183079 0
1.2 17.0729 0 -0.286 0.951441 0 0.307831 0 1 0 -0.307831 0 0.951441  0 0 0 0 0.178491 0
1.21 17.0729 0 -0.286 0.950898 0 0.309503 0 1 0 -0.309503 0 0.950898  0 0 0 0 0.173416 0
1.22 17.0729 0 -0.286 0.950363 0 0.311144 0 1 0 -0.311144 0 0.950363  0 0 0 0 0.170427 0
1.23 17.0729 0 -0.286 0.949844 0 0.312725 0 1 0 -0.312725 0 0.949844  0 0 0 0 0.164077 0
1.24 17.0729 0 -0.286 0.949335 0 0.314266 0 1 0 -0.314266 0 0.949335  0 0 0 0 0.159764 0
1.25 17.0729 0 -0.286 0.948838 0 0.315763 0 1 0 -0.315763 0 0.948838  0 0 0 0 0.155492 0
1.26 17.0729 0 -0.286 0.948356 0 0.317208 0 1 0 -0.317208 0 0.948356  0 0 0 0 0.14981 0
1.27 17.0729 0 -0.286 0.947887 0 0.318606 0 1 0 -0.318606 0 0.947887  0 0 0 0 0.144856 0
1.28 17.0729 0 -0.286 0.947432 0 0.319958 0 1 0 -0.319958 0 0.947432  0 0 0 0 0.140233 0
1.29 17.0729 0 -0.286 0.94699 0 0.321264 0 1 0 -0.321264 0 0.94699  0 0 0 0 0.135447 0
1.3 17.0729 0 -0.286 0.946563 0 0.32252 0 1 0 -0.32252 0 0.946563  0 0 0 0 0.130177 0
1.31 17.0729 0 -0.286 0.946148 0 0.323735 0 1 0 -0.323735 0 0.946148  0 0 0 0 0.12598 0
1.32 17.0729 0 -0.286 0.945748 0 0.324901 0 1 0 -0.324901 0 0.945748  0 0 0 0 0.120904 0
1.33 17.0729 0 -0.286 0.945362 0 0.326022 0 1 0 -0.326022 0 0.945362  0 0 0 0 0.116069 0
1.34 17.0729 0 -0.286 0.944991 0 0.327097 0 1 0 -0.327097 0 0.944991  0 0 0 0 0.111222 0
1.35 17.0729 0 -0.286 0.944633 0 0.328128 0 1 0 -0.328128 0 0.944633  0 0 0 0 0.106825 0
1.36 17.0729 0 -0.286 0.94429 0 0.329113 0 1 0 -0.329113 0 0.94429  0 0 0 0 0.101997 0
1.37 17.0729 0 -0.286 0.943963 0 0.330052 0 1 0 -0.330052 0 0.943963  0 0 0 0 0.0969265 0
1.38 17.0729 0 -0.286 0.94365 0 0.330946 0 1 0 -0.330946 0 0.94365  0 0 0 0 0.0922489 0
1.39 17.0729 0 -0.286 0.943352 0 0.331794 0 1 0 -0.331794 0 0.943352  0 0 0 0 0.0874569 0
1.4 17.0729 0 -0.286 0.943069 0 0.332596 0 1 0 -0.332596 0 0.943069  0 0 0 0 0.0827086 0
1.41 17.0729 0 -0.286 0.942803 0 0.333351 0 1 0 -0.333351 0 0.942803  0 0 0 0 0.0776377 0
1.42 17.0729 0 -0.286 0.942551 0 0.334063 0 1 0 -0.334063 0 0.942551  0 0 0 0 0.0730025 0
1.43 17.0729 0 -0.286 0.942315 0 0.334728 0 1 0 -0.334728 0 0.942315  0 0 0 0 0.0681963 0
1.44 17.0729 0 -0.286 0.942094 0 0.335348 0 1 0 -0.335348 0 0.942094  0 0 0 0 0.0634115 0
1.45 17.0729 0 -0.286 0.94189 0 0.335923 0 1 0 -0.335923 0 0.94189  0 0 0 0 0.0586196 0
1.46 17.0729 0 -0.286 0.9417 0 0.336454 0 1 0 -0.336454 0 0.9417  0 0 0 0 0.0539682 0
1.47 17.0729 0 -0.286 0.941527 0 0.336939 0 1 0 -0.336939 0 0.941527  0 0 0 0 0.0491504 0
1.48 17.0729 0 -0.286 0.941368 0 0.337383 0 1 0 -0.337383 0 0.941368  0 0 0 0 0.0448554 0
1.49 17.0729 0 -0.286 0.941225 0 0.337781 0 1 0 -0.337781 0 0.941225  0 0 0 0 0.0400147 0
1.5 17.0729 0 -0.286 0.941097 0 0.338136 0 1 0 -0.338136 0 0.941097  0 0 0 0 0.0353669 0
1.51 17.0729 0 -0.286 0.940985 0 0.338449 0 1 0 -0.338449 0 0.940985  0 0 0 0 0.0309151 0
1.52 17.0729 0 -0.286 0.940888 0 0.338717 0 1 0 -0.338717 0 0.940888  0 0 0 0 0.0261664 0
1.53 17.0729 0 -0.286 0.940807 0 0.338943 0 1 0 -0.338943 0 0.940807  0 0 0 0 0.0217297 0
1.54 17.0729 0 -0.286 0.940741 0 0.339127 0 1 0 -0.339127 0 0.940741  0 0 0 0 0.0172889 0
1.55 17.0729 0 -0.286 0.94069 0 0.339268 0 1 0 -0.339268 0 0.94069  0 0 0 0 0.0128105 0
1.56 17.0729 0 -0.286 0.940653 0 0.339369 0 1 0 -0.339369 0 0.940653  0 0 0 0 0.00852596 0
1.57 17.0729 0 -0.286 0.940632 0 0.339428 0 1 0 -0.339428 0 0.940632  0 0 0 0 0.00399613 0
1.58 17.0729 0 -0.286 0.940626 0 0.339446 0 1 0 -0.339446 0 0.940626  0 0 0 -0 -0.00032002 0
1.59 17.0729 0 -0.286 0.940634 0 0.339423 0 1 0 -0.339423 0 0.940634  0 0 0 0 -0.0046238 0
1.6 17.0729 0 -0.286 0.940657 0 0.339359 0 1 0 -0.339359 0 0.940657  0 0 0 0 -0.00894097 0
1.61 17.0729 0 -0.286 0.940694 0 0.339255 0 1 0 -0.339255 0 0.940694  0 0 0 0 -0.0131773 0
1.62 17.0729 0 -0.286 0.940746 0 0.339112 0 1 0 -0.339112 0 0.940746  0 0 0 0 -0.0173679 0
1.63 17.0729 0 -0.286 0.940812 0 0.338929 0 1 0 -0.338929 0 0.940812  0 0 0 0 -0.0215223 0
1.64 17.0729 0 -0.286 0.940891 0 0.338708 0 1 0 -0.338708 0 0.940891  0 0 0 0 -0.0255676 0
1.65 17.0729 0 -0.286 0.940985 0 0.338449 0 1 0 -0.338449 0 0.940985  0 0 0 0 -0.0296521 0
1.66 17.0729 0 -0.286 0.941092 0 0.338151 0 1 0 -0.338151 0 0.941092  0 0 0 0 -0.0336306 0
1.67 17.0729 0 -0.286 0.941211 0 0.337818 0 1 0 -0.337818 0 0.941211  0 0 0 0 -0.0373541 0
1.68 17.0729 0 -0.286 0.941345 0 0.337446 0 1 0 -0.337446 0 0.941345  0 0 0 0 -0.0414998 0
1.69 17.0729 0 -0.286 0.941491 0 0.337039 0 1 0 -0.337039 0 0.941491  0 0 0 -0 -0.0452109 0
1.7 17.0729 0 -0.286 0.941649 0 0.336595 0 1 0 -0.336595 0 0.941649  0 0 0 -0 -0.0490107 0
1.71 17.0729 0 -0.286 0.941821 0 0.336115 0 1 0 -0.336115 0 0.941821  0 0 0 0 -0.0528515 0
1.72 17.0729 0 -0.286 0.942004 0 0.335603 0 1 0 -0.335603 0 0.942004  0 0 0 0 -0.0562296 0
1.73 17.0729 0 -0.286 0.942199 0 0.335054 0 1 0 -0.335054 0 0.942199  0 0 0 0 -0.0601543 0
1.74 17.0729 0 -0.286 0.942406 0 0.334471 0 1 0 -0.334471 0 0.942406  0 0 0 0 -0.0636432 0
1.75 17.0729 0 -0.286 0.942625 0 0.333855 0 1 0 -0.333855 0 0.942625  0 0 0 0 -0.067174 0
1.76 17.0729 0 -0.286 0.942855 0 0.333205 0 1 0 -0.333205 0 0.942855  0 0 0 0 -0.0707515 0
1.77 17.0729 0 -0.286 0.943096 0 0.332521 0 1 0 -0.332521 0 0.943096  0 0 0 0 -0.0742311 0
1.78 17.0729 0 -0.286 0.943348 0 0.331806 0 1 0 -0.331806 0 0.943348  0 0 0 0 -0.0775928 0
1.79 17.0729 0 -0.286 0.943609 0 0.331061 0 1 0 -0.331061 0 0.943609  0 0 0 0 -0.0804837 0
1.8 17.0729 0 -0.286 0.943882 0 0.330283 0 1 0 -0.330283 0 0.943882  0 0 0 0 -0.0840535 0
1.81 17.0729 0 -0.286 0.944163 0 0.329478 0 1 0 -0.329478 0 0.944163  0 0 0 0 -0.0868562 0
1.82 17.0729 0 -0.286 0.944454 0 0.328644 0 1 0 -0.328644 0 0.944454  0 0 0 0 -0.0898826 0
1.83 17.0729 0 -0.286 0.944754 0 0.327779 0 1 0 -0.327779 0 0.944754  0 0 0 0 -0.0930395 0
1.84 17.0729 0 -0.286 0.945063 0 0.326888 0 1 0 -0.326888 0 0.945063  0 0 0 0 -0.0958037 0
1.85 17.0729 0 -0.286 0.945381 0 0.325967 0 1 0 -0.325967 0 0.945381  0 0 0 -0 -0.0988725 0
1.86 17.0729 0 -0.286 0.945707 0 0.325021 0 1 0 -0.325021 0 0.945707  0 0 0 -0 -0.101601 0
1.87 17.0729 0 -0.286 0.946041 0 0.324046 0 1 0 -0.324046 0 0.946041  0 0 0 0 -0.104398 0
1.88 17.0729 0 -0.286 0.946383 0 0.323046 0 1 0 -0.323046 0 0.946383  0 0 0 0 -0.107137 0
1.89 17.0729 0 -0.286 0.946733 0 0.32202 0 1 0 -0.32202 0 0.946733  0 0 0 0 -0.109761 0
1.9 17.0729 0 -0.286 0.94709 0 0.320967 0 1 0 -0.320967 0 0.94709  0 0 0 0 -0.112458 0
1.91 17.0729 0 -0.286 0.947455 0 0.31989 0 1 0 -0.31989 0 0.947455  0 0 0 -0 -0.115074 0
1.92 17.0729 0 -0.286 0.947825 0 0.318791 0 1 0 -0.318791 0 0.947825  0 0 0 0 -0.117183 0
1.93 17.0729 0 -0.286 0.948203 0 0.317665 0 1 0 -0.317665 0 0.948203  0 0 0 0 -0.119962 0
1.94 17.0729 0 -0.286 0.948587 0 0.316516 0 1 0 -0.316516 0 0.948587  0 0 0 -0 -0.122446 0
1.95 17.0729 0 -0.286 0.948976 0 0.315348 0 1 0 -0.315348 0 0.948976  0 0 0 0 -0.124216 0
1.96 17.0729 0 -0.286 0.949371 0 0.314159 0 1 0 -0.314159 0 0.949371  0 0 0 0 -0.126372 0
1.97 17.0729 0 -0.286 0.94977 0 0.312947 0 1 0 -0.312947 0 0.94977  0 0 0 -0 -0.128632 0
1.98 17.0729 0 -0.286 0.950175 0 0.311717 0 1 0 -0.311717 0 0.950175  0 0 0 -0 -0.130591 0
1.99 17.0729 0 -0.286 0.950584 0 0.310468 0 1 0 -0.310468 0 0.950584  0 0 0 -0 -0.132384 0
2 17.0729 0 -0.286 0.950997 0 0.309201 0 1 0 -0.309201 0 0.950997  0 0 0 0 -0.134187 0
2.01 17.0729 0 -0.286 0.951415 0 0.307911 0 1 0 -0.307911 0 0.951415  0 0 0 0 -0.136635 0
2.02 17.0729 0 -0.286 0.951836 0 0.306608 0 1 0 -0.306608 0 0.951836  0 0 0 -0 -0.137897 0
2.03 17.0729 0 -0.286 0.952257 0 0.305297 0 1 0 -0.305297 0 0.952257  0 0 0 0 -0.138246 0
2.04 17.0729 0 -0.286 0.952685 0 0.303959 0 1 0 -0.303959 0 0.952685  0 0 0 -0 -0.141254 0
2.05 17.0729 0 -0.286 0.953114 0 0.302613 0 1 0 -0.302613 0 0.953114  0 0 0 -0 -0.142159 0
2.06 17.0729 0 -0.286 0.953544 0 0.301253 0 1 0 -0.301253 0 0.953544  0 0 0 0 -0.143299 0
2.07 17.0729 0 -0.286 0.953977 0 0.299879 0 1 0 -0.299879 0 0.953977  0 0 0 0 -0.144691 0
2.08 17.0729 0 -0.286 0.954412 0 0.298493 0 1 0 -0.298493 0 0.954412  0 0 0 0 -0.145878 0
2.09 17.0729 0 -0.286 0.954849 0 0.297092 0 1 0 -0.297092 0 0.954849  0 0 0 0 -0.14739 0
2.1 17.0729 0 -0.286 0.955288 0 0.295677 0 1 0 -0.295677 0 0.955288  0 0 0 0 -0.148878 0
2.11 17.0729 0 -0.286 0.955723 0 0.294267 0 1 0 -0.294267 0 0.955723  0 0 0 -0 -0.147915 0
2.12 17.0729 0 -0.286 0.956163 0 0.292834 0 1 0 -0.292834 0 0.956163  0 0 0 -0 -0.150206 0
2.13 17.0729 0 -0.286 0.956603 0 0.291396 0 1 0 -0.291396 0 0.956603  0 0 0 -0 -0.151008 0
2.14 17.0729 0 -0.286 0.957041 0 0.289952 0 1 0 -0.289952 0 0.957041  0 0 0 0 -0.151214 0
2.15 17.0729 0 -0.286 0.957481 0 0.288497 0 1 0 -0.288497 0 0.957481  0 0 0 0 -0.152418 0
2.16 17.0729 0 -0.286 0.95792 0 0.287034 0 1 0 -0.287034 0 0.95792  0 0 0 0 -0.153153 0
2.17 17.0729 0 -0.286 0.95836 0 0.285564 0 1 0 -0.285564 0 0.95836  0 0 0 0 -0.153799 0
2.18 17.0729 0 -0.286 0.958799 0 0.284084 0 1 0 -0.284084 0 0.958799  0 0 0 -0 -0.154785 0
2.19 17.0729 0 -0.286 0.959236 0 0.282605 0 1 0 -0.282605 0 0.959236  0 0 0 0 -0.154428 0
2.2 17.0729 0 -0.286 0.959675 0 0.281113 0 1 0 -0.281113 0 0.959675  0 0 0 0 -0.155735 0
2.21 17.0729 0 -0.286 0.96011 0 0.279621 0 1 0 -0.279621 0 0.96011  0 0 0 0 -0.155675 0
2.22 17.0729 0 -0.286 0.960545 0 0.278124 0 1 0 -0.278124 0 0.960545  0 0 0 0 -0.156068 0
2.23 17.0729 0 -0.286 0.960979 0 0.276621 0 1 0 -0.276621 0 0.960979  0 0 0 0 -0.156656 0
2.24 17.0729 0 -0.286 0.961411 0 0.275117 0 1 0 -0.275117 0 0.961411  0 0 0 0 -0.156608 0
2.25 17.0729 0 -0.286 0.961841 0 0.27361 0 1 0 -0.27361 0 0.961841  0 0 0 0 -0.156872 0
2.26 17.0729 0 -0.286 0.962269 0 0.272099 0 1 0 -0.272099 0 0.962269  0 0 0 0 -0.157176 0
2.27 17.0729 0 -0.286 0.962695 0 0.270588 0 1 0 -0.270588 0 0.962695  0 0 0 -0 -0.157019 0
2.28 17.0729 0 -0.286 0.963119 0 0.269074 0 1 0 -0.269074 0 0.963119  0 0 0 0 -0.157271 0
2.29 17.0729 0 -0.286 0.963541 0 0.267559 0 1 0 -0.267559 0 0.963541  0 0 0 0 -0.157311 0
2.3 17.0729 0 -0.286 0.963961 0 0.266044 0 1 0 -0.266044 0 0.963961  0 0 0 0 -0.157284 0
2.31 17.0729 0 -0.286 0.964378 0 0.264529 0 1 0 -0.264529 0 0.964378  0 0 0 0 -0.157106 0
2.32 17.0729 0 -0.286 0.964791 0 0.263018 0 1 0 -0.263018 0 0.964791  0 0 0 0 -0.156501 0
2.33 17.0729 0 -0.286 0.965201 0 0.26151 0 1 0 -0.26151 0 0.965201  0 0 0 -0 -0.156127 0
2.34 17.0729 0 -0.286 0.965605 0 0.260013 0 1 0 -0.260013 0 0.965605  0 0 0 -0 -0.154662 0
2.35 17.0729 0 -0.286 0.966009 0 0.258509 0 1 0 -0.258509 0 0.966009  0 0 0 0 -0.155411 0
2.36 17.0729 0 -0.286 0.966407 0 0.257016 0 1 0 -0.257016 0 0.966407  0 0 0 0 -0.154398 0
2.37 17.0729 0 -0.286 0.966802 0 0.255527 0 1 0 -0.255527 0 0.966802  0 0 0 -0 -0.153761 0
2.38 17.0729 0 -0.286 0.967193 0 0.254043 0 1 0 -0.254043 0 0.967193  0 0 0 0 -0.153067 0
2.39 17.0729 0 -0.286 0.967579 0 0.25257 0 1 0 -0.25257 0 0.967579  0 0 0 0 -0.151882 0
2.4 17.0729 0 -0.286 0.967961 0 0.251102 0 1 0 -0.251102 0 0.967961  0 0 0 -0 -0.151245 0
2.41 17.0729 0 -0.286 0.968339 0 0.249637 0 1 0 -0.249637 0 0.968339  0 0 0 -0 -0.150979 0
2.42 17.0729 0 -0.286 0.968714 0 0.248179 0 1 0 -0.248179 0 0.968714  0 0 0 0 -0.150352 0
2.43 17.0729 0 -0.286 0.969085 0 0.246728 0 1 0 -0.246728 0 0.969085  0 0 0 0 -0.1493 0
2.44 17.0729 0 -0.286 0.969451 0 0.245286 0 1 0 -0.245286 0 0.969451  0 0 0 0 -0.148328 0
2.45 17.0729 0 -0.286 0.969813 0 0.243849 0 1 0 -0.243849 0 0.969813  0 0 0 0 -0.14779 0
2.46 17.0729 0 -0.286 0.97017 0 0.242424 0 1 0 -0.242424 0 0.97017  0 0 0 0 -0.146512 0
2.47 17.0729 0 -0.286 0.970524 0 0.241006 0 1 0 -0.241006 0 0.970524  0 0 0 -0 -0.145633 0
2.48 17.0729 0 -0.286 0.970873 0 0.239596 0 1 0 -0.239596 0 0.970873  0 0 0 0 -0.144791 0
2.49 17.0729 0 -0.286 0.971217 0 0.238197 0 1 0 -0.238197 0 0.971217  0 0 0 0 -0.143571 0
2.5 17.0729 0 -0.286 0.971557 0 0.236807 0 1 0 -0.236807 0 0.971557  0 0 0 0 -0.142541 0
2.51 17.0729 0 -0.286 0.971892 0 0.235428 0 1 0 -0.235428 0 0.971892  0 0 0 0 -0.141348 0
2.52 17.0729 0 -0.286 0.972222 0 0.234059 0 1 0 -0.234059 0 0.972222  0 0 0 0 -0.140316 0
2.53 17.0729 0 -0.286 0.972548 0 0.232703 0 1 0 -0.232703 0 0.972548  0 0 0 0 -0.138797 0
2.54 17.0729 0 -0.286 0.972868 0 0.231359 0 1 0 -0.231359 0 0.972868  0 0 0 -0 -0.137513 0
2.55 17.0729 0 -0.286 0.973183 0 0.230033 0 1 0 -0.230033 0 0.973183  0 0 0 0 -0.135518 0
2.56 17.0729 0 -0.286 0.973493 0 0.228716 0 1 0 -0.228716 0 0.973493  0 0 0 0 -0.134488 0
2.57 17.0729 0 -0.286 0.973796 0 0.227423 0 1 0 -0.227423 0 0.973796  0 0 0 0 -0.131984 0
2.58 17.0729 0 -0.286 0.974095 0 0.226138 0 1 0 -0.226138 0 0.974095  0 0 0 0 -0.131136 0
2.59 17.0729 0 -0.286 0.974388 0 0.224872 0 1 0 -0.224872 0 0.974388  0 0 0 0 -0.12919 0
2.6 17.0729 0 -0.286 0.974676 0 0.223621 0 1 0 -0.223621 0 0.974676  0 0 0 0 -0.127416 0
2.61 17.0729 0 -0.286 0.974959 0 0.222385 0 1 0 -0.222385 0 0.974959  0 0 0 0 -0.126067 0
2.62 17.0729 0 -0.286 0.975236 0 0.221167 0 1 0 -0.221167 0 0.975236  0 0 0 0 -0.124045 0
2.63 17.0729 0 -0.286 0.975508 0 0.219966 0 1 0 -0.219966 0 0.975508  0 0 0 0 -0.122218 0
2.64 17.0729 0 -0.286 0.975774 0 0.218782 0 1 0 -0.218782 0 0.975774  0 0 0 0 -0.120473 0
2.65 17.0729 0 -0.286 0.976033 0 0.217621 0 1 0 -0.217621 0 0.976033  0 0 0 0 -0.117949 0
2.66 17.0729 0 -0.286 0.976289 0 0.216469 0 1 0 -0.216469 0 0.976289  0 0 0 0 -0.117043 0
2.67 17.0729 0 -0.286 0.976539 0 0.215342 0 1 0 -0.215342 0 0.976539  0 0 0 0 -0.114565 0
2.68 17.0729 0 -0.286 0.976784 0 0.214228 0 1 0 -0.214228 0 0.976784  0 0 0 -0 -0.113122 0
2.69 17.0729 0 -0.286 0.977023 0 0.213132 0 1 0 -0.213132 0 0.977023  0 0 0 -0 -0.111332 0
2.7 17.0729 0 -0.286 0.977257 0 0.212056 0 1 0 -0.212056 0 0.977257  0 0 0 0 -0.109188 0
2.71 17.0729 0 -0.286 0.977487 0 0.210996 0 1 0 -0.210996 0 0.977487  0 0 0 0 -0.107514 0
2.72 17.0729 0 -0.286 0.97771 0 0.209958 0 1 0 -0.209958 0 0.97771  0 0 0 0 -0.105251 0
2.73 17.0729 0 -0.286 0.977928 0 0.20894 0 1 0 -0.20894 0 0.977928  0 0 0 0 -0.103002 0
2.74 17.0729 0 -0.286 0.978142 0 0.207938 0 1 0 -0.207938 0 0.978142  0 0 0 0 -0.101419 0
2.75 17.0729 0 -0.286 0.97835 0 0.206959 0 1 0 -0.206959 0 0.97835  0 0 0 0 -0.0991798 0
2.76 17.0729 0 -0.286 0.978552 0 0.206 0 1 0 -0.206 0 0.978552  0 0 0 0 -0.0969502 0
2.77 17.0729 0 -0.286 0.978749 0 0.205061 0 1 0 -0.205061 0 0.978749  0 0 0 0 -0.0948824 0
2.78 17.0729 0 -0.286 0.978941 0 0.204142 0 1 0 -0.204142 0 0.978941  0 0 0 0 -0.0928296 0
2.79 17.0729 0 -0.286 0.979128 0 0.203244 0 1 0 -0.203244 0 0.979128  0 0 0 0 -0.0907012 0
2.8 17.0729 0 -0.286 0.97931 0 0.202366 0 1 0 -0.202366 0 0.97931  0 0 0 0 -0.0884945 0
2.81 17.0729 0 -0.286 0.979486 0 0.201511 0 1 0 -0.201511 0 0.979486  0 0 0 0 -0.0861862 0
2.82 17.0729 0 -0.286 0.979657 0 0.200678 0 1 0 -0.200678 0 0.979657  0 0 0 0 -0.0839817 0
2.83 17.0729 0 -0.286 0.979823 0 0.199865 0 1 0 -0.199865 0 0.979823  0 0 0 0 -0.0818783 0
2.84 17.0729 0 -0.286 0.979984 0 0.199074 0 1 0 -0.199074 0 0.979984  0 0 0 0 -0.0795938 0
2.85 17.0729 0 -0.286 0.980141 0 0.198303 0 1 0 -0.198303 0 0.980141  0 0 0 0 -0.0776786 0
2.86 17.0729 0 -0.286 0.980292 0 0.197555 0 1 0 -0.197555 0 0.980292  0 0 0 0 -0.0752233 0
2.87 17.0729 0 -0.286 0.980437 0 0.196831 0 1 0 -0.196831 0 0.980437  0 0 0 0 -0.0726201 0
2.88 17.0729 0 -0.286 0.980578 0 0.196128 0 1 0 -0.196128 0 0.980578  0 0 0 0 -0.0704731 0
2.89 17.0729 0 -0.286 0.980714 0 0.195448 0 1 0 -0.195448 0 0.980714  0 0 0 0 -0.0682267 0
2.9 17.0729 0 -0.286 0.980845 0 0.194791 0 1 0 -0.194791 0 0.980845  0 0 0 0 -0.0658467 0
2.91 17.0729 0 -0.286 0.980971 0 0.194156 0 1 0 -0.194156 0 0.980971  0 0 0 0 -0.0635712 0
2.92 17.0729 0 -0.286 0.981092 0 0.193544 0 1 0 -0.193544 0 0.981092  0 0 0 0 -0.0612522 0
2.93 17.0729 0 -0.286 0.981208 0 0.192955 0 1 0 -0.192955 0 0.981208  0 0 0 0 -0.0588 0
2.94 17.0729 0 -0.286 0.981319 0 0.192388 0 1 0 -0.192388 0 0.981319  0 0 0 0 -0.0565857 0
2.95 17.0729 0 -0.286 0.981425 0 0.191846 0 1 0 -0.191846 0 0.981425  0 0 0 0 -0.0541248 0
2.96 17.0729 0 -0.286 0.981527 0 0.191326 0 1 0 -0.191326 0 0.981527  0 0 0 0 -0.0517802 0
2.97 17.0729 0 -0.286 0.981623 0 0.19083 0 1 0 -0.19083 0 0.981623  0 0 0 0 -0.0493427 0
2.98 17.0729 0 -0.286 0.981715 0 0.190357 0 1 0 -0.190357 0 0.981715  0 0 0 0 -0.0469947 0
2.99 17.0729 0 -0.286 0.981802 0 0.189907 0 1 0 -0.189907 0 0.981802  0 0 0 0 -0.0446171 0
3 17.0729 0 -0.286 0.981884 0 0.189482 0 1 0 -0.189482 0 0.981884  0 0 0 0 -0.04212 0
3.01 17.0729 0 -0.286 0.981962 0 0.189079 0 1 0 -0.189079 0 0.981962  0 0 0 0 -0.0398103 0
3.02 17.0729 0 -0.286 0.982035 0 0.188699 0 1 0 -0.188699 0 0.982035  0 0 0 0 -0.0374466 0
3.03 17.0729 0 -0.286 0.982103 0 0.188344 0 1 0 -0.188344 0 0.982103  0 0 0 0 -0.0350254 0
3.04 17.0729 0 -0.286 0.982166 0 0.188014 0 1 0 -0.188014 0 0.982166  0 0 0 0 -0.0322825 0
3.05 17.0729 0 -0.286 0.982226 0 0.187705 0 1 0 -0.187705 0 0.982226  0 0 0 0 -0.030321 0
3.06 17.0729 0 -0.286 0.98228 0 0.18742 0 1 0 -0.18742 0 0.98228  0 0 0 0 -0.0277857 0
3.07 17.0729 0 -0.286 0.98233 0 0.187158 0 1 0 -0.187158 0 0.98233  0 0 0 0 -0.0254701 0
3.08 17.0729 0 -0.286 0.982375 0 0.18692 0 1 0 -0.18692 0 0.982375  0 0 0 0 -0.0231235 0
3.09 17.0729 0 -0.286 0.982416 0 0.186704 0 1 0 -0.186704 0 0.982416  0 0 0 0 -0.0208089 0
3.1 17.0729 0 -0.286 0.982453 0 0.186511 0 1 0 -0.186511 0 0.982453  0 0 0 0 -0.0184812 0
3.11 17.0729 0 -0.286 0.982485 0 0.186341 0 1 0 -0.186341 0 0.982485  0 0 0 0 -0.016087 0
3.12 17.0729 0 -0.286 0.982513 0 0.186194 0 1 0 -0.186194 0 0.982513  0 0 0 0 -0.0137949 0
3.13 17.0729 0 -0.286 0.982536 0 0.186071 0 1 0 -0.186071 0 0.982536  0 0 0 0 -0.0113903 0
3.14 17.0729 0 -0.286 0.982556 0 0.185968 0 1 0 -0.185968 0 0.982556  0 0 0 0 -0.00925053 0
3.15 17.0729 0 -0.286 0.982571 0 0.185889 0 1 0 -0.185889 0 0.982571  0 0 0 0 -0.00694277 0
3.16 17.0729 0 -0.286 0.982582 0 0.185832 0 1 0 -0.185832 0 0.982582  0 0 0 0 -0.00470633 0
3.17 17.0729 0 -0.286 0.982588 0 0.185796 0 1 0 -0.185796 0 0.982588  0 0 0 0 -0.00249799 0
3.18 17.0729 0 -0.286 0.982591 0 0.185782 0 1 0 -0.185782 0 0.982591  0 0 0 0 -0.000296372 0
3.19 17.0729 0 -0.286 0.982589 0 0.18579 0 1 0 -0.18579 0 0.982589  0 0 0 0 0.00188423 0
3.2 17.0729 0 -0.286 0.982584 0 0.185819 0 1 0 -0.185819 0 0.982584  0 0 0 0 0.0040407 0
3.21 17.0729 0 -0.286 0.982574 0 0.185869 0 1 0 -0.185869 0 0.982574  0 0 0 0 0.00618172 0
3.22 17.0729 0 -0.286 0.982561 0 0.18594 0 1 0 -0.18594 0 0.982561  0 0 0 0 0.00829208 0
3.23 17.0729 0 -0.286 0.982544 0 0.186032 0 1 0 -0.186032 0 0.982544  0 0 0 0 0.0103808 0
3.24 17.0729 0 -0.286 0.982522 0 0.186144 0 1 0 -0.186144 0 0.982522  0 0 0 0 0.0124792 0
3.25 17.0729 0 -0.286 0.982497 0 0.186277 0 1 0 -0.186277 0 0.982497  0 0 0 0 0.0145416 0
3.26 17.0729 0 -0.286 0.982468 0 0.186429 0 1 0 -0.186429 0 0.982468  0 0 0 0 0.0165441 0
3.27 17.0729 0 -0.286 0.982436 0 0.186602 0 1 0 -0.186602 0 0.982436  0 0 0 0 0.018591 0
3.28 17.0729 0 -0.286 0.982399 0 0.186792 0 1 0 -0.186792 0 0.982399  0 0 0 0 0.0203126 0
3.29 17.0729 0 -0.286 0.982359 0 0.187003 0 1 0 -0.187003 0 0.982359  0 0 0 0 0.0224812 0
3.3 17.0729 0 -0.286 0.982316 0 0.187232 0 1 0 -0.187232 0 0.982316  0 0 0 0 0.024289 0
3.31 17.0729 0 -0.286 0.982268 0 0.18748 0 1 0 -0.18748 0 0.982268  0 0 0 0 0.0261312 0
3.32 17.0729 0 -0.286 0.982218 0 0.187746 0 1 0 -0.187746 0 0.982218  0 0 0 0 0.0280213 0
3.33 17.0729 0 -0.286 0.982163 0 0.18803 0 1 0 -0.18803 0 0.982163  0 0 0 0 0.0298756 0
3.34 17.0729 0 -0.286 0.982106 0 0.188331 0 1 0 -0.188331 0 0.982106  0 0 0 0 0.0315822 0
3.35 17.0729 0 -0.286 0.982044 0 0.18865 0 1 0 -0.18865 0 0.982044  0 0 0 0 0.0333118 0
3.36 17.0729 0 -0.286 0.98198 0 0.188986 0 1 0 -0.188986 0 0.98198  0 0 0 0 0.0350408 0
3.37 17.0729 0 -0.286 0.981912 0 0.189337 0 1 0 -0.189337 0 0.981912  0 0 0 0 0.0365284 0
3.38 17.0729 0 -0.286 0.981841 0 0.189705 0 1 0 -0.189705 0 0.981841  0 0 0 0 0.0383911 0
3.39 17.0729 0 -0.286 0.981767 0 0.190088 0 1 0 -0.190088 0 0.981767  0 0 0 0 0.0398199 0
3.4 17.0729 0 -0.286 0.98169 0 0.190487 0 1 0 -0.190487 0 0.98169  0 0 0 0 0.0413559 0
3.41 17.0729 0 -0.286 0.981609 0 0.190901 0 1 0 -0.190901 0 0.981609  0 0 0 0 0.0429869 0
3.42 17.0729 0 -0.286 0.981526 0 0.19133 0 1 0 -0.19133 0 0.981526  0 0 0 0 0.0444862 0
3.43 17.0729 0 -0.286 0.981439 0 0.191774 0 1 0 -0.191774 0 0.981439  0 0 0 0 0.0459748 0
3.44 17.0729 0 -0.286 0.981349 0 0.192232 0 1 0 -0.192232 0 0.981349  0 0 0 0 0.0474693 0
3.45 17.0729 0 -0.286 0.981257 0 0.192706 0 1 0 -0.192706 0 0.981257  0 0 0 0 0.0490295 0
3.46 17.0729 0 -0.286 0.981161 0 0.193193 0 1 0 -0.193193 0 0.981161  0 0 0 0 0.0503544 0
3.47 17.0729 0 -0.286 0.981062 0 0.193694 0 1 0 -0.193694 0 0.981062  0 0 0 0 0.0517482 0
3.48 17.0729 0 -0.286 0.98096 0 0.194209 0 1 0 -0.194209 0 0.98096  0 0 0 0 0.053256 0
3.49 17.0729 0 -0.286 0.980856 0 0.194736 0 1 0 -0.194736 0 0.980856  0 0 0 0 0.0544354 0
3.5 17.0729 0 -0.286 0.980748 0 0.195278 0 1 0 -0.195278 0 0.980748  0 0 0 0 0.0558904 0
3.51 17.0729 0 -0.286 0.980637 0 0.195832 0 1 0 -0.195832 0 0.980637  0 0 0 0 0.057146 0
3.52 17.0729 0 -0.286 0.980524 0 0.1964 0 1 0 -0.1964 0 0.980524  0 0 0 0 0.058582 0
3.53 17.0729 0 -0.286 0.980408 0 0.196978 0 1 0 -0.196978 0 0.980408  0 0 0 0 0.0595988 0
3.54 17.0729 0 -0.286 0.980289 0 0.197568 0 1 0 -0.197568 0 0.980289  0 0 0 0 0.0608156 0
3.55 17.0729 0 -0.286 0.980167 0 0.198171 0 1 0 -0.198171 0 0.980167  0 0 0 0 0.0620552 0
3.56 17.0729 0 -0.286 0.980043 0 0.198784 0 1 0 -0.198784 0 0.980043  0 0 0 0 0.0631409 0
3.57 17.0729 0 -0.286 0.979917 0 0.199408 0 1 0 -0.199408 0 0.979917  0 0 0 0 0.0641637 0
3.58 17.0729 0 -0.286 0.979787 0 0.200042 0 1 0 -0.200042 0 0.979787  0 0 0 0 0.0652819 0
3.59 17.0729 0 -0.286 0.979656 0 0.200687 0 1 0 -0.200687 0 0.979656  0 0 0 0 0.0663373 0
3.6 17.0729 0 -0.286 0.979521 0 0.20134 0 1 0 -0.20134 0 0.979521  0 0 0 0 0.0672272 0
3.61 17.0729 0 -0.286 0.979385 0 0.202005 0 1 0 -0.202005 0 0.979385  0 0 0 0 0.0683295 0
3.62 17.0729 0 -0.286 0.979246 0 0.202676 0 1 0 -0.202676 0 0.979246  0 0 0 0 0.0690854 0
3.63 17.0729 0 -0.286 0.979105 0 0.203357 0 1 0 -0.203357 0 0.979105  0 0 0 0 0.0698803 0
3.64 17.0729 0 -0.286 0.978962 0 0.204044 0 1 0 -0.204044 0 0.978962  0 0 0 0 0.0706044 0
3.65 17.0729 0 -0.286 0.978817 0 0.204739 0 1 0 -0.204739 0 0.978817  0 0 0 0 0.0713767 0
3.66 17.0729 0 -0.286 0.978669 0 0.205441 0 1 0 -0.205441 0 0.978669  0 0 0 0 0.0721153 0
3.67 17.0729 0 -0.286 0.97852 0 0.20615 0 1 0 -0.20615 0 0.97852  0 0 0 0 0.0728032 0
3.68 17.0729 0 -0.286 0.978369 0 0.206865 0 1 0 -0.206865 0 0.978369  0 0 0 0 0.0734447 0
3.69 17.0729 0 -0.286 0.978217 0 0.207586 0 1 0 -0.207586 0 0.978217  0 0 0 0 0.0739284 0
3.7 17.0729 0 -0.286 0.978062 0 0.208313 0 1 0 -0.208313 0 0.978062  0 0 0 0 0.0746513 0
3.71 17.0729 0 -0.286 0.977906 0 0.209045 0 1 0 -0.209045 0 0.977906  0 0 0 0 0.0750985 0
3.72 17.0729 0 -0.286 0.977748 0 0.209781 0 1 0 -0.209781 0 0.977748  0 0 0 0 0.0756042 0
3.73 17.0729 0 -0.286 0.977589 0 0.210525 0 1 0 -0.210525 0 0.977589  0 0 0 0 0.0762917 0
3.74 17.0729 0 -0.286 0.977428 0 0.21127 0 1 0 -0.21127 0 0.977428  0 0 0 0 0.0764824 0
3.75 17.0729 0 -0.286 0.977266 0 0.212019 0 1 0 -0.212019 0 0.977266  0 0 0 0 0.0767938 0
3.76 17.0729 0 -0.286 0.977102 0 0.212772 0 1 0 -0.212772 0 0.977102  0 0 0 0 0.0772106 0
3.77 17.0729 0 -0.286 0.976937 0 0.21353 0 1 0 -0.21353 0 0.976937  0 0 0 0 0.0778006 0
3.78 17.0729 0 -0.286 0.976771 0 0.214287 0 1 0 -0.214287 0 0.976771  0 0 0 0 0.0776541 0
3.79 17.0729 0 -0.286 0.976603 0 0.215048 0 1 0 -0.215048 0 0.976603  0 0 0 0 0.0780307 0
3.8 17.0729 0 -0.286 0.976435 0 0.215812 0 1 0 -0.215812 0 0.976435  -0 -0 -0 0 0.0783382 0
3.81 17.0729 0 -0.286 0.976266 0 0.216577 0 1 0 -0.216577 0 0.976266  -0 -0 -0 0 0.0785434 0
3.82 17.0729 0 -0.286 0.976095 0 0.217344 0 1 0 -0.217344 0 0.976095  0 0 0 0 0.0786439 0
3.83 17.0729 0 -0.286 0.975924 0 0.218111 0 1 0 -0.218111 0 0.975924  0 0 0 0 0.0786557 0
3.84 17.0729 0 -0.286 0.975753 0 0.218875 0 1 0 -0.218875 0 0.975753  0 0 0 0 0.0782617 0
3.85 17.0729 0 -0.286 0.975579 0 0.219647 0 1 0 -0.219647 0 0.975579  0 0 0 0 0.0791189 0
3.86 17.0729 0 -0.286 0.975406 0 0.220414 0 1 0 -0.220414 0 0.975406  0 0 0 0 0.078769 0
3.87 17.0729 0 -0.286 0.975233 0 0.221179 0 1 0 -0.221179 0 0.975233  0 0 0 0 0.0782545 0
3.88 17.0729 0 -0.286 0.975059 0 0.221947 0 1 0 -0.221947 0 0.975059  0 0 0 0 0.0787768 0
3.89 17.0729 0 -0.286 0.974884 0 0.222712 0 1 0 -0.222712 0 0.974884  0 0 0 0 0.0784891 0
3.9 17.0729 0 -0.286 0.97471 0 0.223473 0 1 0 -0.223473 0 0.97471  -0 -0 -0 0 0.0779168 0
3.91 17.0729 0 -0.286 0.974535 0 0.224236 0 1 0 -0.224236 0 0.974535  0 0 0 0 0.0782129 0
3.92 17.0729 0 -0.286 0.97436 0 0.224996 0 1 0 -0.224996 0 0.97436  -0 -0 -0 0 0.0779591 0
3.93 17.0729 0 -0.286 0.974185 0 0.225753 0 1 0 -0.225753 0 0.974185  -0 -0 -0 0 0.0776302 0
3.94 17.0729 0 -0.286 0.974009 0 0.226509 0 1 0 -0.226509 0 0.974009  0 0 0 0 0.0774407 0
3.95 17.0729 0 -0.286 0.973834 0 0.227261 0 1 0 -0.227261 0 0.973834  0 0 0 0 0.0771471 0
3.96 17.0729 0 -0.286 0.973659 0 0.228011 0 1 0 -0.228011 0 0.973659  -0 -0 -0 0 0.0767919 0
3.97 17.0729 0 -0.286 0.973484 0 0.228756 0 1 0 -0.228756 0 0.973484  -0 -0 -0 0 0.0764319 0
3.98 17.0729 0 -0.286 0.973309 0 0.229497 0 1 0 -0.229497 0 0.973309  0 0 0 0 0.0758362 0
3.99 17.0729 0 -0.286 0.973135 0 0.230234 0 1 0 -0.230234 0 0.973135  0 0 0 0 0.0755129 0
4 17.0729 0 -0.286 0.972962 0 0.230967 0 1 0 -0.230967 0 0.972962  0 0 0 0 0.075083 0
4.01 17.0729 0 -0.286 0.972789 0 0.231695 0 1 0 -0.231695 0 0.972789  0 0 0 0 0.0745949 0
4.02 17.0729 0 -0.286 0.972616 0 0.232418 0 1 0 -0.232418 0 0.972616  0 0 0 0 0.0741133 0
4.03 17.0729 0 -0.286 0.972444 0 0.233136 0 1 0 -0.233136 0 0.972444  0 0 0 0 0.0736084 0
4.04 17.0729 0 -0.286 0.972273 0 0.23385 0 1 0 -0.23385 0 0.972273  -0 -0 -0 0 0.0731602 0
4.05 17.0729 0 -0.286 0.972102 0 0.234557 0 1 0 -0.234557 0 0.972102  -0 -0 -0 0 0.0724435 0
4.06 17.0729 0 -0.286 0.971933 0 0.235259 0 1 0 -0.235259 0 0.971933  -0 -0 -0 0 0.0719459 0
4.07 17.0729 0 -0.286 0.971764 0 0.235953 0 1 0 -0.235953 0 0.971764  0 0 0 0 0.0711113 0
4.08 17.0729 0 -0.286 0.971597 0 0.236642 0 1 0 -0.236642 0 0.971597  -0 -0 -0 0 0.0705813 0
4.09 17.0729 0 -0.286 0.971431 0 0.237322 0 1 0 -0.237322 0 0.971431  0 0 0 0 0.0696411 0
4.1 17.0729 0 -0.286 0.971266 0 0.237996 0 1 0 -0.237996 0 0.971266  -0 -0 -0 0 0.0690123 0
4.11 17.0729 0 -0.286 0.971103 0 0.238662 0 1 0 -0.238662 0 0.971103  0 0 0 0 0.0681511 0
4.12 17.0729 0 -0.286 0.970941 0 0.239319 0 1 0 -0.239319 0 0.970941  0 0 0 0 0.0672587 0
4.13 17.0729 0 -0.286 0.970781 0 0.239969 0 1 0 -0.239969 0 0.970781  0 0 0 0 0.0664928 0
4.14 17.0729 0 -0.286 0.970622 0 0.24061 0 1 0 -0.24061 0 0.970622  -0 -0 -0 0 0.0656973 0
4.15 17.0729 0 -0.286 0.970465 0 0.241244 0 1 0 -0.241244 0 0.970465  0 0 0 0 0.0648338 0
4.16 17.0729 0 -0.286 0.970309 0 0.241868 0 1 0 -0.241868 0 0.970309  0 0 0 0 0.0639234 0
4.17 17.0729 0 -0.286 0.970156 0 0.242483 0 1 0 -0.242483 0 0.970156  0 0 0 0 0.0629212 0
4.18 17.0729 0 -0.286 0.970004 0 0.243091 0 1 0 -0.243091 0 0.970004  -0 -0 -0 0 0.0621675 0
4.19 17.0729 0 -0.286 0.969854 0 0.243688 0 1 0 -0.243688 0 0.969854  -0 -0 -0 0 0.0611382 0
4.2 17.0729 0 -0.286 0.969706 0 0.244276 0 1 0 -0.244276 0 0.969706  0 0 0 0 0.0600988 0
4.21 17.0729 0 -0.286 0.96956 0 0.244853 0 1 0 -0.244853 0 0.96956  0 0 0 0 0.0589839 0
4.22 17.0729 0 -0.286 0.969417 0 0.24542 0 1 0 -0.24542 0 0.969417  0 0 0 0 0.0579944 0
4.23 17.0729 0 -0.286 0.969276 0 0.245977 0 1 0 -0.245977 0 0.969276  0 0 0 0 0.0569457 0
4.24 17.0729 0 -0.286 0.969137 0 0.246524 0 1 0 -0.246524 0 0.969137  0 0 0 0 0.0558806 0
4.25 17.0729 0 -0.286 0.969 0 0.24706 0 1 0 -0.24706 0 0.969  0 0 0 0 0.0547965 0
4.26 17.0729 0 -0.286 0.968866 0 0.247586 0 1 0 -0.247586 0 0.968866  0 0 0 0 0.0537782 0
4.27 17.0729 0 -0.286 0.968735 0 0.2481 0 1 0 -0.2481 0 0.968735  0 0 0 0 0.0524027 0
4.28 17.0729 0 -0.286 0.968605 0 0.248604 0 1 0 -0.248604 0 0.968605  0 0 0 0 0.0515186 0
4.29 17.0729 0 -0.286 0.968479 0 0.249096 0 1 0 -0.249096 0 0.968479  0 0 0 0 0.0502839 0
4.3 17.0729 0 -0.286 0.968354 0 0.24958 0 1 0 -0.24958 0 0.968354  0 0 0 0 0.0493733 0
4.31 17.0729 0 -0.286 0.968233 0 0.250051 0 1 0 -0.250051 0 0.968233  0 0 0 0 0.0481135 0
4.32 17.0729 0 -0.286 0.968114 0 0.250512 0 1 0 -0.250512 0 0.968114  0 0 0 0 0.0470215 0
4.33 17.0729 0 -0.286 0.967997 0 0.250962 0 1 0 -0.250962 0 0.967997  0 0 0 0 0.0459304 0
4.34 17.0729 0 -0.286 0.967883 0 0.2514 0 1 0 -0.2514 0 0.967883  0 0 0 0 0.0447159 0
4.35 17.0729 0 -0.286 0.967772 0 0.251827 0 1 0 -0.251827 0 0.967772  0 0 0 0 0.0435309 0
4.36 17.0729 0 -0.286 0.967664 0 0.252243 0 1 0 -0.252243 0 0.967664  0 0 0 0 0.0423502 0
4.37 17.0729 0 -0.286 0.967558 0 0.252647 0 1 0 -0.252647 0 0.967558  0 0 0 0 0.0411812 0
4.38 17.0729 0 -0.286 0.967456 0 0.25304 0 1 0 -0.25304 0 0.967456  0 0 0 0 0.0400724 0
4.39 17.0729 0 -0.286 0.967356 0 0.253421 0 1 0 -0.253421 0 0.967356  0 0 0 0 0.0387071 0
4.4 17.0729 0 -0.286 0.967259 0 0.25379 0 1 0 -0.25379 0 0.967259  0 0 0 0 0.0375999 0
4.41 17.0729 0 -0.286 0.967166 0 0.254147 0 1 0 -0.254147 0 0.967166  0 0 0 0 0.0362378 0
4.42 17.0729 0 -0.286 0.967075 0 0.254491 0 1 0 -0.254491 0 0.967075  0 0 0 0 0.0350207 0
4.43 17.0729 0 -0.286 0.966987 0 0.254824 0 1 0 -0.254824 0 0.966987  0 0 0 0 0.0337473 0
4.44 17.0729 0 -0.286 0.966903 0 0.255144 0 1 0 -0.255144 0 0.966903  0 0 0 0 0.0324389 0
4.45 17.0729 0 -0.286 0.966822 0 0.255452 0 1 0 -0.255452 0 0.966822  0 0 0 0 0.0312477 0
4.46 17.0729 0 -0.286 0.966744 0 0.255747 0 1 0 -0.255747 0 0.966744  0 0 0 0 0.0298434 0
4.47 17.0729 0 -0.286 0.966669 0 0.256029 0 1 0 -0.256029 0 0.966669  0 0 0 0 0.0285348 0
4.48 17.0729 0 -0.286 0.966597 0 0.2563 0 1 0 -0.2563 0 0.966597  0 0 0 0 0.0273341 0
4.49 17.0729 0 -0.286 0.966529 0 0.256557 0 1 0 -0.256557 0 0.966529  0 0 0 0 0.0259847 0
4.5 17.0729 0 -0.286 0.966464 0 0.256802 0 1 0 -0.256802 0 0.966464  0 0 0 0 0.0246992 0
4.51 17.0729 0 -0.286 0.966402 0 0.257034 0 1 0 -0.257034 0 0.966402  0 0 0 0 0.0233041 0
4.52 17.0729 0 -0.286 0.966344 0 0.257254 0 1 0 -0.257254 0 0.966344  0 0 0 0 0.0220892 0
4.53 17.0729 0 -0.286 0.966289 0 0.25746 0 1 0 -0.25746 0 0.966289  0 0 0 0 0.0207601 0
4.54 17.0729 0 -0.286 0.966237 0 0.257654 0 1 0 -0.257654 0 0.966237  0 0 0 0 0.0194295 0
4.55 17.0729 0 -0.286 0.966189 0 0.257836 0 1 0 -0.257836 0 0.966189  0 0 0 0 0.0181281 0
4.56 17.0729 0 -0.286 0.966144 0 0.258005 0 1 0 -0.258005 0 0.966144  0 0 0 0 0.016789 0
4.57 17.0729 0 -0.286 0.966102 0 0.258161 0 1 0 -0.258161 0 0.966102  0 0 0 0 0.0154753 0
4.58 17.0729 0 -0.286 0.966062 0 0.258311 0 1 0 -0.258311 0 0.966062  0 0 0 0 0.0150966 0
4.59 17.0729 0 -0.286 0.966027 0 0.25844 0 1 0 -0.25844 0 0.966027  0 0 0 0 0.0126478 0
4.6 17.0729 0 -0.286 0.965995 0 0.258561 0 1 0 -0.258561 0 0.965995  0 0 0 0 0.0118018 0
4.61 17.0729 0 -0.286 0.965966 0 0.258669 0 1 0 -0.258669 0 0.965966  0 0 0 0 0.0105973 0
4.62 17.0729 0 -0.286 0.965941 0 0.258763 0 1 0 -0.258763 0 0.965941  0 0 0 0 0.00902519 0
4.63 17.0729 0 -0.286 0.965919 0 0.258846 0 1 0 -0.258846 0 0.965919  0 0 0 0 0.00793346 0
4.64 17.0729 0 -0.286 0.9659 0 0.258916 0 1 0 -0.258916 0 0.9659  0 0 0 0 0.00660437 0
4.65 17.0729 0 -0.286 0.965885 0 0.258973 0 1 0 -0.258973 0 0.965885  0 0 0 0 0.00526766 0
4.66 17.0729 0 -0.286 0.965872 0 0.259018 0 1 0 -0.259018 0 0.965872  0 0 0 0 0.0040432 0
4.67 17.0729 0 -0.286 0.965864 0 0.259051 0 1 0 -0.259051 0 0.965864  0 0 0 0 0.00276174 0
4.68 17.0729 0 -0.286 0.965858 0 0.259071 0 1 0 -0.259071 0 0.965858  0 0 0 0 0.00148766 0
4.69 17.0729 0 -0.286 0.965856 0 0.25908 0 1 0 -0.25908 0 0.965856  0 0 0 0 0.00024295 0
4.7 17.0729 0 -0.286 0.965857 0 0.259076 0 1 0 -0.259076 0 0.965857  0 0 0 0 -0.000995879 0
4.71 17.0729 0 -0.286 0.965861 0 0.25906 0 1 0 -0.25906 0 0.965861  0 0 0 0 -0.00223752 0
4.72 17.0729 0 -0.286 0.965868 0 0.259033 0 1 0 -0.259033 0 0.965868  0 0 0 0 -0.00344848 0
4.73 17.0729 0 -0.286 0.965879 0 0.258994 0 1 0 -0.258994 0 0.965879  0 0 0 0 -0.00466234 0
4.74 17.0729 0 -0.286 0.965893 0 0.258943 0 1 0 -0.258943 0 0.965893  0 0 0 0 -0.0058532 0
4.75 17.0729 0 -0.286 0.965909 0 0.258881 0 1 0 -0.258881 0 0.965909  0 0 0 0 -0.00702893 0
4.76 17.0729 0 -0.286 0.965929 0 0.258808 0 1 0 -0.258808 0 0.965929  0 0 0 0 -0.00818992 0
4.77 17.0729 0 -0.286 0.965952 0 0.258723 0 1 0 -0.258723 0 0.965952  0 0 0 0 -0.00934699 0
4.78 17.0729 0 -0.286 0.965977 0 0.258627 0 1 0 -0.258627 0 0.965977  0 0 0 0 -0.0104659 0
4.79 17.0729 0 -0.286 0.966006 0 0.258521 0 1 0 -0.258521 0 0.966006  0 0 0 0 -0.0115823 0
4.8 17.0729 0 -0.286 0.966037 0 0.258404 0 1 0 -0.258404 0 0.966037  0 0 0 0 -0.0126772 0
4.81 17.0729 0 -0.286 0.966071 0 0.258276 0 1 0 -0.258276 0 0.966071  0 0 0 0 -0.0137489 0
4.82 17.0729 0 -0.286 0.966108 0 0.258139 0 1 0 -0.258139 0 0.966108  0 0 0 0 -0.0148101 0
4.83 17.0729 0 -0.286 0.966147 0 0.25799 0 1 0 -0.25799 0 0.966147  0 0 0 0 -0.0158523 0
4.84 17.0729 0 -0.286 0.966191 0 0.257826 0 1 0 -0.257826 0 0.966191  0 0 0 0 -0.0176831 0
4.85 17.0729 0 -0.286 0.966236 0 0.257659 0 1 0 -0.257659 0 0.966236  0 0 0 0 -0.0178841 0
4.86 17.0729 0 -0.286 0.966284 0 0.257478 0 1 0 -0.257478 0 0.966284  0 0 0 0 -0.0191425 0
4.87 17.0729 0 -0.286 0.966335 0 0.257288 0 1 0 -0.257288 0 0.966335  0 0 0 0 -0.0201886 0
4.88 17.0729 0 -0.286 0.966387 0 0.25709 0 1 0 -0.25709 0 0.966387  0 0 0 0 -0.020932 0
4.89 17.0729 0 -0.286 0.966443 0 0.256882 0 1 0 -0.256882 0 0.966443  0 0 0 0 -0.021943 0
4.9 17.0729 0 -0.286 0.9665 0 0.256667 0 1 0 -0.256667 0 0.9665  0 0 0 0 -0.0227751 0
4.91 17.0729 0 -0.286 0.966559 0 0.256443 0 1 0 -0.256443 0 0.966559  0 0 0 0 -0.0235591 0
4.92 17.0729 0 -0.286 0.966621 0 0.25621 0 1 0 -0.25621 0 0.966621  0 0 0 0 -0.0245061 0
4.93 17.0729 0 -0.286 0.966685 0 0.25597 0 1 0 -0.25597 0 0.966685  0 0 0 0 -0.025282 0
4.94 17.0729 0 -0.286 0.96675 0 0.255722 0 1 0 -0.255722 0 0.96675  0 0 0 0 -0.0260861 0
4.95 17.0729 0 -0.286 0.966818 0 0.255466 0 1 0 -0.255466 0 0.966818  0 0 0 0 -0.0268825 0
4.96 17.0729 0 -0.286 0.966887 0 0.255204 0 1 0 -0.255204 0 0.966887  0 0 0 0 -0.0274655 0
4.97 17.0729 0 -0.286 0.966959 0 0.254934 0 1 0 -0.254934 0 0.966959  0 0 0 0 -0.0283142 0
4.98 17.0729 0 -0.286 0.967032 0 0.254656 0 1 0 -0.254656 0 0.967032  0 0 0 -0 -0.0290911 0
4.99 17.0729 0 -0.286 0.967106 0 0.254373 0 1 0 -0.254373 0 0.967106  0 0 0 -0 -0.0296172 0
5 17.0729 0 -0.286 0.967183 0 0.254082 0 1 0 -0.254082 0 0.967183  0 0 0 -0 -0.0304255 0
5.01 17.0729 0 -0.286 0.967261 0 0.253785 0 1 0 -0.253785 0 0.967261  0 0 0 -0 -0.0310589 0
5.02 17.0729 0 -0.286 0.96734 0 0.253482 0 1 0 -0.253482 0 0.96734  0 0 0 -0 -0.0316561 0
5.03 17.0729 0 -0.286 0.967421 0 0.253173 0 1 0 -0.253173 0 0.967421  0 0 0 -0 -0.0322196 0
5.04 17.0729 0 -0.286 0.967503 0 0.252858 0 1 0 -0.252858 0 0.967503  0 0 0 -0 -0.0328659 0
5.05 17.0729 0 -0.286 0.967587 0 0.252539 0 1 0 -0.252539 0 0.967587  0 0 0 -0 -0.0332766 0
5.06 17.0729 0 -0.286 0.967672 0 0.252214 0 1 0 -0.252214 0 0.967672  0 0 0 -0 -0.0338767 0
5.07 17.0729 0 -0.286 0.967758 0 0.251883 0 1 0 -0.251883 0 0.967758  0 0 0 -0 -0.034399 0
5.08 17.0729 0 -0.286 0.967845 0 0.251548 0 1 0 -0.251548 0 0.967845  0 0 0 -0 -0.0348944 0
5.09 17.0729 0 -0.286 0.967933 0 0.251208 0 1 0 -0.251208 0 0.967933  0 0 0 -0 -0.035372 0
5.1 17.0729 0 -0.286 0.968022 0 0.250864 0 1 0 -0.250864 0 0.968022  0 0 0 -0 -0.0358252 0
5.11 17.0729 0 -0.286 0.968113 0 0.250515 0 1 0 -0.250515 0 0.968113  0 0 0 -0 -0.0362795 0
5.12 17.0729 0 -0.286 0.968204 0 0.250161 0 1 0 -0.250161 0 0.968204  0 0 0 -0 -0.0367075 0
5.13 17.0729 0 -0.286 0.968297 0 0.249803 0 1 0 -0.249803 0 0.968297  0 0 0 -0 -0.037245 0
5.14 17.0729 0 -0.286 0.96839 0 0.249441 0 1 0 -0.249441 0 0.96839  0 0 0 -0 -0.0375992 0
5.15 17.0729 0 -0.286 0.968484 0 0.249076 0 1 0 -0.249076 0 0.968484  0 0 0 -0 -0.0379613 0
5.16 17.0729 0 -0.286 0.968579 0 0.248706 0 1 0 -0.248706 0 0.968579  0 0 0 0 -0.0383702 0
5.17 17.0729 0 -0.286 0.968675 0 0.248333 0 1 0 -0.248333 0 0.968675  0 0 0 -0 -0.0386819 0
5.18 17.0729 0 -0.286 0.968771 0 0.247957 0 1 0 -0.247957 0 0.968771  0 0 0 -0 -0.0389695 0
5.19 17.0729 0 -0.286 0.968868 0 0.247578 0 1 0 -0.247578 0 0.968868  0 0 0 -0 -0.0393049 0
5.2 17.0729 0 -0.286 0.968966 0 0.247196 0 1 0 -0.247196 0 0.968966  0 0 0 -0 -0.0395606 0
5.21 17.0729 0 -0.286 0.969063 0 0.246813 0 1 0 -0.246813 0 0.969063  0 0 0 0 -0.0396464 0
5.22 17.0729 0 -0.286 0.969162 0 0.246426 0 1 0 -0.246426 0 0.969162  0 0 0 -0 -0.0400116 0
5.23 17.0729 0 -0.286 0.96926 0 0.246038 0 1 0 -0.246038 0 0.96926  0 0 0 -0 -0.0401695 0
5.24 17.0729 0 -0.286 0.969359 0 0.245648 0 1 0 -0.245648 0 0.969359  0 0 0 -0 -0.040311 0
5.25 17.0729 0 -0.286 0.969458 0 0.245256 0 1 0 -0.245256 0 0.969458  0 0 0 -0 -0.0405027 0
5.26 17.0729 0 -0.286 0.969558 0 0.244863 0 1 0 -0.244863 0 0.969558  0 0 0 -0 -0.0406226 0
5.27 17.0729 0 -0.286 0.969657 0 0.244469 0 1 0 -0.244469 0 0.969657  0 0 0 -0 -0.0406891 0
5.28 17.0729 0 -0.286 0.969757 0 0.244074 0 1 0 -0.244074 0 0.969757  0 0 0 0 -0.0407603 0
5.29 17.0729 0 -0.286 0.969856 0 0.243678 0 1 0 -0.243678 0 0.969856  0 0 0 0 -0.0408748 0
5.3 17.0729 0 -0.286 0.969956 0 0.243282 0 1 0 -0.243282 0 0.969956  0 0 0 0 -0.0409174 0
5.31 17.0729 0 -0.286 0.970055 0 0.242885 0 1 0 -0.242885 0 0.970055  0 0 0 -0 -0.0409391 0
5.32 17.0729 0 -0.286 0.970154 0 0.242488 0 1 0 -0.242488 0 0.970154  0 0 0 0 -0.040948 0
5.33 17.0729 0 -0.286 0.970254 0 0.24209 0 1 0 -0.24209 0 0.970254  0 0 0 0 -0.0409653 0
5.34 17.0729 0 -0.286 0.970353 0 0.241693 0 1 0 -0.241693 0 0.970353  0 0 0 0 -0.0409669 0
5.35 17.0729 0 -0.286 0.970452 0 0.241296 0 1 0 -0.241296 0 0.970452  0 0 0 0 -0.0409231 0
5.36 17.0729 0 -0.286 0.97055 0 0.240898 0 1 0 -0.240898 0 0.97055  0 0 0 0 -0.0409356 0
5.37 17.0729 0 -0.286 0.970649 0 0.240502 0 1 0 -0.240502 0 0.970649  0 0 0 0 -0.0407789 0
5.38 17.0729 0 -0.286 0.970747 0 0.240107 0 1 0 -0.240107 0 0.970747  0 0 0 0 -0.0407343 0
5.39 17.0729 0 -0.286 0.970844 0 0.239712 0 1 0 -0.239712 0 0.970844  0 0 0 0 -0.040624 0
5.4 17.0729 0 -0.286 0.970941 0 0.239318 0 1 0 -0.239318 0 0.970941  0 0 0 0 -0.0405095 0
5.41 17.0729 0 -0.286 0.971038 0 0.238925 0 1 0 -0.238925 0 0.971038  0 0 0 0 -0.0404161 0
5.42 17.0729 0 -0.286 0.971134 0 0.238533 0 1 0 -0.238533 0 0.971134  0 0 0 0 -0.0402954 0
5.43 17.0729 0 -0.286 0.97123 0 0.238143 0 1 0 -0.238143 0 0.97123  0 0 0 0 -0.0401571 0
5.44 17.0729 0 -0.286 0.971326 0 0.237753 0 1 0 -0.237753 0 0.971326  0 0 0 0 -0.0400648 0
5.45 17.0729 0 -0.286 0.97142 0 0.237366 0 1 0 -0.237366 0 0.97142  0 0 0 -0 -0.039705 0
5.46 17.0729 0 -0.286 0.971515 0 0.23698 0 1 0 -0.23698 0 0.971515  0 0 0 -0 -0.0396945 0
5.47 17.0729 0 -0.286 0.971608 0 0.236597 0 1 0 -0.236597 0 0.971608  0 0 0 -0 -0.0393312 0
5.48 17.0729 0 -0.286 0.971701 0 0.236216 0 1 0 -0.236216 0 0.971701  0 0 0 0 -0.0391104 0
5.49 17.0729 0 -0.286 0.971793 0 0.235837 0 1 0 -0.235837 0 0.971793  0 0 0 -0 -0.0387948 0
5.5 17.0729 0 -0.286 0.971883 0 0.235462 0 1 0 -0.235462 0 0.971883  0 0 0 0 -0.0384521 0
5.51 17.0729 0 -0.286 0.971974 0 0.23509 0 1 0 -0.23509 0 0.971974  0 0 0 0 -0.0381499 0
5.52 17.0729 0 -0.286 0.972063 0 0.234721 0 1 0 -0.234721 0 0.972063  0 0 0 0 -0.0377638 0
5.53 17.0729 0 -0.286 0.972151 0 0.234356 0 1 0 -0.234356 0 0.972151  0 0 0 -0 -0.0373484 0
5.54 17.0729 0 -0.286 0.972238 0 0.233994 0 1 0 -0.233994 0 0.972238  0 0 0 -0 -0.0370747 0
5.55 17.0729 0 -0.286 0.972324 0 0.233636 0 1 0 -0.233636 0 0.972324  0 0 0 0 -0.0366081 0
5.56 17.0729 0 -0.286 0.972409 0 0.233282 0 1 0 -0.233282 0 0.972409  0 0 0 0 -0.036215 0
5.57 17.0729 0 -0.286 0.972493 0 0.232933 0 1 0 -0.232933 0 0.972493  0 0 0 -0 -0.0357411 0
5.58 17.0729 0 -0.286 0.972575 0 0.232587 0 1 0 -0.232587 0 0.972575  0 0 0 0 -0.0352626 0
5.59 17.0729 0 -0.286 0.972657 0 0.232247 0 1 0 -0.232247 0 0.972657  0 0 0 0 -0.0347995 0
5.6 17.0729 0 -0.286 0.972737 0 0.231912 0 1 0 -0.231912 0 0.972737  0 0 0 0 -0.0341913 0
5.61 17.0729 0 -0.286 0.972816 0 0.231581 0 1 0 -0.231581 0 0.972816  0 0 0 -0 -0.0337487 0
5.62 17.0729 0 -0.286 0.972893 0 0.231257 0 1 0 -0.231257 0 0.972893  0 0 0 -0 -0.0329635 0
5.63 17.0729 0 -0.286 0.972969 0 0.230938 0 1 0 -0.230938 0 0.972969  0 0 0 -0 -0.032529 0
5.64 17.0729 0 -0.286 0.973043 0 0.230624 0 1 0 -0.230624 0 0.973043  0 0 0 -0 -0.0319434 0
5.65 17.0729 0 -0.286 0.973116 0 0.230317 0 1 0 -0.230317 0 0.973116  0 0 0 -0 -0.0312758 0
5.66 17.0729 0 -0.286 0.973187 0 0.230015 0 1 0 -0.230015 0 0.973187  0 0 0 -0 -0.030772 0
5.67 17.0729 0 -0.286 0.973257 0 0.229719 0 1 0 -0.229719 0 0.973257  0 0 0 -0 -0.0301487 0
5.68 17.0729 0 -0.286 0.973326 0 0.229428 0 1 0 -0.229428 0 0.973326  0 0 0 0 -0.0295224 0
5.69 17.0729 0 -0.286 0.973392 0 0.229144 0 1 0 -0.229144 0 0.973392  0 0 0 -0 -0.0288672 0
5.7 17.0729 0 -0.286 0.973458 0 0.228866 0 1 0 -0.228866 0 0.973458  0 0 0 -0 -0.0282825 0
5.71 17.0729 0 -0.286 0.973521 0 0.228596 0 1 0 -0.228596 0 0.973521  0 0 0 0 -0.0273419 0
5.72 17.0729 0 -0.286 0.973583 0 0.228332 0 1 0 -0.228332 0 0.973583  0 0 0 -0 -0.0267404 0
5.73 17.0729 0 -0.286 0.973644 0 0.228075 0 1 0 -0.228075 0 0.973644  0 0 0 -0 -0.0260949 0
5.74 17.0729 0 -0.286 0.973702 0 0.227825 0 1 0 -0.227825 0 0.973702  0 0 0 -0 -0.0253473 0
5.75 17.0729 0 -0.286 0.973759 0 0.227581 0 1 0 -0.227581 0 0.973759  0 0 0 -0 -0.0246763 0
5.76 17.0729 0 -0.286 0.973814 0 0.227344 0 1 0 -0.227344 0 0.973814  0 0 0 0 -0.023995 0
5.77 17.0729 0 -0.286 0.973868 0 0.227114 0 1 0 -0.227114 0 0.973868  0 0 0 -0 -0.0232539 0
5.78 17.0729 0 -0.286 0.97392 0 0.226892 0 1 0 -0.226892 0 0.97392  0 0 0 0 -0.0224975 0
5.79 17.0729 0 -0.286 0.97397 0 0.226676 0 1 0 -0.226676 0 0.97397  0 0 0 0 -0.0218393 0
5.8 17.0729 0 -0.286 0.974019 0 0.226467 0 1 0 -0.226467 0 0.974019  0 0 0 -0 -0.0210884 0
5.81 17.0729 0 -0.286 0.974066 0 0.226265 0 1 0 -0.226265 0 0.974066  0 0 0 -0 -0.0203597 0
5.82 17.0729 0 -0.286 0.974111 0 0.226071 0 1 0 -0.226071 0 0.974111  0 0 0 -0 -0.0195146 0
5.83 17.0729 0 -0.286 0.974154 0 0.225884 0 1 0 -0.225884 0 0.974154  0 0 0 -0 -0.0188371 0
5.84 17.0729 0 -0.286 0.974196 0 0.225704 0 1 0 -0.225704 0 0.974196  0 0 0 -0 -0.0180819 0
5.85 17.0729 0 -0.286 0.974236 0 0.225532 0 1 0 -0.225532 0 0.974236  0 0 0 -0 -0.017309 0
5.86 17.0729 0 -0.286 0.974274 0 0.225367 0 1 0 -0.225367 0 0.974274  0 0 0 -0 -0.0165206 0
5.87 17.0729 0 -0.286 0.97431 0 0.225209 0 1 0 -0.225209 0 0.97431  0 0 0 -0 -0.0158016 0
5.88 17.0729 0 -0.286 0.974345 0 0.225059 0 1 0 -0.225059 0 0.974345  0 0 0 -0 -0.0150187 0
5.89 17.0729 0 -0.286 0.974378 0 0.224917 0 1 0 -0.224917 0 0.974378  0 0 0 0 -0.0142546 0
5.9 17.0729 0 -0.286 0.974409 0 0.224782 0 1 0 -0.224782 0 0.974409  0 0 0 0 -0.013487 0
5.91 17.0729 0 -0.286 0.974439 0 0.224654 0 1 0 -0.224654 0 0.974439  0 0 0 0 -0.0127237 0
5.92 17.0729 0 -0.286 0.974466 0 0.224534 0 1 0 -0.224534 0 0.974466  0 0 0 0 -0.0119064 0
5.93 17.0729 0 -0.286 0.974492 0 0.224421 0 1 0 -0.224421 0 0.974492  0 0 0 0 -0.011195 0
5.94 17.0729 0 -0.286 0.974516 0 0.224316 0 1 0 -0.224316 0 0.974516  0 0 0 0 -0.0104078 0
5.95 17.0729 0 -0.286 0.974539 0 0.224219 0 1 0 -0.224219 0 0.974539  0 0 0 0 -0.00963555 0
5.96 17.0729 0 -0.286 0.97456 0 0.224128 0 1 0 -0.224128 0 0.97456  0 0 0 0 -0.00889666 0
5.97 17.0729 0 -0.286 0.974579 0 0.224045 0 1 0 -0.224045 0 0.974579  0 0 0 0 -0.0081232 0
5.98 17.0729 0 -0.286 0.974596 0 0.22397 0 1 0 -0.22397 0 0.974596  0 0 0 0 -0.00735741 0
5.99 17.0729 0 -0.286 0.974612 0 0.223902 0 1 0 -0.223902 0 0.974612  0 0 0 0 -0.00660723 0
6 17.0729 0 -0.286 0.974626 0 0.223841 0 1 0 -0.223841 0 0.974626  0 0 0 0 -0.00584903 0
6.01 17.0729 0 -0.286 0.974638 0 0.223788 0 1 0 -0.223788 0 0.974638  0 0 0 0 -0.00509258 0
6.02 17.0729 0 -0.286 0.974648 0 0.223742 0 1 0 -0.223742 0 0.974648  0 0 0 0 -0.00434576 0
6.03 17.0729 0 -0.286 0.974657 0 0.223703 0 1 0 -0.223703 0 0.974657  0 0 0 0 -0.00362032 0
6.04 17.0729 0 -0.286 0.974665 0 0.223671 0 1 0 -0.223671 0 0.974665  0 0 0 0 -0.00290431 0
6.05 17.0729 0 -0.286 0.97467 0 0.223646 0 1 0 -0.223646 0 0.97467  0 0 0 0 -0.002196 0
6.06 17.0729 0 -0.286 0.974675 0 0.223628 0 1 0 -0.223628 0 0.974675  0 0 0 0 -0.0014525 0
6.07 17.0729 0 -0.286 0.974677 0 0.223617 0 1 0 -0.223617 0 0.974677  0 0 0 0 -0.000743895 0
6.08 17.0729 0 -0.286 0.974678 0 0.223614 0 1 0 -0.223614 0 0.974678  0 0 0 0 -3.26758e-05 0
6.09 17.0729 0 -0.286 0.974677 0 0.223617 0 1 0 -0.223617 0 0.974677  0 0 0 0 0.00068173 0
6.1 17.0729 0 -0.286 0.974675 0 0.223627 0 1 0 -0.223627 0 0.974675  0 0 0 0 0.00138348 0
6.11 17.0729 0 -0.286 0.974671 0 0.223644 0 1 0 -0.223644 0 0.974671  0 0 0 0 0.00208234 0
6.12 17.0729 0 -0.286 0.974666 0 0.223667 0 1 0 -0.223667 0 0.974666  0 0 0 0 0.00277626 0
6.13 17.0729 0 -0.286 0.974659 0 0.223698 0 1 0 -0.223698 0 0.974659  0 0 0 0 0.00345869 0
6.14 17.0729 0 -0.286 0.97465 0 0.223735 0 1 0 -0.223735 0 0.97465  0 0 0 0 0.00418345 0
6.15 17.0729 0 -0.286 0.97464 0 0.223779 0 1 0 -0.223779 0 0.97464  0 0 0 0 0.00486401 0
6.16 17.0729 0 -0.286 0.974628 0 0.22383 0 1 0 -0.22383 0 0.974628  0 0 0 0 0.00553383 0
6.17 17.0729 0 -0.286 0.974615 0 0.223887 0 1 0 -0.223887 0 0.974615  0 0 0 0 0.00620069 0
6.18 17.0729 0 -0.286 0.974601 0 0.22395 0 1 0 -0.22395 0 0.974601  0 0 0 0 0.00685121 0
6.19 17.0729 0 -0.286 0.974584 0 0.22402 0 1 0 -0.22402 0 0.974584  0 0 0 0 0.00749165 0
6.2 17.0729 0 -0.286 0.974567 0 0.224096 0 1 0 -0.224096 0 0.974567  0 0 0 0 0.00812584 0
6.21 17.0729 0 -0.286 0.974548 0 0.224178 0 1 0 -0.224178 0 0.974548  0 0 0 0 0.00874293 0
6.22 17.0729 0 -0.286 0.974528 0 0.224267 0 1 0 -0.224267 0 0.974528  0 0 0 0 0.00935063 0
6.23 17.0729 0 -0.286 0.974506 0 0.224361 0 1 0 -0.224361 0 0.974506  0 0 0 0 0.00998004 0
6.24 17.0729 0 -0.286 0.974483 0 0.22446 0 1 0 -0.22446 0 0.974483  0 0 0 0 0.0105292 0
6.25 17.0729 0 -0.286 0.974459 0 0.224566 0 1 0 -0.224566 0 0.974459  0 0 0 0 0.0111161 0
6.26 17.0729 0 -0.286 0.974433 0 0.224677 0 1 0 -0.224677 0 0.974433  0 0 0 0 0.0116763 0
6.27 17.0729 0 -0.286 0.974406 0 0.224793 0 1 0 -0.224793 0 0.974406  0 0 0 0 0.0122257 0
6.28 17.0729 0 -0.286 0.974378 0 0.224915 0 1 0 -0.224915 0 0.974378  0 0 0 0 0.0127429 0
6.29 17.0729 0 -0.286 0.974349 0 0.225042 0 1 0 -0.225042 0 0.974349  0 0 0 0 0.0132661 0
6.3 17.0729 0 -0.286 0.974319 0 0.225173 0 1 0 -0.225173 0 0.974319  0 0 0 0 0.0137802 0
6.31 17.0729 0 -0.286 0.974287 0 0.22531 0 1 0 -0.22531 0 0.974287  0 0 0 0 0.0142552 0
6.32 17.0729 0 -0.286 0.974255 0 0.225451 0 1 0 -0.225451 0 0.974255  0 0 0 0 0.014729 0
6.33 17.0729 0 -0.286 0.974221 0 0.225597 0 1 0 -0.225597 0 0.974221  0 0 0 0 0.015203 0
6.34 17.0729 0 -0.286 0.974186 0 0.225747 0 1 0 -0.225747 0 0.974186  0 0 0 0 0.0156513 0
6.35 17.0729 0 -0.286 0.97415 0 0.225901 0 1 0 -0.225901 0 0.97415  0 0 0 0 0.0160468 0
6.36 17.0729 0 -0.286 0.974113 0 0.22606 0 1 0 -0.22606 0 0.974113  0 0 0 0 0.0164766 0
6.37 17.0729 0 -0.286 0.974076 0 0.226222 0 1 0 -0.226222 0 0.974076  0 0 0 0 0.0168897 0
6.38 17.0729 0 -0.286 0.974037 0 0.226388 0 1 0 -0.226388 0 0.974037  0 0 0 0 0.0172842 0
6.39 17.0729 0 -0.286 0.973998 0 0.226558 0 1 0 -0.226558 0 0.973998  0 0 0 0 0.0176048 0
6.4 17.0729 0 -0.286 0.973957 0 0.226731 0 1 0 -0.226731 0 0.973957  0 0 0 0 0.0179829 0
6.41 17.0729 0 -0.286 0.973916 0 0.226908 0 1 0 -0.226908 0 0.973916  0 0 0 0 0.0183416 0
6.42 17.0729 0 -0.286 0.973874 0 0.227088 0 1 0 -0.227088 0 0.973874  0 0 0 0 0.0186451 0
6.43 17.0729 0 -0.286 0.973831 0 0.227271 0 1 0 -0.227271 0 0.973831  0 0 0 0 0.0189669 0
6.44 17.0729 0 -0.286 0.973788 0 0.227458 0 1 0 -0.227458 0 0.973788  0 0 0 0 0.0192796 0
6.45 17.0729 0 -0.286 0.973744 0 0.227647 0 1 0 -0.227647 0 0.973744  0 0 0 0 0.0195565 0
6.46 17.0729 0 -0.286 0.973699 0 0.227838 0 1 0 -0.227838 0 0.973699  0 0 0 0 0.0198077 0
6.47 17.0729 0 -0.286 0.973654 0 0.228033 0 1 0 -0.228033 0 0.973654  0 0 0 0 0.0201171 0
6.48 17.0729 0 -0.286 0.973607 0 0.228229 0 1 0 -0.228229 0 0.973607  0 0 0 0 0.020334 0
6.49 17.0729 0 -0.286 0.973561 0 0.228428 0 1 0 -0.228428 0 0.973561  0 0 0 0 0.0205879 0
6.5 17.0729 0 -0.286 0.973513 0 0.22863 0 1 0 -0.22863 0 0.973513  0 0 0 0 0.0207938 0
6.51 17.0729 0 -0.286 0.973466 0 0.228833 0 1 0 -0.228833 0 0.973466  0 0 0 0 0.0209952 0
6.52 17.0729 0 -0.286 0.973418 0 0.229037 0 1 0 -0.229037 0 0.973418  0 0 0 0 0.0209757 0
6.53 17.0729 0 -0.286 0.973369 0 0.229245 0 1 0 -0.229245 0 0.973369  0 0 0 0 0.0214399 0
6.54 17.0729 0 -0.286 0.97332 0 0.229452 0 1 0 -0.229452 0 0.97332  0 0 0 0 0.0214499 0
6.55 17.0729 0 -0.286 0.97327 0 0.229662 0 1 0 -0.229662 0 0.97327  0 0 0 0 0.0215792 0
6.56 17.0729 0 -0.286 0.973221 0 0.229873 0 1 0 -0.229873 0 0.973221  0 0 0 0 0.0217633 0
6.57 17.0729 0 -0.286 0.973171 0 0.230085 0 1 0 -0.230085 0 0.973171  0 0 0 0 0.021789 0
6.58 17.0729 0 -0.286 0.97312 0 0.230297 0 1 0 -0.230297 0 0.97312  0 0 0 0 0.0219041 0
6.59 17.0729 0 -0.286 0.97307 0 0.230511 0 1 0 -0.230511 0 0.97307  0 0 0 0 0.0219936 0
6.6 17.0729 0 -0.286 0.973019 0 0.230725 0 1 0 -0.230725 0 0.973019  0 0 0 0 0.0220133 0
6.61 17.0729 0 -0.286 0.972968 0 0.230939 0 1 0 -0.230939 0 0.972968  0 0 0 0 0.0220838 0
6.62 17.0729 0 -0.286 0.972917 0 0.231155 0 1 0 -0.231155 0 0.972917  0 0 0 0 0.0221973 0
6.63 17.0729 0 -0.286 0.972866 0 0.23137 0 1 0 -0.23137 0 0.972866  0 0 0 0 0.0221828 0
6.64 17.0729 0 -0.286 0.972814 0 0.231586 0 1 0 -0.231586 0 0.972814  0 0 0 0 0.0222065 0
6.65 17.0729 0 -0.286 0.972763 0 0.231802 0 1 0 -0.231802 0 0.972763  0 0 0 0 0.0221863 0
6.66 17.0729 0 -0.286 0.972712 0 0.232018 0 1 0 -0.232018 0 0.972712  0 0 0 0 0.022158 0
6.67 17.0729 0 -0.286 0.97266 0 0.232233 0 1 0 -0.232233 0 0.97266  0 0 0 0 0.0220946 0
6.68 17.0729 0 -0.286 0.972609 0 0.232448 0 1 0 -0.232448 0 0.972609  0 0 0 0 0.0220937 0
6.69 17.0729 0 -0.286 0.972558 0 0.232661 0 1 0 -0.232661 0 0.972558  0 0 0 0 0.0218874 0
6.7 17.0729 0 -0.286 0.972507 0 0.232874 0 1 0 -0.232874 0 0.972507  0 0 0 0 0.021902 0
6.71 17.0729 0 -0.286 0.972456 0 0.233086 0 1 0 -0.233086 0 0.972456  0 0 0 0 0.021706 0
6.72 17.0729 0 -0.286 0.972406 0 0.233296 0 1 0 -0.233296 0 0.972406  0 0 0 0 0.0215076 0
6.73 17.0729 0 -0.286 0.972356 0 0.233505 0 1 0 -0.233505 0 0.972356  0 0 0 0 0.021414 0
6.74 17.0729 0 -0.286 0.972306 0 0.233712 0 1 0 -0.233712 0 0.972306  0 0 0 0 0.0211779 0
6.75 17.0729 0 -0.286 0.972257 0 0.233916 0 1 0 -0.233916 0 0.972257  0 0 0 0 0.0209411 0
6.76 17.0729 0 -0.286 0.972208 0 0.234119 0 1 0 -0.234119 0 0.972208  0 0 0 0 0.0206926 0
6.77 17.0729 0 -0.286 0.97216 0 0.234319 0 1 0 -0.234319 0 0.97216  0 0 0 0 0.020462 0
6.78 17.0729 0 -0.286 0.972112 0 0.234517 0 1 0 -0.234517 0 0.972112  0 0 0 0 0.0202335 0
6.79 17.0729 0 -0.286 0.972065 0 0.234712 0 1 0 -0.234712 0 0.972065  0 0 0 0 0.019996 0
6.8 17.0729 0 -0.286 0.972018 0 0.234905 0 1 0 -0.234905 0 0.972018  0 0 0 0 0.019732 0
6.81 17.0729 0 -0.286 0.971972 0 0.235095 0 1 0 -0.235095 0 0.971972  0 0 0 0 0.0193956 0
6.82 17.0729 0 -0.286 0.971927 0 0.235283 0 1 0 -0.235283 0 0.971927  0 0 0 0 0.0191853 0
6.83 17.0729 0 -0.286 0.971882 0 0.235468 0 1 0 -0.235468 0 0.971882  0 0 0 0 0.0189188 0
6.84 17.0729 0 -0.286 0.971838 0 0.235651 0 1 0 -0.235651 0 0.971838  0 0 0 0 0.0186193 0
6.85 17.0729 0 -0.286 0.971794 0 0.235831 0 1 0 -0.235831 0 0.971794  0 0 0 0 0.0183702 0
6.86 17.0729 0 -0.286 0.971751 0 0.236008 0 1 0 -0.236008 0 0.971751  0 0 0 0 0.0180855 0
6.87 17.0729 0 -0.286 0.971709 0 0.236182 0 1 0 -0.236182 0 0.971709  0 0 0 0 0.0178281 0
6.88 17.0729 0 -0.286 0.971667 0 0.236353 0 1 0 -0.236353 0 0.971667  0 0 0 0 0.017398 0
6.89 17.0729 0 -0.286 0.971626 0 0.236521 0 1 0 -0.236521 0 0.971626  0 0 0 0 0.0171064 0
6.9 17.0729 0 -0.286 0.971586 0 0.236686 0 1 0 -0.236686 0 0.971586  0 0 0 0 0.0167957 0
6.91 17.0729 0 -0.286 0.971547 0 0.236847 0 1 0 -0.236847 0 0.971547  0 0 0 0 0.0164487 0
6.92 17.0729 0 -0.286 0.971508 0 0.237006 0 1 0 -0.237006 0 0.971508  0 0 0 0 0.0161909 0
6.93 17.0729 0 -0.286 0.97147 0 0.237161 0 1 0 -0.237161 0 0.97147  0 0 0 0 0.0157508 0
6.94 17.0729 0 -0.286 0.971433 0 0.237312 0 1 0 -0.237312 0 0.971433  0 0 0 0 0.0154512 0
6.95 17.0729 0 -0.286 0.971397 0 0.237461 0 1 0 -0.237461 0 0.971397  0 0 0 0 0.0150924 0
6.96 17.0729 0 -0.286 0.971362 0 0.237606 0 1 0 -0.237606 0 0.971362  0 0 0 0 0.0147366 0
6.97 17.0729 0 -0.286 0.971327 0 0.237749 0 1 0 -0.237749 0 0.971327  0 0 0 0 0.0145796 0
6.98 17.0729 0 -0.286 0.971293 0 0.237887 0 1 0 -0.237887 0 0.971293  0 0 0 0 0.0141203 0
6.99 17.0729 0 -0.286 0.97126 0 0.238023 0 1 0 -0.238023 0 0.97126  0 0 0 0 0.0137856 0
7 17.0729 0 -0.286 0.971227 0 0.238155 0 1 0 -0.238155 0 0.971227  0 0 0 0 0.0134561 0
7.01 17.0729 0 -0.286 0.971196 0 0.238284 0 1 0 -0.238284 0 0.971196  0 0 0 0 0.0130574 0
7.02 17.0729 0 -0.286 0.971165 0 0.238409 0 1 0 -0.238409 0 0.971165  0 0 0 0 0.012728 0
7.03 17.0729 0 -0.286 0.971135 0 0.238531 0 1 0 -0.238531 0 0.971135  0 0 0 0 0.0123532 0
7.04 17.0729 0 -0.286 0.971106 0 0.238649 0 1 0 -0.238649 0 0.971106  0 0 0 0 0.011979 0
7.05 17.0729 0 -0.286 0.971078 0 0.238763 0 1 0 -0.238763 0 0.971078  0 0 0 0 0.0116153 0
7.06 17.0729 0 -0.286 0.971051 0 0.238874 0 1 0 -0.238874 0 0.971051  0 0 0 0 0.011217 0
7.07 17.0729 0 -0.286 0.971024 0 0.238981 0 1 0 -0.238981 0 0.971024  0 0 0 0 0.0108457 0
7.08 17.0729 0 -0.286 0.970999 0 0.239085 0 1 0 -0.239085 0 0.970999  0 0 0 0 0.0104558 0
7.09 17.0729 0 -0.286 0.970974 0 0.239184 0 1 0 -0.239184 0 0.970974  0 0 0 0 0.0100262 0
7.1 17.0729 0 -0.286 0.970951 0 0.23928 0 1 0 -0.23928 0 0.970951  0 0 0 0 0.00965386 0
7.11 17.0729 0 -0.286 0.970928 0 0.239371 0 1 0 -0.239371 0 0.970928  0 0 0 0 0.00924055 0
7.12 17.0729 0 -0.286 0.970906 0 0.239459 0 1 0 -0.239459 0 0.970906  0 0 0 0 0.00883562 0
7.13 17.0729 0 -0.286 0.970886 0 0.239543 0 1 0 -0.239543 0 0.970886  0 0 0 0 0.00842568 0
7.14 17.0729 0 -0.286 0.970866 0 0.239622 0 1 0 -0.239622 0 0.970866  0 0 0 0 0.00797966 0
7.15 17.0729 0 -0.286 0.970847 0 0.239698 0 1 0 -0.239698 0 0.970847  0 0 0 0 0.00762009 0
7.16 17.0729 0 -0.286 0.97083 0 0.23977 0 1 0 -0.23977 0 0.97083  0 0 0 0 0.00714067 0
7.17 17.0729 0 -0.286 0.970813 0 0.239837 0 1 0 -0.239837 0 0.970813  0 0 0 0 0.00673398 0
7.18 17.0729 0 -0.286 0.970797 0 0.2399 0 1 0 -0.2399 0 0.970797  0 0 0 0 0.00630793 0
7.19 17.0729 0 -0.286 0.970783 0 0.239959 0 1 0 -0.239959 0 0.970783  0 0 0 0 0.0058645 0
7.2 17.0729 0 -0.286 0.970769 0 0.240014 0 1 0 -0.240014 0 0.970769  0 0 0 0 0.00543272 0
7.21 17.0729 0 -0.286 0.970757 0 0.240065 0 1 0 -0.240065 0 0.970757  0 0 0 0 0.00500075 0
7.22 17.0729 0 -0.286 0.970745 0 0.240111 0 1 0 -0.240111 0 0.970745  0 0 0 0 0.00454927 0
7.23 17.0729 0 -0.286 0.970735 0 0.240153 0 1 0 -0.240153 0 0.970735  0 0 0 0 0.00411048 0
7.24 17.0729 0 -0.286 0.970726 0 0.240191 0 1 0 -0.240191 0 0.970726  0 0 0 0 0.00366453 0
7.25 17.0729 0 -0.286 0.970717 0 0.240224 0 1 0 -0.240224 0 0.970717  0 0 0 0 0.00321328 0
7.26 17.0729 0 -0.286 0.97071 0 0.240253 0 1 0 -0.240253 0 0.97071  0 0 0 0 0.00276667 0
7.27 17.0729 0 -0.286 0.970704 0 0.240278 0 1 0 -0.240278 0 0.970704  0 0 0 0 0.00231503 0
7.28 17.0729 0 -0.286 0.970699 0 0.240298 0 1 0 -0.240298 0 0.970699  0 0 0 0 0.00186249 0
7.29 17.0729 0 -0.286 0.970695 0 0.240314 0 1 0 -0.240314 0 0.970695  0 0 0 0 0.00141056 0
7.3 17.0729 0 -0.286 0.970692 0 0.240326 0 1 0 -0.240326 0 0.970692  0 0 0 0 0.000956278 0
7.31 17.0729 0 -0.286 0.970691 0 0.240333 0 1 0 -0.240333 0 0.970691  0 0 0 0 0.000502493 0
7.32 17.0729 0 -0.286 0.97069 0 0.240335 0 1 0 -0.240335 0 0.97069  0 0 0 0 4.87336e-05 0
7.33 17.0729 0 -0.286 0.97069 0 0.240334 0 1 0 -0.240334 0 0.97069  0 0 0 -0 -0.000404892 0
7.34 17.0729 0 -0.286 0.970692 0 0.240328 0 1 0 -0.240328 0 0.970692  0 0 0 -0 -0.000858845 0
7.35 17.0729 0 -0.286 0.970694 0 0.240317 0 1 0 -0.240317 0 0.970694  0 0 0 -0 -0.00131118 0
7.36 17.0729 0 -0.286 0.970698 0 0.240302 0 1 0 -0.240302 0 0.970698  0 0 0 -0 -0.00176388 0
7.37 17.0729 0 -0.286 0.970703 0 0.240283 0 1 0 -0.240283 0 0.970703  0 0 0 -0 -0.00221389 0
7.38 17.0729 0 -0.286 0.970709 0 0.240259 0 1 0 -0.240259 0 0.970709  0 0 0 -0 -0.00266357 0
7.39 17.0729 0 -0.286 0.970716 0 0.240231 0 1 0 -0.240231 0 0.970716  0 0 0 -0 -0.00311028 0
7.4 17.0729 0 -0.286 0.970724 0 0.240199 0 1 0 -0.240199 0 0.970724  0 0 0 -0 -0.00355673 0
7.41 17.0729 0 -0.286 0.970733 0 0.240162 0 1 0 -0.240162 0 0.970733  0 0 0 -0 -0.00399614 0
7.42 17.0729 0 -0.286 0.970743 0 0.240121 0 1 0 -0.240121 0 0.970743  0 0 0 -0 -0.0044345 0
7.43 17.0729 0 -0.286 0.970754 0 0.240076 0 1 0 -0.240076 0 0.970754  0 0 0 -0 -0.00487328 0
7.44 17.0729 0 -0.286 0.970766 0 0.240027 0 1 0 -0.240027 0 0.970766  0 0 0 -0 -0.00529767 0
7.45 17.0729 0 -0.286 0.97078 0 0.239973 0 1 0 -0.239973 0 0.97078  0 0 0 -0 -0.00573047 0
7.46 17.0729 0 -0.286 0.970794 0 0.239915 0 1 0 -0.239915 0 0.970794  0 0 0 -0 -0.00616867 0
7.47 17.0729 0 -0.286 0.970809 0 0.239854 0 1 0 -0.239854 0 0.970809  0 0 0 -0 -0.00657679 0
7.48 17.0729 0 -0.286 0.970825 0 0.239788 0 1 0 -0.239788 0 0.970825  0 0 0 -0 -0.00700427 0
7.49 17.0729 0 -0.286 0.970843 0 0.239718 0 1 0 -0.239718 0 0.970843  0 0 0 -0 -0.00742037 0
7.5 17.0729 0 -0.286 0.970861 0 0.239644 0 1 0 -0.239644 0 0.970861  0 0 0 -0 -0.00782692 0
7.51 17.0729 0 -0.286 0.97088 0 0.239566 0 1 0 -0.239566 0 0.97088  0 0 0 -0 -0.0082337 0
7.52 17.0729 0 -0.286 0.9709 0 0.239484 0 1 0 -0.239484 0 0.9709  0 0 0 -0 -0.00863613 0
7.53 17.0729 0 -0.286 0.970921 0 0.239398 0 1 0 -0.239398 0 0.970921  0 0 0 -0 -0.00902195 0
7.54 17.0729 0 -0.286 0.970944 0 0.239309 0 1 0 -0.239309 0 0.970944  0 0 0 -0 -0.00940466 0
7.55 17.0729 0 -0.286 0.970966 0 0.239216 0 1 0 -0.239216 0 0.970966  0 0 0 -0 -0.00979434 0
7.56 17.0729 0 -0.286 0.97099 0 0.239119 0 1 0 -0.239119 0 0.97099  0 0 0 0 -0.0101679 0
7.57 17.0729 0 -0.286 0.971015 0 0.239018 0 1 0 -0.239018 0 0.971015  0 0 0 -0 -0.0105218 0
7.58 17.0729 0 -0.286 0.971041 0 0.238915 0 1 0 -0.238915 0 0.971041  0 0 0 -0 -0.0108452 0
7.59 17.0729 0 -0.286 0.971067 0 0.238807 0 1 0 -0.238807 0 0.971067  0 0 0 -0 -0.0112521 0
7.6 17.0729 0 -0.286 0.971094 0 0.238697 0 1 0 -0.238697 0 0.971094  0 0 0 -0 -0.0115713 0
7.61 17.0729 0 -0.286 0.971122 0 0.238583 0 1 0 -0.238583 0 0.971122  0 0 0 -0 -0.0118942 0
7.62 17.0729 0 -0.286 0.971151 0 0.238465 0 1 0 -0.238465 0 0.971151  0 0 0 -0 -0.012239 0
7.63 17.0729 0 -0.286 0.971181 0 0.238345 0 1 0 -0.238345 0 0.971181  0 0 0 -0 -0.0125634 0
7.64 17.0729 0 -0.286 0.971211 0 0.238222 0 1 0 -0.238222 0 0.971211  0 0 0 -0 -0.0128712 0
7.65 17.0729 0 -0.286 0.971242 0 0.238095 0 1 0 -0.238095 0 0.971242  0 0 0 -0 -0.0131981 0
7.66 17.0729 0 -0.286 0.971273 0 0.237966 0 1 0 -0.237966 0 0.971273  0 0 0 0 -0.0133684 0
7.67 17.0729 0 -0.286 0.971306 0 0.237834 0 1 0 -0.237834 0 0.971306  0 0 0 0 -0.0137957 0
7.68 17.0729 0 -0.286 0.971339 0 0.237699 0 1 0 -0.237699 0 0.971339  0 0 0 0 -0.0140433 0
7.69 17.0729 0 -0.286 0.971373 0 0.237561 0 1 0 -0.237561 0 0.971373  0 0 0 -0 -0.0143046 0
7.7 17.0729 0 -0.286 0.971407 0 0.237421 0 1 0 -0.237421 0 0.971407  0 0 0 0 -0.0145993 0
7.71 17.0729 0 -0.286 0.971441 0 0.23728 0 1 0 -0.23728 0 0.971441  0 0 0 0 -0.014617 0
7.72 17.0729 0 -0.286 0.971477 0 0.237135 0 1 0 -0.237135 0 0.971477  0 0 0 -0 -0.0150308 0
7.73 17.0729 0 -0.286 0.971513 0 0.236988 0 1 0 -0.236988 0 0.971513  0 0 0 0 -0.0152243 0
7.74 17.0729 0 -0.286 0.971549 0 0.23684 0 1 0 -0.23684 0 0.971549  0 0 0 0 -0.0154058 0
7.75 17.0729 0 -0.286 0.971586 0 0.236689 0 1 0 -0.236689 0 0.971586  0 0 0 0 -0.015671 0
7.76 17.0729 0 -0.286 0.971623 0 0.236535 0 1 0 -0.236535 0 0.971623  0 0 0 0 -0.0159142 0
7.77 17.0729 0 -0.286 0.971661 0 0.23638 0 1 0 -0.23638 0 0.971661  0 0 0 0 -0.0160466 0
7.78 17.0729 0 -0.286 0.971699 0 0.236223 0 1 0 -0.236223 0 0.971699  0 0 0 0 -0.0162604 0
7.79 17.0729 0 -0.286 0.971737 0 0.236065 0 1 0 -0.236065 0 0.971737  0 0 0 0 -0.016376 0
7.8 17.0729 0 -0.286 0.971776 0 0.235905 0 1 0 -0.235905 0 0.971776  0 0 0 0 -0.0165433 0
7.81 17.0729 0 -0.286 0.971815 0 0.235743 0 1 0 -0.235743 0 0.971815  0 0 0 0 -0.016699 0
7.82 17.0729 0 -0.286 0.971855 0 0.23558 0 1 0 -0.23558 0 0.971855  0 0 0 0 -0.0169201 0
7.83 17.0729 0 -0.286 0.971895 0 0.235415 0 1 0 -0.235415 0 0.971895  0 0 0 0 -0.0170244 0
7.84 17.0729 0 -0.286 0.971935 0 0.235249 0 1 0 -0.235249 0 0.971935  0 0 0 0 -0.0171892 0
7.85 17.0729 0 -0.286 0.971976 0 0.235081 0 1 0 -0.235081 0 0.971976  0 0 0 -0 -0.0172992 0
7.86 17.0729 0 -0.286 0.972017 0 0.234912 0 1 0 -0.234912 0 0.972017  0 0 0 0 -0.0174554 0
7.87 17.0729 0 -0.286 0.972058 0 0.234742 0 1 0 -0.234742 0 0.972058  0 0 0 0 -0.0175598 0
7.88 17.0729 0 -0.286 0.972099 0 0.234571 0 1 0 -0.234571 0 0.972099  0 0 0 -0 -0.0176511 0
7.89 17.0729 0 -0.286 0.972141 0 0.234399 0 1 0 -0.234399 0 0.972141  0 0 0 0 -0.017777 0
7.9 17.0729 0 -0.286 0.972182 0 0.234226 0 1 0 -0.234226 0 0.972182  0 0 0 0 -0.0178906 0
7.91 17.0729 0 -0.286 0.972224 0 0.234051 0 1 0 -0.234051 0 0.972224  0 0 0 0 -0.0179599 0
7.92 17.0729 0 -0.286 0.972266 0 0.233876 0 1 0 -0.233876 0 0.972266  0 0 0 0 -0.0180299 0
7.93 17.0729 0 -0.286 0.972309 0 0.233701 0 1 0 -0.233701 0 0.972309  0 0 0 0 -0.0181322 0
7.94 17.0729 0 -0.286 0.972351 0 0.233524 0 1 0 -0.233524 0 0.972351  0 0 0 0 -0.0181918 0
7.95 17.0729 0 -0.286 0.972393 0 0.233347 0 1 0 -0.233347 0 0.972393  0 0 0 0 -0.0181939 0
7.96 17.0729 0 -0.286 0.972436 0 0.23317 0 1 0 -0.23317 0 0.972436  0 0 0 0 -0.0182743 0
7.97 17.0729 0 -0.286 0.972479 0 0.232993 0 1 0 -0.232993 0 0.972479  0 0 0 0 -0.018268 0
7.98 17.0729 0 -0.286 0.972521 0 0.232814 0 1 0 -0.232814 0 0.972521  0 0 0 0 -0.0183667 0
7.99 17.0729 0 -0.286 0.972564 0 0.232636 0 1 0 -0.232636 0 0.972564  0 0 0 0 -0.0182909 0
8 17.0729 0 -0.286 0.972606 0 0.232458 0 1 0 -0.232458 0 0.972606  0 0 0 0 -0.0183169 0
8.01 17.0729 0 -0.286 0.972649 0 0.23228 0 1 0 -0.23228 0 0.972649  0 0 0 0 -0.018397 0
8.02 17.0729 0 -0.286 0.972691 0 0.232102 0 1 0 -0.232102 0 0.972691  0 0 0 0 -0.0182035 0
8.03 17.0729 0 -0.286 0.972734 0 0.231925 0 1 0 -0.231925 0 0.972734  0 0 0 0 -0.0182228 0
8.04 17.0729 0 -0.286 0.972776 0 0.231748 0 1 0 -0.231748 0 0.972776  0 0 0 -0 -0.0182192 0
8.05 17.0729 0 -0.286 0.972818 0 0.231573 0 1 0 -0.231573 0 0.972818  0 0 0 0 -0.0179403 0
8.06 17.0729 0 -0.286 0.972859 0 0.231399 0 1 0 -0.231399 0 0.972859  0 0 0 0 -0.0177301 0
8.07 17.0729 0 -0.286 0.9729 0 0.231226 0 1 0 -0.231226 0 0.9729  0 0 0 0 -0.0177255 0
8.08 17.0729 0 -0.286 0.972941 0 0.231055 0 1 0 -0.231055 0 0.972941  0 0 0 0 -0.0174915 0
8.09 17.0729 0 -0.286 0.972981 0 0.230886 0 1 0 -0.230886 0 0.972981  0 0 0 0 -0.0173522 0
8.1 17.0729 0 -0.286 0.973021 0 0.230718 0 1 0 -0.230718 0 0.973021  0 0 0 0 -0.0171464 0
8.11 17.0729 0 -0.286 0.97306 0 0.230552 0 1 0 -0.230552 0 0.97306  0 0 0 0 -0.0169964 0
8.12 17.0729 0 -0.286 0.973099 0 0.230387 0 1 0 -0.230387 0 0.973099  0 0 0 0 -0.0168077 0
8.13 17.0729 0 -0.286 0.973137 0 0.230225 0 1 0 -0.230225 0 0.973137  0 0 0 0 -0.0165958 0
8.14 17.0729 0 -0.286 0.973175 0 0.230065 0 1 0 -0.230065 0 0.973175  0 0 0 0 -0.0163631 0
8.15 17.0729 0 -0.286 0.973213 0 0.229906 0 1 0 -0.229906 0 0.973213  0 0 0 0 -0.0161875 0
8.16 17.0729 0 -0.286 0.97325 0 0.22975 0 1 0 -0.22975 0 0.97325  0 0 0 0 -0.0159245 0
8.17 17.0729 0 -0.286 0.973286 0 0.229596 0 1 0 -0.229596 0 0.973286  0 0 0 0 -0.0156796 0
8.18 17.0729 0 -0.286 0.973322 0 0.229445 0 1 0 -0.229445 0 0.973322  0 0 0 0 -0.0154441 0
8.19 17.0729 0 -0.286 0.973357 0 0.229296 0 1 0 -0.229296 0 0.973357  0 0 0 0 -0.0151277 0
8.2 17.0729 0 -0.286 0.973391 0 0.22915 0 1 0 -0.22915 0 0.973391  0 0 0 0 -0.0149164 0
8.21 17.0729 0 -0.286 0.973425 0 0.229006 0 1 0 -0.229006 0 0.973425  0 0 0 0 -0.014626 0
8.22 17.0729 0 -0.286 0.973458 0 0.228865 0 1 0 -0.228865 0 0.973458  0 0 0 0 -0.0143698 0
8.23 17.0729 0 -0.286 0.97349 0 0.228728 0 1 0 -0.228728 0 0.97349  0 0 0 0 -0.0138722 0
8.24 17.0729 0 -0.286 0.973522 0 0.228593 0 1 0 -0.228593 0 0.973522  0 0 0 0 -0.0137759 0
8.25 17.0729 0 -0.286 0.973553 0 0.228462 0 1 0 -0.228462 0 0.973553  0 0 0 0 -0.0132548 0
8.26 17.0729 0 -0.286 0.973583 0 0.228334 0 1 0 -0.228334 0 0.973583  0 0 0 0 -0.0129776 0
8.27 17.0729 0 -0.286 0.973612 0 0.228209 0 1 0 -0.228209 0 0.973612  0 0 0 0 -0.0126725 0
8.28 17.0729 0 -0.286 0.973641 0 0.228088 0 1 0 -0.228088 0 0.973641  0 0 0 0 -0.0122719 0
8.29 17.0729 0 -0.286 0.973668 0 0.22797 0 1 0 -0.22797 0 0.973668  0 0 0 0 -0.0119575 0
8.3 17.0729 0 -0.286 0.973695 0 0.227855 0 1 0 -0.227855 0 0.973695  0 0 0 0 -0.0115963 0
8.31 17.0729 0 -0.286 0.973721 0 0.227744 0 1 0 -0.227744 0 0.973721  0 0 0 0 -0.0112224 0
8.32 17.0729 0 -0.286 0.973746 0 0.227637 0 1 0 -0.227637 0 0.973746  0 0 0 0 -0.0108595 0
8.33 17.0729 0 -0.286 0.97377 0 0.227533 0 1 0 -0.227533 0 0.97377  0 0 0 0 -0.0104823 0
8.34 17.0729 0 -0.286 0.973794 0 0.227433 0 1 0 -0.227433 0 0.973794  0 0 0 0 -0.0100743 0
8.35 17.0729 0 -0.286 0.973816 0 0.227336 0 1 0 -0.227336 0 0.973816  0 0 0 0 -0.0097146 0
8.36 17.0729 0 -0.286 0.973838 0 0.227244 0 1 0 -0.227244 0 0.973838  0 0 0 0 -0.00930858 0
8.37 17.0729 0 -0.286 0.973859 0 0.227155 0 1 0 -0.227155 0 0.973859  0 0 0 0 -0.00890473 0
8.38 17.0729 0 -0.286 0.973878 0 0.227071 0 1 0 -0.227071 0 0.973878  0 0 0 0 -0.00843249 0
8.39 17.0729 0 -0.286 0.973897 0 0.22699 0 1 0 -0.22699 0 0.973897  0 0 0 0 -0.00810589 0
8.4 17.0729 0 -0.286 0.973915 0 0.226914 0 1 0 -0.226914 0 0.973915  0 0 0 0 -0.00764075 0
8.41 17.0729 0 -0.286 0.973932 0 0.226841 0 1 0 -0.226841 0 0.973932  0 0 0 0 -0.00722771 0
8.42 17.0729 0 -0.286 0.973948 0 0.226773 0 1 0 -0.226773 0 0.973948  0 0 0 0 -0.00682087 0
8.43 17.0729 0 -0.286 0.973963 0 0.226709 0 1 0 -0.226709 0 0.973963  0 0 0 0 -0.00637871 0
8.44 17.0729 0 -0.286 0.973977 0 0.226649 0 1 0 -0.226649 0 0.973977  0 0 0 0 -0.00595065 0
8.45 17.0729 0 -0.286 0.97399 0 0.226593 0 1 0 -0.226593 0 0.97399  0 0 0 0 -0.00551972 0
8.46 17.0729 0 -0.286 0.974002 0 0.226541 0 1 0 -0.226541 0 0.974002  0 0 0 0 -0.0050784 0
8.47 17.0729 0 -0.286 0.974013 0 0.226494 0 1 0 -0.226494 0 0.974013  0 0 0 0 -0.00463468 0
8.48 17.0729 0 -0.286 0.974023 0 0.226451 0 1 0 -0.226451 0 0.974023  0 0 0 0 -0.00418899 0
8.49 17.0729 0 -0.286 0.974032 0 0.226412 0 1 0 -0.226412 0 0.974032  0 0 0 0 -0.00373402 0
8.5 17.0729 0 -0.286 0.974039 0 0.226378 0 1 0 -0.226378 0 0.974039  0 0 0 0 -0.00328116 0
8.51 17.0729 0 -0.286 0.974046 0 0.226348 0 1 0 -0.226348 0 0.974046  0 0 0 0 -0.00282621 0
8.52 17.0729 0 -0.286 0.974052 0 0.226323 0 1 0 -0.226323 0 0.974052  0 0 0 0 -0.00236751 0
8.53 17.0729 0 -0.286 0.974057 0 0.226302 0 1 0 -0.226302 0 0.974057  0 0 0 0 -0.00190515 0
8.54 17.0729 0 -0.286 0.974061 0 0.226286 0 1 0 -0.226286 0 0.974061  0 0 0 0 -0.00144914 0
8.55 17.0729 0 -0.286 0.974064 0 0.226274 0 1 0 -0.226274 0 0.974064  0 0 0 0 -0.000979398 0
8.56 17.0729 0 -0.286 0.974065 0 0.226267 0 1 0 -0.226267 0 0.974065  0 0 0 0 -0.000513502 0
8.57 17.0729 0 -0.286 0.974066 0 0.226265 0 1 0 -0.226265 0 0.974066  0 0 0 0 4.97273e-05 0
8.58 17.0729 0 -0.286 0.974065 0 0.226267 0 1 0 -0.226267 0 0.974065  0 0 0 0 0.00046513 0
8.59 17.0729 0 -0.286 0.974064 0 0.226274 0 1 0 -0.226274 0 0.974064  0 0 0 0 0.000957879 0
8.6 17.0729 0 -0.286 0.974061 0 0.226285 0 1 0 -0.226285 0 0.974061  0 0 0 0 0.001377 0
8.61 17.0729 0 -0.286 0.974057 0 0.226301 0 1 0 -0.226301 0 0.974057  0 0 0 0 0.00187968 0
8.62 17.0729 0 -0.286 0.974053 0 0.226322 0 1 0 -0.226322 0 0.974053  0 0 0 0 0.00234444 0
8.63 17.0729 0 -0.286 0.974047 0 0.226347 0 1 0 -0.226347 0 0.974047  0 0 0 0 0.00281047 0
8.64 17.0729 0 -0.286 0.97404 0 0.226377 0 1 0 -0.226377 0 0.97404  0 0 0 0 0.00328736 0
8.65 17.0729 0 -0.286 0.974032 0 0.226411 0 1 0 -0.226411 0 0.974032  0 0 0 0 0.00375824 0
8.66 17.0729 0 -0.286 0.974023 0 0.22645 0 1 0 -0.22645 0 0.974023  0 0 0 0 0.00422718 0
8.67 17.0729 0 -0.286 0.974013 0 0.226493 0 1 0 -0.226493 0 0.974013  0 0 0 0 0.00469522 0
8.68 17.0729 0 -0.286 0.974002 0 0.226541 0 1 0 -0.226541 0 0.974002  0 0 0 0 0.00515694 0
8.69 17.0729 0 -0.286 0.973989 0 0.226594 0 1 0 -0.226594 0 0.973989  0 0 0 0 0.00562186 0
8.7 17.0729 0 -0.286 0.973976 0 0.226651 0 1 0 -0.226651 0 0.973976  0 0 0 0 0.00608386 0
8.71 17.0729 0 -0.286 0.973962 0 0.226712 0 1 0 -0.226712 0 0.973962  0 0 0 0 0.00654291 0
8.72 17.0729 0 -0.286 0.973946 0 0.226778 0 1 0 -0.226778 0 0.973946  0 0 0 0 0.006999 0
8.73 17.0729 0 -0.286 0.97393 0 0.226849 0 1 0 -0.226849 0 0.97393  0 0 0 0 0.00745287 0
8.74 17.0729 0 -0.286 0.973913 0 0.226923 0 1 0 -0.226923 0 0.973913  0 0 0 0 0.00790431 0
8.75 17.0729 0 -0.286 0.973894 0 0.227003 0 1 0 -0.227003 0 0.973894  0 0 0 0 0.00835482 0
8.76 17.0729 0 -0.286 0.973875 0 0.227086 0 1 0 -0.227086 0 0.973875  0 0 0 0 0.00879578 0
8.77 17.0729 0 -0.286 0.973854 0 0.227174 0 1 0 -0.227174 0 0.973854  0 0 0 0 0.00923606 0
8.78 17.0729 0 -0.286 0.973833 0 0.227266 0 1 0 -0.227266 0 0.973833  0 0 0 0 0.00967489 0
8.79 17.0729 0 -0.286 0.97381 0 0.227362 0 1 0 -0.227362 0 0.97381  0 0 0 0 0.0100902 0
8.8 17.0729 0 -0.286 0.973787 0 0.227463 0 1 0 -0.227463 0 0.973787  0 0 0 0 0.0105344 0
8.81 17.0729 0 -0.286 0.973762 0 0.227567 0 1 0 -0.227567 0 0.973762  0 0 0 0 0.0109547 0
8.82 17.0729 0 -0.286 0.973737 0 0.227676 0 1 0 -0.227676 0 0.973737  0 0 0 0 0.0113469 0
8.83 17.0729 0 -0.286 0.973711 0 0.227789 0 1 0 -0.227789 0 0.973711  0 0 0 0 0.011811 0
8.84 17.0729 0 -0.286 0.973683 0 0.227905 0 1 0 -0.227905 0 0.973683  0 0 0 0 0.0122013 0
8.85 17.0729 0 -0.286 0.973655 0 0.228026 0 1 0 -0.228026 0 0.973655  0 0 0 0 0.0126141 0
8.86 17.0729 0 -0.286 0.973626 0 0.228151 0 1 0 -0.228151 0 0.973626  0 0 0 0 0.013036 0
8.87 17.0729 0 -0.286 0.973596 0 0.22828 0 1 0 -0.22828 0 0.973596  0 0 0 0 0.0134304 0
8.88 17.0729 0 -0.286 0.973564 0 0.228413 0 1 0 -0.228413 0 0.973564  0 0 0 0 0.0138398 0
8.89 17.0729 0 -0.286 0.973532 0 0.228549 0 1 0 -0.228549 0 0.973532  0 0 0 0 0.0142239 0
8.9 17.0729 0 -0.286 0.973499 0 0.228689 0 1 0 -0.228689 0 0.973499  0 0 0 0 0.0146101 0
8.91 17.0729 0 -0.286 0.973466 0 0.228833 0 1 0 -0.228833 0 0.973466  0 0 0 0 0.014993 0
8.92 17.0729 0 -0.286 0.973431 0 0.22898 0 1 0 -0.22898 0 0.973431  0 0 0 0 0.0152172 0
8.93 17.0729 0 -0.286 0.973396 0 0.229131 0 1 0 -0.229131 0 0.973396  0 0 0 0 0.0157088 0
8.94 17.0729 0 -0.286 0.973359 0 0.229285 0 1 0 -0.229285 0 0.973359  0 0 0 0 0.0160132 0
8.95 17.0729 0 -0.286 0.973322 0 0.229443 0 1 0 -0.229443 0 0.973322  0 0 0 0 0.0163432 0
8.96 17.0729 0 -0.286 0.973284 0 0.229604 0 1 0 -0.229604 0 0.973284  0 0 0 0 0.0167132 0
8.97 17.0729 0 -0.286 0.973245 0 0.229768 0 1 0 -0.229768 0 0.973245  0 0 0 0 0.0170388 0
8.98 17.0729 0 -0.286 0.973206 0 0.229935 0 1 0 -0.229935 0 0.973206  0 0 0 0 0.0173468 0
8.99 17.0729 0 -0.286 0.973166 0 0.230106 0 1 0 -0.230106 0 0.973166  0 0 0 0 0.0176881 0
9 17.0729 0 -0.286 0.973125 0 0.230279 0 1 0 -0.230279 0 0.973125  0 0 0 0 0.0179855 0
9.01 17.0729 0 -0.286 0.973083 0 0.230456 0 1 0 -0.230456 0 0.973083  0 0 0 0 0.0183102 0
9.02 17.0729 0 -0.286 0.97304 0 0.230635 0 1 0 -0.230635 0 0.97304  0 0 0 0 0.0185905 0
9.03 17.0729 0 -0.286 0.972997 0 0.230818 0 1 0 -0.230818 0 0.972997  0 0 0 0 0.018898 0
9.04 17.0729 0 -0.286 0.972953 0 0.231003 0 1 0 -0.231003 0 0.972953  0 0 0 0 0.0191888 0
9.05 17.0729 0 -0.286 0.972908 0 0.231191 0 1 0 -0.231191 0 0.972908  0 0 0 0 0.0194966 0
9.06 17.0729 0 -0.286 0.972863 0 0.231382 0 1 0 -0.231382 0 0.972863  0 0 0 0 0.0197882 0
9.07 17.0729 0 -0.286 0.972817 0 0.231576 0 1 0 -0.231576 0 0.972817  0 0 0 0 0.0200238 0
9.08 17.0729 0 -0.286 0.97277 0 0.231772 0 1 0 -0.231772 0 0.97277  0 0 0 0 0.0202956 0
9.09 17.0729 0 -0.286 0.972723 0 0.231971 0 1 0 -0.231971 0 0.972723  0 0 0 0 0.0205458 0
9.1 17.0729 0 -0.286 0.972675 0 0.232171 0 1 0 -0.232171 0 0.972675  0 0 0 0 0.0207683 0
9.11 17.0729 0 -0.286 0.972626 0 0.232375 0 1 0 -0.232375 0 0.972626  0 0 0 0 0.0210846 0
9.12 17.0729 0 -0.286 0.972577 0 0.232581 0 1 0 -0.232581 0 0.972577  0 0 0 0 0.0212325 0
9.13 17.0729 0 -0.286 0.972527 0 0.232789 0 1 0 -0.232789 0 0.972527  0 0 0 0 0.0215007 0
9.14 17.0729 0 -0.286 0.972477 0 0.232998 0 1 0 -0.232998 0 0.972477  0 0 0 0 0.0216654 0
9.15 17.0729 0 -0.286 0.972427 0 0.233209 0 1 0 -0.233209 0 0.972427  0 0 0 0 0.0218094 0
9.16 17.0729 0 -0.286 0.972375 0 0.233423 0 1 0 -0.233423 0 0.972375  0 0 0 0 0.0220569 0
9.17 17.0729 0 -0.286 0.972324 0 0.233637 0 1 0 -0.233637 0 0.972324  0 0 0 0 0.0221362 0
9.18 17.0729 0 -0.286 0.972272 0 0.233854 0 1 0 -0.233854 0 0.972272  0 0 0 0 0.0223206 0
9.19 17.0729 0 -0.286 0.972219 0 0.234072 0 1 0 -0.234072 0 0.972219  0 0 0 0 0.0224932 0
9.2 17.0729 0 -0.286 0.972167 0 0.234291 0 1 0 -0.234291 0 0.972167  0 0 0 0 0.0226166 0
9.21 17.0729 0 -0.286 0.972113 0 0.234511 0 1 0 -0.234511 0 0.972113  0 0 0 0 0.0227648 0
9.22 17.0729 0 -0.286 0.97206 0 0.234733 0 1 0 -0.234733 0 0.97206  0 0 0 0 0.0229096 0
9.23 17.0729 0 -0.286 0.972006 0 0.234957 0 1 0 -0.234957 0 0.972006  0 0 0 0 0.0230327 0
9.24 17.0729 0 -0.286 0.971952 0 0.23518 0 1 0 -0.23518 0 0.971952  0 0 0 0 0.0230871 0
9.25 17.0729 0 -0.286 0.971897 0 0.235406 0 1 0 -0.235406 0 0.971897  0 0 0 0 0.0232133 0
9.26 17.0729 0 -0.286 0.971842 0 0.235631 0 1 0 -0.235631 0 0.971842  0 0 0 0 0.0232839 0
9.27 17.0729 0 -0.286 0.971787 0 0.235858 0 1 0 -0.235858 0 0.971787  0 0 0 0 0.0233651 0
9.28 17.0729 0 -0.286 0.971732 0 0.236086 0 1 0 -0.236086 0 0.971732  0 0 0 0 0.0234385 0
9.29 17.0729 0 -0.286 0.971677 0 0.236313 0 1 0 -0.236313 0 0.971677  0 0 0 0 0.0234848 0
9.3 17.0729 0 -0.286 0.971621 0 0.236542 0 1 0 -0.236542 0 0.971621  0 0 0 0 0.0235096 0
9.31 17.0729 0 -0.286 0.971566 0 0.23677 0 1 0 -0.23677 0 0.971566  0 0 0 0 0.0235316 0
9.32 17.0729 0 -0.286 0.97151 0 0.236999 0 1 0 -0.236999 0 0.97151  0 0 0 0 0.0235642 0
9.33 17.0729 0 -0.286 0.971454 0 0.237228 0 1 0 -0.237228 0 0.971454  0 0 0 0 0.0235537 0
9.34 17.0729 0 -0.286 0.971398 0 0.237457 0 1 0 -0.237457 0 0.971398  0 0 0 0 0.023568 0
9.35 17.0729 0 -0.286 0.971342 0 0.237685 0 1 0 -0.237685 0 0.971342  0 0 0 0 0.0235372 0
9.36 17.0729 0 -0.286 0.971286 0 0.237915 0 1 0 -0.237915 0 0.971286  0 0 0 0 0.0236279 0
9.37 17.0729 0 -0.286 0.97123 0 0.238143 0 1 0 -0.238143 0 0.97123  0 0 0 0 0.0235276 0
9.38 17.0729 0 -0.286 0.971174 0 0.238371 0 1 0 -0.238371 0 0.971174  0 0 0 0 0.0234604 0
9.39 17.0729 0 -0.286 0.971118 0 0.2386 0 1 0 -0.2386 0 0.971118  0 0 0 0 0.0234984 0
9.4 17.0729 0 -0.286 0.971062 0 0.238827 0 1 0 -0.238827 0 0.971062  0 0 0 0 0.0233898 0
9.41 17.0729 0 -0.286 0.971006 0 0.239054 0 1 0 -0.239054 0 0.971006  0 0 0 0 0.0233311 0
9.42 17.0729 0 -0.286 0.970951 0 0.23928 0 1 0 -0.23928 0 0.970951  0 0 0 0 0.0232667 0
9.43 17.0729 0 -0.286 0.970895 0 0.239505 0 1 0 -0.239505 0 0.970895  0 0 0 0 0.0231299 0
9.44 17.0729 0 -0.286 0.97084 0 0.239729 0 1 0 -0.239729 0 0.97084  0 0 0 0 0.0230344 0
9.45 17.0729 0 -0.286 0.970785 0 0.239953 0 1 0 -0.239953 0 0.970785  0 0 0 0 0.0229593 0
9.46 17.0729 0 -0.286 0.97073 0 0.240175 0 1 0 -0.240175 0 0.97073  0 0 0 0 0.0228092 0
9.47 17.0729 0 -0.286 0.970675 0 0.240395 0 1 0 -0.240395 0 0.970675  0 0 0 0 0.0226912 0
9.48 17.0729 0 -0.286 0.970621 0 0.240615 0 1 0 -0.240615 0 0.970621  0 0 0 0 0.0225519 0
9.49 17.0729 0 -0.286 0.970567 0 0.240833 0 1 0 -0.240833 0 0.970567  0 0 0 0 0.0224216 0
9.5 17.0729 0 -0.286 0.970513 0 0.24105 0 1 0 -0.24105 0 0.970513  0 0 0 0 0.0222465 0
9.51 17.0729 0 -0.286 0.970459 0 0.241265 0 1 0 -0.241265 0 0.970459  0 0 0 0 0.0220708 0
9.52 17.0729 0 -0.286 0.970406 0 0.241478 0 1 0 -0.241478 0 0.970406  0 0 0 0 0.0218826 0
9.53 17.0729 0 -0.286 0.970354 0 0.24169 0 1 0 -0.24169 0 0.970354  0 0 0 0 0.0216992 0
9.54 17.0729 0 -0.286 0.970301 0 0.2419 0 1 0 -0.2419 0 0.970301  0 0 0 0 0.0215757 0
9.55 17.0729 0 -0.286 0.97025 0 0.242107 0 1 0 -0.242107 0 0.97025  0 0 0 0 0.0212833 0
9.56 17.0729 0 -0.286 0.970198 0 0.242313 0 1 0 -0.242313 0 0.970198  0 0 0 0 0.0210973 0
9.57 17.0729 0 -0.286 0.970147 0 0.242517 0 1 0 -0.242517 0 0.970147  0 0 0 0 0.0208795 0
9.58 17.0729 0 -0.286 0.970097 0 0.242718 0 1 0 -0.242718 0 0.970097  0 0 0 0 0.0206476 0
9.59 17.0729 0 -0.286 0.970047 0 0.242917 0 1 0 -0.242917 0 0.970047  0 0 0 0 0.020372 0
9.6 17.0729 0 -0.286 0.969998 0 0.243113 0 1 0 -0.243113 0 0.969998  0 0 0 0 0.0201307 0
9.61 17.0729 0 -0.286 0.969949 0 0.243307 0 1 0 -0.243307 0 0.969949  0 0 0 0 0.0198591 0
9.62 17.0729 0 -0.286 0.969901 0 0.243498 0 1 0 -0.243498 0 0.969901  0 0 0 0 0.0195488 0
9.63 17.0729 0 -0.286 0.969854 0 0.243686 0 1 0 -0.243686 0 0.969854  0 0 0 0 0.0192531 0
9.64 17.0729 0 -0.286 0.969808 0 0.243871 0 1 0 -0.243871 0 0.969808  0 0 0 0 0.0189363 0
9.65 17.0729 0 -0.286 0.969762 0 0.244053 0 1 0 -0.244053 0 0.969762  0 0 0 0 0.0186127 0
9.66 17.0729 0 -0.286 0.969717 0 0.244232 0 1 0 -0.244232 0 0.969717  0 0 0 0 0.0182855 0
9.67 17.0729 0 -0.286 0.969673 0 0.244408 0 1 0 -0.244408 0 0.969673  0 0 0 0 0.0179433 0
9.68 17.0729 0 -0.286 0.969629 0 0.24458 0 1 0 -0.24458 0 0.969629  0 0 0 0 0.0175894 0
9.69 17.0729 0 -0.286 0.969587 0 0.244749 0 1 0 -0.244749 0 0.969587  0 0 0 0 0.0171858 0
9.7 17.0729 0 -0.286 0.969545 0 0.244914 0 1 0 -0.244914 0 0.969545  0 0 0 0 0.0168399 0
9.71 17.0729 0 -0.286 0.969504 0 0.245075 0 1 0 -0.245075 0 0.969504  0 0 0 0 0.0164976 0
9.72 17.0729 0 -0.286 0.969464 0 0.245233 0 1 0 -0.245233 0 0.969464  0 0 0 0 0.016073 0
9.73 17.0729 0 -0.286 0.969425 0 0.245387 0 1 0 -0.245387 0 0.969425  0 0 0 0 0.0156677 0
9.74 17.0729 0 -0.286 0.969387 0 0.245537 0 1 0 -0.245537 0 0.969387  0 0 0 0 0.015284 0
9.75 17.0729 0 -0.286 0.96935 0 0.245683 0 1 0 -0.245683 0 0.96935  0 0 0 0 0.0148545 0
9.76 17.0729 0 -0.286 0.969314 0 0.245825 0 1 0 -0.245825 0 0.969314  0 0 0 0 0.0144347 0
9.77 17.0729 0 -0.286 0.969279 0 0.245963 0 1 0 -0.245963 0 0.969279  0 0 0 0 0.0140001 0
9.78 17.0729 0 -0.286 0.969245 0 0.246096 0 1 0 -0.246096 0 0.969245  0 0 0 0 0.0135591 0
9.79 17.0729 0 -0.286 0.969213 0 0.246225 0 1 0 -0.246225 0 0.969213  0 0 0 0 0.0131081 0
9.8 17.0729 0 -0.286 0.969181 0 0.24635 0 1 0 -0.24635 0 0.969181  0 0 0 0 0.0126662 0
9.81 17.0729 0 -0.286 0.96915 0 0.24647 0 1 0 -0.24647 0 0.96915  0 0 0 0 0.0121755 0
9.82 17.0729 0 -0.286 0.969121 0 0.246586 0 1 0 -0.246586 0 0.969121  0 0 0 0 0.0117188 0
9.83 17.0729 0 -0.286 0.969093 0 0.246697 0 1 0 -0.246697 0 0.969093  0 0 0 0 0.0112462 0
9.84 17.0729 0 -0.286 0.969065 0 0.246804 0 1 0 -0.246804 0 0.969065  0 0 0 0 0.0107673 0
9.85 17.0729 0 -0.286 0.969039 0 0.246906 0 1 0 -0.246906 0 0.969039  0 0 0 0 0.0102814 0
9.86 17.0729 0 -0.286 0.969015 0 0.247003 0 1 0 -0.247003 0 0.969015  0 0 0 0 0.00978221 0
9.87 17.0729 0 -0.286 0.968991 0 0.247095 0 1 0 -0.247095 0 0.968991  0 0 0 0 0.00926834 0
9.88 17.0729 0 -0.286 0.968969 0 0.247183 0 1 0 -0.247183 0 0.968969  0 0 0 0 0.0087595 0
9.89 17.0729 0 -0.286 0.968948 0 0.247265 0 1 0 -0.247265 0 0.968948  0 0 0 0 0.0082393 0
9.9 17.0729 0 -0.286 0.968928 0 0.247342 0 1 0 -0.247342 0 0.968928  0 0 0 0 0.00770884 0
9.91 17.0729 0 -0.286 0.96891 0 0.247415 0 1 0 -0.247415 0 0.96891  0 0 0 0 0.00718132 0
9.92 17.0729 0 -0.286 0.968893 0 0.247481 0 1 0 -0.247481 0 0.968893  0 0 0 0 0.00661805 0
9.93 17.0729 0 -0.286 0.968877 0 0.247543 0 1 0 -0.247543 0 0.968877  0 0 0 0 0.00608915 0
9.94 17.0729 0 -0.286 0.968863 0 0.247599 0 1 0 -0.247599 0 0.968863  0 0 0 0 0.00552966 0
9.95 17.0729 0 -0.286 0.96885 0 0.24765 0 1 0 -0.24765 0 0.96885  0 0 0 0 0.00496024 0
9.96 17.0729 0 -0.286 0.968838 0 0.247695 0 1 0 -0.247695 0 0.968838  0 0 0 0 0.00440656 0
9.97 17.0729 0 -0.286 0.968828 0 0.247735 0 1 0 -0.247735 0 0.968828  0 0 0 0 0.00383411 0
9.98 17.0729 0 -0.286 0.968819 0 0.247769 0 1 0 -0.247769 0 0.968819  0 0 0 0 0.00326008 0
9.99 17.0729 0 -0.286 0.968812 0 0.247798 0 1 0 -0.247798 0 0.968812  0 0 0 0 0.0026799 0
10 17.0729 0 -0.286 0.968806 0 0.247821 0 1 0 -0.247821 0 0.968806  0 0 0 0 0.00210175 0
10.01 17.0729 0 -0.286 0.968801 0 0.247839 0 1 0 -0.247839 0 0.968801  0 0 0 0 0.00151462 0
10.02 17.0729 0 -0.286 0.968798 0 0.247851 0 1 0 -0.247851 0 0.968798  0 0 0 0 0.000926083 0
10.03 17.0729 0 -0.286 0.968797 0 0.247857 0 1 0 -0.247857 0 0.968797  0 0 0 0 0.000333666 0
10.04 17.0729 0 -0.286 0.968797 0 0.247857 0 1 0 -0.247857 0 0.968797  0 0 0 0 -0.000261675 0
10.05 17.0729 0 -0.286 0.968798 0 0.247852 0 1 0 -0.247852 0 0.968798  0 0 0 0 -0.000859699 0
10.06 17.0729 0 -0.286 0.968801 0 0.24784 0 1 0 -0.24784 0 0.968801  0 0 0 0 -0.0014601 0
10.07 17.0729 0 -0.286 0.968805 0 0.247823 0 1 0 -0.247823 0 0.968805  0 0 0 0 -0.00206254 0
10.08 17.0729 0 -0.286 0.968811 0 0.2478 0 1 0 -0.2478 0 0.968811  0 0 0 0 -0.00266788 0
10.09 17.0729 0 -0.286 0.968818 0 0.247772 0 1 0 -0.247772 0 0.968818  0 0 0 0 -0.00327435 0
10.1 17.0729 0 -0.286 0.968827 0 0.247737 0 1 0 -0.247737 0 0.968827  0 0 0 0 -0.0038815 0
10.11 17.0729 0 -0.286 0.968838 0 0.247696 0 1 0 -0.247696 0 0.968838  0 0 0 0 -0.00448613 0
10.12 17.0729 0 -0.286 0.96885 0 0.24765 0 1 0 -0.24765 0 0.96885  0 0 0 0 -0.00510168 0
10.13 17.0729 0 -0.286 0.968863 0 0.247598 0 1 0 -0.247598 0 0.968863  0 0 0 0 -0.00570956 0
10.14 17.0729 0 -0.286 0.968878 0 0.247539 0 1 0 -0.247539 0 0.968878  0 0 0 0 -0.00632033 0
10.15 17.0729 0 -0.286 0.968894 0 0.247475 0 1 0 -0.247475 0 0.968894  0 0 0 0 -0.00692681 0
10.16 17.0729 0 -0.286 0.968912 0 0.247405 0 1 0 -0.247405 0 0.968912  0 0 0 0 -0.00754005 0
10.17 17.0729 0 -0.286 0.968932 0 0.247329 0 1 0 -0.247329 0 0.968932  0 0 0 0 -0.00814975 0
10.18 17.0729 0 -0.286 0.968952 0 0.247248 0 1 0 -0.247248 0 0.968952  0 0 0 0 -0.00859399 0
10.19 17.0729 0 -0.286 0.968975 0 0.24716 0 1 0 -0.24716 0 0.968975  0 0 0 0 -0.00937908 0
10.2 17.0729 0 -0.286 0.968998 0 0.247067 0 1 0 -0.247067 0 0.968998  0 0 0 0 -0.00991469 0
10.21 17.0729 0 -0.286 0.969023 0 0.246969 0 1 0 -0.246969 0 0.969023  0 0 0 0 -0.0104916 0
10.22 17.0729 0 -0.286 0.96905 0 0.246864 0 1 0 -0.246864 0 0.96905  0 0 0 0 -0.0111447 0
10.23 17.0729 0 -0.286 0.969078 0 0.246753 0 1 0 -0.246753 0 0.969078  0 0 0 0 -0.011725 0
10.24 17.0729 0 -0.286 0.969108 0 0.246636 0 1 0 -0.246636 0 0.969108  0 0 0 0 -0.0123161 0
10.25 17.0729 0 -0.286 0.969139 0 0.246514 0 1 0 -0.246514 0 0.969139  0 0 0 0 -0.0129224 0
10.26 17.0729 0 -0.286 0.969172 0 0.246386 0 1 0 -0.246386 0 0.969172  0 0 0 0 -0.0135224 0
10.27 17.0729 0 -0.286 0.969206 0 0.246252 0 1 0 -0.246252 0 0.969206  0 0 0 0 -0.0140934 0
10.28 17.0729 0 -0.286 0.969241 0 0.246113 0 1 0 -0.246113 0 0.969241  0 0 0 0 -0.0146864 0
10.29 17.0729 0 -0.286 0.969278 0 0.245968 0 1 0 -0.245968 0 0.969278  0 0 0 0 -0.0152598 0
10.3 17.0729 0 -0.286 0.969316 0 0.245817 0 1 0 -0.245817 0 0.969316  0 0 0 0 -0.0158368 0
10.31 17.0729 0 -0.286 0.969356 0 0.245661 0 1 0 -0.245661 0 0.969356  0 0 0 0 -0.0164184 0
10.32 17.0729 0 -0.286 0.969397 0 0.245499 0 1 0 -0.245499 0 0.969397  0 0 0 0 -0.0169672 0
10.33 17.0729 0 -0.286 0.969439 0 0.245332 0 1 0 -0.245332 0 0.969439  0 0 0 0 -0.0175326 0
10.34 17.0729 0 -0.286 0.969483 0 0.245159 0 1 0 -0.245159 0 0.969483  0 0 0 0 -0.0180881 0
10.35 17.0729 0 -0.286 0.969528 0 0.244981 0 1 0 -0.244981 0 0.969528  0 0 0 0 -0.0186252 0
10.36 17.0729 0 -0.286 0.969574 0 0.244798 0 1 0 -0.244798 0 0.969574  0 0 0 0 -0.0191561 0
10.37 17.0729 0 -0.286 0.969622 0 0.244609 0 1 0 -0.244609 0 0.969622  0 0 0 0 -0.0197115 0
10.38 17.0729 0 -0.286 0.96967 0 0.244416 0 1 0 -0.244416 0 0.96967  0 0 0 0 -0.0202037 0
10.39 17.0729 0 -0.286 0.96972 0 0.244218 0 1 0 -0.244218 0 0.96972  0 0 0 0 -0.0206536 0
10.4 17.0729 0 -0.286 0.969772 0 0.244015 0 1 0 -0.244015 0 0.969772  0 0 0 0 -0.0212553 0
10.41 17.0729 0 -0.286 0.969824 0 0.243806 0 1 0 -0.243806 0 0.969824  0 0 0 0 -0.0217342 0
10.42 17.0729 0 -0.286 0.969877 0 0.243593 0 1 0 -0.243593 0 0.969877  0 0 0 0 -0.0222124 0
10.43 17.0729 0 -0.286 0.969932 0 0.243376 0 1 0 -0.243376 0 0.969932  0 0 0 -0 -0.022672 0
10.44 17.0729 0 -0.286 0.969988 0 0.243153 0 1 0 -0.243153 0 0.969988  0 0 0 -0 -0.0231857 0
10.45 17.0729 0 -0.286 0.970045 0 0.242927 0 1 0 -0.242927 0 0.970045  0 0 0 -0 -0.0235907 0
10.46 17.0729 0 -0.286 0.970103 0 0.242695 0 1 0 -0.242695 0 0.970103  0 0 0 -0 -0.0240795 0
10.47 17.0729 0 -0.286 0.970162 0 0.242459 0 1 0 -0.242459 0 0.970162  0 0 0 -0 -0.0245429 0
10.48 17.0729 0 -0.286 0.970222 0 0.242219 0 1 0 -0.242219 0 0.970222  0 0 0 0 -0.0249758 0
10.49 17.0729 0 -0.286 0.970283 0 0.241975 0 1 0 -0.241975 0 0.970283  0 0 0 0 -0.0254134 0
10.5 17.0729 0 -0.286 0.970345 0 0.241726 0 1 0 -0.241726 0 0.970345  0 0 0 -0 -0.0258442 0
10.51 17.0729 0 -0.286 0.970407 0 0.241473 0 1 0 -0.241473 0 0.970407  0 0 0 -0 -0.0262671 0
10.52 17.0729 0 -0.286 0.970471 0 0.241217 0 1 0 -0.241217 0 0.970471  0 0 0 -0 -0.0265549 0
10.53 17.0729 0 -0.286 0.970536 0 0.240957 0 1 0 -0.240957 0 0.970536  0 0 0 -0 -0.0270739 0
10.54 17.0729 0 -0.286 0.970601 0 0.240693 0 1 0 -0.240693 0 0.970601  0 0 0 -0 -0.0274039 0
10.55 17.0729 0 -0.286 0.970668 0 0.240425 0 1 0 -0.240425 0 0.970668  0 0 0 -0 -0.0277766 0
10.56 17.0729 0 -0.286 0.970735 0 0.240153 0 1 0 -0.240153 0 0.970735  0 0 0 -0 -0.028148 0
10.57 17.0729 0 -0.286 0.970803 0 0.239879 0 1 0 -0.239879 0 0.970803  0 0 0 -0 -0.0284692 0
10.58 17.0729 0 -0.286 0.970872 0 0.2396 0 1 0 -0.2396 0 0.970872  0 0 0 -0 -0.0288543 0
10.59 17.0729 0 -0.286 0.970941 0 0.239319 0 1 0 -0.239319 0 0.970941  0 0 0 0 -0.029156 0
10.6 17.0729 0 -0.286 0.971011 0 0.239034 0 1 0 -0.239034 0 0.971011  0 0 0 -0 -0.0294736 0
10.61 17.0729 0 -0.286 0.971082 0 0.238747 0 1 0 -0.238747 0 0.971082  0 0 0 -0 -0.0297469 0
10.62 17.0729 0 -0.286 0.971153 0 0.238456 0 1 0 -0.238456 0 0.971153  0 0 0 -0 -0.0300879 0
10.63 17.0729 0 -0.286 0.971225 0 0.238163 0 1 0 -0.238163 0 0.971225  0 0 0 -0 -0.030334 0
10.64 17.0729 0 -0.286 0.971298 0 0.237867 0 1 0 -0.237867 0 0.971298  0 0 0 -0 -0.0306149 0
10.65 17.0729 0 -0.286 0.971371 0 0.237569 0 1 0 -0.237569 0 0.971371  0 0 0 0 -0.0307811 0
10.66 17.0729 0 -0.286 0.971444 0 0.237268 0 1 0 -0.237268 0 0.971444  0 0 0 -0 -0.031109 0
10.67 17.0729 0 -0.286 0.971518 0 0.236966 0 1 0 -0.236966 0 0.971518  0 0 0 -0 -0.0311344 0
10.68 17.0729 0 -0.286 0.971592 0 0.236661 0 1 0 -0.236661 0 0.971592  0 0 0 -0 -0.0314843 0
10.69 17.0729 0 -0.286 0.971667 0 0.236355 0 1 0 -0.236355 0 0.971667  0 0 0 -0 -0.0316796 0
10.7 17.0729 0 -0.286 0.971742 0 0.236047 0 1 0 -0.236047 0 0.971742  0 0 0 0 -0.0317805 0
10.71 17.0729 0 -0.286 0.971817 0 0.235737 0 1 0 -0.235737 0 0.971817  0 0 0 -0 -0.0319787 0
10.72 17.0729 0 -0.286 0.971893 0 0.235425 0 1 0 -0.235425 0 0.971893  0 0 0 -0 -0.0321834 0
10.73 17.0729 0 -0.286 0.971968 0 0.235112 0 1 0 -0.235112 0 0.971968  0 0 0 0 -0.0323025 0
10.74 17.0729 0 -0.286 0.972044 0 0.234798 0 1 0 -0.234798 0 0.972044  0 0 0 -0 -0.0323347 0
10.75 17.0729 0 -0.286 0.97212 0 0.234483 0 1 0 -0.234483 0 0.97212  0 0 0 -0 -0.0325224 0
10.76 17.0729 0 -0.286 0.972197 0 0.234166 0 1 0 -0.234166 0 0.972197  0 0 0 0 -0.0326263 0
10.77 17.0729 0 -0.286 0.972273 0 0.233849 0 1 0 -0.233849 0 0.972273  0 0 0 -0 -0.0326773 0
10.78 17.0729 0 -0.286 0.972349 0 0.233531 0 1 0 -0.233531 0 0.972349  0 0 0 0 -0.0327322 0
10.79 17.0729 0 -0.286 0.972426 0 0.233213 0 1 0 -0.233213 0 0.972426  0 0 0 -0 -0.0327222 0
10.8 17.0729 0 -0.286 0.972502 0 0.232895 0 1 0 -0.232895 0 0.972502  0 0 0 -0 -0.032733 0
10.81 17.0729 0 -0.286 0.972578 0 0.232576 0 1 0 -0.232576 0 0.972578  0 0 0 -0 -0.0327993 0
10.82 17.0729 0 -0.286 0.972654 0 0.232258 0 1 0 -0.232258 0 0.972654  0 0 0 -0 -0.0326627 0
10.83 17.0729 0 -0.286 0.97273 0 0.231939 0 1 0 -0.231939 0 0.97273  0 0 0 0 -0.0327936 0
10.84 17.0729 0 -0.286 0.972806 0 0.231621 0 1 0 -0.231621 0 0.972806  0 0 0 -0 -0.032695 0
10.85 17.0729 0 -0.286 0.972881 0 0.231306 0 1 0 -0.231306 0 0.972881  0 0 0 -0 -0.0323374 0
10.86 17.0729 0 -0.286 0.972956 0 0.23099 0 1 0 -0.23099 0 0.972956  0 0 0 -0 -0.0324031 0
10.87 17.0729 0 -0.286 0.973031 0 0.230676 0 1 0 -0.230676 0 0.973031  0 0 0 -0 -0.0322504 0
10.88 17.0729 0 -0.286 0.973105 0 0.230363 0 1 0 -0.230363 0 0.973105  0 0 0 -0 -0.0320263 0
10.89 17.0729 0 -0.286 0.973178 0 0.230052 0 1 0 -0.230052 0 0.973178  0 0 0 -0 -0.0319062 0
10.9 17.0729 0 -0.286 0.973252 0 0.229742 0 1 0 -0.229742 0 0.973252  0 0 0 -0 -0.0317868 0
10.91 17.0729 0 -0.286 0.973324 0 0.229434 0 1 0 -0.229434 0 0.973324  0 0 0 0 -0.0315122 0
10.92 17.0729 0 -0.286 0.973396 0 0.229128 0 1 0 -0.229128 0 0.973396  0 0 0 -0 -0.0313335 0
10.93 17.0729 0 -0.286 0.973468 0 0.228824 0 1 0 -0.228824 0 0.973468  0 0 0 -0 -0.0311656 0
10.94 17.0729 0 -0.286 0.973538 0 0.228524 0 1 0 -0.228524 0 0.973538  0 0 0 0 -0.0307403 0
10.95 17.0729 0 -0.286 0.973609 0 0.228225 0 1 0 -0.228225 0 0.973609  0 0 0 -0 -0.0305603 0
10.96 17.0729 0 -0.286 0.973678 0 0.227929 0 1 0 -0.227929 0 0.973678  0 0 0 -0 -0.0302881 0
10.97 17.0729 0 -0.286 0.973747 0 0.227635 0 1 0 -0.227635 0 0.973747  0 0 0 0 -0.0300343 0
10.98 17.0729 0 -0.286 0.973815 0 0.227344 0 1 0 -0.227344 0 0.973815  0 0 0 0 -0.0297532 0
10.99 17.0729 0 -0.286 0.973882 0 0.227056 0 1 0 -0.227056 0 0.973882  0 0 0 0 -0.0293749 0
11 17.0729 0 -0.286 0.973948 0 0.226771 0 1 0 -0.226771 0 0.973948  0 0 0 0 -0.0290925 0
11.01 17.0729 0 -0.286 0.974014 0 0.226489 0 1 0 -0.226489 0 0.974014  0 0 0 0 -0.0288163 0
11.02 17.0729 0 -0.286 0.974078 0 0.226211 0 1 0 -0.226211 0 0.974078  0 0 0 -0 -0.028406 0
11.03 17.0729 0 -0.286 0.974142 0 0.225936 0 1 0 -0.225936 0 0.974142  0 0 0 -0 -0.0280612 0
11.04 17.0729 0 -0.286 0.974205 0 0.225664 0 1 0 -0.225664 0 0.974205  0 0 0 -0 -0.0277399 0
11.05 17.0729 0 -0.286 0.974267 0 0.225396 0 1 0 -0.225396 0 0.974267  0 0 0 0 -0.0273307 0
11.06 17.0729 0 -0.286 0.974328 0 0.225132 0 1 0 -0.225132 0 0.974328  0 0 0 -0 -0.0269545 0
11.07 17.0729 0 -0.286 0.974389 0 0.224871 0 1 0 -0.224871 0 0.974389  0 0 0 -0 -0.0265465 0
11.08 17.0729 0 -0.286 0.974448 0 0.224615 0 1 0 -0.224615 0 0.974448  0 0 0 -0 -0.026136 0
11.09 17.0729 0 -0.286 0.974506 0 0.224362 0 1 0 -0.224362 0 0.974506  0 0 0 0 -0.0256927 0
11.1 17.0729 0 -0.286 0.974563 0 0.224114 0 1 0 -0.224114 0 0.974563  0 0 0 0 -0.0252867 0
11.11 17.0729 0 -0.286 0.974619 0 0.22387 0 1 0 -0.22387 0 0.974619  0 0 0 0 -0.0248215 0
11.12 17.0729 0 -0.286 0.974674 0 0.22363 0 1 0 -0.22363 0 0.974674  0 0 0 0 -0.024399 0
11.13 17.0729 0 -0.286 0.974728 0 0.223394 0 1 0 -0.223394 0 0.974728  0 0 0 0 -0.0239874 0
11.14 17.0729 0 -0.286 0.974781 0 0.223163 0 1 0 -0.223163 0 0.974781  0 0 0 0 -0.0234707 0
11.15 17.0729 0 -0.286 0.974833 0 0.222937 0 1 0 -0.222937 0 0.974833  0 0 0 0 -0.0230037 0
11.16 17.0729 0 -0.286 0.974884 0 0.222715 0 1 0 -0.222715 0 0.974884  0 0 0 0 -0.0225178 0
11.17 17.0729 0 -0.286 0.974933 0 0.222498 0 1 0 -0.222498 0 0.974933  0 0 0 0 -0.0220012 0
11.18 17.0729 0 -0.286 0.974982 0 0.222286 0 1 0 -0.222286 0 0.974982  0 0 0 0 -0.0215288 0
11.19 17.0729 0 -0.286 0.975029 0 0.222079 0 1 0 -0.222079 0 0.975029  0 0 0 0 -0.0209736 0
11.2 17.0729 0 -0.286 0.975075 0 0.221877 0 1 0 -0.221877 0 0.975075  0 0 0 0 -0.0203701 0
11.21 17.0729 0 -0.286 0.975119 0 0.221682 0 1 0 -0.221682 0 0.975119  0 0 0 -0 -0.0197404 0
11.22 17.0729 0 -0.286 0.975162 0 0.221491 0 1 0 -0.221491 0 0.975162  0 0 0 0 -0.019286 0
11.23 17.0729 0 -0.286 0.975204 0 0.221307 0 1 0 -0.221307 0 0.975204  0 0 0 0 -0.0186583 0
11.24 17.0729 0 -0.286 0.975245 0 0.221128 0 1 0 -0.221128 0 0.975245  0 0 0 0 -0.0181002 0
11.25 17.0729 0 -0.286 0.975284 0 0.220954 0 1 0 -0.220954 0 0.975284  0 0 0 0 -0.0175256 0
11.26 17.0729 0 -0.286 0.975322 0 0.220786 0 1 0 -0.220786 0 0.975322  0 0 0 0 -0.01689 0
11.27 17.0729 0 -0.286 0.975359 0 0.220624 0 1 0 -0.220624 0 0.975359  0 0 0 0 -0.016333 0
11.28 17.0729 0 -0.286 0.975394 0 0.220468 0 1 0 -0.220468 0 0.975394  0 0 0 0 -0.0157448 0
11.29 17.0729 0 -0.286 0.975428 0 0.220317 0 1 0 -0.220317 0 0.975428  0 0 0 0 -0.0151478 0
11.3 17.0729 0 -0.286 0.975461 0 0.220173 0 1 0 -0.220173 0 0.975461  0 0 0 0 -0.0145157 0
11.31 17.0729 0 -0.286 0.975492 0 0.220034 0 1 0 -0.220034 0 0.975492  0 0 0 0 -0.0139208 0
11.32 17.0729 0 -0.286 0.975522 0 0.219901 0 1 0 -0.219901 0 0.975522  0 0 0 0 -0.0133041 0
11.33 17.0729 0 -0.286 0.975551 0 0.219775 0 1 0 -0.219775 0 0.975551  0 0 0 0 -0.0126595 0
11.34 17.0729 0 -0.286 0.975577 0 0.219659 0 1 0 -0.219659 0 0.975577  0 0 0 0 -0.0114311 0
11.35 17.0729 0 -0.286 0.975603 0 0.219544 0 1 0 -0.219544 0 0.975603  0 0 0 0 -0.0114404 0
11.36 17.0729 0 -0.286 0.975626 0 0.219439 0 1 0 -0.219439 0 0.975626  0 0 0 0 -0.0105419 0
11.37 17.0729 0 -0.286 0.975649 0 0.219339 0 1 0 -0.219339 0 0.975649  0 0 0 0 -0.00984271 0
11.38 17.0729 0 -0.286 0.97567 0 0.219245 0 1 0 -0.219245 0 0.97567  0 0 0 0 -0.00935489 0
11.39 17.0729 0 -0.286 0.975689 0 0.219158 0 1 0 -0.219158 0 0.975689  0 0 0 0 -0.00862753 0
11.4 17.0729 0 -0.286 0.975708 0 0.219077 0 1 0 -0.219077 0 0.975708  0 0 0 0 -0.00797059 0
11.41 17.0729 0 -0.286 0.975724 0 0.219002 0 1 0 -0.219002 0 0.975724  0 0 0 0 -0.00735257 0
11.42 17.0729 0 -0.286 0.97574 0 0.218933 0 1 0 -0.218933 0 0.97574  0 0 0 0 -0.00667292 0
11.43 17.0729 0 -0.286 0.975754 0 0.218872 0 1 0 -0.218872 0 0.975754  0 0 0 0 -0.00600361 0
11.44 17.0729 0 -0.286 0.975766 0 0.218816 0 1 0 -0.218816 0 0.975766  0 0 0 0 -0.0053413 0
11.45 17.0729 0 -0.286 0.975777 0 0.218767 0 1 0 -0.218767 0 0.975777  0 0 0 0 -0.00466995 0
11.46 17.0729 0 -0.286 0.975787 0 0.218725 0 1 0 -0.218725 0 0.975787  0 0 0 0 -0.00399677 0
11.47 17.0729 0 -0.286 0.975795 0 0.218689 0 1 0 -0.218689 0 0.975795  0 0 0 0 -0.00332651 0
11.48 17.0729 0 -0.286 0.975801 0 0.21866 0 1 0 -0.21866 0 0.975801  0 0 0 0 -0.00265489 0
11.49 17.0729 0 -0.286 0.975806 0 0.218638 0 1 0 -0.218638 0 0.975806  0 0 0 0 -0.00198584 0
11.5 17.0729 0 -0.286 0.97581 0 0.218621 0 1 0 -0.218621 0 0.97581  0 0 0 0 -0.00131865 0
11.51 17.0729 0 -0.286 0.975812 0 0.218612 0 1 0 -0.218612 0 0.975812  0 0 0 0 -0.000655722 0
11.52 17.0729 0 -0.286 0.975813 0 0.218609 0 1 0 -0.218609 0 0.975813  0 0 0 0 1.09029e-05 0
11.53 17.0729 0 -0.286 0.975812 0 0.218612 0 1 0 -0.218612 0 0.975812  0 0 0 0 0.000680739 0
11.54 17.0729 0 -0.286 0.97581 0 0.218622 0 1 0 -0.218622 0 0.97581  0 0 0 0 0.00135019 0
11.55 17.0729 0 -0.286 0.975806 0 0.218638 0 1 0 -0.218638 0 0.975806  0 0 0 0 0.00202068 0
11.56 17.0729 0 -0.286 0.975801 0 0.218661 0 1 0 -0.218661 0 0.975801  0 0 0 0 0.00269172 0
11.57 17.0729 0 -0.286 0.975794 0 0.218691 0 1 0 -0.218691 0 0.975794  0 0 0 0 0.00335608 0
11.58 17.0729 0 -0.286 0.975786 0 0.218727 0 1 0 -0.218727 0 0.975786  0 0 0 0 0.00401958 0
11.59 17.0729 0 -0.286 0.975777 0 0.218769 0 1 0 -0.218769 0 0.975777  0 0 0 0 0.00469117 0
11.6 17.0729 0 -0.286 0.975766 0 0.218818 0 1 0 -0.218818 0 0.975766  0 0 0 0 0.00535353 0
11.61 17.0729 0 -0.286 0.975753 0 0.218874 0 1 0 -0.218874 0 0.975753  0 0 0 0 0.00601879 0
11.62 17.0729 0 -0.286 0.975739 0 0.218936 0 1 0 -0.218936 0 0.975739  0 0 0 0 0.0066862 0
11.63 17.0729 0 -0.286 0.975724 0 0.219004 0 1 0 -0.219004 0 0.975724  0 0 0 0 0.00734331 0
11.64 17.0729 0 -0.286 0.975707 0 0.21908 0 1 0 -0.21908 0 0.975707  0 0 0 0 0.00806584 0
11.65 17.0729 0 -0.286 0.975689 0 0.219161 0 1 0 -0.219161 0 0.975689  0 0 0 0 0.00867572 0
11.66 17.0729 0 -0.286 0.975669 0 0.219249 0 1 0 -0.219249 0 0.975669  0 0 0 0 0.00935164 0
11.67 17.0729 0 -0.286 0.975648 0 0.219343 0 1 0 -0.219343 0 0.975648  0 0 0 0 0.010013 0
11.68 17.0729 0 -0.286 0.975625 0 0.219444 0 1 0 -0.219444 0 0.975625  0 0 0 0 0.0106652 0
11.69 17.0729 0 -0.286 0.975601 0 0.219551 0 1 0 -0.219551 0 0.975601  0 0 0 0 0.0113008 0
11.7 17.0729 0 -0.286 0.975575 0 0.219665 0 1 0 -0.219665 0 0.975575  0 0 0 0 0.0119405 0
11.71 17.0729 0 -0.286 0.975548 0 0.219784 0 1 0 -0.219784 0 0.975548  0 0 0 0 0.0125729 0
11.72 17.0729 0 -0.286 0.97552 0 0.21991 0 1 0 -0.21991 0 0.97552  0 0 0 0 0.013196 0
11.73 17.0729 0 -0.286 0.975491 0 0.22004 0 1 0 -0.22004 0 0.975491  0 0 0 0 0.0136257 0
11.74 17.0729 0 -0.286 0.97546 0 0.220178 0 1 0 -0.220178 0 0.97546  0 0 0 0 0.0144198 0
11.75 17.0729 0 -0.286 0.975428 0 0.220321 0 1 0 -0.220321 0 0.975428  0 0 0 0 0.0149552 0
11.76 17.0729 0 -0.286 0.975394 0 0.220469 0 1 0 -0.220469 0 0.975394  0 0 0 0 0.0155212 0
11.77 17.0729 0 -0.286 0.975359 0 0.220624 0 1 0 -0.220624 0 0.975359  0 0 0 0 0.0161805 0
11.78 17.0729 0 -0.286 0.975323 0 0.220784 0 1 0 -0.220784 0 0.975323  0 0 0 0 0.0167327 0
11.79 17.0729 0 -0.286 0.975285 0 0.22095 0 1 0 -0.22095 0 0.975285  0 0 0 0 0.0173051 0
11.8 17.0729 0 -0.286 0.975246 0 0.221122 0 1 0 -0.221122 0 0.975246  0 0 0 0 0.0178953 0
11.81 17.0729 0 -0.286 0.975206 0 0.221299 0 1 0 -0.221299 0 0.975206  0 0 0 0 0.0184664 0
11.82 17.0729 0 -0.286 0.975164 0 0.221482 0 1 0 -0.221482 0 0.975164  0 0 0 0 0.0190144 0
11.83 17.0729 0 -0.286 0.975122 0 0.22167 0 1 0 -0.22167 0 0.975122  0 0 0 0 0.0195571 0
11.84 17.0729 0 -0.286 0.975078 0 0.221863 0 1 0 -0.221863 0 0.975078  0 0 0 0 0.0201041 0
11.85 17.0729 0 -0.286 0.975033 0 0.222062 0 1 0 -0.222062 0 0.975033  0 0 0 0 0.0206172 0
11.86 17.0729 0 -0.286 0.974986 0 0.222264 0 1 0 -0.222264 0 0.974986  0 0 0 0 0.0210112 0
11.87 17.0729 0 -0.286 0.974939 0 0.222473 0 1 0 -0.222473 0 0.974939  0 0 0 0 0.0216166 0
11.88 17.0729 0 -0.286 0.97489 0 0.222685 0 1 0 -0.222685 0 0.97489  0 0 0 0 0.0220795 0
11.89 17.0729 0 -0.286 0.974841 0 0.222903 0 1 0 -0.222903 0 0.974841  0 0 0 0 0.0225534 0
11.9 17.0729 0 -0.286 0.97479 0 0.223125 0 1 0 -0.223125 0 0.97479  0 0 0 0 0.0230436 0
11.91 17.0729 0 -0.286 0.974738 0 0.223352 0 1 0 -0.223352 0 0.974738  0 0 0 0 0.023516 0
11.92 17.0729 0 -0.286 0.974685 0 0.223583 0 1 0 -0.223583 0 0.974685  0 0 0 0 0.0239594 0
11.93 17.0729 0 -0.286 0.974631 0 0.223819 0 1 0 -0.223819 0 0.974631  0 0 0 0 0.0244216 0
11.94 17.0729 0 -0.286 0.974575 0 0.224059 0 1 0 -0.224059 0 0.974575  0 0 0 0 0.0248977 0
11.95 17.0729 0 -0.286 0.974519 0 0.224304 0 1 0 -0.224304 0 0.974519  0 0 0 0 0.0253065 0
11.96 17.0729 0 -0.286 0.974462 0 0.224553 0 1 0 -0.224553 0 0.974462  0 0 0 0 0.0257532 0
11.97 17.0729 0 -0.286 0.974404 0 0.224805 0 1 0 -0.224805 0 0.974404  0 0 0 0 0.0261532 0
11.98 17.0729 0 -0.286 0.974344 0 0.225062 0 1 0 -0.225062 0 0.974344  0 0 0 0 0.0265315 0
11.99 17.0729 0 -0.286 0.974284 0 0.225323 0 1 0 -0.225323 0 0.974284  0 0 0 0 0.0269464 0
12 17.0729 0 -0.286 0.974223 0 0.225587 0 1 0 -0.225587 0 0.974223  0 0 0 0 0.0273043 0
12.01 17.0729 0 -0.286 0.974161 0 0.225855 0 1 0 -0.225855 0 0.974161  0 0 0 0 0.0276824 0
12.02 17.0729 0 -0.286 0.974098 0 0.226126 0 1 0 -0.226126 0 0.974098  0 0 0 0 0.0280484 0
12.03 17.0729 0 -0.286 0.974034 0 0.226401 0 1 0 -0.226401 0 0.974034  0 0 0 0 0.0283901 0
12.04 17.0729 0 -0.286 0.97397 0 0.226679 0 1 0 -0.226679 0 0.97397  0 0 0 0 0.0287191 0
12.05 17.0729 0 -0.286 0.973904 0 0.22696 0 1 0 -0.22696 0 0.973904  0 0 0 0 0.0290488 0
12.06 17.0729 0 -0.286 0.973838 0 0.227245 0 1 0 -0.227245 0 0.973838  0 0 0 0 0.0293631 0
12.07 17.0729 0 -0.286 0.973771 0 0.227532 0 1 0 -0.227532 0 0.973771  0 0 0 0 0.0296221 0
12.08 17.0729 0 -0.286 0.973703 0 0.227822 0 1 0 -0.227822 0 0.973703  0 0 0 0 0.0299603 0
12.09 17.0729 0 -0.286 0.973634 0 0.228114 0 1 0 -0.228114 0 0.973634  0 0 0 0 0.0301889 0
12.1 17.0729 0 -0.286 0.973565 0 0.22841 0 1 0 -0.22841 0 0.973565  0 0 0 0 0.0304849 0
12.11 17.0729 0 -0.286 0.973495 0 0.228708 0 1 0 -0.228708 0 0.973495  0 0 0 0 0.0307365 0
12.12 17.0729 0 -0.286 0.973425 0 0.229008 0 1 0 -0.229008 0 0.973425  0 0 0 0 0.0309698 0
12.13 17.0729 0 -0.286 0.973354 0 0.229309 0 1 0 -0.229309 0 0.973354  0 0 0 0 0.031005 0
12.14 17.0729 0 -0.286 0.973282 0 0.229614 0 1 0 -0.229614 0 0.973282  0 0 0 0 0.0314008 0
12.15 17.0729 0 -0.286 0.97321 0 0.229919 0 1 0 -0.229919 0 0.97321  0 0 0 0 0.0315355 0
12.16 17.0729 0 -0.286 0.973137 0 0.230227 0 1 0 -0.230227 0 0.973137  0 0 0 0 0.0316826 0
12.17 17.0729 0 -0.286 0.973064 0 0.230537 0 1 0 -0.230537 0 0.973064  0 0 0 0 0.031915 0
12.18 17.0729 0 -0.286 0.97299 0 0.230847 0 1 0 -0.230847 0 0.97299  0 0 0 0 0.0320349 0
12.19 17.0729 0 -0.286 0.972916 0 0.23116 0 1 0 -0.23116 0 0.972916  0 0 0 0 0.0322037 0
12.2 17.0729 0 -0.286 0.972841 0 0.231475 0 1 0 -0.231475 0 0.972841  0 0 0 0 0.032457 0
12.21 17.0729 0 -0.286 0.972766 0 0.23179 0 1 0 -0.23179 0 0.972766  0 0 0 0 0.0324853 0
12.22 17.0729 0 -0.286 0.97269 0 0.232107 0 1 0 -0.232107 0 0.97269  0 0 0 0 0.0326138 0
12.23 17.0729 0 -0.286 0.972614 0 0.232425 0 1 0 -0.232425 0 0.972614  0 0 0 0 0.0327863 0
12.24 17.0729 0 -0.286 0.972538 0 0.232744 0 1 0 -0.232744 0 0.972538  0 0 0 0 0.0327933 0
12.25 17.0729 0 -0.286 0.972462 0 0.233063 0 1 0 -0.233063 0 0.972462  0 0 0 0 0.0329269 0
12.26 17.0729 0 -0.286 0.972385 0 0.233383 0 1 0 -0.233383 0 0.972385  0 0 0 0 0.0329248 0
12.27 17.0729 0 -0.286 0.972308 0 0.233703 0 1 0 -0.233703 0 0.972308  0 0 0 0 0.0329176 0
12.28 17.0729 0 -0.286 0.972231 0 0.234024 0 1 0 -0.234024 0 0.972231  0 0 0 0 0.0329911 0
12.29 17.0729 0 -0.286 0.972154 0 0.234344 0 1 0 -0.234344 0 0.972154  0 0 0 0 0.0329843 0
12.3 17.0729 0 -0.286 0.972076 0 0.234665 0 1 0 -0.234665 0 0.972076  0 0 0 0 0.0329918 0
12.31 17.0729 0 -0.286 0.971999 0 0.234986 0 1 0 -0.234986 0 0.971999  0 0 0 0 0.0330195 0
12.32 17.0729 0 -0.286 0.971921 0 0.235306 0 1 0 -0.235306 0 0.971921  0 0 0 0 0.0329273 0
12.33 17.0729 0 -0.286 0.971844 0 0.235626 0 1 0 -0.235626 0 0.971844  0 0 0 0 0.0329127 0
12.34 17.0729 0 -0.286 0.971766 0 0.235946 0 1 0 -0.235946 0 0.971766  0 0 0 0 0.0329007 0
12.35 17.0729 0 -0.286 0.971689 0 0.236265 0 1 0 -0.236265 0 0.971689  0 0 0 0 0.0328111 0
12.36 17.0729 0 -0.286 0.971611 0 0.236583 0 1 0 -0.236583 0 0.971611  0 0 0 0 0.0327227 0
12.37 17.0729 0 -0.286 0.971534 0 0.236901 0 1 0 -0.236901 0 0.971534  0 0 0 0 0.0326508 0
12.38 17.0729 0 -0.286 0.971457 0 0.237217 0 1 0 -0.237217 0 0.971457  0 0 0 0 0.0325436 0
12.39 17.0729 0 -0.286 0.971379 0 0.237533 0 1 0 -0.237533 0 0.971379  0 0 0 0 0.0324278 0
12.4 17.0729 0 -0.286 0.971302 0 0.237848 0 1 0 -0.237848 0 0.971302  0 0 0 0 0.0323538 0
12.41 17.0729 0 -0.286 0.971226 0 0.238161 0 1 0 -0.238161 0 0.971226  0 0 0 0 0.032175 0
12.42 17.0729 0 -0.286 0.971149 0 0.238472 0 1 0 -0.238472 0 0.971149  0 0 0 0 0.0319149 0
12.43 17.0729 0 -0.286 0.971073 0 0.238782 0 1 0 -0.238782 0 0.971073  0 0 0 0 0.0319075 0
12.44 17.0729 0 -0.286 0.970997 0 0.23909 0 1 0 -0.23909 0 0.970997  0 0 0 0 0.0316751 0
12.45 17.0729 0 -0.286 0.970922 0 0.239397 0 1 0 -0.239397 0 0.970922  0 0 0 0 0.0314611 0
12.46 17.0729 0 -0.286 0.970847 0 0.239702 0 1 0 -0.239702 0 0.970847  0 0 0 0 0.0312987 0
12.47 17.0729 0 -0.286 0.970772 0 0.240004 0 1 0 -0.240004 0 0.970772  0 0 0 0 0.0310854 0
12.48 17.0729 0 -0.286 0.970697 0 0.240305 0 1 0 -0.240305 0 0.970697  0 0 0 0 0.0308682 0
12.49 17.0729 0 -0.286 0.970623 0 0.240604 0 1 0 -0.240604 0 0.970623  0 0 0 0 0.0306486 0
12.5 17.0729 0 -0.286 0.97055 0 0.2409 0 1 0 -0.2409 0 0.97055  0 0 0 0 0.0304274 0
12.51 17.0729 0 -0.286 0.970477 0 0.241194 0 1 0 -0.241194 0 0.970477  0 0 0 0 0.03017 0
12.52 17.0729 0 -0.286 0.970404 0 0.241485 0 1 0 -0.241485 0 0.970404  0 0 0 0 0.0299101 0
12.53 17.0729 0 -0.286 0.970332 0 0.241774 0 1 0 -0.241774 0 0.970332  0 0 0 0 0.0296548 0
12.54 17.0729 0 -0.286 0.970261 0 0.242061 0 1 0 -0.242061 0 0.970261  0 0 0 0 0.0294217 0
12.55 17.0729 0 -0.286 0.97019 0 0.242345 0 1 0 -0.242345 0 0.97019  0 0 0 0 0.0290889 0
12.56 17.0729 0 -0.286 0.97012 0 0.242626 0 1 0 -0.242626 0 0.97012  0 0 0 0 0.0288569 0
12.57 17.0729 0 -0.286 0.97005 0 0.242904 0 1 0 -0.242904 0 0.97005  0 0 0 0 0.0285098 0
12.58 17.0729 0 -0.286 0.969981 0 0.243179 0 1 0 -0.243179 0 0.969981  0 0 0 0 0.0282096 0
12.59 17.0729 0 -0.286 0.969913 0 0.243451 0 1 0 -0.243451 0 0.969913  0 0 0 0 0.0279036 0
12.6 17.0729 0 -0.286 0.969846 0 0.24372 0 1 0 -0.24372 0 0.969846  0 0 0 0 0.0275133 0
12.61 17.0729 0 -0.286 0.969779 0 0.243985 0 1 0 -0.243985 0 0.969779  0 0 0 0 0.0272 0
12.62 17.0729 0 -0.286 0.969713 0 0.244247 0 1 0 -0.244247 0 0.969713  0 0 0 0 0.0268425 0
12.63 17.0729 0 -0.286 0.969648 0 0.244506 0 1 0 -0.244506 0 0.969648  0 0 0 0 0.0264615 0
12.64 17.0729 0 -0.286 0.969584 0 0.24476 0 1 0 -0.24476 0 0.969584  0 0 0 0 0.0260363 0
12.65 17.0729 0 -0.286 0.96952 0 0.245011 0 1 0 -0.245011 0 0.96952  0 0 0 0 0.0256975 0
12.66 17.0729 0 -0.286 0.969458 0 0.245258 0 1 0 -0.245258 0 0.969458  0 0 0 0 0.0253011 0
12.67 17.0729 0 -0.286 0.969396 0 0.245501 0 1 0 -0.245501 0 0.969396  0 0 0 0 0.0248681 0
12.68 17.0729 0 -0.286 0.969336 0 0.24574 0 1 0 -0.24574 0 0.969336  0 0 0 0 0.0244699 0
12.69 17.0729 0 -0.286 0.969276 0 0.245975 0 1 0 -0.245975 0 0.969276  0 0 0 0 0.0240386 0
12.7 17.0729 0 -0.286 0.969218 0 0.246206 0 1 0 -0.246206 0 0.969218  0 0 0 0 0.0236 0
12.71 17.0729 0 -0.286 0.96916 0 0.246433 0 1 0 -0.246433 0 0.96916  0 0 0 0 0.0231712 0
12.72 17.0729 0 -0.286 0.969103 0 0.246655 0 1 0 -0.246655 0 0.969103  0 0 0 0 0.0227088 0
12.73 17.0729 0 -0.286 0.969048 0 0.246873 0 1 0 -0.246873 0 0.969048  0 0 0 0 0.0222646 0
12.74 17.0729 0 -0.286 0.968993 0 0.247086 0 1 0 -0.247086 0 0.968993  0 0 0 0 0.0218168 0
12.75 17.0729 0 -0.286 0.96894 0 0.247295 0 1 0 -0.247295 0 0.96894  0 0 0 0 0.021317 0
12.76 17.0729 0 -0.286 0.968888 0 0.2475 0 1 0 -0.2475 0 0.968888  0 0 0 0 0.0208478 0
12.77 17.0729 0 -0.286 0.968837 0 0.247698 0 1 0 -0.247698 0 0.968837  0 0 0 0 0.0202437 0
12.78 17.0729 0 -0.286 0.968787 0 0.247893 0 1 0 -0.247893 0 0.968787  0 0 0 0 0.019848 0
12.79 17.0729 0 -0.286 0.968739 0 0.248082 0 1 0 -0.248082 0 0.968739  0 0 0 0 0.0193036 0
12.8 17.0729 0 -0.286 0.968692 0 0.248267 0 1 0 -0.248267 0 0.968692  0 0 0 0 0.0187763 0
12.81 17.0729 0 -0.286 0.968646 0 0.248446 0 1 0 -0.248446 0 0.968646  0 0 0 0 0.018268 0
12.82 17.0729 0 -0.286 0.968601 0 0.248621 0 1 0 -0.248621 0 0.968601  0 0 0 0 0.0177374 0
12.83 17.0729 0 -0.286 0.968558 0 0.24879 0 1 0 -0.24879 0 0.968558  0 0 0 0 0.0171767 0
12.84 17.0729 0 -0.286 0.968515 0 0.248954 0 1 0 -0.248954 0 0.968515  0 0 0 0 0.0167238 0
12.85 17.0729 0 -0.286 0.968475 0 0.249113 0 1 0 -0.249113 0 0.968475  0 0 0 0 0.0160973 0
12.86 17.0729 0 -0.286 0.968435 0 0.249266 0 1 0 -0.249266 0 0.968435  0 0 0 0 0.015565 0
12.87 17.0729 0 -0.286 0.968397 0 0.249414 0 1 0 -0.249414 0 0.968397  0 0 0 0 0.0150213 0
12.88 17.0729 0 -0.286 0.96836 0 0.249557 0 1 0 -0.249557 0 0.96836  0 0 0 0 0.014435 0
12.89 17.0729 0 -0.286 0.968325 0 0.249694 0 1 0 -0.249694 0 0.968325  0 0 0 0 0.0138699 0
12.9 17.0729 0 -0.286 0.968291 0 0.249825 0 1 0 -0.249825 0 0.968291  0 0 0 0 0.0133008 0
12.91 17.0729 0 -0.286 0.968258 0 0.249951 0 1 0 -0.249951 0 0.968258  0 0 0 0 0.0127068 0
12.92 17.0729 0 -0.286 0.968227 0 0.250071 0 1 0 -0.250071 0 0.968227  0 0 0 0 0.0121336 0
12.93 17.0729 0 -0.286 0.968198 0 0.250186 0 1 0 -0.250186 0 0.968198  0 0 0 0 0.011532 0
12.94 17.0729 0 -0.286 0.96817 0 0.250295 0 1 0 -0.250295 0 0.96817  0 0 0 0 0.0109348 0
12.95 17.0729 0 -0.286 0.968143 0 0.250398 0 1 0 -0.250398 0 0.968143  0 0 0 0 0.0103362 0
12.96 17.0729 0 -0.286 0.968118 0 0.250495 0 1 0 -0.250495 0 0.968118  0 0 0 0 0.0097579 0
12.97 17.0729 0 -0.286 0.968094 0 0.250587 0 1 0 -0.250587 0 0.968094  0 0 0 0 0.0091668 0
12.98 17.0729 0 -0.286 0.968072 0 0.250672 0 1 0 -0.250672 0 0.968072  0 0 0 0 0.00854929 0
12.99 17.0729 0 -0.286 0.968051 0 0.250752 0 1 0 -0.250752 0 0.968051  0 0 0 0 0.00794331 0
13 17.0729 0 -0.286 0.968032 0 0.250826 0 1 0 -0.250826 0 0.968032  0 0 0 0 0.00733231 0
13.01 17.0729 0 -0.286 0.968015 0 0.250894 0 1 0 -0.250894 0 0.968015  0 0 0 0 0.00671079 0
13.02 17.0729 0 -0.286 0.967999 0 0.250956 0 1 0 -0.250956 0 0.967999  0 0 0 0 0.00609095 0
13.03 17.0729 0 -0.286 0.967984 0 0.251012 0 1 0 -0.251012 0 0.967984  0 0 0 0 0.00546751 0
13.04 17.0729 0 -0.286 0.967971 0 0.251062 0 1 0 -0.251062 0 0.967971  0 0 0 0 0.00483966 0
13.05 17.0729 0 -0.286 0.96796 0 0.251105 0 1 0 -0.251105 0 0.96796  0 0 0 0 0.00421194 0
13.06 17.0729 0 -0.286 0.96795 0 0.251143 0 1 0 -0.251143 0 0.96795  0 0 0 0 0.00358091 0
13.07 17.0729 0 -0.286 0.967942 0 0.251175 0 1 0 -0.251175 0 0.967942  0 0 0 0 0.00294774 0
13.08 17.0729 0 -0.286 0.967935 0 0.2512 0 1 0 -0.2512 0 0.967935  0 0 0 0 0.00231109 0
13.09 17.0729 0 -0.286 0.96793 0 0.25122 0 1 0 -0.25122 0 0.96793  0 0 0 0 0.00168438 0
13.1 17.0729 0 -0.286 0.967927 0 0.251233 0 1 0 -0.251233 0 0.967927  0 0 0 0 0.00103753 0
13.11 17.0729 0 -0.286 0.967925 0 0.25124 0 1 0 -0.25124 0 0.967925  0 0 0 0 0.000399865 0
13.12 17.0729 0 -0.286 0.967925 0 0.25124 0 1 0 -0.25124 0 0.967925  0 0 0 0 -0.000238999 0
13.13 17.0729 0 -0.286 0.967926 0 0.251235 0 1 0 -0.251235 0 0.967926  0 0 0 0 -0.000879948 0
13.14 17.0729 0 -0.286 0.967929 0 0.251223 0 1 0 -0.251223 0 0.967929  0 0 0 0 -0.00152139 0
13.15 17.0729 0 -0.286 0.967934 0 0.251206 0 1 0 -0.251206 0 0.967934  0 0 0 0 -0.00216247 0
13.16 17.0729 0 -0.286 0.96794 0 0.251181 0 1 0 -0.251181 0 0.96794  0 0 0 0 -0.00280389 0
13.17 17.0729 0 -0.286 0.967948 0 0.251151 0 1 0 -0.251151 0 0.967948  0 0 0 0 -0.00344514 0
13.18 17.0729 0 -0.286 0.967957 0 0.251115 0 1 0 -0.251115 0 0.967957  0 0 0 0 -0.00408681 0
13.19 17.0729 0 -0.286 0.967968 0 0.251072 0 1 0 -0.251072 0 0.967968  0 0 0 0 -0.00472593 0
13.2 17.0729 0 -0.286 0.967981 0 0.251023 0 1 0 -0.251023 0 0.967981  0 0 0 0 -0.00536318 0
13.21 17.0729 0 -0.286 0.967995 0 0.250968 0 1 0 -0.250968 0 0.967995  0 0 0 0 -0.00599993 0
13.22 17.0729 0 -0.286 0.968011 0 0.250907 0 1 0 -0.250907 0 0.968011  0 0 0 0 -0.00663023 0
13.23 17.0729 0 -0.286 0.968029 0 0.25084 0 1 0 -0.25084 0 0.968029  0 0 0 0 -0.00726132 0
13.24 17.0729 0 -0.286 0.968048 0 0.250767 0 1 0 -0.250767 0 0.968048  0 0 0 0 -0.00788951 0
13.25 17.0729 0 -0.286 0.968068 0 0.250687 0 1 0 -0.250687 0 0.968068  0 0 0 0 -0.00851752 0
13.26 17.0729 0 -0.286 0.96809 0 0.250602 0 1 0 -0.250602 0 0.96809  0 0 0 0 -0.00913848 0
13.27 17.0729 0 -0.286 0.968114 0 0.25051 0 1 0 -0.25051 0 0.968114  0 0 0 0 -0.00975672 0
13.28 17.0729 0 -0.286 0.968139 0 0.250413 0 1 0 -0.250413 0 0.968139  0 0 0 0 -0.0103791 0
13.29 17.0729 0 -0.286 0.968166 0 0.250309 0 1 0 -0.250309 0 0.968166  0 0 0 0 -0.0110114 0
13.3 17.0729 0 -0.286 0.968194 0 0.2502 0 1 0 -0.2502 0 0.968194  0 0 0 0 -0.011649 0
13.31 17.0729 0 -0.286 0.968224 0 0.250084 0 1 0 -0.250084 0 0.968224  0 0 0 0 -0.0122413 0
13.32 17.0729 0 -0.286 0.968255 0 0.249963 0 1 0 -0.249963 0 0.968255  0 0 0 0 -0.0128586 0
13.33 17.0729 0 -0.286 0.968288 0 0.249835 0 1 0 -0.249835 0 0.968288  0 0 0 0 -0.0134637 0
13.34 17.0729 0 -0.286 0.968323 0 0.249702 0 1 0 -0.249702 0 0.968323  0 0 0 0 -0.0140654 0
13.35 17.0729 0 -0.286 0.968359 0 0.249563 0 1 0 -0.249563 0 0.968359  0 0 0 0 -0.0146519 0
13.36 17.0729 0 -0.286 0.968396 0 0.249418 0 1 0 -0.249418 0 0.968396  0 0 0 0 -0.0152294 0
13.37 17.0729 0 -0.286 0.968435 0 0.249268 0 1 0 -0.249268 0 0.968435  0 0 0 0 -0.015818 0
13.38 17.0729 0 -0.286 0.968475 0 0.249112 0 1 0 -0.249112 0 0.968475  0 0 0 0 -0.0163905 0
13.39 17.0729 0 -0.286 0.968516 0 0.248951 0 1 0 -0.248951 0 0.968516  0 0 0 0 -0.0169583 0
13.4 17.0729 0 -0.286 0.968559 0 0.248784 0 1 0 -0.248784 0 0.968559  0 0 0 0 -0.0175234 0
13.41 17.0729 0 -0.286 0.968603 0 0.248611 0 1 0 -0.248611 0 0.968603  0 0 0 0 -0.018069 0
13.42 17.0729 0 -0.286 0.968649 0 0.248434 0 1 0 -0.248434 0 0.968649  0 0 0 0 -0.0186248 0
13.43 17.0729 0 -0.286 0.968696 0 0.248251 0 1 0 -0.248251 0 0.968696  0 0 0 0 -0.0191631 0
13.44 17.0729 0 -0.286 0.968744 0 0.248062 0 1 0 -0.248062 0 0.968744  0 0 0 0 -0.0197054 0
13.45 17.0729 0 -0.286 0.968794 0 0.247869 0 1 0 -0.247869 0 0.968794  0 0 0 0 -0.0202276 0
13.46 17.0729 0 -0.286 0.968844 0 0.24767 0 1 0 -0.24767 0 0.968844  0 0 0 0 -0.0207513 0
13.47 17.0729 0 -0.286 0.968896 0 0.247467 0 1 0 -0.247467 0 0.968896  0 0 0 0 -0.0212665 0
13.48 17.0729 0 -0.286 0.96895 0 0.247258 0 1 0 -0.247258 0 0.96895  0 0 0 0 -0.0217729 0
13.49 17.0729 0 -0.286 0.969004 0 0.247046 0 1 0 -0.247046 0 0.969004  0 0 0 0 -0.0221813 0
13.5 17.0729 0 -0.286 0.969059 0 0.246828 0 1 0 -0.246828 0 0.969059  0 0 0 0 -0.0227571 0
13.51 17.0729 0 -0.286 0.969116 0 0.246605 0 1 0 -0.246605 0 0.969116  0 0 0 0 -0.023213 0
13.52 17.0729 0 -0.286 0.969174 0 0.246378 0 1 0 -0.246378 0 0.969174  0 0 0 0 -0.0236645 0
13.53 17.0729 0 -0.286 0.969233 0 0.246146 0 1 0 -0.246146 0 0.969233  0 0 0 0 -0.0241663 0
13.54 17.0729 0 -0.286 0.969293 0 0.24591 0 1 0 -0.24591 0 0.969293  0 0 0 0 -0.0245972 0
13.55 17.0729 0 -0.286 0.969354 0 0.245669 0 1 0 -0.245669 0 0.969354  0 0 0 0 -0.0250572 0
13.56 17.0729 0 -0.286 0.969416 0 0.245424 0 1 0 -0.245424 0 0.969416  0 0 0 0 -0.0254921 0
13.57 17.0729 0 -0.286 0.969479 0 0.245175 0 1 0 -0.245175 0 0.969479  0 0 0 0 -0.0259147 0
13.58 17.0729 0 -0.286 0.969543 0 0.244922 0 1 0 -0.244922 0 0.969543  0 0 0 0 -0.0263318 0
13.59 17.0729 0 -0.286 0.969608 0 0.244665 0 1 0 -0.244665 0 0.969608  0 0 0 0 -0.0267255 0
13.6 17.0729 0 -0.286 0.969674 0 0.244404 0 1 0 -0.244404 0 0.969674  0 0 0 0 -0.0271223 0
13.61 17.0729 0 -0.286 0.96974 0 0.24414 0 1 0 -0.24414 0 0.96974  0 0 0 0 -0.0274385 0
13.62 17.0729 0 -0.286 0.969808 0 0.243871 0 1 0 -0.243871 0 0.969808  0 0 0 0 -0.0278814 0
13.63 17.0729 0 -0.286 0.969876 0 0.243599 0 1 0 -0.243599 0 0.969876  0 0 0 0 -0.0282243 0
13.64 17.0729 0 -0.286 0.969945 0 0.243324 0 1 0 -0.243324 0 0.969945  0 0 0 0 -0.0285279 0
13.65 17.0729 0 -0.286 0.970015 0 0.243046 0 1 0 -0.243046 0 0.970015  0 0 0 0 -0.0288922 0
13.66 17.0729 0 -0.286 0.970085 0 0.242764 0 1 0 -0.242764 0 0.970085  0 0 0 0 -0.0292092 0
13.67 17.0729 0 -0.286 0.970157 0 0.242479 0 1 0 -0.242479 0 0.970157  0 0 0 -0 -0.0295267 0
13.68 17.0729 0 -0.286 0.970229 0 0.242191 0 1 0 -0.242191 0 0.970229  0 0 0 -0 -0.0298579 0
13.69 17.0729 0 -0.286 0.970301 0 0.2419 0 1 0 -0.2419 0 0.970301  0 0 0 0 -0.0301366 0
13.7 17.0729 0 -0.286 0.970374 0 0.241606 0 1 0 -0.241606 0 0.970374  0 0 0 -0 -0.0304289 0
13.71 17.0729 0 -0.286 0.970448 0 0.241309 0 1 0 -0.241309 0 0.970448  0 0 0 -0 -0.0307075 0
13.72 17.0729 0 -0.286 0.970522 0 0.241011 0 1 0 -0.241011 0 0.970522  0 0 0 0 -0.0309047 0
13.73 17.0729 0 -0.286 0.970597 0 0.240709 0 1 0 -0.240709 0 0.970597  0 0 0 -0 -0.0312112 0
13.74 17.0729 0 -0.286 0.970673 0 0.240405 0 1 0 -0.240405 0 0.970673  0 0 0 -0 -0.0314447 0
13.75 17.0729 0 -0.286 0.970749 0 0.240099 0 1 0 -0.240099 0 0.970749  0 0 0 -0 -0.0317122 0
13.76 17.0729 0 -0.286 0.970825 0 0.23979 0 1 0 -0.23979 0 0.970825  0 0 0 -0 -0.0319022 0
13.77 17.0729 0 -0.286 0.970902 0 0.239479 0 1 0 -0.239479 0 0.970902  0 0 0 -0 -0.0321441 0
13.78 17.0729 0 -0.286 0.970979 0 0.239166 0 1 0 -0.239166 0 0.970979  0 0 0 0 -0.0323209 0
13.79 17.0729 0 -0.286 0.971056 0 0.238851 0 1 0 -0.238851 0 0.971056  0 0 0 0 -0.0325204 0
13.8 17.0729 0 -0.286 0.971134 0 0.238535 0 1 0 -0.238535 0 0.971134  0 0 0 -0 -0.0326633 0
13.81 17.0729 0 -0.286 0.971212 0 0.238217 0 1 0 -0.238217 0 0.971212  0 0 0 -0 -0.0328518 0
13.82 17.0729 0 -0.286 0.97129 0 0.237897 0 1 0 -0.237897 0 0.97129  0 0 0 -0 -0.0329924 0
13.83 17.0729 0 -0.286 0.971369 0 0.237577 0 1 0 -0.237577 0 0.971369  0 0 0 0 -0.0330517 0
13.84 17.0729 0 -0.286 0.971448 0 0.237254 0 1 0 -0.237254 0 0.971448  0 0 0 0 -0.033269 0
13.85 17.0729 0 -0.286 0.971526 0 0.236932 0 1 0 -0.236932 0 0.971526  0 0 0 -0 -0.0332486 0
13.86 17.0729 0 -0.286 0.971605 0 0.236607 0 1 0 -0.236607 0 0.971605  0 0 0 0 -0.0334682 0
13.87 17.0729 0 -0.286 0.971685 0 0.236282 0 1 0 -0.236282 0 0.971685  0 0 0 0 -0.0335706 0
13.88 17.0729 0 -0.286 0.971764 0 0.235956 0 1 0 -0.235956 0 0.971764  0 0 0 0 -0.0335775 0
13.89 17.0729 0 -0.286 0.971843 0 0.235629 0 1 0 -0.235629 0 0.971843  0 0 0 0 -0.0336665 0
13.9 17.0729 0 -0.286 0.971923 0 0.235301 0 1 0 -0.235301 0 0.971923  0 0 0 0 -0.0337784 0
13.91 17.0729 0 -0.286 0.972002 0 0.234973 0 1 0 -0.234973 0 0.972002  0 0 0 0 -0.033721 0
13.92 17.0729 0 -0.286 0.972081 0 0.234646 0 1 0 -0.234646 0 0.972081  0 0 0 -0 -0.0337225 0
13.93 17.0729 0 -0.286 0.97216 0 0.234317 0 1 0 -0.234317 0 0.97216  0 0 0 -0 -0.033781 0
13.94 17.0729 0 -0.286 0.972239 0 0.233989 0 1 0 -0.233989 0 0.972239  0 0 0 0 -0.0337474 0
13.95 17.0729 0 -0.286 0.972318 0 0.233662 0 1 0 -0.233662 0 0.972318  0 0 0 0 -0.0336933 0
13.96 17.0729 0 -0.286 0.972397 0 0.233334 0 1 0 -0.233334 0 0.972397  0 0 0 0 -0.0336564 0
13.97 17.0729 0 -0.286 0.972475 0 0.233008 0 1 0 -0.233008 0 0.972475  0 0 0 -0 -0.0334911 0
13.98 17.0729 0 -0.286 0.972553 0 0.232682 0 1 0 -0.232682 0 0.972553  0 0 0 0 -0.0334589 0
13.99 17.0729 0 -0.286 0.97263 0 0.232359 0 1 0 -0.232359 0 0.97263  0 0 0 -0 -0.0332218 0
14 17.0729 0 -0.286 0.972707 0 0.232036 0 1 0 -0.232036 0 0.972707  0 0 0 0 -0.0331367 0
14.01 17.0729 0 -0.286 0.972784 0 0.231714 0 1 0 -0.231714 0 0.972784  0 0 0 -0 -0.0330527 0
14.02 17.0729 0 -0.286 0.97286 0 0.231395 0 1 0 -0.231395 0 0.97286  0 0 0 -0 -0.0326606 0
14.03 17.0729 0 -0.286 0.972935 0 0.231078 0 1 0 -0.231078 0 0.972935  0 0 0 -0 -0.0324934 0
14.04 17.0729 0 -0.286 0.97301 0 0.230762 0 1 0 -0.230762 0 0.97301  0 0 0 -0 -0.0323383 0
14.05 17.0729 0 -0.286 0.973084 0 0.230449 0 1 0 -0.230449 0 0.973084  0 0 0 -0 -0.0320124 0
14.06 17.0729 0 -0.286 0.973158 0 0.230138 0 1 0 -0.230138 0 0.973158  0 0 0 -0 -0.031837 0
14.07 17.0729 0 -0.286 0.973231 0 0.22983 0 1 0 -0.22983 0 0.973231  0 0 0 -0 -0.0315484 0
14.08 17.0729 0 -0.286 0.973303 0 0.229524 0 1 0 -0.229524 0 0.973303  0 0 0 0 -0.0312944 0
14.09 17.0729 0 -0.286 0.973374 0 0.229221 0 1 0 -0.229221 0 0.973374  0 0 0 0 -0.0310202 0
14.1 17.0729 0 -0.286 0.973445 0 0.228921 0 1 0 -0.228921 0 0.973445  0 0 0 -0 -0.0307034 0
14.11 17.0729 0 -0.286 0.973515 0 0.228623 0 1 0 -0.228623 0 0.973515  0 0 0 0 -0.03046 0
14.12 17.0729 0 -0.286 0.973584 0 0.228331 0 1 0 -0.228331 0 0.973584  0 0 0 0 -0.0298121 0
14.13 17.0729 0 -0.286 0.973652 0 0.22804 0 1 0 -0.22804 0 0.973652  0 0 0 -0 -0.0297495 0
14.14 17.0729 0 -0.286 0.973719 0 0.227753 0 1 0 -0.227753 0 0.973719  0 0 0 0 -0.029339 0
14.15 17.0729 0 -0.286 0.973785 0 0.227469 0 1 0 -0.227469 0 0.973785  0 0 0 0 -0.0289422 0
14.16 17.0729 0 -0.286 0.973851 0 0.227189 0 1 0 -0.227189 0 0.973851  0 0 0 0 -0.0285895 0
14.17 17.0729 0 -0.286 0.973915 0 0.226912 0 1 0 -0.226912 0 0.973915  0 0 0 0 -0.0281991 0
14.18 17.0729 0 -0.286 0.973979 0 0.226639 0 1 0 -0.226639 0 0.973979  0 0 0 0 -0.0278588 0
14.19 17.0729 0 -0.286 0.974041 0 0.22637 0 1 0 -0.22637 0 0.974041  0 0 0 0 -0.0274616 0
14.2 17.0729 0 -0.286 0.974103 0 0.226104 0 1 0 -0.226104 0 0.974103  0 0 0 0 -0.0270609 0
14.21 17.0729 0 -0.286 0.974164 0 0.225843 0 1 0 -0.225843 0 0.974164  0 0 0 0 -0.0266096 0
14.22 17.0729 0 -0.286 0.974223 0 0.225586 0 1 0 -0.225586 0 0.974223  0 0 0 -0 -0.0262413 0
14.23 17.0729 0 -0.286 0.974282 0 0.225332 0 1 0 -0.225332 0 0.974282  0 0 0 0 -0.025806 0
14.24 17.0729 0 -0.286 0.97434 0 0.225083 0 1 0 -0.225083 0 0.97434  0 0 0 -0 -0.0253576 0
14.25 17.0729 0 -0.286 0.974396 0 0.224838 0 1 0 -0.224838 0 0.974396  0 0 0 -0 -0.0249191 0
14.26 17.0729 0 -0.286 0.974452 0 0.224597 0 1 0 -0.224597 0 0.974452  0 0 0 0 -0.0244739 0
14.27 17.0729 0 -0.286 0.974506 0 0.224361 0 1 0 -0.224361 0 0.974506  0 0 0 0 -0.0239785 0
14.28 17.0729 0 -0.286 0.974559 0 0.22413 0 1 0 -0.22413 0 0.974559  0 0 0 0 -0.0235548 0
14.29 17.0729 0 -0.286 0.974612 0 0.223903 0 1 0 -0.223903 0 0.974612  0 0 0 0 -0.0230772 0
14.3 17.0729 0 -0.286 0.974663 0 0.22368 0 1 0 -0.22368 0 0.974663  0 0 0 0 -0.0225865 0
14.31 17.0729 0 -0.286 0.974713 0 0.223462 0 1 0 -0.223462 0 0.974713  0 0 0 0 -0.0221919 0
14.32 17.0729 0 -0.286 0.974762 0 0.223248 0 1 0 -0.223248 0 0.974762  0 0 0 0 -0.0216473 0
14.33 17.0729 0 -0.286 0.974809 0 0.22304 0 1 0 -0.22304 0 0.974809  0 0 0 0 -0.0211429 0
14.34 17.0729 0 -0.286 0.974856 0 0.222836 0 1 0 -0.222836 0 0.974856  0 0 0 0 -0.0206968 0
14.35 17.0729 0 -0.286 0.974901 0 0.222637 0 1 0 -0.222637 0 0.974901  0 0 0 0 -0.0201208 0
14.36 17.0729 0 -0.286 0.974946 0 0.222443 0 1 0 -0.222443 0 0.974946  0 0 0 0 -0.0196304 0
14.37 17.0729 0 -0.286 0.974989 0 0.222254 0 1 0 -0.222254 0 0.974989  0 0 0 -0 -0.0191212 0
14.38 17.0729 0 -0.286 0.975031 0 0.222071 0 1 0 -0.222071 0 0.975031  0 0 0 -0 -0.0185395 0
14.39 17.0729 0 -0.286 0.975071 0 0.221893 0 1 0 -0.221893 0 0.975071  0 0 0 0 -0.0179718 0
14.4 17.0729 0 -0.286 0.97511 0 0.221721 0 1 0 -0.221721 0 0.97511  0 0 0 -0 -0.017338 0
14.41 17.0729 0 -0.286 0.975148 0 0.221554 0 1 0 -0.221554 0 0.975148  0 0 0 -0 -0.0168413 0
14.42 17.0729 0 -0.286 0.975185 0 0.221393 0 1 0 -0.221393 0 0.975185  0 0 0 -0 -0.016257 0
14.43 17.0729 0 -0.286 0.97522 0 0.221237 0 1 0 -0.221237 0 0.97522  0 0 0 -0 -0.0156945 0
14.44 17.0729 0 -0.286 0.975254 0 0.221087 0 1 0 -0.221087 0 0.975254  0 0 0 -0 -0.0150986 0
14.45 17.0729 0 -0.286 0.975287 0 0.220942 0 1 0 -0.220942 0 0.975287  0 0 0 0 -0.0145294 0
14.46 17.0729 0 -0.286 0.975318 0 0.220804 0 1 0 -0.220804 0 0.975318  0 0 0 0 -0.0139253 0
14.47 17.0729 0 -0.286 0.975348 0 0.220671 0 1 0 -0.220671 0 0.975348  0 0 0 -0 -0.0133405 0
14.48 17.0729 0 -0.286 0.975377 0 0.220543 0 1 0 -0.220543 0 0.975377  0 0 0 -0 -0.0127452 0
14.49 17.0729 0 -0.286 0.975405 0 0.220422 0 1 0 -0.220422 0 0.975405  0 0 0 -0 -0.0121512 0
14.5 17.0729 0 -0.286 0.975431 0 0.220306 0 1 0 -0.220306 0 0.975431  0 0 0 -0 -0.0115426 0
14.51 17.0729 0 -0.286 0.975455 0 0.220197 0 1 0 -0.220197 0 0.975455  0 0 0 -0 -0.0109504 0
14.52 17.0729 0 -0.286 0.975479 0 0.220093 0 1 0 -0.220093 0 0.975479  0 0 0 -0 -0.0103236 0
14.53 17.0729 0 -0.286 0.975501 0 0.219995 0 1 0 -0.219995 0 0.975501  0 0 0 -0 -0.00971555 0
14.54 17.0729 0 -0.286 0.975522 0 0.219903 0 1 0 -0.219903 0 0.975522  0 0 0 -0 -0.00910173 0
14.55 17.0729 0 -0.286 0.975541 0 0.219818 0 1 0 -0.219818 0 0.975541  0 0 0 -0 -0.00847969 0
14.56 17.0729 0 -0.286 0.975559 0 0.219738 0 1 0 -0.219738 0 0.975559  0 0 0 -0 -0.00786064 0
14.57 17.0729 0 -0.286 0.975575 0 0.219668 0 1 0 -0.219668 0 0.975575  0 0 0 0 -0.0067348 0
14.58 17.0729 0 -0.286 0.97559 0 0.219601 0 1 0 -0.219601 0 0.97559  0 0 0 -0 -0.00662879 0
14.59 17.0729 0 -0.286 0.975603 0 0.219541 0 1 0 -0.219541 0 0.975603  0 0 0 -0 -0.00579926 0
14.6 17.0729 0 -0.286 0.975615 0 0.219488 0 1 0 -0.219488 0 0.975615  0 0 0 -0 -0.00510553 0
14.61 17.0729 0 -0.286 0.975626 0 0.21944 0 1 0 -0.21944 0 0.975626  0 0 0 -0 -0.00460412 0
14.62 17.0729 0 -0.286 0.975635 0 0.219399 0 1 0 -0.219399 0 0.975635  0 0 0 -0 -0.00390494 0
14.63 17.0729 0 -0.286 0.975643 0 0.219364 0 1 0 -0.219364 0 0.975643  0 0 0 -0 -0.00327342 0
14.64 17.0729 0 -0.286 0.97565 0 0.219335 0 1 0 -0.219335 0 0.97565  0 0 0 -0 -0.00267114 0
14.65 17.0729 0 -0.286 0.975655 0 0.219312 0 1 0 -0.219312 0 0.975655  0 0 0 -0 -0.00201954 0
14.66 17.0729 0 -0.286 0.975658 0 0.219295 0 1 0 -0.219295 0 0.975658  0 0 0 -0 -0.00139521 0
14.67 17.0729 0 -0.286 0.975661 0 0.219285 0 1 0 -0.219285 0 0.975661  0 0 0 -0 -0.000774507 0
14.68 17.0729 0 -0.286 0.975662 0 0.21928 0 1 0 -0.21928 0 0.975662  0 0 0 -0 -0.000141314 0
14.69 17.0729 0 -0.286 0.975662 0 0.219282 0 1 0 -0.219282 0 0.975662  0 0 0 0 0.000482446 0
14.7 17.0729 0 -0.286 0.97566 0 0.21929 0 1 0 -0.21929 0 0.97566  0 0 0 0 0.00110489 0
14.71 17.0729 0 -0.286 0.975657 0 0.219304 0 1 0 -0.219304 0 0.975657  0 0 0 0 0.00172961 0
14.72 17.0729 0 -0.286 0.975652 0 0.219324 0 1 0 -0.219324 0 0.975652  0 0 0 0 0.0023508 0
14.73 17.0729 0 -0.286 0.975646 0 0.219349 0 1 0 -0.219349 0 0.975646  0 0 0 0 0.00297189 0
14.74 17.0729 0 -0.286 0.975639 0 0.219381 0 1 0 -0.219381 0 0.975639  0 0 0 0 0.00358791 0
14.75 17.0729 0 -0.286 0.975631 0 0.219419 0 1 0 -0.219419 0 0.975631  0 0 0 0 0.00420248 0
14.76 17.0729 0 -0.286 0.975621 0 0.219463 0 1 0 -0.219463 0 0.975621  0 0 0 0 0.00481441 0
14.77 17.0729 0 -0.286 0.975609 0 0.219513 0 1 0 -0.219513 0 0.975609  0 0 0 0 0.00542193 0
14.78 17.0729 0 -0.286 0.975597 0 0.219569 0 1 0 -0.219569 0 0.975597  0 0 0 0 0.00602426 0
14.79 17.0729 0 -0.286 0.975583 0 0.219631 0 1 0 -0.219631 0 0.975583  0 0 0 0 0.0066258 0
14.8 17.0729 0 -0.286 0.975568 0 0.219698 0 1 0 -0.219698 0 0.975568  0 0 0 0 0.00722305 0
14.81 17.0729 0 -0.286 0.975551 0 0.219772 0 1 0 -0.219772 0 0.975551  0 0 0 0 0.00781541 0
14.82 17.0729 0 -0.286 0.975534 0 0.219851 0 1 0 -0.219851 0 0.975534  0 0 0 0 0.00840392 0
14.83 17.0729 0 -0.286 0.975515 0 0.219934 0 1 0 -0.219934 0 0.975515  0 0 0 0 0.0087935 0
14.84 17.0729 0 -0.286 0.975494 0 0.220025 0 1 0 -0.220025 0 0.975494  0 0 0 0 0.00956673 0
14.85 17.0729 0 -0.286 0.975473 0 0.22012 0 1 0 -0.22012 0 0.975473  0 0 0 0 0.0100624 0
14.86 17.0729 0 -0.286 0.97545 0 0.220221 0 1 0 -0.220221 0 0.97545  0 0 0 0 0.0106058 0
14.87 17.0729 0 -0.286 0.975426 0 0.220327 0 1 0 -0.220327 0 0.975426  0 0 0 0 0.0112164 0
14.88 17.0729 0 -0.286 0.975401 0 0.220439 0 1 0 -0.220439 0 0.975401  0 0 0 0 0.0117475 0
14.89 17.0729 0 -0.286 0.975374 0 0.220557 0 1 0 -0.220557 0 0.975374  0 0 0 0 0.0123265 0
14.9 17.0729 0 -0.286 0.975346 0 0.220679 0 1 0 -0.220679 0 0.975346  0 0 0 0 0.0128606 0
14.91 17.0729 0 -0.286 0.975317 0 0.220807 0 1 0 -0.220807 0 0.975317  0 0 0 0 0.0134089 0
14.92 17.0729 0 -0.286 0.975287 0 0.220941 0 1 0 -0.220941 0 0.975287  0 0 0 0 0.0139423 0
14.93 17.0729 0 -0.286 0.975256 0 0.221079 0 1 0 -0.221079 0 0.975256  0 0 0 0 0.0144704 0
14.94 17.0729 0 -0.286 0.975223 0 0.221223 0 1 0 -0.221223 0 0.975223  0 0 0 0 0.0150104 0
14.95 17.0729 0 -0.286 0.975189 0 0.221372 0 1 0 -0.221372 0 0.975189  0 0 0 0 0.0155304 0
14.96 17.0729 0 -0.286 0.975155 0 0.221526 0 1 0 -0.221526 0 0.975155  0 0 0 0 0.0160181 0
14.97 17.0729 0 -0.286 0.975118 0 0.221684 0 1 0 -0.221684 0 0.975118  0 0 0 0 0.0165353 0
14.98 17.0729 0 -0.286 0.975081 0 0.221848 0 1 0 -0.221848 0 0.975081  0 0 0 0 0.0170355 0
14.99 17.0729 0 -0.286 0.975043 0 0.222016 0 1 0 -0.222016 0 0.975043  0 0 0 0 0.0175074 0
15 17.0729 0 -0.286 0.975004 0 0.222188 0 1 0 -0.222188 0 0.975004  0 0 0 0 0.0178758 0
15.01 17.0729 0 -0.286 0.974963 0 0.222366 0 1 0 -0.222366 0 0.974963  0 0 0 0 0.018484 0
15.02 17.0729 0 -0.286 0.974922 0 0.222548 0 1 0 -0.222548 0 0.974922  0 0 0 0 0.0188382 0
15.03 17.0729 0 -0.286 0.974879 0 0.222734 0 1 0 -0.222734 0 0.974879  0 0 0 0 0.019333 0
15.04 17.0729 0 -0.286 0.974836 0 0.222925 0 1 0 -0.222925 0 0.974836  0 0 0 0 0.0197961 0
15.05 17.0729 0 -0.286 0.974791 0 0.223119 0 1 0 -0.223119 0 0.974791  0 0 0 0 0.0201929 0
15.06 17.0729 0 -0.286 0.974745 0 0.223319 0 1 0 -0.223319 0 0.974745  0 0 0 0 0.0206563 0
15.07 17.0729 0 -0.286 0.974699 0 0.223522 0 1 0 -0.223522 0 0.974699  0 0 0 0 0.0210612 0
15.08 17.0729 0 -0.286 0.974651 0 0.223729 0 1 0 -0.223729 0 0.974651  0 0 0 0 0.0214751 0
15.09 17.0729 0 -0.286 0.974603 0 0.223941 0 1 0 -0.223941 0 0.974603  0 0 0 0 0.0219045 0
15.1 17.0729 0 -0.286 0.974553 0 0.224156 0 1 0 -0.224156 0 0.974553  0 0 0 0 0.0222934 0
15.11 17.0729 0 -0.286 0.974503 0 0.224375 0 1 0 -0.224375 0 0.974503  0 0 0 0 0.0226821 0
15.12 17.0729 0 -0.286 0.974452 0 0.224598 0 1 0 -0.224598 0 0.974452  0 0 0 0 0.0230797 0
15.13 17.0729 0 -0.286 0.974399 0 0.224824 0 1 0 -0.224824 0 0.974399  0 0 0 0 0.0234306 0
15.14 17.0729 0 -0.286 0.974346 0 0.225054 0 1 0 -0.225054 0 0.974346  0 0 0 0 0.0237566 0
15.15 17.0729 0 -0.286 0.974292 0 0.225288 0 1 0 -0.225288 0 0.974292  0 0 0 0 0.024145 0
15.16 17.0729 0 -0.286 0.974238 0 0.225524 0 1 0 -0.225524 0 0.974238  0 0 0 0 0.0244501 0
15.17 17.0729 0 -0.286 0.974182 0 0.225764 0 1 0 -0.225764 0 0.974182  0 0 0 0 0.0247728 0
15.18 17.0729 0 -0.286 0.974126 0 0.226007 0 1 0 -0.226007 0 0.974126  0 0 0 0 0.0251045 0
15.19 17.0729 0 -0.286 0.974069 0 0.226253 0 1 0 -0.226253 0 0.974069  0 0 0 0 0.0253934 0
15.2 17.0729 0 -0.286 0.974011 0 0.226502 0 1 0 -0.226502 0 0.974011  0 0 0 0 0.0256966 0
15.21 17.0729 0 -0.286 0.973952 0 0.226753 0 1 0 -0.226753 0 0.973952  0 0 0 0 0.0259547 0
15.22 17.0729 0 -0.286 0.973893 0 0.227007 0 1 0 -0.227007 0 0.973893  0 0 0 0 0.0262339 0
15.23 17.0729 0 -0.286 0.973833 0 0.227264 0 1 0 -0.227264 0 0.973833  0 0 0 0 0.026494 0
15.24 17.0729 0 -0.286 0.973773 0 0.227522 0 1 0 -0.227522 0 0.973773  0 0 0 0 0.0266738 0
15.25 17.0729 0 -0.286 0.973712 0 0.227784 0 1 0 -0.227784 0 0.973712  0 0 0 0 0.0269745 0
15.26 17.0729 0 -0.286 0.97365 0 0.228047 0 1 0 -0.228047 0 0.97365  0 0 0 0 0.0271436 0
15.27 17.0729 0 -0.286 0.973588 0 0.228312 0 1 0 -0.228312 0 0.973588  0 0 0 0 0.0273747 0
15.28 17.0729 0 -0.286 0.973525 0 0.22858 0 1 0 -0.22858 0 0.973525  0 0 0 0 0.0275837 0
15.29 17.0729 0 -0.286 0.973462 0 0.228849 0 1 0 -0.228849 0 0.973462  0 0 0 0 0.0277522 0
15.3 17.0729 0 -0.286 0.973398 0 0.22912 0 1 0 -0.22912 0 0.973398  0 0 0 0 0.0278553 0
15.31 17.0729 0 -0.286 0.973334 0 0.229391 0 1 0 -0.229391 0 0.973334  0 0 0 0 0.0278819 0
15.32 17.0729 0 -0.286 0.97327 0 0.229665 0 1 0 -0.229665 0 0.97327  0 0 0 0 0.028218 0
15.33 17.0729 0 -0.286 0.973205 0 0.229939 0 1 0 -0.229939 0 0.973205  0 0 0 0 0.0282693 0
15.34 17.0729 0 -0.286 0.97314 0 0.230214 0 1 0 -0.230214 0 0.97314  0 0 0 0 0.0283619 0
15.35 17.0729 0 -0.286 0.973074 0 0.230491 0 1 0 -0.230491 0 0.973074  0 0 0 0 0.0285298 0
15.36 17.0729 0 -0.286 0.973009 0 0.230769 0 1 0 -0.230769 0 0.973009  0 0 0 0 0.0285934 0
15.37 17.0729 0 -0.286 0.972942 0 0.231048 0 1 0 -0.231048 0 0.972942  0 0 0 0 0.0286989 0
15.38 17.0729 0 -0.286 0.972876 0 0.231328 0 1 0 -0.231328 0 0.972876  0 0 0 0 0.0288829 0
15.39 17.0729 0 -0.286 0.972809 0 0.231609 0 1 0 -0.231609 0 0.972809  0 0 0 0 0.0288749 0
15.4 17.0729 0 -0.286 0.972742 0 0.23189 0 1 0 -0.23189 0 0.972742  0 0 0 0 0.0289515 0
15.41 17.0729 0 -0.286 0.972675 0 0.232172 0 1 0 -0.232172 0 0.972675  0 0 0 0 0.0290166 0
15.42 17.0729 0 -0.286 0.972607 0 0.232454 0 1 0 -0.232454 0 0.972607  0 0 0 0 0.029081 0
15.43 17.0729 0 -0.286 0.97254 0 0.232737 0 1 0 -0.232737 0 0.97254  0 0 0 0 0.0290482 0
15.44 17.0729 0 -0.286 0.972472 0 0.23302 0 1 0 -0.23302 0 0.972472  0 0 0 0 0.0291543 0
15.45 17.0729 0 -0.286 0.972404 0 0.233303 0 1 0 -0.233303 0 0.972404  0 0 0 0 0.0291191 0
15.46 17.0729 0 -0.286 0.972336 0 0.233586 0 1 0 -0.233586 0 0.972336  0 0 0 0 0.0290346 0
15.47 17.0729 0 -0.286 0.972268 0 0.233868 0 1 0 -0.233868 0 0.972268  0 0 0 0 0.0289901 0
15.48 17.0729 0 -0.286 0.972201 0 0.234149 0 1 0 -0.234149 0 0.972201  0 0 0 0 0.0289156 0
15.49 17.0729 0 -0.286 0.972133 0 0.23443 0 1 0 -0.23443 0 0.972133  0 0 0 0 0.0288676 0
15.5 17.0729 0 -0.286 0.972065 0 0.23471 0 1 0 -0.23471 0 0.972065  0 0 0 0 0.0287957 0
15.51 17.0729 0 -0.286 0.971998 0 0.23499 0 1 0 -0.23499 0 0.971998  0 0 0 0 0.0287298 0
15.52 17.0729 0 -0.286 0.97193 0 0.235268 0 1 0 -0.235268 0 0.97193  0 0 0 0 0.0285877 0
15.53 17.0729 0 -0.286 0.971863 0 0.235546 0 1 0 -0.235546 0 0.971863  0 0 0 0 0.0285154 0
15.54 17.0729 0 -0.286 0.971796 0 0.235822 0 1 0 -0.235822 0 0.971796  0 0 0 0 0.0284154 0
15.55 17.0729 0 -0.286 0.971729 0 0.236098 0 1 0 -0.236098 0 0.971729  0 0 0 0 0.0282736 0
15.56 17.0729 0 -0.286 0.971663 0 0.236372 0 1 0 -0.236372 0 0.971663  0 0 0 0 0.0281744 0
15.57 17.0729 0 -0.286 0.971596 0 0.236645 0 1 0 -0.236645 0 0.971596  0 0 0 0 0.0280027 0
15.58 17.0729 0 -0.286 0.97153 0 0.236916 0 1 0 -0.236916 0 0.97153  0 0 0 0 0.0278348 0
15.59 17.0729 0 -0.286 0.971464 0 0.237186 0 1 0 -0.237186 0 0.971464  0 0 0 0 0.0277082 0
15.6 17.0729 0 -0.286 0.971399 0 0.237454 0 1 0 -0.237454 0 0.971399  0 0 0 0 0.0275128 0
15.61 17.0729 0 -0.286 0.971334 0 0.23772 0 1 0 -0.23772 0 0.971334  0 0 0 0 0.0273015 0
15.62 17.0729 0 -0.286 0.971269 0 0.237986 0 1 0 -0.237986 0 0.971269  0 0 0 0 0.0272606 0
15.63 17.0729 0 -0.286 0.971204 0 0.238248 0 1 0 -0.238248 0 0.971204  0 0 0 0 0.0269596 0
15.64 17.0729 0 -0.286 0.971141 0 0.238508 0 1 0 -0.238508 0 0.971141  0 0 0 0 0.0265851 0
15.65 17.0729 0 -0.286 0.971077 0 0.238767 0 1 0 -0.238767 0 0.971077  0 0 0 0 0.0266152 0
15.66 17.0729 0 -0.286 0.971014 0 0.239023 0 1 0 -0.239023 0 0.971014  0 0 0 0 0.0262798 0
15.67 17.0729 0 -0.286 0.970951 0 0.239277 0 1 0 -0.239277 0 0.970951  0 0 0 0 0.0260396 0
15.68 17.0729 0 -0.286 0.970889 0 0.239529 0 1 0 -0.239529 0 0.970889  0 0 0 0 0.0258337 0
15.69 17.0729 0 -0.286 0.970828 0 0.239779 0 1 0 -0.239779 0 0.970828  0 0 0 0 0.0255527 0
15.7 17.0729 0 -0.286 0.970767 0 0.240025 0 1 0 -0.240025 0 0.970767  0 0 0 0 0.0253079 0
15.71 17.0729 0 -0.286 0.970706 0 0.24027 0 1 0 -0.24027 0 0.970706  0 0 0 0 0.0250601 0
15.72 17.0729 0 -0.286 0.970646 0 0.240512 0 1 0 -0.240512 0 0.970646  0 0 0 0 0.0247753 0
15.73 17.0729 0 -0.286 0.970587 0 0.240751 0 1 0 -0.240751 0 0.970587  0 0 0 0 0.0245019 0
15.74 17.0729 0 -0.286 0.970528 0 0.240987 0 1 0 -0.240987 0 0.970528  0 0 0 0 0.0242339 0
15.75 17.0729 0 -0.286 0.97047 0 0.241221 0 1 0 -0.241221 0 0.97047  0 0 0 0 0.0239151 0
15.76 17.0729 0 -0.286 0.970413 0 0.241452 0 1 0 -0.241452 0 0.970413  0 0 0 0 0.0236213 0
15.77 17.0729 0 -0.286 0.970356 0 0.241679 0 1 0 -0.241679 0 0.970356  0 0 0 0 0.0233117 0
15.78 17.0729 0 -0.286 0.9703 0 0.241904 0 1 0 -0.241904 0 0.9703  0 0 0 0 0.0230589 0
15.79 17.0729 0 -0.286 0.970245 0 0.242126 0 1 0 -0.242126 0 0.970245  0 0 0 0 0.0226755 0
15.8 17.0729 0 -0.286 0.97019 0 0.242345 0 1 0 -0.242345 0 0.97019  0 0 0 0 0.0223666 0
15.81 17.0729 0 -0.286 0.970136 0 0.24256 0 1 0 -0.24256 0 0.970136  0 0 0 0 0.0220804 0
15.82 17.0729 0 -0.286 0.970083 0 0.242772 0 1 0 -0.242772 0 0.970083  0 0 0 0 0.021672 0
15.83 17.0729 0 -0.286 0.970031 0 0.242981 0 1 0 -0.242981 0 0.970031  0 0 0 0 0.0213499 0
15.84 17.0729 0 -0.286 0.96998 0 0.243186 0 1 0 -0.243186 0 0.96998  0 0 0 0 0.0209943 0
15.85 17.0729 0 -0.286 0.969929 0 0.243388 0 1 0 -0.243388 0 0.969929  0 0 0 0 0.0206355 0
15.86 17.0729 0 -0.286 0.969879 0 0.243586 0 1 0 -0.243586 0 0.969879  0 0 0 0 0.0202167 0
15.87 17.0729 0 -0.286 0.96983 0 0.243781 0 1 0 -0.243781 0 0.96983  0 0 0 0 0.019887 0
15.88 17.0729 0 -0.286 0.969782 0 0.243971 0 1 0 -0.243971 0 0.969782  0 0 0 0 0.0194495 0
15.89 17.0729 0 -0.286 0.969735 0 0.244158 0 1 0 -0.244158 0 0.969735  0 0 0 0 0.0190696 0
15.9 17.0729 0 -0.286 0.969689 0 0.244341 0 1 0 -0.244341 0 0.969689  0 0 0 0 0.0186757 0
15.91 17.0729 0 -0.286 0.969644 0 0.24452 0 1 0 -0.24452 0 0.969644  0 0 0 0 0.0182549 0
15.92 17.0729 0 -0.286 0.9696 0 0.244695 0 1 0 -0.244695 0 0.9696  0 0 0 0 0.0177934 0
15.93 17.0729 0 -0.286 0.969557 0 0.244866 0 1 0 -0.244866 0 0.969557  0 0 0 0 0.0174301 0
15.94 17.0729 0 -0.286 0.969515 0 0.245032 0 1 0 -0.245032 0 0.969515  0 0 0 0 0.0169902 0
15.95 17.0729 0 -0.286 0.969474 0 0.245195 0 1 0 -0.245195 0 0.969474  0 0 0 0 0.0165564 0
15.96 17.0729 0 -0.286 0.969434 0 0.245353 0 1 0 -0.245353 0 0.969434  0 0 0 0 0.0161266 0
15.97 17.0729 0 -0.286 0.969395 0 0.245508 0 1 0 -0.245508 0 0.969395  0 0 0 0 0.0156892 0
15.98 17.0729 0 -0.286 0.969357 0 0.245658 0 1 0 -0.245658 0 0.969357  0 0 0 0 0.0152459 0
15.99 17.0729 0 -0.286 0.96932 0 0.245803 0 1 0 -0.245803 0 0.96932  0 0 0 0 0.0148046 0
16 17.0729 0 -0.286 0.969284 0 0.245944 0 1 0 -0.245944 0 0.969284  0 0 0 0 0.0143514 0
16.01 17.0729 0 -0.286 0.969249 0 0.246081 0 1 0 -0.246081 0 0.969249  0 0 0 0 0.0138977 0
16.02 17.0729 0 -0.286 0.969216 0 0.246214 0 1 0 -0.246214 0 0.969216  0 0 0 0 0.0134416 0
16.03 17.0729 0 -0.286 0.969183 0 0.246342 0 1 0 -0.246342 0 0.969183  0 0 0 0 0.0129781 0
16.04 17.0729 0 -0.286 0.969152 0 0.246465 0 1 0 -0.246465 0 0.969152  0 0 0 0 0.0125149 0
16.05 17.0729 0 -0.286 0.969121 0 0.246584 0 1 0 -0.246584 0 0.969121  0 0 0 0 0.0120464 0
16.06 17.0729 0 -0.286 0.969092 0 0.246699 0 1 0 -0.246699 0 0.969092  0 0 0 0 0.0115788 0
16.07 17.0729 0 -0.286 0.969064 0 0.246809 0 1 0 -0.246809 0 0.969064  0 0 0 0 0.0111077 0
16.08 17.0729 0 -0.286 0.969037 0 0.246914 0 1 0 -0.246914 0 0.969037  0 0 0 0 0.0106335 0
16.09 17.0729 0 -0.286 0.969012 0 0.247015 0 1 0 -0.247015 0 0.969012  0 0 0 0 0.0101616 0
16.1 17.0729 0 -0.286 0.968987 0 0.247111 0 1 0 -0.247111 0 0.968987  0 0 0 0 0.00967082 0
16.11 17.0729 0 -0.286 0.968964 0 0.247202 0 1 0 -0.247202 0 0.968964  0 0 0 0 0.00919069 0
16.12 17.0729 0 -0.286 0.968942 0 0.247289 0 1 0 -0.247289 0 0.968942  0 0 0 0 0.00870493 0
16.13 17.0729 0 -0.286 0.968921 0 0.247371 0 1 0 -0.247371 0 0.968921  0 0 0 0 0.00821476 0
16.14 17.0729 0 -0.286 0.968901 0 0.247448 0 1 0 -0.247448 0 0.968901  0 0 0 0 0.00770651 0
16.15 17.0729 0 -0.286 0.968883 0 0.24752 0 1 0 -0.24752 0 0.968883  0 0 0 0 0.00716437 0
16.16 17.0729 0 -0.286 0.968866 0 0.247588 0 1 0 -0.247588 0 0.968866  0 0 0 0 0.00673251 0
16.17 17.0729 0 -0.286 0.96885 0 0.24765 0 1 0 -0.24765 0 0.96885  0 0 0 0 0.00620277 0
16.18 17.0729 0 -0.286 0.968835 0 0.247708 0 1 0 -0.247708 0 0.968835  0 0 0 0 0.00570566 0
16.19 17.0729 0 -0.286 0.968821 0 0.247761 0 1 0 -0.247761 0 0.968821  0 0 0 0 0.00522019 0
16.2 17.0729 0 -0.286 0.968809 0 0.247809 0 1 0 -0.247809 0 0.968809  0 0 0 0 0.00470491 0
16.21 17.0729 0 -0.286 0.968798 0 0.247852 0 1 0 -0.247852 0 0.968798  0 0 0 0 0.0042124 0
16.22 17.0729 0 -0.286 0.968788 0 0.24789 0 1 0 -0.24789 0 0.968788  0 0 0 0 0.00371302 0
16.23 17.0729 0 -0.286 0.96878 0 0.247924 0 1 0 -0.247924 0 0.96878  0 0 0 0 0.00320696 0
16.24 17.0729 0 -0.286 0.968772 0 0.247952 0 1 0 -0.247952 0 0.968772  0 0 0 0 0.00270887 0
16.25 17.0729 0 -0.286 0.968766 0 0.247976 0 1 0 -0.247976 0 0.968766  0 0 0 0 0.00220694 0
16.26 17.0729 0 -0.286 0.968761 0 0.247995 0 1 0 -0.247995 0 0.968761  0 0 0 0 0.00170183 0
16.27 17.0729 0 -0.286 0.968758 0 0.248009 0 1 0 -0.248009 0 0.968758  0 0 0 0 0.00120166 0
16.28 17.0729 0 -0.286 0.968755 0 0.248018 0 1 0 -0.248018 0 0.968755  0 0 0 0 0.000699339 0
16.29 17.0729 0 -0.286 0.968754 0 0.248023 0 1 0 -0.248023 0 0.968754  0 0 0 0 0.000196995 0
16.3 17.0729 0 -0.286 0.968754 0 0.248022 0 1 0 -0.248022 0 0.968754  0 0 0 0 -0.000303778 0
16.31 17.0729 0 -0.286 0.968756 0 0.248017 0 1 0 -0.248017 0 0.968756  0 0 0 0 -0.000804764 0
16.32 17.0729 0 -0.286 0.968758 0 0.248007 0 1 0 -0.248007 0 0.968758  0 0 0 0 -0.00130468 0
16.33 17.0729 0 -0.286 0.968762 0 0.247992 0 1 0 -0.247992 0 0.968762  0 0 0 0 -0.00180317 0
16.34 17.0729 0 -0.286 0.968767 0 0.247972 0 1 0 -0.247972 0 0.968767  0 0 0 0 -0.00230081 0
16.35 17.0729 0 -0.286 0.968774 0 0.247947 0 1 0 -0.247947 0 0.968774  0 0 0 0 -0.00279702 0
16.36 17.0729 0 -0.286 0.968781 0 0.247918 0 1 0 -0.247918 0 0.968781  0 0 0 0 -0.00329083 0
16.37 17.0729 0 -0.286 0.96879 0 0.247883 0 1 0 -0.247883 0 0.96879  0 0 0 -0 -0.00378536 0
16.38 17.0729 0 -0.286 0.9688 0 0.247844 0 1 0 -0.247844 0 0.9688  0 0 0 0 -0.00427609 0
16.39 17.0729 0 -0.286 0.968811 0 0.247801 0 1 0 -0.247801 0 0.968811  0 0 0 0 -0.00476458 0
16.4 17.0729 0 -0.286 0.968823 0 0.247752 0 1 0 -0.247752 0 0.968823  0 0 0 0 -0.00525341 0
16.41 17.0729 0 -0.286 0.968837 0 0.247699 0 1 0 -0.247699 0 0.968837  0 0 0 0 -0.00573398 0
16.42 17.0729 0 -0.286 0.968852 0 0.247641 0 1 0 -0.247641 0 0.968852  0 0 0 0 -0.00621923 0
16.43 17.0729 0 -0.286 0.968868 0 0.247578 0 1 0 -0.247578 0 0.968868  0 0 0 0 -0.0066978 0
16.44 17.0729 0 -0.286 0.968885 0 0.247511 0 1 0 -0.247511 0 0.968885  0 0 0 0 -0.00717345 0
16.45 17.0729 0 -0.286 0.968903 0 0.247439 0 1 0 -0.247439 0 0.968903  0 0 0 0 -0.00764744 0
16.46 17.0729 0 -0.286 0.968923 0 0.247363 0 1 0 -0.247363 0 0.968923  0 0 0 0 -0.00811854 0
16.47 17.0729 0 -0.286 0.968943 0 0.247283 0 1 0 -0.247283 0 0.968943  0 0 0 0 -0.00849795 0
16.48 17.0729 0 -0.286 0.968965 0 0.247198 0 1 0 -0.247198 0 0.968965  0 0 0 -0 -0.00901754 0
16.49 17.0729 0 -0.286 0.968988 0 0.247108 0 1 0 -0.247108 0 0.968988  0 0 0 -0 -0.00947975 0
16.5 17.0729 0 -0.286 0.969012 0 0.247014 0 1 0 -0.247014 0 0.969012  0 0 0 -0 -0.00990353 0
16.51 17.0729 0 -0.286 0.969037 0 0.246916 0 1 0 -0.246916 0 0.969037  0 0 0 -0 -0.0103787 0
16.52 17.0729 0 -0.286 0.969063 0 0.246813 0 1 0 -0.246813 0 0.969063  0 0 0 -0 -0.010823 0
16.53 17.0729 0 -0.286 0.96909 0 0.246706 0 1 0 -0.246706 0 0.96909  0 0 0 0 -0.011263 0
16.54 17.0729 0 -0.286 0.969119 0 0.246595 0 1 0 -0.246595 0 0.969119  0 0 0 0 -0.0116979 0
16.55 17.0729 0 -0.286 0.969148 0 0.246479 0 1 0 -0.246479 0 0.969148  0 0 0 -0 -0.0121464 0
16.56 17.0729 0 -0.286 0.969178 0 0.24636 0 1 0 -0.24636 0 0.969178  0 0 0 0 -0.0125625 0
16.57 17.0729 0 -0.286 0.96921 0 0.246236 0 1 0 -0.246236 0 0.96921  0 0 0 0 -0.0129917 0
16.58 17.0729 0 -0.286 0.969242 0 0.246108 0 1 0 -0.246108 0 0.969242  0 0 0 0 -0.0134127 0
16.59 17.0729 0 -0.286 0.969276 0 0.245976 0 1 0 -0.245976 0 0.969276  0 0 0 0 -0.0138235 0
16.6 17.0729 0 -0.286 0.96931 0 0.24584 0 1 0 -0.24584 0 0.96931  0 0 0 0 -0.0142346 0
16.61 17.0729 0 -0.286 0.969346 0 0.2457 0 1 0 -0.2457 0 0.969346  0 0 0 0 -0.0146358 0
16.62 17.0729 0 -0.286 0.969382 0 0.245556 0 1 0 -0.245556 0 0.969382  0 0 0 0 -0.0150284 0
16.63 17.0729 0 -0.286 0.96942 0 0.245409 0 1 0 -0.245409 0 0.96942  0 0 0 0 -0.0154163 0
16.64 17.0729 0 -0.286 0.969458 0 0.245258 0 1 0 -0.245258 0 0.969458  0 0 0 0 -0.0158012 0
16.65 17.0729 0 -0.286 0.969497 0 0.245103 0 1 0 -0.245103 0 0.969497  0 0 0 0 -0.0161755 0
16.66 17.0729 0 -0.286 0.969537 0 0.244944 0 1 0 -0.244944 0 0.969537  0 0 0 0 -0.0165317 0
16.67 17.0729 0 -0.286 0.969578 0 0.244782 0 1 0 -0.244782 0 0.969578  0 0 0 0 -0.0169009 0
16.68 17.0729 0 -0.286 0.96962 0 0.244617 0 1 0 -0.244617 0 0.96962  0 0 0 0 -0.0172576 0
16.69 17.0729 0 -0.286 0.969662 0 0.244448 0 1 0 -0.244448 0 0.969662  0 0 0 0 -0.0175879 0
16.7 17.0729 0 -0.286 0.969706 0 0.244276 0 1 0 -0.244276 0 0.969706  0 0 0 0 -0.0178766 0
16.71 17.0729 0 -0.286 0.96975 0 0.2441 0 1 0 -0.2441 0 0.96975  0 0 0 0 -0.018271 0
16.72 17.0729 0 -0.286 0.969795 0 0.243922 0 1 0 -0.243922 0 0.969795  0 0 0 0 -0.018574 0
16.73 17.0729 0 -0.286 0.969841 0 0.24374 0 1 0 -0.24374 0 0.969841  0 0 0 0 -0.0188856 0
16.74 17.0729 0 -0.286 0.969887 0 0.243556 0 1 0 -0.243556 0 0.969887  0 0 0 0 -0.0191884 0
16.75 17.0729 0 -0.286 0.969934 0 0.243368 0 1 0 -0.243368 0 0.969934  0 0 0 0 -0.0194982 0
16.76 17.0729 0 -0.286 0.969982 0 0.243178 0 1 0 -0.243178 0 0.969982  0 0 0 0 -0.0197936 0
16.77 17.0729 0 -0.286 0.97003 0 0.242984 0 1 0 -0.242984 0 0.97003  0 0 0 0 -0.0200445 0
16.78 17.0729 0 -0.286 0.970079 0 0.242788 0 1 0 -0.242788 0 0.970079  0 0 0 0 -0.0203401 0
16.79 17.0729 0 -0.286 0.970129 0 0.24259 0 1 0 -0.24259 0 0.970129  0 0 0 0 -0.0206049 0
16.8 17.0729 0 -0.286 0.970179 0 0.242389 0 1 0 -0.242389 0 0.970179  0 0 0 0 -0.020871 0
16.81 17.0729 0 -0.286 0.97023 0 0.242185 0 1 0 -0.242185 0 0.97023  0 0 0 0 -0.0211178 0
16.82 17.0729 0 -0.286 0.970281 0 0.241979 0 1 0 -0.241979 0 0.970281  0 0 0 0 -0.0213633 0
16.83 17.0729 0 -0.286 0.970333 0 0.241771 0 1 0 -0.241771 0 0.970333  0 0 0 0 -0.021596 0
16.84 17.0729 0 -0.286 0.970386 0 0.24156 0 1 0 -0.24156 0 0.970386  0 0 0 0 -0.0218335 0
16.85 17.0729 0 -0.286 0.970439 0 0.241347 0 1 0 -0.241347 0 0.970439  0 0 0 0 -0.0220401 0
16.86 17.0729 0 -0.286 0.970492 0 0.241133 0 1 0 -0.241133 0 0.970492  0 0 0 0 -0.0222145 0
16.87 17.0729 0 -0.286 0.970546 0 0.240916 0 1 0 -0.240916 0 0.970546  0 0 0 0 -0.0224713 0
16.88 17.0729 0 -0.286 0.9706 0 0.240697 0 1 0 -0.240697 0 0.9706  0 0 0 0 -0.0226625 0
16.89 17.0729 0 -0.286 0.970655 0 0.240476 0 1 0 -0.240476 0 0.970655  0 0 0 0 -0.0228288 0
16.9 17.0729 0 -0.286 0.97071 0 0.240254 0 1 0 -0.240254 0 0.97071  0 0 0 0 -0.0230002 0
16.91 17.0729 0 -0.286 0.970766 0 0.240029 0 1 0 -0.240029 0 0.970766  0 0 0 0 -0.0231771 0
16.92 17.0729 0 -0.286 0.970821 0 0.239804 0 1 0 -0.239804 0 0.970821  0 0 0 0 -0.0233247 0
16.93 17.0729 0 -0.286 0.970877 0 0.239577 0 1 0 -0.239577 0 0.970877  0 0 0 0 -0.0234831 0
16.94 17.0729 0 -0.286 0.970934 0 0.239348 0 1 0 -0.239348 0 0.970934  0 0 0 0 -0.0236202 0
16.95 17.0729 0 -0.286 0.97099 0 0.239118 0 1 0 -0.239118 0 0.97099  0 0 0 0 -0.0237491 0
16.96 17.0729 0 -0.286 0.971047 0 0.238887 0 1 0 -0.238887 0 0.971047  0 0 0 0 -0.0238837 0
16.97 17.0729 0 -0.286 0.971105 0 0.238655 0 1 0 -0.238655 0 0.971105  0 0 0 -0 -0.02398 0
16.98 17.0729 0 -0.286 0.971162 0 0.238421 0 1 0 -0.238421 0 0.971162  0 0 0 0 -0.0241198 0
16.99 17.0729 0 -0.286 0.971219 0 0.238186 0 1 0 -0.238186 0 0.971219  0 0 0 0 -0.0241975 0
17 17.0729 0 -0.286 0.971277 0 0.237951 0 1 0 -0.237951 0 0.971277  0 0 0 0 -0.0242926 0
17.01 17.0729 0 -0.286 0.971335 0 0.237715 0 1 0 -0.237715 0 0.971335  0 0 0 0 -0.024305 0
17.02 17.0729 0 -0.286 0.971393 0 0.237478 0 1 0 -0.237478 0 0.971393  0 0 0 0 -0.0244235 0
17.03 17.0729 0 -0.286 0.971451 0 0.237241 0 1 0 -0.237241 0 0.971451  0 0 0 0 -0.0244389 0
17.04 17.0729 0 -0.286 0.971509 0 0.237004 0 1 0 -0.237004 0 0.971509  0 0 0 0 -0.0244058 0
17.05 17.0729 0 -0.286 0.971567 0 0.236766 0 1 0 -0.236766 0 0.971567  0 0 0 0 -0.0245234 0
17.06 17.0729 0 -0.286 0.971625 0 0.236528 0 1 0 -0.236528 0 0.971625  0 0 0 0 -0.0245265 0
17.07 17.0729 0 -0.286 0.971683 0 0.23629 0 1 0 -0.23629 0 0.971683  0 0 0 0 -0.0245261 0
17.08 17.0729 0 -0.286 0.97174 0 0.236052 0 1 0 -0.236052 0 0.97174  0 0 0 0 -0.0245136 0
17.09 17.0729 0 -0.286 0.971798 0 0.235814 0 1 0 -0.235814 0 0.971798  0 0 0 0 -0.0244753 0
17.1 17.0729 0 -0.286 0.971856 0 0.235576 0 1 0 -0.235576 0 0.971856  0 0 0 0 -0.0244789 0
17.11 17.0729 0 -0.286 0.971913 0 0.235339 0 1 0 -0.235339 0 0.971913  0 0 0 0 -0.0244025 0
17.12 17.0729 0 -0.286 0.971971 0 0.235102 0 1 0 -0.235102 0 0.971971  0 0 0 0 -0.0243542 0
17.13 17.0729 0 -0.286 0.972028 0 0.234866 0 1 0 -0.234866 0 0.972028  0 0 0 -0 -0.024257 0
17.14 17.0729 0 -0.286 0.972085 0 0.23463 0 1 0 -0.23463 0 0.972085  0 0 0 -0 -0.0241895 0
17.15 17.0729 0 -0.286 0.972141 0 0.234395 0 1 0 -0.234395 0 0.972141  0 0 0 0 -0.0241304 0
17.16 17.0729 0 -0.286 0.972198 0 0.234161 0 1 0 -0.234161 0 0.972198  0 0 0 0 -0.0240204 0
17.17 17.0729 0 -0.286 0.972254 0 0.233928 0 1 0 -0.233928 0 0.972254  0 0 0 0 -0.0239217 0
17.18 17.0729 0 -0.286 0.97231 0 0.233697 0 1 0 -0.233697 0 0.97231  0 0 0 0 -0.0238028 0
17.19 17.0729 0 -0.286 0.972365 0 0.233466 0 1 0 -0.233466 0 0.972365  0 0 0 0 -0.0236802 0
17.2 17.0729 0 -0.286 0.97242 0 0.233237 0 1 0 -0.233237 0 0.97242  0 0 0 -0 -0.023508 0
17.21 17.0729 0 -0.286 0.972475 0 0.233009 0 1 0 -0.233009 0 0.972475  0 0 0 0 -0.0233583 0
17.22 17.0729 0 -0.286 0.972529 0 0.232782 0 1 0 -0.232782 0 0.972529  0 0 0 0 -0.0231961 0
17.23 17.0729 0 -0.286 0.972582 0 0.232558 0 1 0 -0.232558 0 0.972582  0 0 0 0 -0.0229565 0
17.24 17.0729 0 -0.286 0.972636 0 0.232335 0 1 0 -0.232335 0 0.972636  0 0 0 0 -0.0228422 0
17.25 17.0729 0 -0.286 0.972688 0 0.232115 0 1 0 -0.232115 0 0.972688  0 0 0 0 -0.0225484 0
17.26 17.0729 0 -0.286 0.972741 0 0.231896 0 1 0 -0.231896 0 0.972741  0 0 0 0 -0.0223914 0
17.27 17.0729 0 -0.286 0.972792 0 0.231679 0 1 0 -0.231679 0 0.972792  0 0 0 -0 -0.0221918 0
17.28 17.0729 0 -0.286 0.972843 0 0.231465 0 1 0 -0.231465 0 0.972843  0 0 0 0 -0.0218786 0
17.29 17.0729 0 -0.286 0.972894 0 0.231253 0 1 0 -0.231253 0 0.972894  0 0 0 0 -0.0216589 0
17.3 17.0729 0 -0.286 0.972943 0 0.231044 0 1 0 -0.231044 0 0.972943  0 0 0 0 -0.0214252 0
17.31 17.0729 0 -0.286 0.972993 0 0.230837 0 1 0 -0.230837 0 0.972993  0 0 0 0 -0.0211577 0
17.32 17.0729 0 -0.286 0.973041 0 0.230632 0 1 0 -0.230632 0 0.973041  0 0 0 0 -0.0208617 0
17.33 17.0729 0 -0.286 0.973089 0 0.23043 0 1 0 -0.23043 0 0.973089  0 0 0 0 -0.0206302 0
17.34 17.0729 0 -0.286 0.973136 0 0.230231 0 1 0 -0.230231 0 0.973136  0 0 0 0 -0.0203336 0
17.35 17.0729 0 -0.286 0.973182 0 0.230035 0 1 0 -0.230035 0 0.973182  0 0 0 0 -0.0200284 0
17.36 17.0729 0 -0.286 0.973228 0 0.229841 0 1 0 -0.229841 0 0.973228  0 0 0 0 -0.0197743 0
17.37 17.0729 0 -0.286 0.973273 0 0.22965 0 1 0 -0.22965 0 0.973273  0 0 0 0 -0.0194472 0
17.38 17.0729 0 -0.286 0.973317 0 0.229463 0 1 0 -0.229463 0 0.973317  0 0 0 0 -0.0191474 0
17.39 17.0729 0 -0.286 0.973361 0 0.229278 0 1 0 -0.229278 0 0.973361  0 0 0 0 -0.0188151 0
17.4 17.0729 0 -0.286 0.973404 0 0.229096 0 1 0 -0.229096 0 0.973404  0 0 0 0 -0.0185179 0
17.41 17.0729 0 -0.286 0.973446 0 0.228918 0 1 0 -0.228918 0 0.973446  0 0 0 0 -0.0181921 0
17.42 17.0729 0 -0.286 0.973487 0 0.228742 0 1 0 -0.228742 0 0.973487  0 0 0 0 -0.0178758 0
17.43 17.0729 0 -0.286 0.973527 0 0.228571 0 1 0 -0.228571 0 0.973527  0 0 0 0 -0.0173756 0
17.44 17.0729 0 -0.286 0.973567 0 0.228403 0 1 0 -0.228403 0 0.973567  0 0 0 0 -0.0170942 0
17.45 17.0729 0 -0.286 0.973605 0 0.228238 0 1 0 -0.228238 0 0.973605  0 0 0 0 -0.0167373 0
17.46 17.0729 0 -0.286 0.973643 0 0.228077 0 1 0 -0.228077 0 0.973643  0 0 0 0 -0.0163405 0
17.47 17.0729 0 -0.286 0.97368 0 0.22792 0 1 0 -0.22792 0 0.97368  0 0 0 0 -0.0160008 0
17.48 17.0729 0 -0.286 0.973716 0 0.227766 0 1 0 -0.227766 0 0.973716  0 0 0 0 -0.0156267 0
17.49 17.0729 0 -0.286 0.973751 0 0.227615 0 1 0 -0.227615 0 0.973751  0 0 0 0 -0.0152568 0
17.5 17.0729 0 -0.286 0.973785 0 0.227469 0 1 0 -0.227469 0 0.973785  0 0 0 0 -0.0148759 0
17.51 17.0729 0 -0.286 0.973819 0 0.227326 0 1 0 -0.227326 0 0.973819  0 0 0 0 -0.0144817 0
17.52 17.0729 0 -0.286 0.973851 0 0.227186 0 1 0 -0.227186 0 0.973851  0 0 0 0 -0.0141206 0
17.53 17.0729 0 -0.286 0.973883 0 0.227051 0 1 0 -0.227051 0 0.973883  0 0 0 0 -0.0136626 0
17.54 17.0729 0 -0.286 0.973914 0 0.22692 0 1 0 -0.22692 0 0.973914  0 0 0 0 -0.0133386 0
17.55 17.0729 0 -0.286 0.973943 0 0.226792 0 1 0 -0.226792 0 0.973943  0 0 0 0 -0.012916 0
17.56 17.0729 0 -0.286 0.973972 0 0.226668 0 1 0 -0.226668 0 0.973972  0 0 0 0 -0.012522 0
17.57 17.0729 0 -0.286 0.974 0 0.226548 0 1 0 -0.226548 0 0.974  0 0 0 0 -0.0121336 0
17.58 17.0729 0 -0.286 0.974027 0 0.226432 0 1 0 -0.226432 0 0.974027  0 0 0 0 -0.0117297 0
17.59 17.0729 0 -0.286 0.974053 0 0.22632 0 1 0 -0.22632 0 0.974053  0 0 0 0 -0.0113183 0
17.6 17.0729 0 -0.286 0.974078 0 0.226211 0 1 0 -0.226211 0 0.974078  0 0 0 0 -0.0109239 0
17.61 17.0729 0 -0.286 0.974102 0 0.226107 0 1 0 -0.226107 0 0.974102  0 0 0 0 -0.0104469 0
17.62 17.0729 0 -0.286 0.974126 0 0.226007 0 1 0 -0.226007 0 0.974126  0 0 0 0 -0.0100818 0
17.63 17.0729 0 -0.286 0.974148 0 0.225911 0 1 0 -0.225911 0 0.974148  0 0 0 0 -0.00964966 0
17.64 17.0729 0 -0.286 0.974169 0 0.225819 0 1 0 -0.225819 0 0.974169  0 0 0 0 -0.0092327 0
17.65 17.0729 0 -0.286 0.97419 0 0.225731 0 1 0 -0.225731 0 0.97419  0 0 0 0 -0.00881945 0
17.66 17.0729 0 -0.286 0.974209 0 0.225647 0 1 0 -0.225647 0 0.974209  0 0 0 0 -0.00839721 0
17.67 17.0729 0 -0.286 0.974228 0 0.225568 0 1 0 -0.225568 0 0.974228  0 0 0 0 -0.00797796 0
17.68 17.0729 0 -0.286 0.974245 0 0.225492 0 1 0 -0.225492 0 0.974245  0 0 0 0 -0.00756531 0
17.69 17.0729 0 -0.286 0.974262 0 0.22542 0 1 0 -0.22542 0 0.974262  0 0 0 0 -0.00713437 0
17.7 17.0729 0 -0.286 0.974277 0 0.225353 0 1 0 -0.225353 0 0.974277  0 0 0 0 -0.00671628 0
17.71 17.0729 0 -0.286 0.974292 0 0.225289 0 1 0 -0.225289 0 0.974292  0 0 0 0 -0.00629333 0
17.72 17.0729 0 -0.286 0.974306 0 0.22523 0 1 0 -0.22523 0 0.974306  0 0 0 0 -0.0058667 0
17.73 17.0729 0 -0.286 0.974318 0 0.225175 0 1 0 -0.225175 0 0.974318  0 0 0 0 -0.00544611 0
17.74 17.0729 0 -0.286 0.97433 0 0.225124 0 1 0 -0.225124 0 0.97433  0 0 0 0 -0.00502361 0
17.75 17.0729 0 -0.286 0.974341 0 0.225077 0 1 0 -0.225077 0 0.974341  0 0 0 0 -0.00460244 0
17.76 17.0729 0 -0.286 0.974351 0 0.225034 0 1 0 -0.225034 0 0.974351  0 0 0 0 -0.00418061 0
17.77 17.0729 0 -0.286 0.97436 0 0.224996 0 1 0 -0.224996 0 0.97436  0 0 0 0 -0.00376256 0
17.78 17.0729 0 -0.286 0.974368 0 0.224961 0 1 0 -0.224961 0 0.974368  0 0 0 0 -0.00334333 0
17.79 17.0729 0 -0.286 0.974375 0 0.22493 0 1 0 -0.22493 0 0.974375  0 0 0 0 -0.00292635 0
17.8 17.0729 0 -0.286 0.974381 0 0.224904 0 1 0 -0.224904 0 0.974381  0 0 0 0 -0.00250978 0
17.81 17.0729 0 -0.286 0.974386 0 0.224881 0 1 0 -0.224881 0 0.974386  0 0 0 0 -0.00209467 0
17.82 17.0729 0 -0.286 0.97439 0 0.224863 0 1 0 -0.224863 0 0.97439  0 0 0 0 -0.00168143 0
17.83 17.0729 0 -0.286 0.974394 0 0.224849 0 1 0 -0.224849 0 0.974394  0 0 0 0 -0.00126922 0
17.84 17.0729 0 -0.286 0.974396 0 0.224838 0 1 0 -0.224838 0 0.974396  0 0 0 0 -0.000857983 0
17.85 17.0729 0 -0.286 0.974398 0 0.224832 0 1 0 -0.224832 0 0.974398  0 0 0 0 -0.000450945 0
17.86 17.0729 0 -0.286 0.974398 0 0.224829 0 1 0 -0.224829 0 0.974398  0 0 0 0 -4.43523e-05 0
17.87 17.0729 0 -0.286 0.974398 0 0.224831 0 1 0 -0.224831 0 0.974398  0 0 0 0 0.000359637 0
17.88 17.0729 0 -0.286 0.974397 0 0.224836 0 1 0 -0.224836 0 0.974397  0 0 0 0 0.000760641 0
17.89 17.0729 0 -0.286 0.974394 0 0.224846 0 1 0 -0.224846 0 0.974394  0 0 0 0 0.0011604 0
17.9 17.0729 0 -0.286 0.974391 0 0.224859 0 1 0 -0.224859 0 0.974391  0 0 0 0 0.0015575 0
17.91 17.0729 0 -0.286 0.974387 0 0.224876 0 1 0 -0.224876 0 0.974387  0 0 0 0 0.00194962 0
17.92 17.0729 0 -0.286 0.974383 0 0.224897 0 1 0 -0.224897 0 0.974383  0 0 0 0 0.00234461 0
17.93 17.0729 0 -0.286 0.974377 0 0.224922 0 1 0 -0.224922 0 0.974377  0 0 0 0 0.00273345 0
17.94 17.0729 0 -0.286 0.97437 0 0.22495 0 1 0 -0.22495 0 0.97437  0 0 0 0 0.0031193 0
17.95 17.0729 0 -0.286 0.974363 0 0.224983 0 1 0 -0.224983 0 0.974363  0 0 0 0 0.00350359 0
17.96 17.0729 0 -0.286 0.974354 0 0.225018 0 1 0 -0.225018 0 0.974354  0 0 0 0 0.00388384 0
17.97 17.0729 0 -0.286 0.974345 0 0.225058 0 1 0 -0.225058 0 0.974345  0 0 0 0 0.00425996 0
17.98 17.0729 0 -0.286 0.974335 0 0.225101 0 1 0 -0.225101 0 0.974335  0 0 0 0 0.00463386 0
17.99 17.0729 0 -0.286 0.974324 0 0.225148 0 1 0 -0.225148 0 0.974324  0 0 0 0 0.00500047 0
18 17.0729 0 -0.286 0.974313 0 0.225199 0 1 0 -0.225199 0 0.974313  0 0 0 0 0.00537041 0
18.01 17.0729 0 -0.286 0.9743 0 0.225253 0 1 0 -0.225253 0 0.9743  0 0 0 0 0.00573121 0
18.02 17.0729 0 -0.286 0.974287 0 0.22531 0 1 0 -0.22531 0 0.974287  0 0 0 0 0.00608679 0
18.03 17.0729 0 -0.286 0.974273 0 0.225371 0 1 0 -0.225371 0 0.974273  0 0 0 0 0.00643788 0
18.04 17.0729 0 -0.286 0.974258 0 0.225436 0 1 0 -0.225436 0 0.974258  0 0 0 0 0.00679284 0
18.05 17.0729 0 -0.286 0.974242 0 0.225504 0 1 0 -0.225504 0 0.974242  0 0 0 0 0.00713418 0
18.06 17.0729 0 -0.286 0.974226 0 0.225575 0 1 0 -0.225575 0 0.974226  0 0 0 0 0.00747961 0
18.07 17.0729 0 -0.286 0.974209 0 0.225649 0 1 0 -0.225649 0 0.974209  0 0 0 0 0.00781447 0
18.08 17.0729 0 -0.286 0.974191 0 0.225727 0 1 0 -0.225727 0 0.974191  0 0 0 0 0.00815542 0
18.09 17.0729 0 -0.286 0.974172 0 0.225808 0 1 0 -0.225808 0 0.974172  0 0 0 0 0.00847598 0
18.1 17.0729 0 -0.286 0.974152 0 0.225892 0 1 0 -0.225892 0 0.974152  0 0 0 0 0.00880173 0
18.11 17.0729 0 -0.286 0.974132 0 0.22598 0 1 0 -0.22598 0 0.974132  0 0 0 0 0.0091199 0
18.12 17.0729 0 -0.286 0.974111 0 0.22607 0 1 0 -0.22607 0 0.974111  0 0 0 0 0.00943726 0
18.13 17.0729 0 -0.286 0.974089 0 0.226163 0 1 0 -0.226163 0 0.974089  0 0 0 0 0.00974704 0
18.14 17.0729 0 -0.286 0.974067 0 0.22626 0 1 0 -0.22626 0 0.974067  0 0 0 0 0.0100622 0
18.15 17.0729 0 -0.286 0.974044 0 0.226359 0 1 0 -0.226359 0 0.974044  0 0 0 0 0.0103496 0
18.16 17.0729 0 -0.286 0.97402 0 0.226461 0 1 0 -0.226461 0 0.97402  0 0 0 0 0.0106301 0
18.17 17.0729 0 -0.286 0.973996 0 0.226566 0 1 0 -0.226566 0 0.973996  0 0 0 0 0.0109266 0
18.18 17.0729 0 -0.286 0.973971 0 0.226674 0 1 0 -0.226674 0 0.973971  0 0 0 0 0.0112004 0
18.19 17.0729 0 -0.286 0.973945 0 0.226784 0 1 0 -0.226784 0 0.973945  0 0 0 0 0.0114785 0
18.2 17.0729 0 -0.286 0.973919 0 0.226897 0 1 0 -0.226897 0 0.973919  0 0 0 0 0.0117474 0
18.21 17.0729 0 -0.286 0.973892 0 0.227013 0 1 0 -0.227013 0 0.973892  0 0 0 0 0.012011 0
18.22 17.0729 0 -0.286 0.973864 0 0.227131 0 1 0 -0.227131 0 0.973864  0 0 0 0 0.012273 0
18.23 17.0729 0 -0.286 0.973836 0 0.227252 0 1 0 -0.227252 0 0.973836  0 0 0 0 0.0125263 0
18.24 17.0729 0 -0.286 0.973807 0 0.227375 0 1 0 -0.227375 0 0.973807  0 0 0 0 0.0127243 0
18.25 17.0729 0 -0.286 0.973778 0 0.2275 0 1 0 -0.2275 0 0.973778  0 0 0 0 0.0130162 0
18.26 17.0729 0 -0.286 0.973748 0 0.227628 0 1 0 -0.227628 0 0.973748  0 0 0 0 0.0132341 0
18.27 17.0729 0 -0.286 0.973718 0 0.227758 0 1 0 -0.227758 0 0.973718  0 0 0 0 0.0134322 0
18.28 17.0729 0 -0.286 0.973687 0 0.22789 0 1 0 -0.22789 0 0.973687  0 0 0 0 0.0136917 0
18.29 17.0729 0 -0.286 0.973655 0 0.228024 0 1 0 -0.228024 0 0.973655  0 0 0 0 0.0138999 0
18.3 17.0729 0 -0.286 0.973624 0 0.22816 0 1 0 -0.22816 0 0.973624  0 0 0 0 0.0141041 0
18.31 17.0729 0 -0.286 0.973591 0 0.228299 0 1 0 -0.228299 0 0.973591  0 0 0 0 0.0143201 0
18.32 17.0729 0 -0.286 0.973558 0 0.228439 0 1 0 -0.228439 0 0.973558  0 0 0 0 0.0145257 0
18.33 17.0729 0 -0.286 0.973525 0 0.228581 0 1 0 -0.228581 0 0.973525  0 0 0 0 0.0147049 0
18.34 17.0729 0 -0.286 0.973491 0 0.228726 0 1 0 -0.228726 0 0.973491  0 0 0 0 0.0148956 0
18.35 17.0729 0 -0.286 0.973457 0 0.228871 0 1 0 -0.228871 0 0.973457  0 0 0 0 0.015003 0
18.36 17.0729 0 -0.286 0.973422 0 0.229018 0 1 0 -0.229018 0 0.973422  0 0 0 0 0.0151997 0
18.37 17.0729 0 -0.286 0.973387 0 0.229166 0 1 0 -0.229166 0 0.973387  0 0 0 0 0.0152131 0
18.38 17.0729 0 -0.286 0.973352 0 0.229316 0 1 0 -0.229316 0 0.973352  0 0 0 0 0.0155288 0
18.39 17.0729 0 -0.286 0.973316 0 0.229467 0 1 0 -0.229467 0 0.973316  0 0 0 0 0.0156088 0
18.4 17.0729 0 -0.286 0.97328 0 0.22962 0 1 0 -0.22962 0 0.97328  0 0 0 0 0.015741 0
18.41 17.0729 0 -0.286 0.973244 0 0.229774 0 1 0 -0.229774 0 0.973244  0 0 0 0 0.0159152 0
18.42 17.0729 0 -0.286 0.973207 0 0.229929 0 1 0 -0.229929 0 0.973207  0 0 0 0 0.0160187 0
18.43 17.0729 0 -0.286 0.97317 0 0.230086 0 1 0 -0.230086 0 0.97317  0 0 0 0 0.0161433 0
18.44 17.0729 0 -0.286 0.973133 0 0.230243 0 1 0 -0.230243 0 0.973133  0 0 0 0 0.0162686 0
18.45 17.0729 0 -0.286 0.973096 0 0.230402 0 1 0 -0.230402 0 0.973096  0 0 0 0 0.0163797 0
18.46 17.0729 0 -0.286 0.973058 0 0.230562 0 1 0 -0.230562 0 0.973058  0 0 0 0 0.0164625 0
18.47 17.0729 0 -0.286 0.97302 0 0.230723 0 1 0 -0.230723 0 0.97302  0 0 0 0 0.0165842 0
18.48 17.0729 0 -0.286 0.972981 0 0.230884 0 1 0 -0.230884 0 0.972981  0 0 0 0 0.0166639 0
18.49 17.0729 0 -0.286 0.972943 0 0.231047 0 1 0 -0.231047 0 0.972943  0 0 0 0 0.0167475 0
18.5 17.0729 0 -0.286 0.972904 0 0.231211 0 1 0 -0.231211 0 0.972904  0 0 0 0 0.0169313 0
18.51 17.0729 0 -0.286 0.972865 0 0.231375 0 1 0 -0.231375 0 0.972865  0 0 0 0 0.0169167 0
18.52 17.0729 0 -0.286 0.972825 0 0.23154 0 1 0 -0.23154 0 0.972825  0 0 0 0 0.0170064 0
18.53 17.0729 0 -0.286 0.972786 0 0.231706 0 1 0 -0.231706 0 0.972786  0 0 0 0 0.0170793 0
18.54 17.0729 0 -0.286 0.972746 0 0.231872 0 1 0 -0.231872 0 0.972746  0 0 0 0 0.017109 0
18.55 17.0729 0 -0.286 0.972707 0 0.232039 0 1 0 -0.232039 0 0.972707  0 0 0 0 0.0171621 0
18.56 17.0729 0 -0.286 0.972667 0 0.232206 0 1 0 -0.232206 0 0.972667  0 0 0 0 0.017197 0
18.57 17.0729 0 -0.286 0.972627 0 0.232374 0 1 0 -0.232374 0 0.972627  0 0 0 0 0.0172739 0
18.58 17.0729 0 -0.286 0.972587 0 0.232541 0 1 0 -0.232541 0 0.972587  0 0 0 0 0.0172362 0
18.59 17.0729 0 -0.286 0.972546 0 0.23271 0 1 0 -0.23271 0 0.972546  0 0 0 0 0.0173198 0
18.6 17.0729 0 -0.286 0.972506 0 0.232878 0 1 0 -0.232878 0 0.972506  0 0 0 0 0.0172956 0
18.61 17.0729 0 -0.286 0.972466 0 0.233046 0 1 0 -0.233046 0 0.972466  0 0 0 0 0.0173449 0
18.62 17.0729 0 -0.286 0.972425 0 0.233214 0 1 0 -0.233214 0 0.972425  0 0 0 0 0.0172922 0
18.63 17.0729 0 -0.286 0.972385 0 0.233383 0 1 0 -0.233383 0 0.972385  0 0 0 0 0.0173137 0
18.64 17.0729 0 -0.286 0.972345 0 0.23355 0 1 0 -0.23355 0 0.972345  0 0 0 0 0.017198 0
18.65 17.0729 0 -0.286 0.972304 0 0.233718 0 1 0 -0.233718 0 0.972304  0 0 0 0 0.017222 0
18.66 17.0729 0 -0.286 0.972264 0 0.233884 0 1 0 -0.233884 0 0.972264  0 0 0 0 0.017129 0
18.67 17.0729 0 -0.286 0.972224 0 0.234051 0 1 0 -0.234051 0 0.972224  0 0 0 0 0.017064 0
18.68 17.0729 0 -0.286 0.972184 0 0.234216 0 1 0 -0.234216 0 0.972184  0 0 0 0 0.0170077 0
18.69 17.0729 0 -0.286 0.972145 0 0.234381 0 1 0 -0.234381 0 0.972145  0 0 0 0 0.0169036 0
18.7 17.0729 0 -0.286 0.972105 0 0.234545 0 1 0 -0.234545 0 0.972105  0 0 0 0 0.0168477 0
18.71 17.0729 0 -0.286 0.972066 0 0.234709 0 1 0 -0.234709 0 0.972066  0 0 0 0 0.0167706 0
18.72 17.0729 0 -0.286 0.972027 0 0.234871 0 1 0 -0.234871 0 0.972027  0 0 0 0 0.016631 0
18.73 17.0729 0 -0.286 0.971988 0 0.235032 0 1 0 -0.235032 0 0.971988  0 0 0 0 0.0165655 0
18.74 17.0729 0 -0.286 0.971949 0 0.235192 0 1 0 -0.235192 0 0.971949  0 0 0 0 0.0164292 0
18.75 17.0729 0 -0.286 0.97191 0 0.235352 0 1 0 -0.235352 0 0.97191  0 0 0 0 0.0163218 0
18.76 17.0729 0 -0.286 0.971872 0 0.23551 0 1 0 -0.23551 0 0.971872  0 0 0 0 0.0162042 0
18.77 17.0729 0 -0.286 0.971834 0 0.235667 0 1 0 -0.235667 0 0.971834  0 0 0 0 0.0161055 0
18.78 17.0729 0 -0.286 0.971796 0 0.235822 0 1 0 -0.235822 0 0.971796  0 0 0 0 0.0159524 0
18.79 17.0729 0 -0.286 0.971759 0 0.235977 0 1 0 -0.235977 0 0.971759  0 0 0 0 0.0158386 0
18.8 17.0729 0 -0.286 0.971721 0 0.23613 0 1 0 -0.23613 0 0.971721  0 0 0 0 0.015728 0
18.81 17.0729 0 -0.286 0.971685 0 0.236282 0 1 0 -0.236282 0 0.971685  0 0 0 0 0.0155494 0
18.82 17.0729 0 -0.286 0.971648 0 0.236432 0 1 0 -0.236432 0 0.971648  0 0 0 0 0.0154047 0
18.83 17.0729 0 -0.286 0.971612 0 0.236581 0 1 0 -0.236581 0 0.971612  0 0 0 0 0.0152589 0
18.84 17.0729 0 -0.286 0.971576 0 0.236729 0 1 0 -0.236729 0 0.971576  0 0 0 0 0.0150824 0
18.85 17.0729 0 -0.286 0.97154 0 0.236875 0 1 0 -0.236875 0 0.97154  0 0 0 0 0.0149511 0
18.86 17.0729 0 -0.286 0.971505 0 0.237019 0 1 0 -0.237019 0 0.971505  0 0 0 0 0.0147594 0
18.87 17.0729 0 -0.286 0.97147 0 0.237162 0 1 0 -0.237162 0 0.97147  0 0 0 0 0.0145978 0
18.88 17.0729 0 -0.286 0.971436 0 0.237303 0 1 0 -0.237303 0 0.971436  0 0 0 0 0.0144361 0
18.89 17.0729 0 -0.286 0.971402 0 0.237442 0 1 0 -0.237442 0 0.971402  0 0 0 0 0.0142496 0
18.9 17.0729 0 -0.286 0.971368 0 0.237579 0 1 0 -0.237579 0 0.971368  0 0 0 0 0.0140418 0
18.91 17.0729 0 -0.286 0.971335 0 0.237716 0 1 0 -0.237716 0 0.971335  0 0 0 0 0.0140192 0
18.92 17.0729 0 -0.286 0.971302 0 0.23785 0 1 0 -0.23785 0 0.971302  0 0 0 0 0.0137128 0
18.93 17.0729 0 -0.286 0.971269 0 0.237983 0 1 0 -0.237983 0 0.971269  0 0 0 0 0.0135648 0
18.94 17.0729 0 -0.286 0.971237 0 0.238114 0 1 0 -0.238114 0 0.971237  0 0 0 0 0.0134024 0
18.95 17.0729 0 -0.286 0.971206 0 0.238241 0 1 0 -0.238241 0 0.971206  0 0 0 0 0.0129803 0
18.96 17.0729 0 -0.286 0.971175 0 0.238369 0 1 0 -0.238369 0 0.971175  0 0 0 0 0.0130273 0
18.97 17.0729 0 -0.286 0.971144 0 0.238493 0 1 0 -0.238493 0 0.971144  0 0 0 0 0.0127265 0
18.98 17.0729 0 -0.286 0.971114 0 0.238615 0 1 0 -0.238615 0 0.971114  0 0 0 0 0.0124962 0
18.99 17.0729 0 -0.286 0.971084 0 0.238736 0 1 0 -0.238736 0 0.971084  0 0 0 0 0.0123497 0
19 17.0729 0 -0.286 0.971055 0 0.238855 0 1 0 -0.238855 0 0.971055  0 0 0 0 0.0120965 0
19.01 17.0729 0 -0.286 0.971027 0 0.238971 0 1 0 -0.238971 0 0.971027  0 0 0 0 0.0118929 0
19.02 17.0729 0 -0.286 0.970998 0 0.239086 0 1 0 -0.239086 0 0.970998  0 0 0 0 0.011687 0
19.03 17.0729 0 -0.286 0.970971 0 0.239198 0 1 0 -0.239198 0 0.970971  0 0 0 0 0.0114388 0
19.04 17.0729 0 -0.286 0.970944 0 0.239308 0 1 0 -0.239308 0 0.970944  0 0 0 0 0.0112327 0
19.05 17.0729 0 -0.286 0.970917 0 0.239416 0 1 0 -0.239416 0 0.970917  0 0 0 0 0.0109931 0
19.06 17.0729 0 -0.286 0.970891 0 0.239522 0 1 0 -0.239522 0 0.970891  0 0 0 0 0.010776 0
19.07 17.0729 0 -0.286 0.970866 0 0.239625 0 1 0 -0.239625 0 0.970866  0 0 0 0 0.0105345 0
19.08 17.0729 0 -0.286 0.970841 0 0.239726 0 1 0 -0.239726 0 0.970841  0 0 0 0 0.0103034 0
19.09 17.0729 0 -0.286 0.970816 0 0.239825 0 1 0 -0.239825 0 0.970816  0 0 0 0 0.0100734 0
19.1 17.0729 0 -0.286 0.970792 0 0.239922 0 1 0 -0.239922 0 0.970792  0 0 0 0 0.00983015 0
19.11 17.0729 0 -0.286 0.970769 0 0.240016 0 1 0 -0.240016 0 0.970769  0 0 0 0 0.00959809 0
19.12 17.0729 0 -0.286 0.970746 0 0.240108 0 1 0 -0.240108 0 0.970746  0 0 0 0 0.00935976 0
19.13 17.0729 0 -0.286 0.970724 0 0.240198 0 1 0 -0.240198 0 0.970724  0 0 0 0 0.00911708 0
19.14 17.0729 0 -0.286 0.970702 0 0.240285 0 1 0 -0.240285 0 0.970702  0 0 0 0 0.00887052 0
19.15 17.0729 0 -0.286 0.970681 0 0.24037 0 1 0 -0.24037 0 0.970681  0 0 0 0 0.00862752 0
19.16 17.0729 0 -0.286 0.970661 0 0.240452 0 1 0 -0.240452 0 0.970661  0 0 0 0 0.00837934 0
19.17 17.0729 0 -0.286 0.970641 0 0.240533 0 1 0 -0.240533 0 0.970641  0 0 0 0 0.00813468 0
19.18 17.0729 0 -0.286 0.970622 0 0.24061 0 1 0 -0.24061 0 0.970622  0 0 0 0 0.00788413 0
19.19 17.0729 0 -0.286 0.970603 0 0.240686 0 1 0 -0.240686 0 0.970603  0 0 0 0 0.00764988 0
19.2 17.0729 0 -0.286 0.970585 0 0.240759 0 1 0 -0.240759 0 0.970585  0 0 0 0 0.00738104 0
19.21 17.0729 0 -0.286 0.970568 0 0.240829 0 1 0 -0.240829 0 0.970568  0 0 0 0 0.00713621 0
19.22 17.0729 0 -0.286 0.970551 0 0.240897 0 1 0 -0.240897 0 0.970551  0 0 0 0 0.00688336 0
19.23 17.0729 0 -0.286 0.970534 0 0.240963 0 1 0 -0.240963 0 0.970534  0 0 0 0 0.00662599 0
19.24 17.0729 0 -0.286 0.970519 0 0.241026 0 1 0 -0.241026 0 0.970519  0 0 0 0 0.00636704 0
19.25 17.0729 0 -0.286 0.970504 0 0.241086 0 1 0 -0.241086 0 0.970504  0 0 0 0 0.00611595 0
19.26 17.0729 0 -0.286 0.970489 0 0.241144 0 1 0 -0.241144 0 0.970489  0 0 0 0 0.0058568 0
19.27 17.0729 0 -0.286 0.970475 0 0.2412 0 1 0 -0.2412 0 0.970475  0 0 0 0 0.00560003 0
19.28 17.0729 0 -0.286 0.970462 0 0.241253 0 1 0 -0.241253 0 0.970462  0 0 0 0 0.00534613 0
19.29 17.0729 0 -0.286 0.97045 0 0.241304 0 1 0 -0.241304 0 0.97045  0 0 0 0 0.00508772 0
19.3 17.0729 0 -0.286 0.970438 0 0.241352 0 1 0 -0.241352 0 0.970438  0 0 0 0 0.00482827 0
19.31 17.0729 0 -0.286 0.970426 0 0.241397 0 1 0 -0.241397 0 0.970426  0 0 0 0 0.00457359 0
19.32 17.0729 0 -0.286 0.970416 0 0.241441 0 1 0 -0.241441 0 0.970416  0 0 0 0 0.00431695 0
19.33 17.0729 0 -0.286 0.970405 0 0.241481 0 1 0 -0.241481 0 0.970405  0 0 0 0 0.00406024 0
19.34 17.0729 0 -0.286 0.970396 0 0.241519 0 1 0 -0.241519 0 0.970396  0 0 0 0 0.00380441 0
19.35 17.0729 0 -0.286 0.970387 0 0.241556 0 1 0 -0.241556 0 0.970387  0 0 0 0 0.00361394 0
19.36 17.0729 0 -0.286 0.970379 0 0.241589 0 1 0 -0.241589 0 0.970379  0 0 0 0 0.00330519 0
19.37 17.0729 0 -0.286 0.970371 0 0.24162 0 1 0 -0.24162 0 0.970371  0 0 0 0 0.0030712 0
19.38 17.0729 0 -0.286 0.970364 0 0.241649 0 1 0 -0.241649 0 0.970364  0 0 0 0 0.00283014 0
19.39 17.0729 0 -0.286 0.970357 0 0.241675 0 1 0 -0.241675 0 0.970357  0 0 0 0 0.00256227 0
19.4 17.0729 0 -0.286 0.970351 0 0.241698 0 1 0 -0.241698 0 0.970351  0 0 0 0 0.00231787 0
19.41 17.0729 0 -0.286 0.970346 0 0.24172 0 1 0 -0.24172 0 0.970346  0 0 0 0 0.00206611 0
19.42 17.0729 0 -0.286 0.970341 0 0.241738 0 1 0 -0.241738 0 0.970341  0 0 0 0 0.00181141 0
19.43 17.0729 0 -0.286 0.970337 0 0.241755 0 1 0 -0.241755 0 0.970337  0 0 0 0 0.00156202 0
19.44 17.0729 0 -0.286 0.970334 0 0.241769 0 1 0 -0.241769 0 0.970334  0 0 0 0 0.00131114 0
19.45 17.0729 0 -0.286 0.970331 0 0.24178 0 1 0 -0.24178 0 0.970331  0 0 0 0 0.00105991 0
19.46 17.0729 0 -0.286 0.970329 0 0.241789 0 1 0 -0.241789 0 0.970329  0 0 0 0 0.000804629 0
19.47 17.0729 0 -0.286 0.970327 0 0.241796 0 1 0 -0.241796 0 0.970327  0 0 0 0 0.000558826 0
19.48 17.0729 0 -0.286 0.970326 0 0.2418 0 1 0 -0.2418 0 0.970326  0 0 0 0 0.000308897 0
19.49 17.0729 0 -0.286 0.970326 0 0.241802 0 1 0 -0.241802 0 0.970326  0 0 0 0 5.9315e-05 0
19.5 17.0729 0 -0.286 0.970326 0 0.241801 0 1 0 -0.241801 0 0.970326  0 0 0 0 -0.000186244 0
19.51 17.0729 0 -0.286 0.970327 0 0.241798 0 1 0 -0.241798 0 0.970327  0 0 0 0 -0.000433661 0
19.52 17.0729 0 -0.286 0.970328 0 0.241793 0 1 0 -0.241793 0 0.970328  0 0 0 0 -0.000679088 0
19.53 17.0729 0 -0.286 0.97033 0 0.241785 0 1 0 -0.241785 0 0.97033  0 0 0 0 -0.000923733 0
19.54 17.0729 0 -0.286 0.970332 0 0.241775 0 1 0 -0.241775 0 0.970332  0 0 0 0 -0.00116715 0
19.55 17.0729 0 -0.286 0.970335 0 0.241763 0 1 0 -0.241763 0 0.970335  0 0 0 0 -0.00140984 0
19.56 17.0729 0 -0.286 0.970339 0 0.241748 0 1 0 -0.241748 0 0.970339  0 0 0 0 -0.00164774 0
19.57 17.0729 0 -0.286 0.970343 0 0.241731 0 1 0 -0.241731 0 0.970343  0 0 0 0 -0.00189045 0
19.58 17.0729 0 -0.286 0.970348 0 0.241711 0 1 0 -0.241711 0 0.970348  0 0 0 0 -0.00212718 0
19.59 17.0729 0 -0.286 0.970354 0 0.241689 0 1 0 -0.241689 0 0.970354  0 0 0 0 -0.00236416 0
19.6 17.0729 0 -0.286 0.97036 0 0.241665 0 1 0 -0.241665 0 0.97036  0 0 0 0 -0.00259986 0
19.61 17.0729 0 -0.286 0.970366 0 0.241639 0 1 0 -0.241639 0 0.970366  0 0 0 0 -0.00283383 0
19.62 17.0729 0 -0.286 0.970373 0 0.24161 0 1 0 -0.24161 0 0.970373  0 0 0 0 -0.00306598 0
19.63 17.0729 0 -0.286 0.970381 0 0.241579 0 1 0 -0.241579 0 0.970381  0 0 0 0 -0.00329699 0
19.64 17.0729 0 -0.286 0.970389 0 0.241546 0 1 0 -0.241546 0 0.970389  0 0 0 0 -0.00352619 0
19.65 17.0729 0 -0.286 0.970398 0 0.241511 0 1 0 -0.241511 0 0.970398  0 0 0 0 -0.00375337 0
19.66 17.0729 0 -0.286 0.970407 0 0.241473 0 1 0 -0.241473 0 0.970407  0 0 0 0 -0.00397842 0
19.67 17.0729 0 -0.286 0.970417 0 0.241434 0 1 0 -0.241434 0 0.970417  0 0 0 0 -0.00418147 0
19.68 17.0729 0 -0.286 0.970428 0 0.241392 0 1 0 -0.241392 0 0.970428  0 0 0 0 -0.00443681 0
19.69 17.0729 0 -0.286 0.970439 0 0.241348 0 1 0 -0.241348 0 0.970439  0 0 0 0 -0.0046604 0
19.7 17.0729 0 -0.286 0.97045 0 0.241302 0 1 0 -0.241302 0 0.97045  0 0 0 0 -0.00486851 0
19.71 17.0729 0 -0.286 0.970462 0 0.241253 0 1 0 -0.241253 0 0.970462  0 0 0 0 -0.00509564 0
19.72 17.0729 0 -0.286 0.970475 0 0.241203 0 1 0 -0.241203 0 0.970475  0 0 0 0 -0.00530813 0
19.73 17.0729 0 -0.286 0.970488 0 0.24115 0 1 0 -0.24115 0 0.970488  0 0 0 0 -0.00551982 0
19.74 17.0729 0 -0.286 0.970501 0 0.241096 0 1 0 -0.241096 0 0.970501  0 0 0 0 -0.005732 0
19.75 17.0729 0 -0.286 0.970515 0 0.241039 0 1 0 -0.241039 0 0.970515  0 0 0 0 -0.00593704 0
19.76 17.0729 0 -0.286 0.97053 0 0.240981 0 1 0 -0.240981 0 0.97053  0 0 0 0 -0.00614274 0
19.77 17.0729 0 -0.286 0.970545 0 0.24092 0 1 0 -0.24092 0 0.970545  0 0 0 0 -0.00634475 0
19.78 17.0729 0 -0.286 0.97056 0 0.240857 0 1 0 -0.240857 0 0.97056  0 0 0 0 -0.00654091 0
19.79 17.0729 0 -0.286 0.970576 0 0.240793 0 1 0 -0.240793 0 0.970576  0 0 0 0 -0.00673497 0
19.8 17.0729 0 -0.286 0.970593 0 0.240727 0 1 0 -0.240727 0 0.970593  0 0 0 0 -0.00693529 0
19.81 17.0729 0 -0.286 0.97061 0 0.240659 0 1 0 -0.240659 0 0.97061  0 0 0 0 -0.00711799 0
19.82 17.0729 0 -0.286 0.970627 0 0.240589 0 1 0 -0.240589 0 0.970627  0 0 0 0 -0.00729581 0
19.83 17.0729 0 -0.286 0.970645 0 0.240517 0 1 0 -0.240517 0 0.970645  0 0 0 0 -0.00748543 0
19.84 17.0729 0 -0.286 0.970663 0 0.240443 0 1 0 -0.240443 0 0.970663  0 0 0 0 -0.00765542 0
19.85 17.0729 0 -0.286 0.970682 0 0.240368 0 1 0 -0.240368 0 0.970682  0 0 0 0 -0.00783241 0
19.86 17.0729 0 -0.286 0.970701 0 0.240291 0 1 0 -0.240291 0 0.970701  0 0 0 0 -0.0080072 0
19.87 17.0729 0 -0.286 0.97072 0 0.240213 0 1 0 -0.240213 0 0.97072  0 0 0 0 -0.00817064 0
19.88 17.0729 0 -0.286 0.97074 0 0.240133 0 1 0 -0.240133 0 0.97074  0 0 0 0 -0.00833578 0
19.89 17.0729 0 -0.286 0.97076 0 0.240051 0 1 0 -0.240051 0 0.97076  0 0 0 0 -0.00849403 0
19.9 17.0729 0 -0.286 0.970781 0 0.239968 0 1 0 -0.239968 0 0.970781  0 0 0 0 -0.0086492 0
19.91 17.0729 0 -0.286 0.970802 0 0.239883 0 1 0 -0.239883 0 0.970802  0 0 0 0 -0.00880377 0
19.92 17.0729 0 -0.286 0.970823 0 0.239797 0 1 0 -0.239797 0 0.970823  0 0 0 0 -0.00895155 0
19.93 17.0729 0 -0.286 0.970845 0 0.239709 0 1 0 -0.239709 0 0.970845  0 0 0 0 -0.00909525 0
19.94 17.0729 0 -0.286 0.970867 0 0.239621 0 1 0 -0.239621 0 0.970867  0 0 0 0 -0.00923437 0
19.95 17.0729 0 -0.286 0.970889 0 0.23953 0 1 0 -0.23953 0 0.970889  0 0 0 0 -0.00936261 0
19.96 17.0729 0 -0.286 0.970911 0 0.239439 0 1 0 -0.239439 0 0.970911  0 0 0 0 -0.00950532 0
19.97 17.0729 0 -0.286 0.970934 0 0.239346 0 1 0 -0.239346 0 0.970934  0 0 0 0 -0.00962356 0
19.98 17.0729 0 -0.286 0.970958 0 0.239252 0 1 0 -0.239252 0 0.970958  0 0 0 0 -0.00974872 0
19.99 17.0729 0 -0.286 0.970981 0 0.239157 0 1 0 -0.239157 0 0.970981  0 0 0 0 -0.00986771 0
20 17.0729 0 -0.286 0.971005 0 0.23906 0 1 0 -0.23906 0 0.971005  0 0 0 0 -0.00997959 0
