*************************Generated by extractMotion.sh**********************
*      Thu May  8 17:05:41 MDT 2025 - Case: heave/mesh_2x
* Note: Data was extracted from log.overInterDyMFoam using extractMotion.sh
*       Can be visualized with plotMotion.py                            
****************************************************************************
Time X(x3) Orientation(x9) dX(x3) dX_angular(x3)
0.01 17.0729 0 -0.08614 1 0 0 0 1 0 0 0 1  -0 -0 -0.0280037 0 0 0
0.02 17.0729 0 -0.0862396 1 0 0 0 1 0 0 0 1  0 0 -0.0287257 0 0 0
0.03 17.0729 0 -0.0862456 1 0 0 0 1 0 0 0 1  0 0 -0.00280438 0 0 0
0.04 17.0729 0 -0.0865919 1 0 0 0 1 0 0 0 1  0 0 -0.036879 0 0 0
0.05 17.0729 0 -0.0867822 1 0 0 0 1 0 0 0 1  0 0 -0.0231571 0 0 0
0.06 17.0729 0 -0.0871164 1 0 0 0 1 0 0 0 1  0 0 -0.0343687 0 0 0
0.07 17.0729 0 -0.0875246 1 0 0 0 1 0 0 0 1  0 0 -0.0447435 0 0 0
0.08 17.0729 0 -0.0878859 1 0 0 0 1 0 0 0 1  0 0 -0.0380543 0 0 0
0.09 17.0729 0 -0.0884161 1 0 0 0 1 0 0 0 1  0 0 -0.0554455 0 0 0
0.1 17.0729 0 -0.0888892 1 0 0 0 1 0 0 0 1  0 0 -0.0501483 0 0 0
0.11 17.0729 0 -0.0894629 1 0 0 0 1 0 0 0 1  0 0 -0.0588951 0 0 0
0.12 17.0729 0 -0.0900641 1 0 0 0 1 0 0 0 1  0 0 -0.0623729 0 0 0
0.13 17.0729 0 -0.09066 1 0 0 0 1 0 0 0 1  0 0 -0.0602459 0 0 0
0.14 17.0729 0 -0.0914276 1 0 0 0 1 0 0 0 1  0 0 -0.0798338 0 0 0
0.15 17.0729 0 -0.0920879 1 0 0 0 1 0 0 0 1  0 0 -0.0683858 0 0 0
0.16 17.0729 0 -0.0928374 1 0 0 0 1 0 0 0 1  0 0 -0.0749226 0 0 0
0.17 17.0729 0 -0.0937318 1 0 0 0 1 0 0 0 1  0 0 -0.0936737 0 0 0
0.18 17.0729 0 -0.0944705 1 0 0 0 1 0 0 0 1  0 0 -0.0753685 0 0 0
0.19 17.0729 0 -0.0954657 1 0 0 0 1 0 0 0 1  0 0 -0.101313 0 0 0
0.2 17.0729 0 -0.0963474 1 0 0 0 1 0 0 0 1  0 0 -0.0914668 0 0 0
0.21 17.0729 0 -0.0973395 1 0 0 0 1 0 0 0 1  0 0 -0.100118 0 0 0
0.22 17.0729 0 -0.0984343 1 0 0 0 1 0 0 0 1  0 0 -0.113455 0 0 0
0.23 17.0729 0 -0.0994826 1 0 0 0 1 0 0 0 1  0 0 -0.107361 0 0 0
0.24 17.0729 0 -0.100679 1 0 0 0 1 0 0 0 1  0 0 -0.12192 0 0 0
0.25 17.0729 0 -0.101853 1 0 0 0 1 0 0 0 1  0 0 -0.120335 0 0 0
0.26 17.0729 0 -0.103068 1 0 0 0 1 0 0 0 1  0 0 -0.122608 0 0 0
0.27 17.0729 0 -0.104375 1 0 0 0 1 0 0 0 1  0 0 -0.133231 0 0 0
0.28 17.0729 0 -0.10565 1 0 0 0 1 0 0 0 1  0 0 -0.129456 0 0 0
0.29 17.0729 0 -0.10703 1 0 0 0 1 0 0 0 1  0 0 -0.139834 0 0 0
0.3 17.0729 0 -0.108422 1 0 0 0 1 0 0 0 1  0 0 -0.141776 0 0 0
0.31 17.0729 0 -0.109849 1 0 0 0 1 0 0 0 1  0 0 -0.144336 0 0 0
0.32 17.0729 0 -0.111349 1 0 0 0 1 0 0 0 1  0 0 -0.152293 0 0 0
0.33 17.0729 0 -0.112843 1 0 0 0 1 0 0 0 1  0 0 -0.151262 0 0 0
0.34 17.0729 0 -0.11441 1 0 0 0 1 0 0 0 1  0 0 -0.158364 0 0 0
0.35 17.0729 0 -0.115996 1 0 0 0 1 0 0 0 1  0 0 -0.1607 0 0 0
0.36 17.0729 0 -0.117601 1 0 0 0 1 0 0 0 1  0 0 -0.161753 0 0 0
0.37 17.0729 0 -0.11928 1 0 0 0 1 0 0 0 1  0 0 -0.169785 0 0 0
0.38 17.0729 0 -0.120939 1 0 0 0 1 0 0 0 1  0 0 -0.167515 0 0 0
0.39 17.0729 0 -0.122673 1 0 0 0 1 0 0 0 1  0 0 -0.174709 0 0 0
0.4 17.0729 0 -0.124409 1 0 0 0 1 0 0 0 1  0 0 -0.175432 0 0 0
0.41 17.0729 0 -0.12618 1 0 0 0 1 0 0 0 1  0 0 -0.178228 0 0 0
0.42 17.0729 0 -0.128003 1 0 0 0 1 0 0 0 1  0 0 -0.184086 0 0 0
0.43 17.0729 0 -0.129804 1 0 0 0 1 0 0 0 1  0 0 -0.181153 0 0 0
0.44 17.0729 0 -0.13169 1 0 0 0 1 0 0 0 1  0 0 -0.189771 0 0 0
0.45 17.0729 0 -0.13356 1 0 0 0 1 0 0 0 1  0 0 -0.188582 0 0 0
0.46 17.0729 0 -0.135512 1 0 0 0 1 0 0 0 1  0 0 -0.196883 0 0 0
0.47 17.0729 0 -0.137474 1 0 0 0 1 0 0 0 1  0 0 -0.198483 0 0 0
0.48 17.0729 0 -0.139457 1 0 0 0 1 0 0 0 1  0 0 -0.199438 0 0 0
0.49 17.0729 0 -0.141511 1 0 0 0 1 0 0 0 1  0 0 -0.207367 0 0 0
0.5 17.0729 0 -0.143543 1 0 0 0 1 0 0 0 1  0 0 -0.204775 0 0 0
0.51 17.0729 0 -0.145597 1 0 0 0 1 0 0 0 1  0 0 -0.205626 0 0 0
0.52 17.0729 0 -0.14768 1 0 0 0 1 0 0 0 1  0 0 -0.20921 0 0 0
0.53 17.0729 0 -0.14978 1 0 0 0 1 0 0 0 1  0 0 -0.211219 0 0 0
0.54 17.0729 0 -0.151893 1 0 0 0 1 0 0 0 1  0 0 -0.212162 0 0 0
0.55 17.0729 0 -0.154066 1 0 0 0 1 0 0 0 1  0 0 -0.218873 0 0 0
0.56 17.0729 0 -0.156198 1 0 0 0 1 0 0 0 1  0 0 -0.214094 0 0 0
0.57 17.0729 0 -0.158403 1 0 0 0 1 0 0 0 1  0 0 -0.22105 0 0 0
0.58 17.0729 0 -0.160584 1 0 0 0 1 0 0 0 1  0 0 -0.21916 0 0 0
0.59 17.0729 0 -0.162849 1 0 0 0 1 0 0 0 1  0 0 -0.228035 0 0 0
0.6 17.0729 0 -0.165043 1 0 0 0 1 0 0 0 1  0 0 -0.219997 0 0 0
0.61 17.0729 0 -0.167296 1 0 0 0 1 0 0 0 1  0 0 -0.22503 0 0 0
0.62 17.0729 0 -0.169555 1 0 0 0 1 0 0 0 1  0 0 -0.2269 0 0 0
0.63 17.0729 0 -0.171795 1 0 0 0 1 0 0 0 1  0 0 -0.224169 0 0 0
0.64 17.0729 0 -0.17409 1 0 0 0 1 0 0 0 1  0 0 -0.230063 0 0 0
0.65 17.0729 0 -0.176358 1 0 0 0 1 0 0 0 1  0 0 -0.227539 0 0 0
0.66 17.0729 0 -0.178659 1 0 0 0 1 0 0 0 1  0 0 -0.230437 0 0 0
0.67 17.0729 0 -0.180964 1 0 0 0 1 0 0 0 1  0 0 -0.231215 0 0 0
0.68 17.0729 0 -0.18326 1 0 0 0 1 0 0 0 1  0 0 -0.229749 0 0 0
0.69 17.0729 0 -0.18559 1 0 0 0 1 0 0 0 1  0 0 -0.233566 0 0 0
0.7 17.0729 0 -0.187893 1 0 0 0 1 0 0 0 1  0 0 -0.230744 0 0 0
0.71 17.0729 0 -0.190257 1 0 0 0 1 0 0 0 1  0 0 -0.237232 0 0 0
0.72 17.0729 0 -0.192613 1 0 0 0 1 0 0 0 1  0 0 -0.236894 0 0 0
0.73 17.0729 0 -0.194929 1 0 0 0 1 0 0 0 1  0 0 -0.230938 0 0 0
0.74 17.0729 0 -0.197338 1 0 0 0 1 0 0 0 1  0 0 -0.241497 0 0 0
0.75 17.0729 0 -0.199648 1 0 0 0 1 0 0 0 1  0 0 -0.231364 0 0 0
0.76 17.0729 0 -0.202046 1 0 0 0 1 0 0 0 1  0 0 -0.23958 0 0 0
0.77 17.0729 0 -0.204425 1 0 0 0 1 0 0 0 1  0 0 -0.239148 0 0 0
0.78 17.0729 0 -0.206759 1 0 0 0 1 0 0 0 1  0 0 -0.232924 0 0 0
0.79 17.0729 0 -0.209191 1 0 0 0 1 0 0 0 1  0 0 -0.243851 0 0 0
0.8 17.0729 0 -0.211518 1 0 0 0 1 0 0 0 1  0 0 -0.233047 0 0 0
0.81 17.0729 0 -0.213916 1 0 0 0 1 0 0 0 1  0 0 -0.239262 0 0 0
0.82 17.0729 0 -0.216284 1 0 0 0 1 0 0 0 1  0 0 -0.237319 0 0 0
0.83 17.0729 0 -0.21862 1 0 0 0 1 0 0 0 1  0 0 -0.232703 0 0 0
0.84 17.0729 0 -0.221007 1 0 0 0 1 0 0 0 1  0 0 -0.238684 0 0 0
0.85 17.0729 0 -0.223383 1 0 0 0 1 0 0 0 1  0 0 -0.238605 0 0 0
0.86 17.0729 0 -0.225719 1 0 0 0 1 0 0 0 1  0 0 -0.233147 0 0 0
0.87 17.0729 0 -0.228072 1 0 0 0 1 0 0 0 1  0 0 -0.23451 0 0 0
0.88 17.0729 0 -0.230412 1 0 0 0 1 0 0 0 1  0 0 -0.233907 0 0 0
0.89 17.0729 0 -0.232751 1 0 0 0 1 0 0 0 1  0 0 -0.233766 0 0 0
0.9 17.0729 0 -0.235078 1 0 0 0 1 0 0 0 1  0 0 -0.232599 0 0 0
0.91 17.0729 0 -0.237385 1 0 0 0 1 0 0 0 1  0 0 -0.230157 0 0 0
0.92 17.0729 0 -0.239707 1 0 0 0 1 0 0 0 1  0 0 -0.232 0 0 0
0.93 17.0729 0 -0.242005 1 0 0 0 1 0 0 0 1  0 0 -0.230284 0 0 0
0.94 17.0729 0 -0.244314 1 0 0 0 1 0 0 0 1  0 0 -0.232182 0 0 0
0.95 17.0729 0 -0.246563 1 0 0 0 1 0 0 0 1  0 0 -0.224713 0 0 0
0.96 17.0729 0 -0.248848 1 0 0 0 1 0 0 0 1  0 0 -0.227686 0 0 0
0.97 17.0729 0 -0.2511 1 0 0 0 1 0 0 0 1  0 0 -0.225096 0 0 0
0.98 17.0729 0 -0.253371 1 0 0 0 1 0 0 0 1  0 0 -0.227004 0 0 0
0.99 17.0729 0 -0.25558 1 0 0 0 1 0 0 0 1  0 0 -0.220087 0 0 0
1 17.0729 0 -0.257821 1 0 0 0 1 0 0 0 1  0 0 -0.223176 0 0 0
1.01 17.0729 0 -0.259965 1 0 0 0 1 0 0 0 1  0 0 -0.212941 0 0 0
1.02 17.0729 0 -0.262159 1 0 0 0 1 0 0 0 1  0 0 -0.217748 0 0 0
1.03 17.0729 0 -0.264278 1 0 0 0 1 0 0 0 1  0 0 -0.211071 0 0 0
1.04 17.0729 0 -0.266386 1 0 0 0 1 0 0 0 1  0 0 -0.208987 0 0 0
1.05 17.0729 0 -0.26845 1 0 0 0 1 0 0 0 1  0 0 -0.204731 0 0 0
1.06 17.0729 0 -0.270502 1 0 0 0 1 0 0 0 1  0 0 -0.203836 0 0 0
1.07 17.0729 0 -0.272504 1 0 0 0 1 0 0 0 1  0 0 -0.198692 0 0 0
1.08 17.0729 0 -0.274498 1 0 0 0 1 0 0 0 1  0 0 -0.19787 0 0 0
1.09 17.0729 0 -0.276454 1 0 0 0 1 0 0 0 1  0 0 -0.194323 0 0 0
1.1 17.0729 0 -0.278379 1 0 0 0 1 0 0 0 1  0 0 -0.190899 0 0 0
1.11 17.0729 0 -0.28028 1 0 0 0 1 0 0 0 1  0 0 -0.188487 0 0 0
1.12 17.0729 0 -0.282149 1 0 0 0 1 0 0 0 1  0 0 -0.185483 0 0 0
1.13 17.0729 0 -0.284029 1 0 0 0 1 0 0 0 1  0 0 -0.187296 0 0 0
1.14 17.0729 0 -0.285837 1 0 0 0 1 0 0 0 1  0 0 -0.179673 0 0 0
1.15 17.0729 0 -0.287624 1 0 0 0 1 0 0 0 1  0 0 -0.176619 0 0 0
1.16 17.0729 0 -0.289375 1 0 0 0 1 0 0 0 1  0 0 -0.173263 0 0 0
1.17 17.0729 0 -0.291086 1 0 0 0 1 0 0 0 1  0 0 -0.169352 0 0 0
1.18 17.0729 0 -0.292779 1 0 0 0 1 0 0 0 1  0 0 -0.167823 0 0 0
1.19 17.0729 0 -0.294421 1 0 0 0 1 0 0 0 1  0 0 -0.162599 0 0 0
1.2 17.0729 0 -0.296048 1 0 0 0 1 0 0 0 1  0 0 -0.161013 0 0 0
1.21 17.0729 0 -0.297633 1 0 0 0 1 0 0 0 1  0 0 -0.156976 0 0 0
1.22 17.0729 0 -0.299189 1 0 0 0 1 0 0 0 1  0 0 -0.153872 0 0 0
1.23 17.0729 0 -0.300717 1 0 0 0 1 0 0 0 1  0 0 -0.151318 0 0 0
1.24 17.0729 0 -0.302206 1 0 0 0 1 0 0 0 1  0 0 -0.147334 0 0 0
1.25 17.0729 0 -0.30367 1 0 0 0 1 0 0 0 1  0 0 -0.144723 0 0 0
1.26 17.0729 0 -0.305097 1 0 0 0 1 0 0 0 1  0 0 -0.141133 0 0 0
1.27 17.0729 0 -0.306491 1 0 0 0 1 0 0 0 1  0 0 -0.137717 0 0 0
1.28 17.0729 0 -0.307861 1 0 0 0 1 0 0 0 1  0 0 -0.135572 0 0 0
1.29 17.0729 0 -0.30919 1 0 0 0 1 0 0 0 1  0 0 -0.131346 0 0 0
1.3 17.0729 0 -0.310498 1 0 0 0 1 0 0 0 1  0 0 -0.129229 0 0 0
1.31 17.0729 0 -0.311768 1 0 0 0 1 0 0 0 1  0 0 -0.125432 0 0 0
1.32 17.0729 0 -0.313011 1 0 0 0 1 0 0 0 1  0 0 -0.122768 0 0 0
1.33 17.0729 0 -0.314223 1 0 0 0 1 0 0 0 1  0 0 -0.119676 0 0 0
1.34 17.0729 0 -0.315403 1 0 0 0 1 0 0 0 1  0 0 -0.116481 0 0 0
1.35 17.0729 0 -0.316555 1 0 0 0 1 0 0 0 1  0 0 -0.1137 0 0 0
1.36 17.0729 0 -0.317674 1 0 0 0 1 0 0 0 1  0 0 -0.110342 0 0 0
1.37 17.0729 0 -0.318761 1 0 0 0 1 0 0 0 1  0 0 -0.1071 0 0 0
1.38 17.0729 0 -0.319819 1 0 0 0 1 0 0 0 1  0 0 -0.104307 0 0 0
1.39 17.0729 0 -0.320844 1 0 0 0 1 0 0 0 1  0 0 -0.100989 0 0 0
1.4 17.0729 0 -0.321841 1 0 0 0 1 0 0 0 1  0 0 -0.0981249 0 0 0
1.41 17.0729 0 -0.322805 1 0 0 0 1 0 0 0 1  0 0 -0.094882 0 0 0
1.42 17.0729 0 -0.32374 1 0 0 0 1 0 0 0 1  0 0 -0.0919676 0 0 0
1.43 17.0729 0 -0.324644 1 0 0 0 1 0 0 0 1  0 0 -0.0888687 0 0 0
1.44 17.0729 0 -0.325517 1 0 0 0 1 0 0 0 1  0 0 -0.0858027 0 0 0
1.45 17.0729 0 -0.32636 1 0 0 0 1 0 0 0 1  0 0 -0.0827701 0 0 0
1.46 17.0729 0 -0.327174 1 0 0 0 1 0 0 0 1  0 0 -0.0798437 0 0 0
1.47 17.0729 0 -0.327951 1 0 0 0 1 0 0 0 1  0 0 -0.0761755 0 0 0
1.48 17.0729 0 -0.328701 1 0 0 0 1 0 0 0 1  0 0 -0.0733511 0 0 0
1.49 17.0729 0 -0.329425 1 0 0 0 1 0 0 0 1  0 0 -0.0709021 0 0 0
1.5 17.0729 0 -0.330114 1 0 0 0 1 0 0 0 1  0 0 -0.067432 0 0 0
1.51 17.0729 0 -0.330782 1 0 0 0 1 0 0 0 1  0 0 -0.065321 0 0 0
1.52 17.0729 0 -0.331419 1 0 0 0 1 0 0 0 1  0 0 -0.0622581 0 0 0
1.53 17.0729 0 -0.33203 1 0 0 0 1 0 0 0 1  0 0 -0.0596375 0 0 0
1.54 17.0729 0 -0.332615 1 0 0 0 1 0 0 0 1  0 0 -0.0572165 0 0 0
1.55 17.0729 0 -0.333173 1 0 0 0 1 0 0 0 1  0 0 -0.0543628 0 0 0
1.56 17.0729 0 -0.333708 1 0 0 0 1 0 0 0 1  0 0 -0.0521723 0 0 0
1.57 17.0729 0 -0.334215 1 0 0 0 1 0 0 0 1  0 0 -0.0494795 0 0 0
1.58 17.0729 0 -0.334699 1 0 0 0 1 0 0 0 1  0 0 -0.0471284 0 0 0
1.59 17.0729 0 -0.335159 1 0 0 0 1 0 0 0 1  0 0 -0.0447116 0 0 0
1.6 17.0729 0 -0.335594 1 0 0 0 1 0 0 0 1  0 0 -0.0422801 0 0 0
1.61 17.0729 0 -0.336008 1 0 0 0 1 0 0 0 1  0 0 -0.0402663 0 0 0
1.62 17.0729 0 -0.336395 1 0 0 0 1 0 0 0 1  0 0 -0.0374793 0 0 0
1.63 17.0729 0 -0.336764 1 0 0 0 1 0 0 0 1  0 0 -0.035728 0 0 0
1.64 17.0729 0 -0.337107 1 0 0 0 1 0 0 0 1  0 0 -0.0332493 0 0 0
1.65 17.0729 0 -0.337429 1 0 0 0 1 0 0 0 1  0 0 -0.0310676 0 0 0
1.66 17.0729 0 -0.337731 1 0 0 0 1 0 0 0 1  0 0 -0.0291203 0 0 0
1.67 17.0729 0 -0.33801 1 0 0 0 1 0 0 0 1  0 0 -0.0267759 0 0 0
1.68 17.0729 0 -0.33827 1 0 0 0 1 0 0 0 1  0 0 -0.0249599 0 0 0
1.69 17.0729 0 -0.338508 1 0 0 0 1 0 0 0 1  0 0 -0.0228117 0 0 0
1.7 17.0729 0 -0.338727 1 0 0 0 1 0 0 0 1  0 0 -0.0209305 0 0 0
1.71 17.0729 0 -0.338928 1 0 0 0 1 0 0 0 1  0 0 -0.0190656 0 0 0
1.72 17.0729 0 -0.339109 1 0 0 0 1 0 0 0 1  0 0 -0.0171336 0 0 0
1.73 17.0729 0 -0.339271 1 0 0 0 1 0 0 0 1  0 0 -0.0152442 0 0 0
1.74 17.0729 0 -0.339415 1 0 0 0 1 0 0 0 1  0 0 -0.0135339 0 0 0
1.75 17.0729 0 -0.339541 1 0 0 0 1 0 0 0 1  0 0 -0.0116877 0 0 0
1.76 17.0729 0 -0.339652 1 0 0 0 1 0 0 0 1  0 0 -0.0102457 0 0 0
1.77 17.0729 0 -0.339746 1 0 0 0 1 0 0 0 1  0 0 -0.00850682 0 0 0
1.78 17.0729 0 -0.339824 1 0 0 0 1 0 0 0 1  0 0 -0.00703249 0 0 0
1.79 17.0729 0 -0.339887 1 0 0 0 1 0 0 0 1  0 0 -0.00554743 0 0 0
1.8 17.0729 0 -0.339935 1 0 0 0 1 0 0 0 1  0 0 -0.00401772 0 0 0
1.81 17.0729 0 -0.339969 1 0 0 0 1 0 0 0 1  0 0 -0.00270895 0 0 0
1.82 17.0729 0 -0.339989 1 0 0 0 1 0 0 0 1  0 0 -0.0012548 0 0 0
1.83 17.0729 0 -0.339996 1 0 0 0 1 0 0 0 1  0 0 1.32763e-05 0 0 0
1.84 17.0729 0 -0.339989 1 0 0 0 1 0 0 0 1  0 0 0.00129156 0 0 0
1.85 17.0729 0 -0.33997 1 0 0 0 1 0 0 0 1  0 0 0.00255868 0 0 0
1.86 17.0729 0 -0.339939 1 0 0 0 1 0 0 0 1  0 0 0.00368676 0 0 0
1.87 17.0729 0 -0.339896 1 0 0 0 1 0 0 0 1  0 0 0.00491219 0 0 0
1.88 17.0729 0 -0.339842 1 0 0 0 1 0 0 0 1  0 0 0.00596725 0 0 0
1.89 17.0729 0 -0.339777 1 0 0 0 1 0 0 0 1  0 0 0.00705093 0 0 0
1.9 17.0729 0 -0.339701 1 0 0 0 1 0 0 0 1  0 0 0.00810723 0 0 0
1.91 17.0729 0 -0.339616 1 0 0 0 1 0 0 0 1  0 0 0.00905312 0 0 0
1.92 17.0729 0 -0.339521 1 0 0 0 1 0 0 0 1  0 0 0.0100155 0 0 0
1.93 17.0729 0 -0.339416 1 0 0 0 1 0 0 0 1  0 0 0.0109017 0 0 0
1.94 17.0729 0 -0.339303 1 0 0 0 1 0 0 0 1  0 0 0.0117979 0 0 0
1.95 17.0729 0 -0.339182 1 0 0 0 1 0 0 0 1  0 0 0.0125255 0 0 0
1.96 17.0729 0 -0.339053 1 0 0 0 1 0 0 0 1  0 0 0.0132984 0 0 0
1.97 17.0729 0 -0.338917 1 0 0 0 1 0 0 0 1  0 0 0.0139241 0 0 0
1.98 17.0729 0 -0.338775 1 0 0 0 1 0 0 0 1  0 0 0.0145681 0 0 0
1.99 17.0729 0 -0.338626 1 0 0 0 1 0 0 0 1  0 0 0.0152502 0 0 0
2 17.0729 0 -0.338473 1 0 0 0 1 0 0 0 1  0 0 0.0156263 0 0 0
2.01 17.0729 0 -0.338312 1 0 0 0 1 0 0 0 1  0 0 0.0163104 0 0 0
2.02 17.0729 0 -0.338149 1 0 0 0 1 0 0 0 1  0 0 0.0166076 0 0 0
2.03 17.0729 0 -0.33798 1 0 0 0 1 0 0 0 1  0 0 0.0170777 0 0 0
2.04 17.0729 0 -0.337808 1 0 0 0 1 0 0 0 1  0 0 0.0175173 0 0 0
2.05 17.0729 0 -0.337633 1 0 0 0 1 0 0 0 1  0 0 0.0176453 0 0 0
2.06 17.0729 0 -0.337453 1 0 0 0 1 0 0 0 1  0 0 0.0181909 0 0 0
2.07 17.0729 0 -0.337273 1 0 0 0 1 0 0 0 1  0 0 0.0181593 0 0 0
2.08 17.0729 0 -0.337088 1 0 0 0 1 0 0 0 1  0 0 0.0185783 0 0 0
2.09 17.0729 0 -0.336903 1 0 0 0 1 0 0 0 1  0 0 0.018665 0 0 0
2.1 17.0729 0 -0.336716 1 0 0 0 1 0 0 0 1  0 0 0.0187716 0 0 0
2.11 17.0729 0 -0.336528 1 0 0 0 1 0 0 0 1  0 0 0.0189119 0 0 0
2.12 17.0729 0 -0.336339 1 0 0 0 1 0 0 0 1  0 0 0.0189521 0 0 0
2.13 17.0729 0 -0.336149 1 0 0 0 1 0 0 0 1  0 0 0.0189695 0 0 0
2.14 17.0729 0 -0.33596 1 0 0 0 1 0 0 0 1  0 0 0.0189649 0 0 0
2.15 17.0729 0 -0.33577 1 0 0 0 1 0 0 0 1  0 0 0.0189248 0 0 0
2.16 17.0729 0 -0.335582 1 0 0 0 1 0 0 0 1  0 0 0.0188231 0 0 0
2.17 17.0729 0 -0.335394 1 0 0 0 1 0 0 0 1  0 0 0.0187343 0 0 0
2.18 17.0729 0 -0.335208 1 0 0 0 1 0 0 0 1  0 0 0.0185588 0 0 0
2.19 17.0729 0 -0.335023 1 0 0 0 1 0 0 0 1  0 0 0.018355 0 0 0
2.2 17.0729 0 -0.334842 1 0 0 0 1 0 0 0 1  0 0 0.018088 0 0 0
2.21 17.0729 0 -0.334663 1 0 0 0 1 0 0 0 1  0 0 0.0177714 0 0 0
2.22 17.0729 0 -0.334486 1 0 0 0 1 0 0 0 1  0 0 0.0174692 0 0 0
2.23 17.0729 0 -0.334314 1 0 0 0 1 0 0 0 1  0 0 0.0170784 0 0 0
2.24 17.0729 0 -0.334145 1 0 0 0 1 0 0 0 1  0 0 0.0167135 0 0 0
2.25 17.0729 0 -0.33398 1 0 0 0 1 0 0 0 1  0 0 0.0162436 0 0 0
2.26 17.0729 0 -0.33382 1 0 0 0 1 0 0 0 1  0 0 0.0157994 0 0 0
2.27 17.0729 0 -0.333665 1 0 0 0 1 0 0 0 1  0 0 0.0152847 0 0 0
2.28 17.0729 0 -0.333515 1 0 0 0 1 0 0 0 1  0 0 0.0147755 0 0 0
2.29 17.0729 0 -0.33337 1 0 0 0 1 0 0 0 1  0 0 0.0142361 0 0 0
2.3 17.0729 0 -0.33323 1 0 0 0 1 0 0 0 1  0 0 0.0136643 0 0 0
2.31 17.0729 0 -0.333097 1 0 0 0 1 0 0 0 1  0 0 0.0130979 0 0 0
2.32 17.0729 0 -0.33297 1 0 0 0 1 0 0 0 1  0 0 0.0124137 0 0 0
2.33 17.0729 0 -0.332847 1 0 0 0 1 0 0 0 1  0 0 0.0119185 0 0 0
2.34 17.0729 0 -0.332733 1 0 0 0 1 0 0 0 1  0 0 0.0111441 0 0 0
2.35 17.0729 0 -0.332624 1 0 0 0 1 0 0 0 1  0 0 0.0105734 0 0 0
2.36 17.0729 0 -0.332522 1 0 0 0 1 0 0 0 1  0 0 0.00985716 0 0 0
2.37 17.0729 0 -0.332427 1 0 0 0 1 0 0 0 1  0 0 0.00914082 0 0 0
2.38 17.0729 0 -0.332339 1 0 0 0 1 0 0 0 1  0 0 0.00847424 0 0 0
2.39 17.0729 0 -0.332258 1 0 0 0 1 0 0 0 1  0 0 0.00768842 0 0 0
2.4 17.0729 0 -0.332185 1 0 0 0 1 0 0 0 1  0 0 0.00699259 0 0 0
2.41 17.0729 0 -0.332119 1 0 0 0 1 0 0 0 1  0 0 0.00621003 0 0 0
2.42 17.0729 0 -0.332061 1 0 0 0 1 0 0 0 1  0 0 0.00544785 0 0 0
2.43 17.0729 0 -0.33201 1 0 0 0 1 0 0 0 1  0 0 0.00467737 0 0 0
2.44 17.0729 0 -0.331968 1 0 0 0 1 0 0 0 1  0 0 0.00387152 0 0 0
2.45 17.0729 0 -0.331933 1 0 0 0 1 0 0 0 1  0 0 0.00309416 0 0 0
2.46 17.0729 0 -0.331906 1 0 0 0 1 0 0 0 1  0 0 0.00228252 0 0 0
2.47 17.0729 0 -0.331887 1 0 0 0 1 0 0 0 1  0 0 0.00147259 0 0 0
2.48 17.0729 0 -0.331876 1 0 0 0 1 0 0 0 1  0 0 0.000668698 0 0 0
2.49 17.0729 0 -0.331874 1 0 0 0 1 0 0 0 1  0 0 -0.000153374 0 0 0
2.5 17.0729 0 -0.331879 1 0 0 0 1 0 0 0 1  0 0 -0.000957961 0 0 0
2.51 17.0729 0 -0.331893 1 0 0 0 1 0 0 0 1  0 0 -0.00177965 0 0 0
2.52 17.0729 0 -0.331915 1 0 0 0 1 0 0 0 1  0 0 -0.00258917 0 0 0
2.53 17.0729 0 -0.331945 1 0 0 0 1 0 0 0 1  0 0 -0.00339875 0 0 0
2.54 17.0729 0 -0.331983 1 0 0 0 1 0 0 0 1  0 0 -0.00421234 0 0 0
2.55 17.0729 0 -0.332029 1 0 0 0 1 0 0 0 1  -0 -0 -0.00501334 0 0 0
2.56 17.0729 0 -0.332083 1 0 0 0 1 0 0 0 1  -0 -0 -0.00582271 0 0 0
2.57 17.0729 0 -0.332146 1 0 0 0 1 0 0 0 1  -0 -0 -0.00662797 0 0 0
2.58 17.0729 0 -0.332216 1 0 0 0 1 0 0 0 1  -0 -0 -0.00743734 0 0 0
2.59 17.0729 0 -0.332294 1 0 0 0 1 0 0 0 1  -0 -0 -0.00824147 0 0 0
2.6 17.0729 0 -0.332381 1 0 0 0 1 0 0 0 1  -0 -0 -0.0090383 0 0 0
2.61 17.0729 0 -0.332475 1 0 0 0 1 0 0 0 1  -0 -0 -0.00983209 0 0 0
2.62 17.0729 0 -0.332577 1 0 0 0 1 0 0 0 1  -0 -0 -0.0106199 0 0 0
2.63 17.0729 0 -0.332687 1 0 0 0 1 0 0 0 1  -0 -0 -0.0114004 0 0 0
2.64 17.0729 0 -0.332805 1 0 0 0 1 0 0 0 1  -0 -0 -0.0121699 0 0 0
2.65 17.0729 0 -0.332931 1 0 0 0 1 0 0 0 1  -0 -0 -0.0129388 0 0 0
2.66 17.0729 0 -0.333064 1 0 0 0 1 0 0 0 1  -0 -0 -0.0136847 0 0 0
2.67 17.0729 0 -0.333204 1 0 0 0 1 0 0 0 1  -0 -0 -0.0144292 0 0 0
2.68 17.0729 0 -0.333352 1 0 0 0 1 0 0 0 1  -0 -0 -0.0150753 0 0 0
2.69 17.0729 0 -0.333507 1 0 0 0 1 0 0 0 1  -0 -0 -0.015938 0 0 0
2.7 17.0729 0 -0.333668 1 0 0 0 1 0 0 0 1  -0 -0 -0.0164808 0 0 0
2.71 17.0729 0 -0.333838 1 0 0 0 1 0 0 0 1  -0 -0 -0.0172767 0 0 0
2.72 17.0729 0 -0.334013 1 0 0 0 1 0 0 0 1  -0 -0 -0.0178749 0 0 0
2.73 17.0729 0 -0.334195 1 0 0 0 1 0 0 0 1  -0 -0 -0.018565 0 0 0
2.74 17.0729 0 -0.334384 1 0 0 0 1 0 0 0 1  -0 -0 -0.0192063 0 0 0
2.75 17.0729 0 -0.334579 1 0 0 0 1 0 0 0 1  -0 -0 -0.0197985 0 0 0
2.76 17.0729 0 -0.33478 1 0 0 0 1 0 0 0 1  -0 -0 -0.0204494 0 0 0
2.77 17.0729 0 -0.334987 1 0 0 0 1 0 0 0 1  -0 -0 -0.0210033 0 0 0
2.78 17.0729 0 -0.3352 1 0 0 0 1 0 0 0 1  -0 -0 -0.0216073 0 0 0
2.79 17.0729 0 -0.335419 1 0 0 0 1 0 0 0 1  -0 -0 -0.022209 0 0 0
2.8 17.0729 0 -0.335644 1 0 0 0 1 0 0 0 1  -0 -0 -0.0228047 0 0 0
2.81 17.0729 0 -0.335874 1 0 0 0 1 0 0 0 1  -0 -0 -0.0232485 0 0 0
2.82 17.0729 0 -0.33611 1 0 0 0 1 0 0 0 1  -0 -0 -0.0238545 0 0 0
2.83 17.0729 0 -0.33635 1 0 0 0 1 0 0 0 1  -0 -0 -0.0243022 0 0 0
2.84 17.0729 0 -0.336596 1 0 0 0 1 0 0 0 1  -0 -0 -0.0248189 0 0 0
2.85 17.0729 0 -0.336846 1 0 0 0 1 0 0 0 1  -0 -0 -0.0253223 0 0 0
2.86 17.0729 0 -0.337101 1 0 0 0 1 0 0 0 1  -0 -0 -0.0257278 0 0 0
2.87 17.0729 0 -0.33736 1 0 0 0 1 0 0 0 1  -0 -0 -0.0261261 0 0 0
2.88 17.0729 0 -0.337624 1 0 0 0 1 0 0 0 1  -0 -0 -0.0266235 0 0 0
2.89 17.0729 0 -0.337891 1 0 0 0 1 0 0 0 1  -0 -0 -0.0268505 0 0 0
2.9 17.0729 0 -0.338162 1 0 0 0 1 0 0 0 1  -0 -0 -0.0273277 0 0 0
2.91 17.0729 0 -0.338436 1 0 0 0 1 0 0 0 1  -0 -0 -0.02759 0 0 0
2.92 17.0729 0 -0.338714 1 0 0 0 1 0 0 0 1  -0 -0 -0.0278807 0 0 0
2.93 17.0729 0 -0.338994 1 0 0 0 1 0 0 0 1  -0 -0 -0.0282062 0 0 0
2.94 17.0729 0 -0.339276 1 0 0 0 1 0 0 0 1  -0 -0 -0.0283519 0 0 0
2.95 17.0729 0 -0.339561 1 0 0 0 1 0 0 0 1  -0 -0 -0.0286107 0 0 0
2.96 17.0729 0 -0.339848 1 0 0 0 1 0 0 0 1  -0 -0 -0.0287962 0 0 0
2.97 17.0729 0 -0.340137 1 0 0 0 1 0 0 0 1  -0 -0 -0.0289412 0 0 0
2.98 17.0729 0 -0.340427 1 0 0 0 1 0 0 0 1  -0 -0 -0.0291406 0 0 0
2.99 17.0729 0 -0.340714 1 0 0 0 1 0 0 0 1  0 0 -0.0286931 0 0 0
3 17.0729 0 -0.34101 1 0 0 0 1 0 0 0 1  0 0 -0.0296643 0 0 0
3.01 17.0729 0 -0.3413 1 0 0 0 1 0 0 0 1  0 0 -0.02907 0 0 0
3.02 17.0729 0 -0.341596 1 0 0 0 1 0 0 0 1  -0 -0 -0.0296375 0 0 0
3.03 17.0729 0 -0.341891 1 0 0 0 1 0 0 0 1  -0 -0 -0.0295896 0 0 0
3.04 17.0729 0 -0.342186 1 0 0 0 1 0 0 0 1  -0 -0 -0.0295357 0 0 0
3.05 17.0729 0 -0.342484 1 0 0 0 1 0 0 0 1  -0 -0 -0.0297881 0 0 0
3.06 17.0729 0 -0.34278 1 0 0 0 1 0 0 0 1  -0 -0 -0.0296565 0 0 0
3.07 17.0729 0 -0.343078 1 0 0 0 1 0 0 0 1  -0 -0 -0.0297318 0 0 0
3.08 17.0729 0 -0.343379 1 0 0 0 1 0 0 0 1  -0 -0 -0.0301277 0 0 0
3.09 17.0729 0 -0.343676 1 0 0 0 1 0 0 0 1  -0 -0 -0.0297725 0 0 0
3.1 17.0729 0 -0.343985 1 0 0 0 1 0 0 0 1  -0 -0 -0.030998 0 0 0
3.11 17.0729 0 -0.344285 1 0 0 0 1 0 0 0 1  -0 -0 -0.0301162 0 0 0
3.12 17.0729 0 -0.344591 1 0 0 0 1 0 0 0 1  -0 -0 -0.0306268 0 0 0
3.13 17.0729 0 -0.344896 1 0 0 0 1 0 0 0 1  -0 -0 -0.0305352 0 0 0
3.14 17.0729 0 -0.345198 1 0 0 0 1 0 0 0 1  -0 -0 -0.0301252 0 0 0
3.15 17.0729 0 -0.345503 1 0 0 0 1 0 0 0 1  -0 -0 -0.0304585 0 0 0
3.16 17.0729 0 -0.345803 1 0 0 0 1 0 0 0 1  -0 -0 -0.0299408 0 0 0
3.17 17.0729 0 -0.346103 1 0 0 0 1 0 0 0 1  -0 -0 -0.0299342 0 0 0
3.18 17.0729 0 -0.346401 1 0 0 0 1 0 0 0 1  -0 -0 -0.02968 0 0 0
3.19 17.0729 0 -0.346688 1 0 0 0 1 0 0 0 1  0 0 -0.0283949 0 0 0
3.2 17.0729 0 -0.346986 1 0 0 0 1 0 0 0 1  0 0 -0.0297684 0 0 0
3.21 17.0729 0 -0.347263 1 0 0 0 1 0 0 0 1  0 0 -0.0274796 0 0 0
3.22 17.0729 0 -0.347549 1 0 0 0 1 0 0 0 1  0 0 -0.0283185 0 0 0
3.23 17.0729 0 -0.347818 1 0 0 0 1 0 0 0 1  0 0 -0.026682 0 0 0
3.24 17.0729 0 -0.348086 1 0 0 0 1 0 0 0 1  0 0 -0.0263733 0 0 0
3.25 17.0729 0 -0.348351 1 0 0 0 1 0 0 0 1  -0 -0 -0.0263318 0 0 0
3.26 17.0729 0 -0.348604 1 0 0 0 1 0 0 0 1  -0 -0 -0.0249017 0 0 0
3.27 17.0729 0 -0.348856 1 0 0 0 1 0 0 0 1  -0 -0 -0.0249861 0 0 0
3.28 17.0729 0 -0.349098 1 0 0 0 1 0 0 0 1  -0 -0 -0.023881 0 0 0
3.29 17.0729 0 -0.349333 1 0 0 0 1 0 0 0 1  -0 -0 -0.0230725 0 0 0
3.3 17.0729 0 -0.349561 1 0 0 0 1 0 0 0 1  -0 -0 -0.0224747 0 0 0
3.31 17.0729 0 -0.349782 1 0 0 0 1 0 0 0 1  -0 -0 -0.0217942 0 0 0
3.32 17.0729 0 -0.349994 1 0 0 0 1 0 0 0 1  -0 -0 -0.0207435 0 0 0
3.33 17.0729 0 -0.3502 1 0 0 0 1 0 0 0 1  -0 -0 -0.0202573 0 0 0
3.34 17.0729 0 -0.350398 1 0 0 0 1 0 0 0 1  -0 -0 -0.0194108 0 0 0
3.35 17.0729 0 -0.350588 1 0 0 0 1 0 0 0 1  -0 -0 -0.0186069 0 0 0
3.36 17.0729 0 -0.350771 1 0 0 0 1 0 0 0 1  0 0 -0.0179374 0 0 0
3.37 17.0729 0 -0.350945 1 0 0 0 1 0 0 0 1  0 0 -0.0169876 0 0 0
3.38 17.0729 0 -0.351111 1 0 0 0 1 0 0 0 1  0 0 -0.0162453 0 0 0
3.39 17.0729 0 -0.351269 1 0 0 0 1 0 0 0 1  0 0 -0.0153402 0 0 0
3.4 17.0729 0 -0.351418 1 0 0 0 1 0 0 0 1  0 0 -0.0144256 0 0 0
3.41 17.0729 0 -0.351558 1 0 0 0 1 0 0 0 1  0 0 -0.0135481 0 0 0
3.42 17.0729 0 -0.351688 1 0 0 0 1 0 0 0 1  0 0 -0.0125349 0 0 0
3.43 17.0729 0 -0.351808 1 0 0 0 1 0 0 0 1  0 0 -0.0115808 0 0 0
3.44 17.0729 0 -0.351919 1 0 0 0 1 0 0 0 1  0 0 -0.0105518 0 0 0
3.45 17.0729 0 -0.352019 1 0 0 0 1 0 0 0 1  0 0 -0.0095364 0 0 0
3.46 17.0729 0 -0.352111 1 0 0 0 1 0 0 0 1  0 0 -0.00873665 0 0 0
3.47 17.0729 0 -0.352192 1 0 0 0 1 0 0 0 1  0 0 -0.00754117 0 0 0
3.48 17.0729 0 -0.352263 1 0 0 0 1 0 0 0 1  0 0 -0.00661319 0 0 0
3.49 17.0729 0 -0.352324 1 0 0 0 1 0 0 0 1  0 0 -0.00553574 0 0 0
3.5 17.0729 0 -0.352373 1 0 0 0 1 0 0 0 1  0 0 -0.00434072 0 0 0
3.51 17.0729 0 -0.352411 1 0 0 0 1 0 0 0 1  0 0 -0.00332847 0 0 0
3.52 17.0729 0 -0.352438 1 0 0 0 1 0 0 0 1  0 0 -0.00207021 0 0 0
3.53 17.0729 0 -0.352453 1 0 0 0 1 0 0 0 1  0 0 -0.000934165 0 0 0
3.54 17.0729 0 -0.352456 1 0 0 0 1 0 0 0 1  0 0 0.000281145 0 0 0
3.55 17.0729 0 -0.352447 1 0 0 0 1 0 0 0 1  0 0 0.00155086 0 0 0
3.56 17.0729 0 -0.352425 1 0 0 0 1 0 0 0 1  0 0 0.00276727 0 0 0
3.57 17.0729 0 -0.35239 1 0 0 0 1 0 0 0 1  0 0 0.00409782 0 0 0
3.58 17.0729 0 -0.352343 1 0 0 0 1 0 0 0 1  0 0 0.00538453 0 0 0
3.59 17.0729 0 -0.352282 1 0 0 0 1 0 0 0 1  0 0 0.00671234 0 0 0
3.6 17.0729 0 -0.352208 1 0 0 0 1 0 0 0 1  0 0 0.00806637 0 0 0
3.61 17.0729 0 -0.352121 1 0 0 0 1 0 0 0 1  0 0 0.00940947 0 0 0
3.62 17.0729 0 -0.352019 1 0 0 0 1 0 0 0 1  0 0 0.01085 0 0 0
3.63 17.0729 0 -0.351904 1 0 0 0 1 0 0 0 1  0 0 0.0122848 0 0 0
3.64 17.0729 0 -0.351773 1 0 0 0 1 0 0 0 1  0 0 0.0138605 0 0 0
3.65 17.0729 0 -0.351628 1 0 0 0 1 0 0 0 1  0 0 0.0151507 0 0 0
3.66 17.0729 0 -0.351468 1 0 0 0 1 0 0 0 1  0 0 0.0167743 0 0 0
3.67 17.0729 0 -0.351293 1 0 0 0 1 0 0 0 1  0 0 0.0181966 0 0 0
3.68 17.0729 0 -0.351104 1 0 0 0 1 0 0 0 1  0 0 0.019707 0 0 0
3.69 17.0729 0 -0.350898 1 0 0 0 1 0 0 0 1  0 0 0.0212978 0 0 0
3.7 17.0729 0 -0.350678 1 0 0 0 1 0 0 0 1  0 0 0.0227712 0 0 0
3.71 17.0729 0 -0.350442 1 0 0 0 1 0 0 0 1  0 0 0.0244127 0 0 0
3.72 17.0729 0 -0.35019 1 0 0 0 1 0 0 0 1  0 0 0.0259789 0 0 0
3.73 17.0729 0 -0.349922 1 0 0 0 1 0 0 0 1  0 0 0.0275998 0 0 0
3.74 17.0729 0 -0.349638 1 0 0 0 1 0 0 0 1  0 0 0.0292574 0 0 0
3.75 17.0729 0 -0.349337 1 0 0 0 1 0 0 0 1  0 0 0.0308776 0 0 0
3.76 17.0729 0 -0.349019 1 0 0 0 1 0 0 0 1  0 0 0.0325808 0 0 0
3.77 17.0729 0 -0.348687 1 0 0 0 1 0 0 0 1  0 0 0.0340385 0 0 0
3.78 17.0729 0 -0.348334 1 0 0 0 1 0 0 0 1  0 0 0.0361732 0 0 0
3.79 17.0729 0 -0.347967 1 0 0 0 1 0 0 0 1  0 0 0.0375526 0 0 0
3.8 17.0729 0 -0.34758 1 0 0 0 1 0 0 0 1  0 0 0.0395478 0 0 0
3.81 17.0729 0 -0.347178 1 0 0 0 1 0 0 0 1  0 0 0.0411686 0 0 0
3.82 17.0729 0 -0.346759 1 0 0 0 1 0 0 0 1  0 0 0.0427113 0 0 0
3.83 17.0729 0 -0.346318 1 0 0 0 1 0 0 0 1  0 0 0.0449673 0 0 0
3.84 17.0729 0 -0.345873 1 0 0 0 1 0 0 0 1  0 0 0.0452449 0 0 0
3.85 17.0729 0 -0.345388 1 0 0 0 1 0 0 0 1  0 0 0.0495477 0 0 0
3.86 17.0729 0 -0.344906 1 0 0 0 1 0 0 0 1  0 0 0.0491697 0 0 0
3.87 17.0729 0 -0.344386 1 0 0 0 1 0 0 0 1  0 0 0.0528441 0 0 0
3.88 17.0729 0 -0.343856 1 0 0 0 1 0 0 0 1  0 0 0.0541189 0 0 0
3.89 17.0729 0 -0.343305 1 0 0 0 1 0 0 0 1  0 0 0.0559956 0 0 0
3.9 17.0729 0 -0.342723 1 0 0 0 1 0 0 0 1  0 0 0.0594066 0 0 0
3.91 17.0729 0 -0.342133 1 0 0 0 1 0 0 0 1  0 0 0.0601076 0 0 0
3.92 17.0729 0 -0.34151 1 0 0 0 1 0 0 0 1  0 0 0.0633558 0 0 0
3.93 17.0729 0 -0.340874 1 0 0 0 1 0 0 0 1  0 0 0.064679 0 0 0
3.94 17.0729 0 -0.340215 1 0 0 0 1 0 0 0 1  0 0 0.0668864 0 0 0
3.95 17.0729 0 -0.33954 1 0 0 0 1 0 0 0 1  0 0 0.0684681 0 0 0
3.96 17.0729 0 -0.338838 1 0 0 0 1 0 0 0 1  0 0 0.0712233 0 0 0
3.97 17.0729 0 -0.338136 1 0 0 0 1 0 0 0 1  0 0 0.0710424 0 0 0
3.98 17.0729 0 -0.337401 1 0 0 0 1 0 0 0 1  0 0 0.0741916 0 0 0
3.99 17.0729 0 -0.336659 1 0 0 0 1 0 0 0 1  0 0 0.0751682 0 0 0
4 17.0729 0 -0.335898 1 0 0 0 1 0 0 0 1  0 0 0.0768575 0 0 0
4.01 17.0729 0 -0.335114 1 0 0 0 1 0 0 0 1  0 0 0.0793087 0 0 0
4.02 17.0729 0 -0.33432 1 0 0 0 1 0 0 0 1  0 0 0.0802803 0 0 0
4.03 17.0729 0 -0.333504 1 0 0 0 1 0 0 0 1  0 0 0.0824168 0 0 0
4.04 17.0729 0 -0.332674 1 0 0 0 1 0 0 0 1  0 0 0.0838492 0 0 0
4.05 17.0729 0 -0.331828 1 0 0 0 1 0 0 0 1  0 0 0.085438 0 0 0
4.06 17.0729 0 -0.330964 1 0 0 0 1 0 0 0 1  0 0 0.0872053 0 0 0
4.07 17.0729 0 -0.330087 1 0 0 0 1 0 0 0 1  0 0 0.0884884 0 0 0
4.08 17.0729 0 -0.329192 1 0 0 0 1 0 0 0 1  0 0 0.0903215 0 0 0
4.09 17.0729 0 -0.328283 1 0 0 0 1 0 0 0 1  0 0 0.0917015 0 0 0
4.1 17.0729 0 -0.327358 1 0 0 0 1 0 0 0 1  0 0 0.0931716 0 0 0
4.11 17.0729 0 -0.326416 1 0 0 0 1 0 0 0 1  0 0 0.0949987 0 0 0
4.12 17.0729 0 -0.325464 1 0 0 0 1 0 0 0 1  0 0 0.0960141 0 0 0
4.13 17.0729 0 -0.324491 1 0 0 0 1 0 0 0 1  0 0 0.0979565 0 0 0
4.14 17.0729 0 -0.323509 1 0 0 0 1 0 0 0 1  0 0 0.0990168 0 0 0
4.15 17.0729 0 -0.32251 1 0 0 0 1 0 0 0 1  0 0 0.100533 0 0 0
4.16 17.0729 0 -0.321496 1 0 0 0 1 0 0 0 1  0 0 0.102139 0 0 0
4.17 17.0729 0 -0.320471 1 0 0 0 1 0 0 0 1  0 0 0.103201 0 0 0
4.18 17.0729 0 -0.319432 1 0 0 0 1 0 0 0 1  0 0 0.104491 0 0 0
4.19 17.0729 0 -0.318381 1 0 0 0 1 0 0 0 1  0 0 0.10574 0 0 0
4.2 17.0729 0 -0.31732 1 0 0 0 1 0 0 0 1  0 0 0.106767 0 0 0
4.21 17.0729 0 -0.316246 1 0 0 0 1 0 0 0 1  0 0 0.10793 0 0 0
4.22 17.0729 0 -0.315161 1 0 0 0 1 0 0 0 1  0 0 0.109128 0 0 0
4.23 17.0729 0 -0.314067 1 0 0 0 1 0 0 0 1  0 0 0.109873 0 0 0
4.24 17.0729 0 -0.31296 1 0 0 0 1 0 0 0 1  0 0 0.111206 0 0 0
4.25 17.0729 0 -0.311846 1 0 0 0 1 0 0 0 1  0 0 0.112007 0 0 0
4.26 17.0729 0 -0.310721 1 0 0 0 1 0 0 0 1  0 0 0.112914 0 0 0
4.27 17.0729 0 -0.309585 1 0 0 0 1 0 0 0 1  0 0 0.11407 0 0 0
4.28 17.0729 0 -0.308443 1 0 0 0 1 0 0 0 1  0 0 0.11468 0 0 0
4.29 17.0729 0 -0.307289 1 0 0 0 1 0 0 0 1  0 0 0.115824 0 0 0
4.3 17.0729 0 -0.306128 1 0 0 0 1 0 0 0 1  0 0 0.116559 0 0 0
4.31 17.0729 0 -0.304959 1 0 0 0 1 0 0 0 1  0 0 0.117322 0 0 0
4.32 17.0729 0 -0.303781 1 0 0 0 1 0 0 0 1  0 0 0.118213 0 0 0
4.33 17.0729 0 -0.302611 1 0 0 0 1 0 0 0 1  0 0 0.117143 0 0 0
4.34 17.0729 0 -0.301406 1 0 0 0 1 0 0 0 1  0 0 0.120886 0 0 0
4.35 17.0729 0 -0.300243 1 0 0 0 1 0 0 0 1  0 0 0.116338 0 0 0
4.36 17.0729 0 -0.299017 1 0 0 0 1 0 0 0 1  0 0 0.122934 0 0 0
4.37 17.0729 0 -0.297835 1 0 0 0 1 0 0 0 1  0 0 0.118816 0 0 0
4.38 17.0729 0 -0.296616 1 0 0 0 1 0 0 0 1  0 0 0.121885 0 0 0
4.39 17.0729 0 -0.295399 1 0 0 0 1 0 0 0 1  0 0 0.122247 0 0 0
4.4 17.0729 0 -0.294189 1 0 0 0 1 0 0 0 1  0 0 0.121051 0 0 0
4.41 17.0729 0 -0.292952 1 0 0 0 1 0 0 0 1  0 0 0.124008 0 0 0
4.42 17.0729 0 -0.291744 1 0 0 0 1 0 0 0 1  0 0 0.120876 0 0 0
4.43 17.0729 0 -0.290497 1 0 0 0 1 0 0 0 1  0 0 0.124884 0 0 0
4.44 17.0729 0 -0.289269 1 0 0 0 1 0 0 0 1  0 0 0.12318 0 0 0
4.45 17.0729 0 -0.288023 1 0 0 0 1 0 0 0 1  0 0 0.124806 0 0 0
4.46 17.0729 0 -0.286771 1 0 0 0 1 0 0 0 1  0 0 0.125629 0 0 0
4.47 17.0729 0 -0.285521 1 0 0 0 1 0 0 0 1  0 0 0.12523 0 0 0
4.48 17.0729 0 -0.284258 1 0 0 0 1 0 0 0 1  0 0 0.126598 0 0 0
4.49 17.0729 0 -0.282994 1 0 0 0 1 0 0 0 1  0 0 0.126698 0 0 0
4.5 17.0729 0 -0.281721 1 0 0 0 1 0 0 0 1  0 0 0.127614 0 0 0
4.51 17.0729 0 -0.280431 1 0 0 0 1 0 0 0 1  0 0 0.129619 0 0 0
4.52 17.0729 0 -0.279155 1 0 0 0 1 0 0 0 1  0 0 0.127947 0 0 0
4.53 17.0729 0 -0.277854 1 0 0 0 1 0 0 0 1  0 0 0.130241 0 0 0
4.54 17.0729 0 -0.276566 1 0 0 0 1 0 0 0 1  0 0 0.129134 0 0 0
4.55 17.0729 0 -0.2753 1 0 0 0 1 0 0 0 1  0 0 0.125979 0 0 0
4.56 17.0729 0 -0.273991 1 0 0 0 1 0 0 0 1  0 0 0.130956 0 0 0
4.57 17.0729 0 -0.272731 1 0 0 0 1 0 0 0 1  0 0 0.125969 0 0 0
4.58 17.0729 0 -0.271433 1 0 0 0 1 0 0 0 1  0 0 0.129558 0 0 0
4.59 17.0729 0 -0.270158 1 0 0 0 1 0 0 0 1  0 0 0.127735 0 0 0
4.6 17.0729 0 -0.268877 1 0 0 0 1 0 0 0 1  0 0 0.127914 0 0 0
4.61 17.0729 0 -0.267593 1 0 0 0 1 0 0 0 1  0 0 0.128409 0 0 0
4.62 17.0729 0 -0.266324 1 0 0 0 1 0 0 0 1  0 0 0.1267 0 0 0
4.63 17.0729 0 -0.265047 1 0 0 0 1 0 0 0 1  0 0 0.127601 0 0 0
4.64 17.0729 0 -0.263784 1 0 0 0 1 0 0 0 1  0 0 0.126106 0 0 0
4.65 17.0729 0 -0.262521 1 0 0 0 1 0 0 0 1  0 0 0.126008 0 0 0
4.66 17.0729 0 -0.261258 1 0 0 0 1 0 0 0 1  0 0 0.126126 0 0 0
4.67 17.0729 0 -0.260012 1 0 0 0 1 0 0 0 1  0 0 0.12426 0 0 0
4.68 17.0729 0 -0.258759 1 0 0 0 1 0 0 0 1  0 0 0.124987 0 0 0
4.69 17.0729 0 -0.257525 1 0 0 0 1 0 0 0 1  0 0 0.12311 0 0 0
4.7 17.0729 0 -0.256289 1 0 0 0 1 0 0 0 1  0 0 0.123221 0 0 0
4.71 17.0729 0 -0.255065 1 0 0 0 1 0 0 0 1  0 0 0.122131 0 0 0
4.72 17.0729 0 -0.253848 1 0 0 0 1 0 0 0 1  0 0 0.121281 0 0 0
4.73 17.0729 0 -0.252636 1 0 0 0 1 0 0 0 1  0 0 0.120861 0 0 0
4.74 17.0729 0 -0.251437 1 0 0 0 1 0 0 0 1  0 0 0.119459 0 0 0
4.75 17.0729 0 -0.250242 1 0 0 0 1 0 0 0 1  0 0 0.119061 0 0 0
4.76 17.0729 0 -0.249076 1 0 0 0 1 0 0 0 1  0 0 0.11581 0 0 0
4.77 17.0729 0 -0.2479 1 0 0 0 1 0 0 0 1  0 0 0.117056 0 0 0
4.78 17.0729 0 -0.246754 1 0 0 0 1 0 0 0 1  0 0 0.114062 0 0 0
4.79 17.0729 0 -0.245601 1 0 0 0 1 0 0 0 1  0 0 0.11472 0 0 0
4.8 17.0729 0 -0.244469 1 0 0 0 1 0 0 0 1  0 0 0.112867 0 0 0
4.81 17.0729 0 -0.243345 1 0 0 0 1 0 0 0 1  0 0 0.111759 0 0 0
4.82 17.0729 0 -0.242227 1 0 0 0 1 0 0 0 1  0 0 0.111301 0 0 0
4.83 17.0729 0 -0.24113 1 0 0 0 1 0 0 0 1  0 0 0.109167 0 0 0
4.84 17.0729 0 -0.240078 1 0 0 0 1 0 0 0 1  0 0 0.103614 0 0 0
4.85 17.0729 0 -0.239006 1 0 0 0 1 0 0 0 1  0 0 0.105835 0 0 0
4.86 17.0729 0 -0.237982 1 0 0 0 1 0 0 0 1  0 0 0.101412 0 0 0
4.87 17.0729 0 -0.236973 1 0 0 0 1 0 0 0 1  0 0 0.0993881 0 0 0
4.88 17.0729 0 -0.235973 1 0 0 0 1 0 0 0 1  0 0 0.0988977 0 0 0
4.89 17.0729 0 -0.235011 1 0 0 0 1 0 0 0 1  0 0 0.0949858 0 0 0
4.9 17.0729 0 -0.234047 1 0 0 0 1 0 0 0 1  0 0 0.0953056 0 0 0
4.91 17.0729 0 -0.233119 1 0 0 0 1 0 0 0 1  0 0 0.091862 0 0 0
4.92 17.0729 0 -0.232201 1 0 0 0 1 0 0 0 1  0 0 0.0907854 0 0 0
4.93 17.0729 0 -0.231302 1 0 0 0 1 0 0 0 1  0 0 0.0890319 0 0 0
4.94 17.0729 0 -0.230423 1 0 0 0 1 0 0 0 1  0 0 0.0868531 0 0 0
4.95 17.0729 0 -0.229558 1 0 0 0 1 0 0 0 1  0 0 0.0856024 0 0 0
4.96 17.0729 0 -0.228711 1 0 0 0 1 0 0 0 1  0 0 0.0838917 0 0 0
4.97 17.0729 0 -0.227878 1 0 0 0 1 0 0 0 1  0 0 0.0825026 0 0 0
4.98 17.0729 0 -0.227062 1 0 0 0 1 0 0 0 1  0 0 0.0808538 0 0 0
4.99 17.0729 0 -0.226259 1 0 0 0 1 0 0 0 1  0 0 0.0795366 0 0 0
5 17.0729 0 -0.225473 1 0 0 0 1 0 0 0 1  0 0 0.0777377 0 0 0
5.01 17.0729 0 -0.2247 1 0 0 0 1 0 0 0 1  0 0 0.0765415 0 0 0
5.02 17.0729 0 -0.223946 1 0 0 0 1 0 0 0 1  0 0 0.0747028 0 0 0
5.03 17.0729 0 -0.223213 1 0 0 0 1 0 0 0 1  0 0 0.0722853 0 0 0
5.04 17.0729 0 -0.222484 1 0 0 0 1 0 0 0 1  0 0 0.0722138 0 0 0
5.05 17.0729 0 -0.221769 1 0 0 0 1 0 0 0 1  0 0 0.0707631 0 0 0
5.06 17.0729 0 -0.221069 1 0 0 0 1 0 0 0 1  0 0 0.0690737 0 0 0
5.07 17.0729 0 -0.220359 1 0 0 0 1 0 0 0 1  0 0 0.0703955 0 0 0
5.08 17.0729 0 -0.219677 1 0 0 0 1 0 0 0 1  0 0 0.0676522 0 0 0
5.09 17.0729 0 -0.218999 1 0 0 0 1 0 0 0 1  0 0 0.0672508 0 0 0
5.1 17.0729 0 -0.218331 1 0 0 0 1 0 0 0 1  0 0 0.0665968 0 0 0
5.11 17.0729 0 -0.217687 1 0 0 0 1 0 0 0 1  0 0 0.0636237 0 0 0
5.12 17.0729 0 -0.217036 1 0 0 0 1 0 0 0 1  0 0 0.0645534 0 0 0
5.13 17.0729 0 -0.216416 1 0 0 0 1 0 0 0 1  0 0 0.0614582 0 0 0
5.14 17.0729 0 -0.215799 1 0 0 0 1 0 0 0 1  0 0 0.0609465 0 0 0
5.15 17.0729 0 -0.215214 1 0 0 0 1 0 0 0 1  0 0 0.0575175 0 0 0
5.16 17.0729 0 -0.214636 1 0 0 0 1 0 0 0 1  0 0 0.056836 0 0 0
5.17 17.0729 0 -0.214082 1 0 0 0 1 0 0 0 1  0 0 0.054534 0 0 0
5.18 17.0729 0 -0.213545 1 0 0 0 1 0 0 0 1  0 0 0.0526956 0 0 0
5.19 17.0729 0 -0.213023 1 0 0 0 1 0 0 0 1  0 0 0.0513132 0 0 0
5.2 17.0729 0 -0.212524 1 0 0 0 1 0 0 0 1  0 0 0.0489511 0 0 0
5.21 17.0729 0 -0.212037 1 0 0 0 1 0 0 0 1  0 0 0.0477622 0 0 0
5.22 17.0729 0 -0.211571 1 0 0 0 1 0 0 0 1  0 0 0.0457898 0 0 0
5.23 17.0729 0 -0.211123 1 0 0 0 1 0 0 0 1  0 0 0.0439014 0 0 0
5.24 17.0729 0 -0.21069 1 0 0 0 1 0 0 0 1  0 0 0.042369 0 0 0
5.25 17.0729 0 -0.210279 1 0 0 0 1 0 0 0 1  0 0 0.0402279 0 0 0
5.26 17.0729 0 -0.209879 1 0 0 0 1 0 0 0 1  0 0 0.039181 0 0 0
5.27 17.0729 0 -0.209504 1 0 0 0 1 0 0 0 1  0 0 0.0366117 0 0 0
5.28 17.0729 0 -0.209141 1 0 0 0 1 0 0 0 1  0 0 0.03537 0 0 0
5.29 17.0729 0 -0.208799 1 0 0 0 1 0 0 0 1  0 0 0.0333251 0 0 0
5.3 17.0729 0 -0.208475 1 0 0 0 1 0 0 0 1  0 0 0.0314493 0 0 0
5.31 17.0729 0 -0.208167 1 0 0 0 1 0 0 0 1  0 0 0.0298928 0 0 0
5.32 17.0729 0 -0.207881 1 0 0 0 1 0 0 0 1  0 0 0.0277352 0 0 0
5.33 17.0729 0 -0.20761 1 0 0 0 1 0 0 0 1  0 0 0.0261934 0 0 0
5.34 17.0729 0 -0.207359 1 0 0 0 1 0 0 0 1  0 0 0.0242116 0 0 0
5.35 17.0729 0 -0.207125 1 0 0 0 1 0 0 0 1  0 0 0.0224096 0 0 0
5.36 17.0729 0 -0.20691 1 0 0 0 1 0 0 0 1  0 0 0.0206603 0 0 0
5.37 17.0729 0 -0.206713 1 0 0 0 1 0 0 0 1  0 0 0.0187137 0 0 0
5.38 17.0729 0 -0.206534 1 0 0 0 1 0 0 0 1  0 0 0.0170292 0 0 0
5.39 17.0729 0 -0.206373 1 0 0 0 1 0 0 0 1  0 0 0.015179 0 0 0
5.4 17.0729 0 -0.206231 1 0 0 0 1 0 0 0 1  0 0 0.013317 0 0 0
5.41 17.0729 0 -0.206106 1 0 0 0 1 0 0 0 1  0 0 0.0116133 0 0 0
5.42 17.0729 0 -0.205999 1 0 0 0 1 0 0 0 1  0 0 0.00970887 0 0 0
5.43 17.0729 0 -0.20591 1 0 0 0 1 0 0 0 1  0 0 0.00801005 0 0 0
5.44 17.0729 0 -0.205839 1 0 0 0 1 0 0 0 1  0 0 0.00623097 0 0 0
5.45 17.0729 0 -0.205785 1 0 0 0 1 0 0 0 1  0 0 0.00450636 0 0 0
5.46 17.0729 0 -0.205749 1 0 0 0 1 0 0 0 1  0 0 0.00278782 0 0 0
5.47 17.0729 0 -0.205729 1 0 0 0 1 0 0 0 1  0 0 0.00107775 0 0 0
5.48 17.0729 0 -0.205727 1 0 0 0 1 0 0 0 1  0 0 -0.000598393 0 0 0
5.49 17.0729 0 -0.205741 1 0 0 0 1 0 0 0 1  0 0 -0.00227661 0 0 0
5.5 17.0729 0 -0.205772 1 0 0 0 1 0 0 0 1  0 0 -0.00391673 0 0 0
5.51 17.0729 0 -0.205819 1 0 0 0 1 0 0 0 1  0 0 -0.00554492 0 0 0
5.52 17.0729 0 -0.205882 1 0 0 0 1 0 0 0 1  0 0 -0.00714063 0 0 0
5.53 17.0729 0 -0.205961 1 0 0 0 1 0 0 0 1  0 0 -0.00872487 0 0 0
5.54 17.0729 0 -0.206056 1 0 0 0 1 0 0 0 1  0 0 -0.0101847 0 0 0
5.55 17.0729 0 -0.206165 1 0 0 0 1 0 0 0 1  0 0 -0.0117383 0 0 0
5.56 17.0729 0 -0.206289 1 0 0 0 1 0 0 0 1  0 0 -0.0131539 0 0 0
5.57 17.0729 0 -0.206428 1 0 0 0 1 0 0 0 1  0 0 -0.014608 0 0 0
5.58 17.0729 0 -0.206581 1 0 0 0 1 0 0 0 1  0 0 -0.0160161 0 0 0
5.59 17.0729 0 -0.206748 1 0 0 0 1 0 0 0 1  0 0 -0.0174302 0 0 0
5.6 17.0729 0 -0.206928 1 0 0 0 1 0 0 0 1  0 0 -0.0187295 0 0 0
5.61 17.0729 0 -0.207122 1 0 0 0 1 0 0 0 1  0 0 -0.020059 0 0 0
5.62 17.0729 0 -0.207329 1 0 0 0 1 0 0 0 1  0 0 -0.0213694 0 0 0
5.63 17.0729 0 -0.207549 1 0 0 0 1 0 0 0 1  0 0 -0.0226065 0 0 0
5.64 17.0729 0 -0.207781 1 0 0 0 1 0 0 0 1  0 0 -0.023846 0 0 0
5.65 17.0729 0 -0.208025 1 0 0 0 1 0 0 0 1  0 0 -0.0250626 0 0 0
5.66 17.0729 0 -0.208281 1 0 0 0 1 0 0 0 1  0 0 -0.0262206 0 0 0
5.67 17.0729 0 -0.208549 1 0 0 0 1 0 0 0 1  0 0 -0.0273773 0 0 0
5.68 17.0729 0 -0.208828 1 0 0 0 1 0 0 0 1  0 0 -0.0284932 0 0 0
5.69 17.0729 0 -0.209119 1 0 0 0 1 0 0 0 1  0 0 -0.0296093 0 0 0
5.7 17.0729 0 -0.20942 1 0 0 0 1 0 0 0 1  0 0 -0.0306712 0 0 0
5.71 17.0729 0 -0.209732 1 0 0 0 1 0 0 0 1  0 0 -0.0317131 0 0 0
5.72 17.0729 0 -0.210054 1 0 0 0 1 0 0 0 1  0 0 -0.0327777 0 0 0
5.73 17.0729 0 -0.210386 1 0 0 0 1 0 0 0 1  0 0 -0.0337429 0 0 0
5.74 17.0729 0 -0.210729 1 0 0 0 1 0 0 0 1  0 0 -0.0348138 0 0 0
5.75 17.0729 0 -0.211081 1 0 0 0 1 0 0 0 1  0 0 -0.0357553 0 0 0
5.76 17.0729 0 -0.211443 1 0 0 0 1 0 0 0 1  0 0 -0.0366549 0 0 0
5.77 17.0729 0 -0.211815 1 0 0 0 1 0 0 0 1  0 0 -0.0376303 0 0 0
5.78 17.0729 0 -0.212195 1 0 0 0 1 0 0 0 1  0 0 -0.0384674 0 0 0
5.79 17.0729 0 -0.212588 1 0 0 0 1 0 0 0 1  0 0 -0.0398686 0 0 0
5.8 17.0729 0 -0.212986 1 0 0 0 1 0 0 0 1  0 0 -0.0402889 0 0 0
5.81 17.0729 0 -0.213397 1 0 0 0 1 0 0 0 1  0 0 -0.0415329 0 0 0
5.82 17.0729 0 -0.213815 1 0 0 0 1 0 0 0 1  0 0 -0.0423269 0 0 0
5.83 17.0729 0 -0.21424 1 0 0 0 1 0 0 0 1  0 0 -0.0428348 0 0 0
5.84 17.0729 0 -0.214676 1 0 0 0 1 0 0 0 1  0 0 -0.0440558 0 0 0
5.85 17.0729 0 -0.215115 1 0 0 0 1 0 0 0 1  0 0 -0.0443374 0 0 0
5.86 17.0729 0 -0.215565 1 0 0 0 1 0 0 0 1  0 0 -0.0453347 0 0 0
5.87 17.0729 0 -0.216024 1 0 0 0 1 0 0 0 1  0 0 -0.0463595 0 0 0
5.88 17.0729 0 -0.216482 1 0 0 0 1 0 0 0 1  0 0 -0.0460399 0 0 0
5.89 17.0729 0 -0.216959 1 0 0 0 1 0 0 0 1  0 0 -0.0480473 0 0 0
5.9 17.0729 0 -0.217426 1 0 0 0 1 0 0 0 1  0 0 -0.0469737 0 0 0
5.91 17.0729 0 -0.217912 1 0 0 0 1 0 0 0 1  0 0 -0.048802 0 0 0
5.92 17.0729 0 -0.218404 1 0 0 0 1 0 0 0 1  0 0 -0.0497555 0 0 0
5.93 17.0729 0 -0.218894 1 0 0 0 1 0 0 0 1  0 0 -0.0493079 0 0 0
5.94 17.0729 0 -0.219406 1 0 0 0 1 0 0 0 1  0 0 -0.0515177 0 0 0
5.95 17.0729 0 -0.219909 1 0 0 0 1 0 0 0 1  0 0 -0.0507068 0 0 0
5.96 17.0729 0 -0.220431 1 0 0 0 1 0 0 0 1  0 0 -0.0524981 0 0 0
5.97 17.0729 0 -0.220954 1 0 0 0 1 0 0 0 1  0 0 -0.0526608 0 0 0
5.98 17.0729 0 -0.221505 1 0 0 0 1 0 0 0 1  0 0 -0.0557707 0 0 0
5.99 17.0729 0 -0.222044 1 0 0 0 1 0 0 0 1  0 0 -0.0544287 0 0 0
6 17.0729 0 -0.222608 1 0 0 0 1 0 0 0 1  0 0 -0.0567836 0 0 0
6.01 17.0729 0 -0.223173 1 0 0 0 1 0 0 0 1  0 0 -0.0570566 0 0 0
6.02 17.0729 0 -0.223744 1 0 0 0 1 0 0 0 1  0 0 -0.0574158 0 0 0
6.03 17.0729 0 -0.224327 1 0 0 0 1 0 0 0 1  0 0 -0.0586238 0 0 0
6.04 17.0729 0 -0.224906 1 0 0 0 1 0 0 0 1  0 0 -0.0581741 0 0 0
6.05 17.0729 0 -0.225485 1 0 0 0 1 0 0 0 1  0 0 -0.0577429 0 0 0
6.06 17.0729 0 -0.226082 1 0 0 0 1 0 0 0 1  0 0 -0.0600356 0 0 0
6.07 17.0729 0 -0.226665 1 0 0 0 1 0 0 0 1  0 0 -0.0585066 0 0 0
6.08 17.0729 0 -0.227268 1 0 0 0 1 0 0 0 1  0 0 -0.0604028 0 0 0
6.09 17.0729 0 -0.227867 1 0 0 0 1 0 0 0 1  0 0 -0.0601994 0 0 0
6.1 17.0729 0 -0.228472 1 0 0 0 1 0 0 0 1  0 0 -0.0606628 0 0 0
6.11 17.0729 0 -0.229084 1 0 0 0 1 0 0 0 1  0 0 -0.0615436 0 0 0
6.12 17.0729 0 -0.229702 1 0 0 0 1 0 0 0 1  0 0 -0.0620857 0 0 0
6.13 17.0729 0 -0.230322 1 0 0 0 1 0 0 0 1  0 0 -0.0622824 0 0 0
6.14 17.0729 0 -0.230951 1 0 0 0 1 0 0 0 1  0 0 -0.0631511 0 0 0
6.15 17.0729 0 -0.231581 1 0 0 0 1 0 0 0 1  0 0 -0.0632375 0 0 0
6.16 17.0729 0 -0.232217 1 0 0 0 1 0 0 0 1  0 0 -0.0637845 0 0 0
6.17 17.0729 0 -0.232858 1 0 0 0 1 0 0 0 1  0 0 -0.0642567 0 0 0
6.18 17.0729 0 -0.2335 1 0 0 0 1 0 0 0 1  0 0 -0.0644524 0 0 0
6.19 17.0729 0 -0.234149 1 0 0 0 1 0 0 0 1  0 0 -0.0650424 0 0 0
6.2 17.0729 0 -0.234796 1 0 0 0 1 0 0 0 1  0 0 -0.0648425 0 0 0
6.21 17.0729 0 -0.235451 1 0 0 0 1 0 0 0 1  0 0 -0.0656956 0 0 0
6.22 17.0729 0 -0.236107 1 0 0 0 1 0 0 0 1  0 0 -0.0657506 0 0 0
6.23 17.0729 0 -0.236766 1 0 0 0 1 0 0 0 1  0 0 -0.0660439 0 0 0
6.24 17.0729 0 -0.23743 1 0 0 0 1 0 0 0 1  0 0 -0.0665602 0 0 0
6.25 17.0729 0 -0.238094 1 0 0 0 1 0 0 0 1  0 0 -0.0665595 0 0 0
6.26 17.0729 0 -0.238763 1 0 0 0 1 0 0 0 1  0 0 -0.0670636 0 0 0
6.27 17.0729 0 -0.239434 1 0 0 0 1 0 0 0 1  0 0 -0.0671854 0 0 0
6.28 17.0729 0 -0.240107 1 0 0 0 1 0 0 0 1  0 0 -0.067388 0 0 0
6.29 17.0729 0 -0.24078 1 0 0 0 1 0 0 0 1  0 0 -0.0673555 0 0 0
6.3 17.0729 0 -0.241459 1 0 0 0 1 0 0 0 1  0 0 -0.0680436 0 0 0
6.31 17.0729 0 -0.242135 1 0 0 0 1 0 0 0 1  0 0 -0.0677771 0 0 0
6.32 17.0729 0 -0.242817 1 0 0 0 1 0 0 0 1  0 0 -0.0682894 0 0 0
6.33 17.0729 0 -0.2435 1 0 0 0 1 0 0 0 1  0 0 -0.0683434 0 0 0
6.34 17.0729 0 -0.244182 1 0 0 0 1 0 0 0 1  0 0 -0.0682987 0 0 0
6.35 17.0729 0 -0.24487 1 0 0 0 1 0 0 0 1  0 0 -0.0688478 0 0 0
6.36 17.0729 0 -0.245555 1 0 0 0 1 0 0 0 1  0 0 -0.0685595 0 0 0
6.37 17.0729 0 -0.246244 1 0 0 0 1 0 0 0 1  0 0 -0.0689516 0 0 0
6.38 17.0729 0 -0.246933 1 0 0 0 1 0 0 0 1  0 0 -0.0689868 0 0 0
6.39 17.0729 0 -0.247622 1 0 0 0 1 0 0 0 1  0 0 -0.0689947 0 0 0
6.4 17.0729 0 -0.248314 1 0 0 0 1 0 0 0 1  0 0 -0.0692564 0 0 0
6.41 17.0729 0 -0.249005 1 0 0 0 1 0 0 0 1  0 0 -0.0691223 0 0 0
6.42 17.0729 0 -0.24969 1 0 0 0 1 0 0 0 1  0 0 -0.0682991 0 0 0
6.43 17.0729 0 -0.250378 1 0 0 0 1 0 0 0 1  0 0 -0.0687179 0 0 0
6.44 17.0729 0 -0.251068 1 0 0 0 1 0 0 0 1  0 0 -0.0690644 0 0 0
6.45 17.0729 0 -0.251735 1 0 0 0 1 0 0 0 1  0 0 -0.0663023 0 0 0
6.46 17.0729 0 -0.252438 1 0 0 0 1 0 0 0 1  0 0 -0.0704275 0 0 0
6.47 17.0729 0 -0.253102 1 0 0 0 1 0 0 0 1  0 0 -0.0664703 0 0 0
6.48 17.0729 0 -0.253795 1 0 0 0 1 0 0 0 1  0 0 -0.0690544 0 0 0
6.49 17.0729 0 -0.254474 1 0 0 0 1 0 0 0 1  0 0 -0.068146 0 0 0
6.5 17.0729 0 -0.25515 1 0 0 0 1 0 0 0 1  0 0 -0.0674288 0 0 0
6.51 17.0729 0 -0.25584 1 0 0 0 1 0 0 0 1  0 0 -0.0689923 0 0 0
6.52 17.0729 0 -0.256511 1 0 0 0 1 0 0 0 1  0 0 -0.0671309 0 0 0
6.53 17.0729 0 -0.257196 1 0 0 0 1 0 0 0 1  0 0 -0.0684037 0 0 0
6.54 17.0729 0 -0.257872 1 0 0 0 1 0 0 0 1  0 0 -0.0676271 0 0 0
6.55 17.0729 0 -0.258548 1 0 0 0 1 0 0 0 1  0 0 -0.0674857 0 0 0
6.56 17.0729 0 -0.259227 1 0 0 0 1 0 0 0 1  0 0 -0.0678944 0 0 0
6.57 17.0729 0 -0.259899 1 0 0 0 1 0 0 0 1  0 0 -0.0670937 0 0 0
6.58 17.0729 0 -0.260575 1 0 0 0 1 0 0 0 1  0 0 -0.0674881 0 0 0
6.59 17.0729 0 -0.261246 1 0 0 0 1 0 0 0 1  0 0 -0.0670224 0 0 0
6.6 17.0729 0 -0.261916 1 0 0 0 1 0 0 0 1  0 0 -0.0669271 0 0 0
6.61 17.0729 0 -0.262585 1 0 0 0 1 0 0 0 1  0 0 -0.0668606 0 0 0
6.62 17.0729 0 -0.263251 1 0 0 0 1 0 0 0 1  0 0 -0.0664916 0 0 0
6.63 17.0729 0 -0.263917 1 0 0 0 1 0 0 0 1  0 0 -0.0664531 0 0 0
6.64 17.0729 0 -0.264577 1 0 0 0 1 0 0 0 1  0 0 -0.0659249 0 0 0
6.65 17.0729 0 -0.265239 1 0 0 0 1 0 0 0 1  0 0 -0.0660152 0 0 0
6.66 17.0729 0 -0.265895 1 0 0 0 1 0 0 0 1  0 0 -0.0654616 0 0 0
6.67 17.0729 0 -0.266551 1 0 0 0 1 0 0 0 1  0 0 -0.0655395 0 0 0
6.68 17.0729 0 -0.267203 1 0 0 0 1 0 0 0 1  0 0 -0.065068 0 0 0
6.69 17.0729 0 -0.267853 1 0 0 0 1 0 0 0 1  0 0 -0.0648396 0 0 0
6.7 17.0729 0 -0.2685 1 0 0 0 1 0 0 0 1  0 0 -0.0646022 0 0 0
6.71 17.0729 0 -0.269144 1 0 0 0 1 0 0 0 1  0 0 -0.0642388 0 0 0
6.72 17.0729 0 -0.269786 1 0 0 0 1 0 0 0 1  0 0 -0.0640491 0 0 0
6.73 17.0729 0 -0.270425 1 0 0 0 1 0 0 0 1  0 0 -0.063734 0 0 0
6.74 17.0729 0 -0.271059 1 0 0 0 1 0 0 0 1  0 0 -0.0632378 0 0 0
6.75 17.0729 0 -0.271694 1 0 0 0 1 0 0 0 1  0 0 -0.0632767 0 0 0
6.76 17.0729 0 -0.272322 1 0 0 0 1 0 0 0 1  0 0 -0.0626468 0 0 0
6.77 17.0729 0 -0.272949 1 0 0 0 1 0 0 0 1  0 0 -0.0625279 0 0 0
6.78 17.0729 0 -0.273572 1 0 0 0 1 0 0 0 1  0 0 -0.0621938 0 0 0
6.79 17.0729 0 -0.274192 1 0 0 0 1 0 0 0 1  0 0 -0.0617921 0 0 0
6.8 17.0729 0 -0.274813 1 0 0 0 1 0 0 0 1  0 0 -0.0620261 0 0 0
6.81 17.0729 0 -0.275423 1 0 0 0 1 0 0 0 1  0 0 -0.0607562 0 0 0
6.82 17.0729 0 -0.276039 1 0 0 0 1 0 0 0 1  0 0 -0.061467 0 0 0
6.83 17.0729 0 -0.276644 1 0 0 0 1 0 0 0 1  0 0 -0.0603469 0 0 0
6.84 17.0729 0 -0.277249 1 0 0 0 1 0 0 0 1  0 0 -0.0602768 0 0 0
6.85 17.0729 0 -0.277848 1 0 0 0 1 0 0 0 1  0 0 -0.0596608 0 0 0
6.86 17.0729 0 -0.278437 1 0 0 0 1 0 0 0 1  0 0 -0.0586091 0 0 0
6.87 17.0729 0 -0.279031 1 0 0 0 1 0 0 0 1  0 0 -0.0591411 0 0 0
6.88 17.0729 0 -0.27961 1 0 0 0 1 0 0 0 1  0 0 -0.057746 0 0 0
6.89 17.0729 0 -0.280192 1 0 0 0 1 0 0 0 1  0 0 -0.0579128 0 0 0
6.9 17.0729 0 -0.280767 1 0 0 0 1 0 0 0 1  0 0 -0.057258 0 0 0
6.91 17.0729 0 -0.281339 1 0 0 0 1 0 0 0 1  0 0 -0.0569648 0 0 0
6.92 17.0729 0 -0.281907 1 0 0 0 1 0 0 0 1  0 0 -0.0566702 0 0 0
6.93 17.0729 0 -0.28247 1 0 0 0 1 0 0 0 1  0 0 -0.0561419 0 0 0
6.94 17.0729 0 -0.283043 1 0 0 0 1 0 0 0 1  0 0 -0.0573184 0 0 0
6.95 17.0729 0 -0.283598 1 0 0 0 1 0 0 0 1  0 0 -0.0554154 0 0 0
6.96 17.0729 0 -0.284167 1 0 0 0 1 0 0 0 1  0 0 -0.0567689 0 0 0
6.97 17.0729 0 -0.284722 1 0 0 0 1 0 0 0 1  0 0 -0.0554947 0 0 0
6.98 17.0729 0 -0.285279 1 0 0 0 1 0 0 0 1  0 0 -0.0554599 0 0 0
6.99 17.0729 0 -0.285834 1 0 0 0 1 0 0 0 1  0 0 -0.0554597 0 0 0
7 17.0729 0 -0.286379 1 0 0 0 1 0 0 0 1  0 0 -0.0542731 0 0 0
7.01 17.0729 0 -0.286924 1 0 0 0 1 0 0 0 1  0 0 -0.0542298 0 0 0
7.02 17.0729 0 -0.287464 1 0 0 0 1 0 0 0 1  0 0 -0.0538102 0 0 0
7.03 17.0729 0 -0.287997 1 0 0 0 1 0 0 0 1  0 0 -0.0530484 0 0 0
7.04 17.0729 0 -0.288529 1 0 0 0 1 0 0 0 1  0 0 -0.052901 0 0 0
7.05 17.0729 0 -0.289053 1 0 0 0 1 0 0 0 1  0 0 -0.0522646 0 0 0
7.06 17.0729 0 -0.289574 1 0 0 0 1 0 0 0 1  0 0 -0.0517984 0 0 0
7.07 17.0729 0 -0.29009 1 0 0 0 1 0 0 0 1  0 0 -0.0514109 0 0 0
7.08 17.0729 0 -0.290601 1 0 0 0 1 0 0 0 1  0 0 -0.0508153 0 0 0
7.09 17.0729 0 -0.291109 1 0 0 0 1 0 0 0 1  -0 -0 -0.0506002 0 0 0
7.1 17.0729 0 -0.291611 1 0 0 0 1 0 0 0 1  -0 -0 -0.0499973 0 0 0
7.11 17.0729 0 -0.292109 1 0 0 0 1 0 0 0 1  -0 -0 -0.0495473 0 0 0
7.12 17.0729 0 -0.292602 1 0 0 0 1 0 0 0 1  -0 -0 -0.0490903 0 0 0
7.13 17.0729 0 -0.293091 1 0 0 0 1 0 0 0 1  -0 -0 -0.0486085 0 0 0
7.14 17.0729 0 -0.293574 1 0 0 0 1 0 0 0 1  -0 -0 -0.0480494 0 0 0
7.15 17.0729 0 -0.294053 1 0 0 0 1 0 0 0 1  -0 -0 -0.0477616 0 0 0
7.16 17.0729 0 -0.294526 1 0 0 0 1 0 0 0 1  -0 -0 -0.0469495 0 0 0
7.17 17.0729 0 -0.294995 1 0 0 0 1 0 0 0 1  -0 -0 -0.0466894 0 0 0
7.18 17.0729 0 -0.295457 1 0 0 0 1 0 0 0 1  -0 -0 -0.0459816 0 0 0
7.19 17.0729 0 -0.295915 1 0 0 0 1 0 0 0 1  -0 -0 -0.0455054 0 0 0
7.2 17.0729 0 -0.296368 1 0 0 0 1 0 0 0 1  -0 -0 -0.0450007 0 0 0
7.21 17.0729 0 -0.296814 1 0 0 0 1 0 0 0 1  -0 -0 -0.044355 0 0 0
7.22 17.0729 0 -0.297256 1 0 0 0 1 0 0 0 1  -0 -0 -0.0439056 0 0 0
7.23 17.0729 0 -0.297691 1 0 0 0 1 0 0 0 1  -0 -0 -0.0432651 0 0 0
7.24 17.0729 0 -0.298122 1 0 0 0 1 0 0 0 1  -0 -0 -0.0427383 0 0 0
7.25 17.0729 0 -0.298546 1 0 0 0 1 0 0 0 1  -0 -0 -0.0421713 0 0 0
7.26 17.0729 0 -0.298965 1 0 0 0 1 0 0 0 1  -0 -0 -0.0415569 0 0 0
7.27 17.0729 0 -0.299378 1 0 0 0 1 0 0 0 1  -0 -0 -0.0410367 0 0 0
7.28 17.0729 0 -0.299785 1 0 0 0 1 0 0 0 1  -0 -0 -0.04043 0 0 0
7.29 17.0729 0 -0.300186 1 0 0 0 1 0 0 0 1  -0 -0 -0.0398586 0 0 0
7.3 17.0729 0 -0.300582 1 0 0 0 1 0 0 0 1  -0 -0 -0.039279 0 0 0
7.31 17.0729 0 -0.300972 1 0 0 0 1 0 0 0 1  -0 -0 -0.0386774 0 0 0
7.32 17.0729 0 -0.301356 1 0 0 0 1 0 0 0 1  -0 -0 -0.0381086 0 0 0
7.33 17.0729 0 -0.301734 1 0 0 0 1 0 0 0 1  -0 -0 -0.0375132 0 0 0
7.34 17.0729 0 -0.302106 1 0 0 0 1 0 0 0 1  -0 -0 -0.0368968 0 0 0
7.35 17.0729 0 -0.302473 1 0 0 0 1 0 0 0 1  -0 -0 -0.0364375 0 0 0
7.36 17.0729 0 -0.302834 1 0 0 0 1 0 0 0 1  0 0 -0.0358571 0 0 0
7.37 17.0729 0 -0.303189 1 0 0 0 1 0 0 0 1  0 0 -0.0351216 0 0 0
7.38 17.0729 0 -0.303539 1 0 0 0 1 0 0 0 1  0 0 -0.0347162 0 0 0
7.39 17.0729 0 -0.303881 1 0 0 0 1 0 0 0 1  0 0 -0.0339447 0 0 0
7.4 17.0729 0 -0.304219 1 0 0 0 1 0 0 0 1  -0 -0 -0.0334537 0 0 0
7.41 17.0729 0 -0.304551 1 0 0 0 1 0 0 0 1  -0 -0 -0.0329974 0 0 0
7.42 17.0729 0 -0.304875 1 0 0 0 1 0 0 0 1  -0 -0 -0.0321126 0 0 0
7.43 17.0729 0 -0.305197 1 0 0 0 1 0 0 0 1  -0 -0 -0.0318315 0 0 0
7.44 17.0729 0 -0.30551 1 0 0 0 1 0 0 0 1  -0 -0 -0.0310047 0 0 0
7.45 17.0729 0 -0.305818 1 0 0 0 1 0 0 0 1  -0 -0 -0.0305105 0 0 0
7.46 17.0729 0 -0.30612 1 0 0 0 1 0 0 0 1  -0 -0 -0.0299465 0 0 0
7.47 17.0729 0 -0.306416 1 0 0 0 1 0 0 0 1  -0 -0 -0.0292367 0 0 0
7.48 17.0729 0 -0.306706 1 0 0 0 1 0 0 0 1  -0 -0 -0.0287839 0 0 0
7.49 17.0729 0 -0.30699 1 0 0 0 1 0 0 0 1  -0 -0 -0.0280775 0 0 0
7.5 17.0729 0 -0.307269 1 0 0 0 1 0 0 0 1  -0 -0 -0.0275452 0 0 0
7.51 17.0729 0 -0.307541 1 0 0 0 1 0 0 0 1  -0 -0 -0.0269537 0 0 0
7.52 17.0729 0 -0.307807 1 0 0 0 1 0 0 0 1  -0 -0 -0.0263256 0 0 0
7.53 17.0729 0 -0.308068 1 0 0 0 1 0 0 0 1  -0 -0 -0.0258048 0 0 0
7.54 17.0729 0 -0.308323 1 0 0 0 1 0 0 0 1  -0 -0 -0.0252324 0 0 0
7.55 17.0729 0 -0.308572 1 0 0 0 1 0 0 0 1  -0 -0 -0.0245832 0 0 0
7.56 17.0729 0 -0.308816 1 0 0 0 1 0 0 0 1  -0 -0 -0.0240998 0 0 0
7.57 17.0729 0 -0.309053 1 0 0 0 1 0 0 0 1  -0 -0 -0.0234494 0 0 0
7.58 17.0729 0 -0.309285 1 0 0 0 1 0 0 0 1  -0 -0 -0.0229212 0 0 0
7.59 17.0729 0 -0.309512 1 0 0 0 1 0 0 0 1  -0 -0 -0.0223529 0 0 0
7.6 17.0729 0 -0.309732 1 0 0 0 1 0 0 0 1  -0 -0 -0.0217616 0 0 0
7.61 17.0729 0 -0.309947 1 0 0 0 1 0 0 0 1  -0 -0 -0.0212425 0 0 0
7.62 17.0729 0 -0.310157 1 0 0 0 1 0 0 0 1  -0 -0 -0.0206488 0 0 0
7.63 17.0729 0 -0.310361 1 0 0 0 1 0 0 0 1  0 0 -0.0201239 0 0 0
7.64 17.0729 0 -0.310559 1 0 0 0 1 0 0 0 1  0 0 -0.0195667 0 0 0
7.65 17.0729 0 -0.310752 1 0 0 0 1 0 0 0 1  0 0 -0.0190088 0 0 0
7.66 17.0729 0 -0.31094 1 0 0 0 1 0 0 0 1  0 0 -0.0184903 0 0 0
7.67 17.0729 0 -0.311122 1 0 0 0 1 0 0 0 1  0 0 -0.017942 0 0 0
7.68 17.0729 0 -0.311299 1 0 0 0 1 0 0 0 1  0 0 -0.0174201 0 0 0
7.69 17.0729 0 -0.31147 1 0 0 0 1 0 0 0 1  0 0 -0.0169004 0 0 0
7.7 17.0729 0 -0.311637 1 0 0 0 1 0 0 0 1  0 0 -0.01637 0 0 0
7.71 17.0729 0 -0.311798 1 0 0 0 1 0 0 0 1  0 0 -0.0158676 0 0 0
7.72 17.0729 0 -0.311954 1 0 0 0 1 0 0 0 1  0 0 -0.0153457 0 0 0
7.73 17.0729 0 -0.312105 1 0 0 0 1 0 0 0 1  0 0 -0.014847 0 0 0
7.74 17.0729 0 -0.312251 1 0 0 0 1 0 0 0 1  0 0 -0.0143907 0 0 0
7.75 17.0729 0 -0.312392 1 0 0 0 1 0 0 0 1  0 0 -0.013817 0 0 0
7.76 17.0729 0 -0.312528 1 0 0 0 1 0 0 0 1  0 0 -0.013406 0 0 0
7.77 17.0729 0 -0.312659 1 0 0 0 1 0 0 0 1  0 0 -0.0128639 0 0 0
7.78 17.0729 0 -0.312786 1 0 0 0 1 0 0 0 1  -0 -0 -0.0124046 0 0 0
7.79 17.0729 0 -0.312908 1 0 0 0 1 0 0 0 1  -0 -0 -0.0119491 0 0 0
7.8 17.0729 0 -0.313025 1 0 0 0 1 0 0 0 1  0 0 -0.0114369 0 0 0
7.81 17.0729 0 -0.313137 1 0 0 0 1 0 0 0 1  0 0 -0.011017 0 0 0
7.82 17.0729 0 -0.313245 1 0 0 0 1 0 0 0 1  0 0 -0.0105213 0 0 0
7.83 17.0729 0 -0.313348 1 0 0 0 1 0 0 0 1  0 0 -0.0100855 0 0 0
7.84 17.0729 0 -0.313446 1 0 0 0 1 0 0 0 1  0 0 -0.00963884 0 0 0
7.85 17.0729 0 -0.31354 1 0 0 0 1 0 0 0 1  0 0 -0.00918334 0 0 0
7.86 17.0729 0 -0.31363 1 0 0 0 1 0 0 0 1  0 0 -0.00878524 0 0 0
7.87 17.0729 0 -0.313716 1 0 0 0 1 0 0 0 1  0 0 -0.00835932 0 0 0
7.88 17.0729 0 -0.313798 1 0 0 0 1 0 0 0 1  0 0 -0.00795388 0 0 0
7.89 17.0729 0 -0.313875 1 0 0 0 1 0 0 0 1  0 0 -0.00757291 0 0 0
7.9 17.0729 0 -0.313949 1 0 0 0 1 0 0 0 1  0 0 -0.00717589 0 0 0
7.91 17.0729 0 -0.314019 1 0 0 0 1 0 0 0 1  0 0 -0.00681406 0 0 0
7.92 17.0729 0 -0.314086 1 0 0 0 1 0 0 0 1  0 0 -0.00644361 0 0 0
7.93 17.0729 0 -0.314148 1 0 0 0 1 0 0 0 1  0 0 -0.00608757 0 0 0
7.94 17.0729 0 -0.314207 1 0 0 0 1 0 0 0 1  0 0 -0.00574185 0 0 0
7.95 17.0729 0 -0.314263 1 0 0 0 1 0 0 0 1  0 0 -0.00539312 0 0 0
7.96 17.0729 0 -0.314315 1 0 0 0 1 0 0 0 1  0 0 -0.00506375 0 0 0
7.97 17.0729 0 -0.314364 1 0 0 0 1 0 0 0 1  0 0 -0.00472821 0 0 0
7.98 17.0729 0 -0.31441 1 0 0 0 1 0 0 0 1  0 0 -0.00440628 0 0 0
7.99 17.0729 0 -0.314453 1 0 0 0 1 0 0 0 1  0 0 -0.00408742 0 0 0
8 17.0729 0 -0.314492 1 0 0 0 1 0 0 0 1  0 0 -0.00377221 0 0 0
8.01 17.0729 0 -0.314528 1 0 0 0 1 0 0 0 1  0 0 -0.00346547 0 0 0
8.02 17.0729 0 -0.314561 1 0 0 0 1 0 0 0 1  0 0 -0.00316093 0 0 0
8.03 17.0729 0 -0.314591 1 0 0 0 1 0 0 0 1  0 0 -0.00286292 0 0 0
8.04 17.0729 0 -0.314619 1 0 0 0 1 0 0 0 1  0 0 -0.00257499 0 0 0
8.05 17.0729 0 -0.314643 1 0 0 0 1 0 0 0 1  0 0 -0.00227627 0 0 0
8.06 17.0729 0 -0.314664 1 0 0 0 1 0 0 0 1  0 0 -0.0020002 0 0 0
8.07 17.0729 0 -0.314683 1 0 0 0 1 0 0 0 1  0 0 -0.00171576 0 0 0
8.08 17.0729 0 -0.314699 1 0 0 0 1 0 0 0 1  0 0 -0.00145589 0 0 0
8.09 17.0729 0 -0.314712 1 0 0 0 1 0 0 0 1  0 0 -0.00118582 0 0 0
8.1 17.0729 0 -0.314723 1 0 0 0 1 0 0 0 1  0 0 -0.000931229 0 0 0
8.11 17.0729 0 -0.314731 1 0 0 0 1 0 0 0 1  0 0 -0.000676279 0 0 0
8.12 17.0729 0 -0.314736 1 0 0 0 1 0 0 0 1  0 0 -0.000425296 0 0 0
8.13 17.0729 0 -0.314739 1 0 0 0 1 0 0 0 1  0 0 -0.000185872 0 0 0
8.14 17.0729 0 -0.31474 1 0 0 0 1 0 0 0 1  0 0 5.72762e-05 0 0 0
8.15 17.0729 0 -0.314738 1 0 0 0 1 0 0 0 1  0 0 0.000288157 0 0 0
8.16 17.0729 0 -0.314734 1 0 0 0 1 0 0 0 1  0 0 0.000518696 0 0 0
8.17 17.0729 0 -0.314728 1 0 0 0 1 0 0 0 1  0 0 0.000744097 0 0 0
8.18 17.0729 0 -0.314719 1 0 0 0 1 0 0 0 1  0 0 0.000964852 0 0 0
8.19 17.0729 0 -0.314709 1 0 0 0 1 0 0 0 1  0 0 0.001182 0 0 0
8.2 17.0729 0 -0.314696 1 0 0 0 1 0 0 0 1  0 0 0.0013938 0 0 0
8.21 17.0729 0 -0.314681 1 0 0 0 1 0 0 0 1  0 0 0.00160258 0 0 0
8.22 17.0729 0 -0.314664 1 0 0 0 1 0 0 0 1  0 0 0.00180674 0 0 0
8.23 17.0729 0 -0.314645 1 0 0 0 1 0 0 0 1  0 0 0.00200678 0 0 0
8.24 17.0729 0 -0.314624 1 0 0 0 1 0 0 0 1  0 0 0.00220126 0 0 0
8.25 17.0729 0 -0.314601 1 0 0 0 1 0 0 0 1  0 0 0.00239148 0 0 0
8.26 17.0729 0 -0.314576 1 0 0 0 1 0 0 0 1  0 0 0.00257633 0 0 0
8.27 17.0729 0 -0.31455 1 0 0 0 1 0 0 0 1  0 0 0.00275098 0 0 0
8.28 17.0729 0 -0.314521 1 0 0 0 1 0 0 0 1  0 0 0.00294194 0 0 0
8.29 17.0729 0 -0.314491 1 0 0 0 1 0 0 0 1  0 0 0.00310322 0 0 0
8.3 17.0729 0 -0.314459 1 0 0 0 1 0 0 0 1  0 0 0.00328268 0 0 0
8.31 17.0729 0 -0.314425 1 0 0 0 1 0 0 0 1  0 0 0.00344639 0 0 0
8.32 17.0729 0 -0.31439 1 0 0 0 1 0 0 0 1  0 0 0.00360881 0 0 0
8.33 17.0729 0 -0.314353 1 0 0 0 1 0 0 0 1  0 0 0.00377406 0 0 0
8.34 17.0729 0 -0.314315 1 0 0 0 1 0 0 0 1  0 0 0.00392573 0 0 0
8.35 17.0729 0 -0.314275 1 0 0 0 1 0 0 0 1  0 0 0.00408474 0 0 0
8.36 17.0729 0 -0.314233 1 0 0 0 1 0 0 0 1  0 0 0.00423364 0 0 0
8.37 17.0729 0 -0.31419 1 0 0 0 1 0 0 0 1  0 0 0.00438295 0 0 0
8.38 17.0729 0 -0.314145 1 0 0 0 1 0 0 0 1  0 0 0.00453043 0 0 0
8.39 17.0729 0 -0.314099 1 0 0 0 1 0 0 0 1  0 0 0.00467275 0 0 0
8.4 17.0729 0 -0.314052 1 0 0 0 1 0 0 0 1  0 0 0.00481717 0 0 0
8.41 17.0729 0 -0.314003 1 0 0 0 1 0 0 0 1  0 0 0.00495572 0 0 0
8.42 17.0729 0 -0.313953 1 0 0 0 1 0 0 0 1  0 0 0.0050946 0 0 0
8.43 17.0729 0 -0.313901 1 0 0 0 1 0 0 0 1  0 0 0.00523267 0 0 0
8.44 17.0729 0 -0.313848 1 0 0 0 1 0 0 0 1  0 0 0.00536756 0 0 0
8.45 17.0729 0 -0.313794 1 0 0 0 1 0 0 0 1  0 0 0.00550605 0 0 0
8.46 17.0729 0 -0.313738 1 0 0 0 1 0 0 0 1  0 0 0.0056407 0 0 0
8.47 17.0729 0 -0.313681 1 0 0 0 1 0 0 0 1  0 0 0.00577301 0 0 0
8.48 17.0729 0 -0.313623 1 0 0 0 1 0 0 0 1  0 0 0.0059153 0 0 0
8.49 17.0729 0 -0.313563 1 0 0 0 1 0 0 0 1  0 0 0.00604879 0 0 0
8.5 17.0729 0 -0.313502 1 0 0 0 1 0 0 0 1  0 0 0.00619379 0 0 0
8.51 17.0729 0 -0.313439 1 0 0 0 1 0 0 0 1  0 0 0.00632134 0 0 0
8.52 17.0729 0 -0.313375 1 0 0 0 1 0 0 0 1  0 0 0.00646613 0 0 0
8.53 17.0729 0 -0.31331 1 0 0 0 1 0 0 0 1  0 0 0.00658399 0 0 0
8.54 17.0729 0 -0.313243 1 0 0 0 1 0 0 0 1  0 0 0.00670171 0 0 0
8.55 17.0729 0 -0.313176 1 0 0 0 1 0 0 0 1  0 0 0.00683372 0 0 0
8.56 17.0729 0 -0.313107 1 0 0 0 1 0 0 0 1  0 0 0.00693738 0 0 0
8.57 17.0729 0 -0.313037 1 0 0 0 1 0 0 0 1  0 0 0.00705793 0 0 0
8.58 17.0729 0 -0.312966 1 0 0 0 1 0 0 0 1  0 0 0.00716679 0 0 0
8.59 17.0729 0 -0.312894 1 0 0 0 1 0 0 0 1  0 0 0.00727394 0 0 0
8.6 17.0729 0 -0.31282 1 0 0 0 1 0 0 0 1  0 0 0.00738609 0 0 0
8.61 17.0729 0 -0.312746 1 0 0 0 1 0 0 0 1  0 0 0.0074842 0 0 0
8.62 17.0729 0 -0.312671 1 0 0 0 1 0 0 0 1  0 0 0.00759131 0 0 0
8.63 17.0729 0 -0.312594 1 0 0 0 1 0 0 0 1  0 0 0.00769312 0 0 0
8.64 17.0729 0 -0.312517 1 0 0 0 1 0 0 0 1  0 0 0.00779245 0 0 0
8.65 17.0729 0 -0.312438 1 0 0 0 1 0 0 0 1  0 0 0.00789876 0 0 0
8.66 17.0729 0 -0.312359 1 0 0 0 1 0 0 0 1  0 0 0.00799282 0 0 0
8.67 17.0729 0 -0.312279 1 0 0 0 1 0 0 0 1  0 0 0.00809544 0 0 0
8.68 17.0729 0 -0.312197 1 0 0 0 1 0 0 0 1  0 0 0.00819425 0 0 0
8.69 17.0729 0 -0.312115 1 0 0 0 1 0 0 0 1  0 0 0.00828819 0 0 0
8.7 17.0729 0 -0.312031 1 0 0 0 1 0 0 0 1  0 0 0.00838922 0 0 0
8.71 17.0729 0 -0.311946 1 0 0 0 1 0 0 0 1  0 0 0.00858483 0 0 0
8.72 17.0729 0 -0.311861 1 0 0 0 1 0 0 0 1  0 0 0.00851256 0 0 0
8.73 17.0729 0 -0.311774 1 0 0 0 1 0 0 0 1  0 0 0.00877247 0 0 0
8.74 17.0729 0 -0.311687 1 0 0 0 1 0 0 0 1  0 0 0.00875237 0 0 0
8.75 17.0729 0 -0.311599 1 0 0 0 1 0 0 0 1  0 0 0.00888389 0 0 0
8.76 17.0729 0 -0.311509 1 0 0 0 1 0 0 0 1  0 0 0.00900019 0 0 0
8.77 17.0729 0 -0.311419 1 0 0 0 1 0 0 0 1  0 0 0.00902821 0 0 0
8.78 17.0729 0 -0.311328 1 0 0 0 1 0 0 0 1  0 0 0.00918911 0 0 0
8.79 17.0729 0 -0.311236 1 0 0 0 1 0 0 0 1  0 0 0.00922662 0 0 0
8.8 17.0729 0 -0.311143 1 0 0 0 1 0 0 0 1  0 0 0.0093427 0 0 0
8.81 17.0729 0 -0.311049 1 0 0 0 1 0 0 0 1  0 0 0.009436 0 0 0
8.82 17.0729 0 -0.310955 1 0 0 0 1 0 0 0 1  0 0 0.00950642 0 0 0
8.83 17.0729 0 -0.310859 1 0 0 0 1 0 0 0 1  0 0 0.00962309 0 0 0
8.84 17.0729 0 -0.310762 1 0 0 0 1 0 0 0 1  0 0 0.00969362 0 0 0
8.85 17.0729 0 -0.310665 1 0 0 0 1 0 0 0 1  0 0 0.00979694 0 0 0
8.86 17.0729 0 -0.310566 1 0 0 0 1 0 0 0 1  0 0 0.00989034 0 0 0
8.87 17.0729 0 -0.310467 1 0 0 0 1 0 0 0 1  0 0 0.0099756 0 0 0
8.88 17.0729 0 -0.310367 1 0 0 0 1 0 0 0 1  0 0 0.0100842 0 0 0
8.89 17.0729 0 -0.310266 1 0 0 0 1 0 0 0 1  0 0 0.0101711 0 0 0
8.9 17.0729 0 -0.310163 1 0 0 0 1 0 0 0 1  0 0 0.0102779 0 0 0
8.91 17.0729 0 -0.31006 1 0 0 0 1 0 0 0 1  0 0 0.0103782 0 0 0
8.92 17.0729 0 -0.309956 1 0 0 0 1 0 0 0 1  0 0 0.0104737 0 0 0
8.93 17.0729 0 -0.309851 1 0 0 0 1 0 0 0 1  0 0 0.0105688 0 0 0
8.94 17.0729 0 -0.309744 1 0 0 0 1 0 0 0 1  0 0 0.010658 0 0 0
8.95 17.0729 0 -0.309637 1 0 0 0 1 0 0 0 1  0 0 0.010772 0 0 0
8.96 17.0729 0 -0.309529 1 0 0 0 1 0 0 0 1  0 0 0.0108535 0 0 0
8.97 17.0729 0 -0.30942 1 0 0 0 1 0 0 0 1  0 0 0.010985 0 0 0
8.98 17.0729 0 -0.30931 1 0 0 0 1 0 0 0 1  0 0 0.0110607 0 0 0
8.99 17.0729 0 -0.309198 1 0 0 0 1 0 0 0 1  0 0 0.0111876 0 0 0
9 17.0729 0 -0.309086 1 0 0 0 1 0 0 0 1  0 0 0.0112995 0 0 0
9.01 17.0729 0 -0.308973 1 0 0 0 1 0 0 0 1  0 0 0.0113782 0 0 0
9.02 17.0729 0 -0.308858 1 0 0 0 1 0 0 0 1  0 0 0.0114787 0 0 0
9.03 17.0729 0 -0.308743 1 0 0 0 1 0 0 0 1  0 0 0.0115997 0 0 0
9.04 17.0729 0 -0.308627 1 0 0 0 1 0 0 0 1  0 0 0.0116731 0 0 0
9.05 17.0729 0 -0.308509 1 0 0 0 1 0 0 0 1  0 0 0.0118123 0 0 0
9.06 17.0729 0 -0.308391 1 0 0 0 1 0 0 0 1  0 0 0.0118969 0 0 0
9.07 17.0729 0 -0.308271 1 0 0 0 1 0 0 0 1  0 0 0.0120065 0 0 0
9.08 17.0729 0 -0.308151 1 0 0 0 1 0 0 0 1  0 0 0.012118 0 0 0
9.09 17.0729 0 -0.308029 1 0 0 0 1 0 0 0 1  0 0 0.0122112 0 0 0
9.1 17.0729 0 -0.307906 1 0 0 0 1 0 0 0 1  0 0 0.0123292 0 0 0
9.11 17.0729 0 -0.307781 1 0 0 0 1 0 0 0 1  0 0 0.0125994 0 0 0
9.12 17.0729 0 -0.307657 1 0 0 0 1 0 0 0 1  0 0 0.0124459 0 0 0
9.13 17.0729 0 -0.307529 1 0 0 0 1 0 0 0 1  0 0 0.0128326 0 0 0
9.14 17.0729 0 -0.307402 1 0 0 0 1 0 0 0 1  0 0 0.0127653 0 0 0
9.15 17.0729 0 -0.307273 1 0 0 0 1 0 0 0 1  0 0 0.0129628 0 0 0
9.16 17.0729 0 -0.307143 1 0 0 0 1 0 0 0 1  0 0 0.0131225 0 0 0
9.17 17.0729 0 -0.307012 1 0 0 0 1 0 0 0 1  0 0 0.0131416 0 0 0
9.18 17.0729 0 -0.306879 1 0 0 0 1 0 0 0 1  0 0 0.0133927 0 0 0
9.19 17.0729 0 -0.306745 1 0 0 0 1 0 0 0 1  0 0 0.0134334 0 0 0
9.2 17.0729 0 -0.30661 1 0 0 0 1 0 0 0 1  0 0 0.0135925 0 0 0
9.21 17.0729 0 -0.306473 1 0 0 0 1 0 0 0 1  0 0 0.0137409 0 0 0
9.22 17.0729 0 -0.306335 1 0 0 0 1 0 0 0 1  0 0 0.0138282 0 0 0
9.23 17.0729 0 -0.306196 1 0 0 0 1 0 0 0 1  0 0 0.0140118 0 0 0
9.24 17.0729 0 -0.306055 1 0 0 0 1 0 0 0 1  0 0 0.0141097 0 0 0
9.25 17.0729 0 -0.305913 1 0 0 0 1 0 0 0 1  0 0 0.014267 0 0 0
9.26 17.0729 0 -0.30577 1 0 0 0 1 0 0 0 1  0 0 0.0144094 0 0 0
9.27 17.0729 0 -0.305625 1 0 0 0 1 0 0 0 1  0 0 0.0145253 0 0 0
9.28 17.0729 0 -0.305479 1 0 0 0 1 0 0 0 1  0 0 0.0147085 0 0 0
9.29 17.0729 0 -0.305332 1 0 0 0 1 0 0 0 1  0 0 0.0148231 0 0 0
9.3 17.0729 0 -0.305182 1 0 0 0 1 0 0 0 1  0 0 0.0149911 0 0 0
9.31 17.0729 0 -0.305032 1 0 0 0 1 0 0 0 1  0 0 0.015142 0 0 0
9.32 17.0729 0 -0.30488 1 0 0 0 1 0 0 0 1  0 0 0.0152871 0 0 0
9.33 17.0729 0 -0.304726 1 0 0 0 1 0 0 0 1  0 0 0.0154601 0 0 0
9.34 17.0729 0 -0.30457 1 0 0 0 1 0 0 0 1  0 0 0.015609 0 0 0
9.35 17.0729 0 -0.304413 1 0 0 0 1 0 0 0 1  0 0 0.0157787 0 0 0
9.36 17.0729 0 -0.304255 1 0 0 0 1 0 0 0 1  0 0 0.0159401 0 0 0
9.37 17.0729 0 -0.304095 1 0 0 0 1 0 0 0 1  0 0 0.0161159 0 0 0
9.38 17.0729 0 -0.303938 1 0 0 0 1 0 0 0 1  0 0 0.0155993 0 0 0
9.39 17.0729 0 -0.30377 1 0 0 0 1 0 0 0 1  0 0 0.0169039 0 0 0
9.4 17.0729 0 -0.303612 1 0 0 0 1 0 0 0 1  0 0 0.0159887 0 0 0
9.41 17.0729 0 -0.303443 1 0 0 0 1 0 0 0 1  0 0 0.0169098 0 0 0
9.42 17.0729 0 -0.303276 1 0 0 0 1 0 0 0 1  0 0 0.016857 0 0 0
9.43 17.0729 0 -0.303108 1 0 0 0 1 0 0 0 1  0 0 0.0168719 0 0 0
9.44 17.0729 0 -0.302934 1 0 0 0 1 0 0 0 1  0 0 0.0175008 0 0 0
9.45 17.0729 0 -0.302762 1 0 0 0 1 0 0 0 1  0 0 0.0172391 0 0 0
9.46 17.0729 0 -0.302585 1 0 0 0 1 0 0 0 1  0 0 0.0177976 0 0 0
9.47 17.0729 0 -0.302408 1 0 0 0 1 0 0 0 1  0 0 0.0178556 0 0 0
9.48 17.0729 0 -0.302228 1 0 0 0 1 0 0 0 1  0 0 0.0180442 0 0 0
9.49 17.0729 0 -0.302052 1 0 0 0 1 0 0 0 1  0 0 0.0176649 0 0 0
9.5 17.0729 0 -0.301864 1 0 0 0 1 0 0 0 1  0 0 0.0189046 0 0 0
9.51 17.0729 0 -0.301689 1 0 0 0 1 0 0 0 1  0 0 0.0174872 0 0 0
9.52 17.0729 0 -0.301496 1 0 0 0 1 0 0 0 1  0 0 0.0194589 0 0 0
9.53 17.0729 0 -0.301314 1 0 0 0 1 0 0 0 1  0 0 0.0184 0 0 0
9.54 17.0729 0 -0.301122 1 0 0 0 1 0 0 0 1  0 0 0.0192118 0 0 0
9.55 17.0729 0 -0.300928 1 0 0 0 1 0 0 0 1  0 0 0.01957 0 0 0
9.56 17.0729 0 -0.300736 1 0 0 0 1 0 0 0 1  0 0 0.0192423 0 0 0
9.57 17.0729 0 -0.300536 1 0 0 0 1 0 0 0 1  0 0 0.0202196 0 0 0
9.58 17.0729 0 -0.300338 1 0 0 0 1 0 0 0 1  0 0 0.0198668 0 0 0
9.59 17.0729 0 -0.300135 1 0 0 0 1 0 0 0 1  0 0 0.0204622 0 0 0
9.6 17.0729 0 -0.299929 1 0 0 0 1 0 0 0 1  0 0 0.0206897 0 0 0
9.61 17.0729 0 -0.299723 1 0 0 0 1 0 0 0 1  0 0 0.0207684 0 0 0
9.62 17.0729 0 -0.299511 1 0 0 0 1 0 0 0 1  0 0 0.0213308 0 0 0
9.63 17.0729 0 -0.299299 1 0 0 0 1 0 0 0 1  0 0 0.0213315 0 0 0
9.64 17.0729 0 -0.299082 1 0 0 0 1 0 0 0 1  0 0 0.021776 0 0 0
9.65 17.0729 0 -0.298864 1 0 0 0 1 0 0 0 1  0 0 0.0220214 0 0 0
9.66 17.0729 0 -0.298643 1 0 0 0 1 0 0 0 1  0 0 0.0222389 0 0 0
9.67 17.0729 0 -0.298418 1 0 0 0 1 0 0 0 1  0 0 0.0226469 0 0 0
9.68 17.0729 0 -0.298191 1 0 0 0 1 0 0 0 1  0 0 0.0228158 0 0 0
9.69 17.0729 0 -0.29796 1 0 0 0 1 0 0 0 1  0 0 0.0232026 0 0 0
9.7 17.0729 0 -0.297727 1 0 0 0 1 0 0 0 1  0 0 0.0234658 0 0 0
9.71 17.0729 0 -0.297491 1 0 0 0 1 0 0 0 1  0 0 0.0237587 0 0 0
9.72 17.0729 0 -0.297252 1 0 0 0 1 0 0 0 1  0 0 0.0241097 0 0 0
9.73 17.0729 0 -0.297009 1 0 0 0 1 0 0 0 1  0 0 0.0243698 0 0 0
9.74 17.0729 0 -0.296764 1 0 0 0 1 0 0 0 1  0 0 0.02473 0 0 0
9.75 17.0729 0 -0.296515 1 0 0 0 1 0 0 0 1  0 0 0.025026 0 0 0
9.76 17.0729 0 -0.296263 1 0 0 0 1 0 0 0 1  0 0 0.0253534 0 0 0
9.77 17.0729 0 -0.296008 1 0 0 0 1 0 0 0 1  0 0 0.0256939 0 0 0
9.78 17.0729 0 -0.29575 1 0 0 0 1 0 0 0 1  0 0 0.0258892 0 0 0
9.79 17.0729 0 -0.295488 1 0 0 0 1 0 0 0 1  0 0 0.0264339 0 0 0
9.8 17.0729 0 -0.295224 1 0 0 0 1 0 0 0 1  0 0 0.0265724 0 0 0
9.81 17.0729 0 -0.294955 1 0 0 0 1 0 0 0 1  0 0 0.0270442 0 0 0
9.82 17.0729 0 -0.294683 1 0 0 0 1 0 0 0 1  0 0 0.0273488 0 0 0
9.83 17.0729 0 -0.294408 1 0 0 0 1 0 0 0 1  0 0 0.0276615 0 0 0
9.84 17.0729 0 -0.294129 1 0 0 0 1 0 0 0 1  0 0 0.0280772 0 0 0
9.85 17.0729 0 -0.293847 1 0 0 0 1 0 0 0 1  0 0 0.0283661 0 0 0
9.86 17.0729 0 -0.293561 1 0 0 0 1 0 0 0 1  0 0 0.0287707 0 0 0
9.87 17.0729 0 -0.293272 1 0 0 0 1 0 0 0 1  0 0 0.0291221 0 0 0
9.88 17.0729 0 -0.292979 1 0 0 0 1 0 0 0 1  0 0 0.0294877 0 0 0
9.89 17.0729 0 -0.292689 1 0 0 0 1 0 0 0 1  0 0 0.0290225 0 0 0
9.9 17.0729 0 -0.292384 1 0 0 0 1 0 0 0 1  0 0 0.0307198 0 0 0
9.91 17.0729 0 -0.292088 1 0 0 0 1 0 0 0 1  0 0 0.0298248 0 0 0
9.92 17.0729 0 -0.291778 1 0 0 0 1 0 0 0 1  0 0 0.0310974 0 0 0
9.93 17.0729 0 -0.291469 1 0 0 0 1 0 0 0 1  0 0 0.0312026 0 0 0
9.94 17.0729 0 -0.291156 1 0 0 0 1 0 0 0 1  0 0 0.0315026 0 0 0
9.95 17.0729 0 -0.290834 1 0 0 0 1 0 0 0 1  0 0 0.0324168 0 0 0
9.96 17.0729 0 -0.290513 1 0 0 0 1 0 0 0 1  0 0 0.0323703 0 0 0
9.97 17.0729 0 -0.290182 1 0 0 0 1 0 0 0 1  0 0 0.0332617 0 0 0
9.98 17.0729 0 -0.289849 1 0 0 0 1 0 0 0 1  0 0 0.0335441 0 0 0
9.99 17.0729 0 -0.289511 1 0 0 0 1 0 0 0 1  0 0 0.0340505 0 0 0
10 17.0729 0 -0.289168 1 0 0 0 1 0 0 0 1  0 0 0.0346273 0 0 0
10.01 17.0729 0 -0.28882 1 0 0 0 1 0 0 0 1  0 0 0.0349593 0 0 0
10.02 17.0729 0 -0.288467 1 0 0 0 1 0 0 0 1  0 0 0.0355961 0 0 0
10.03 17.0729 0 -0.28811 1 0 0 0 1 0 0 0 1  0 0 0.0359545 0 0 0
10.04 17.0729 0 -0.287747 1 0 0 0 1 0 0 0 1  0 0 0.0364659 0 0 0
10.05 17.0729 0 -0.28738 1 0 0 0 1 0 0 0 1  0 0 0.0369677 0 0 0
10.06 17.0729 0 -0.287009 1 0 0 0 1 0 0 0 1  0 0 0.0373067 0 0 0
10.07 17.0729 0 -0.286635 1 0 0 0 1 0 0 0 1  0 0 0.037593 0 0 0
10.08 17.0729 0 -0.286253 1 0 0 0 1 0 0 0 1  0 0 0.0384915 0 0 0
10.09 17.0729 0 -0.285871 1 0 0 0 1 0 0 0 1  0 0 0.0384461 0 0 0
10.1 17.0729 0 -0.285482 1 0 0 0 1 0 0 0 1  0 0 0.0390905 0 0 0
10.11 17.0729 0 -0.28509 1 0 0 0 1 0 0 0 1  0 0 0.0394176 0 0 0
10.12 17.0729 0 -0.284694 1 0 0 0 1 0 0 0 1  0 0 0.0397508 0 0 0
10.13 17.0729 0 -0.284293 1 0 0 0 1 0 0 0 1  0 0 0.0403427 0 0 0
10.14 17.0729 0 -0.283889 1 0 0 0 1 0 0 0 1  0 0 0.0405502 0 0 0
10.15 17.0729 0 -0.28348 1 0 0 0 1 0 0 0 1  0 0 0.041095 0 0 0
10.16 17.0729 0 -0.283068 1 0 0 0 1 0 0 0 1  0 0 0.0414486 0 0 0
10.17 17.0729 0 -0.28265 1 0 0 0 1 0 0 0 1  0 0 0.0419845 0 0 0
10.18 17.0729 0 -0.282229 1 0 0 0 1 0 0 0 1  0 0 0.0423787 0 0 0
10.19 17.0729 0 -0.281802 1 0 0 0 1 0 0 0 1  0 0 0.0429646 0 0 0
10.2 17.0729 0 -0.281368 1 0 0 0 1 0 0 0 1  0 0 0.0436948 0 0 0
10.21 17.0729 0 -0.280933 1 0 0 0 1 0 0 0 1  0 0 0.0436897 0 0 0
10.22 17.0729 0 -0.28049 1 0 0 0 1 0 0 0 1  0 0 0.0445486 0 0 0
10.23 17.0729 0 -0.280045 1 0 0 0 1 0 0 0 1  0 0 0.0448058 0 0 0
10.24 17.0729 0 -0.279595 1 0 0 0 1 0 0 0 1  0 0 0.0451874 0 0 0
10.25 17.0729 0 -0.279139 1 0 0 0 1 0 0 0 1  0 0 0.045793 0 0 0
10.26 17.0729 0 -0.278682 1 0 0 0 1 0 0 0 1  0 0 0.0459418 0 0 0
10.27 17.0729 0 -0.278218 1 0 0 0 1 0 0 0 1  0 0 0.0465499 0 0 0
10.28 17.0729 0 -0.277752 1 0 0 0 1 0 0 0 1  0 0 0.0467979 0 0 0
10.29 17.0729 0 -0.277284 1 0 0 0 1 0 0 0 1  0 0 0.0469994 0 0 0
10.3 17.0729 0 -0.276819 1 0 0 0 1 0 0 0 1  0 0 0.0465043 0 0 0
10.31 17.0729 0 -0.276346 1 0 0 0 1 0 0 0 1  0 0 0.0473452 0 0 0
10.32 17.0729 0 -0.275877 1 0 0 0 1 0 0 0 1  0 0 0.0469343 0 0 0
10.33 17.0729 0 -0.275403 1 0 0 0 1 0 0 0 1  0 0 0.047467 0 0 0
10.34 17.0729 0 -0.274929 1 0 0 0 1 0 0 0 1  0 0 0.0475649 0 0 0
10.35 17.0729 0 -0.274453 1 0 0 0 1 0 0 0 1  0 0 0.0476192 0 0 0
10.36 17.0729 0 -0.273973 1 0 0 0 1 0 0 0 1  0 0 0.0481681 0 0 0
10.37 17.0729 0 -0.273493 1 0 0 0 1 0 0 0 1  0 0 0.0480486 0 0 0
10.38 17.0729 0 -0.273008 1 0 0 0 1 0 0 0 1  0 0 0.0487088 0 0 0
10.39 17.0729 0 -0.272524 1 0 0 0 1 0 0 0 1  0 0 0.0484806 0 0 0
10.4 17.0729 0 -0.272037 1 0 0 0 1 0 0 0 1  0 0 0.048768 0 0 0
10.41 17.0729 0 -0.271548 1 0 0 0 1 0 0 0 1  0 0 0.0489698 0 0 0
10.42 17.0729 0 -0.27106 1 0 0 0 1 0 0 0 1  0 0 0.0489462 0 0 0
10.43 17.0729 0 -0.270568 1 0 0 0 1 0 0 0 1  0 0 0.0492384 0 0 0
10.44 17.0729 0 -0.270076 1 0 0 0 1 0 0 0 1  0 0 0.0492527 0 0 0
10.45 17.0729 0 -0.269584 1 0 0 0 1 0 0 0 1  0 0 0.0493044 0 0 0
10.46 17.0729 0 -0.269089 1 0 0 0 1 0 0 0 1  0 0 0.0495563 0 0 0
10.47 17.0729 0 -0.268593 1 0 0 0 1 0 0 0 1  0 0 0.0495917 0 0 0
10.48 17.0729 0 -0.268098 1 0 0 0 1 0 0 0 1  0 0 0.0495771 0 0 0
10.49 17.0729 0 -0.267602 1 0 0 0 1 0 0 0 1  0 0 0.0496242 0 0 0
10.5 17.0729 0 -0.267105 1 0 0 0 1 0 0 0 1  0 0 0.0497706 0 0 0
10.51 17.0729 0 -0.266608 1 0 0 0 1 0 0 0 1  0 0 0.0496796 0 0 0
10.52 17.0729 0 -0.26611 1 0 0 0 1 0 0 0 1  0 0 0.0497777 0 0 0
10.53 17.0729 0 -0.265613 1 0 0 0 1 0 0 0 1  0 0 0.049786 0 0 0
10.54 17.0729 0 -0.265115 1 0 0 0 1 0 0 0 1  0 0 0.049752 0 0 0
10.55 17.0729 0 -0.264618 1 0 0 0 1 0 0 0 1  0 0 0.049761 0 0 0
10.56 17.0729 0 -0.264121 1 0 0 0 1 0 0 0 1  0 0 0.0496318 0 0 0
10.57 17.0729 0 -0.263624 1 0 0 0 1 0 0 0 1  0 0 0.0497222 0 0 0
10.58 17.0729 0 -0.26313 1 0 0 0 1 0 0 0 1  0 0 0.049244 0 0 0
10.59 17.0729 0 -0.262634 1 0 0 0 1 0 0 0 1  0 0 0.0495685 0 0 0
10.6 17.0729 0 -0.262142 1 0 0 0 1 0 0 0 1  0 0 0.0491631 0 0 0
10.61 17.0729 0 -0.26165 1 0 0 0 1 0 0 0 1  0 0 0.0491887 0 0 0
10.62 17.0729 0 -0.261159 1 0 0 0 1 0 0 0 1  0 0 0.0490643 0 0 0
10.63 17.0729 0 -0.26067 1 0 0 0 1 0 0 0 1  0 0 0.0488214 0 0 0
10.64 17.0729 0 -0.260181 1 0 0 0 1 0 0 0 1  0 0 0.0488216 0 0 0
10.65 17.0729 0 -0.259695 1 0 0 0 1 0 0 0 1  0 0 0.0485318 0 0 0
10.66 17.0729 0 -0.25921 1 0 0 0 1 0 0 0 1  0 0 0.048419 0 0 0
10.67 17.0729 0 -0.258726 1 0 0 0 1 0 0 0 1  0 0 0.0482294 0 0 0
10.68 17.0729 0 -0.258246 1 0 0 0 1 0 0 0 1  0 0 0.0479715 0 0 0
10.69 17.0729 0 -0.257766 1 0 0 0 1 0 0 0 1  0 0 0.0478349 0 0 0
10.7 17.0729 0 -0.25729 1 0 0 0 1 0 0 0 1  0 0 0.0475208 0 0 0
10.71 17.0729 0 -0.256815 1 0 0 0 1 0 0 0 1  0 0 0.0473348 0 0 0
10.72 17.0729 0 -0.256344 1 0 0 0 1 0 0 0 1  0 0 0.0470294 0 0 0
10.73 17.0729 0 -0.255875 1 0 0 0 1 0 0 0 1  0 0 0.0467469 0 0 0
10.74 17.0729 0 -0.255409 1 0 0 0 1 0 0 0 1  0 0 0.0464849 0 0 0
10.75 17.0729 0 -0.254946 1 0 0 0 1 0 0 0 1  0 0 0.046134 0 0 0
10.76 17.0729 0 -0.254486 1 0 0 0 1 0 0 0 1  0 0 0.045842 0 0 0
10.77 17.0729 0 -0.254029 1 0 0 0 1 0 0 0 1  0 0 0.0455849 0 0 0
10.78 17.0729 0 -0.253576 1 0 0 0 1 0 0 0 1  0 0 0.045063 0 0 0
10.79 17.0729 0 -0.253126 1 0 0 0 1 0 0 0 1  0 0 0.0448671 0 0 0
10.8 17.0729 0 -0.25268 1 0 0 0 1 0 0 0 1  0 0 0.0443543 0 0 0
10.81 17.0729 0 -0.252238 1 0 0 0 1 0 0 0 1  0 0 0.0440046 0 0 0
10.82 17.0729 0 -0.2518 1 0 0 0 1 0 0 0 1  0 0 0.0436008 0 0 0
10.83 17.0729 0 -0.251367 1 0 0 0 1 0 0 0 1  0 0 0.0431129 0 0 0
10.84 17.0729 0 -0.250938 1 0 0 0 1 0 0 0 1  0 0 0.0427331 0 0 0
10.85 17.0729 0 -0.250522 1 0 0 0 1 0 0 0 1  0 0 0.0411762 0 0 0
10.86 17.0729 0 -0.250095 1 0 0 0 1 0 0 0 1  0 0 0.0425652 0 0 0
10.87 17.0729 0 -0.24969 1 0 0 0 1 0 0 0 1  0 0 0.0401997 0 0 0
10.88 17.0729 0 -0.249277 1 0 0 0 1 0 0 0 1  0 0 0.0410556 0 0 0
10.89 17.0729 0 -0.248876 1 0 0 0 1 0 0 0 1  0 0 0.0399644 0 0 0
10.9 17.0729 0 -0.248486 1 0 0 0 1 0 0 0 1  0 0 0.0385125 0 0 0
10.91 17.0729 0 -0.24809 1 0 0 0 1 0 0 0 1  0 0 0.0392752 0 0 0
10.92 17.0729 0 -0.247711 1 0 0 0 1 0 0 0 1  0 0 0.0377399 0 0 0
10.93 17.0729 0 -0.24733 1 0 0 0 1 0 0 0 1  0 0 0.0376615 0 0 0
10.94 17.0729 0 -0.246957 1 0 0 0 1 0 0 0 1  0 0 0.0371054 0 0 0
10.95 17.0729 0 -0.246593 1 0 0 0 1 0 0 0 1  0 0 0.0361416 0 0 0
10.96 17.0729 0 -0.246229 1 0 0 0 1 0 0 0 1  0 0 0.0360601 0 0 0
10.97 17.0729 0 -0.245877 1 0 0 0 1 0 0 0 1  0 0 0.0349646 0 0 0
10.98 17.0729 0 -0.245527 1 0 0 0 1 0 0 0 1  0 0 0.0346303 0 0 0
10.99 17.0729 0 -0.245185 1 0 0 0 1 0 0 0 1  0 0 0.0338832 0 0 0
11 17.0729 0 -0.24485 1 0 0 0 1 0 0 0 1  0 0 0.0331168 0 0 0
11.01 17.0729 0 -0.244521 1 0 0 0 1 0 0 0 1  0 0 0.0326509 0 0 0
11.02 17.0729 0 -0.2442 1 0 0 0 1 0 0 0 1  0 0 0.0317115 0 0 0
11.03 17.0729 0 -0.243885 1 0 0 0 1 0 0 0 1  0 0 0.0311845 0 0 0
11.04 17.0729 0 -0.243578 1 0 0 0 1 0 0 0 1  0 0 0.0303597 0 0 0
11.05 17.0729 0 -0.243278 1 0 0 0 1 0 0 0 1  0 0 0.0296143 0 0 0
11.06 17.0729 0 -0.242985 1 0 0 0 1 0 0 0 1  0 0 0.0289188 0 0 0
11.07 17.0729 0 -0.242702 1 0 0 0 1 0 0 0 1  0 0 0.0279196 0 0 0
11.08 17.0729 0 -0.242424 1 0 0 0 1 0 0 0 1  0 0 0.02741 0 0 0
11.09 17.0729 0 -0.242156 1 0 0 0 1 0 0 0 1  0 0 0.0263345 0 0 0
11.1 17.0729 0 -0.241895 1 0 0 0 1 0 0 0 1  0 0 0.0256725 0 0 0
11.11 17.0729 0 -0.241644 1 0 0 0 1 0 0 0 1  0 0 0.0247697 0 0 0
11.12 17.0729 0 -0.241401 1 0 0 0 1 0 0 0 1  0 0 0.0238602 0 0 0
11.13 17.0729 0 -0.241167 1 0 0 0 1 0 0 0 1  0 0 0.0229794 0 0 0
11.14 17.0729 0 -0.240941 1 0 0 0 1 0 0 0 1  0 0 0.022147 0 0 0
11.15 17.0729 0 -0.240725 1 0 0 0 1 0 0 0 1  0 0 0.0211576 0 0 0
11.16 17.0729 0 -0.240517 1 0 0 0 1 0 0 0 1  0 0 0.0203256 0 0 0
11.17 17.0729 0 -0.240319 1 0 0 0 1 0 0 0 1  0 0 0.0193495 0 0 0
11.18 17.0729 0 -0.24013 1 0 0 0 1 0 0 0 1  0 0 0.0184311 0 0 0
11.19 17.0729 0 -0.23995 1 0 0 0 1 0 0 0 1  0 0 0.017499 0 0 0
11.2 17.0729 0 -0.239791 1 0 0 0 1 0 0 0 1  0 0 0.0152344 0 0 0
11.21 17.0729 0 -0.239623 1 0 0 0 1 0 0 0 1  0 0 0.01638 0 0 0
11.22 17.0729 0 -0.239486 1 0 0 0 1 0 0 0 1  0 0 0.0132794 0 0 0
11.23 17.0729 0 -0.239342 1 0 0 0 1 0 0 0 1  0 0 0.0138131 0 0 0
11.24 17.0729 0 -0.239216 1 0 0 0 1 0 0 0 1  0 0 0.0121832 0 0 0
11.25 17.0729 0 -0.2391 1 0 0 0 1 0 0 0 1  0 0 0.0110236 0 0 0
11.26 17.0729 0 -0.238988 1 0 0 0 1 0 0 0 1  0 0 0.0107425 0 0 0
11.27 17.0729 0 -0.238894 1 0 0 0 1 0 0 0 1  0 0 0.00888348 0 0 0
11.28 17.0729 0 -0.238803 1 0 0 0 1 0 0 0 1  0 0 0.00866844 0 0 0
11.29 17.0729 0 -0.238726 1 0 0 0 1 0 0 0 1  0 0 0.00721465 0 0 0
11.3 17.0729 0 -0.238657 1 0 0 0 1 0 0 0 1  0 0 0.00638056 0 0 0
11.31 17.0729 0 -0.238597 1 0 0 0 1 0 0 0 1  0 0 0.00557382 0 0 0
11.32 17.0729 0 -0.238549 1 0 0 0 1 0 0 0 1  0 0 0.00428109 0 0 0
11.33 17.0729 0 -0.238507 1 0 0 0 1 0 0 0 1  0 0 0.00366531 0 0 0
11.34 17.0729 0 -0.238478 1 0 0 0 1 0 0 0 1  0 0 0.00244462 0 0 0
11.35 17.0729 0 -0.238457 1 0 0 0 1 0 0 0 1  0 0 0.00160012 0 0 0
11.36 17.0729 0 -0.238446 1 0 0 0 1 0 0 0 1  0 0 0.000662212 0 0 0
11.37 17.0729 0 -0.238445 1 0 0 0 1 0 0 0 1  0 0 -0.000406693 0 0 0
11.38 17.0729 0 -0.238452 1 0 0 0 1 0 0 0 1  0 0 -0.00121796 0 0 0
11.39 17.0729 0 -0.238471 1 0 0 0 1 0 0 0 1  0 0 -0.00229323 0 0 0
11.4 17.0729 0 -0.238498 1 0 0 0 1 0 0 0 1  0 0 -0.00317564 0 0 0
11.41 17.0729 0 -0.238534 1 0 0 0 1 0 0 0 1  0 0 -0.00413516 0 0 0
11.42 17.0729 0 -0.238581 1 0 0 0 1 0 0 0 1  0 0 -0.00512003 0 0 0
11.43 17.0729 0 -0.238636 1 0 0 0 1 0 0 0 1  0 0 -0.00600941 0 0 0
11.44 17.0729 0 -0.238701 1 0 0 0 1 0 0 0 1  0 0 -0.00701066 0 0 0
11.45 17.0729 0 -0.238776 1 0 0 0 1 0 0 0 1  0 0 -0.00792051 0 0 0
11.46 17.0729 0 -0.23886 1 0 0 0 1 0 0 0 1  0 0 -0.00887398 0 0 0
11.47 17.0729 0 -0.238953 1 0 0 0 1 0 0 0 1  0 0 -0.00979542 0 0 0
11.48 17.0729 0 -0.239056 1 0 0 0 1 0 0 0 1  0 0 -0.0107743 0 0 0
11.49 17.0729 0 -0.239168 1 0 0 0 1 0 0 0 1  0 0 -0.0116687 0 0 0
11.5 17.0729 0 -0.23929 1 0 0 0 1 0 0 0 1  0 0 -0.0126335 0 0 0
11.51 17.0729 0 -0.239421 1 0 0 0 1 0 0 0 1  0 0 -0.0135595 0 0 0
11.52 17.0729 0 -0.239561 1 0 0 0 1 0 0 0 1  0 0 -0.014481 0 0 0
11.53 17.0729 0 -0.23971 1 0 0 0 1 0 0 0 1  0 0 -0.0154291 0 0 0
11.54 17.0729 0 -0.239869 1 0 0 0 1 0 0 0 1  0 0 -0.0163346 0 0 0
11.55 17.0729 0 -0.240037 1 0 0 0 1 0 0 0 1  0 0 -0.0172449 0 0 0
11.56 17.0729 0 -0.240214 1 0 0 0 1 0 0 0 1  0 0 -0.0182006 0 0 0
11.57 17.0729 0 -0.240398 1 0 0 0 1 0 0 0 1  0 0 -0.0187142 0 0 0
11.58 17.0729 0 -0.240595 1 0 0 0 1 0 0 0 1  0 0 -0.0202525 0 0 0
11.59 17.0729 0 -0.240796 1 0 0 0 1 0 0 0 1  0 0 -0.0205558 0 0 0
11.6 17.0729 0 -0.241011 1 0 0 0 1 0 0 0 1  0 0 -0.0218599 0 0 0
11.61 17.0729 0 -0.241232 1 0 0 0 1 0 0 0 1  0 0 -0.02263 0 0 0
11.62 17.0729 0 -0.241462 1 0 0 0 1 0 0 0 1  0 0 -0.0234242 0 0 0
11.63 17.0729 0 -0.241703 1 0 0 0 1 0 0 0 1  0 0 -0.0245552 0 0 0
11.64 17.0729 0 -0.24195 1 0 0 0 1 0 0 0 1  0 0 -0.0251575 0 0 0
11.65 17.0729 0 -0.242208 1 0 0 0 1 0 0 0 1  0 0 -0.026266 0 0 0
11.66 17.0729 0 -0.242474 1 0 0 0 1 0 0 0 1  0 0 -0.0270177 0 0 0
11.67 17.0729 0 -0.242749 1 0 0 0 1 0 0 0 1  0 0 -0.0278881 0 0 0
11.68 17.0729 0 -0.243033 1 0 0 0 1 0 0 0 1  0 0 -0.028825 0 0 0
11.69 17.0729 0 -0.243324 1 0 0 0 1 0 0 0 1  0 0 -0.0295616 0 0 0
11.7 17.0729 0 -0.243623 1 0 0 0 1 0 0 0 1  0 0 -0.0303399 0 0 0
11.71 17.0729 0 -0.243933 1 0 0 0 1 0 0 0 1  0 0 -0.0313915 0 0 0
11.72 17.0729 0 -0.244248 1 0 0 0 1 0 0 0 1  0 0 -0.0319553 0 0 0
11.73 17.0729 0 -0.244574 1 0 0 0 1 0 0 0 1  0 0 -0.0329891 0 0 0
11.74 17.0729 0 -0.244907 1 0 0 0 1 0 0 0 1  0 0 -0.0336858 0 0 0
11.75 17.0729 0 -0.245248 1 0 0 0 1 0 0 0 1  0 0 -0.0344925 0 0 0
11.76 17.0729 0 -0.245597 1 0 0 0 1 0 0 0 1  0 0 -0.0353632 0 0 0
11.77 17.0729 0 -0.245953 1 0 0 0 1 0 0 0 1  0 0 -0.0359969 0 0 0
11.78 17.0729 0 -0.246319 1 0 0 0 1 0 0 0 1  0 0 -0.0369175 0 0 0
11.79 17.0729 0 -0.246691 1 0 0 0 1 0 0 0 1  0 0 -0.0375781 0 0 0
11.8 17.0729 0 -0.24707 1 0 0 0 1 0 0 0 1  0 0 -0.0383632 0 0 0
11.81 17.0729 0 -0.247458 1 0 0 0 1 0 0 0 1  0 0 -0.0391277 0 0 0
11.82 17.0729 0 -0.247852 1 0 0 0 1 0 0 0 1  0 0 -0.0397927 0 0 0
11.83 17.0729 0 -0.248254 1 0 0 0 1 0 0 0 1  0 0 -0.0405804 0 0 0
11.84 17.0729 0 -0.248663 1 0 0 0 1 0 0 0 1  0 0 -0.041241 0 0 0
11.85 17.0729 0 -0.249079 1 0 0 0 1 0 0 0 1  0 0 -0.0419439 0 0 0
11.86 17.0729 0 -0.24949 1 0 0 0 1 0 0 0 1  0 0 -0.0412349 0 0 0
11.87 17.0729 0 -0.249913 1 0 0 0 1 0 0 0 1  0 0 -0.0423159 0 0 0
11.88 17.0729 0 -0.250347 1 0 0 0 1 0 0 0 1  0 0 -0.0439755 0 0 0
11.89 17.0729 0 -0.250773 1 0 0 0 1 0 0 0 1  0 0 -0.0428638 0 0 0
11.9 17.0729 0 -0.251223 1 0 0 0 1 0 0 0 1  0 0 -0.0452747 0 0 0
11.91 17.0729 0 -0.25164 1 0 0 0 1 0 0 0 1  0 0 -0.0415187 0 0 0
11.92 17.0729 0 -0.252116 1 0 0 0 1 0 0 0 1  0 0 -0.0480457 0 0 0
11.93 17.0729 0 -0.252545 1 0 0 0 1 0 0 0 1  0 0 -0.0433347 0 0 0
11.94 17.0729 0 -0.253017 1 0 0 0 1 0 0 0 1  0 0 -0.0472239 0 0 0
11.95 17.0729 0 -0.25348 1 0 0 0 1 0 0 0 1  0 0 -0.04696 0 0 0
11.96 17.0729 0 -0.253944 1 0 0 0 1 0 0 0 1  0 0 -0.0463761 0 0 0
11.97 17.0729 0 -0.254432 1 0 0 0 1 0 0 0 1  0 0 -0.049172 0 0 0
11.98 17.0729 0 -0.254902 1 0 0 0 1 0 0 0 1  0 0 -0.0473865 0 0 0
11.99 17.0729 0 -0.255398 1 0 0 0 1 0 0 0 1  0 0 -0.0496956 0 0 0
12 17.0729 0 -0.255888 1 0 0 0 1 0 0 0 1  0 0 -0.0493983 0 0 0
12.01 17.0729 0 -0.256384 1 0 0 0 1 0 0 0 1  0 0 -0.0497994 0 0 0
12.02 17.0729 0 -0.256891 1 0 0 0 1 0 0 0 1  0 0 -0.0510436 0 0 0
12.03 17.0729 0 -0.257394 1 0 0 0 1 0 0 0 1  0 0 -0.0505366 0 0 0
12.04 17.0729 0 -0.257911 1 0 0 0 1 0 0 0 1  0 0 -0.0518492 0 0 0
12.05 17.0729 0 -0.258426 1 0 0 0 1 0 0 0 1  0 0 -0.0518251 0 0 0
12.06 17.0729 0 -0.258948 1 0 0 0 1 0 0 0 1  0 0 -0.0523441 0 0 0
12.07 17.0729 0 -0.259475 1 0 0 0 1 0 0 0 1  0 0 -0.0530028 0 0 0
12.08 17.0729 0 -0.260004 1 0 0 0 1 0 0 0 1  0 0 -0.0531037 0 0 0
12.09 17.0729 0 -0.26054 1 0 0 0 1 0 0 0 1  0 0 -0.0538054 0 0 0
12.1 17.0729 0 -0.261078 1 0 0 0 1 0 0 0 1  0 0 -0.0539997 0 0 0
12.11 17.0729 0 -0.261621 1 0 0 0 1 0 0 0 1  0 0 -0.0544872 0 0 0
12.12 17.0729 0 -0.262168 1 0 0 0 1 0 0 0 1  0 0 -0.0548767 0 0 0
12.13 17.0729 0 -0.262718 1 0 0 0 1 0 0 0 1  0 0 -0.0551648 0 0 0
12.14 17.0729 0 -0.263272 1 0 0 0 1 0 0 0 1  0 0 -0.0556489 0 0 0
12.15 17.0729 0 -0.263829 1 0 0 0 1 0 0 0 1  0 0 -0.055863 0 0 0
12.16 17.0729 0 -0.264388 1 0 0 0 1 0 0 0 1  0 0 -0.0560298 0 0 0
12.17 17.0729 0 -0.264953 1 0 0 0 1 0 0 0 1  0 0 -0.0566642 0 0 0
12.18 17.0729 0 -0.265517 1 0 0 0 1 0 0 0 1  0 0 -0.0565473 0 0 0
12.19 17.0729 0 -0.266087 1 0 0 0 1 0 0 0 1  0 0 -0.0571017 0 0 0
12.2 17.0729 0 -0.266658 1 0 0 0 1 0 0 0 1  0 0 -0.0572474 0 0 0
12.21 17.0729 0 -0.267232 1 0 0 0 1 0 0 0 1  0 0 -0.0574947 0 0 0
12.22 17.0729 0 -0.267808 1 0 0 0 1 0 0 0 1  0 0 -0.0577399 0 0 0
12.23 17.0729 0 -0.268385 1 0 0 0 1 0 0 0 1  0 0 -0.0578023 0 0 0
12.24 17.0729 0 -0.268966 1 0 0 0 1 0 0 0 1  0 0 -0.058133 0 0 0
12.25 17.0729 0 -0.269548 1 0 0 0 1 0 0 0 1  0 0 -0.0583419 0 0 0
12.26 17.0729 0 -0.270129 1 0 0 0 1 0 0 0 1  0 0 -0.0581792 0 0 0
12.27 17.0729 0 -0.270714 1 0 0 0 1 0 0 0 1  0 0 -0.058489 0 0 0
12.28 17.0729 0 -0.271299 1 0 0 0 1 0 0 0 1  0 0 -0.0585568 0 0 0
12.29 17.0729 0 -0.271884 1 0 0 0 1 0 0 0 1  0 0 -0.058499 0 0 0
12.3 17.0729 0 -0.272471 1 0 0 0 1 0 0 0 1  0 0 -0.0587539 0 0 0
12.31 17.0729 0 -0.273057 1 0 0 0 1 0 0 0 1  0 0 -0.0586089 0 0 0
12.32 17.0729 0 -0.273645 1 0 0 0 1 0 0 0 1  0 0 -0.0588554 0 0 0
12.33 17.0729 0 -0.274232 1 0 0 0 1 0 0 0 1  0 0 -0.0587306 0 0 0
12.34 17.0729 0 -0.274822 1 0 0 0 1 0 0 0 1  0 0 -0.0589927 0 0 0
12.35 17.0729 0 -0.275408 1 0 0 0 1 0 0 0 1  0 0 -0.0586336 0 0 0
12.36 17.0729 0 -0.275998 1 0 0 0 1 0 0 0 1  0 0 -0.0589608 0 0 0
12.37 17.0729 0 -0.276584 1 0 0 0 1 0 0 0 1  0 0 -0.0586517 0 0 0
12.38 17.0729 0 -0.277172 1 0 0 0 1 0 0 0 1  0 0 -0.0586806 0 0 0
12.39 17.0729 0 -0.277757 1 0 0 0 1 0 0 0 1  0 0 -0.0584993 0 0 0
12.4 17.0729 0 -0.278339 1 0 0 0 1 0 0 0 1  0 0 -0.058117 0 0 0
12.41 17.0729 0 -0.278923 1 0 0 0 1 0 0 0 1  0 0 -0.0582803 0 0 0
12.42 17.0729 0 -0.279502 1 0 0 0 1 0 0 0 1  0 0 -0.0577619 0 0 0
12.43 17.0729 0 -0.28008 1 0 0 0 1 0 0 0 1  0 0 -0.0577689 0 0 0
12.44 17.0729 0 -0.280655 1 0 0 0 1 0 0 0 1  0 0 -0.0573934 0 0 0
12.45 17.0729 0 -0.281232 1 0 0 0 1 0 0 0 1  0 0 -0.0575824 0 0 0
12.46 17.0729 0 -0.281804 1 0 0 0 1 0 0 0 1  0 0 -0.0571807 0 0 0
12.47 17.0729 0 -0.282376 1 0 0 0 1 0 0 0 1  0 0 -0.0570618 0 0 0
12.48 17.0729 0 -0.28296 1 0 0 0 1 0 0 0 1  0 0 -0.0586145 0 0 0
12.49 17.0729 0 -0.283525 1 0 0 0 1 0 0 0 1  0 0 -0.0565249 0 0 0
12.5 17.0729 0 -0.284112 1 0 0 0 1 0 0 0 1  0 0 -0.0586396 0 0 0
12.51 17.0729 0 -0.28468 1 0 0 0 1 0 0 0 1  0 0 -0.0568529 0 0 0
12.52 17.0729 0 -0.285256 1 0 0 0 1 0 0 0 1  0 0 -0.0574963 0 0 0
12.53 17.0729 0 -0.285829 1 0 0 0 1 0 0 0 1  0 0 -0.0572437 0 0 0
12.54 17.0729 0 -0.286392 1 0 0 0 1 0 0 0 1  0 0 -0.0560493 0 0 0
12.55 17.0729 0 -0.286954 1 0 0 0 1 0 0 0 1  0 0 -0.0558899 0 0 0
12.56 17.0729 0 -0.287512 1 0 0 0 1 0 0 0 1  0 0 -0.0556642 0 0 0
12.57 17.0729 0 -0.288061 1 0 0 0 1 0 0 0 1  0 0 -0.0546134 0 0 0
12.58 17.0729 0 -0.28861 1 0 0 0 1 0 0 0 1  0 0 -0.0546724 0 0 0
12.59 17.0729 0 -0.289152 1 0 0 0 1 0 0 0 1  0 0 -0.0539498 0 0 0
12.6 17.0729 0 -0.289689 1 0 0 0 1 0 0 0 1  0 0 -0.0534309 0 0 0
12.61 17.0729 0 -0.290222 1 0 0 0 1 0 0 0 1  0 0 -0.0531447 0 0 0
12.62 17.0729 0 -0.290749 1 0 0 0 1 0 0 0 1  0 0 -0.0524769 0 0 0
12.63 17.0729 0 -0.291277 1 0 0 0 1 0 0 0 1  0 0 -0.0525691 0 0 0
12.64 17.0729 0 -0.291795 1 0 0 0 1 0 0 0 1  0 0 -0.0515728 0 0 0
12.65 17.0729 0 -0.292312 1 0 0 0 1 0 0 0 1  0 0 -0.051485 0 0 0
12.66 17.0729 0 -0.292823 1 0 0 0 1 0 0 0 1  0 0 -0.0508455 0 0 0
12.67 17.0729 0 -0.293328 1 0 0 0 1 0 0 0 1  0 0 -0.0502577 0 0 0
12.68 17.0729 0 -0.293827 1 0 0 0 1 0 0 0 1  0 0 -0.0496776 0 0 0
12.69 17.0729 0 -0.294323 1 0 0 0 1 0 0 0 1  0 0 -0.049242 0 0 0
12.7 17.0729 0 -0.29481 1 0 0 0 1 0 0 0 1  0 0 -0.0484903 0 0 0
12.71 17.0729 0 -0.295293 1 0 0 0 1 0 0 0 1  0 0 -0.0480135 0 0 0
12.72 17.0729 0 -0.29577 1 0 0 0 1 0 0 0 1  0 0 -0.0473692 0 0 0
12.73 17.0729 0 -0.29624 1 0 0 0 1 0 0 0 1  0 0 -0.0467051 0 0 0
12.74 17.0729 0 -0.296704 1 0 0 0 1 0 0 0 1  0 0 -0.04609 0 0 0
12.75 17.0729 0 -0.297162 1 0 0 0 1 0 0 0 1  0 0 -0.0454537 0 0 0
12.76 17.0729 0 -0.297613 1 0 0 0 1 0 0 0 1  0 0 -0.0447716 0 0 0
12.77 17.0729 0 -0.298058 1 0 0 0 1 0 0 0 1  0 0 -0.0441438 0 0 0
12.78 17.0729 0 -0.298495 1 0 0 0 1 0 0 0 1  0 0 -0.0434455 0 0 0
12.79 17.0729 0 -0.298927 1 0 0 0 1 0 0 0 1  0 0 -0.0427781 0 0 0
12.8 17.0729 0 -0.299351 1 0 0 0 1 0 0 0 1  0 0 -0.0420851 0 0 0
12.81 17.0729 0 -0.299768 1 0 0 0 1 0 0 0 1  0 0 -0.0414178 0 0 0
12.82 17.0729 0 -0.300179 1 0 0 0 1 0 0 0 1  0 0 -0.0406747 0 0 0
12.83 17.0729 0 -0.300582 1 0 0 0 1 0 0 0 1  0 0 -0.0400005 0 0 0
12.84 17.0729 0 -0.300978 1 0 0 0 1 0 0 0 1  0 0 -0.0392485 0 0 0
12.85 17.0729 0 -0.301367 1 0 0 0 1 0 0 0 1  0 0 -0.0385381 0 0 0
12.86 17.0729 0 -0.301749 1 0 0 0 1 0 0 0 1  0 0 -0.0378152 0 0 0
12.87 17.0729 0 -0.302123 1 0 0 0 1 0 0 0 1  0 0 -0.0370212 0 0 0
12.88 17.0729 0 -0.302488 1 0 0 0 1 0 0 0 1  0 0 -0.0360404 0 0 0
12.89 17.0729 0 -0.302845 1 0 0 0 1 0 0 0 1  0 0 -0.0353173 0 0 0
12.9 17.0729 0 -0.303196 1 0 0 0 1 0 0 0 1  0 0 -0.0347204 0 0 0
12.91 17.0729 0 -0.303536 1 0 0 0 1 0 0 0 1  0 0 -0.0336439 0 0 0
12.92 17.0729 0 -0.303872 1 0 0 0 1 0 0 0 1  0 0 -0.0331359 0 0 0
12.93 17.0729 0 -0.304197 1 0 0 0 1 0 0 0 1  0 0 -0.0321639 0 0 0
12.94 17.0729 0 -0.304511 1 0 0 0 1 0 0 0 1  0 0 -0.0309115 0 0 0
12.95 17.0729 0 -0.304825 1 0 0 0 1 0 0 0 1  0 0 -0.0309923 0 0 0
12.96 17.0729 0 -0.305121 1 0 0 0 1 0 0 0 1  0 0 -0.0292493 0 0 0
12.97 17.0729 0 -0.305417 1 0 0 0 1 0 0 0 1  0 0 -0.0291194 0 0 0
12.98 17.0729 0 -0.305701 1 0 0 0 1 0 0 0 1  0 0 -0.0280134 0 0 0
12.99 17.0729 0 -0.305976 1 0 0 0 1 0 0 0 1  0 0 -0.0271178 0 0 0
13 17.0729 0 -0.306246 1 0 0 0 1 0 0 0 1  0 0 -0.0266222 0 0 0
13.01 17.0729 0 -0.306504 1 0 0 0 1 0 0 0 1  0 0 -0.0253983 0 0 0
13.02 17.0729 0 -0.306758 1 0 0 0 1 0 0 0 1  0 0 -0.0249082 0 0 0
13.03 17.0729 0 -0.307001 1 0 0 0 1 0 0 0 1  0 0 -0.0238989 0 0 0
13.04 17.0729 0 -0.307236 1 0 0 0 1 0 0 0 1  0 0 -0.0230882 0 0 0
13.05 17.0729 0 -0.307464 1 0 0 0 1 0 0 0 1  0 0 -0.0223665 0 0 0
13.06 17.0729 0 -0.307681 1 0 0 0 1 0 0 0 1  0 0 -0.0213765 0 0 0
13.07 17.0729 0 -0.307893 1 0 0 0 1 0 0 0 1  0 0 -0.020699 0 0 0
13.08 17.0729 0 -0.308094 1 0 0 0 1 0 0 0 1  0 0 -0.0197688 0 0 0
13.09 17.0729 0 -0.308289 1 0 0 0 1 0 0 0 1  0 0 -0.0190028 0 0 0
13.1 17.0729 0 -0.308474 1 0 0 0 1 0 0 0 1  0 0 -0.0181495 0 0 0
13.11 17.0729 0 -0.308651 1 0 0 0 1 0 0 0 1  0 0 -0.0173081 0 0 0
13.12 17.0729 0 -0.308821 1 0 0 0 1 0 0 0 1  0 0 -0.0165129 0 0 0
13.13 17.0729 0 -0.308981 1 0 0 0 1 0 0 0 1  0 0 -0.0156492 0 0 0
13.14 17.0729 0 -0.309134 1 0 0 0 1 0 0 0 1  0 0 -0.014854 0 0 0
13.15 17.0729 0 -0.309278 1 0 0 0 1 0 0 0 1  0 0 -0.0140174 0 0 0
13.16 17.0729 0 -0.309414 1 0 0 0 1 0 0 0 1  0 0 -0.013198 0 0 0
13.17 17.0729 0 -0.309542 1 0 0 0 1 0 0 0 1  0 0 -0.0123915 0 0 0
13.18 17.0729 0 -0.309662 1 0 0 0 1 0 0 0 1  0 0 -0.0115655 0 0 0
13.19 17.0729 0 -0.309774 1 0 0 0 1 0 0 0 1  0 0 -0.0107672 0 0 0
13.2 17.0729 0 -0.309878 1 0 0 0 1 0 0 0 1  0 0 -0.0099549 0 0 0
13.21 17.0729 0 -0.309973 1 0 0 0 1 0 0 0 1  0 0 -0.00915441 0 0 0
13.22 17.0729 0 -0.310061 1 0 0 0 1 0 0 0 1  0 0 -0.0083618 0 0 0
13.23 17.0729 0 -0.31014 1 0 0 0 1 0 0 0 1  0 0 -0.00756393 0 0 0
13.24 17.0729 0 -0.310212 1 0 0 0 1 0 0 0 1  0 0 -0.00678159 0 0 0
13.25 17.0729 0 -0.310276 1 0 0 0 1 0 0 0 1  0 0 -0.00599671 0 0 0
13.26 17.0729 0 -0.310332 1 0 0 0 1 0 0 0 1  0 0 -0.0052215 0 0 0
13.27 17.0729 0 -0.310381 1 0 0 0 1 0 0 0 1  0 0 -0.00445327 0 0 0
13.28 17.0729 0 -0.310421 1 0 0 0 1 0 0 0 1  0 0 -0.0036872 0 0 0
13.29 17.0729 0 -0.310454 1 0 0 0 1 0 0 0 1  0 0 -0.00293328 0 0 0
13.3 17.0729 0 -0.31048 1 0 0 0 1 0 0 0 1  0 0 -0.00218161 0 0 0
13.31 17.0729 0 -0.310498 1 0 0 0 1 0 0 0 1  0 0 -0.0014341 0 0 0
13.32 17.0729 0 -0.310509 1 0 0 0 1 0 0 0 1  0 0 -0.000708075 0 0 0
13.33 17.0729 0 -0.310512 1 0 0 0 1 0 0 0 1  0 0 2.89815e-05 0 0 0
13.34 17.0729 0 -0.310508 1 0 0 0 1 0 0 0 1  0 0 0.000741254 0 0 0
13.35 17.0729 0 -0.310498 1 0 0 0 1 0 0 0 1  0 0 0.00145589 0 0 0
13.36 17.0729 0 -0.310479 1 0 0 0 1 0 0 0 1  0 0 0.00215828 0 0 0
13.37 17.0729 0 -0.310454 1 0 0 0 1 0 0 0 1  0 0 0.00284962 0 0 0
13.38 17.0729 0 -0.310423 1 0 0 0 1 0 0 0 1  0 0 0.00353274 0 0 0
13.39 17.0729 0 -0.310384 1 0 0 0 1 0 0 0 1  0 0 0.00421339 0 0 0
13.4 17.0729 0 -0.310339 1 0 0 0 1 0 0 0 1  0 0 0.00487258 0 0 0
13.41 17.0729 0 -0.310287 1 0 0 0 1 0 0 0 1  0 0 0.00553471 0 0 0
13.42 17.0729 0 -0.310228 1 0 0 0 1 0 0 0 1  0 0 0.00617823 0 0 0
13.43 17.0729 0 -0.310163 1 0 0 0 1 0 0 0 1  0 0 0.00681469 0 0 0
13.44 17.0729 0 -0.310092 1 0 0 0 1 0 0 0 1  0 0 0.00744197 0 0 0
13.45 17.0729 0 -0.310014 1 0 0 0 1 0 0 0 1  0 0 0.00805706 0 0 0
13.46 17.0729 0 -0.309931 1 0 0 0 1 0 0 0 1  0 0 0.00866372 0 0 0
13.47 17.0729 0 -0.309841 1 0 0 0 1 0 0 0 1  0 0 0.0092543 0 0 0
13.48 17.0729 0 -0.309746 1 0 0 0 1 0 0 0 1  0 0 0.00984374 0 0 0
13.49 17.0729 0 -0.309645 1 0 0 0 1 0 0 0 1  0 0 0.0104119 0 0 0
13.5 17.0729 0 -0.309538 1 0 0 0 1 0 0 0 1  0 0 0.0109766 0 0 0
13.51 17.0729 0 -0.309425 1 0 0 0 1 0 0 0 1  0 0 0.0115265 0 0 0
13.52 17.0729 0 -0.309307 1 0 0 0 1 0 0 0 1  0 0 0.0120664 0 0 0
13.53 17.0729 0 -0.309184 1 0 0 0 1 0 0 0 1  0 0 0.0125937 0 0 0
13.54 17.0729 0 -0.309056 1 0 0 0 1 0 0 0 1  0 0 0.013114 0 0 0
13.55 17.0729 0 -0.308922 1 0 0 0 1 0 0 0 1  0 0 0.013618 0 0 0
13.56 17.0729 0 -0.308783 1 0 0 0 1 0 0 0 1  0 0 0.0141136 0 0 0
13.57 17.0729 0 -0.30864 1 0 0 0 1 0 0 0 1  0 0 0.0145986 0 0 0
13.58 17.0729 0 -0.308492 1 0 0 0 1 0 0 0 1  0 0 0.0150669 0 0 0
13.59 17.0729 0 -0.308339 1 0 0 0 1 0 0 0 1  0 0 0.0155278 0 0 0
13.6 17.0729 0 -0.308181 1 0 0 0 1 0 0 0 1  0 0 0.015973 0 0 0
13.61 17.0729 0 -0.308019 1 0 0 0 1 0 0 0 1  0 0 0.016405 0 0 0
13.62 17.0729 0 -0.307853 1 0 0 0 1 0 0 0 1  0 0 0.0168281 0 0 0
13.63 17.0729 0 -0.307683 1 0 0 0 1 0 0 0 1  0 0 0.017294 0 0 0
13.64 17.0729 0 -0.307509 1 0 0 0 1 0 0 0 1  0 0 0.0175968 0 0 0
13.65 17.0729 0 -0.30733 1 0 0 0 1 0 0 0 1  0 0 0.018067 0 0 0
13.66 17.0729 0 -0.307148 1 0 0 0 1 0 0 0 1  0 0 0.018373 0 0 0
13.67 17.0729 0 -0.306962 1 0 0 0 1 0 0 0 1  0 0 0.0187484 0 0 0
13.68 17.0729 0 -0.306773 1 0 0 0 1 0 0 0 1  0 0 0.019096 0 0 0
13.69 17.0729 0 -0.306581 1 0 0 0 1 0 0 0 1  0 0 0.0193959 0 0 0
13.7 17.0729 0 -0.306385 1 0 0 0 1 0 0 0 1  0 0 0.0197379 0 0 0
13.71 17.0729 0 -0.306187 1 0 0 0 1 0 0 0 1  0 0 0.0200109 0 0 0
13.72 17.0729 0 -0.305985 1 0 0 0 1 0 0 0 1  0 0 0.020307 0 0 0
13.73 17.0729 0 -0.305781 1 0 0 0 1 0 0 0 1  0 0 0.0205761 0 0 0
13.74 17.0729 0 -0.305574 1 0 0 0 1 0 0 0 1  0 0 0.0208186 0 0 0
13.75 17.0729 0 -0.305364 1 0 0 0 1 0 0 0 1  0 0 0.0210805 0 0 0
13.76 17.0729 0 -0.305153 1 0 0 0 1 0 0 0 1  0 0 0.0212898 0 0 0
13.77 17.0729 0 -0.304939 1 0 0 0 1 0 0 0 1  0 0 0.0215152 0 0 0
13.78 17.0729 0 -0.304723 1 0 0 0 1 0 0 0 1  0 0 0.0217083 0 0 0
13.79 17.0729 0 -0.304505 1 0 0 0 1 0 0 0 1  0 0 0.0218854 0 0 0
13.8 17.0729 0 -0.304285 1 0 0 0 1 0 0 0 1  0 0 0.0220532 0 0 0
13.81 17.0729 0 -0.304064 1 0 0 0 1 0 0 0 1  0 0 0.0221809 0 0 0
13.82 17.0729 0 -0.303849 1 0 0 0 1 0 0 0 1  0 0 0.0214781 0 0 0
13.83 17.0729 0 -0.30362 1 0 0 0 1 0 0 0 1  0 0 0.0229289 0 0 0
13.84 17.0729 0 -0.303405 1 0 0 0 1 0 0 0 1  0 0 0.0216409 0 0 0
13.85 17.0729 0 -0.303178 1 0 0 0 1 0 0 0 1  0 0 0.0226734 0 0 0
13.86 17.0729 0 -0.302955 1 0 0 0 1 0 0 0 1  0 0 0.0223233 0 0 0
13.87 17.0729 0 -0.302733 1 0 0 0 1 0 0 0 1  0 0 0.0222305 0 0 0
13.88 17.0729 0 -0.302506 1 0 0 0 1 0 0 0 1  0 0 0.0227187 0 0 0
13.89 17.0729 0 -0.302285 1 0 0 0 1 0 0 0 1  0 0 0.0221534 0 0 0
13.9 17.0729 0 -0.302058 1 0 0 0 1 0 0 0 1  0 0 0.0226274 0 0 0
13.91 17.0729 0 -0.301842 1 0 0 0 1 0 0 0 1  0 0 0.0214381 0 0 0
13.92 17.0729 0 -0.30162 1 0 0 0 1 0 0 0 1  0 0 0.0220863 0 0 0
13.93 17.0729 0 -0.301401 1 0 0 0 1 0 0 0 1  0 0 0.0219809 0 0 0
13.94 17.0729 0 -0.301186 1 0 0 0 1 0 0 0 1  0 0 0.0214292 0 0 0
13.95 17.0729 0 -0.300965 1 0 0 0 1 0 0 0 1  0 0 0.0220357 0 0 0
13.96 17.0729 0 -0.300752 1 0 0 0 1 0 0 0 1  0 0 0.0212865 0 0 0
13.97 17.0729 0 -0.300535 1 0 0 0 1 0 0 0 1  0 0 0.021603 0 0 0
13.98 17.0729 0 -0.300322 1 0 0 0 1 0 0 0 1  0 0 0.0213444 0 0 0
13.99 17.0729 0 -0.30011 1 0 0 0 1 0 0 0 1  0 0 0.0211036 0 0 0
14 17.0729 0 -0.299897 1 0 0 0 1 0 0 0 1  0 0 0.0212159 0 0 0
14.01 17.0729 0 -0.299688 1 0 0 0 1 0 0 0 1  0 0 0.0207765 0 0 0
14.02 17.0729 0 -0.299479 1 0 0 0 1 0 0 0 1  0 0 0.0208331 0 0 0
14.03 17.0729 0 -0.299273 1 0 0 0 1 0 0 0 1  0 0 0.0205417 0 0 0
14.04 17.0729 0 -0.299069 1 0 0 0 1 0 0 0 1  0 0 0.0203601 0 0 0
14.05 17.0729 0 -0.298865 1 0 0 0 1 0 0 0 1  0 0 0.0202374 0 0 0
14.06 17.0729 0 -0.298665 1 0 0 0 1 0 0 0 1  0 0 0.0199172 0 0 0
14.07 17.0729 0 -0.298466 1 0 0 0 1 0 0 0 1  0 0 0.0197938 0 0 0
14.08 17.0729 0 -0.29827 1 0 0 0 1 0 0 0 1  0 0 0.0194906 0 0 0
14.09 17.0729 0 -0.298076 1 0 0 0 1 0 0 0 1  0 0 0.0192819 0 0 0
14.1 17.0729 0 -0.297885 1 0 0 0 1 0 0 0 1  0 0 0.0190335 0 0 0
14.11 17.0729 0 -0.297696 1 0 0 0 1 0 0 0 1  0 0 0.0187387 0 0 0
14.12 17.0729 0 -0.297509 1 0 0 0 1 0 0 0 1  0 0 0.0185084 0 0 0
14.13 17.0729 0 -0.297326 1 0 0 0 1 0 0 0 1  0 0 0.0181891 0 0 0
14.14 17.0729 0 -0.297146 1 0 0 0 1 0 0 0 1  0 0 0.0179208 0 0 0
14.15 17.0729 0 -0.296968 1 0 0 0 1 0 0 0 1  0 0 0.0176153 0 0 0
14.16 17.0729 0 -0.296793 1 0 0 0 1 0 0 0 1  0 0 0.017303 0 0 0
14.17 17.0729 0 -0.296622 1 0 0 0 1 0 0 0 1  0 0 0.0169986 0 0 0
14.18 17.0729 0 -0.296454 1 0 0 0 1 0 0 0 1  0 0 0.0166645 0 0 0
14.19 17.0729 0 -0.296289 1 0 0 0 1 0 0 0 1  0 0 0.0163461 0 0 0
14.2 17.0729 0 -0.296127 1 0 0 0 1 0 0 0 1  0 0 0.0160048 0 0 0
14.21 17.0729 0 -0.29597 1 0 0 0 1 0 0 0 1  0 0 0.0154807 0 0 0
14.22 17.0729 0 -0.295814 1 0 0 0 1 0 0 0 1  0 0 0.0154442 0 0 0
14.23 17.0729 0 -0.295665 1 0 0 0 1 0 0 0 1  0 0 0.0147764 0 0 0
14.24 17.0729 0 -0.295516 1 0 0 0 1 0 0 0 1  0 0 0.0146421 0 0 0
14.25 17.0729 0 -0.295373 1 0 0 0 1 0 0 0 1  0 0 0.014189 0 0 0
14.26 17.0729 0 -0.295233 1 0 0 0 1 0 0 0 1  0 0 0.0137932 0 0 0
14.27 17.0729 0 -0.295096 1 0 0 0 1 0 0 0 1  0 0 0.0135351 0 0 0
14.28 17.0729 0 -0.294964 1 0 0 0 1 0 0 0 1  0 0 0.0130269 0 0 0
14.29 17.0729 0 -0.294834 1 0 0 0 1 0 0 0 1  0 0 0.0127657 0 0 0
14.3 17.0729 0 -0.294709 1 0 0 0 1 0 0 0 1  0 0 0.012326 0 0 0
14.31 17.0729 0 -0.294588 1 0 0 0 1 0 0 0 1  0 0 0.0119537 0 0 0
14.32 17.0729 0 -0.29447 1 0 0 0 1 0 0 0 1  0 0 0.0116031 0 0 0
14.33 17.0729 0 -0.294356 1 0 0 0 1 0 0 0 1  0 0 0.0111736 0 0 0
14.34 17.0729 0 -0.294246 1 0 0 0 1 0 0 0 1  0 0 0.0108355 0 0 0
14.35 17.0729 0 -0.29414 1 0 0 0 1 0 0 0 1  0 0 0.0104226 0 0 0
14.36 17.0729 0 -0.294037 1 0 0 0 1 0 0 0 1  0 0 0.0100484 0 0 0
14.37 17.0729 0 -0.293939 1 0 0 0 1 0 0 0 1  0 0 0.00967419 0 0 0
14.38 17.0729 0 -0.293844 1 0 0 0 1 0 0 0 1  0 0 0.00927391 0 0 0
14.39 17.0729 0 -0.293753 1 0 0 0 1 0 0 0 1  0 0 0.00891376 0 0 0
14.4 17.0729 0 -0.293666 1 0 0 0 1 0 0 0 1  0 0 0.00852081 0 0 0
14.41 17.0729 0 -0.293582 1 0 0 0 1 0 0 0 1  0 0 0.00814798 0 0 0
14.42 17.0729 0 -0.293503 1 0 0 0 1 0 0 0 1  0 0 0.00777657 0 0 0
14.43 17.0729 0 -0.293427 1 0 0 0 1 0 0 0 1  0 0 0.0073965 0 0 0
14.44 17.0729 0 -0.293355 1 0 0 0 1 0 0 0 1  0 0 0.00704134 0 0 0
14.45 17.0729 0 -0.293286 1 0 0 0 1 0 0 0 1  0 0 0.00667342 0 0 0
14.46 17.0729 0 -0.293221 1 0 0 0 1 0 0 0 1  0 0 0.00630021 0 0 0
14.47 17.0729 0 -0.29316 1 0 0 0 1 0 0 0 1  0 0 0.0059468 0 0 0
14.48 17.0729 0 -0.293113 1 0 0 0 1 0 0 0 1  0 0 0.00433292 0 0 0
14.49 17.0729 0 -0.293051 1 0 0 0 1 0 0 0 1  0 0 0.00603522 0 0 0
14.5 17.0729 0 -0.293013 1 0 0 0 1 0 0 0 1  0 0 0.00362596 0 0 0
14.51 17.0729 0 -0.292964 1 0 0 0 1 0 0 0 1  0 0 0.00468732 0 0 0
14.52 17.0729 0 -0.292925 1 0 0 0 1 0 0 0 1  0 0 0.00379737 0 0 0
14.53 17.0729 0 -0.292891 1 0 0 0 1 0 0 0 1  0 0 0.00318032 0 0 0
14.54 17.0729 0 -0.292853 1 0 0 0 1 0 0 0 1  0 0 0.00361031 0 0 0
14.55 17.0729 0 -0.292828 1 0 0 0 1 0 0 0 1  0 0 0.00236251 0 0 0
14.56 17.0729 0 -0.292798 1 0 0 0 1 0 0 0 1  0 0 0.00274695 0 0 0
14.57 17.0729 0 -0.292777 1 0 0 0 1 0 0 0 1  0 0 0.00205384 0 0 0
14.58 17.0729 0 -0.292757 1 0 0 0 1 0 0 0 1  0 0 0.00171951 0 0 0
14.59 17.0729 0 -0.292739 1 0 0 0 1 0 0 0 1  0 0 0.00167702 0 0 0
14.6 17.0729 0 -0.292728 1 0 0 0 1 0 0 0 1  0 0 0.000986247 0 0 0
14.61 17.0729 0 -0.292716 1 0 0 0 1 0 0 0 1  0 0 0.00101894 0 0 0
14.62 17.0729 0 -0.292709 1 0 0 0 1 0 0 0 1  0 0 0.000519931 0 0 0
14.63 17.0729 0 -0.292705 1 0 0 0 1 0 0 0 1  0 0 0.000271486 0 0 0
14.64 17.0729 0 -0.292703 1 0 0 0 1 0 0 0 1  0 0 7.48092e-05 0 0 0
14.65 17.0729 0 -0.292705 1 0 0 0 1 0 0 0 1  0 0 -0.000351752 0 0 0
14.66 17.0729 0 -0.292708 1 0 0 0 1 0 0 0 1  0 0 -0.000468989 0 0 0
14.67 17.0729 0 -0.292715 1 0 0 0 1 0 0 0 1  0 0 -0.000832516 0 0 0
14.68 17.0729 0 -0.292725 1 0 0 0 1 0 0 0 1  0 0 -0.00104701 0 0 0
14.69 17.0729 0 -0.292736 1 0 0 0 1 0 0 0 1  0 0 -0.00126998 0 0 0
14.7 17.0729 0 -0.29275 1 0 0 0 1 0 0 0 1  0 0 -0.00156249 0 0 0
14.71 17.0729 0 -0.292766 1 0 0 0 1 0 0 0 1  0 0 -0.00172604 0 0 0
14.72 17.0729 0 -0.292785 1 0 0 0 1 0 0 0 1  0 0 -0.00199369 0 0 0
14.73 17.0729 0 -0.292806 1 0 0 0 1 0 0 0 1  0 0 -0.00218049 0 0 0
14.74 17.0729 0 -0.292829 1 0 0 0 1 0 0 0 1  0 0 -0.00237875 0 0 0
14.75 17.0729 0 -0.292854 1 0 0 0 1 0 0 0 1  0 0 -0.00259077 0 0 0
14.76 17.0729 0 -0.29288 1 0 0 0 1 0 0 0 1  0 0 -0.00274719 0 0 0
14.77 17.0729 0 -0.292909 1 0 0 0 1 0 0 0 1  0 0 -0.00294273 0 0 0
14.78 17.0729 0 -0.292939 1 0 0 0 1 0 0 0 1  0 0 -0.00309474 0 0 0
14.79 17.0729 0 -0.29297 1 0 0 0 1 0 0 0 1  0 0 -0.00323632 0 0 0
14.8 17.0729 0 -0.293004 1 0 0 0 1 0 0 0 1  0 0 -0.00341025 0 0 0
14.81 17.0729 0 -0.293038 1 0 0 0 1 0 0 0 1  0 0 -0.00351395 0 0 0
14.82 17.0729 0 -0.293074 1 0 0 0 1 0 0 0 1  0 0 -0.00366175 0 0 0
14.83 17.0729 0 -0.293111 1 0 0 0 1 0 0 0 1  0 0 -0.00376743 0 0 0
14.84 17.0729 0 -0.293149 1 0 0 0 1 0 0 0 1  0 0 -0.0038695 0 0 0
14.85 17.0729 0 -0.293188 1 0 0 0 1 0 0 0 1  0 0 -0.00397479 0 0 0
14.86 17.0729 0 -0.293228 1 0 0 0 1 0 0 0 1  0 0 -0.00404591 0 0 0
14.87 17.0729 0 -0.293268 1 0 0 0 1 0 0 0 1  0 0 -0.0039346 0 0 0
14.88 17.0729 0 -0.29331 1 0 0 0 1 0 0 0 1  0 0 -0.00429365 0 0 0
14.89 17.0729 0 -0.29335 1 0 0 0 1 0 0 0 1  0 0 -0.0040471 0 0 0
14.9 17.0729 0 -0.293393 1 0 0 0 1 0 0 0 1  0 0 -0.00428403 0 0 0
14.91 17.0729 0 -0.293435 1 0 0 0 1 0 0 0 1  0 0 -0.00424586 0 0 0
14.92 17.0729 0 -0.293477 1 0 0 0 1 0 0 0 1  0 0 -0.0042145 0 0 0
14.93 17.0729 0 -0.29352 1 0 0 0 1 0 0 0 1  0 0 -0.00433736 0 0 0
14.94 17.0729 0 -0.293562 1 0 0 0 1 0 0 0 1  0 0 -0.00420736 0 0 0
14.95 17.0729 0 -0.293605 1 0 0 0 1 0 0 0 1  0 0 -0.0042886 0 0 0
14.96 17.0729 0 -0.293648 1 0 0 0 1 0 0 0 1  0 0 -0.00422126 0 0 0
14.97 17.0729 0 -0.29369 1 0 0 0 1 0 0 0 1  0 0 -0.00417803 0 0 0
14.98 17.0729 0 -0.293731 1 0 0 0 1 0 0 0 1  0 0 -0.00417268 0 0 0
14.99 17.0729 0 -0.293772 1 0 0 0 1 0 0 0 1  0 0 -0.00406281 0 0 0
15 17.0729 0 -0.293813 1 0 0 0 1 0 0 0 1  0 0 -0.00403677 0 0 0
15.01 17.0729 0 -0.293853 1 0 0 0 1 0 0 0 1  0 0 -0.00393415 0 0 0
15.02 17.0729 0 -0.293892 1 0 0 0 1 0 0 0 1  0 0 -0.00384611 0 0 0
15.03 17.0729 0 -0.29393 1 0 0 0 1 0 0 0 1  0 0 -0.00375766 0 0 0
15.04 17.0729 0 -0.293966 1 0 0 0 1 0 0 0 1  0 0 -0.00362541 0 0 0
15.05 17.0729 0 -0.294002 1 0 0 0 1 0 0 0 1  0 0 -0.00352039 0 0 0
15.06 17.0729 0 -0.294036 1 0 0 0 1 0 0 0 1  0 0 -0.00337418 0 0 0
15.07 17.0729 0 -0.294069 1 0 0 0 1 0 0 0 1  0 0 -0.00323235 0 0 0
15.08 17.0729 0 -0.294101 1 0 0 0 1 0 0 0 1  0 0 -0.00307992 0 0 0
15.09 17.0729 0 -0.294131 1 0 0 0 1 0 0 0 1  0 0 -0.00290541 0 0 0
15.1 17.0729 0 -0.294159 1 0 0 0 1 0 0 0 1  0 0 -0.00273524 0 0 0
15.11 17.0729 0 -0.294185 1 0 0 0 1 0 0 0 1  0 0 -0.00254098 0 0 0
15.12 17.0729 0 -0.29421 1 0 0 0 1 0 0 0 1  0 0 -0.00234367 0 0 0
15.13 17.0729 0 -0.294232 1 0 0 0 1 0 0 0 1  0 0 -0.0021344 0 0 0
15.14 17.0729 0 -0.294252 1 0 0 0 1 0 0 0 1  -0 -0 -0.00191045 0 0 0
15.15 17.0729 0 -0.29427 1 0 0 0 1 0 0 0 1  -0 -0 -0.00168262 0 0 0
15.16 17.0729 0 -0.294286 1 0 0 0 1 0 0 0 1  -0 -0 -0.00143825 0 0 0
15.17 17.0729 0 -0.294299 1 0 0 0 1 0 0 0 1  -0 -0 -0.00118764 0 0 0
15.18 17.0729 0 -0.294309 1 0 0 0 1 0 0 0 1  -0 -0 -0.000924397 0 0 0
15.19 17.0729 0 -0.294317 1 0 0 0 1 0 0 0 1  -0 -0 -0.000651528 0 0 0
15.2 17.0729 0 -0.294322 1 0 0 0 1 0 0 0 1  0 0 -0.000368663 0 0 0
15.21 17.0729 0 -0.294324 1 0 0 0 1 0 0 0 1  0 0 -7.53253e-05 0 0 0
15.22 17.0729 0 -0.294323 1 0 0 0 1 0 0 0 1  0 0 0.000228768 0 0 0
15.23 17.0729 0 -0.29432 1 0 0 0 1 0 0 0 1  0 0 0.000541099 0 0 0
15.24 17.0729 0 -0.294313 1 0 0 0 1 0 0 0 1  0 0 0.000865908 0 0 0
15.25 17.0729 0 -0.294302 1 0 0 0 1 0 0 0 1  0 0 0.00119857 0 0 0
15.26 17.0729 0 -0.294288 1 0 0 0 1 0 0 0 1  0 0 0.00154218 0 0 0
15.27 17.0729 0 -0.294271 1 0 0 0 1 0 0 0 1  0 0 0.00189588 0 0 0
15.28 17.0729 0 -0.29425 1 0 0 0 1 0 0 0 1  0 0 0.00225706 0 0 0
15.29 17.0729 0 -0.294226 1 0 0 0 1 0 0 0 1  0 0 0.00263191 0 0 0
15.3 17.0729 0 -0.294198 1 0 0 0 1 0 0 0 1  0 0 0.00301121 0 0 0
15.31 17.0729 0 -0.294165 1 0 0 0 1 0 0 0 1  0 0 0.00340625 0 0 0
15.32 17.0729 0 -0.294129 1 0 0 0 1 0 0 0 1  0 0 0.00380236 0 0 0
15.33 17.0729 0 -0.294089 1 0 0 0 1 0 0 0 1  0 0 0.0042145 0 0 0
15.34 17.0729 0 -0.294045 1 0 0 0 1 0 0 0 1  0 0 0.00463053 0 0 0
15.35 17.0729 0 -0.293997 1 0 0 0 1 0 0 0 1  0 0 0.00505872 0 0 0
15.36 17.0729 0 -0.293944 1 0 0 0 1 0 0 0 1  0 0 0.00549463 0 0 0
15.37 17.0729 0 -0.293886 1 0 0 0 1 0 0 0 1  0 0 0.00593976 0 0 0
15.38 17.0729 0 -0.293825 1 0 0 0 1 0 0 0 1  0 0 0.00639804 0 0 0
15.39 17.0729 0 -0.293758 1 0 0 0 1 0 0 0 1  0 0 0.00686019 0 0 0
15.4 17.0729 0 -0.293687 1 0 0 0 1 0 0 0 1  0 0 0.0073369 0 0 0
15.41 17.0729 0 -0.293612 1 0 0 0 1 0 0 0 1  0 0 0.00781947 0 0 0
15.42 17.0729 0 -0.293531 1 0 0 0 1 0 0 0 1  0 0 0.00831202 0 0 0
15.43 17.0729 0 -0.293445 1 0 0 0 1 0 0 0 1  0 0 0.00881385 0 0 0
15.44 17.0729 0 -0.293354 1 0 0 0 1 0 0 0 1  0 0 0.00932714 0 0 0
15.45 17.0729 0 -0.293258 1 0 0 0 1 0 0 0 1  0 0 0.00985239 0 0 0
15.46 17.0729 0 -0.293157 1 0 0 0 1 0 0 0 1  0 0 0.0103832 0 0 0
15.47 17.0729 0 -0.293056 1 0 0 0 1 0 0 0 1  0 0 0.0103023 0 0 0
15.48 17.0729 0 -0.29294 1 0 0 0 1 0 0 0 1  0 0 0.0118625 0 0 0
15.49 17.0729 0 -0.292829 1 0 0 0 1 0 0 0 1  0 0 0.0114157 0 0 0
15.5 17.0729 0 -0.292705 1 0 0 0 1 0 0 0 1  0 0 0.0126543 0 0 0
15.51 17.0729 0 -0.292578 1 0 0 0 1 0 0 0 1  0 0 0.0129869 0 0 0
15.52 17.0729 0 -0.292446 1 0 0 0 1 0 0 0 1  0 0 0.0134145 0 0 0
15.53 17.0729 0 -0.292306 1 0 0 0 1 0 0 0 1  0 0 0.0143805 0 0 0
15.54 17.0729 0 -0.292163 1 0 0 0 1 0 0 0 1  0 0 0.0145485 0 0 0
15.55 17.0729 0 -0.292011 1 0 0 0 1 0 0 0 1  0 0 0.0154835 0 0 0
15.56 17.0729 0 -0.291855 1 0 0 0 1 0 0 0 1  0 0 0.0159345 0 0 0
15.57 17.0729 0 -0.291693 1 0 0 0 1 0 0 0 1  0 0 0.016535 0 0 0
15.58 17.0729 0 -0.291523 1 0 0 0 1 0 0 0 1  0 0 0.0173085 0 0 0
15.59 17.0729 0 -0.291348 1 0 0 0 1 0 0 0 1  0 0 0.0177591 0 0 0
15.6 17.0729 0 -0.291166 1 0 0 0 1 0 0 0 1  0 0 0.0185685 0 0 0
15.61 17.0729 0 -0.290978 1 0 0 0 1 0 0 0 1  0 0 0.0191156 0 0 0
15.62 17.0729 0 -0.290783 1 0 0 0 1 0 0 0 1  0 0 0.0197929 0 0 0
15.63 17.0729 0 -0.290582 1 0 0 0 1 0 0 0 1  0 0 0.0204896 0 0 0
15.64 17.0729 0 -0.290374 1 0 0 0 1 0 0 0 1  0 0 0.0210821 0 0 0
15.65 17.0729 0 -0.290159 1 0 0 0 1 0 0 0 1  0 0 0.021813 0 0 0
15.66 17.0729 0 -0.289938 1 0 0 0 1 0 0 0 1  0 0 0.0224332 0 0 0
15.67 17.0729 0 -0.28971 1 0 0 0 1 0 0 0 1  0 0 0.0231186 0 0 0
15.68 17.0729 0 -0.289476 1 0 0 0 1 0 0 0 1  0 0 0.0237845 0 0 0
15.69 17.0729 0 -0.289235 1 0 0 0 1 0 0 0 1  0 0 0.0244022 0 0 0
15.7 17.0729 0 -0.288988 1 0 0 0 1 0 0 0 1  0 0 0.025092 0 0 0
15.71 17.0729 0 -0.288734 1 0 0 0 1 0 0 0 1  0 0 0.0257055 0 0 0
15.72 17.0729 0 -0.288473 1 0 0 0 1 0 0 0 1  0 0 0.0263649 0 0 0
15.73 17.0729 0 -0.288207 1 0 0 0 1 0 0 0 1  0 0 0.0270089 0 0 0
15.74 17.0729 0 -0.287933 1 0 0 0 1 0 0 0 1  0 0 0.0276249 0 0 0
15.75 17.0729 0 -0.287654 1 0 0 0 1 0 0 0 1  0 0 0.028287 0 0 0
15.76 17.0729 0 -0.287369 1 0 0 0 1 0 0 0 1  0 0 0.0287877 0 0 0
15.77 17.0729 0 -0.287076 1 0 0 0 1 0 0 0 1  0 0 0.0296093 0 0 0
15.78 17.0729 0 -0.286782 1 0 0 0 1 0 0 0 1  0 0 0.0296289 0 0 0
15.79 17.0729 0 -0.286475 1 0 0 0 1 0 0 0 1  0 0 0.0310623 0 0 0
15.8 17.0729 0 -0.286169 1 0 0 0 1 0 0 0 1  0 0 0.0309042 0 0 0
15.81 17.0729 0 -0.285852 1 0 0 0 1 0 0 0 1  0 0 0.0319589 0 0 0
15.82 17.0729 0 -0.285532 1 0 0 0 1 0 0 0 1  0 0 0.0322741 0 0 0
15.83 17.0729 0 -0.285207 1 0 0 0 1 0 0 0 1  0 0 0.032746 0 0 0
15.84 17.0729 0 -0.284875 1 0 0 0 1 0 0 0 1  0 0 0.0335301 0 0 0
15.85 17.0729 0 -0.28454 1 0 0 0 1 0 0 0 1  0 0 0.0337292 0 0 0
15.86 17.0729 0 -0.284198 1 0 0 0 1 0 0 0 1  0 0 0.0345107 0 0 0
15.87 17.0729 0 -0.283852 1 0 0 0 1 0 0 0 1  0 0 0.0348732 0 0 0
15.88 17.0729 0 -0.2835 1 0 0 0 1 0 0 0 1  0 0 0.0353944 0 0 0
15.89 17.0729 0 -0.283143 1 0 0 0 1 0 0 0 1  0 0 0.0359633 0 0 0
15.9 17.0729 0 -0.282782 1 0 0 0 1 0 0 0 1  0 0 0.0363591 0 0 0
15.91 17.0729 0 -0.282414 1 0 0 0 1 0 0 0 1  0 0 0.0370498 0 0 0
15.92 17.0729 0 -0.282043 1 0 0 0 1 0 0 0 1  0 0 0.0373629 0 0 0
15.93 17.0729 0 -0.281662 1 0 0 0 1 0 0 0 1  0 0 0.0384175 0 0 0
15.94 17.0729 0 -0.281282 1 0 0 0 1 0 0 0 1  0 0 0.0382793 0 0 0
15.95 17.0729 0 -0.280892 1 0 0 0 1 0 0 0 1  0 0 0.0392267 0 0 0
15.96 17.0729 0 -0.2805 1 0 0 0 1 0 0 0 1  0 0 0.0394241 0 0 0
15.97 17.0729 0 -0.280103 1 0 0 0 1 0 0 0 1  0 0 0.03994 0 0 0
15.98 17.0729 0 -0.279701 1 0 0 0 1 0 0 0 1  0 0 0.0404385 0 0 0
15.99 17.0729 0 -0.279297 1 0 0 0 1 0 0 0 1  0 0 0.0406437 0 0 0
16 17.0729 0 -0.278886 1 0 0 0 1 0 0 0 1  0 0 0.0412584 0 0 0
16.01 17.0729 0 -0.278474 1 0 0 0 1 0 0 0 1  0 0 0.041441 0 0 0
16.02 17.0729 0 -0.278057 1 0 0 0 1 0 0 0 1  0 0 0.0419011 0 0 0
16.03 17.0729 0 -0.277637 1 0 0 0 1 0 0 0 1  0 0 0.0421825 0 0 0
16.04 17.0729 0 -0.277217 1 0 0 0 1 0 0 0 1  0 0 0.0420255 0 0 0
16.05 17.0729 0 -0.276795 1 0 0 0 1 0 0 0 1  0 0 0.0422367 0 0 0
16.06 17.0729 0 -0.276373 1 0 0 0 1 0 0 0 1  0 0 0.0422404 0 0 0
16.07 17.0729 0 -0.27595 1 0 0 0 1 0 0 0 1  0 0 0.0423868 0 0 0
16.08 17.0729 0 -0.275525 1 0 0 0 1 0 0 0 1  0 0 0.0425364 0 0 0
16.09 17.0729 0 -0.2751 1 0 0 0 1 0 0 0 1  0 0 0.0425612 0 0 0
16.1 17.0729 0 -0.274673 1 0 0 0 1 0 0 0 1  0 0 0.0427325 0 0 0
16.11 17.0729 0 -0.274245 1 0 0 0 1 0 0 0 1  0 0 0.042847 0 0 0
16.12 17.0729 0 -0.273817 1 0 0 0 1 0 0 0 1  0 0 0.0428746 0 0 0
16.13 17.0729 0 -0.273387 1 0 0 0 1 0 0 0 1  0 0 0.0430238 0 0 0
16.14 17.0729 0 -0.272956 1 0 0 0 1 0 0 0 1  0 0 0.0431743 0 0 0
16.15 17.0729 0 -0.272526 1 0 0 0 1 0 0 0 1  0 0 0.0430581 0 0 0
16.16 17.0729 0 -0.272094 1 0 0 0 1 0 0 0 1  0 0 0.043213 0 0 0
16.17 17.0729 0 -0.271662 1 0 0 0 1 0 0 0 1  0 0 0.0431514 0 0 0
16.18 17.0729 0 -0.271231 1 0 0 0 1 0 0 0 1  0 0 0.0431751 0 0 0
16.19 17.0729 0 -0.270799 1 0 0 0 1 0 0 0 1  0 0 0.0431572 0 0 0
16.2 17.0729 0 -0.270368 1 0 0 0 1 0 0 0 1  0 0 0.0431158 0 0 0
16.21 17.0729 0 -0.269937 1 0 0 0 1 0 0 0 1  0 0 0.0430571 0 0 0
16.22 17.0729 0 -0.269508 1 0 0 0 1 0 0 0 1  0 0 0.0428655 0 0 0
16.23 17.0729 0 -0.269078 1 0 0 0 1 0 0 0 1  0 0 0.0429474 0 0 0
16.24 17.0729 0 -0.26865 1 0 0 0 1 0 0 0 1  0 0 0.0427991 0 0 0
16.25 17.0729 0 -0.268224 1 0 0 0 1 0 0 0 1  0 0 0.0425328 0 0 0
16.26 17.0729 0 -0.267799 1 0 0 0 1 0 0 0 1  0 0 0.0424074 0 0 0
16.27 17.0729 0 -0.267375 1 0 0 0 1 0 0 0 1  0 0 0.0422768 0 0 0
16.28 17.0729 0 -0.266955 1 0 0 0 1 0 0 0 1  0 0 0.0419892 0 0 0
16.29 17.0729 0 -0.266535 1 0 0 0 1 0 0 0 1  0 0 0.0418642 0 0 0
16.3 17.0729 0 -0.266119 1 0 0 0 1 0 0 0 1  0 0 0.041533 0 0 0
16.31 17.0729 0 -0.265704 1 0 0 0 1 0 0 0 1  0 0 0.0413592 0 0 0
16.32 17.0729 0 -0.265292 1 0 0 0 1 0 0 0 1  0 0 0.0410257 0 0 0
16.33 17.0729 0 -0.264883 1 0 0 0 1 0 0 0 1  0 0 0.0407803 0 0 0
16.34 17.0729 0 -0.264478 1 0 0 0 1 0 0 0 1  0 0 0.0403677 0 0 0
16.35 17.0729 0 -0.264074 1 0 0 0 1 0 0 0 1  0 0 0.0401757 0 0 0
16.36 17.0729 0 -0.263675 1 0 0 0 1 0 0 0 1  0 0 0.0397437 0 0 0
16.37 17.0729 0 -0.263281 1 0 0 0 1 0 0 0 1  0 0 0.0392564 0 0 0
16.38 17.0729 0 -0.262889 1 0 0 0 1 0 0 0 1  0 0 0.0390115 0 0 0
16.39 17.0729 0 -0.262502 1 0 0 0 1 0 0 0 1  0 0 0.0385018 0 0 0
16.4 17.0729 0 -0.262118 1 0 0 0 1 0 0 0 1  0 0 0.038135 0 0 0
16.41 17.0729 0 -0.261739 1 0 0 0 1 0 0 0 1  0 0 0.0377288 0 0 0
16.42 17.0729 0 -0.261365 1 0 0 0 1 0 0 0 1  0 0 0.0372053 0 0 0
16.43 17.0729 0 -0.260994 1 0 0 0 1 0 0 0 1  0 0 0.0368339 0 0 0
16.44 17.0729 0 -0.260629 1 0 0 0 1 0 0 0 1  0 0 0.0362868 0 0 0
16.45 17.0729 0 -0.260268 1 0 0 0 1 0 0 0 1  0 0 0.035836 0 0 0
16.46 17.0729 0 -0.259912 1 0 0 0 1 0 0 0 1  0 0 0.0353392 0 0 0
16.47 17.0729 0 -0.259562 1 0 0 0 1 0 0 0 1  0 0 0.0347806 0 0 0
16.48 17.0729 0 -0.259217 1 0 0 0 1 0 0 0 1  0 0 0.0342841 0 0 0
16.49 17.0729 0 -0.258877 1 0 0 0 1 0 0 0 1  0 0 0.0337135 0 0 0
16.5 17.0729 0 -0.258543 1 0 0 0 1 0 0 0 1  0 0 0.0331498 0 0 0
16.51 17.0729 0 -0.258214 1 0 0 0 1 0 0 0 1  0 0 0.0325944 0 0 0
16.52 17.0729 0 -0.257891 1 0 0 0 1 0 0 0 1  0 0 0.0319724 0 0 0
16.53 17.0729 0 -0.257574 1 0 0 0 1 0 0 0 1  0 0 0.0313939 0 0 0
16.54 17.0729 0 -0.257264 1 0 0 0 1 0 0 0 1  0 0 0.0307615 0 0 0
16.55 17.0729 0 -0.256959 1 0 0 0 1 0 0 0 1  0 0 0.0301294 0 0 0
16.56 17.0729 0 -0.256661 1 0 0 0 1 0 0 0 1  0 0 0.0294907 0 0 0
16.57 17.0729 0 -0.25637 1 0 0 0 1 0 0 0 1  0 0 0.0288101 0 0 0
16.58 17.0729 0 -0.256085 1 0 0 0 1 0 0 0 1  0 0 0.0281611 0 0 0
16.59 17.0729 0 -0.255807 1 0 0 0 1 0 0 0 1  0 0 0.0274584 0 0 0
16.6 17.0729 0 -0.255536 1 0 0 0 1 0 0 0 1  0 0 0.0267709 0 0 0
16.61 17.0729 0 -0.255272 1 0 0 0 1 0 0 0 1  0 0 0.0260655 0 0 0
16.62 17.0729 0 -0.255015 1 0 0 0 1 0 0 0 1  0 0 0.0253324 0 0 0
16.63 17.0729 0 -0.254765 1 0 0 0 1 0 0 0 1  0 0 0.0246195 0 0 0
16.64 17.0729 0 -0.254522 1 0 0 0 1 0 0 0 1  0 0 0.0239251 0 0 0
16.65 17.0729 0 -0.254287 1 0 0 0 1 0 0 0 1  0 0 0.0230888 0 0 0
16.66 17.0729 0 -0.25406 1 0 0 0 1 0 0 0 1  0 0 0.0224123 0 0 0
16.67 17.0729 0 -0.25384 1 0 0 0 1 0 0 0 1  0 0 0.0215855 0 0 0
16.68 17.0729 0 -0.253628 1 0 0 0 1 0 0 0 1  0 0 0.020827 0 0 0
16.69 17.0729 0 -0.253423 1 0 0 0 1 0 0 0 1  0 0 0.020058 0 0 0
16.7 17.0729 0 -0.253227 1 0 0 0 1 0 0 0 1  0 0 0.019218 0 0 0
16.71 17.0729 0 -0.253039 1 0 0 0 1 0 0 0 1  0 0 0.0184711 0 0 0
16.72 17.0729 0 -0.252858 1 0 0 0 1 0 0 0 1  0 0 0.0176189 0 0 0
16.73 17.0729 0 -0.252686 1 0 0 0 1 0 0 0 1  0 0 0.016831 0 0 0
16.74 17.0729 0 -0.252522 1 0 0 0 1 0 0 0 1  0 0 0.0160074 0 0 0
16.75 17.0729 0 -0.252366 1 0 0 0 1 0 0 0 1  0 0 0.0151648 0 0 0
16.76 17.0729 0 -0.252218 1 0 0 0 1 0 0 0 1  0 0 0.0143742 0 0 0
16.77 17.0729 0 -0.252079 1 0 0 0 1 0 0 0 1  0 0 0.0135142 0 0 0
16.78 17.0729 0 -0.251948 1 0 0 0 1 0 0 0 1  0 0 0.0127102 0 0 0
16.79 17.0729 0 -0.251825 1 0 0 0 1 0 0 0 1  0 0 0.0118713 0 0 0
16.8 17.0729 0 -0.25171 1 0 0 0 1 0 0 0 1  0 0 0.0110382 0 0 0
16.81 17.0729 0 -0.251604 1 0 0 0 1 0 0 0 1  0 0 0.0102239 0 0 0
16.82 17.0729 0 -0.251506 1 0 0 0 1 0 0 0 1  0 0 0.0093831 0 0 0
16.83 17.0729 0 -0.251416 1 0 0 0 1 0 0 0 1  0 0 0.00857145 0 0 0
16.84 17.0729 0 -0.251335 1 0 0 0 1 0 0 0 1  0 0 0.00774108 0 0 0
16.85 17.0729 0 -0.251261 1 0 0 0 1 0 0 0 1  0 0 0.006922 0 0 0
16.86 17.0729 0 -0.251196 1 0 0 0 1 0 0 0 1  0 0 0.0060948 0 0 0
16.87 17.0729 0 -0.251139 1 0 0 0 1 0 0 0 1  0 0 0.00528736 0 0 0
16.88 17.0729 0 -0.25109 1 0 0 0 1 0 0 0 1  0 0 0.00446218 0 0 0
16.89 17.0729 0 -0.25105 1 0 0 0 1 0 0 0 1  0 0 0.00365509 0 0 0
16.9 17.0729 0 -0.251017 1 0 0 0 1 0 0 0 1  0 0 0.00284028 0 0 0
16.91 17.0729 0 -0.250993 1 0 0 0 1 0 0 0 1  0 0 0.00202604 0 0 0
16.92 17.0729 0 -0.250977 1 0 0 0 1 0 0 0 1  0 0 0.00121481 0 0 0
16.93 17.0729 0 -0.250977 1 0 0 0 1 0 0 0 1  0 0 -0.000588689 0 0 0
16.94 17.0729 0 -0.25097 1 0 0 0 1 0 0 0 1  0 0 0.00033623 0 0 0
16.95 17.0729 0 -0.250988 1 0 0 0 1 0 0 0 1  0 0 -0.00219657 0 0 0
16.96 17.0729 0 -0.251001 1 0 0 0 1 0 0 0 1  0 0 -0.00178261 0 0 0
16.97 17.0729 0 -0.251025 1 0 0 0 1 0 0 0 1  0 0 -0.00253569 0 0 0
16.98 17.0729 0 -0.251064 1 0 0 0 1 0 0 0 1  0 0 -0.00441073 0 0 0
16.99 17.0729 0 -0.251097 1 0 0 0 1 0 0 0 1  0 0 -0.00366452 0 0 0
17 17.0729 0 -0.251151 1 0 0 0 1 0 0 0 1  0 0 -0.00582064 0 0 0
17.01 17.0729 0 -0.251204 1 0 0 0 1 0 0 0 1  0 0 -0.00575046 0 0 0
17.02 17.0729 0 -0.251268 1 0 0 0 1 0 0 0 1  0 0 -0.00672735 0 0 0
17.03 17.0729 0 -0.251342 1 0 0 0 1 0 0 0 1  0 0 -0.00781326 0 0 0
17.04 17.0729 0 -0.251418 1 0 0 0 1 0 0 0 1  0 0 -0.0079745 0 0 0
17.05 17.0729 0 -0.251508 1 0 0 0 1 0 0 0 1  0 0 -0.00934891 0 0 0
17.06 17.0729 0 -0.251601 1 0 0 0 1 0 0 0 1  0 0 -0.00965908 0 0 0
17.07 17.0729 0 -0.251703 1 0 0 0 1 0 0 0 1  0 0 -0.010583 0 0 0
17.08 17.0729 0 -0.251813 1 0 0 0 1 0 0 0 1  0 0 -0.0113868 0 0 0
17.09 17.0729 0 -0.251928 1 0 0 0 1 0 0 0 1  0 0 -0.0119002 0 0 0
17.1 17.0729 0 -0.252053 1 0 0 0 1 0 0 0 1  0 0 -0.0128874 0 0 0
17.11 17.0729 0 -0.252184 1 0 0 0 1 0 0 0 1  0 0 -0.0133936 0 0 0
17.12 17.0729 0 -0.252322 1 0 0 0 1 0 0 0 1  0 0 -0.0142171 0 0 0
17.13 17.0729 0 -0.252468 1 0 0 0 1 0 0 0 1  0 0 -0.0149235 0 0 0
17.14 17.0729 0 -0.25262 1 0 0 0 1 0 0 0 1  0 0 -0.0155545 0 0 0
17.15 17.0729 0 -0.25278 1 0 0 0 1 0 0 0 1  0 0 -0.0163602 0 0 0
17.16 17.0729 0 -0.252946 1 0 0 0 1 0 0 0 1  0 0 -0.016958 0 0 0
17.17 17.0729 0 -0.25312 1 0 0 0 1 0 0 0 1  0 0 -0.0177079 0 0 0
17.18 17.0729 0 -0.2533 1 0 0 0 1 0 0 0 1  0 0 -0.018376 0 0 0
17.19 17.0729 0 -0.253487 1 0 0 0 1 0 0 0 1  0 0 -0.0190341 0 0 0
17.2 17.0729 0 -0.253681 1 0 0 0 1 0 0 0 1  0 0 -0.0197473 0 0 0
17.21 17.0729 0 -0.253881 1 0 0 0 1 0 0 0 1  0 0 -0.0203716 0 0 0
17.22 17.0729 0 -0.254089 1 0 0 0 1 0 0 0 1  0 0 -0.0210673 0 0 0
17.23 17.0729 0 -0.254302 1 0 0 0 1 0 0 0 1  0 0 -0.0217051 0 0 0
17.24 17.0729 0 -0.254523 1 0 0 0 1 0 0 0 1  0 0 -0.022358 0 0 0
17.25 17.0729 0 -0.25475 1 0 0 0 1 0 0 0 1  0 0 -0.0230062 0 0 0
17.26 17.0729 0 -0.254983 1 0 0 0 1 0 0 0 1  0 0 -0.0236331 0 0 0
17.27 17.0729 0 -0.255223 1 0 0 0 1 0 0 0 1  0 0 -0.0243455 0 0 0
17.28 17.0729 0 -0.255468 1 0 0 0 1 0 0 0 1  0 0 -0.0248379 0 0 0
17.29 17.0729 0 -0.255721 1 0 0 0 1 0 0 0 1  0 0 -0.0255745 0 0 0
17.3 17.0729 0 -0.255979 1 0 0 0 1 0 0 0 1  0 0 -0.0261042 0 0 0
17.31 17.0729 0 -0.256243 1 0 0 0 1 0 0 0 1  0 0 -0.0267235 0 0 0
17.32 17.0729 0 -0.256513 1 0 0 0 1 0 0 0 1  0 0 -0.0273371 0 0 0
17.33 17.0729 0 -0.256789 1 0 0 0 1 0 0 0 1  0 0 -0.0278703 0 0 0
17.34 17.0729 0 -0.257071 1 0 0 0 1 0 0 0 1  0 0 -0.0284861 0 0 0
17.35 17.0729 0 -0.257358 1 0 0 0 1 0 0 0 1  0 0 -0.0290157 0 0 0
17.36 17.0729 0 -0.257651 1 0 0 0 1 0 0 0 1  0 0 -0.0295868 0 0 0
17.37 17.0729 0 -0.25795 1 0 0 0 1 0 0 0 1  0 0 -0.030134 0 0 0
17.38 17.0729 0 -0.258254 1 0 0 0 1 0 0 0 1  0 0 -0.0306607 0 0 0
17.39 17.0729 0 -0.258563 1 0 0 0 1 0 0 0 1  0 0 -0.0312102 0 0 0
17.4 17.0729 0 -0.258878 1 0 0 0 1 0 0 0 1  0 0 -0.0316994 0 0 0
17.41 17.0729 0 -0.259197 1 0 0 0 1 0 0 0 1  0 0 -0.0322306 0 0 0
17.42 17.0729 0 -0.259522 1 0 0 0 1 0 0 0 1  0 0 -0.0327554 0 0 0
17.43 17.0729 0 -0.259852 1 0 0 0 1 0 0 0 1  0 0 -0.0331815 0 0 0
17.44 17.0729 0 -0.260187 1 0 0 0 1 0 0 0 1  0 0 -0.0337207 0 0 0
17.45 17.0729 0 -0.260525 1 0 0 0 1 0 0 0 1  0 0 -0.0341344 0 0 0
17.46 17.0729 0 -0.260869 1 0 0 0 1 0 0 0 1  0 0 -0.0346017 0 0 0
17.47 17.0729 0 -0.261218 1 0 0 0 1 0 0 0 1  0 0 -0.0350686 0 0 0
17.48 17.0729 0 -0.26157 1 0 0 0 1 0 0 0 1  0 0 -0.0354487 0 0 0
17.49 17.0729 0 -0.261927 1 0 0 0 1 0 0 0 1  0 0 -0.0358997 0 0 0
17.5 17.0729 0 -0.262288 1 0 0 0 1 0 0 0 1  0 0 -0.036285 0 0 0
17.51 17.0729 0 -0.262652 1 0 0 0 1 0 0 0 1  0 0 -0.0366722 0 0 0
17.52 17.0729 0 -0.263021 1 0 0 0 1 0 0 0 1  0 0 -0.0370765 0 0 0
17.53 17.0729 0 -0.263393 1 0 0 0 1 0 0 0 1  0 0 -0.0373946 0 0 0
17.54 17.0729 0 -0.263769 1 0 0 0 1 0 0 0 1  0 0 -0.0377545 0 0 0
17.55 17.0729 0 -0.264146 1 0 0 0 1 0 0 0 1  0 0 -0.0378789 0 0 0
17.56 17.0729 0 -0.264529 1 0 0 0 1 0 0 0 1  0 0 -0.0384644 0 0 0
17.57 17.0729 0 -0.264913 1 0 0 0 1 0 0 0 1  0 0 -0.0385249 0 0 0
17.58 17.0729 0 -0.265301 1 0 0 0 1 0 0 0 1  0 0 -0.0389387 0 0 0
17.59 17.0729 0 -0.265692 1 0 0 0 1 0 0 0 1  0 0 -0.0391865 0 0 0
17.6 17.0729 0 -0.266084 1 0 0 0 1 0 0 0 1  0 0 -0.0394095 0 0 0
17.61 17.0729 0 -0.26648 1 0 0 0 1 0 0 0 1  0 0 -0.0397 0 0 0
17.62 17.0729 0 -0.266879 1 0 0 0 1 0 0 0 1  0 0 -0.0399732 0 0 0
17.63 17.0729 0 -0.267278 1 0 0 0 1 0 0 0 1  0 0 -0.0401042 0 0 0
17.64 17.0729 0 -0.267681 1 0 0 0 1 0 0 0 1  0 0 -0.04039 0 0 0
17.65 17.0729 0 -0.268086 1 0 0 0 1 0 0 0 1  0 0 -0.0405249 0 0 0
17.66 17.0729 0 -0.268491 1 0 0 0 1 0 0 0 1  0 0 -0.0406594 0 0 0
17.67 17.0729 0 -0.2689 1 0 0 0 1 0 0 0 1  0 0 -0.0409152 0 0 0
17.68 17.0729 0 -0.26931 1 0 0 0 1 0 0 0 1  0 0 -0.0411073 0 0 0
17.69 17.0729 0 -0.26972 1 0 0 0 1 0 0 0 1  0 0 -0.0410556 0 0 0
17.7 17.0729 0 -0.270134 1 0 0 0 1 0 0 0 1  0 0 -0.0414636 0 0 0
17.71 17.0729 0 -0.270544 1 0 0 0 1 0 0 0 1  0 0 -0.0411206 0 0 0
17.72 17.0729 0 -0.270961 1 0 0 0 1 0 0 0 1  0 0 -0.0417251 0 0 0
17.73 17.0729 0 -0.271375 1 0 0 0 1 0 0 0 1  0 0 -0.0414056 0 0 0
17.74 17.0729 0 -0.271791 1 0 0 0 1 0 0 0 1  0 0 -0.0416825 0 0 0
17.75 17.0729 0 -0.272208 1 0 0 0 1 0 0 0 1  0 0 -0.0417402 0 0 0
17.76 17.0729 0 -0.272625 1 0 0 0 1 0 0 0 1  0 0 -0.0416614 0 0 0
17.77 17.0729 0 -0.273043 1 0 0 0 1 0 0 0 1  0 0 -0.0418862 0 0 0
17.78 17.0729 0 -0.273461 1 0 0 0 1 0 0 0 1  0 0 -0.0418477 0 0 0
17.79 17.0729 0 -0.273879 1 0 0 0 1 0 0 0 1  0 0 -0.0417955 0 0 0
17.8 17.0729 0 -0.274299 1 0 0 0 1 0 0 0 1  0 0 -0.0420342 0 0 0
17.81 17.0729 0 -0.274717 1 0 0 0 1 0 0 0 1  0 0 -0.041846 0 0 0
17.82 17.0729 0 -0.275137 1 0 0 0 1 0 0 0 1  0 0 -0.0419766 0 0 0
17.83 17.0729 0 -0.275557 1 0 0 0 1 0 0 0 1  0 0 -0.0420257 0 0 0
17.84 17.0729 0 -0.275975 1 0 0 0 1 0 0 0 1  0 0 -0.0417939 0 0 0
17.85 17.0729 0 -0.276396 1 0 0 0 1 0 0 0 1  0 0 -0.0420132 0 0 0
17.86 17.0729 0 -0.276813 1 0 0 0 1 0 0 0 1  0 0 -0.0417561 0 0 0
17.87 17.0729 0 -0.277231 1 0 0 0 1 0 0 0 1  0 0 -0.0417738 0 0 0
17.88 17.0729 0 -0.277648 1 0 0 0 1 0 0 0 1  0 0 -0.0416462 0 0 0
17.89 17.0729 0 -0.278064 1 0 0 0 1 0 0 0 1  0 0 -0.0414885 0 0 0
17.9 17.0729 0 -0.278478 1 0 0 0 1 0 0 0 1  0 0 -0.0413924 0 0 0
17.91 17.0729 0 -0.278892 1 0 0 0 1 0 0 0 1  0 0 -0.0412451 0 0 0
17.92 17.0729 0 -0.279303 1 0 0 0 1 0 0 0 1  0 0 -0.0410968 0 0 0
17.93 17.0729 0 -0.279714 1 0 0 0 1 0 0 0 1  0 0 -0.0409557 0 0 0
17.94 17.0729 0 -0.280122 1 0 0 0 1 0 0 0 1  0 0 -0.0407788 0 0 0
17.95 17.0729 0 -0.280529 1 0 0 0 1 0 0 0 1  0 0 -0.0405694 0 0 0
17.96 17.0729 0 -0.280934 1 0 0 0 1 0 0 0 1  0 0 -0.040475 0 0 0
17.97 17.0729 0 -0.281343 1 0 0 0 1 0 0 0 1  0 0 -0.0408374 0 0 0
17.98 17.0729 0 -0.281744 1 0 0 0 1 0 0 0 1  0 0 -0.0401007 0 0 0
17.99 17.0729 0 -0.28215 1 0 0 0 1 0 0 0 1  0 0 -0.0405442 0 0 0
18 17.0729 0 -0.282561 1 0 0 0 1 0 0 0 1  0 0 -0.0411872 0 0 0
18.01 17.0729 0 -0.282963 1 0 0 0 1 0 0 0 1  0 0 -0.040297 0 0 0
18.02 17.0729 0 -0.283375 1 0 0 0 1 0 0 0 1  0 0 -0.0411759 0 0 0
18.03 17.0729 0 -0.283783 1 0 0 0 1 0 0 0 1  0 0 -0.0408664 0 0 0
18.04 17.0729 0 -0.284189 1 0 0 0 1 0 0 0 1  0 0 -0.0405322 0 0 0
18.05 17.0729 0 -0.284599 1 0 0 0 1 0 0 0 1  0 0 -0.0410293 0 0 0
18.06 17.0729 0 -0.285002 1 0 0 0 1 0 0 0 1  0 0 -0.040253 0 0 0
18.07 17.0729 0 -0.285409 1 0 0 0 1 0 0 0 1  0 0 -0.0405864 0 0 0
18.08 17.0729 0 -0.285809 1 0 0 0 1 0 0 0 1  0 0 -0.0399884 0 0 0
18.09 17.0729 0 -0.286208 1 0 0 0 1 0 0 0 1  0 0 -0.0396964 0 0 0
18.1 17.0729 0 -0.286597 1 0 0 0 1 0 0 0 1  0 0 -0.0386639 0 0 0
18.11 17.0729 0 -0.286991 1 0 0 0 1 0 0 0 1  0 0 -0.0392347 0 0 0
18.12 17.0729 0 -0.287374 1 0 0 0 1 0 0 0 1  0 0 -0.0380501 0 0 0
18.13 17.0729 0 -0.287757 1 0 0 0 1 0 0 0 1  0 0 -0.0380673 0 0 0
18.14 17.0729 0 -0.288134 1 0 0 0 1 0 0 0 1  0 0 -0.0375336 0 0 0
18.15 17.0729 0 -0.288508 1 0 0 0 1 0 0 0 1  0 0 -0.0371916 0 0 0
18.16 17.0729 0 -0.288878 1 0 0 0 1 0 0 0 1  0 0 -0.0368644 0 0 0
18.17 17.0729 0 -0.289244 1 0 0 0 1 0 0 0 1  0 0 -0.0363641 0 0 0
18.18 17.0729 0 -0.289607 1 0 0 0 1 0 0 0 1  0 0 -0.0360735 0 0 0
18.19 17.0729 0 -0.289964 1 0 0 0 1 0 0 0 1  0 0 -0.0355894 0 0 0
18.2 17.0729 0 -0.290319 1 0 0 0 1 0 0 0 1  0 0 -0.0352977 0 0 0
18.21 17.0729 0 -0.290669 1 0 0 0 1 0 0 0 1  0 0 -0.0348228 0 0 0
18.22 17.0729 0 -0.291019 1 0 0 0 1 0 0 0 1  0 0 -0.0347848 0 0 0
18.23 17.0729 0 -0.291362 1 0 0 0 1 0 0 0 1  0 0 -0.0341116 0 0 0
18.24 17.0729 0 -0.291703 1 0 0 0 1 0 0 0 1  0 0 -0.0339348 0 0 0
18.25 17.0729 0 -0.292039 1 0 0 0 1 0 0 0 1  0 0 -0.0334811 0 0 0
18.26 17.0729 0 -0.292371 1 0 0 0 1 0 0 0 1  0 0 -0.0329885 0 0 0
18.27 17.0729 0 -0.292702 1 0 0 0 1 0 0 0 1  0 0 -0.0328361 0 0 0
18.28 17.0729 0 -0.293025 1 0 0 0 1 0 0 0 1  0 0 -0.0321278 0 0 0
18.29 17.0729 0 -0.293346 1 0 0 0 1 0 0 0 1  0 0 -0.0318831 0 0 0
18.3 17.0729 0 -0.293661 1 0 0 0 1 0 0 0 1  0 0 -0.0312429 0 0 0
18.31 17.0729 0 -0.293973 1 0 0 0 1 0 0 0 1  0 0 -0.03098 0 0 0
18.32 17.0729 0 -0.294279 1 0 0 0 1 0 0 0 1  0 0 -0.0304015 0 0 0
18.33 17.0729 0 -0.294581 1 0 0 0 1 0 0 0 1  0 0 -0.0299776 0 0 0
18.34 17.0729 0 -0.294879 1 0 0 0 1 0 0 0 1  0 0 -0.0295412 0 0 0
18.35 17.0729 0 -0.295171 1 0 0 0 1 0 0 0 1  0 0 -0.0289597 0 0 0
18.36 17.0729 0 -0.295459 1 0 0 0 1 0 0 0 1  0 0 -0.0286044 0 0 0
18.37 17.0729 0 -0.295742 1 0 0 0 1 0 0 0 1  0 0 -0.028007 0 0 0
18.38 17.0729 0 -0.29602 1 0 0 0 1 0 0 0 1  0 0 -0.0275682 0 0 0
18.39 17.0729 0 -0.296293 1 0 0 0 1 0 0 0 1  0 0 -0.0270596 0 0 0
18.4 17.0729 0 -0.29656 1 0 0 0 1 0 0 0 1  0 0 -0.0264618 0 0 0
18.41 17.0729 0 -0.296823 1 0 0 0 1 0 0 0 1  0 0 -0.0260876 0 0 0
18.42 17.0729 0 -0.29708 1 0 0 0 1 0 0 0 1  0 0 -0.0254323 0 0 0
18.43 17.0729 0 -0.297333 1 0 0 0 1 0 0 0 1  0 0 -0.0249997 0 0 0
18.44 17.0729 0 -0.29758 1 0 0 0 1 0 0 0 1  0 0 -0.0244376 0 0 0
18.45 17.0729 0 -0.297821 1 0 0 0 1 0 0 0 1  0 0 -0.0238843 0 0 0
18.46 17.0729 0 -0.298058 1 0 0 0 1 0 0 0 1  0 0 -0.0233958 0 0 0
18.47 17.0729 0 -0.298289 1 0 0 0 1 0 0 0 1  0 0 -0.0227933 0 0 0
18.48 17.0729 0 -0.298514 1 0 0 0 1 0 0 0 1  0 0 -0.0222956 0 0 0
18.49 17.0729 0 -0.298734 1 0 0 0 1 0 0 0 1  0 0 -0.0217153 0 0 0
18.5 17.0729 0 -0.298948 1 0 0 0 1 0 0 0 1  0 0 -0.0211364 0 0 0
18.51 17.0729 0 -0.299158 1 0 0 0 1 0 0 0 1  0 0 -0.0206626 0 0 0
18.52 17.0729 0 -0.299361 1 0 0 0 1 0 0 0 1  0 0 -0.0200071 0 0 0
18.53 17.0729 0 -0.299559 1 0 0 0 1 0 0 0 1  0 0 -0.0195273 0 0 0
18.54 17.0729 0 -0.299751 1 0 0 0 1 0 0 0 1  0 0 -0.0189132 0 0 0
18.55 17.0729 0 -0.299937 1 0 0 0 1 0 0 0 1  0 0 -0.0183556 0 0 0
18.56 17.0729 0 -0.300118 1 0 0 0 1 0 0 0 1  0 0 -0.0178075 0 0 0
18.57 17.0729 0 -0.300293 1 0 0 0 1 0 0 0 1  0 0 -0.0171981 0 0 0
18.58 17.0729 0 -0.300462 1 0 0 0 1 0 0 0 1  0 0 -0.0166629 0 0 0
18.59 17.0729 0 -0.300626 1 0 0 0 1 0 0 0 1  0 0 -0.0160618 0 0 0
18.6 17.0729 0 -0.300784 1 0 0 0 1 0 0 0 1  0 0 -0.0155003 0 0 0
18.61 17.0729 0 -0.300936 1 0 0 0 1 0 0 0 1  -0 -0 -0.0149248 0 0 0
18.62 17.0729 0 -0.301082 1 0 0 0 1 0 0 0 1  -0 -0 -0.014342 0 0 0
18.63 17.0729 0 -0.301223 1 0 0 0 1 0 0 0 1  -0 -0 -0.0137785 0 0 0
18.64 17.0729 0 -0.301357 1 0 0 0 1 0 0 0 1  -0 -0 -0.0131938 0 0 0
18.65 17.0729 0 -0.301487 1 0 0 0 1 0 0 0 1  -0 -0 -0.0126309 0 0 0
18.66 17.0729 0 -0.30161 1 0 0 0 1 0 0 0 1  -0 -0 -0.0120387 0 0 0
18.67 17.0729 0 -0.301728 1 0 0 0 1 0 0 0 1  -0 -0 -0.0114798 0 0 0
18.68 17.0729 0 -0.301839 1 0 0 0 1 0 0 0 1  -0 -0 -0.0108974 0 0 0
18.69 17.0729 0 -0.301946 1 0 0 0 1 0 0 0 1  -0 -0 -0.010318 0 0 0
18.7 17.0729 0 -0.302046 1 0 0 0 1 0 0 0 1  -0 -0 -0.00975828 0 0 0
18.71 17.0729 0 -0.30214 1 0 0 0 1 0 0 0 1  0 0 -0.00907746 0 0 0
18.72 17.0729 0 -0.302229 1 0 0 0 1 0 0 0 1  0 0 -0.0086664 0 0 0
18.73 17.0729 0 -0.302312 1 0 0 0 1 0 0 0 1  0 0 -0.00794911 0 0 0
18.74 17.0729 0 -0.302389 1 0 0 0 1 0 0 0 1  -0 -0 -0.0073843 0 0 0
18.75 17.0729 0 -0.302461 1 0 0 0 1 0 0 0 1  -0 -0 -0.00694043 0 0 0
18.76 17.0729 0 -0.302526 1 0 0 0 1 0 0 0 1  -0 -0 -0.00620485 0 0 0
18.77 17.0729 0 -0.302586 1 0 0 0 1 0 0 0 1  -0 -0 -0.0058079 0 0 0
18.78 17.0729 0 -0.302641 1 0 0 0 1 0 0 0 1  -0 -0 -0.00515289 0 0 0
18.79 17.0729 0 -0.30269 1 0 0 0 1 0 0 0 1  -0 -0 -0.00463096 0 0 0
18.8 17.0729 0 -0.302734 1 0 0 0 1 0 0 0 1  -0 -0 -0.00411803 0 0 0
18.81 17.0729 0 -0.302772 1 0 0 0 1 0 0 0 1  -0 -0 -0.00351032 0 0 0
18.82 17.0729 0 -0.302805 1 0 0 0 1 0 0 0 1  -0 -0 -0.0030425 0 0 0
18.83 17.0729 0 -0.302832 1 0 0 0 1 0 0 0 1  -0 -0 -0.00245786 0 0 0
18.84 17.0729 0 -0.302854 1 0 0 0 1 0 0 0 1  -0 -0 -0.00195192 0 0 0
18.85 17.0729 0 -0.302871 1 0 0 0 1 0 0 0 1  -0 -0 -0.0014325 0 0 0
18.86 17.0729 0 -0.302883 1 0 0 0 1 0 0 0 1  -0 -0 -0.00089024 0 0 0
18.87 17.0729 0 -0.302889 1 0 0 0 1 0 0 0 1  -0 -0 -0.000404938 0 0 0
18.88 17.0729 0 -0.302891 1 0 0 0 1 0 0 0 1  0 0 0.000128992 0 0 0
18.89 17.0729 0 -0.302887 1 0 0 0 1 0 0 0 1  0 0 0.000618775 0 0 0
18.9 17.0729 0 -0.302878 1 0 0 0 1 0 0 0 1  0 0 0.00111966 0 0 0
18.91 17.0729 0 -0.302865 1 0 0 0 1 0 0 0 1  0 0 0.0016196 0 0 0
18.92 17.0729 0 -0.302846 1 0 0 0 1 0 0 0 1  0 0 0.00209569 0 0 0
18.93 17.0729 0 -0.302823 1 0 0 0 1 0 0 0 1  0 0 0.00258854 0 0 0
18.94 17.0729 0 -0.302794 1 0 0 0 1 0 0 0 1  0 0 0.00305658 0 0 0
18.95 17.0729 0 -0.302762 1 0 0 0 1 0 0 0 1  0 0 0.00352908 0 0 0
18.96 17.0729 0 -0.302724 1 0 0 0 1 0 0 0 1  0 0 0.00399337 0 0 0
18.97 17.0729 0 -0.302682 1 0 0 0 1 0 0 0 1  0 0 0.00444626 0 0 0
18.98 17.0729 0 -0.302635 1 0 0 0 1 0 0 0 1  0 0 0.00490172 0 0 0
18.99 17.0729 0 -0.302584 1 0 0 0 1 0 0 0 1  0 0 0.00534008 0 0 0
19 17.0729 0 -0.302528 1 0 0 0 1 0 0 0 1  0 0 0.0057805 0 0 0
19.01 17.0729 0 -0.302468 1 0 0 0 1 0 0 0 1  0 0 0.00620906 0 0 0
19.02 17.0729 0 -0.302404 1 0 0 0 1 0 0 0 1  0 0 0.00663216 0 0 0
19.03 17.0729 0 -0.302336 1 0 0 0 1 0 0 0 1  0 0 0.00704827 0 0 0
19.04 17.0729 0 -0.302263 1 0 0 0 1 0 0 0 1  0 0 0.00745648 0 0 0
19.05 17.0729 0 -0.302187 1 0 0 0 1 0 0 0 1  0 0 0.00785846 0 0 0
19.06 17.0729 0 -0.302115 1 0 0 0 1 0 0 0 1  0 0 0.00718095 0 0 0
19.07 17.0729 0 -0.302024 1 0 0 0 1 0 0 0 1  0 0 0.00934023 0 0 0
19.08 17.0729 0 -0.301947 1 0 0 0 1 0 0 0 1  0 0 0.00796508 0 0 0
19.09 17.0729 0 -0.301858 1 0 0 0 1 0 0 0 1  0 0 0.00886137 0 0 0
19.1 17.0729 0 -0.301762 1 0 0 0 1 0 0 0 1  0 0 0.00991238 0 0 0
19.11 17.0729 0 -0.301674 1 0 0 0 1 0 0 0 1  0 0 0.00889746 0 0 0
19.12 17.0729 0 -0.301569 1 0 0 0 1 0 0 0 1  0 0 0.010694 0 0 0
19.13 17.0729 0 -0.301472 1 0 0 0 1 0 0 0 1  0 0 0.00996872 0 0 0
19.14 17.0729 0 -0.301365 1 0 0 0 1 0 0 0 1  0 0 0.0107758 0 0 0
19.15 17.0729 0 -0.301255 1 0 0 0 1 0 0 0 1  0 0 0.011196 0 0 0
19.16 17.0729 0 -0.301146 1 0 0 0 1 0 0 0 1  0 0 0.0110442 0 0 0
19.17 17.0729 0 -0.301028 1 0 0 0 1 0 0 0 1  0 0 0.011953 0 0 0
19.18 17.0729 0 -0.300913 1 0 0 0 1 0 0 0 1  0 0 0.011742 0 0 0
19.19 17.0729 0 -0.300791 1 0 0 0 1 0 0 0 1  0 0 0.0123287 0 0 0
19.2 17.0729 0 -0.300667 1 0 0 0 1 0 0 0 1  0 0 0.0125617 0 0 0
19.21 17.0729 0 -0.300541 1 0 0 0 1 0 0 0 1  0 0 0.0126937 0 0 0
19.22 17.0729 0 -0.30041 1 0 0 0 1 0 0 0 1  0 0 0.0131957 0 0 0
19.23 17.0729 0 -0.30028 1 0 0 0 1 0 0 0 1  0 0 0.0132148 0 0 0
19.24 17.0729 0 -0.300145 1 0 0 0 1 0 0 0 1  0 0 0.0136246 0 0 0
19.25 17.0729 0 -0.300008 1 0 0 0 1 0 0 0 1  0 0 0.0137964 0 0 0
19.26 17.0729 0 -0.299869 1 0 0 0 1 0 0 0 1  0 0 0.0139966 0 0 0
19.27 17.0729 0 -0.299727 1 0 0 0 1 0 0 0 1  0 0 0.0142968 0 0 0
19.28 17.0729 0 -0.299584 1 0 0 0 1 0 0 0 1  0 0 0.0144046 0 0 0
19.29 17.0729 0 -0.299438 1 0 0 0 1 0 0 0 1  0 0 0.0146831 0 0 0
19.3 17.0729 0 -0.299291 1 0 0 0 1 0 0 0 1  0 0 0.0148243 0 0 0
19.31 17.0729 0 -0.299142 1 0 0 0 1 0 0 0 1  0 0 0.0150124 0 0 0
19.32 17.0729 0 -0.298991 1 0 0 0 1 0 0 0 1  0 0 0.0152008 0 0 0
19.33 17.0729 0 -0.298839 1 0 0 0 1 0 0 0 1  0 0 0.0153226 0 0 0
19.34 17.0729 0 -0.298684 1 0 0 0 1 0 0 0 1  0 0 0.0155128 0 0 0
19.35 17.0729 0 -0.298529 1 0 0 0 1 0 0 0 1  0 0 0.0156172 0 0 0
19.36 17.0729 0 -0.298372 1 0 0 0 1 0 0 0 1  0 0 0.0157648 0 0 0
19.37 17.0729 0 -0.298214 1 0 0 0 1 0 0 0 1  0 0 0.0158668 0 0 0
19.38 17.0729 0 -0.298054 1 0 0 0 1 0 0 0 1  0 0 0.0159911 0 0 0
19.39 17.0729 0 -0.297894 1 0 0 0 1 0 0 0 1  0 0 0.0160784 0 0 0
19.4 17.0729 0 -0.297733 1 0 0 0 1 0 0 0 1  0 0 0.0161725 0 0 0
19.41 17.0729 0 -0.297571 1 0 0 0 1 0 0 0 1  0 0 0.0162514 0 0 0
19.42 17.0729 0 -0.297408 1 0 0 0 1 0 0 0 1  0 0 0.0163154 0 0 0
19.43 17.0729 0 -0.297245 1 0 0 0 1 0 0 0 1  0 0 0.0163804 0 0 0
19.44 17.0729 0 -0.297081 1 0 0 0 1 0 0 0 1  0 0 0.016425 0 0 0
19.45 17.0729 0 -0.296916 1 0 0 0 1 0 0 0 1  0 0 0.0164693 0 0 0
19.46 17.0729 0 -0.296752 1 0 0 0 1 0 0 0 1  0 0 0.016497 0 0 0
19.47 17.0729 0 -0.296586 1 0 0 0 1 0 0 0 1  0 0 0.0165156 0 0 0
19.48 17.0729 0 -0.296421 1 0 0 0 1 0 0 0 1  0 0 0.016527 0 0 0
19.49 17.0729 0 -0.296256 1 0 0 0 1 0 0 0 1  0 0 0.0165256 0 0 0
19.5 17.0729 0 -0.296091 1 0 0 0 1 0 0 0 1  0 0 0.0165188 0 0 0
19.51 17.0729 0 -0.295927 1 0 0 0 1 0 0 0 1  0 0 0.0163246 0 0 0
19.52 17.0729 0 -0.295761 1 0 0 0 1 0 0 0 1  0 0 0.0165884 0 0 0
19.53 17.0729 0 -0.295599 1 0 0 0 1 0 0 0 1  0 0 0.0162555 0 0 0
19.54 17.0729 0 -0.295434 1 0 0 0 1 0 0 0 1  0 0 0.0164117 0 0 0
19.55 17.0729 0 -0.295272 1 0 0 0 1 0 0 0 1  0 0 0.0162705 0 0 0
19.56 17.0729 0 -0.295109 1 0 0 0 1 0 0 0 1  0 0 0.0161722 0 0 0
19.57 17.0729 0 -0.294947 1 0 0 0 1 0 0 0 1  0 0 0.0161935 0 0 0
19.58 17.0729 0 -0.294787 1 0 0 0 1 0 0 0 1  0 0 0.0159887 0 0 0
19.59 17.0729 0 -0.294627 1 0 0 0 1 0 0 0 1  0 0 0.015986 0 0 0
19.6 17.0729 0 -0.294468 1 0 0 0 1 0 0 0 1  0 0 0.0158287 0 0 0
19.61 17.0729 0 -0.29431 1 0 0 0 1 0 0 0 1  0 0 0.0157097 0 0 0
19.62 17.0729 0 -0.294153 1 0 0 0 1 0 0 0 1  0 0 0.0156335 0 0 0
19.63 17.0729 0 -0.293998 1 0 0 0 1 0 0 0 1  0 0 0.0154437 0 0 0
19.64 17.0729 0 -0.293844 1 0 0 0 1 0 0 0 1  0 0 0.0153598 0 0 0
19.65 17.0729 0 -0.293691 1 0 0 0 1 0 0 0 1  0 0 0.0151817 0 0 0
19.66 17.0729 0 -0.29354 1 0 0 0 1 0 0 0 1  0 0 0.015037 0 0 0
19.67 17.0729 0 -0.293391 1 0 0 0 1 0 0 0 1  0 0 0.0148897 0 0 0
19.68 17.0729 0 -0.293243 1 0 0 0 1 0 0 0 1  0 0 0.0146999 0 0 0
19.69 17.0729 0 -0.293096 1 0 0 0 1 0 0 0 1  0 0 0.0145524 0 0 0
19.7 17.0729 0 -0.29296 1 0 0 0 1 0 0 0 1  0 0 0.0133973 0 0 0
19.71 17.0729 0 -0.292812 1 0 0 0 1 0 0 0 1  0 0 0.0147129 0 0 0
19.72 17.0729 0 -0.292681 1 0 0 0 1 0 0 0 1  0 0 0.0130102 0 0 0
19.73 17.0729 0 -0.292541 1 0 0 0 1 0 0 0 1  0 0 0.0138569 0 0 0
19.74 17.0729 0 -0.292409 1 0 0 0 1 0 0 0 1  0 0 0.0132338 0 0 0
19.75 17.0729 0 -0.292278 1 0 0 0 1 0 0 0 1  0 0 0.0128578 0 0 0
19.76 17.0729 0 -0.292146 1 0 0 0 1 0 0 0 1  0 0 0.0131997 0 0 0
19.77 17.0729 0 -0.292021 1 0 0 0 1 0 0 0 1  0 0 0.0124102 0 0 0
19.78 17.0729 0 -0.291893 1 0 0 0 1 0 0 0 1  0 0 0.0126433 0 0 0
19.79 17.0729 0 -0.29177 1 0 0 0 1 0 0 0 1  0 0 0.0122144 0 0 0
19.8 17.0729 0 -0.291649 1 0 0 0 1 0 0 0 1  0 0 0.0120085 0 0 0
19.81 17.0729 0 -0.291528 1 0 0 0 1 0 0 0 1  0 0 0.011942 0 0 0
19.82 17.0729 0 -0.291412 1 0 0 0 1 0 0 0 1  0 0 0.0115053 0 0 0
19.83 17.0729 0 -0.291296 1 0 0 0 1 0 0 0 1  0 0 0.0114818 0 0 0
19.84 17.0729 0 -0.291184 1 0 0 0 1 0 0 0 1  0 0 0.0111206 0 0 0
19.85 17.0729 0 -0.291073 1 0 0 0 1 0 0 0 1  0 0 0.0109376 0 0 0
19.86 17.0729 0 -0.290965 1 0 0 0 1 0 0 0 1  0 0 0.0107332 0 0 0
19.87 17.0729 0 -0.29086 1 0 0 0 1 0 0 0 1  0 0 0.010429 0 0 0
19.88 17.0729 0 -0.290756 1 0 0 0 1 0 0 0 1  0 0 0.010269 0 0 0
19.89 17.0729 0 -0.290654 1 0 0 0 1 0 0 0 1  0 0 0.0100588 0 0 0
19.9 17.0729 0 -0.290555 1 0 0 0 1 0 0 0 1  0 0 0.00976245 0 0 0
19.91 17.0729 0 -0.290458 1 0 0 0 1 0 0 0 1  0 0 0.00962409 0 0 0
19.92 17.0729 0 -0.290363 1 0 0 0 1 0 0 0 1  0 0 0.00934908 0 0 0
19.93 17.0729 0 -0.290271 1 0 0 0 1 0 0 0 1  0 0 0.00911474 0 0 0
19.94 17.0729 0 -0.290181 1 0 0 0 1 0 0 0 1  0 0 0.00891161 0 0 0
19.95 17.0729 0 -0.290093 1 0 0 0 1 0 0 0 1  0 0 0.00862054 0 0 0
19.96 17.0729 0 -0.290008 1 0 0 0 1 0 0 0 1  0 0 0.00842258 0 0 0
19.97 17.0729 0 -0.289925 1 0 0 0 1 0 0 0 1  0 0 0.00815568 0 0 0
19.98 17.0729 0 -0.289845 1 0 0 0 1 0 0 0 1  0 0 0.00792044 0 0 0
19.99 17.0729 0 -0.289766 1 0 0 0 1 0 0 0 1  0 0 0.0077308 0 0 0
20 17.0729 0 -0.289691 1 0 0 0 1 0 0 0 1  0 0 0.00742134 0 0 0
