*************************Generated by extractQP.sh*************************
*      Wed Jan  8 12:38:23 MST 2025. Case: 
* Note: Outputs can be visualized with plotQP.py
***************************************************************************
Time(s) p0(Pa) p1(Pa) Q(m3/s)
0.01 -7.801223e+00 -5.907536e+00 -3.357947e-03
0.02 -1.449858e+01 -8.212793e+00 -1.123179e-02
0.03 -1.801669e+01 -7.882195e+00 -1.843239e-02
0.04 -1.937566e+01 -7.655343e+00 -2.340873e-02
0.05 -2.300604e+01 -7.788952e+00 -2.884930e-02
0.06 -2.658165e+01 -8.204427e+00 -3.479228e-02
0.07 -3.003474e+01 -8.465139e+00 -4.050087e-02
0.08 -3.226799e+01 -8.645678e+00 -4.597161e-02
0.09 -3.569552e+01 -8.938976e+00 -5.139439e-02
0.1 -3.901806e+01 -9.364368e+00 -5.680864e-02
0.11 -4.224844e+01 -9.735669e+00 -6.208846e-02
0.12 -4.547071e+01 -1.033340e+01 -6.729359e-02
0.13 -4.878247e+01 -1.089787e+01 -7.240550e-02
0.14 -5.162061e+01 -1.128086e+01 -7.736432e-02
0.15 -5.483910e+01 -1.190794e+01 -8.219603e-02
0.16 -5.799678e+01 -1.258216e+01 -8.693783e-02
0.17 -6.097222e+01 -1.321718e+01 -9.155750e-02
0.18 -6.355752e+01 -1.379985e+01 -9.605256e-02
0.19 -6.651443e+01 -1.450476e+01 -1.004438e-01
0.2 -6.970165e+01 -1.518492e+01 -1.047438e-01
0.21 -7.244091e+01 -1.582087e+01 -1.089310e-01
0.22 -7.527169e+01 -1.649753e+01 -1.130060e-01
0.23 -7.804757e+01 -1.717288e+01 -1.170054e-01
0.24 -8.076636e+01 -1.786324e+01 -1.209098e-01
0.25 -8.344461e+01 -1.859637e+01 -1.247342e-01
0.26 -8.607468e+01 -1.930801e+01 -1.284282e-01
0.27 -8.868346e+01 -2.001657e+01 -1.320482e-01
0.28 -9.119690e+01 -2.071295e+01 -1.355900e-01
0.29 -9.373320e+01 -2.139176e+01 -1.391182e-01
0.3 -9.608054e+01 -2.217570e+01 -1.426279e-01
0.31 -9.857349e+01 -2.290415e+01 -1.459903e-01
0.32 -1.009057e+02 -2.356895e+01 -1.491852e-01
0.33 -1.035296e+02 -2.431529e+01 -1.523740e-01
0.34 -1.058747e+02 -2.503035e+01 -1.555200e-01
0.35 -1.082188e+02 -2.578828e+01 -1.585773e-01
0.36 -1.103784e+02 -2.649818e+01 -1.614342e-01
0.37 -1.124638e+02 -2.714915e+01 -1.641628e-01
0.38 -1.144623e+02 -2.774581e+01 -1.668599e-01
0.39 -1.167534e+02 -2.860707e+01 -1.695860e-01
0.4 -1.186231e+02 -2.911999e+01 -1.722067e-01
0.41 -1.205837e+02 -2.977791e+01 -1.747201e-01
0.42 -1.225701e+02 -3.048422e+01 -1.771752e-01
0.43 -1.243550e+02 -3.102201e+01 -1.795782e-01
0.44 -1.264255e+02 -3.179453e+01 -1.820395e-01
0.45 -1.282448e+02 -3.239169e+01 -1.844282e-01
0.46 -1.302248e+02 -3.307730e+01 -1.868571e-01
0.47 -1.321926e+02 -3.389206e+01 -1.890292e-01
0.48 -1.337477e+02 -3.450252e+01 -1.909226e-01
0.49 -1.344109e+02 -3.444222e+01 -1.924801e-01
0.5 -1.365564e+02 -3.534128e+01 -1.946456e-01
0.51 -1.382258e+02 -3.599893e+01 -1.968402e-01
0.52 -1.399118e+02 -3.657518e+01 -1.987727e-01
0.53 -1.412287e+02 -3.706087e+01 -2.005190e-01
0.54 -1.430176e+02 -3.785498e+01 -2.022272e-01
0.55 -1.437901e+02 -3.802700e+01 -2.035116e-01
0.56 -1.448661e+02 -3.839056e+01 -2.048536e-01
0.57 -1.460697e+02 -3.885059e+01 -2.062889e-01
0.58 -1.472953e+02 -3.931551e+01 -2.077281e-01
0.59 -1.486000e+02 -3.988806e+01 -2.090854e-01
0.6 -1.490234e+02 -3.987479e+01 -2.100692e-01
0.61 -1.502822e+02 -4.041819e+01 -2.113037e-01
0.62 -1.515291e+02 -4.106404e+01 -2.125045e-01
0.63 -1.514655e+02 -4.077983e+01 -2.131041e-01
0.64 -1.526776e+02 -4.132946e+01 -2.142254e-01
0.65 -1.538870e+02 -4.185733e+01 -2.155001e-01
0.66 -1.545744e+02 -4.202003e+01 -2.165130e-01
0.67 -1.554387e+02 -4.243364e+01 -2.173987e-01
0.68 -1.560519e+02 -4.262971e+01 -2.182070e-01
0.69 -1.566173e+02 -4.278554e+01 -2.189529e-01
0.7 -1.571698e+02 -4.303010e+01 -2.195963e-01
0.71 -1.577634e+02 -4.332502e+01 -2.202077e-01
0.72 -1.580578e+02 -4.333580e+01 -2.206394e-01
0.73 -1.585538e+02 -4.363475e+01 -2.212278e-01
0.74 -1.590693e+02 -4.381517e+01 -2.217249e-01
0.75 -1.592301e+02 -4.385821e+01 -2.219695e-01
0.76 -1.592788e+02 -4.381215e+01 -2.221414e-01
0.77 -1.596629e+02 -4.405418e+01 -2.224695e-01
0.78 -1.599042e+02 -4.411052e+01 -2.227444e-01
0.79 -1.600733e+02 -4.421164e+01 -2.229167e-01
0.8 -1.600474e+02 -4.414361e+01 -2.229728e-01
0.81 -1.600989e+02 -4.418767e+01 -2.230090e-01
0.82 -1.601832e+02 -4.425622e+01 -2.230270e-01
0.83 -1.598859e+02 -4.406774e+01 -2.228351e-01
0.84 -1.599398e+02 -4.417125e+01 -2.227233e-01
0.85 -1.599436e+02 -4.417973e+01 -2.227067e-01
0.86 -1.597450e+02 -4.407120e+01 -2.225473e-01
0.87 -1.594874e+02 -4.394392e+01 -2.223122e-01
0.88 -1.593208e+02 -4.388452e+01 -2.221054e-01
0.89 -1.592833e+02 -4.392139e+01 -2.219403e-01
0.9 -1.588933e+02 -4.370263e+01 -2.216209e-01
0.91 -1.586868e+02 -4.366170e+01 -2.213140e-01
0.92 -1.583704e+02 -4.352986e+01 -2.209649e-01
0.93 -1.580573e+02 -4.339806e+01 -2.205699e-01
0.94 -1.576175e+02 -4.322550e+01 -2.201268e-01
0.95 -1.574117e+02 -4.318787e+01 -2.197712e-01
0.96 -1.571072e+02 -4.311336e+01 -2.193423e-01
0.97 -1.566867e+02 -4.292834e+01 -2.188805e-01
0.98 -1.562464e+02 -4.273044e+01 -2.184114e-01
0.99 -1.558093e+02 -4.254382e+01 -2.179431e-01
1 -1.555601e+02 -4.248765e+01 -2.175683e-01
1.01 -1.552118e+02 -4.237599e+01 -2.170800e-01
1.02 -1.543420e+02 -4.192257e+01 -2.163443e-01
1.03 -1.541100e+02 -4.194148e+01 -2.158108e-01
1.04 -1.536379e+02 -4.177343e+01 -2.152514e-01
1.05 -1.530919e+02 -4.155228e+01 -2.146303e-01
1.06 -1.526397e+02 -4.140157e+01 -2.140191e-01
1.07 -1.518566e+02 -4.103187e+01 -2.132325e-01
1.08 -1.511370e+02 -4.071071e+01 -2.124519e-01
1.09 -1.508731e+02 -4.077803e+01 -2.118939e-01
1.1 -1.504916e+02 -4.063727e+01 -2.113536e-01
1.11 -1.497258e+02 -4.030490e+01 -2.105522e-01
1.12 -1.490061e+02 -3.999616e+01 -2.097320e-01
1.13 -1.483656e+02 -3.975312e+01 -2.089943e-01
1.14 -1.477418e+02 -3.949129e+01 -2.082881e-01
1.15 -1.468067e+02 -3.906583e+01 -2.073600e-01
1.16 -1.461510e+02 -3.886700e+01 -2.064546e-01
1.17 -1.454811e+02 -3.862475e+01 -2.055946e-01
1.18 -1.449707e+02 -3.850915e+01 -2.048175e-01
1.19 -1.441823e+02 -3.821249e+01 -2.039411e-01
1.2 -1.432993e+02 -3.786184e+01 -2.029474e-01
1.21 -1.425586e+02 -3.760503e+01 -2.019948e-01
1.22 -1.416720e+02 -3.721687e+01 -2.010163e-01
1.23 -1.405780e+02 -3.674241e+01 -1.998129e-01
1.24 -1.397582e+02 -3.651763e+01 -1.986720e-01
1.25 -1.388995e+02 -3.620294e+01 -1.975922e-01
1.26 -1.378334e+02 -3.578739e+01 -1.964444e-01
1.27 -1.369251e+02 -3.547044e+01 -1.952955e-01
1.28 -1.357765e+02 -3.490770e+01 -1.940212e-01
1.29 -1.350079e+02 -3.491110e+01 -1.928847e-01
1.3 -1.339360e+02 -3.440121e+01 -1.916192e-01
1.31 -1.323957e+02 -3.359179e+01 -1.901496e-01
1.32 -1.317401e+02 -3.355904e+01 -1.889450e-01
1.33 -1.307273e+02 -3.322094e+01 -1.876512e-01
1.34 -1.297217e+02 -3.287562e+01 -1.863888e-01
1.35 -1.284337e+02 -3.241211e+01 -1.849021e-01
1.36 -1.271790e+02 -3.194694e+01 -1.833771e-01
1.37 -1.259393e+02 -3.152396e+01 -1.818155e-01
1.38 -1.245930e+02 -3.103441e+01 -1.801894e-01
1.39 -1.233046e+02 -3.060431e+01 -1.785406e-01
1.4 -1.219246e+02 -3.010961e+01 -1.768408e-01
1.41 -1.205964e+02 -2.962157e+01 -1.750962e-01
1.42 -1.191980e+02 -2.918322e+01 -1.733385e-01
1.43 -1.177105e+02 -2.867982e+01 -1.715090e-01
1.44 -1.166741e+02 -2.855111e+01 -1.697148e-01
1.45 -1.146677e+02 -2.759186e+01 -1.675959e-01
1.46 -1.132021e+02 -2.729499e+01 -1.656113e-01
1.47 -1.116259e+02 -2.664700e+01 -1.636274e-01
1.48 -1.100136e+02 -2.611551e+01 -1.615850e-01
1.49 -1.084116e+02 -2.555857e+01 -1.594866e-01
1.5 -1.067577e+02 -2.504026e+01 -1.573656e-01
1.51 -1.050049e+02 -2.448364e+01 -1.551974e-01
1.52 -1.033998e+02 -2.392540e+01 -1.529707e-01
1.53 -1.017079e+02 -2.345588e+01 -1.507440e-01
1.54 -9.998024e+01 -2.289160e+01 -1.484684e-01
1.55 -9.818780e+01 -2.232509e+01 -1.461316e-01
1.56 -9.617716e+01 -2.161095e+01 -1.437081e-01
1.57 -9.458068e+01 -2.120553e+01 -1.413635e-01
1.58 -9.287022e+01 -2.075559e+01 -1.389721e-01
1.59 -9.101527e+01 -2.016451e+01 -1.365002e-01
1.6 -8.917997e+01 -1.967710e+01 -1.339825e-01
1.61 -8.724002e+01 -1.907072e+01 -1.313786e-01
1.62 -8.554299e+01 -1.868922e+01 -1.288645e-01
1.63 -8.358924e+01 -1.806055e+01 -1.263125e-01
1.64 -8.180217e+01 -1.761312e+01 -1.237592e-01
1.65 -7.991975e+01 -1.707515e+01 -1.211755e-01
1.66 -7.815927e+01 -1.666344e+01 -1.186092e-01
1.67 -7.626320e+01 -1.609490e+01 -1.160009e-01
1.68 -7.453337e+01 -1.573484e+01 -1.134099e-01
1.69 -7.305490e+01 -1.550794e+01 -1.109028e-01
1.7 -7.103217e+01 -1.491532e+01 -1.082538e-01
1.71 -6.905241e+01 -1.442168e+01 -1.056123e-01
1.72 -6.737394e+01 -1.398140e+01 -1.029864e-01
1.73 -6.559380e+01 -1.360839e+01 -1.003796e-01
1.74 -6.388074e+01 -1.316100e+01 -9.775017e-02
1.75 -6.205465e+01 -1.279501e+01 -9.510689e-02
1.76 -6.024092e+01 -1.235214e+01 -9.245781e-02
1.77 -5.847784e+01 -1.198782e+01 -8.979694e-02
1.78 -5.671097e+01 -1.159298e+01 -8.715771e-02
1.79 -5.500802e+01 -1.124738e+01 -8.453633e-02
1.8 -5.318154e+01 -1.096859e+01 -8.195202e-02
1.81 -5.143379e+01 -1.057577e+01 -7.934184e-02
1.82 -4.942199e+01 -1.027556e+01 -7.673044e-02
1.83 -4.845732e+01 -9.996540e+00 -7.416824e-02
1.84 -4.654432e+01 -9.693093e+00 -7.160865e-02
1.85 -4.499708e+01 -9.424847e+00 -6.905111e-02
1.86 -4.340877e+01 -9.170608e+00 -6.648560e-02
1.87 -4.191702e+01 -9.035933e+00 -6.399817e-02
1.88 -4.037470e+01 -8.737423e+00 -6.147173e-02
1.89 -3.878811e+01 -8.415694e+00 -5.891346e-02
1.9 -3.718519e+01 -8.209321e+00 -5.641126e-02
1.91 -3.572732e+01 -7.948589e+00 -5.391853e-02
1.92 -3.427983e+01 -7.753540e+00 -5.142024e-02
1.93 -3.274062e+01 -7.507898e+00 -4.892562e-02
1.94 -3.136029e+01 -7.384651e+00 -4.648454e-02
1.95 -3.004333e+01 -7.156383e+00 -4.402795e-02
1.96 -2.857030e+01 -6.943383e+00 -4.156399e-02
1.97 -2.724460e+01 -6.797412e+00 -3.913395e-02
1.98 -2.593621e+01 -6.730103e+00 -3.673969e-02
1.99 -2.361364e+01 -6.036442e+00 -3.412887e-02
2 -2.244763e+01 -6.187996e+00 -3.179687e-02
2.01 -2.111809e+01 -6.048143e+00 -2.943907e-02
2.02 -2.065548e+01 -5.957841e+00 -2.702478e-02
2.03 -1.808419e+01 -5.861247e+00 -2.463686e-02
2.04 -1.743691e+01 -5.801550e+00 -2.230406e-02
2.05 -1.704010e+01 -5.851824e+00 -2.022266e-02
2.06 -1.499904e+01 -5.691643e+00 -1.786774e-02
2.07 -1.407914e+01 -5.629979e+00 -1.553934e-02
2.08 -1.266760e+01 -5.573941e+00 -1.324591e-02
2.09 -1.169556e+01 -5.522214e+00 -1.096954e-02
2.1 -1.032221e+01 -5.525539e+00 -8.721439e-03
2.11 -8.906607e+00 -5.380295e+00 -6.406742e-03
2.12 -7.303730e+00 -5.500192e+00 -4.148775e-03
2.13 -6.026627e+00 -5.306260e+00 -1.737643e-03
2.14 -4.908815e+00 -5.359461e+00 4.854202e-04
2.15 -4.891032e+00 -5.299977e+00 2.688020e-03
2.16 -3.098488e+00 -5.323810e+00 4.857824e-03
2.17 -1.755694e+00 -5.225980e+00 7.033872e-03
2.18 -3.065254e-01 -5.212415e+00 9.205842e-03
2.19 5.765034e-01 -5.180489e+00 1.136978e-02
2.2 1.695967e+00 -5.216100e+00 1.348832e-02
2.21 3.042170e+00 -5.305191e+00 1.552576e-02
2.22 3.656757e+00 -5.447944e+00 1.751467e-02
2.23 4.725771e+00 -5.251215e+00 1.956482e-02
2.24 6.053202e+00 -5.215255e+00 2.163059e-02
2.25 7.279597e+00 -5.148643e+00 2.367260e-02
2.26 8.438972e+00 -5.133933e+00 2.568861e-02
2.27 9.456644e+00 -5.077119e+00 2.772992e-02
2.28 1.045656e+01 -5.067468e+00 2.970580e-02
2.29 1.135295e+01 -4.989851e+00 3.167180e-02
2.3 1.254471e+01 -4.953618e+00 3.360973e-02
2.31 1.302471e+01 -4.886307e+00 3.553503e-02
2.32 1.446029e+01 -4.876331e+00 3.741730e-02
2.33 1.562127e+01 -4.777822e+00 3.931069e-02
2.34 1.659899e+01 -4.743128e+00 4.115757e-02
2.35 1.762885e+01 -4.630254e+00 4.302017e-02
2.36 1.857866e+01 -4.598566e+00 4.480421e-02
2.37 1.952521e+01 -4.471633e+00 4.658333e-02
2.38 2.042029e+01 -4.407063e+00 4.830282e-02
2.39 2.155589e+01 -4.290474e+00 4.999669e-02
2.4 2.226779e+01 -4.329502e+00 5.158406e-02
2.41 2.328005e+01 -4.160375e+00 5.320558e-02
2.42 2.437191e+01 -4.046244e+00 5.479769e-02
2.43 2.505277e+01 -3.976647e+00 5.633715e-02
2.44 2.582512e+01 -3.837312e+00 5.784359e-02
2.45 2.699064e+01 -3.715922e+00 5.930663e-02
2.46 2.777240e+01 -3.582548e+00 6.072732e-02
2.47 2.862080e+01 -3.439642e+00 6.211581e-02
2.48 2.947582e+01 -3.298878e+00 6.346384e-02
2.49 3.025928e+01 -3.183249e+00 6.475170e-02
2.5 3.095443e+01 -3.126611e+00 6.595877e-02
2.51 3.175455e+01 -2.941771e+00 6.715925e-02
2.52 3.251169e+01 -2.769269e+00 6.831326e-02
2.53 3.260387e+01 -2.698113e+00 6.939047e-02
2.54 3.382510e+01 -2.538638e+00 7.044926e-02
2.55 3.409340e+01 -2.454062e+00 7.145876e-02
2.56 3.500163e+01 -2.318045e+00 7.241888e-02
2.57 3.559918e+01 -2.223838e+00 7.332720e-02
2.58 3.608605e+01 -2.103423e+00 7.419038e-02
2.59 3.673506e+01 -1.991407e+00 7.498920e-02
2.6 3.722500e+01 -1.897623e+00 7.573371e-02
2.61 3.762263e+01 -1.833197e+00 7.641405e-02
2.62 3.800168e+01 -1.752798e+00 7.704626e-02
2.63 3.815815e+01 -1.697325e+00 7.762123e-02
2.64 3.849619e+01 -1.630871e+00 7.814427e-02
2.65 3.879501e+01 -1.556164e+00 7.861395e-02
2.66 3.911067e+01 -1.508464e+00 7.903026e-02
2.67 3.935079e+01 -1.439957e+00 7.939078e-02
2.68 3.960140e+01 -1.390865e+00 7.969891e-02
2.69 3.976752e+01 -1.350114e+00 7.995178e-02
2.7 3.993031e+01 -1.316648e+00 8.014760e-02
2.71 4.019267e+01 -1.211386e+00 8.031299e-02
2.72 4.026439e+01 -1.194365e+00 8.040081e-02
2.73 4.028402e+01 -1.172313e+00 8.043749e-02
2.74 4.027642e+01 -1.160051e+00 8.043163e-02
2.75 4.019103e+01 -1.189706e+00 8.035559e-02
2.76 4.018127e+01 -1.202314e+00 8.023856e-02
2.77 4.012020e+01 -1.220773e+00 8.007166e-02
2.78 4.004317e+01 -1.249006e+00 7.985093e-02
2.79 3.992095e+01 -1.277227e+00 7.958190e-02
2.8 3.978250e+01 -1.324467e+00 7.926164e-02
2.81 3.960280e+01 -1.371418e+00 7.889473e-02
2.82 3.918504e+01 -1.362989e+00 7.847974e-02
2.83 3.907727e+01 -1.478972e+00 7.801351e-02
2.84 3.861405e+01 -1.473781e+00 7.753218e-02
2.85 3.801339e+01 -1.573625e+00 7.698748e-02
2.86 3.765822e+01 -1.636498e+00 7.640469e-02
2.87 3.740509e+01 -1.632532e+00 7.580078e-02
2.88 3.691188e+01 -1.765811e+00 7.511331e-02
2.89 3.647163e+01 -1.842837e+00 7.439145e-02
2.9 3.579716e+01 -2.086365e+00 7.359090e-02
2.91 3.536580e+01 -2.068947e+00 7.282992e-02
2.92 3.512475e+01 -2.116140e+00 7.202501e-02
2.93 3.432737e+01 -2.216392e+00 7.117065e-02
2.94 3.409384e+01 -1.982812e+00 7.039392e-02
2.95 3.313855e+01 -2.773971e+00 6.928644e-02
2.96 3.267323e+01 -2.445363e+00 6.834063e-02
2.97 3.213720e+01 -2.527311e+00 6.740627e-02
2.98 3.148710e+01 -2.674971e+00 6.639890e-02
2.99 3.087675e+01 -2.688302e+00 6.540479e-02
3 3.010941e+01 -3.024052e+00 6.429066e-02
3.01 2.949249e+01 -2.995615e+00 6.321614e-02
3.02 2.882746e+01 -3.107945e+00 6.210500e-02
3.03 2.809144e+01 -3.229573e+00 6.096948e-02
3.04 2.740415e+01 -3.331012e+00 5.983144e-02
3.05 2.618294e+01 -3.881533e+00 5.855167e-02
3.06 2.578831e+01 -3.731478e+00 5.745365e-02
3.07 2.510571e+01 -3.811475e+00 5.630649e-02
3.08 2.438823e+01 -3.892381e+00 5.507377e-02
3.09 2.362868e+01 -3.995345e+00 5.382457e-02
3.1 2.292549e+01 -4.067004e+00 5.258741e-02
3.11 2.212292e+01 -4.205985e+00 5.132615e-02
3.12 2.131751e+01 -4.273930e+00 5.006789e-02
3.13 2.081827e+01 -4.223041e+00 4.883558e-02
3.14 1.996692e+01 -4.439975e+00 4.755087e-02
3.15 1.917121e+01 -4.562783e+00 4.624516e-02
3.16 1.818369e+01 -4.626501e+00 4.495876e-02
3.17 1.760848e+01 -4.731181e+00 4.365924e-02
3.18 1.650523e+01 -4.936858e+00 4.233323e-02
3.19 1.607800e+01 -4.966801e+00 4.106016e-02
3.2 1.538578e+01 -5.000412e+00 3.979046e-02
3.21 1.449209e+01 -5.107275e+00 3.845059e-02
3.22 1.379620e+01 -5.156762e+00 3.715324e-02
3.23 1.338026e+01 -5.228859e+00 3.586781e-02
3.24 1.237132e+01 -5.305746e+00 3.459027e-02
3.25 1.190713e+01 -5.369554e+00 3.330110e-02
3.26 1.125339e+01 -5.412008e+00 3.203833e-02
3.27 1.017550e+01 -5.479934e+00 3.077410e-02
3.28 9.461395e+00 -5.543273e+00 2.952045e-02
3.29 8.813091e+00 -5.592843e+00 2.828120e-02
3.3 8.121654e+00 -5.664954e+00 2.704476e-02
3.31 7.525819e+00 -5.718409e+00 2.581871e-02
3.32 6.730673e+00 -5.773804e+00 2.459578e-02
3.33 6.100566e+00 -5.781942e+00 2.342725e-02
3.34 5.510656e+00 -5.826814e+00 2.226201e-02
3.35 4.883209e+00 -5.879000e+00 2.109720e-02
3.36 4.208643e+00 -5.947413e+00 2.001997e-02
3.37 3.493207e+00 -5.984818e+00 1.883034e-02
3.38 2.883382e+00 -6.067841e+00 1.765763e-02
3.39 2.323936e+00 -6.039827e+00 1.657035e-02
3.4 1.880271e+00 -6.074679e+00 1.551781e-02
3.41 1.539888e+00 -6.111750e+00 1.444032e-02
3.42 1.026634e+00 -6.137318e+00 1.337972e-02
3.43 5.184458e-01 -6.163822e+00 1.236908e-02
3.44 5.512664e-03 -6.187587e+00 1.137445e-02
3.45 -9.428389e-01 -6.185864e+00 1.038842e-02
3.46 -1.259552e+00 -6.213455e+00 9.421129e-03
3.47 -1.970978e+00 -6.206157e+00 8.486170e-03
3.48 -2.441469e+00 -6.247442e+00 7.547696e-03
3.49 -2.977441e+00 -6.237187e+00 6.639013e-03
3.5 -3.452847e+00 -6.272471e+00 5.745944e-03
3.51 -3.897635e+00 -6.255284e+00 4.883193e-03
3.52 -4.371529e+00 -6.308561e+00 4.021207e-03
3.53 -4.773829e+00 -6.278443e+00 3.208161e-03
3.54 -5.083866e+00 -6.284844e+00 2.420306e-03
3.55 -5.596744e+00 -6.293116e+00 1.614485e-03
3.56 -5.894944e+00 -6.331139e+00 8.054697e-04
3.57 -6.295831e+00 -6.320223e+00 5.030458e-05
3.58 -6.096953e+00 -6.355932e+00 -7.008247e-04
3.59 -6.628367e+00 -6.346961e+00 -1.435261e-03
3.6 -7.568403e+00 -6.327172e+00 -2.157983e-03
3.61 -7.919196e+00 -6.347120e+00 -2.856581e-03
3.62 -8.184088e+00 -6.305032e+00 -3.447634e-03
3.63 -8.593161e+00 -6.375191e+00 -4.110408e-03
3.64 -8.876181e+00 -6.333998e+00 -4.738631e-03
3.65 -9.141060e+00 -6.368162e+00 -5.363219e-03
3.66 -9.500152e+00 -6.336095e+00 -5.951643e-03
3.67 -9.596330e+00 -6.371854e+00 -6.538882e-03
3.68 -1.009017e+01 -6.340018e+00 -7.089968e-03
3.69 -1.034364e+01 -6.380391e+00 -7.644376e-03
3.7 -1.057134e+01 -6.352945e+00 -8.167703e-03
3.71 -1.086728e+01 -6.401973e+00 -8.685175e-03
3.72 -1.096464e+01 -6.353193e+00 -9.155236e-03
3.73 -1.118666e+01 -6.377234e+00 -9.614735e-03
3.74 -1.128729e+01 -6.357728e+00 -1.004827e-02
3.75 -1.162164e+01 -6.369319e+00 -1.046474e-02
3.76 -1.193152e+01 -6.392623e+00 -1.085684e-02
3.77 -1.214724e+01 -6.400643e+00 -1.124055e-02
3.78 -1.234537e+01 -6.384851e+00 -1.159000e-02
3.79 -1.244736e+01 -6.380432e+00 -1.191908e-02
3.8 -1.266222e+01 -6.382883e+00 -1.223133e-02
3.81 -1.281272e+01 -6.363495e+00 -1.251700e-02
3.82 -1.292638e+01 -6.371688e+00 -1.279111e-02
3.83 -1.308625e+01 -6.356350e+00 -1.303709e-02
3.84 -1.315401e+01 -6.364983e+00 -1.326604e-02
3.85 -1.330323e+01 -6.349903e+00 -1.347178e-02
3.86 -1.338099e+01 -6.360670e+00 -1.366451e-02
3.87 -1.345193e+01 -6.343471e+00 -1.383123e-02
3.88 -1.353253e+01 -6.348570e+00 -1.397986e-02
3.89 -1.357077e+01 -6.325132e+00 -1.409942e-02
3.9 -1.366547e+01 -6.358122e+00 -1.421626e-02
3.91 -1.373099e+01 -6.339961e+00 -1.433882e-02
3.92 -1.377211e+01 -6.351876e+00 -1.442207e-02
3.93 -1.375058e+01 -6.306470e+00 -1.445449e-02
3.94 -1.375780e+01 -6.311519e+00 -1.447833e-02
3.95 -1.374586e+01 -6.289971e+00 -1.448789e-02
3.96 -1.375189e+01 -6.322798e+00 -1.447766e-02
3.97 -1.369292e+01 -6.274433e+00 -1.442790e-02
3.98 -1.369283e+01 -6.267472e+00 -1.437024e-02
3.99 -1.358601e+01 -6.248421e+00 -1.428250e-02
4 -1.356278e+01 -6.260712e+00 -1.421990e-02
4.01 -1.351359e+01 -6.253003e+00 -1.411854e-02
4.02 -1.343324e+01 -6.244698e+00 -1.398971e-02
4.03 -1.334570e+01 -6.236130e+00 -1.384573e-02
4.04 -1.326649e+01 -6.226781e+00 -1.368649e-02
4.05 -1.313892e+01 -6.206873e+00 -1.350538e-02
4.06 -1.326927e+01 -6.439453e+00 -1.340885e-02
4.07 -1.305184e+01 -6.270803e+00 -1.313280e-02
4.08 -1.282627e+01 -6.217188e+00 -1.285883e-02
4.09 -1.280849e+01 -6.232931e+00 -1.263164e-02
4.1 -1.244744e+01 -6.108802e+00 -1.237985e-02
4.11 -1.234645e+01 -6.107998e+00 -1.210379e-02
4.12 -1.220607e+01 -6.085262e+00 -1.180105e-02
4.13 -1.199049e+01 -6.067036e+00 -1.148419e-02
4.14 -1.231924e+01 -6.083665e+00 -1.115903e-02
4.15 -1.229909e+01 -6.053082e+00 -1.080868e-02
4.16 -1.191137e+01 -6.049165e+00 -1.045168e-02
4.17 -1.207331e+01 -6.023332e+00 -1.007883e-02
4.18 -1.176823e+01 -6.005120e+00 -9.703567e-03
4.19 -1.078442e+01 -5.994750e+00 -9.309185e-03
4.2 -1.151535e+01 -5.961321e+00 -8.892546e-03
4.21 -1.185091e+01 -5.956336e+00 -8.469222e-03
4.22 -1.105103e+01 -5.925380e+00 -8.028634e-03
4.23 -1.237593e+01 -5.908717e+00 -7.560785e-03
4.24 -1.074462e+01 -5.971792e+00 -7.124574e-03
4.25 -9.144786e+00 -5.930128e+00 -6.652240e-03
4.26 -9.379593e+00 -5.911084e+00 -6.180244e-03
4.27 -8.715589e+00 -5.871279e+00 -5.702384e-03
4.28 -8.650653e+00 -5.893358e+00 -5.229176e-03
4.29 -8.183807e+00 -5.852649e+00 -4.734655e-03
4.3 -8.134696e+00 -5.921328e+00 -4.257379e-03
4.31 -7.706039e+00 -5.822520e+00 -3.737144e-03
4.32 -7.523250e+00 -5.863234e+00 -3.234993e-03
4.33 -7.148741e+00 -5.829575e+00 -2.713727e-03
4.34 -7.470189e+00 -5.834403e+00 -2.199243e-03
4.35 -7.338370e+00 -5.806133e+00 -1.668187e-03
4.36 -6.969038e+00 -5.820820e+00 -1.137489e-03
4.37 -6.851966e+00 -5.788736e+00 -5.909054e-04
4.38 -6.445178e+00 -5.818771e+00 -5.318175e-05
4.39 -5.629871e+00 -5.797784e+00 4.902545e-04
4.4 -5.609889e+00 -5.764043e+00 1.042631e-03
4.41 -5.029077e+00 -5.768112e+00 1.597005e-03
4.42 -5.058862e+00 -5.795927e+00 2.143726e-03
4.43 -4.492586e+00 -5.764013e+00 2.705160e-03
4.44 -4.506428e+00 -5.791542e+00 3.258360e-03
4.45 -3.800824e+00 -5.778975e+00 3.801032e-03
4.46 -3.778074e+00 -5.854839e+00 4.326694e-03
4.47 -3.872043e+00 -5.765277e+00 4.886276e-03
4.48 -3.224846e+00 -5.779475e+00 5.427983e-03
4.49 -3.439277e+00 -5.784121e+00 5.953252e-03
4.5 -2.866874e+00 -5.785662e+00 6.493235e-03
4.51 -3.504399e+00 -5.976765e+00 6.967129e-03
4.52 -2.896294e+00 -5.749107e+00 7.517829e-03
4.53 -2.366576e+00 -5.699763e+00 8.064631e-03
4.54 -3.394688e+00 -5.658324e+00 8.607656e-03
4.55 -1.077883e+00 -5.415749e+00 9.195857e-03
4.56 -1.531458e+00 -5.491784e+00 9.752023e-03
4.57 -7.170957e-01 -5.549698e+00 1.027359e-02
4.58 -1.017556e+00 -5.553626e+00 1.081689e-02
4.59 -8.809625e-01 -5.576741e+00 1.134170e-02
4.6 -2.177941e+00 -5.572651e+00 1.188453e-02
4.61 -3.283281e-01 -5.579475e+00 1.239431e-02
4.62 -1.238596e+00 -5.547939e+00 1.290038e-02
4.63 3.189857e-01 -5.600782e+00 1.337420e-02
4.64 -9.874528e-01 -5.542345e+00 1.384473e-02
4.65 7.822558e-01 -5.597703e+00 1.429611e-02
4.66 4.412338e-01 -5.568863e+00 1.474640e-02
4.67 1.777079e-01 -5.547373e+00 1.518904e-02
4.68 7.389500e-01 -5.609328e+00 1.561117e-02
4.69 1.023612e+00 -5.609827e+00 1.602489e-02
4.7 1.373927e+00 -5.606373e+00 1.643985e-02
4.71 1.770786e+00 -5.600436e+00 1.684882e-02
4.72 2.266547e+00 -5.601179e+00 1.722878e-02
4.73 2.338569e+00 -5.614873e+00 1.758331e-02
4.74 2.860771e+00 -5.607919e+00 1.792669e-02
4.75 2.835889e+00 -5.573221e+00 1.825705e-02
4.76 3.352514e+00 -5.606813e+00 1.856587e-02
4.77 3.758861e+00 -5.602801e+00 1.886215e-02
4.78 1.579922e+00 -5.549611e+00 1.916088e-02
4.79 3.445133e+00 -5.762096e+00 1.936015e-02
4.8 3.815061e+00 -5.640997e+00 1.962581e-02
4.81 3.845259e+00 -5.583382e+00 1.987207e-02
4.82 4.300299e+00 -5.719805e+00 2.003685e-02
4.83 4.460846e+00 -5.619173e+00 2.024031e-02
4.84 4.562024e+00 -5.586800e+00 2.043423e-02
4.85 3.581966e+00 -5.558956e+00 2.061805e-02
4.86 4.294328e+00 -5.536642e+00 2.076581e-02
4.87 5.024036e+00 -5.544336e+00 2.090813e-02
4.88 5.185683e+00 -5.570712e+00 2.102120e-02
4.89 5.143944e+00 -5.606877e+00 2.096815e-02
4.9 5.199771e+00 -5.576762e+00 2.106002e-02
4.91 5.279877e+00 -5.525935e+00 2.114545e-02
4.92 5.251754e+00 -5.589901e+00 2.117955e-02
4.93 5.289901e+00 -5.547152e+00 2.121261e-02
4.94 5.278422e+00 -5.588402e+00 2.121761e-02
4.95 5.277863e+00 -5.561586e+00 2.121835e-02
4.96 5.247442e+00 -5.599466e+00 2.118353e-02
4.97 5.222933e+00 -5.576878e+00 2.114530e-02
4.98 5.173713e+00 -5.618936e+00 2.107310e-02
4.99 5.152255e+00 -5.613430e+00 2.098989e-02
5 5.033736e+00 -5.642063e+00 2.088516e-02
5.01 4.976627e+00 -5.630101e+00 2.077161e-02
5.02 4.912578e+00 -5.650516e+00 2.062844e-02
5.03 4.792934e+00 -5.663068e+00 2.047123e-02
5.04 4.780971e+00 -5.644542e+00 2.033329e-02
5.05 4.628921e+00 -5.689911e+00 2.014499e-02
5.06 4.504990e+00 -5.671895e+00 1.993501e-02
5.07 4.354909e+00 -5.710954e+00 1.970122e-02
5.08 4.238373e+00 -5.688059e+00 1.946469e-02
5.09 4.162998e+00 -5.738702e+00 1.918824e-02
5.1 4.020884e+00 -5.727809e+00 1.890388e-02
5.11 3.840623e+00 -5.735314e+00 1.859967e-02
5.12 3.785753e+00 -5.775446e+00 1.825643e-02
5.13 3.316179e+00 -5.767798e+00 1.791656e-02
5.14 3.321866e+00 -5.781183e+00 1.756040e-02
5.15 2.947836e+00 -5.790511e+00 1.716429e-02
5.16 2.719155e+00 -5.809823e+00 1.678328e-02
5.17 2.674915e+00 -5.827376e+00 1.637134e-02
5.18 2.291265e+00 -5.879708e+00 1.592081e-02
5.19 2.279240e+00 -5.863601e+00 1.547325e-02
5.2 1.735871e+00 -5.906852e+00 1.499594e-02
5.21 1.467866e+00 -5.885742e+00 1.451678e-02
5.22 1.300625e+00 -5.957356e+00 1.400168e-02
5.23 8.047572e-01 -5.922466e+00 1.349222e-02
5.24 6.045327e-01 -5.965815e+00 1.295011e-02
5.25 6.515311e-01 -5.971177e+00 1.239041e-02
5.26 -2.219910e-02 -5.996493e+00 1.176698e-02
5.27 -1.647399e-01 -5.997347e+00 1.116875e-02
5.28 -5.712217e-01 -6.050149e+00 1.054863e-02
5.29 -7.479999e-01 -6.050726e+00 9.931056e-03
5.3 -1.410197e+00 -6.081737e+00 9.287224e-03
5.31 -3.839570e-01 -6.024240e+00 8.644478e-03
5.32 -1.838738e+00 -6.087699e+00 7.952985e-03
5.33 -2.647264e+00 -6.081681e+00 7.271723e-03
5.34 -2.709244e+00 -6.133061e+00 6.579825e-03
5.35 -2.864157e+00 -6.147524e+00 5.907173e-03
5.36 -3.505525e+00 -6.187286e+00 5.200429e-03
5.37 -3.700772e+00 -6.183856e+00 4.488046e-03
5.38 -4.077825e+00 -6.220283e+00 3.756696e-03
5.39 -4.215116e+00 -6.239151e+00 3.021018e-03
5.4 -5.030788e+00 -6.266514e+00 2.271019e-03
5.41 -5.253621e+00 -6.253149e+00 1.527598e-03
5.42 -5.898525e+00 -6.279272e+00 7.658108e-04
5.43 -5.680910e+00 -6.302869e+00 -3.739766e-06
5.44 -6.486005e+00 -6.331900e+00 -7.703962e-04
5.45 -7.295302e+00 -6.299039e+00 -1.500720e-03
5.46 -7.206502e+00 -6.322406e+00 -2.261183e-03
5.47 -7.971727e+00 -6.273151e+00 -3.018755e-03
5.48 -8.432989e+00 -6.390129e+00 -3.831439e-03
5.49 -8.288057e+00 -6.376828e+00 -4.610462e-03
5.5 -8.985285e+00 -6.410527e+00 -5.384700e-03
5.51 -9.854810e+00 -6.385788e+00 -6.156153e-03
5.52 -8.516962e+00 -6.427909e+00 -6.957441e-03
5.53 -9.766699e+00 -6.441441e+00 -7.743251e-03
5.54 -8.441871e+00 -6.448662e+00 -8.534137e-03
5.55 -1.083450e+01 -6.457134e+00 -9.315121e-03
5.56 -9.987369e+00 -6.487344e+00 -1.008709e-02
5.57 -1.122121e+01 -6.518217e+00 -1.084404e-02
5.58 -1.039078e+01 -6.530913e+00 -1.160747e-02
5.59 -1.196972e+01 -6.575047e+00 -1.232567e-02
5.6 -1.137876e+01 -6.567122e+00 -1.308554e-02
5.61 -1.141954e+01 -6.583996e+00 -1.383376e-02
5.62 -1.325660e+01 -6.607189e+00 -1.456817e-02
5.63 -1.333139e+01 -6.614292e+00 -1.529659e-02
5.64 -1.308765e+01 -6.663541e+00 -1.602387e-02
5.65 -1.500014e+01 -6.679206e+00 -1.672064e-02
5.66 -1.517655e+01 -6.686988e+00 -1.740503e-02
5.67 -1.551124e+01 -6.715235e+00 -1.808164e-02
5.68 -1.591549e+01 -6.711901e+00 -1.873754e-02
5.69 -1.624754e+01 -6.742822e+00 -1.938782e-02
5.7 -1.671406e+01 -6.766255e+00 -2.003064e-02
5.71 -1.701232e+01 -6.783788e+00 -2.064941e-02
5.72 -1.748506e+01 -6.804428e+00 -2.125332e-02
5.73 -1.776456e+01 -6.824897e+00 -2.184124e-02
5.74 -1.824737e+01 -6.839560e+00 -2.241172e-02
5.75 -1.810431e+01 -6.946329e+00 -2.319223e-02
5.76 -1.890935e+01 -6.867722e+00 -2.370211e-02
5.77 -1.925303e+01 -6.900984e+00 -2.420224e-02
5.78 -1.964822e+01 -6.914268e+00 -2.467936e-02
5.79 -1.984080e+01 -6.932490e+00 -2.514577e-02
5.8 -2.012755e+01 -6.986894e+00 -2.560403e-02
5.81 -1.856701e+01 -7.001065e+00 -2.606448e-02
5.82 -2.023421e+01 -7.019201e+00 -2.649654e-02
5.83 -2.087754e+01 -7.017696e+00 -2.689670e-02
5.84 -2.111832e+01 -7.028890e+00 -2.728260e-02
5.85 -2.126997e+01 -7.023265e+00 -2.762064e-02
5.86 -2.147255e+01 -7.035738e+00 -2.793759e-02
5.87 -2.168385e+01 -7.062211e+00 -2.826668e-02
5.88 -2.068337e+01 -7.079500e+00 -2.860775e-02
5.89 -2.157921e+01 -7.083551e+00 -2.891202e-02
5.9 -2.072100e+01 -7.082183e+00 -2.920018e-02
5.91 -2.187694e+01 -7.095822e+00 -2.946632e-02
5.92 -2.160443e+01 -7.083364e+00 -2.971537e-02
5.93 -2.110445e+01 -7.099799e+00 -2.995214e-02
5.94 -2.263868e+01 -7.110723e+00 -3.015450e-02
5.95 -2.294083e+01 -7.121554e+00 -3.034378e-02
5.96 -2.288506e+01 -7.124147e+00 -3.050912e-02
5.97 -2.262170e+01 -7.127654e+00 -3.065588e-02
5.98 -2.309957e+01 -7.133053e+00 -3.078812e-02
5.99 -2.307762e+01 -7.138881e+00 -3.090309e-02
6 -2.310179e+01 -7.142567e+00 -3.099913e-02
6.01 -2.313633e+01 -7.118386e+00 -3.106673e-02
6.02 -2.316784e+01 -7.127594e+00 -3.112465e-02
6.03 -2.317534e+01 -7.105293e+00 -3.116225e-02
6.04 -2.318323e+01 -7.119908e+00 -3.118763e-02
6.05 -2.316810e+01 -7.093805e+00 -3.118521e-02
6.06 -2.318462e+01 -7.118578e+00 -3.119617e-02
6.07 -2.313924e+01 -7.083246e+00 -3.115247e-02
6.08 -2.313934e+01 -7.107187e+00 -3.112698e-02
6.09 -2.303440e+01 -7.053814e+00 -3.102364e-02
6.1 -2.299582e+01 -7.070694e+00 -3.093301e-02
6.11 -2.292543e+01 -7.048845e+00 -3.082980e-02
6.12 -2.286176e+01 -7.054152e+00 -3.071275e-02
6.13 -2.276447e+01 -7.018305e+00 -3.056864e-02
6.14 -2.267951e+01 -7.027162e+00 -3.041746e-02
6.15 -2.256882e+01 -6.992122e+00 -3.024638e-02
6.16 -2.247414e+01 -6.998304e+00 -3.006745e-02
6.17 -2.234486e+01 -6.966159e+00 -2.986718e-02
6.18 -2.221600e+01 -6.967244e+00 -2.965267e-02
6.19 -2.210389e+01 -6.940824e+00 -2.944653e-02
6.2 -2.206415e+01 -7.028492e+00 -2.922345e-02
6.21 -2.186274e+01 -6.954693e+00 -2.896551e-02
6.22 -2.166284e+01 -6.912748e+00 -2.869820e-02
6.23 -2.148620e+01 -6.858036e+00 -2.842368e-02
6.24 -2.131486e+01 -6.858311e+00 -2.813665e-02
6.25 -2.113245e+01 -6.812166e+00 -2.783048e-02
6.26 -2.098416e+01 -6.813479e+00 -2.752168e-02
6.27 -2.075964e+01 -6.776916e+00 -2.719086e-02
6.28 -2.058059e+01 -6.775336e+00 -2.685176e-02
6.29 -2.037281e+01 -6.750657e+00 -2.649895e-02
6.3 -2.019260e+01 -6.743563e+00 -2.614137e-02
6.31 -1.996336e+01 -6.705038e+00 -2.576678e-02
6.32 -1.975331e+01 -6.703595e+00 -2.539156e-02
6.33 -1.951440e+01 -6.661785e+00 -2.499453e-02
6.34 -1.930453e+01 -6.659332e+00 -2.459654e-02
6.35 -1.906089e+01 -6.635595e+00 -2.418047e-02
6.36 -1.881011e+01 -6.612290e+00 -2.376433e-02
6.37 -1.859872e+01 -6.584078e+00 -2.333152e-02
6.38 -1.829550e+01 -6.557915e+00 -2.289183e-02
6.39 -1.808068e+01 -6.548843e+00 -2.244666e-02
6.4 -1.779188e+01 -6.504656e+00 -2.198578e-02
6.41 -1.753830e+01 -6.499571e+00 -2.152218e-02
6.42 -1.729880e+01 -6.479490e+00 -2.106077e-02
6.43 -1.700003e+01 -6.458597e+00 -2.058305e-02
6.44 -1.676466e+01 -6.433258e+00 -2.011571e-02
6.45 -1.644405e+01 -6.411305e+00 -1.961982e-02
6.46 -1.678390e+01 -6.367671e+00 -1.909026e-02
6.47 -1.609443e+01 -6.366937e+00 -1.856835e-02
6.48 -1.560733e+01 -6.355549e+00 -1.805545e-02
6.49 -1.546639e+01 -6.344494e+00 -1.753561e-02
6.5 -1.500092e+01 -6.305898e+00 -1.699765e-02
6.51 -1.467254e+01 -6.284769e+00 -1.645749e-02
6.52 -1.438891e+01 -6.269937e+00 -1.591737e-02
6.53 -1.407237e+01 -6.240959e+00 -1.537383e-02
6.54 -1.387970e+01 -6.220991e+00 -1.481935e-02
6.55 -1.346805e+01 -6.190042e+00 -1.422010e-02
6.56 -1.325889e+01 -6.196726e+00 -1.368655e-02
6.57 -1.286100e+01 -6.174876e+00 -1.312796e-02
6.58 -1.267473e+01 -6.149720e+00 -1.254842e-02
6.59 -1.234969e+01 -6.201618e+00 -1.198677e-02
6.6 -1.213141e+01 -6.134332e+00 -1.141904e-02
6.61 -1.158456e+01 -6.117028e+00 -1.083797e-02
6.62 -1.135035e+01 -6.095769e+00 -1.026595e-02
6.63 -1.097805e+01 -6.087247e+00 -9.691767e-03
6.64 -1.076752e+01 -6.068443e+00 -9.119532e-03
6.65 -1.034377e+01 -6.074018e+00 -8.541600e-03
6.66 -1.001685e+01 -6.051193e+00 -7.962686e-03
6.67 -9.763863e+00 -6.038804e+00 -7.388529e-03
6.68 -9.450875e+00 -6.039702e+00 -6.854745e-03
6.69 -9.210017e+00 -6.020931e+00 -6.277586e-03
6.7 -8.830534e+00 -6.010063e+00 -5.672774e-03
6.71 -8.643907e+00 -6.002005e+00 -5.077607e-03
6.72 -8.249388e+00 -5.991015e+00 -4.486930e-03
6.73 -8.033735e+00 -5.989613e+00 -3.895041e-03
6.74 -7.653004e+00 -5.970655e+00 -3.295978e-03
6.75 -7.479434e+00 -5.966704e+00 -2.699560e-03
6.76 -7.297060e+00 -5.961865e+00 -2.104089e-03
6.77 -6.988802e+00 -5.971893e+00 -1.514416e-03
6.78 -6.801579e+00 -5.954102e+00 -9.168558e-04
6.79 -6.316248e+00 -5.959785e+00 -3.231313e-04
6.8 -5.841016e+00 -5.946466e+00 2.721906e-04
6.81 -5.655489e+00 -5.943916e+00 8.655392e-04
6.82 -5.261385e+00 -5.929146e+00 1.461255e-03
6.83 -5.257072e+00 -5.924530e+00 2.050715e-03
6.84 -5.094731e+00 -5.914424e+00 2.637909e-03
6.85 -4.482195e+00 -5.915502e+00 3.222364e-03
6.86 -4.058402e+00 -5.911293e+00 3.805487e-03
6.87 -3.801673e+00 -5.901587e+00 4.386404e-03
6.88 -3.375591e+00 -5.898226e+00 4.963872e-03
6.89 -3.168335e+00 -5.894612e+00 5.539405e-03
6.9 -2.802601e+00 -5.885660e+00 6.110826e-03
6.91 -2.536333e+00 -5.881307e+00 6.679698e-03
6.92 -2.196891e+00 -5.875773e+00 7.244453e-03
6.93 -1.940603e+00 -5.870501e+00 7.803540e-03
6.94 -1.592309e+00 -5.862384e+00 8.358701e-03
6.95 -1.352056e+00 -5.869403e+00 8.903445e-03
6.96 -1.017446e+00 -5.855560e+00 9.449910e-03
6.97 -7.761971e-01 -5.864221e+00 9.987109e-03
6.98 -4.803874e-01 -5.884271e+00 1.050695e-02
6.99 -2.789810e-01 -5.881909e+00 1.103283e-02
7 6.324903e-02 -5.853374e+00 1.155809e-02
7.01 3.353770e-01 -5.852299e+00 1.207310e-02
7.02 6.360690e-01 -5.840633e+00 1.257540e-02
7.03 8.989962e-01 -5.830064e+00 1.307480e-02
7.04 1.126380e+00 -5.822434e+00 1.356794e-02
7.05 1.409241e+00 -5.808771e+00 1.404674e-02
7.06 1.661305e+00 -5.800786e+00 1.451826e-02
7.07 1.902768e+00 -5.798542e+00 1.497944e-02
7.08 2.157056e+00 -5.783999e+00 1.543081e-02
7.09 2.451432e+00 -5.756653e+00 1.596082e-02
7.1 2.614152e+00 -5.808535e+00 1.637749e-02
7.11 2.845946e+00 -5.772483e+00 1.680463e-02
7.12 3.060948e+00 -5.738187e+00 1.722373e-02
7.13 3.248357e+00 -5.753801e+00 1.761359e-02
7.14 3.544821e+00 -5.730414e+00 1.799840e-02
7.15 3.721786e+00 -5.729689e+00 1.836790e-02
7.16 3.923428e+00 -5.718829e+00 1.872544e-02
7.17 4.084243e+00 -5.725547e+00 1.906496e-02
7.18 4.265186e+00 -5.708020e+00 1.939637e-02
7.19 4.424934e+00 -5.710637e+00 1.970767e-02
7.2 4.585225e+00 -5.698759e+00 2.000772e-02
7.21 4.740244e+00 -5.697815e+00 2.029265e-02
7.22 4.875543e+00 -5.691113e+00 2.056259e-02
7.23 5.017851e+00 -5.681236e+00 2.081936e-02
7.24 5.133728e+00 -5.685916e+00 2.105728e-02
7.25 5.261102e+00 -5.672879e+00 2.128443e-02
7.26 5.368129e+00 -5.674275e+00 2.149570e-02
7.27 5.452931e+00 -5.681751e+00 2.168503e-02
7.28 5.569379e+00 -5.664358e+00 2.186901e-02
7.29 5.649600e+00 -5.655259e+00 2.202768e-02
7.3 5.701730e+00 -5.663640e+00 2.215227e-02
7.31 5.773910e+00 -5.660446e+00 2.227553e-02
7.32 5.847679e+00 -5.649184e+00 2.240101e-02
7.33 5.898335e+00 -5.651816e+00 2.250952e-02
7.34 5.952406e+00 -5.644327e+00 2.259908e-02
7.35 5.991025e+00 -5.642421e+00 2.267934e-02
7.36 6.023170e+00 -5.641830e+00 2.273724e-02
7.37 6.053149e+00 -5.634818e+00 2.278835e-02
7.38 6.065597e+00 -5.636296e+00 2.281699e-02
7.39 6.085420e+00 -5.628071e+00 2.283921e-02
7.4 6.025656e+00 -5.675936e+00 2.281864e-02
7.41 6.041443e+00 -5.660218e+00 2.280898e-02
7.42 6.033315e+00 -5.647070e+00 2.278168e-02
7.43 5.997553e+00 -5.658661e+00 2.273738e-02
7.44 5.965073e+00 -5.658625e+00 2.267276e-02
7.45 5.935462e+00 -5.651884e+00 2.261066e-02
7.46 5.882811e+00 -5.659611e+00 2.252374e-02
7.47 5.821986e+00 -5.663753e+00 2.241914e-02
7.48 5.751950e+00 -5.675661e+00 2.230259e-02
7.49 5.680722e+00 -5.678136e+00 2.217052e-02
7.5 5.601438e+00 -5.683325e+00 2.202564e-02
7.51 5.517399e+00 -5.685334e+00 2.186979e-02
7.52 5.331752e+00 -5.764321e+00 2.167370e-02
7.53 5.273917e+00 -5.731443e+00 2.148874e-02
7.54 5.175460e+00 -5.727936e+00 2.129261e-02
7.55 5.061462e+00 -5.729952e+00 2.107894e-02
7.56 4.941353e+00 -5.733790e+00 2.085376e-02
7.57 4.807111e+00 -5.743787e+00 2.061544e-02
7.58 4.674024e+00 -5.747071e+00 2.036372e-02
7.59 4.560736e+00 -5.750997e+00 2.010551e-02
7.6 4.388515e+00 -5.759702e+00 1.983476e-02
7.61 4.232008e+00 -5.762794e+00 1.954463e-02
7.62 4.074407e+00 -5.771370e+00 1.925415e-02
7.63 3.951989e+00 -5.770437e+00 1.896227e-02
7.64 3.740216e+00 -5.797898e+00 1.865636e-02
7.65 3.581972e+00 -5.791796e+00 1.833747e-02
7.66 3.499888e+00 -5.798391e+00 1.800750e-02
7.67 3.219331e+00 -5.805057e+00 1.766523e-02
7.68 3.150682e+00 -5.802324e+00 1.732101e-02
7.69 2.853996e+00 -5.815058e+00 1.697458e-02
7.7 2.782872e+00 -5.821377e+00 1.662387e-02
7.71 2.468532e+00 -5.833966e+00 1.626324e-02
7.72 2.388548e+00 -5.839321e+00 1.589575e-02
7.73 2.064360e+00 -5.856394e+00 1.552114e-02
7.74 2.014592e+00 -5.859929e+00 1.514252e-02
7.75 1.651283e+00 -5.875988e+00 1.475844e-02
7.76 1.618794e+00 -5.869982e+00 1.437377e-02
7.77 1.240089e+00 -5.886698e+00 1.398252e-02
7.78 1.220878e+00 -5.889690e+00 1.359081e-02
7.79 8.595423e-01 -5.869783e+00 1.321137e-02
7.8 7.802384e-01 -5.891575e+00 1.281968e-02
7.81 4.104974e-01 -5.908495e+00 1.241727e-02
7.82 3.626335e-01 -5.915047e+00 1.201831e-02
7.83 3.396242e-01 -5.631918e+00 1.172169e-02
7.84 1.106317e-03 -5.785564e+00 1.137656e-02
7.85 -2.407360e-01 -5.845078e+00 1.101645e-02
7.86 -5.174619e-01 -5.865246e+00 1.063608e-02
7.87 -6.917203e-01 -5.892616e+00 1.024505e-02
7.88 -9.196903e-01 -5.903215e+00 9.855124e-03
7.89 -1.115673e+00 -5.921473e+00 9.467041e-03
7.9 -1.130264e+00 -5.941129e+00 9.074378e-03
7.91 -1.692083e+00 -5.998618e+00 8.527535e-03
7.92 -1.808716e+00 -5.948325e+00 8.160500e-03
7.93 -2.018625e+00 -5.953096e+00 7.779470e-03
7.94 -2.213654e+00 -5.966867e+00 7.398081e-03
7.95 -2.463647e+00 -6.002188e+00 7.016042e-03
7.96 -2.626280e+00 -5.987386e+00 6.643029e-03
7.97 -2.816979e+00 -5.988002e+00 6.274387e-03
7.98 -3.013007e+00 -5.992257e+00 5.907175e-03
7.99 -3.030138e+00 -5.978938e+00 5.549471e-03
8 -3.234087e+00 -6.002124e+00 5.194220e-03
8.01 -3.609249e+00 -5.971879e+00 4.891249e-03
8.02 -3.704940e+00 -6.021272e+00 4.606006e-03
8.03 -3.820808e+00 -6.023361e+00 4.276088e-03
8.04 -4.362479e+00 -6.258818e+00 3.808063e-03
8.05 -4.321728e+00 -6.128119e+00 3.450932e-03
8.06 -4.406175e+00 -6.116800e+00 3.114174e-03
8.07 -4.767055e+00 -6.070536e+00 2.793587e-03
8.08 -4.887699e+00 -6.085191e+00 2.456039e-03
8.09 -5.022583e+00 -6.074512e+00 2.142848e-03
8.1 -5.237398e+00 -6.078743e+00 1.835931e-03
8.11 -5.308289e+00 -6.098399e+00 1.532003e-03
8.12 -5.426150e+00 -6.045030e+00 1.252496e-03
8.13 -5.573451e+00 -6.059640e+00 9.852943e-04
8.14 -5.666179e+00 -6.028962e+00 7.281491e-04
8.15 -5.771615e+00 -6.133881e+00 4.337664e-04
8.16 -5.896928e+00 -6.061825e+00 1.768723e-04
8.17 -6.149560e+00 -6.065526e+00 -7.792906e-05
8.18 -6.279629e+00 -6.046576e+00 -3.171020e-04
8.19 -6.261856e+00 -6.062950e+00 -5.527355e-04
8.2 -6.348971e+00 -6.037893e+00 -7.689458e-04
8.21 -6.383953e+00 -6.089500e+00 -1.005391e-03
8.22 -6.377580e+00 -6.056723e+00 -1.207664e-03
8.23 -6.416340e+00 -6.044201e+00 -1.402164e-03
8.24 -6.849570e+00 -6.054247e+00 -1.593336e-03
8.25 -7.004067e+00 -6.027694e+00 -1.767906e-03
8.26 -7.051653e+00 -6.047956e+00 -1.942440e-03
8.27 -6.962792e+00 -6.022567e+00 -2.098142e-03
8.28 -7.210092e+00 -6.043950e+00 -2.250560e-03
8.29 -7.099810e+00 -6.019787e+00 -2.387820e-03
8.3 -7.336797e+00 -6.033920e+00 -2.519625e-03
8.31 -7.181566e+00 -5.843424e+00 -2.583789e-03
8.32 -7.425882e+00 -6.020197e+00 -2.697892e-03
8.33 -7.300516e+00 -5.959887e+00 -2.787599e-03
8.34 -7.508054e+00 -6.008004e+00 -2.882117e-03
8.35 -7.448184e+00 -5.983427e+00 -2.958166e-03
8.36 -7.571601e+00 -5.999018e+00 -3.032381e-03
8.37 -7.592566e+00 -5.982722e+00 -3.091594e-03
8.38 -7.629734e+00 -6.004460e+00 -3.144544e-03
8.39 -7.642396e+00 -5.990932e+00 -3.189009e-03
8.4 -7.599268e+00 -5.991902e+00 -3.217318e-03
8.41 -7.650779e+00 -5.977479e+00 -3.226119e-03
8.42 -7.664466e+00 -5.989686e+00 -3.243077e-03
8.43 -7.643616e+00 -5.987812e+00 -3.256789e-03
8.44 -7.624045e+00 -5.992072e+00 -3.268406e-03
8.45 -7.644704e+00 -5.984091e+00 -3.260987e-03
8.46 -7.663770e+00 -5.988644e+00 -3.249866e-03
8.47 -7.715430e+00 -6.205323e+00 -3.307417e-03
8.48 -7.773222e+00 -6.058615e+00 -3.262949e-03
8.49 -7.727253e+00 -6.030270e+00 -3.218426e-03
8.5 -7.756756e+00 -6.020809e+00 -3.176053e-03
8.51 -7.776713e+00 -6.165396e+00 -3.167036e-03
8.52 -7.849430e+00 -6.040182e+00 -3.085272e-03
8.53 -7.552303e+00 -5.998955e+00 -2.998896e-03
8.54 -7.461591e+00 -5.966976e+00 -2.915899e-03
8.55 -7.446901e+00 -5.972909e+00 -2.830646e-03
8.56 -7.376633e+00 -5.929994e+00 -2.726079e-03
8.57 -7.303059e+00 -5.949151e+00 -2.613779e-03
8.58 -7.197305e+00 -5.929261e+00 -2.499402e-03
8.59 -7.173571e+00 -5.953646e+00 -2.384732e-03
8.6 -7.796497e+00 -5.914290e+00 -2.242032e-03
8.61 -7.061732e+00 -5.958907e+00 -2.115494e-03
8.62 -6.913083e+00 -5.927908e+00 -1.987396e-03
8.63 -6.913706e+00 -5.952804e+00 -1.860208e-03
8.64 -6.797503e+00 -5.949299e+00 -1.720656e-03
8.65 -6.821201e+00 -6.000992e+00 -1.602536e-03
8.66 -7.057041e+00 -5.940738e+00 -1.445284e-03
8.67 -6.664891e+00 -5.956963e+00 -1.293711e-03
8.68 -7.032265e+00 -5.928514e+00 -1.133619e-03
8.69 -6.620045e+00 -5.951251e+00 -9.792793e-04
8.7 -6.359855e+00 -5.880390e+00 -8.054519e-04
8.71 -6.333156e+00 -5.934863e+00 -6.490260e-04
8.72 -7.224910e+00 -5.906947e+00 -4.767219e-04
8.73 -6.077146e+00 -5.933579e+00 -2.999178e-04
8.74 -6.500380e+00 -5.912424e+00 -9.834817e-05
8.75 -6.066538e+00 -5.937790e+00 8.140360e-05
8.76 -6.133194e+00 -5.880907e+00 2.540178e-04
8.77 -5.921597e+00 -5.920524e+00 4.388260e-04
8.78 -5.955862e+00 -5.917252e+00 6.273086e-04
8.79 -6.106493e+00 -5.917953e+00 8.161950e-04
8.8 -5.256148e+00 -5.954943e+00 9.980077e-04
8.81 -5.586939e+00 -5.943861e+00 1.193135e-03
8.82 -5.735708e+00 -5.939106e+00 1.391129e-03
8.83 -5.400435e+00 -5.954966e+00 1.577471e-03
8.84 -5.705235e+00 -5.940615e+00 1.776916e-03
8.85 -5.443173e+00 -6.003662e+00 1.967871e-03
8.86 -5.095190e+00 -5.969669e+00 2.150352e-03
8.87 -5.310063e+00 -5.954533e+00 2.346803e-03
8.88 -5.097479e+00 -5.948892e+00 2.542210e-03
8.89 -5.573695e+00 -5.944492e+00 2.735739e-03
8.9 -4.443137e+00 -5.949505e+00 2.923010e-03
8.91 -7.060901e+00 -5.883141e+00 3.120273e-03
8.92 -5.176006e+00 -5.920032e+00 3.319989e-03
8.93 -4.036814e+00 -5.879762e+00 3.518496e-03
8.94 -3.999029e+00 -5.887800e+00 3.689291e-03
8.95 -3.965623e+00 -5.935751e+00 3.836743e-03
8.96 -4.175842e+00 -5.946135e+00 4.001937e-03
8.97 -4.298522e+00 -5.953269e+00 4.175557e-03
8.98 -3.727298e+00 -5.932270e+00 4.358373e-03
8.99 -3.662599e+00 -5.967538e+00 4.518777e-03
9 -3.621464e+00 -6.009235e+00 4.603325e-03
9.01 -3.542100e+00 -5.941585e+00 4.820619e-03
9.02 -3.392523e+00 -5.985459e+00 4.996418e-03
9.03 -3.588483e+00 -5.968463e+00 5.156377e-03
9.04 -3.400631e+00 -5.937349e+00 5.328569e-03
9.05 -3.213613e+00 -5.956375e+00 5.489539e-03
9.06 -3.152055e+00 -5.996161e+00 5.636059e-03
9.07 -3.610420e+00 -5.978157e+00 5.783661e-03
9.08 -3.006796e+00 -5.987738e+00 5.926118e-03
9.09 -2.859319e+00 -5.974351e+00 6.080198e-03
9.1 -2.784684e+00 -6.001466e+00 6.214540e-03
9.11 -3.252017e+00 -5.997982e+00 6.350674e-03
9.12 -2.630692e+00 -6.002227e+00 6.484852e-03
9.13 -2.611684e+00 -5.982288e+00 6.616025e-03
9.14 -2.616631e+00 -6.022722e+00 6.728443e-03
9.15 -2.944378e+00 -6.017375e+00 6.843963e-03
9.16 -2.492467e+00 -6.010708e+00 6.963158e-03
9.17 -2.392727e+00 -6.015040e+00 7.064189e-03
9.18 -2.384523e+00 -6.039497e+00 7.151674e-03
9.19 -2.621245e+00 -6.034370e+00 7.243055e-03
9.2 -2.393029e+00 -6.109919e+00 7.332926e-03
9.21 -2.392353e+00 -6.003520e+00 7.429791e-03
9.22 -2.212791e+00 -6.043449e+00 7.498304e-03
9.23 -2.296494e+00 -6.043038e+00 7.556045e-03
9.24 -2.153140e+00 -6.042210e+00 7.628363e-03
9.25 -2.115929e+00 -6.051960e+00 7.689529e-03
9.26 -2.098880e+00 -6.060024e+00 7.736274e-03
9.27 -2.218539e+00 -6.074179e+00 7.778760e-03
9.28 -2.043022e+00 -6.071562e+00 7.821130e-03
9.29 -2.073367e+00 -6.085703e+00 7.854953e-03
9.3 -2.054330e+00 -6.096719e+00 7.862839e-03
9.31 -2.109408e+00 -6.098374e+00 7.877627e-03
9.32 -2.060321e+00 -6.106982e+00 7.893701e-03
9.33 -2.123451e+00 -6.110814e+00 7.908542e-03
9.34 -1.981644e+00 -6.036941e+00 7.921931e-03
9.35 -2.009543e+00 -6.042904e+00 7.967277e-03
9.36 -2.047836e+00 -6.124824e+00 7.949715e-03
9.37 -2.109487e+00 -6.157697e+00 7.913073e-03
9.38 -2.121154e+00 -6.150155e+00 7.897298e-03
9.39 -2.051153e+00 -6.158285e+00 7.860348e-03
9.4 -2.046777e+00 -6.176824e+00 7.819259e-03
9.41 -2.182636e+00 -6.133930e+00 7.769429e-03
9.42 -2.240057e+00 -6.214817e+00 7.702361e-03
9.43 -2.206166e+00 -6.198437e+00 7.636566e-03
9.44 -2.161873e+00 -6.197429e+00 7.579941e-03
9.45 -2.209817e+00 -6.202034e+00 7.523648e-03
9.46 -2.090905e+00 -6.210738e+00 7.436928e-03
9.47 -1.896646e+00 -6.211247e+00 7.335672e-03
9.48 -1.979219e+00 -6.214566e+00 7.227978e-03
9.49 -2.091129e+00 -6.180341e+00 7.105353e-03
9.5 -2.125075e+00 -6.204616e+00 6.964714e-03
9.51 -1.972520e+00 -6.219560e+00 6.812553e-03
9.52 -2.042737e+00 -6.242598e+00 6.646298e-03
9.53 -2.230974e+00 -6.245956e+00 6.473303e-03
9.54 -2.296827e+00 -6.265864e+00 6.288031e-03
9.55 -3.254128e+00 -6.269989e+00 6.088131e-03
9.56 -3.358508e+00 -6.293317e+00 5.909092e-03
9.57 -3.421479e+00 -6.283198e+00 5.746046e-03
9.58 -3.440380e+00 -6.275652e+00 5.577748e-03
9.59 -3.564076e+00 -6.313891e+00 5.376562e-03
9.6 -3.492927e+00 -6.314872e+00 5.130673e-03
9.61 -3.510971e+00 -6.321935e+00 4.902323e-03
9.62 -3.965467e+00 -6.337775e+00 4.653411e-03
9.63 -4.105286e+00 -6.319018e+00 4.410651e-03
9.64 -4.263713e+00 -6.373703e+00 4.151819e-03
9.65 -4.117588e+00 -6.385578e+00 3.876813e-03
9.66 -3.008471e+00 -6.428405e+00 3.576060e-03
9.67 -1.900423e+00 -6.456240e+00 3.284887e-03
9.68 -1.825116e+00 -6.417362e+00 2.959312e-03
9.69 -1.817679e+00 -6.440481e+00 2.603497e-03
9.7 -1.741755e+00 -6.449980e+00 2.246127e-03
9.71 -1.685218e+00 -6.449701e+00 1.909141e-03
9.72 -4.168650e+00 -6.467670e+00 1.560763e-03
9.73 -3.848213e+00 -6.449068e+00 1.186836e-03
9.74 -6.052408e+00 -6.399611e+00 8.406714e-04
9.75 -6.314379e+00 -6.443447e+00 4.712435e-04
9.76 -6.091831e+00 -6.461451e+00 9.318249e-05
9.77 -5.937146e+00 -6.460701e+00 -2.851045e-04
9.78 -4.730941e+00 -6.521067e+00 -6.853812e-04
9.79 -4.279426e+00 -6.493917e+00 -1.100692e-03
9.8 -3.573247e+00 -6.510636e+00 -1.535101e-03
9.81 -6.050574e+00 -6.527209e+00 -1.967741e-03
9.82 -5.933456e+00 -6.509314e+00 -2.406154e-03
9.83 -7.409979e+00 -6.506522e+00 -2.839602e-03
9.84 -7.369705e+00 -6.511627e+00 -3.281734e-03
9.85 -6.683767e+00 -6.533120e+00 -3.740305e-03
9.86 -6.736887e+00 -6.540304e+00 -4.204671e-03
9.87 -5.618147e+00 -6.622344e+00 -4.684189e-03
9.88 -7.376932e+00 -6.549663e+00 -5.157935e-03
9.89 -7.898366e+00 -6.561441e+00 -5.644156e-03
9.9 -8.204407e+00 -6.570488e+00 -6.136732e-03
9.91 -8.770031e+00 -6.575484e+00 -6.623784e-03
9.92 -8.764403e+00 -6.591236e+00 -7.116638e-03
9.93 -8.836969e+00 -6.602594e+00 -7.620872e-03
9.94 -9.601967e+00 -6.610318e+00 -8.130084e-03
9.95 -9.791531e+00 -6.623221e+00 -8.647721e-03
9.96 -9.958854e+00 -6.634730e+00 -9.170531e-03
9.97 -1.061245e+01 -6.638975e+00 -9.698086e-03
9.98 -1.089868e+01 -6.646630e+00 -1.021725e-02
9.99 -1.115483e+01 -6.659844e+00 -1.075620e-02
10 -1.172259e+01 -6.674239e+00 -1.129864e-02
10.01 -1.181525e+01 -6.693970e+00 -1.185068e-02
10.02 -1.204746e+01 -6.711354e+00 -1.240447e-02
10.03 -1.241056e+01 -6.721106e+00 -1.296017e-02
10.04 -1.292802e+01 -6.735164e+00 -1.351888e-02
10.05 -1.403834e+01 -6.754445e+00 -1.407649e-02
10.06 -1.410785e+01 -6.737130e+00 -1.463383e-02
10.07 -1.432884e+01 -6.740531e+00 -1.519639e-02
10.08 -1.459710e+01 -6.733035e+00 -1.575096e-02
10.09 -1.506317e+01 -6.721431e+00 -1.630174e-02
10.1 -1.506437e+01 -6.750898e+00 -1.685843e-02
10.11 -1.570786e+01 -6.750913e+00 -1.741244e-02
10.12 -1.605614e+01 -6.802753e+00 -1.796738e-02
10.13 -1.636220e+01 -6.846396e+00 -1.855865e-02
10.14 -1.672185e+01 -6.844104e+00 -1.910504e-02
10.15 -1.703266e+01 -6.862772e+00 -1.964997e-02
10.16 -1.733350e+01 -6.885979e+00 -2.019997e-02
10.17 -1.796907e+01 -7.228813e+00 -2.082569e-02
10.18 -1.790478e+01 -6.868643e+00 -2.127550e-02
10.19 -1.826930e+01 -7.062047e+00 -2.182127e-02
10.2 -1.861569e+01 -7.014385e+00 -2.236337e-02
10.21 -1.887784e+01 -7.033095e+00 -2.288847e-02
10.22 -1.915808e+01 -7.030930e+00 -2.339181e-02
10.23 -1.941673e+01 -7.053117e+00 -2.392045e-02
10.24 -1.965178e+01 -7.040318e+00 -2.439204e-02
10.25 -1.991304e+01 -7.054778e+00 -2.487831e-02
10.26 -2.016872e+01 -7.066688e+00 -2.534425e-02
10.27 -2.041790e+01 -7.080186e+00 -2.580288e-02
10.28 -2.066109e+01 -7.096252e+00 -2.626918e-02
10.29 -2.090026e+01 -7.097200e+00 -2.671054e-02
10.3 -2.114449e+01 -7.120682e+00 -2.714576e-02
10.31 -2.135968e+01 -7.122041e+00 -2.755320e-02
10.32 -2.157761e+01 -7.136878e+00 -2.796456e-02
10.33 -2.179553e+01 -7.154903e+00 -2.835418e-02
10.34 -2.200690e+01 -7.172533e+00 -2.872854e-02
10.35 -2.218021e+01 -7.160235e+00 -2.909367e-02
10.36 -2.238085e+01 -7.180101e+00 -2.945160e-02
10.37 -2.257557e+01 -7.190697e+00 -2.981244e-02
10.38 -2.266055e+01 -7.210994e+00 -3.011839e-02
10.39 -2.285916e+01 -7.195017e+00 -3.037177e-02
10.4 -2.312781e+01 -7.317506e+00 -3.065104e-02
10.41 -2.323143e+01 -7.286920e+00 -3.092448e-02
10.42 -2.332992e+01 -7.256539e+00 -3.117342e-02
10.43 -2.347317e+01 -7.283944e+00 -3.143727e-02
10.44 -2.360929e+01 -7.267370e+00 -3.167278e-02
10.45 -2.370038e+01 -7.274939e+00 -3.187162e-02
10.46 -2.376981e+01 -7.245698e+00 -3.204842e-02
10.47 -2.388355e+01 -7.274019e+00 -3.223101e-02
10.48 -2.394991e+01 -7.248848e+00 -3.239039e-02
10.49 -2.403948e+01 -7.273174e+00 -3.254020e-02
10.5 -2.410016e+01 -7.261918e+00 -3.266336e-02
10.51 -2.416538e+01 -7.270801e+00 -3.279020e-02
10.52 -2.418984e+01 -7.236246e+00 -3.288734e-02
10.53 -2.425338e+01 -7.263132e+00 -3.298083e-02
10.54 -2.424572e+01 -7.218941e+00 -3.304607e-02
10.55 -2.428935e+01 -7.247537e+00 -3.311030e-02
10.56 -2.429137e+01 -7.204864e+00 -3.315120e-02
10.57 -2.434111e+01 -7.243407e+00 -3.319582e-02
10.58 -2.432031e+01 -7.203786e+00 -3.321208e-02
10.59 -2.434560e+01 -7.229424e+00 -3.324997e-02
10.6 -2.431442e+01 -7.196123e+00 -3.322465e-02
10.61 -2.427563e+01 -7.173861e+00 -3.317502e-02
10.62 -2.421232e+01 -7.159610e+00 -3.310708e-02
10.63 -2.417106e+01 -7.141747e+00 -3.304962e-02
10.64 -2.407928e+01 -7.114274e+00 -3.294377e-02
10.65 -2.402258e+01 -7.104240e+00 -3.285287e-02
10.66 -2.394621e+01 -7.091048e+00 -3.273929e-02
10.67 -2.398170e+01 -7.172258e+00 -3.265041e-02
10.68 -2.385696e+01 -7.105350e+00 -3.253614e-02
10.69 -2.371414e+01 -7.056675e+00 -3.236670e-02
10.7 -2.360012e+01 -7.045015e+00 -3.217762e-02
10.71 -2.347235e+01 -7.011552e+00 -3.198314e-02
10.72 -2.332823e+01 -6.982014e+00 -3.176939e-02
10.73 -2.316994e+01 -6.942233e+00 -3.153028e-02
10.74 -2.316617e+01 -7.044866e+00 -3.132513e-02
10.75 -2.289433e+01 -6.948902e+00 -3.100418e-02
10.76 -2.269382e+01 -6.921944e+00 -3.071492e-02
10.77 -2.252811e+01 -6.887597e+00 -3.042433e-02
10.78 -2.238084e+01 -6.879541e+00 -3.020046e-02
10.79 -2.203259e+01 -6.647244e+00 -2.983378e-02
10.8 -2.192487e+01 -6.803402e+00 -2.948965e-02
10.81 -2.171779e+01 -6.731864e+00 -2.915241e-02
10.82 -2.149561e+01 -6.685775e+00 -2.881860e-02
10.83 -2.144109e+01 -6.773064e+00 -2.851842e-02
10.84 -2.116933e+01 -6.703730e+00 -2.812902e-02
10.85 -2.087153e+01 -6.639351e+00 -2.768446e-02
10.86 -2.062096e+01 -6.620295e+00 -2.726199e-02
10.87 -2.038276e+01 -6.598868e+00 -2.683964e-02
10.88 -2.012649e+01 -6.566167e+00 -2.640773e-02
10.89 -1.986852e+01 -6.546725e+00 -2.594971e-02
10.9 -1.957550e+01 -6.502885e+00 -2.547259e-02
10.91 -1.917847e+01 -6.367916e+00 -2.496512e-02
10.92 -1.896331e+01 -6.429534e+00 -2.447868e-02
10.93 -1.871914e+01 -6.409659e+00 -2.399005e-02
10.94 -1.851287e+01 -6.475243e+00 -2.346974e-02
10.95 -1.814597e+01 -6.383253e+00 -2.292042e-02
10.96 -1.776988e+01 -6.330043e+00 -2.236500e-02
10.97 -1.754072e+01 -6.294099e+00 -2.179380e-02
10.98 -1.768268e+01 -6.216483e+00 -2.119299e-02
10.99 -1.723938e+01 -6.195480e+00 -2.057777e-02
11 -1.694868e+01 -6.129667e+00 -1.992431e-02
11.01 -1.611162e+01 -6.217605e+00 -1.931394e-02
11.02 -1.653714e+01 -6.065197e+00 -1.852883e-02
11.03 -1.474968e+01 -6.030199e+00 -1.779142e-02
11.04 -1.483763e+01 -6.022772e+00 -1.709023e-02
11.05 -1.472516e+01 -6.011603e+00 -1.636809e-02
11.06 -1.477623e+01 -5.950608e+00 -1.559679e-02
11.07 -1.409130e+01 -5.929091e+00 -1.482870e-02
11.08 -1.300491e+01 -5.875090e+00 -1.406063e-02
11.09 -1.258964e+01 -5.832588e+00 -1.320437e-02
11.1 -1.300411e+01 -5.795236e+00 -1.235375e-02
11.11 -1.354786e+01 -5.794201e+00 -1.153689e-02
11.12 -1.165343e+01 -5.731509e+00 -1.067926e-02
11.13 -1.043264e+01 -5.731620e+00 -9.840867e-03
11.14 -1.075689e+01 -5.777532e+00 -9.011430e-03
11.15 -9.560155e+00 -5.687588e+00 -8.134778e-03
11.16 -9.696891e+00 -5.667987e+00 -7.252716e-03
11.17 -8.667097e+00 -5.605365e+00 -6.359961e-03
11.18 -8.342523e+00 -5.583703e+00 -5.470933e-03
11.19 -7.904562e+00 -5.561819e+00 -4.550173e-03
11.2 -7.275110e+00 -5.507854e+00 -3.577364e-03
11.21 -6.841741e+00 -5.573497e+00 -2.631288e-03
11.22 -6.814484e+00 -5.518797e+00 -1.645154e-03
11.23 -5.844853e+00 -5.615002e+00 -7.380323e-04
11.24 -5.572916e+00 -5.546801e+00 1.339290e-04
11.25 -5.232733e+00 -5.688832e+00 1.011406e-03
11.26 -4.306913e+00 -5.468105e+00 2.094762e-03
11.27 -3.744283e+00 -5.454367e+00 3.167741e-03
11.28 -3.319927e+00 -5.423050e+00 4.201200e-03
11.29 -3.002646e+00 -5.461760e+00 5.207090e-03
11.3 -2.455175e+00 -5.394622e+00 6.279645e-03
11.31 -2.085146e+00 -5.417346e+00 7.336559e-03
11.32 -1.262017e+00 -5.353624e+00 8.426226e-03
11.33 -6.222317e-01 -5.431714e+00 9.482732e-03
11.34 3.749640e-01 -5.332332e+00 1.058560e-02
11.35 6.560368e-01 -5.353546e+00 1.167105e-02
11.36 1.588836e+00 -5.282009e+00 1.278399e-02
11.37 2.040616e+00 -5.302418e+00 1.387768e-02
11.38 2.728608e+00 -5.246278e+00 1.497789e-02
11.39 3.187360e+00 -5.296989e+00 1.606517e-02
11.4 3.894353e+00 -5.213981e+00 1.716836e-02
11.41 4.376568e+00 -5.222539e+00 1.825867e-02
11.42 5.102906e+00 -5.158690e+00 1.936442e-02
11.43 5.589377e+00 -5.170050e+00 2.045607e-02
11.44 5.648111e+00 -5.116985e+00 2.155776e-02
11.45 6.782447e+00 -5.134410e+00 2.264327e-02
11.46 7.451095e+00 -5.060323e+00 2.374721e-02
11.47 7.731377e+00 -5.085233e+00 2.481397e-02
11.48 8.614632e+00 -5.031462e+00 2.588735e-02
11.49 8.994563e+00 -5.007293e+00 2.696331e-02
11.5 9.745482e+00 -4.964051e+00 2.803447e-02
11.51 9.967066e+00 -4.957190e+00 2.908242e-02
11.52 1.083102e+01 -4.905233e+00 3.012222e-02
11.53 1.167829e+01 -4.900239e+00 3.114611e-02
11.54 1.207541e+01 -4.819122e+00 3.219993e-02
11.55 1.279171e+01 -4.816739e+00 3.319677e-02
11.56 1.306574e+01 -4.756484e+00 3.417961e-02
11.57 1.378754e+01 -4.738002e+00 3.514599e-02
11.58 1.390281e+01 -4.673444e+00 3.611788e-02
11.59 1.447522e+01 -4.645220e+00 3.706399e-02
11.6 1.501119e+01 -4.595765e+00 3.799160e-02
11.61 1.547153e+01 -4.577036e+00 3.885467e-02
11.62 1.598323e+01 -4.513035e+00 3.974633e-02
11.63 1.649063e+01 -4.462748e+00 4.063493e-02
11.64 1.700659e+01 -4.406708e+00 4.153764e-02
11.65 1.751836e+01 -4.356690e+00 4.241865e-02
11.66 1.802798e+01 -4.317512e+00 4.327305e-02
11.67 1.763365e+01 -4.252310e+00 4.411660e-02
11.68 1.890088e+01 -4.215623e+00 4.492869e-02
11.69 1.942125e+01 -4.160864e+00 4.571613e-02
11.7 1.909245e+01 -4.105068e+00 4.649332e-02
11.71 2.025170e+01 -4.068723e+00 4.723892e-02
11.72 2.007243e+01 -4.028802e+00 4.795753e-02
11.73 2.111138e+01 -3.988726e+00 4.865525e-02
11.74 2.093674e+01 -3.937897e+00 4.935175e-02
11.75 2.092071e+01 -3.891672e+00 5.003053e-02
11.76 2.238414e+01 -3.770845e+00 5.069898e-02
11.77 2.277367e+01 -3.750617e+00 5.132974e-02
11.78 2.266573e+01 -3.719822e+00 5.194562e-02
11.79 2.350042e+01 -3.662909e+00 5.255459e-02
11.8 2.336145e+01 -3.649903e+00 5.316659e-02
11.81 2.401860e+01 -3.668014e+00 5.372767e-02
11.82 2.445442e+01 -3.606412e+00 5.424311e-02
11.83 2.446592e+01 -3.574527e+00 5.475025e-02
11.84 2.503557e+01 -3.521916e+00 5.523081e-02
11.85 2.527725e+01 -3.476348e+00 5.568090e-02
11.86 2.555463e+01 -3.432076e+00 5.612022e-02
11.87 2.581352e+01 -3.390450e+00 5.654789e-02
11.88 2.607790e+01 -3.352086e+00 5.695520e-02
11.89 2.628406e+01 -3.319635e+00 5.733516e-02
11.9 2.652244e+01 -3.286911e+00 5.769366e-02
11.91 2.671823e+01 -3.258724e+00 5.803359e-02
11.92 2.671093e+01 -3.242298e+00 5.834978e-02
11.93 2.679952e+01 -3.223531e+00 5.864411e-02
11.94 2.726887e+01 -3.179973e+00 5.892533e-02
11.95 2.740759e+01 -3.149836e+00 5.918844e-02
11.96 2.753388e+01 -3.137290e+00 5.941434e-02
11.97 2.768559e+01 -3.104794e+00 5.962255e-02
11.98 2.776336e+01 -3.096113e+00 5.980693e-02
11.99 2.775002e+01 -3.094743e+00 5.996857e-02
12 2.791107e+01 -3.082475e+00 6.010954e-02
12.01 2.797678e+01 -3.074966e+00 6.025176e-02
12.02 2.807543e+01 -3.059967e+00 6.040461e-02
12.03 2.813682e+01 -3.052842e+00 6.051620e-02
12.04 2.812847e+01 -3.068737e+00 6.057191e-02
12.05 2.819151e+01 -3.054743e+00 6.062588e-02
12.06 2.817659e+01 -3.071266e+00 6.066865e-02
12.07 2.822578e+01 -3.050679e+00 6.070151e-02
12.08 2.822844e+01 -3.054832e+00 6.070612e-02
12.09 2.822158e+01 -3.059781e+00 6.072179e-02
12.1 2.819883e+01 -3.066962e+00 6.066984e-02
12.11 2.817996e+01 -3.045309e+00 6.061790e-02
12.12 2.803030e+01 -3.118561e+00 6.049646e-02
12.13 2.795314e+01 -3.135839e+00 6.036497e-02
12.14 2.794833e+01 -3.102165e+00 6.023653e-02
12.15 2.778748e+01 -3.133731e+00 6.004193e-02
12.16 2.768258e+01 -3.129491e+00 5.984397e-02
12.17 2.750392e+01 -3.173833e+00 5.960999e-02
12.18 2.730591e+01 -3.219771e+00 5.934529e-02
12.19 2.721170e+01 -3.205260e+00 5.908980e-02
12.2 2.705068e+01 -3.195306e+00 5.877752e-02
12.21 2.666170e+01 -3.345690e+00 5.838072e-02
12.22 2.647997e+01 -3.393634e+00 5.801767e-02
12.23 2.631507e+01 -3.403133e+00 5.772880e-02
12.24 2.614214e+01 -3.443603e+00 5.743646e-02
12.25 2.588050e+01 -3.484916e+00 5.713825e-02
12.26 2.567863e+01 -3.537337e+00 5.678183e-02
12.27 2.537712e+01 -3.591677e+00 5.636715e-02
12.28 2.522170e+01 -3.556165e+00 5.594157e-02
12.29 2.490829e+01 -3.614596e+00 5.550452e-02
12.3 2.462112e+01 -3.662253e+00 5.504080e-02
12.31 2.433549e+01 -3.750558e+00 5.454528e-02
12.32 2.396808e+01 -3.803970e+00 5.404212e-02
12.33 2.369730e+01 -3.828753e+00 5.357143e-02
12.34 2.333698e+01 -3.915572e+00 5.303234e-02
12.35 2.296873e+01 -3.963111e+00 5.245101e-02
12.36 2.261263e+01 -4.030561e+00 5.187503e-02
12.37 2.266117e+01 -4.075420e+00 5.128735e-02
12.38 2.183527e+01 -4.150226e+00 5.066374e-02
12.39 2.146918e+01 -4.225473e+00 5.001648e-02
12.4 2.150597e+01 -4.270053e+00 4.938051e-02
12.41 2.063622e+01 -4.329263e+00 4.871845e-02
12.42 2.007765e+01 -4.533469e+00 4.800737e-02
12.43 1.994108e+01 -4.355243e+00 4.741639e-02
12.44 1.946429e+01 -4.485190e+00 4.666484e-02
12.45 1.887962e+01 -4.615055e+00 4.581708e-02
12.46 1.845535e+01 -4.562951e+00 4.502039e-02
12.47 1.800221e+01 -4.642829e+00 4.420874e-02
12.48 1.781442e+01 -4.261446e+00 4.352383e-02
12.49 1.688440e+01 -5.096083e+00 4.231563e-02
12.5 1.654086e+01 -4.604802e+00 4.147822e-02
12.51 1.583810e+01 -5.066086e+00 4.047249e-02
12.52 1.533252e+01 -4.876150e+00 3.957633e-02
12.53 1.461789e+01 -5.265123e+00 3.852131e-02
12.54 1.416719e+01 -4.948635e+00 3.770503e-02
12.55 1.335953e+01 -5.653608e+00 3.651175e-02
12.56 1.304488e+01 -5.005499e+00 3.573175e-02
12.57 1.207122e+01 -5.932069e+00 3.441267e-02
12.58 1.114978e+01 -5.804505e+00 3.330366e-02
12.59 1.078787e+01 -5.685942e+00 3.252440e-02
12.6 1.049953e+01 -5.609743e+00 3.172925e-02
12.61 1.001912e+01 -5.702171e+00 3.067631e-02
12.62 9.371038e+00 -5.763775e+00 2.953319e-02
12.63 8.722010e+00 -5.775511e+00 2.839611e-02
12.64 8.128376e+00 -5.782602e+00 2.724491e-02
12.65 7.348093e+00 -5.916069e+00 2.598795e-02
12.66 6.734714e+00 -5.875740e+00 2.482756e-02
12.67 5.781058e+00 -6.360599e+00 2.337094e-02
12.68 5.365654e+00 -5.738516e+00 2.232529e-02
12.69 4.264662e+00 -6.639358e+00 2.077056e-02
12.7 3.937874e+00 -5.785707e+00 1.978728e-02
12.71 2.683110e+00 -6.818772e+00 1.814984e-02
12.72 2.472749e+00 -5.867500e+00 1.717424e-02
12.73 1.273689e+00 -6.921444e+00 1.549692e-02
12.74 9.833715e-01 -5.943225e+00 1.450008e-02
12.75 -2.669084e-01 -7.047377e+00 1.277126e-02
12.76 -5.053145e-01 -6.015297e+00 1.174331e-02
12.77 -1.857067e+00 -7.208355e+00 9.890931e-03
12.78 -2.113601e+00 -6.125367e+00 8.855879e-03
12.79 -3.431933e+00 -7.266256e+00 6.985748e-03
12.8 -4.258138e+00 -6.881639e+00 5.422976e-03
12.81 -5.295918e+00 -6.811675e+00 4.036366e-03
12.82 -3.186437e+00 -6.832389e+00 2.581192e-03
12.83 -4.499581e+00 -6.937736e+00 1.006722e-03
12.84 -7.073372e+00 -6.907994e+00 -5.577231e-04
12.85 -7.567225e+00 -6.955367e+00 -2.140347e-03
12.86 -7.552226e+00 -7.138123e+00 -3.806413e-03
12.87 -9.183798e+00 -7.109787e+00 -5.509383e-03
12.88 -7.230117e+00 -7.095680e+00 -7.129078e-03
12.89 -1.016214e+01 -7.164973e+00 -8.775766e-03
12.9 -1.167300e+01 -7.210493e+00 -1.045759e-02
12.91 -1.121373e+01 -7.147647e+00 -1.208882e-02
12.92 -1.125673e+01 -7.268583e+00 -1.381991e-02
12.93 -1.194163e+01 -7.378615e+00 -1.557322e-02
12.94 -1.603464e+01 -7.388676e+00 -1.728857e-02
12.95 -1.587289e+01 -7.478396e+00 -1.898887e-02
12.96 -1.675342e+01 -7.514685e+00 -2.074629e-02
12.97 -1.782543e+01 -7.608165e+00 -2.250329e-02
12.98 -1.931606e+01 -7.892910e+00 -2.438021e-02
12.99 -2.062425e+01 -7.843333e+00 -2.613891e-02
13 -2.171657e+01 -7.892892e+00 -2.791993e-02
13.01 -2.303962e+01 -7.906388e+00 -2.968717e-02
13.02 -2.420702e+01 -8.004402e+00 -3.147808e-02
13.03 -2.539822e+01 -8.180081e+00 -3.335475e-02
13.04 -2.633158e+01 -8.298848e+00 -3.519469e-02
13.05 -2.758646e+01 -8.419344e+00 -3.701021e-02
13.06 -2.861626e+01 -8.535300e+00 -3.884487e-02
13.07 -2.974329e+01 -8.666562e+00 -4.069385e-02
13.08 -3.085969e+01 -8.798943e+00 -4.254893e-02
13.09 -3.199121e+01 -8.942481e+00 -4.441057e-02
13.1 -3.315566e+01 -9.051135e+00 -4.618996e-02
13.11 -3.415609e+01 -9.196780e+00 -4.800964e-02
13.12 -3.530484e+01 -9.404137e+00 -4.988071e-02
13.13 -3.626164e+01 -9.510420e+00 -5.172502e-02
13.14 -3.757155e+01 -9.668940e+00 -5.356727e-02
13.15 -3.793179e+01 -9.096893e+00 -5.498406e-02
13.16 -3.979074e+01 -1.055022e+01 -5.722779e-02
13.17 -4.045940e+01 -9.625964e+00 -5.883069e-02
13.18 -4.197018e+01 -1.081478e+01 -6.090721e-02
13.19 -4.262048e+01 -9.970707e+00 -6.245973e-02
13.2 -4.422461e+01 -1.113733e+01 -6.455716e-02
13.21 -4.501853e+01 -1.042453e+01 -6.617524e-02
13.22 -4.634861e+01 -1.144993e+01 -6.811227e-02
13.23 -4.714811e+01 -1.085234e+01 -6.968147e-02
13.24 -4.848565e+01 -1.163644e+01 -7.154273e-02
13.25 -4.935519e+01 -1.133598e+01 -7.319170e-02
13.26 -5.053205e+01 -1.177908e+01 -7.495478e-02
13.27 -5.160682e+01 -1.190035e+01 -7.665545e-02
13.28 -5.268354e+01 -1.213596e+01 -7.834457e-02
13.29 -5.373510e+01 -1.232582e+01 -7.998571e-02
13.3 -5.480565e+01 -1.253006e+01 -8.163730e-02
13.31 -5.590227e+01 -1.276344e+01 -8.328116e-02
13.32 -5.705645e+01 -1.308102e+01 -8.488624e-02
13.33 -5.781278e+01 -1.309859e+01 -8.635099e-02
13.34 -5.881211e+01 -1.331239e+01 -8.782433e-02
13.35 -5.977461e+01 -1.351525e+01 -8.929570e-02
13.36 -6.067175e+01 -1.368922e+01 -9.072584e-02
13.37 -6.153716e+01 -1.384422e+01 -9.208399e-02
13.38 -6.277559e+01 -1.437305e+01 -9.349939e-02
13.39 -6.336284e+01 -1.432500e+01 -9.464001e-02
13.4 -6.398754e+01 -1.442579e+01 -9.573229e-02
13.41 -6.492483e+01 -1.460033e+01 -9.701134e-02
13.42 -6.561883e+01 -1.473231e+01 -9.809451e-02
13.43 -6.628220e+01 -1.487069e+01 -9.913203e-02
13.44 -6.697515e+01 -1.503111e+01 -1.001163e-01
13.45 -6.755683e+01 -1.513426e+01 -1.010466e-01
13.46 -6.815008e+01 -1.525484e+01 -1.019513e-01
13.47 -6.871344e+01 -1.536491e+01 -1.028246e-01
13.48 -6.918401e+01 -1.542187e+01 -1.036382e-01
13.49 -6.974581e+01 -1.563065e+01 -1.044556e-01
13.5 -7.018468e+01 -1.563195e+01 -1.052196e-01
13.51 -7.074792e+01 -1.583551e+01 -1.059286e-01
13.52 -7.111558e+01 -1.585433e+01 -1.065028e-01
13.53 -7.141946e+01 -1.595867e+01 -1.070330e-01
13.54 -7.181851e+01 -1.602886e+01 -1.075629e-01
13.55 -7.211450e+01 -1.609477e+01 -1.080590e-01
13.56 -7.232736e+01 -1.608340e+01 -1.084609e-01
13.57 -7.244911e+01 -1.603205e+01 -1.088070e-01
13.58 -7.273040e+01 -1.616018e+01 -1.091315e-01
13.59 -7.281358e+01 -1.610702e+01 -1.093250e-01
13.6 -7.293616e+01 -1.619103e+01 -1.094933e-01
13.61 -7.299478e+01 -1.614551e+01 -1.096136e-01
13.62 -7.298963e+01 -1.613960e+01 -1.096892e-01
13.63 -7.288841e+01 -1.602409e+01 -1.096653e-01
13.64 -7.290419e+01 -1.607931e+01 -1.096193e-01
13.65 -7.285205e+01 -1.608424e+01 -1.094893e-01
13.66 -7.248992e+01 -1.590843e+01 -1.091918e-01
13.67 -7.222407e+01 -1.581047e+01 -1.088487e-01
13.68 -7.190107e+01 -1.568927e+01 -1.084686e-01
13.69 -7.167771e+01 -1.565728e+01 -1.080439e-01
13.7 -7.136115e+01 -1.552689e+01 -1.076565e-01
13.71 -7.101240e+01 -1.543900e+01 -1.071943e-01
13.72 -7.061022e+01 -1.531010e+01 -1.066308e-01
13.73 -6.993683e+01 -1.503710e+01 -1.059258e-01
13.74 -6.942585e+01 -1.497605e+01 -1.050905e-01
13.75 -6.867215e+01 -1.466930e+01 -1.041939e-01
13.76 -6.828014e+01 -1.464459e+01 -1.034576e-01
13.77 -6.789749e+01 -1.465061e+01 -1.026654e-01
13.78 -6.686599e+01 -1.425902e+01 -1.015341e-01
13.79 -6.604277e+01 -1.401726e+01 -1.003217e-01
13.8 -6.486698e+01 -1.363541e+01 -9.895508e-02
13.81 -6.403398e+01 -1.346203e+01 -9.769848e-02
13.82 -6.328677e+01 -1.329562e+01 -9.643244e-02
13.83 -6.198083e+01 -1.269187e+01 -9.500013e-02
13.84 -6.145479e+01 -1.292456e+01 -9.376773e-02
13.85 -6.035577e+01 -1.243959e+01 -9.238982e-02
13.86 -5.956879e+01 -1.245845e+01 -9.095912e-02
13.87 -5.766051e+01 -1.146645e+01 -8.932435e-02
13.88 -5.730572e+01 -1.162575e+01 -8.813434e-02
13.89 -5.669029e+01 -1.160160e+01 -8.687201e-02
13.9 -5.528275e+01 -1.125762e+01 -8.526919e-02
13.91 -5.460508e+01 -1.139476e+01 -8.362699e-02
13.92 -5.317026e+01 -1.095140e+01 -8.174454e-02
13.93 -5.185475e+01 -1.062001e+01 -7.984280e-02
13.94 -5.073912e+01 -1.044802e+01 -7.793549e-02
13.95 -4.948183e+01 -1.014128e+01 -7.599144e-02
13.96 -4.784795e+01 -9.814149e+00 -7.392683e-02
13.97 -4.647870e+01 -9.496358e+00 -7.183308e-02
13.98 -4.520468e+01 -9.245676e+00 -6.974786e-02
13.99 -4.390190e+01 -9.030985e+00 -6.761324e-02
14 -4.249600e+01 -8.790834e+00 -6.541061e-02
14.01 -4.099887e+01 -8.504061e+00 -6.311633e-02
14.02 -3.952672e+01 -8.255426e+00 -6.077716e-02
14.03 -3.803578e+01 -7.980514e+00 -5.838229e-02
14.04 -3.652725e+01 -7.748783e+00 -5.593840e-02
14.05 -3.499960e+01 -7.511098e+00 -5.344013e-02
14.06 -3.350065e+01 -7.281273e+00 -5.095445e-02
14.07 -3.192549e+01 -7.013593e+00 -4.836101e-02
14.08 -3.034836e+01 -6.789738e+00 -4.574025e-02
14.09 -2.881090e+01 -6.607412e+00 -4.308503e-02
14.1 -2.724483e+01 -6.373166e+00 -4.040008e-02
14.11 -2.573705e+01 -6.181494e+00 -3.770696e-02
14.12 -2.419875e+01 -6.060708e+00 -3.498462e-02
14.13 -2.278676e+01 -5.852214e+00 -3.219753e-02
14.14 -2.119388e+01 -5.610316e+00 -2.934179e-02
14.15 -1.981951e+01 -5.412990e+00 -2.647044e-02
14.16 -1.732531e+01 -5.201123e+00 -2.360880e-02
14.17 -1.556840e+01 -5.031574e+00 -2.072475e-02
14.18 -1.405878e+01 -4.925300e+00 -1.782345e-02
14.19 -1.249487e+01 -4.880694e+00 -1.489819e-02
14.2 -1.147089e+01 -4.762070e+00 -1.192142e-02
14.21 -9.426291e+00 -4.692581e+00 -8.908670e-03
14.22 -9.265031e+00 -4.609251e+00 -5.842770e-03
14.23 -6.406261e+00 -4.615121e+00 -2.788771e-03
14.24 -4.137174e+00 -4.555340e+00 3.164354e-04
14.25 -2.511608e+00 -4.450285e+00 3.487390e-03
14.26 -8.346761e-01 -4.478416e+00 6.642010e-03
14.27 8.999359e-01 -4.359858e+00 9.760441e-03
14.28 3.372057e+00 -4.335403e+00 1.279353e-02
14.29 4.378509e+00 -4.324427e+00 1.603547e-02
14.3 6.377979e+00 -4.333540e+00 1.920007e-02
14.31 7.635346e+00 -4.186523e+00 2.251799e-02
14.32 9.897969e+00 -4.090633e+00 2.564036e-02
14.33 1.107309e+01 -4.037102e+00 2.877850e-02
14.34 1.278309e+01 -3.955618e+00 3.196284e-02
14.35 1.464590e+01 -3.924688e+00 3.514539e-02
14.36 1.587906e+01 -4.029116e+00 3.816350e-02
14.37 1.776652e+01 -3.745388e+00 4.137198e-02
14.38 1.939815e+01 -3.773437e+00 4.447133e-02
14.39 2.119500e+01 -3.467375e+00 4.763118e-02
14.4 2.298644e+01 -3.327555e+00 5.070010e-02
14.41 2.485722e+01 -2.967226e+00 5.381902e-02
14.42 2.592528e+01 -3.328450e+00 5.660375e-02
14.43 2.790005e+01 -2.931051e+00 5.965836e-02
14.44 2.985993e+01 -2.606626e+00 6.272306e-02
14.45 3.163311e+01 -2.308576e+00 6.568629e-02
14.46 3.333300e+01 -2.085330e+00 6.853091e-02
14.47 3.509127e+01 -1.736353e+00 7.138618e-02
14.48 3.665352e+01 -1.562577e+00 7.413227e-02
14.49 3.869196e+01 -1.190444e+00 7.693645e-02
14.5 4.037818e+01 -9.128832e-01 7.964544e-02
14.51 4.208518e+01 -5.351724e-01 8.230162e-02
14.52 4.369480e+01 -2.204611e-01 8.488207e-02
14.53 4.538719e+01 1.144200e-01 8.741856e-02
14.54 4.699391e+01 4.439846e-01 8.991642e-02
14.55 4.856631e+01 7.014131e-01 9.232262e-02
14.56 5.008268e+01 1.062447e+00 9.468978e-02
14.57 5.180306e+01 1.805796e+00 9.716544e-02
14.58 5.325273e+01 1.894986e+00 9.923704e-02
14.59 5.458506e+01 2.091149e+00 1.013173e-01
14.6 5.586564e+01 2.414485e+00 1.033318e-01
14.61 5.705828e+01 2.631384e+00 1.052228e-01
14.62 5.852790e+01 3.034000e+00 1.072376e-01
14.63 5.959583e+01 3.266157e+00 1.091417e-01
14.64 6.116267e+01 3.664292e+00 1.110817e-01
14.65 6.225165e+01 3.908394e+00 1.127966e-01
14.66 6.329550e+01 4.140636e+00 1.143534e-01
14.67 6.448337e+01 4.481846e+00 1.159644e-01
14.68 6.542296e+01 4.761948e+00 1.174307e-01
14.69 6.641694e+01 4.976446e+00 1.188069e-01
14.7 6.746938e+01 5.451833e+00 1.201035e-01
14.71 6.834717e+01 5.479300e+00 1.214726e-01
14.72 6.937795e+01 5.919873e+00 1.228449e-01
14.73 7.095462e+01 7.070807e+00 1.244864e-01
14.74 7.060318e+01 5.517601e+00 1.249423e-01
14.75 7.098322e+01 6.035161e+00 1.256259e-01
14.76 7.193210e+01 6.409287e+00 1.267475e-01
14.77 7.267802e+01 6.605154e+00 1.277820e-01
14.78 7.321483e+01 6.770952e+00 1.285105e-01
14.79 7.381661e+01 6.874620e+00 1.294030e-01
14.8 7.448410e+01 7.110227e+00 1.302246e-01
14.81 7.480467e+01 7.123870e+00 1.308502e-01
14.82 7.512183e+01 7.226947e+00 1.312892e-01
14.83 7.553277e+01 7.364372e+00 1.317881e-01
14.84 7.581361e+01 7.432184e+00 1.322155e-01
14.85 7.601354e+01 7.458069e+00 1.325707e-01
14.86 7.628502e+01 7.517259e+00 1.329421e-01
14.87 7.650436e+01 7.575712e+00 1.332679e-01
14.88 7.650034e+01 7.544418e+00 1.333586e-01
14.89 7.663829e+01 7.621471e+00 1.334541e-01
14.9 7.667196e+01 7.626405e+00 1.335177e-01
14.91 7.667436e+01 7.634541e+00 1.335085e-01
14.92 7.642541e+01 7.477039e+00 1.333693e-01
14.93 7.634317e+01 7.450235e+00 1.332459e-01
14.94 7.634997e+01 7.498845e+00 1.331873e-01
14.95 7.623125e+01 7.447471e+00 1.330183e-01
14.96 7.598236e+01 7.347667e+00 1.327540e-01
14.97 7.576098e+01 7.275797e+00 1.324586e-01
14.98 7.563520e+01 7.291036e+00 1.321399e-01
14.99 7.519063e+01 7.140880e+00 1.316430e-01
15 7.474765e+01 6.953859e+00 1.310827e-01
15.01 7.436095e+01 6.870061e+00 1.305710e-01
15.02 7.404985e+01 6.824137e+00 1.300484e-01
15.03 7.352143e+01 6.656027e+00 1.293665e-01
15.04 7.285910e+01 6.427460e+00 1.285586e-01
15.05 7.234744e+01 6.289711e+00 1.278032e-01
15.06 7.182800e+01 6.131345e+00 1.271158e-01
15.07 7.127035e+01 5.962881e+00 1.263723e-01
15.08 7.068134e+01 5.802502e+00 1.255655e-01
15.09 7.018190e+01 5.724008e+00 1.247046e-01
15.1 6.939982e+01 5.513811e+00 1.236548e-01
15.11 6.842221e+01 5.162368e+00 1.225228e-01
15.12 6.782237e+01 5.032606e+00 1.215518e-01
15.13 6.706285e+01 4.818874e+00 1.205075e-01
15.14 6.603108e+01 4.434030e+00 1.193328e-01
15.15 6.553122e+01 4.412091e+00 1.182930e-01
15.16 6.458549e+01 4.145903e+00 1.170941e-01
15.17 6.357478e+01 3.795960e+00 1.157627e-01
15.18 6.285033e+01 3.669422e+00 1.144884e-01
15.19 6.205613e+01 3.563255e+00 1.131663e-01
15.2 6.107030e+01 3.353872e+00 1.117325e-01
15.21 5.984366e+01 2.932469e+00 1.101950e-01
15.22 5.882668e+01 2.719492e+00 1.087195e-01
15.23 5.786240e+01 2.420589e+00 1.072193e-01
15.24 5.681304e+01 2.237261e+00 1.056224e-01
15.25 5.554523e+01 1.885648e+00 1.039292e-01
15.26 5.442713e+01 1.595899e+00 1.022366e-01
15.27 5.330736e+01 1.343071e+00 1.005199e-01
15.28 5.208540e+01 1.112174e+00 9.885730e-02
15.29 5.101134e+01 8.054563e-01 9.715780e-02
15.3 4.977448e+01 6.152515e-01 9.542571e-02
15.31 4.859367e+01 2.906548e-01 9.360599e-02
15.32 4.760227e+01 2.110787e-01 9.176080e-02
15.33 4.633500e+01 6.653893e-02 8.975063e-02
15.34 4.459072e+01 -4.950606e-01 8.750663e-02
15.35 4.318822e+01 -8.312677e-01 8.533288e-02
15.36 4.121384e+01 -1.564434e+00 8.324274e-02
15.37 4.069555e+01 -1.466583e+00 8.180920e-02
15.38 3.962650e+01 -1.612527e+00 8.020894e-02
15.39 3.881293e+01 -1.496898e+00 7.823004e-02
15.4 3.690347e+01 -2.020450e+00 7.572342e-02
15.41 3.536094e+01 -2.435717e+00 7.327953e-02
15.42 3.382380e+01 -2.641431e+00 7.100367e-02
15.43 3.225384e+01 -2.949506e+00 6.871062e-02
15.44 3.089498e+01 -3.187185e+00 6.640164e-02
15.45 2.947076e+01 -3.489143e+00 6.406607e-02
15.46 2.795773e+01 -3.680951e+00 6.173128e-02
15.47 2.649371e+01 -3.897110e+00 5.940158e-02
15.48 2.453176e+01 -4.543970e+00 5.690832e-02
15.49 2.388853e+01 -4.460272e+00 5.496150e-02
15.5 2.236639e+01 -4.590835e+00 5.280201e-02
15.51 2.086992e+01 -4.877518e+00 5.030893e-02
15.52 1.932659e+01 -5.125195e+00 4.764692e-02
15.53 1.773286e+01 -5.273353e+00 4.503477e-02
15.54 1.634033e+01 -5.433448e+00 4.244769e-02
15.55 1.486284e+01 -5.703440e+00 3.967784e-02
15.56 1.320194e+01 -5.876821e+00 3.686168e-02
15.57 1.156611e+01 -6.039820e+00 3.407920e-02
15.58 1.026238e+01 -6.195455e+00 3.123230e-02
15.59 7.957610e+00 -6.382115e+00 2.832366e-02
15.6 7.409732e+00 -6.539713e+00 2.537103e-02
15.61 6.080041e+00 -6.665148e+00 2.243930e-02
15.62 3.212999e+00 -6.847153e+00 1.942012e-02
15.63 3.652634e+00 -6.952550e+00 1.633156e-02
15.64 4.058343e+00 -7.114123e+00 1.321386e-02
15.65 -7.303886e-01 -7.091180e+00 1.024513e-02
15.66 -2.964502e+00 -7.249312e+00 7.056516e-03
15.67 -4.237605e+00 -7.357870e+00 3.846718e-03
15.68 -5.135862e+00 -7.710684e+00 4.447169e-04
15.69 -9.609994e+00 -7.483403e+00 -2.755648e-03
15.7 -1.126263e+01 -7.794929e+00 -6.208053e-03
15.71 -1.275508e+01 -7.710351e+00 -9.478299e-03
15.72 -1.462457e+01 -7.798700e+00 -1.279324e-02
15.73 -1.352564e+01 -8.026827e+00 -1.630079e-02
15.74 -1.804751e+01 -8.188887e+00 -1.989951e-02
15.75 -2.061382e+01 -8.236554e+00 -2.334095e-02
15.76 -2.260264e+01 -8.549948e+00 -2.688380e-02
15.77 -2.394739e+01 -8.707666e+00 -3.046259e-02
15.78 -2.676579e+01 -8.889807e+00 -3.403292e-02
15.79 -2.884219e+01 -9.104241e+00 -3.760281e-02
15.8 -3.084641e+01 -9.517974e+00 -4.138491e-02
15.81 -3.320715e+01 -9.765286e+00 -4.507430e-02
15.82 -3.545764e+01 -1.002965e+01 -4.876449e-02
15.83 -3.784740e+01 -1.049483e+01 -5.255722e-02
15.84 -4.037465e+01 -1.083466e+01 -5.634805e-02
15.85 -4.260747e+01 -1.122124e+01 -6.013395e-02
15.86 -4.486399e+01 -1.155163e+01 -6.389428e-02
15.87 -4.710755e+01 -1.197869e+01 -6.773607e-02
15.88 -4.938415e+01 -1.231826e+01 -7.158822e-02
15.89 -5.022472e+01 -1.041571e+01 -7.404175e-02
15.9 -5.501198e+01 -1.567348e+01 -7.940155e-02
15.91 -5.779152e+01 -1.438478e+01 -8.369250e-02
15.92 -5.987016e+01 -1.466063e+01 -8.735422e-02
15.93 -6.185054e+01 -1.487752e+01 -9.085680e-02
15.94 -6.476829e+01 -1.550201e+01 -9.458234e-02
15.95 -6.738677e+01 -1.619578e+01 -9.844396e-02
15.96 -6.910067e+01 -1.627983e+01 -1.019396e-01
15.97 -7.175064e+01 -1.707187e+01 -1.055063e-01
15.98 -7.443775e+01 -1.773360e+01 -1.091068e-01
15.99 -7.699989e+01 -1.835335e+01 -1.127131e-01
16 -7.936418e+01 -1.894797e+01 -1.162078e-01
16.01 -8.155999e+01 -1.950626e+01 -1.197263e-01
16.02 -8.415766e+01 -2.017309e+01 -1.231254e-01
16.03 -8.647105e+01 -2.072094e+01 -1.264693e-01
16.04 -8.847910e+01 -2.112566e+01 -1.296649e-01
16.05 -9.100577e+01 -2.204155e+01 -1.329742e-01
16.06 -9.368877e+01 -2.280242e+01 -1.362755e-01
16.07 -9.566398e+01 -2.333831e+01 -1.392401e-01
16.08 -9.779448e+01 -2.385024e+01 -1.422193e-01
16.09 -1.001400e+02 -2.477794e+01 -1.453088e-01
16.1 -1.020994e+02 -2.509444e+01 -1.481538e-01
16.11 -1.042077e+02 -2.584278e+01 -1.510970e-01
16.12 -1.060174e+02 -2.600039e+01 -1.537038e-01
16.13 -1.083426e+02 -2.730594e+01 -1.565428e-01
16.14 -1.101460e+02 -2.744618e+01 -1.590671e-01
16.15 -1.120558e+02 -2.821115e+01 -1.615406e-01
16.16 -1.137114e+02 -2.862764e+01 -1.638755e-01
16.17 -1.159602e+02 -2.946820e+01 -1.664182e-01
16.18 -1.174897e+02 -2.993070e+01 -1.685184e-01
16.19 -1.188779e+02 -3.027880e+01 -1.705000e-01
16.2 -1.205793e+02 -3.093017e+01 -1.724908e-01
16.21 -1.217263e+02 -3.125964e+01 -1.741250e-01
16.22 -1.223878e+02 -3.116980e+01 -1.754849e-01
16.23 -1.239615e+02 -3.198208e+01 -1.771341e-01
16.24 -1.249916e+02 -3.219538e+01 -1.786520e-01
16.25 -1.254643e+02 -3.203587e+01 -1.798443e-01
16.26 -1.270310e+02 -3.273185e+01 -1.813785e-01
16.27 -1.279427e+02 -3.299252e+01 -1.827023e-01
16.28 -1.293514e+02 -3.373025e+01 -1.839331e-01
16.29 -1.294827e+02 -3.358158e+01 -1.846609e-01
16.3 -1.303464e+02 -3.395362e+01 -1.854769e-01
16.31 -1.310313e+02 -3.421061e+01 -1.862996e-01
16.32 -1.308310e+02 -3.383419e+01 -1.867294e-01
16.33 -1.313620e+02 -3.403593e+01 -1.872873e-01
16.34 -1.315603e+02 -3.396203e+01 -1.876695e-01
16.35 -1.319509e+02 -3.433131e+01 -1.880282e-01
16.36 -1.319492e+02 -3.417925e+01 -1.881336e-01
16.37 -1.319878e+02 -3.423417e+01 -1.881909e-01
16.38 -1.321413e+02 -3.432096e+01 -1.881902e-01
16.39 -1.315129e+02 -3.398391e+01 -1.877481e-01
16.4 -1.309648e+02 -3.373723e+01 -1.871369e-01
16.41 -1.304158e+02 -3.353349e+01 -1.864834e-01
16.42 -1.295388e+02 -3.307653e+01 -1.856308e-01
16.43 -1.284745e+02 -3.248665e+01 -1.845518e-01
16.44 -1.277537e+02 -3.242150e+01 -1.835588e-01
16.45 -1.266706e+02 -3.173430e+01 -1.823483e-01
16.46 -1.262047e+02 -3.215199e+01 -1.811675e-01
16.47 -1.242967e+02 -3.113894e+01 -1.794467e-01
16.48 -1.228048e+02 -3.047965e+01 -1.777489e-01
16.49 -1.217371e+02 -3.012953e+01 -1.762932e-01
16.5 -1.206321e+02 -2.976544e+01 -1.748692e-01
16.51 -1.188270e+02 -2.910183e+01 -1.728528e-01
16.52 -1.169511e+02 -2.835828e+01 -1.706647e-01
16.53 -1.153535e+02 -2.785873e+01 -1.685337e-01
16.54 -1.136160e+02 -2.723247e+01 -1.663235e-01
16.55 -1.121658e+02 -2.686313e+01 -1.640852e-01
16.56 -1.098704e+02 -2.597645e+01 -1.613984e-01
16.57 -1.075763e+02 -2.518117e+01 -1.585082e-01
16.58 -1.052054e+02 -2.445432e+01 -1.556347e-01
16.59 -1.029254e+02 -2.375249e+01 -1.526247e-01
16.6 -1.003999e+02 -2.289342e+01 -1.494457e-01
16.61 -9.789172e+01 -2.209345e+01 -1.461678e-01
16.62 -9.533954e+01 -2.127201e+01 -1.428028e-01
16.63 -9.245977e+01 -2.026885e+01 -1.392815e-01
16.64 -8.976936e+01 -1.948322e+01 -1.356446e-01
16.65 -8.704614e+01 -1.870510e+01 -1.319281e-01
16.66 -8.414495e+01 -1.777292e+01 -1.281258e-01
16.67 -8.136225e+01 -1.701944e+01 -1.242835e-01
16.68 -7.856185e+01 -1.626305e+01 -1.203245e-01
16.69 -7.559176e+01 -1.547848e+01 -1.161850e-01
16.7 -7.246041e+01 -1.464592e+01 -1.118965e-01
16.71 -6.949418e+01 -1.395643e+01 -1.075955e-01
16.72 -6.683776e+01 -1.334572e+01 -1.032826e-01
16.73 -6.387623e+01 -1.268373e+01 -9.878835e-02
16.74 -6.015054e+01 -1.158054e+01 -9.393010e-02
16.75 -5.710133e+01 -1.093746e+01 -8.918177e-02
16.76 -5.382945e+01 -1.016837e+01 -8.440308e-02
16.77 -5.061297e+01 -9.498437e+00 -7.959170e-02
16.78 -4.764454e+01 -8.972275e+00 -7.477014e-02
16.79 -4.425972e+01 -8.181953e+00 -6.977053e-02
16.8 -4.105580e+01 -7.664138e+00 -6.478690e-02
16.81 -3.794683e+01 -7.053970e+00 -5.979454e-02
16.82 -3.491263e+01 -6.688007e+00 -5.480803e-02
16.83 -3.153870e+01 -6.070711e+00 -4.960311e-02
16.84 -2.898210e+01 -6.050948e+00 -4.452404e-02
16.85 -2.559869e+01 -5.342622e+00 -3.913107e-02
16.86 -2.223788e+01 -4.816688e+00 -3.386805e-02
16.87 -1.865047e+01 -4.624389e+00 -2.866262e-02
16.88 -1.630557e+01 -4.326934e+00 -2.343924e-02
16.89 -1.223571e+01 -4.115621e+00 -1.815751e-02
16.9 -9.371832e+00 -3.818169e+00 -1.281688e-02
16.91 -6.935287e+00 -3.712944e+00 -7.511365e-03
16.92 -4.229599e+00 -3.638607e+00 -2.237983e-03
16.93 -1.272620e+00 -3.418060e+00 3.215756e-03
16.94 2.719995e+00 -3.281555e+00 8.699552e-03
16.95 4.406063e+00 -3.136880e+00 1.418766e-02
16.96 7.825529e+00 -3.116926e+00 1.951231e-02
16.97 1.094718e+01 -2.959807e+00 2.490508e-02
16.98 1.350730e+01 -2.806220e+00 3.032785e-02
16.99 1.636801e+01 -2.725733e+00 3.572132e-02
17 1.932580e+01 -2.598722e+00 4.108849e-02
17.01 2.259529e+01 -2.401250e+00 4.646428e-02
17.02 2.541109e+01 -2.178257e+00 5.181493e-02
17.03 2.777025e+01 -1.967964e+00 5.707478e-02
17.04 3.073402e+01 -1.706385e+00 6.228378e-02
17.05 3.378553e+01 -1.327714e+00 6.745640e-02
17.06 3.678120e+01 -9.481885e-01 7.259931e-02
17.07 3.988025e+01 -4.729482e-01 7.772375e-02
17.08 4.315410e+01 5.566324e-02 8.276814e-02
17.09 4.613579e+01 5.519777e-01 8.768698e-02
17.1 4.912422e+01 1.132761e+00 9.251580e-02
17.11 5.218482e+01 1.724470e+00 9.724870e-02
17.12 5.508091e+01 2.323994e+00 1.018764e-01
17.13 5.807382e+01 2.973680e+00 1.064415e-01
17.14 6.108476e+01 3.676288e+00 1.108935e-01
17.15 6.400893e+01 4.374803e+00 1.152464e-01
17.16 6.691047e+01 5.118794e+00 1.193941e-01
17.17 6.978606e+01 5.902563e+00 1.235270e-01
17.18 7.260111e+01 6.623334e+00 1.275535e-01
17.19 7.540749e+01 7.369595e+00 1.314689e-01
17.2 7.813093e+01 8.139080e+00 1.352628e-01
17.21 8.052470e+01 8.772602e+00 1.388783e-01
17.22 8.301397e+01 9.556272e+00 1.423696e-01
17.23 8.571627e+01 1.028626e+01 1.457574e-01
17.24 8.818331e+01 1.101461e+01 1.490008e-01
17.25 9.056516e+01 1.177512e+01 1.521554e-01
17.26 9.286092e+01 1.252000e+01 1.552495e-01
17.27 9.479745e+01 1.301634e+01 1.580021e-01
17.28 9.684431e+01 1.376693e+01 1.606638e-01
17.29 9.879861e+01 1.435519e+01 1.632397e-01
17.3 1.007370e+02 1.496981e+01 1.656280e-01
17.31 1.025229e+02 1.561849e+01 1.678642e-01
17.32 1.040760e+02 1.611310e+01 1.699233e-01
17.33 1.056548e+02 1.667378e+01 1.718728e-01
17.34 1.069501e+02 1.709901e+01 1.736121e-01
17.35 1.081797e+02 1.748545e+01 1.752174e-01
17.36 1.093064e+02 1.784621e+01 1.766931e-01
17.37 1.104002e+02 1.823381e+01 1.780579e-01
17.38 1.114425e+02 1.860469e+01 1.793338e-01
17.39 1.122409e+02 1.885381e+01 1.804038e-01
17.4 1.129168e+02 1.906313e+01 1.813271e-01
17.41 1.136099e+02 1.931170e+01 1.821645e-01
17.42 1.141351e+02 1.949902e+01 1.828429e-01
17.43 1.144715e+02 1.956958e+01 1.833566e-01
17.44 1.146644e+02 1.956665e+01 1.837541e-01
17.45 1.150484e+02 1.977901e+01 1.840831e-01
17.46 1.151153e+02 1.980295e+01 1.841856e-01
17.47 1.151097e+02 1.979020e+01 1.841735e-01
17.48 1.149705e+02 1.978057e+01 1.839745e-01
17.49 1.148412e+02 1.974823e+01 1.837558e-01
17.5 1.142586e+02 1.947910e+01 1.832219e-01
17.51 1.138580e+02 1.935152e+01 1.826854e-01
17.52 1.134780e+02 1.918560e+01 1.822229e-01
17.53 1.128216e+02 1.885616e+01 1.816423e-01
17.54 1.128794e+02 1.909499e+01 1.811708e-01
17.55 1.122897e+02 1.895608e+01 1.803716e-01
17.56 1.112402e+02 1.854180e+01 1.791908e-01
17.57 1.100293e+02 1.806081e+01 1.778434e-01
17.58 1.092336e+02 1.780024e+01 1.767434e-01
17.59 1.084244e+02 1.753831e+01 1.756216e-01
17.6 1.074274e+02 1.724357e+01 1.743576e-01
17.61 1.060252e+02 1.661040e+01 1.727815e-01
17.62 1.045968e+02 1.605727e+01 1.712041e-01
17.63 1.040625e+02 1.596919e+01 1.701915e-01
17.64 1.029511e+02 1.562299e+01 1.688583e-01
17.65 1.015999e+02 1.510698e+01 1.671726e-01
17.66 1.002710e+02 1.466548e+01 1.654626e-01
17.67 9.877066e+01 1.418897e+01 1.636240e-01
17.68 9.737365e+01 1.377108e+01 1.617368e-01
17.69 9.591219e+01 1.333772e+01 1.597581e-01
17.7 9.444583e+01 1.286052e+01 1.578099e-01
17.71 9.290425e+01 1.240772e+01 1.557582e-01
17.72 9.126077e+01 1.187802e+01 1.536143e-01
17.73 8.958146e+01 1.133614e+01 1.514219e-01
17.74 8.786975e+01 1.083116e+01 1.491365e-01
17.75 8.628053e+01 1.037106e+01 1.469236e-01
17.76 8.461901e+01 9.868210e+00 1.446924e-01
17.77 8.286411e+01 9.350202e+00 1.423434e-01
17.78 8.106847e+01 8.796533e+00 1.399448e-01
17.79 7.925276e+01 8.279542e+00 1.374469e-01
17.8 7.736881e+01 7.704238e+00 1.349304e-01
17.81 7.551025e+01 7.154954e+00 1.323831e-01
17.82 7.389421e+01 6.761952e+00 1.300037e-01
17.83 7.222144e+01 6.332429e+00 1.275472e-01
17.84 7.014405e+01 5.631776e+00 1.248406e-01
17.85 6.836468e+01 5.222307e+00 1.222069e-01
17.86 6.648139e+01 4.815187e+00 1.196517e-01
17.87 6.470717e+01 4.429467e+00 1.169452e-01
17.88 6.271226e+01 3.831218e+00 1.140283e-01
17.89 6.056294e+01 3.292736e+00 1.111574e-01
17.9 5.887465e+01 2.883075e+00 1.084546e-01
17.91 5.695214e+01 2.354571e+00 1.057430e-01
17.92 5.490034e+01 1.940747e+00 1.029998e-01
17.93 5.312553e+01 1.437618e+00 1.003435e-01
17.94 5.162775e+01 1.222074e+00 9.766495e-02
17.95 4.961930e+01 7.024290e-01 9.481351e-02
17.96 4.775413e+01 2.780205e-01 9.185151e-02
17.97 4.586808e+01 1.046250e-01 8.896964e-02
17.98 4.379448e+01 -6.849942e-01 8.596595e-02
17.99 4.204999e+01 -5.530519e-01 8.312786e-02
18 3.972229e+01 -1.846341e+00 7.995892e-02
18.01 3.826106e+01 -1.236484e+00 7.735361e-02
18.02 3.586356e+01 -2.714185e+00 7.415681e-02
18.03 3.598963e+01 -5.163642e-02 7.248012e-02
18.04 3.164844e+01 -4.748808e+00 6.844703e-02
18.05 3.022491e+01 -3.422953e+00 6.542864e-02
18.06 2.903389e+01 -3.390714e+00 6.303555e-02
18.07 2.762066e+01 -3.292983e+00 6.055964e-02
18.08 2.520683e+01 -4.395792e+00 5.715110e-02
18.09 2.361570e+01 -4.025558e+00 5.439442e-02
18.1 2.167308e+01 -5.064033e+00 5.130885e-02
18.11 2.015506e+01 -4.633178e+00 4.872296e-02
18.12 1.808003e+01 -5.468357e+00 4.574191e-02
18.13 1.697411e+01 -5.063618e+00 4.329116e-02
18.14 1.504211e+01 -5.823265e+00 4.030675e-02
18.15 1.349062e+01 -5.487912e+00 3.760188e-02
18.16 1.163559e+01 -6.233529e+00 3.456537e-02
18.17 9.401527e+00 -6.609623e+00 3.153459e-02
18.18 7.894087e+00 -6.376154e+00 2.913802e-02
18.19 6.978952e+00 -6.454789e+00 2.655518e-02
18.2 5.286528e+00 -6.643193e+00 2.365902e-02
18.21 3.632376e+00 -6.794688e+00 2.062728e-02
18.22 2.831525e+00 -5.703283e+00 1.850756e-02
18.23 3.723092e-01 -7.761085e+00 1.445905e-02
18.24 -2.095168e+00 -7.305210e+00 1.089222e-02
18.25 -3.346354e+00 -7.226857e+00 8.021023e-03
18.26 -4.944672e+00 -7.249335e+00 5.146283e-03
18.27 -7.526356e+00 -7.439867e+00 2.058013e-03
18.28 -8.359636e+00 -7.506198e+00 -1.082671e-03
18.29 -1.053635e+01 -7.672720e+00 -4.313704e-03
18.3 -1.289179e+01 -7.777464e+00 -7.442360e-03
18.31 -1.380992e+01 -7.864045e+00 -1.060157e-02
18.32 -1.526601e+01 -7.892903e+00 -1.370136e-02
18.33 -1.692157e+01 -8.084691e+00 -1.675466e-02
18.34 -1.869923e+01 -8.138162e+00 -1.989150e-02
18.35 -2.049253e+01 -8.327272e+00 -2.306814e-02
18.36 -2.278041e+01 -8.495223e+00 -2.642742e-02
18.37 -2.437836e+01 -8.750782e+00 -2.991481e-02
18.38 -2.565652e+01 -8.934019e+00 -3.335856e-02
18.39 -2.849360e+01 -9.162615e+00 -3.677600e-02
18.4 -3.008769e+01 -9.403550e+00 -4.021997e-02
18.41 -3.231885e+01 -9.707747e+00 -4.378975e-02
18.42 -3.469779e+01 -9.988748e+00 -4.737556e-02
18.43 -3.698747e+01 -1.043935e+01 -5.106756e-02
18.44 -3.924729e+01 -1.074965e+01 -5.476773e-02
18.45 -4.133223e+01 -1.104435e+01 -5.827529e-02
18.46 -4.357518e+01 -1.136406e+01 -6.189050e-02
18.47 -4.600685e+01 -1.198950e+01 -6.573519e-02
18.48 -4.854759e+01 -1.236623e+01 -6.964940e-02
18.49 -5.135059e+01 -1.306676e+01 -7.387159e-02
18.5 -5.336410e+01 -1.314547e+01 -7.748724e-02
18.51 -5.577727e+01 -1.369701e+01 -8.127859e-02
18.52 -5.878739e+01 -1.459159e+01 -8.536479e-02
18.53 -6.135454e+01 -1.507735e+01 -8.935925e-02
18.54 -6.376197e+01 -1.551755e+01 -9.312779e-02
18.55 -6.681760e+01 -1.648266e+01 -9.711495e-02
18.56 -6.890552e+01 -1.652336e+01 -1.008937e-01
18.57 -7.119172e+01 -1.704280e+01 -1.046053e-01
18.58 -7.391031e+01 -1.766559e+01 -1.084018e-01
18.59 -7.691491e+01 -1.873987e+01 -1.124179e-01
18.6 -7.951582e+01 -1.917534e+01 -1.162566e-01
18.61 -8.207721e+01 -1.980782e+01 -1.200613e-01
18.62 -8.468884e+01 -2.029065e+01 -1.237241e-01
18.63 -8.774181e+01 -2.161481e+01 -1.278191e-01
18.64 -8.977306e+01 -2.113691e+01 -1.311168e-01
18.65 -9.339402e+01 -2.339445e+01 -1.354319e-01
18.66 -9.573274e+01 -2.331262e+01 -1.389671e-01
18.67 -9.862886e+01 -2.486319e+01 -1.428978e-01
18.68 -1.012001e+02 -2.483685e+01 -1.463447e-01
18.69 -1.042203e+02 -2.661320e+01 -1.501983e-01
18.7 -1.062073e+02 -2.620353e+01 -1.533562e-01
18.71 -1.096758e+02 -2.829653e+01 -1.574513e-01
18.72 -1.120661e+02 -2.828558e+01 -1.608845e-01
18.73 -1.141205e+02 -2.907734e+01 -1.639717e-01
18.74 -1.166401e+02 -2.978673e+01 -1.671102e-01
18.75 -1.198403e+02 -3.107374e+01 -1.705268e-01
18.76 -1.217502e+02 -3.167543e+01 -1.735366e-01
18.77 -1.244724e+02 -3.257843e+01 -1.767741e-01
18.78 -1.267357e+02 -3.328139e+01 -1.798667e-01
18.79 -1.291714e+02 -3.412960e+01 -1.828074e-01
18.8 -1.310264e+02 -3.468973e+01 -1.853745e-01
18.81 -1.331563e+02 -3.546023e+01 -1.879859e-01
18.82 -1.354540e+02 -3.628244e+01 -1.907141e-01
18.83 -1.372488e+02 -3.687789e+01 -1.930836e-01
18.84 -1.395927e+02 -3.791696e+01 -1.955480e-01
18.85 -1.407223e+02 -3.810978e+01 -1.974900e-01
18.86 -1.423891e+02 -3.878077e+01 -1.994789e-01
18.87 -1.440523e+02 -3.930435e+01 -2.014730e-01
18.88 -1.454849e+02 -3.986657e+01 -2.032991e-01
18.89 -1.467449e+02 -4.019141e+01 -2.049206e-01
18.9 -1.482814e+02 -4.087664e+01 -2.065330e-01
18.91 -1.488699e+02 -4.088543e+01 -2.076502e-01
18.92 -1.503078e+02 -4.163721e+01 -2.092425e-01
18.93 -1.510645e+02 -4.173651e+01 -2.102518e-01
18.94 -1.516011e+02 -4.197768e+01 -2.110345e-01
18.95 -1.518757e+02 -4.184475e+01 -2.116622e-01
18.96 -1.524776e+02 -4.212346e+01 -2.122453e-01
18.97 -1.531730e+02 -4.251520e+01 -2.128059e-01
18.98 -1.519197e+02 -4.153765e+01 -2.125324e-01
18.99 -1.528267e+02 -4.209498e+01 -2.129767e-01
19 -1.531499e+02 -4.228213e+01 -2.132473e-01
19.01 -1.521417e+02 -4.156387e+01 -2.128334e-01
19.02 -1.524137e+02 -4.185056e+01 -2.126596e-01
19.03 -1.518871e+02 -4.152629e+01 -2.123067e-01
19.04 -1.513003e+02 -4.116873e+01 -2.117499e-01
19.05 -1.507852e+02 -4.108756e+01 -2.110985e-01
19.06 -1.499739e+02 -4.067998e+01 -2.102353e-01
19.07 -1.491905e+02 -4.041786e+01 -2.093042e-01
19.08 -1.483175e+02 -4.011216e+01 -2.081629e-01
19.09 -1.467769e+02 -3.941122e+01 -2.066256e-01
19.1 -1.451696e+02 -3.874658e+01 -2.048404e-01
19.11 -1.435205e+02 -3.808016e+01 -2.029291e-01
19.12 -1.416662e+02 -3.729722e+01 -2.008994e-01
19.13 -1.395376e+02 -3.635371e+01 -1.986232e-01
19.14 -1.378454e+02 -3.573785e+01 -1.964119e-01
19.15 -1.356864e+02 -3.490569e+01 -1.940251e-01
19.16 -1.333966e+02 -3.388284e+01 -1.913977e-01
19.17 -1.318186e+02 -3.358782e+01 -1.888918e-01
19.18 -1.292571e+02 -3.256647e+01 -1.860691e-01
19.19 -1.263776e+02 -3.137491e+01 -1.828106e-01
19.2 -1.238526e+02 -3.054853e+01 -1.795601e-01
19.21 -1.214895e+02 -2.985432e+01 -1.763069e-01
19.22 -1.188126e+02 -2.902490e+01 -1.727101e-01
19.23 -1.154915e+02 -2.791704e+01 -1.686090e-01
19.24 -1.117926e+02 -2.642990e+01 -1.643144e-01
19.25 -1.088178e+02 -2.555887e+01 -1.602186e-01
19.26 -1.048616e+02 -2.405255e+01 -1.558731e-01
19.27 -1.016568e+02 -2.295040e+01 -1.514284e-01
19.28 -9.802081e+01 -2.186153e+01 -1.469127e-01
19.29 -9.442682e+01 -2.068004e+01 -1.423071e-01
19.3 -9.086052e+01 -1.958921e+01 -1.375630e-01
19.31 -8.736258e+01 -1.864609e+01 -1.327108e-01
19.32 -8.386583e+01 -1.763656e+01 -1.278012e-01
19.33 -8.005128e+01 -1.637145e+01 -1.226616e-01
19.34 -7.621945e+01 -1.533463e+01 -1.174236e-01
19.35 -7.259678e+01 -1.448738e+01 -1.121687e-01
19.36 -6.862327e+01 -1.335623e+01 -1.066962e-01
19.37 -6.492747e+01 -1.253911e+01 -1.011938e-01
19.38 -6.090948e+01 -1.146538e+01 -9.548329e-02
19.39 -5.685040e+01 -1.037146e+01 -8.966965e-02
19.4 -5.316696e+01 -9.625585e+00 -8.399165e-02
19.41 -4.897112e+01 -8.823668e+00 -7.826213e-02
19.42 -4.511413e+01 -8.024764e+00 -7.243287e-02
19.43 -4.145428e+01 -7.345367e+00 -6.649004e-02
19.44 -3.735492e+01 -6.630300e+00 -6.043779e-02
19.45 -3.337663e+01 -5.965337e+00 -5.434060e-02
19.46 -2.986785e+01 -5.486507e+00 -4.817648e-02
19.47 -2.666821e+01 -5.209703e+00 -4.187296e-02
19.48 -2.169476e+01 -4.613966e+00 -3.553983e-02
19.49 -1.826231e+01 -4.300845e+00 -2.925580e-02
19.5 -1.533446e+01 -3.915858e+00 -2.285652e-02
19.51 -1.081232e+01 -3.508484e+00 -1.622097e-02
19.52 -7.325905e+00 -3.086048e+00 -9.619783e-03
19.53 -3.454583e+00 -3.136097e+00 -3.308967e-03
19.54 -1.891074e-03 -3.007665e+00 3.135295e-03
19.55 2.159579e+00 -3.193559e+00 9.507116e-03
19.56 5.589540e+00 -2.950353e+00 1.611163e-02
19.57 9.107583e+00 -3.052919e+00 2.260822e-02
19.58 1.301697e+01 -2.224522e+00 2.942808e-02
19.59 1.593751e+01 -3.028637e+00 3.553148e-02
19.6 1.996200e+01 -1.757713e+00 4.225078e-02
19.61 2.313391e+01 -2.349176e+00 4.842198e-02
19.62 2.710766e+01 -1.203271e+00 5.504368e-02
19.63 3.017367e+01 -1.805547e+00 6.103611e-02
19.64 3.378991e+01 -7.282239e-01 6.717462e-02
19.65 3.700913e+01 -1.113481e+00 7.290883e-02
19.66 4.082872e+01 -3.979837e-02 7.894838e-02
19.67 4.424201e+01 4.662122e-01 8.473252e-02
19.68 4.781564e+01 1.086301e+00 9.047447e-02
19.69 5.133644e+01 1.615438e+00 9.603235e-02
19.7 5.492186e+01 2.439217e+00 1.016070e-01
19.71 5.863659e+01 3.313912e+00 1.070958e-01
19.72 6.225766e+01 4.217727e+00 1.124575e-01
19.73 6.591009e+01 5.077193e+00 1.177658e-01
19.74 6.950516e+01 6.017968e+00 1.229485e-01
19.75 7.348940e+01 7.164330e+00 1.283933e-01
19.76 7.675627e+01 7.911604e+00 1.332282e-01
19.77 8.023171e+01 8.929565e+00 1.380085e-01
19.78 8.356461e+01 9.780790e+00 1.426640e-01
19.79 8.687335e+01 1.089996e+01 1.470944e-01
19.8 8.996910e+01 1.167159e+01 1.513250e-01
19.81 9.333354e+01 1.293583e+01 1.556168e-01
19.82 9.624875e+01 1.367177e+01 1.595642e-01
19.83 9.930222e+01 1.479630e+01 1.635032e-01
19.84 1.019793e+02 1.547179e+01 1.670719e-01
19.85 1.048815e+02 1.659450e+01 1.707558e-01
19.86 1.074104e+02 1.725834e+01 1.741122e-01
19.87 1.102391e+02 1.835184e+01 1.774048e-01
19.88 1.125074e+02 1.911056e+01 1.803979e-01
19.89 1.147204e+02 1.985369e+01 1.832268e-01
19.9 1.169141e+02 2.068272e+01 1.859195e-01
19.91 1.189004e+02 2.134048e+01 1.883989e-01
19.92 1.208310e+02 2.208651e+01 1.906946e-01
19.93 1.223916e+02 2.259778e+01 1.927490e-01
19.94 1.240029e+02 2.317981e+01 1.947110e-01
19.95 1.253613e+02 2.364666e+01 1.964562e-01
19.96 1.264238e+02 2.393361e+01 1.979971e-01
19.97 1.277944e+02 2.452060e+01 1.994624e-01
19.98 1.287884e+02 2.483182e+01 2.007796e-01
19.99 1.296998e+02 2.515086e+01 2.019260e-01
20 1.304407e+02 2.543270e+01 2.029208e-01
20.01 1.313387e+02 2.576972e+01 2.038303e-01
20.02 1.318372e+02 2.597064e+01 2.044914e-01
20.03 1.321965e+02 2.607897e+01 2.049726e-01
20.04 1.324492e+02 2.616458e+01 2.052880e-01
20.05 1.325195e+02 2.617771e+01 2.054576e-01
20.06 1.326244e+02 2.618385e+01 2.055740e-01
20.07 1.326626e+02 2.624535e+01 2.055535e-01
20.08 1.323172e+02 2.606558e+01 2.052574e-01
20.09 1.320269e+02 2.598018e+01 2.048572e-01
20.1 1.316821e+02 2.585357e+01 2.044430e-01
20.11 1.310448e+02 2.558456e+01 2.037467e-01
20.12 1.304602e+02 2.539989e+01 2.029778e-01
20.13 1.298506e+02 2.522408e+01 2.021195e-01
20.14 1.288060e+02 2.478478e+01 2.010147e-01
20.15 1.279796e+02 2.449008e+01 1.999344e-01
20.16 1.268839e+02 2.403994e+01 1.986435e-01
20.17 1.254521e+02 2.345965e+01 1.971617e-01
20.18 1.244508e+02 2.312827e+01 1.957786e-01
20.19 1.233080e+02 2.276960e+01 1.942946e-01
20.2 1.224444e+02 2.271273e+01 1.927171e-01
20.21 1.201617e+02 2.169604e+01 1.903333e-01
20.22 1.182388e+02 2.099943e+01 1.880640e-01
20.23 1.163097e+02 2.011120e+01 1.860621e-01
20.24 1.155884e+02 1.998448e+01 1.846729e-01
20.25 1.139237e+02 1.937056e+01 1.828245e-01
20.26 1.120886e+02 1.868426e+01 1.806314e-01
20.27 1.104929e+02 1.816245e+01 1.785342e-01
20.28 1.088825e+02 1.765603e+01 1.763918e-01
20.29 1.071121e+02 1.709023e+01 1.740652e-01
20.3 1.049846e+02 1.634804e+01 1.714868e-01
20.31 1.030475e+02 1.569704e+01 1.689506e-01
20.32 1.011451e+02 1.502976e+01 1.665468e-01
20.33 9.911352e+01 1.440203e+01 1.638666e-01
20.34 9.718273e+01 1.394491e+01 1.611261e-01
20.35 9.476453e+01 1.312787e+01 1.580844e-01
20.36 9.262055e+01 1.250621e+01 1.550884e-01
20.37 9.042681e+01 1.184407e+01 1.521312e-01
20.38 8.815891e+01 1.113739e+01 1.491145e-01
20.39 8.571056e+01 1.034522e+01 1.459879e-01
20.4 8.356574e+01 9.743142e+00 1.429761e-01
20.41 8.123515e+01 9.037464e+00 1.398683e-01
20.42 7.892563e+01 8.361701e+00 1.367365e-01
20.43 7.681329e+01 7.776598e+00 1.337555e-01
20.44 7.458599e+01 7.140415e+00 1.307088e-01
20.45 7.221376e+01 6.467907e+00 1.274919e-01
20.46 7.002690e+01 5.957369e+00 1.242560e-01
20.47 6.800166e+01 5.589664e+00 1.209540e-01
20.48 6.509017e+01 4.684442e+00 1.171233e-01
20.49 6.276034e+01 4.284612e+00 1.133675e-01
20.5 5.991520e+01 3.347996e+00 1.096566e-01
20.51 5.749347e+01 2.791623e+00 1.063902e-01
20.52 5.551472e+01 2.337054e+00 1.033328e-01
20.53 5.327429e+01 1.603845e+00 1.001192e-01
20.54 5.116626e+01 1.175352e+00 9.716300e-02
20.55 4.918202e+01 7.915658e-01 9.418152e-02
20.56 4.717491e+01 2.811235e-01 9.086449e-02
20.57 4.451890e+01 -4.876143e-01 8.732177e-02
20.58 4.256400e+01 -7.251240e-01 8.434481e-02
20.59 4.057395e+01 -1.169359e+00 8.139945e-02
20.6 3.930077e+01 -1.106696e+00 7.846494e-02
20.61 3.689578e+01 -1.660717e+00 7.495824e-02
20.62 3.444350e+01 -2.304298e+00 7.141730e-02
20.63 3.244123e+01 -2.597317e+00 6.813990e-02
20.64 3.063315e+01 -2.784331e+00 6.519192e-02
20.65 2.810407e+01 -3.699621e+00 6.196767e-02
20.66 2.665790e+01 -3.808951e+00 5.915671e-02
20.67 2.498532e+01 -3.765128e+00 5.628464e-02
20.68 2.284455e+01 -4.172707e+00 5.287580e-02
20.69 2.078575e+01 -4.485312e+00 4.961146e-02
20.7 1.929935e+01 -4.563442e+00 4.670330e-02
20.71 1.744518e+01 -4.771680e+00 4.398295e-02
20.72 1.539169e+01 -5.680322e+00 4.101303e-02
20.73 1.430360e+01 -5.166885e+00 3.885555e-02
20.74 1.241814e+01 -6.396923e+00 3.582025e-02
20.75 1.125510e+01 -5.308839e+00 3.362182e-02
20.76 8.745457e+00 -6.845873e+00 3.068706e-02
20.77 8.391248e+00 -6.282501e+00 2.862065e-02
20.78 7.011433e+00 -6.412110e+00 2.622383e-02
20.79 5.234209e+00 -6.562698e+00 2.345268e-02
20.8 4.387756e+00 -6.093534e+00 2.094616e-02
20.81 2.220825e+00 -6.761330e+00 1.772084e-02
20.82 1.333014e+00 -5.504899e+00 1.582541e-02
20.83 -1.272102e+00 -7.673874e+00 1.243126e-02
20.84 -1.837341e+00 -6.972218e+00 1.022923e-02
20.85 -2.976445e+00 -7.189170e+00 7.729491e-03
20.86 -5.050495e+00 -7.312818e+00 4.955710e-03
20.87 -6.271373e+00 -7.335280e+00 2.194062e-03
20.88 -6.824642e+00 -7.498419e+00 -5.469538e-04
20.89 -7.519564e+00 -7.533451e+00 -3.243310e-03
20.9 -1.018883e+01 -7.620638e+00 -6.006290e-03
20.91 -1.210667e+01 -7.666996e+00 -8.791457e-03
20.92 -1.401266e+01 -7.795909e+00 -1.162673e-02
20.93 -1.482374e+01 -7.890557e+00 -1.442347e-02
20.94 -1.464497e+01 -8.022695e+00 -1.723524e-02
20.95 -1.862048e+01 -7.998255e+00 -1.996892e-02
20.96 -2.025121e+01 -8.262070e+00 -2.288971e-02
20.97 -2.189721e+01 -8.299767e+00 -2.575793e-02
20.98 -2.356021e+01 -8.593070e+00 -2.868612e-02
20.99 -2.503716e+01 -8.652769e+00 -3.135881e-02
21 -2.694171e+01 -8.975376e+00 -3.434635e-02
21.01 -2.867347e+01 -9.119836e+00 -3.730050e-02
21.02 -3.048379e+01 -9.450609e+00 -4.037139e-02
21.03 -3.220987e+01 -9.586971e+00 -4.329471e-02
21.04 -3.398723e+01 -9.895984e+00 -4.643808e-02
21.05 -3.596002e+01 -1.007831e+01 -4.948710e-02
21.06 -3.789872e+01 -1.055315e+01 -5.273430e-02
21.07 -3.983449e+01 -1.073569e+01 -5.591139e-02
21.08 -4.175807e+01 -1.114296e+01 -5.917781e-02
21.09 -4.383866e+01 -1.134461e+01 -6.243659e-02
21.1 -4.594440e+01 -1.190569e+01 -6.581745e-02
21.11 -4.806258e+01 -1.214025e+01 -6.913345e-02
21.12 -5.003575e+01 -1.260106e+01 -7.240819e-02
21.13 -5.146341e+01 -1.250690e+01 -7.496590e-02
21.14 -5.401656e+01 -1.347618e+01 -7.852097e-02
21.15 -5.612068e+01 -1.378176e+01 -8.193186e-02
21.16 -5.867400e+01 -1.436686e+01 -8.556730e-02
21.17 -6.155769e+01 -1.504695e+01 -8.975019e-02
21.18 -6.295173e+01 -1.450723e+01 -9.254401e-02
21.19 -6.594717e+01 -1.644858e+01 -9.656273e-02
21.2 -6.900271e+01 -1.668541e+01 -1.004343e-01
21.21 -7.112319e+01 -1.710005e+01 -1.039541e-01
21.22 -7.327838e+01 -1.754202e+01 -1.074723e-01
21.23 -7.593693e+01 -1.830963e+01 -1.112076e-01
21.24 -7.816818e+01 -1.872173e+01 -1.146418e-01
21.25 -8.083560e+01 -1.952782e+01 -1.182480e-01
21.26 -8.353225e+01 -2.035437e+01 -1.218407e-01
21.27 -8.582230e+01 -2.093880e+01 -1.251086e-01
21.28 -8.855948e+01 -2.179802e+01 -1.287422e-01
21.29 -9.087471e+01 -2.229729e+01 -1.322722e-01
21.3 -9.315246e+01 -2.280519e+01 -1.355730e-01
21.31 -9.569888e+01 -2.353476e+01 -1.389212e-01
21.32 -9.862806e+01 -2.463346e+01 -1.427177e-01
21.33 -1.012037e+02 -2.527831e+01 -1.463378e-01
21.34 -1.034733e+02 -2.554722e+01 -1.495034e-01
21.35 -1.063399e+02 -2.712371e+01 -1.532110e-01
21.36 -1.089503e+02 -2.753542e+01 -1.565895e-01
21.37 -1.109879e+02 -2.797165e+01 -1.595123e-01
21.38 -1.136400e+02 -2.931314e+01 -1.628578e-01
21.39 -1.166345e+02 -2.989257e+01 -1.665396e-01
21.4 -1.189489e+02 -3.097763e+01 -1.696329e-01
21.41 -1.207008e+02 -3.113540e+01 -1.722442e-01
21.42 -1.230866e+02 -3.216207e+01 -1.751421e-01
21.43 -1.252626e+02 -3.275065e+01 -1.779406e-01
21.44 -1.274919e+02 -3.366563e+01 -1.806620e-01
21.45 -1.292519e+02 -3.411397e+01 -1.830815e-01
21.46 -1.314497e+02 -3.496599e+01 -1.856342e-01
21.47 -1.333512e+02 -3.554803e+01 -1.880692e-01
21.48 -1.351203e+02 -3.617066e+01 -1.903833e-01
21.49 -1.370698e+02 -3.697680e+01 -1.926970e-01
21.5 -1.379349e+02 -3.675901e+01 -1.943204e-01
21.51 -1.397302e+02 -3.784251e+01 -1.963376e-01
21.52 -1.410649e+02 -3.799068e+01 -1.980425e-01
21.53 -1.423071e+02 -3.858284e+01 -1.996705e-01
21.54 -1.438575e+02 -3.913716e+01 -2.013422e-01
21.55 -1.450733e+02 -3.966181e+01 -2.027928e-01
21.56 -1.456569e+02 -3.972442e+01 -2.038440e-01
21.57 -1.463671e+02 -3.989721e+01 -2.048159e-01
21.58 -1.473299e+02 -4.020005e+01 -2.060541e-01
21.59 -1.483638e+02 -4.062300e+01 -2.071771e-01
21.6 -1.489254e+02 -4.084436e+01 -2.080181e-01
21.61 -1.492794e+02 -4.074037e+01 -2.087436e-01
21.62 -1.495291e+02 -4.082152e+01 -2.091264e-01
21.63 -1.498295e+02 -4.090543e+01 -2.095449e-01
21.64 -1.503146e+02 -4.116047e+01 -2.099830e-01
21.65 -1.499303e+02 -4.090945e+01 -2.098420e-01
21.66 -1.496484e+02 -4.073670e+01 -2.096031e-01
21.67 -1.496569e+02 -4.078952e+01 -2.094167e-01
21.68 -1.491036e+02 -4.054604e+01 -2.088971e-01
21.69 -1.484322e+02 -4.023691e+01 -2.081776e-01
21.7 -1.470358e+02 -3.904756e+01 -2.069682e-01
21.71 -1.467814e+02 -3.972129e+01 -2.062624e-01
21.72 -1.462887e+02 -3.958977e+01 -2.052332e-01
21.73 -1.440337e+02 -3.846398e+01 -2.032516e-01
21.74 -1.425963e+02 -3.789450e+01 -2.015022e-01
21.75 -1.412994e+02 -3.740293e+01 -1.998988e-01
21.76 -1.399643e+02 -3.698668e+01 -1.981402e-01
21.77 -1.377929e+02 -3.604826e+01 -1.958907e-01
21.78 -1.358116e+02 -3.525763e+01 -1.935900e-01
21.79 -1.337823e+02 -3.441924e+01 -1.912708e-01
21.8 -1.317770e+02 -3.369683e+01 -1.888245e-01
21.81 -1.292208e+02 -3.259553e+01 -1.861028e-01
21.82 -1.271417e+02 -3.184487e+01 -1.834629e-01
21.83 -1.249645e+02 -3.106512e+01 -1.806578e-01
21.84 -1.225741e+02 -3.024317e+01 -1.777393e-01
21.85 -1.198032e+02 -2.921484e+01 -1.745228e-01
21.86 -1.172238e+02 -2.832259e+01 -1.712432e-01
21.87 -1.144153e+02 -2.731355e+01 -1.678194e-01
21.88 -1.118180e+02 -2.652339e+01 -1.643267e-01
21.89 -1.089201e+02 -2.554670e+01 -1.606693e-01
21.9 -1.057534e+02 -2.443941e+01 -1.567827e-01
21.91 -1.030585e+02 -2.390221e+01 -1.529011e-01
21.92 -9.959956e+01 -2.255957e+01 -1.484433e-01
21.93 -9.602973e+01 -2.111638e+01 -1.442000e-01
21.94 -9.287878e+01 -2.033965e+01 -1.399618e-01
21.95 -8.939646e+01 -1.924558e+01 -1.354691e-01
21.96 -8.617646e+01 -1.836840e+01 -1.309415e-01
21.97 -8.241363e+01 -1.719532e+01 -1.261034e-01
21.98 -7.924422e+01 -1.635881e+01 -1.212698e-01
21.99 -7.560569e+01 -1.531678e+01 -1.163520e-01
22 -7.187961e+01 -1.420775e+01 -1.112966e-01
22.01 -6.839614e+01 -1.339527e+01 -1.062338e-01
22.02 -6.462574e+01 -1.236740e+01 -1.009301e-01
22.03 -6.113705e+01 -1.169661e+01 -9.557922e-02
22.04 -5.717515e+01 -1.062495e+01 -8.997571e-02
22.05 -5.366931e+01 -9.956683e+00 -8.441805e-02
22.06 -4.980980e+01 -9.094703e+00 -7.870064e-02
22.07 -4.572612e+01 -8.379885e+00 -7.294554e-02
22.08 -4.195405e+01 -7.644946e+00 -6.710525e-02
22.09 -3.815485e+01 -6.972720e+00 -6.119571e-02
22.1 -3.438766e+01 -6.327858e+00 -5.518361e-02
22.11 -3.057817e+01 -5.747028e+00 -4.916462e-02
22.12 -2.751873e+01 -5.230955e+00 -4.310983e-02
22.13 -2.332833e+01 -4.804838e+00 -3.707123e-02
22.14 -1.977418e+01 -4.391054e+00 -3.092801e-02
22.15 -1.651510e+01 -4.162728e+00 -2.481386e-02
22.16 -1.235464e+01 -3.539527e+00 -1.844112e-02
22.17 -8.391738e+00 -3.479455e+00 -1.219212e-02
22.18 -6.349566e+00 -3.649914e+00 -6.144504e-03
22.19 -2.812266e+00 -3.135673e+00 2.117357e-04
22.2 3.049717e-01 -3.487922e+00 6.345482e-03
22.21 3.958667e+00 -2.785008e+00 1.274777e-02
22.22 7.000694e+00 -3.164873e+00 1.873678e-02
22.23 1.047041e+01 -2.547301e+00 2.512640e-02
22.24 1.369135e+01 -2.897270e+00 3.118845e-02
22.25 1.737683e+01 -2.022102e+00 3.751458e-02
22.26 1.962184e+01 -3.156324e+00 4.318962e-02
22.27 2.420600e+01 -1.408176e+00 4.947626e-02
22.28 2.696887e+01 -1.855725e+00 5.528291e-02
22.29 3.018977e+01 -1.441675e+00 6.105122e-02
22.3 3.365761e+01 -1.061242e+00 6.699530e-02
22.31 3.673417e+01 -9.762170e-01 7.267086e-02
22.32 4.057537e+01 -1.340689e-02 7.854968e-02
22.33 4.376169e+01 2.399516e-01 8.412080e-02
22.34 4.723301e+01 9.326657e-01 8.967227e-02
22.35 5.083278e+01 1.668655e+00 9.510879e-02
22.36 5.417837e+01 2.316935e+00 1.003819e-01
22.37 5.777164e+01 3.180599e+00 1.056569e-01
22.38 6.117950e+01 4.011810e+00 1.107796e-01
22.39 6.444344e+01 4.684770e+00 1.157101e-01
22.4 6.776910e+01 5.519562e+00 1.205407e-01
22.41 7.105128e+01 6.402203e+00 1.252400e-01
22.42 7.429245e+01 7.212587e+00 1.298321e-01
22.43 7.743460e+01 8.064578e+00 1.342403e-01
22.44 8.060501e+01 9.021558e+00 1.385563e-01
22.45 8.384617e+01 9.965469e+00 1.428439e-01
22.46 8.676257e+01 1.083858e+01 1.468801e-01
22.47 8.962746e+01 1.165555e+01 1.507494e-01
22.48 9.245116e+01 1.254853e+01 1.545287e-01
22.49 9.521204e+01 1.346356e+01 1.581950e-01
22.5 9.780488e+01 1.421035e+01 1.615874e-01
22.51 1.004058e+02 1.511777e+01 1.649861e-01
22.52 1.028017e+02 1.586218e+01 1.681860e-01
22.53 1.052375e+02 1.670260e+01 1.712239e-01
22.54 1.073266e+02 1.731047e+01 1.740769e-01
22.55 1.098806e+02 1.822110e+01 1.770085e-01
22.56 1.116017e+02 1.880646e+01 1.794475e-01
22.57 1.136113e+02 1.949560e+01 1.817867e-01
22.58 1.155830e+02 2.026357e+01 1.841141e-01
22.59 1.172372e+02 2.086370e+01 1.861263e-01
22.6 1.184283e+02 2.122774e+01 1.878902e-01
22.61 1.199774e+02 2.178094e+01 1.896559e-01
22.62 1.211326e+02 2.216395e+01 1.911721e-01
22.63 1.220276e+02 2.241386e+01 1.924292e-01
22.64 1.230190e+02 2.276089e+01 1.936605e-01
22.65 1.237804e+02 2.298075e+01 1.947071e-01
22.66 1.246222e+02 2.335220e+01 1.955804e-01
22.67 1.253297e+02 2.363275e+01 1.963948e-01
22.68 1.259137e+02 2.389823e+01 1.970081e-01
22.69 1.258300e+02 2.375397e+01 1.972472e-01
22.7 1.264685e+02 2.407751e+01 1.976762e-01
22.71 1.262662e+02 2.395296e+01 1.977133e-01
22.72 1.264455e+02 2.401058e+01 1.978490e-01
22.73 1.264406e+02 2.401904e+01 1.978542e-01
22.74 1.261427e+02 2.385708e+01 1.976063e-01
22.75 1.258373e+02 2.375525e+01 1.972202e-01
22.76 1.253500e+02 2.355293e+01 1.966982e-01
22.77 1.249918e+02 2.338349e+01 1.963082e-01
22.78 1.245479e+02 2.327213e+01 1.956839e-01
22.79 1.238262e+02 2.295493e+01 1.949010e-01
22.8 1.232067e+02 2.276109e+01 1.940750e-01
22.81 1.223133e+02 2.243552e+01 1.930055e-01
22.82 1.213914e+02 2.212959e+01 1.918339e-01
22.83 1.203274e+02 2.169841e+01 1.906518e-01
22.84 1.192509e+02 2.131008e+01 1.893135e-01
22.85 1.182570e+02 2.100190e+01 1.879458e-01
22.86 1.170986e+02 2.061889e+01 1.865104e-01
22.87 1.157516e+02 2.012644e+01 1.848676e-01
22.88 1.142885e+02 1.958434e+01 1.830985e-01
22.89 1.130150e+02 1.921562e+01 1.813322e-01
22.9 1.113025e+02 1.855891e+01 1.793638e-01
22.91 1.097987e+02 1.805417e+01 1.774184e-01
22.92 1.083196e+02 1.754056e+01 1.755319e-01
22.93 1.067943e+02 1.707825e+01 1.735124e-01
22.94 1.051596e+02 1.652949e+01 1.714309e-01
22.95 1.035449e+02 1.600654e+01 1.693175e-01
22.96 1.017765e+02 1.536993e+01 1.671591e-01
22.97 1.001701e+02 1.485329e+01 1.650261e-01
22.98 9.844784e+01 1.431480e+01 1.627611e-01
22.99 9.661869e+01 1.372569e+01 1.604002e-01
23 9.476054e+01 1.306067e+01 1.579664e-01
23.01 9.276787e+01 1.244008e+01 1.554647e-01
23.02 9.120794e+01 1.213279e+01 1.530990e-01
23.03 8.928121e+01 1.159995e+01 1.503905e-01
23.04 8.697069e+01 1.088222e+01 1.473957e-01
23.05 8.504158e+01 1.040073e+01 1.445005e-01
23.06 8.237523e+01 9.449438e+00 1.413784e-01
23.07 8.015894e+01 8.727581e+00 1.384388e-01
23.08 7.846352e+01 8.293794e+00 1.358770e-01
23.09 7.673496e+01 7.942538e+00 1.331885e-01
23.1 7.379356e+01 6.848370e+00 1.299258e-01
23.11 7.184006e+01 6.337308e+00 1.269783e-01
23.12 7.007601e+01 5.925031e+00 1.243365e-01
23.13 6.809300e+01 5.364938e+00 1.216288e-01
23.14 6.576054e+01 4.606895e+00 1.187230e-01
23.15 6.423734e+01 4.242819e+00 1.162969e-01
23.16 6.284512e+01 4.011868e+00 1.139329e-01
23.17 6.064743e+01 3.458169e+00 1.109995e-01
23.18 5.825297e+01 2.871596e+00 1.077630e-01
23.19 5.651364e+01 2.487980e+00 1.048233e-01
23.2 5.444681e+01 2.010797e+00 1.018794e-01
23.21 5.243154e+01 1.498803e+00 9.894624e-02
23.22 5.061912e+01 1.165262e+00 9.603349e-02
23.23 4.825585e+01 4.710713e-01 9.298448e-02
23.24 4.634835e+01 5.894166e-02 9.005612e-02
23.25 4.434585e+01 -4.424494e-01 8.716247e-02
23.26 4.268001e+01 -6.269911e-01 8.435235e-02
23.27 4.066250e+01 -1.101607e+00 8.144402e-02
23.28 3.893415e+01 -1.398176e+00 7.856244e-02
23.29 3.763649e+01 -1.453493e+00 7.574625e-02
23.3 3.498657e+01 -2.166585e+00 7.233374e-02
23.31 3.279357e+01 -2.488572e+00 6.914759e-02
23.32 3.127085e+01 -2.791512e+00 6.624367e-02
23.33 2.894171e+01 -3.517611e+00 6.323385e-02
23.34 2.832605e+01 -2.888996e+00 6.110160e-02
23.35 2.599846e+01 -4.058927e+00 5.808370e-02
23.36 2.350960e+01 -4.252055e+00 5.501805e-02
23.37 2.283898e+01 -4.041114e+00 5.245672e-02
23.38 2.067741e+01 -4.714890e+00 4.949882e-02
23.39 1.930805e+01 -4.631102e+00 4.683962e-02
23.4 1.746495e+01 -5.095080e+00 4.396028e-02
23.41 1.587679e+01 -5.191627e+00 4.122719e-02
23.42 1.414952e+01 -5.555737e+00 3.838434e-02
23.43 1.274091e+01 -5.421576e+00 3.576842e-02
23.44 1.086561e+01 -6.005285e+00 3.282493e-02
23.45 9.162295e+00 -6.027379e+00 3.004195e-02
23.46 7.582568e+00 -6.268365e+00 2.734373e-02
23.47 6.271867e+00 -6.165022e+00 2.484651e-02
23.48 4.887522e+00 -6.459908e+00 2.228669e-02
23.49 3.264134e+00 -6.545946e+00 1.967161e-02
23.5 1.844161e+00 -6.729223e+00 1.694832e-02
23.51 2.637196e-01 -6.783264e+00 1.429579e-02
23.52 -1.192909e+00 -6.991051e+00 1.164207e-02
23.53 -2.640918e+00 -7.014556e+00 9.046342e-03
23.54 -4.295667e+00 -7.325253e+00 6.266622e-03
23.55 -5.599501e+00 -7.240921e+00 3.708517e-03
23.56 -6.866921e+00 -7.382538e+00 1.068449e-03
23.57 -7.835817e+00 -7.539562e+00 -1.589881e-03
23.58 -1.014558e+01 -7.456255e+00 -4.309759e-03
23.59 -9.547017e+00 -7.924587e+00 -7.174961e-03
23.6 -1.324305e+01 -7.543060e+00 -9.377787e-03
23.61 -1.394524e+01 -7.638377e+00 -1.186494e-02
23.62 -1.550395e+01 -7.695888e+00 -1.454796e-02
23.63 -1.674120e+01 -7.579335e+00 -1.720511e-02
23.64 -1.866775e+01 -7.950454e+00 -2.019390e-02
23.65 -2.059047e+01 -8.434666e+00 -2.347509e-02
23.66 -2.312559e+01 -8.833718e+00 -2.679336e-02
23.67 -2.401630e+01 -8.540365e+00 -2.935796e-02
23.68 -2.557797e+01 -8.797006e+00 -3.220863e-02
23.69 -2.639317e+01 -8.377857e+00 -3.425284e-02
23.7 -2.868675e+01 -9.171710e+00 -3.747013e-02
23.71 -3.053733e+01 -9.348698e+00 -4.058714e-02
23.72 -3.238507e+01 -9.659839e+00 -4.367900e-02
23.73 -3.435933e+01 -9.892790e+00 -4.681223e-02
23.74 -3.620331e+01 -1.030770e+01 -5.010681e-02
23.75 -3.831020e+01 -1.052774e+01 -5.332731e-02
23.76 -4.034376e+01 -1.082904e+01 -5.661887e-02
23.77 -4.211454e+01 -1.110694e+01 -5.975858e-02
23.78 -4.435819e+01 -1.157408e+01 -6.317429e-02
23.79 -4.668340e+01 -1.201752e+01 -6.656964e-02
23.8 -4.879760e+01 -1.236079e+01 -6.991197e-02
23.81 -5.115818e+01 -1.284568e+01 -7.348098e-02
23.82 -5.337251e+01 -1.306287e+01 -7.684878e-02
23.83 -5.614286e+01 -1.404707e+01 -8.107563e-02
23.84 -5.798937e+01 -1.431946e+01 -8.448354e-02
23.85 -6.040206e+01 -1.463759e+01 -8.782305e-02
23.86 -6.266636e+01 -1.513189e+01 -9.121268e-02
23.87 -6.477832e+01 -1.570805e+01 -9.472577e-02
23.88 -6.702706e+01 -1.606161e+01 -9.807255e-02
23.89 -6.896207e+01 -1.606456e+01 -1.012941e-01
23.9 -7.088317e+01 -1.655099e+01 -1.042316e-01
23.91 -7.445175e+01 -1.873663e+01 -1.086898e-01
23.92 -7.643317e+01 -1.803637e+01 -1.117947e-01
23.93 -7.874467e+01 -1.915086e+01 -1.151588e-01
23.94 -8.004793e+01 -1.894109e+01 -1.181003e-01
23.95 -8.347508e+01 -2.019904e+01 -1.218544e-01
23.96 -8.635460e+01 -2.114252e+01 -1.257098e-01
23.97 -8.846782e+01 -2.138642e+01 -1.289299e-01
23.98 -9.038371e+01 -2.216182e+01 -1.315346e-01
23.99 -9.393624e+01 -2.345943e+01 -1.354600e-01
24 -9.609261e+01 -2.403923e+01 -1.389882e-01
24.01 -9.828146e+01 -2.431957e+01 -1.421935e-01
24.02 -1.010004e+02 -2.545376e+01 -1.458213e-01
24.03 -1.032713e+02 -2.549087e+01 -1.489912e-01
24.04 -1.064460e+02 -2.760887e+01 -1.530415e-01
24.05 -1.087401e+02 -2.745749e+01 -1.563235e-01
24.06 -1.112996e+02 -2.809116e+01 -1.598073e-01
24.07 -1.137433e+02 -2.937908e+01 -1.631082e-01
24.08 -1.159067e+02 -2.958576e+01 -1.660655e-01
24.09 -1.182068e+02 -3.037070e+01 -1.689334e-01
24.1 -1.205494e+02 -3.138001e+01 -1.718523e-01
24.11 -1.223312e+02 -3.165539e+01 -1.743499e-01
24.12 -1.245861e+02 -3.267207e+01 -1.770528e-01
24.13 -1.264576e+02 -3.307543e+01 -1.795652e-01
24.14 -1.282222e+02 -3.370457e+01 -1.819621e-01
24.15 -1.302527e+02 -3.444716e+01 -1.843022e-01
24.16 -1.319863e+02 -3.501996e+01 -1.865622e-01
24.17 -1.339316e+02 -3.576012e+01 -1.888676e-01
24.18 -1.355934e+02 -3.626673e+01 -1.910724e-01
24.19 -1.373350e+02 -3.694537e+01 -1.932097e-01
24.2 -1.377489e+02 -3.625587e+01 -1.943680e-01
24.21 -1.404008e+02 -3.883329e+01 -1.970064e-01
24.22 -1.416178e+02 -3.767204e+01 -1.985896e-01
24.23 -1.431494e+02 -3.966033e+01 -2.003463e-01
24.24 -1.434163e+02 -3.839779e+01 -2.013248e-01
24.25 -1.446151e+02 -3.950016e+01 -2.025536e-01
24.26 -1.463363e+02 -4.022634e+01 -2.039809e-01
24.27 -1.469129e+02 -4.029012e+01 -2.051370e-01
24.28 -1.469407e+02 -4.009542e+01 -2.056005e-01
24.29 -1.476896e+02 -4.040215e+01 -2.063433e-01
24.3 -1.482291e+02 -4.059341e+01 -2.069840e-01
24.31 -1.482069e+02 -4.046236e+01 -2.073054e-01
24.32 -1.486087e+02 -4.071627e+01 -2.076031e-01
24.33 -1.483352e+02 -4.036773e+01 -2.076482e-01
24.34 -1.483215e+02 -4.041067e+01 -2.076443e-01
24.35 -1.482093e+02 -4.036098e+01 -2.075287e-01
24.36 -1.477406e+02 -3.998073e+01 -2.071911e-01
24.37 -1.474966e+02 -4.005630e+01 -2.067412e-01
24.38 -1.467819e+02 -3.964962e+01 -2.060913e-01
24.39 -1.458811e+02 -3.918439e+01 -2.052271e-01
24.4 -1.454952e+02 -3.921302e+01 -2.044693e-01
24.41 -1.443672e+02 -3.866946e+01 -2.033989e-01
24.42 -1.434926e+02 -3.839403e+01 -2.022120e-01
24.43 -1.422359e+02 -3.787974e+01 -2.007184e-01
24.44 -1.407723e+02 -3.725028e+01 -1.991863e-01
24.45 -1.393826e+02 -3.668683e+01 -1.976064e-01
24.46 -1.381088e+02 -3.625251e+01 -1.959267e-01
24.47 -1.353133e+02 -3.486451e+01 -1.934915e-01
24.48 -1.337914e+02 -3.434883e+01 -1.913979e-01
24.49 -1.319682e+02 -3.364725e+01 -1.892661e-01
24.5 -1.302240e+02 -3.310635e+01 -1.869231e-01
24.51 -1.273132e+02 -3.175287e+01 -1.840827e-01
24.52 -1.253633e+02 -3.109549e+01 -1.814841e-01
24.53 -1.235435e+02 -3.057008e+01 -1.789701e-01
24.54 -1.211921e+02 -2.964405e+01 -1.760875e-01
24.55 -1.188206e+02 -2.882122e+01 -1.731332e-01
24.56 -1.161761e+02 -2.799087e+01 -1.698966e-01
24.57 -1.134040e+02 -2.702088e+01 -1.664715e-01
24.58 -1.107208e+02 -2.616631e+01 -1.629455e-01
24.59 -1.079930e+02 -2.535642e+01 -1.592699e-01
24.6 -1.049438e+02 -2.435184e+01 -1.553685e-01
24.61 -1.021571e+02 -2.343983e+01 -1.513227e-01
24.62 -9.838520e+01 -2.221573e+01 -1.470310e-01
24.63 -9.491108e+01 -2.093590e+01 -1.427097e-01
24.64 -9.188280e+01 -2.011054e+01 -1.384560e-01
24.65 -8.844050e+01 -1.902702e+01 -1.339916e-01
24.66 -8.490444e+01 -1.789878e+01 -1.294449e-01
24.67 -8.208751e+01 -1.726353e+01 -1.249709e-01
24.68 -7.849481e+01 -1.625778e+01 -1.201120e-01
24.69 -7.522486e+01 -1.539475e+01 -1.151815e-01
24.7 -7.103849e+01 -1.415174e+01 -1.098688e-01
24.71 -6.743122e+01 -1.316617e+01 -1.046190e-01
24.72 -6.355734e+01 -1.234497e+01 -9.945041e-02
24.73 -6.022928e+01 -1.151448e+01 -9.419281e-02
24.74 -5.637074e+01 -1.043619e+01 -8.871257e-02
24.75 -5.408123e+01 -1.121625e+01 -8.364822e-02
24.76 -4.903456e+01 -8.557700e+00 -7.779466e-02
24.77 -4.461239e+01 -7.940716e+00 -7.196077e-02
24.78 -4.143613e+01 -7.529707e+00 -6.660565e-02
24.79 -3.896929e+01 -7.286719e+00 -6.117077e-02
24.8 -3.444300e+01 -6.005384e+00 -5.504707e-02
24.81 -3.074656e+01 -5.560000e+00 -4.920291e-02
24.82 -2.714895e+01 -5.262955e+00 -4.359664e-02
24.83 -2.331432e+01 -4.772755e+00 -3.783788e-02
24.84 -2.020798e+01 -4.474927e+00 -3.188212e-02
24.85 -1.717509e+01 -3.989625e+00 -2.584089e-02
24.86 -1.383835e+01 -3.817592e+00 -1.995578e-02
24.87 -1.025619e+01 -3.289565e+00 -1.389125e-02
24.88 -6.243026e+00 -3.235176e+00 -7.872894e-03
24.89 -2.896363e+00 -3.115881e+00 -1.792725e-03
24.9 -3.948472e-01 -3.096534e+00 4.242108e-03
24.91 2.608294e+00 -3.082465e+00 1.027737e-02
24.92 5.989362e+00 -2.893347e+00 1.646543e-02
24.93 9.148396e+00 -2.905887e+00 2.258531e-02
24.94 1.254300e+01 -2.507496e+00 2.885088e-02
24.95 1.555192e+01 -2.897084e+00 3.480656e-02
24.96 1.917385e+01 -2.069200e+00 4.105628e-02
24.97 2.192722e+01 -2.614125e+00 4.662789e-02
24.98 2.571212e+01 -1.507075e+00 5.291944e-02
24.99 2.872088e+01 -2.038523e+00 5.861216e-02
25 3.215798e+01 -1.088565e+00 6.455875e-02
25.01 3.512848e+01 -1.471205e+00 7.005654e-02
25.02 3.883248e+01 -2.624967e-01 7.597489e-02
25.03 4.176555e+01 -6.075947e-01 8.129348e-02
25.04 4.553098e+01 8.375629e-01 8.702409e-02
25.05 4.846969e+01 6.713545e-01 9.205656e-02
25.06 5.218707e+01 2.092899e+00 9.751730e-02
25.07 5.559630e+01 2.444169e+00 1.025563e-01
25.08 5.909199e+01 3.665660e+00 1.077702e-01
25.09 6.220223e+01 3.921484e+00 1.125146e-01
25.1 6.565264e+01 5.074300e+00 1.174308e-01
25.11 6.875219e+01 5.587915e+00 1.220168e-01
25.12 7.208728e+01 6.735591e+00 1.266780e-01
25.13 7.504205e+01 7.297856e+00 1.309973e-01
25.14 7.838041e+01 8.433923e+00 1.354766e-01
25.15 8.115864e+01 8.960001e+00 1.394618e-01
25.16 8.421937e+01 1.012914e+01 1.435655e-01
25.17 8.706685e+01 1.071386e+01 1.474243e-01
25.18 9.000666e+01 1.192249e+01 1.512310e-01
25.19 9.262218e+01 1.247850e+01 1.547857e-01
25.2 9.543930e+01 1.360368e+01 1.584547e-01
25.21 9.792682e+01 1.418895e+01 1.617243e-01
25.22 1.005718e+02 1.527445e+01 1.650894e-01
25.23 1.027249e+02 1.571679e+01 1.680770e-01
25.24 1.050204e+02 1.667707e+01 1.709598e-01
25.25 1.072974e+02 1.733700e+01 1.737413e-01
25.26 1.094713e+02 1.819462e+01 1.764575e-01
25.27 1.115258e+02 1.881981e+01 1.789942e-01
25.28 1.134224e+02 1.949866e+01 1.813675e-01
25.29 1.153429e+02 2.025583e+01 1.836684e-01
25.3 1.168586e+02 2.073166e+01 1.856732e-01
25.31 1.182361e+02 2.117392e+01 1.874785e-01
25.32 1.195394e+02 2.161968e+01 1.891436e-01
25.33 1.207526e+02 2.207217e+01 1.906964e-01
25.34 1.217819e+02 2.236734e+01 1.920073e-01
25.35 1.226612e+02 2.268274e+01 1.931598e-01
25.36 1.236890e+02 2.309543e+01 1.942954e-01
25.37 1.243611e+02 2.333653e+01 1.952378e-01
25.38 1.250350e+02 2.356145e+01 1.960386e-01
25.39 1.255987e+02 2.375664e+01 1.967107e-01
25.4 1.260838e+02 2.396746e+01 1.972478e-01
25.41 1.262269e+02 2.398008e+01 1.975298e-01
25.42 1.261702e+02 2.390002e+01 1.975961e-01
25.43 1.261526e+02 2.389718e+01 1.975650e-01
25.44 1.263310e+02 2.398646e+01 1.976908e-01
25.45 1.260444e+02 2.384540e+01 1.974581e-01
25.46 1.257604e+02 2.377853e+01 1.970655e-01
25.47 1.253216e+02 2.358042e+01 1.965728e-01
25.48 1.247914e+02 2.338240e+01 1.959491e-01
25.49 1.241727e+02 2.317592e+01 1.951676e-01
25.5 1.234782e+02 2.290833e+01 1.943259e-01
25.51 1.224472e+02 2.243105e+01 1.933147e-01
25.52 1.218505e+02 2.224624e+01 1.924642e-01
25.53 1.210467e+02 2.198639e+01 1.914390e-01
25.54 1.198531e+02 2.150241e+01 1.901536e-01
25.55 1.194094e+02 2.147415e+01 1.891750e-01
25.56 1.181060e+02 2.100025e+01 1.877248e-01
25.57 1.165250e+02 2.032240e+01 1.860282e-01
25.58 1.160296e+02 2.038360e+01 1.847681e-01
25.59 1.144687e+02 1.983559e+01 1.829611e-01
25.6 1.127357e+02 1.927502e+01 1.808022e-01
25.61 1.108776e+02 1.854362e+01 1.786251e-01
25.62 1.088670e+02 1.772150e+01 1.764278e-01
25.63 1.081140e+02 1.751169e+01 1.750649e-01
25.64 1.068143e+02 1.708998e+01 1.734613e-01
25.65 1.049537e+02 1.638639e+01 1.713560e-01
25.66 1.033428e+02 1.590019e+01 1.691503e-01
25.67 1.017122e+02 1.535709e+01 1.670494e-01
25.68 1.000802e+02 1.484194e+01 1.648807e-01
25.69 9.823226e+01 1.423249e+01 1.625275e-01
25.7 9.645535e+01 1.368550e+01 1.601638e-01
25.71 9.475256e+01 1.317010e+01 1.578848e-01
25.72 9.305844e+01 1.264086e+01 1.556254e-01
25.73 9.128195e+01 1.214155e+01 1.532290e-01
25.74 8.914096e+01 1.145735e+01 1.504813e-01
25.75 8.717225e+01 1.083387e+01 1.478329e-01
25.76 8.533848e+01 1.028868e+01 1.453135e-01
25.77 8.344941e+01 9.733524e+00 1.427545e-01
25.78 8.132140e+01 9.031661e+00 1.400435e-01
25.79 7.946286e+01 8.543927e+00 1.373702e-01
25.8 7.744744e+01 7.962323e+00 1.346427e-01
25.81 7.540474e+01 7.370767e+00 1.318846e-01
25.82 7.357795e+01 6.895243e+00 1.291808e-01
25.83 7.135107e+01 6.225462e+00 1.263235e-01
25.84 6.931533e+01 5.585256e+00 1.235717e-01
25.85 6.770968e+01 5.260376e+00 1.209992e-01
25.86 6.556278e+01 4.680306e+00 1.181355e-01
25.87 6.367510e+01 4.283789e+00 1.153113e-01
25.88 6.215094e+01 4.067385e+00 1.124893e-01
25.89 5.954693e+01 3.202271e+00 1.092004e-01
25.9 5.722615e+01 2.676704e+00 1.060799e-01
25.91 5.555439e+01 2.304196e+00 1.033782e-01
25.92 5.333714e+01 1.674325e+00 1.004772e-01
25.93 5.127766e+01 1.131127e+00 9.755822e-02
25.94 5.009689e+01 1.034221e+00 9.508433e-02
25.95 4.802064e+01 4.204183e-01 9.225617e-02
25.96 4.577082e+01 -9.506402e-02 8.929040e-02
25.97 4.417776e+01 -3.879743e-01 8.664501e-02
25.98 4.240541e+01 -7.807990e-01 8.410894e-02
25.99 4.127615e+01 -7.813542e-01 8.154717e-02
26 3.925088e+01 -1.071830e+00 7.856177e-02
26.01 3.682923e+01 -1.978238e+00 7.518161e-02
26.02 3.502403e+01 -2.056267e+00 7.218805e-02
26.03 3.325144e+01 -2.545743e+00 6.934863e-02
26.04 3.131035e+01 -2.881028e+00 6.646939e-02
26.05 2.921461e+01 -3.339708e+00 6.367059e-02
26.06 2.828567e+01 -3.270707e+00 6.136888e-02
26.07 2.693271e+01 -3.269065e+00 5.878870e-02
26.08 2.429186e+01 -4.167105e+00 5.535719e-02
26.09 2.261311e+01 -3.933362e+00 5.245601e-02
26.1 2.077639e+01 -4.938200e+00 4.935133e-02
26.11 1.919812e+01 -4.511058e+00 4.700502e-02
26.12 1.743444e+01 -5.642058e+00 4.411641e-02
26.13 1.620239e+01 -4.694853e+00 4.205112e-02
26.14 1.415093e+01 -6.305159e+00 3.885904e-02
26.15 1.243105e+01 -6.017834e+00 3.617000e-02
26.16 1.149838e+01 -5.851777e+00 3.409351e-02
26.17 1.003745e+01 -6.096297e+00 3.167091e-02
26.18 8.561357e+00 -6.231607e+00 2.903712e-02
26.19 6.928848e+00 -6.445978e+00 2.644197e-02
26.2 6.298361e+00 -5.848771e+00 2.416636e-02
26.21 4.051285e+00 -6.667438e+00 2.095696e-02
26.22 2.291536e+00 -6.591390e+00 1.795570e-02
26.23 8.286316e-01 -6.829649e+00 1.518907e-02
26.24 -6.856246e-01 -6.820066e+00 1.259873e-02
26.25 -2.242586e+00 -7.135637e+00 9.840634e-03
26.26 -3.837779e+00 -7.100406e+00 7.179175e-03
26.27 -5.022992e+00 -7.251592e+00 4.405139e-03
26.28 -6.674765e+00 -7.227567e+00 1.780503e-03
26.29 -8.328005e+00 -7.599145e+00 -1.086661e-03
26.3 -9.241846e+00 -7.553590e+00 -3.717664e-03
26.31 -1.038428e+01 -7.638394e+00 -6.361277e-03
26.32 -1.125522e+01 -7.684848e+00 -9.128125e-03
26.33 -1.414800e+01 -7.773519e+00 -1.196002e-02
26.34 -1.589985e+01 -8.027597e+00 -1.489271e-02
26.35 -1.722238e+01 -7.946160e+00 -1.748428e-02
26.36 -1.873915e+01 -8.195570e+00 -2.020488e-02
26.37 -2.039083e+01 -8.183948e+00 -2.298678e-02
26.38 -2.217537e+01 -8.612302e+00 -2.603882e-02
26.39 -2.303491e+01 -8.698480e+00 -2.901220e-02
26.4 -2.561860e+01 -8.880441e+00 -3.198669e-02
26.41 -2.810618e+01 -9.007783e+00 -3.503314e-02
26.42 -2.899781e+01 -9.270728e+00 -3.814842e-02
26.43 -3.107823e+01 -9.546508e+00 -4.132225e-02
26.44 -3.286266e+01 -9.770798e+00 -4.447346e-02
26.45 -3.472179e+01 -1.000925e+01 -4.763506e-02
26.46 -3.682054e+01 -1.036868e+01 -5.093877e-02
26.47 -3.895276e+01 -1.067539e+01 -5.424005e-02
26.48 -4.094541e+01 -1.097993e+01 -5.749392e-02
26.49 -4.254232e+01 -1.120207e+01 -6.059628e-02
26.5 -4.454168e+01 -1.148817e+01 -6.354507e-02
26.51 -4.641280e+01 -1.182640e+01 -6.666035e-02
26.52 -4.899303e+01 -1.243636e+01 -7.031241e-02
26.53 -5.162796e+01 -1.297116e+01 -7.429900e-02
26.54 -5.306367e+01 -1.266285e+01 -7.721296e-02
26.55 -5.578752e+01 -1.424786e+01 -8.118955e-02
26.56 -5.862734e+01 -1.442562e+01 -8.494287e-02
26.57 -6.044891e+01 -1.463359e+01 -8.833573e-02
26.58 -6.297964e+01 -1.512944e+01 -9.174363e-02
26.59 -6.548613e+01 -1.579370e+01 -9.550506e-02
26.6 -6.773210e+01 -1.620804e+01 -9.901426e-02
26.61 -7.037628e+01 -1.696708e+01 -1.027332e-01
26.62 -7.258484e+01 -1.754234e+01 -1.063734e-01
26.63 -7.492980e+01 -1.795618e+01 -1.096386e-01
26.64 -7.760245e+01 -1.869484e+01 -1.131855e-01
26.65 -7.987586e+01 -1.934446e+01 -1.167460e-01
26.66 -8.233075e+01 -1.999580e+01 -1.202694e-01
26.67 -8.483660e+01 -2.054762e+01 -1.237630e-01
26.68 -8.817909e+01 -2.175393e+01 -1.277084e-01
26.69 -9.014006e+01 -2.215054e+01 -1.311774e-01
26.7 -9.255601e+01 -2.270719e+01 -1.345705e-01
26.71 -9.545090e+01 -2.374460e+01 -1.383288e-01
26.72 -9.812636e+01 -2.433166e+01 -1.419677e-01
26.73 -1.002745e+02 -2.523187e+01 -1.452746e-01
26.74 -1.027421e+02 -2.538465e+01 -1.484830e-01
26.75 -1.062187e+02 -2.703840e+01 -1.527281e-01
26.76 -1.079095e+02 -2.682564e+01 -1.556270e-01
26.77 -1.106441e+02 -2.846755e+01 -1.590991e-01
26.78 -1.129449e+02 -2.858094e+01 -1.621589e-01
26.79 -1.154802e+02 -2.965222e+01 -1.653396e-01
26.8 -1.178545e+02 -3.040173e+01 -1.684114e-01
26.81 -1.199199e+02 -3.095499e+01 -1.712253e-01
26.82 -1.225290e+02 -3.212106e+01 -1.742877e-01
26.83 -1.244264e+02 -3.239781e+01 -1.769375e-01
26.84 -1.263954e+02 -3.321458e+01 -1.794739e-01
26.85 -1.284571e+02 -3.381521e+01 -1.820418e-01
26.86 -1.311427e+02 -3.519757e+01 -1.849261e-01
26.87 -1.322343e+02 -3.497762e+01 -1.869498e-01
26.88 -1.347747e+02 -3.646162e+01 -1.896288e-01
26.89 -1.367875e+02 -3.699646e+01 -1.920690e-01
26.9 -1.376544e+02 -3.694222e+01 -1.938117e-01
26.91 -1.387847e+02 -3.721688e+01 -1.954720e-01
26.92 -1.405083e+02 -3.793243e+01 -1.974425e-01
26.93 -1.424175e+02 -3.869802e+01 -1.994382e-01
26.94 -1.436678e+02 -3.914983e+01 -2.010737e-01
26.95 -1.446995e+02 -3.950210e+01 -2.024283e-01
26.96 -1.460321e+02 -3.994147e+01 -2.040405e-01
26.97 -1.469708e+02 -4.027000e+01 -2.052676e-01
26.98 -1.478251e+02 -4.054911e+01 -2.063680e-01
26.99 -1.483826e+02 -4.066516e+01 -2.072543e-01
27 -1.491760e+02 -4.098094e+01 -2.080739e-01
27.01 -1.496868e+02 -4.110771e+01 -2.088079e-01
27.02 -1.502687e+02 -4.144296e+01 -2.093975e-01
27.03 -1.498553e+02 -4.094683e+01 -2.095270e-01
27.04 -1.502462e+02 -4.115153e+01 -2.098662e-01
27.05 -1.502744e+02 -4.105546e+01 -2.101250e-01
27.06 -1.504097e+02 -4.111177e+01 -2.101986e-01
27.07 -1.500891e+02 -4.092792e+01 -2.099466e-01
27.08 -1.498241e+02 -4.090159e+01 -2.096083e-01
27.09 -1.494382e+02 -4.071429e+01 -2.091704e-01
27.1 -1.485827e+02 -4.022238e+01 -2.084167e-01
27.11 -1.483136e+02 -4.024637e+01 -2.078695e-01
27.12 -1.480744e+02 -4.030860e+01 -2.072273e-01
27.13 -1.461186e+02 -3.931463e+01 -2.056335e-01
27.14 -1.443507e+02 -3.843381e+01 -2.039019e-01
27.15 -1.435947e+02 -3.829185e+01 -2.025971e-01
27.16 -1.416908e+02 -3.726390e+01 -2.009504e-01
27.17 -1.406575e+02 -3.699388e+01 -1.994570e-01
27.18 -1.396900e+02 -3.685207e+01 -1.978430e-01
27.19 -1.373007e+02 -3.575200e+01 -1.955381e-01
27.2 -1.351280e+02 -3.481332e+01 -1.930329e-01
27.21 -1.331724e+02 -3.413086e+01 -1.906678e-01
27.22 -1.313861e+02 -3.349683e+01 -1.884255e-01
27.23 -1.288517e+02 -3.245801e+01 -1.856565e-01
27.24 -1.265389e+02 -3.142828e+01 -1.828441e-01
27.25 -1.245455e+02 -3.088201e+01 -1.801877e-01
27.26 -1.220645e+02 -2.996968e+01 -1.772107e-01
27.27 -1.194629e+02 -2.913153e+01 -1.740092e-01
27.28 -1.169015e+02 -2.831452e+01 -1.706729e-01
27.29 -1.142196e+02 -2.745274e+01 -1.671624e-01
27.3 -1.111764e+02 -2.642373e+01 -1.633733e-01
27.31 -1.081731e+02 -2.543784e+01 -1.594910e-01
27.32 -1.051889e+02 -2.431019e+01 -1.554567e-01
27.33 -1.014981e+02 -2.284120e+01 -1.512888e-01
27.34 -9.849787e+01 -2.212983e+01 -1.472305e-01
27.35 -9.494322e+01 -2.094374e+01 -1.427985e-01
27.36 -9.175418e+01 -1.986573e+01 -1.381876e-01
27.37 -8.800932e+01 -1.883513e+01 -1.335613e-01
27.38 -8.484549e+01 -1.799766e+01 -1.289631e-01
27.39 -8.147069e+01 -1.712009e+01 -1.241880e-01
27.4 -7.767922e+01 -1.583466e+01 -1.192355e-01
27.41 -7.419083e+01 -1.491959e+01 -1.142702e-01
27.42 -7.055841e+01 -1.395227e+01 -1.092596e-01
27.43 -6.712290e+01 -1.311125e+01 -1.041596e-01
27.44 -6.331781e+01 -1.209527e+01 -9.890227e-02
27.45 -5.988843e+01 -1.127441e+01 -9.359316e-02
27.46 -5.610886e+01 -1.045301e+01 -8.822835e-02
27.47 -5.224960e+01 -9.453547e+00 -8.268676e-02
27.48 -4.847306e+01 -8.813494e+00 -7.719370e-02
27.49 -4.473187e+01 -8.033457e+00 -7.162294e-02
27.5 -4.085213e+01 -7.376321e+00 -6.593209e-02
27.51 -3.731177e+01 -6.582427e+00 -6.013086e-02
27.52 -3.361747e+01 -6.084418e+00 -5.442271e-02
27.53 -3.027369e+01 -5.582956e+00 -4.861430e-02
27.54 -2.666621e+01 -5.115911e+00 -4.275066e-02
27.55 -2.313740e+01 -4.715386e+00 -3.683638e-02
27.56 -1.966452e+01 -4.274270e+00 -3.082084e-02
27.57 -1.512695e+01 -3.762577e+00 -2.480458e-02
27.58 -1.296232e+01 -3.597305e+00 -1.879056e-02
27.59 -9.933148e+00 -3.390272e+00 -1.273057e-02
27.6 -7.504576e+00 -3.234465e+00 -6.644784e-03
27.61 -1.890970e+00 -3.083489e+00 -5.035915e-04
27.62 1.301511e+00 -2.989164e+00 5.641341e-03
27.63 3.131602e+00 -3.310682e+00 1.163704e-02
27.64 6.681155e+00 -2.787876e+00 1.802190e-02
27.65 9.386987e+00 -3.501428e+00 2.383541e-02
27.66 1.349259e+01 -2.173230e+00 3.059044e-02
27.67 1.631839e+01 -3.199916e+00 3.637314e-02
27.68 2.026931e+01 -1.664769e+00 4.295355e-02
27.69 2.280132e+01 -2.824703e+00 4.856585e-02
27.7 2.662136e+01 -1.326252e+00 5.477705e-02
27.71 2.906733e+01 -2.436785e+00 6.009242e-02
27.72 3.320982e+01 -8.007057e-01 6.627980e-02
27.73 3.582493e+01 -1.670493e+00 7.149225e-02
27.74 3.966817e+01 -1.997611e-02 7.745228e-02
27.75 4.239063e+01 -6.412537e-01 8.241501e-02
27.76 4.623068e+01 1.130819e+00 8.808245e-02
27.77 4.904606e+01 6.623075e-01 9.288849e-02
27.78 5.287371e+01 2.424953e+00 9.847611e-02
27.79 5.595362e+01 2.250021e+00 1.032219e-01
27.8 5.972166e+01 3.923580e+00 1.084803e-01
27.81 6.283051e+01 4.191372e+00 1.131972e-01
27.82 6.625545e+01 5.412853e+00 1.181583e-01
27.83 6.907882e+01 5.497665e+00 1.225144e-01
27.84 7.261944e+01 7.055310e+00 1.272914e-01
27.85 7.539664e+01 7.283703e+00 1.314454e-01
27.86 7.885144e+01 8.756431e+00 1.360582e-01
27.87 8.156320e+01 8.994589e+00 1.399617e-01
27.88 8.477872e+01 1.045574e+01 1.442272e-01
27.89 8.738054e+01 1.072385e+01 1.477964e-01
27.9 9.052233e+01 1.224737e+01 1.518315e-01
27.91 9.298945e+01 1.249256e+01 1.552199e-01
27.92 9.597357e+01 1.393651e+01 1.590270e-01
27.93 9.822169e+01 1.413822e+01 1.621160e-01
27.94 1.010307e+02 1.562512e+01 1.656278e-01
27.95 1.027732e+02 1.548713e+01 1.681971e-01
27.96 1.054946e+02 1.709126e+01 1.713520e-01
27.97 1.072532e+02 1.705661e+01 1.738507e-01
27.98 1.095779e+02 1.833656e+01 1.765941e-01
27.99 1.113698e+02 1.870086e+01 1.790037e-01
28 1.134350e+02 1.955578e+01 1.813875e-01
28.01 1.152867e+02 2.023216e+01 1.836261e-01
28.02 1.167059e+02 2.067105e+01 1.855113e-01
28.03 1.180776e+02 2.113537e+01 1.872568e-01
28.04 1.196396e+02 2.169820e+01 1.891691e-01
28.05 1.206543e+02 2.199797e+01 1.905557e-01
28.06 1.215681e+02 2.228974e+01 1.918212e-01
28.07 1.225951e+02 2.271522e+01 1.930463e-01
28.08 1.235589e+02 2.304998e+01 1.941269e-01
28.09 1.241376e+02 2.322131e+01 1.949443e-01
28.1 1.247570e+02 2.345378e+01 1.956604e-01
28.11 1.252062e+02 2.364612e+01 1.962012e-01
28.12 1.255131e+02 2.373766e+01 1.966211e-01
28.13 1.255505e+02 2.368995e+01 1.967987e-01
28.14 1.256943e+02 2.375772e+01 1.969459e-01
28.15 1.259366e+02 2.385589e+01 1.972046e-01
28.16 1.256983e+02 2.371444e+01 1.970666e-01
28.17 1.255760e+02 2.369867e+01 1.968274e-01
28.18 1.252936e+02 2.358996e+01 1.965043e-01
28.19 1.248906e+02 2.346820e+01 1.959694e-01
28.2 1.243478e+02 2.325353e+01 1.953355e-01
28.21 1.236635e+02 2.296035e+01 1.945893e-01
28.22 1.230017e+02 2.271726e+01 1.937892e-01
28.23 1.222709e+02 2.248845e+01 1.928542e-01
28.24 1.213611e+02 2.213086e+01 1.917900e-01
28.25 1.204806e+02 2.177828e+01 1.907615e-01
28.26 1.198582e+02 2.163295e+01 1.897771e-01
28.27 1.186952e+02 2.122964e+01 1.884125e-01
28.28 1.175582e+02 2.083597e+01 1.869607e-01
28.29 1.161793e+02 2.030491e+01 1.853809e-01
28.3 1.149698e+02 1.987499e+01 1.838265e-01
28.31 1.137610e+02 1.950187e+01 1.822365e-01
28.32 1.122428e+02 1.894221e+01 1.804504e-01
28.33 1.106768e+02 1.840380e+01 1.784448e-01
28.34 1.095710e+02 1.814141e+01 1.767450e-01
28.35 1.082084e+02 1.771235e+01 1.748222e-01
28.36 1.060509e+02 1.685256e+01 1.726226e-01
28.37 1.044497e+02 1.634255e+01 1.704695e-01
28.38 1.029485e+02 1.582484e+01 1.685259e-01
28.39 1.013386e+02 1.529299e+01 1.664365e-01
28.4 9.952758e+01 1.471396e+01 1.641079e-01
28.41 9.732625e+01 1.384407e+01 1.616839e-01
28.42 9.638731e+01 1.365288e+01 1.599765e-01
28.43 9.493229e+01 1.325331e+01 1.580212e-01
28.44 9.279707e+01 1.248632e+01 1.555096e-01
28.45 9.109242e+01 1.200048e+01 1.530732e-01
28.46 8.915764e+01 1.140425e+01 1.505385e-01
28.47 8.715836e+01 1.075074e+01 1.479624e-01
28.48 8.547800e+01 1.027642e+01 1.455642e-01
28.49 8.360039e+01 9.712777e+00 1.430695e-01
28.5 8.161927e+01 9.126985e+00 1.404015e-01
28.51 7.951098e+01 8.475026e+00 1.376480e-01
28.52 7.771622e+01 7.970721e+00 1.351128e-01
28.53 7.586484e+01 7.444675e+00 1.325435e-01
28.54 7.388663e+01 6.878207e+00 1.298997e-01
28.55 7.198872e+01 6.337638e+00 1.272304e-01
28.56 7.023608e+01 5.996112e+00 1.245788e-01
28.57 6.804625e+01 5.301645e+00 1.215743e-01
28.58 6.617700e+01 4.945727e+00 1.188103e-01
28.59 6.428620e+01 4.370882e+00 1.160137e-01
28.6 6.205275e+01 3.763923e+00 1.131270e-01
28.61 6.003772e+01 3.286632e+00 1.102859e-01
28.62 5.828989e+01 2.909777e+00 1.075067e-01
28.63 5.630329e+01 2.401878e+00 1.045511e-01
28.64 5.417964e+01 1.772058e+00 1.015508e-01
28.65 5.251312e+01 1.516817e+00 9.884048e-02
28.66 5.051315e+01 9.719344e-01 9.602438e-02
28.67 4.840406e+01 4.935688e-01 9.327065e-02
28.68 4.682370e+01 1.764004e-01 9.067486e-02
28.69 4.501721e+01 -2.194942e-01 8.797001e-02
28.7 4.314174e+01 -6.047039e-01 8.521214e-02
28.71 4.152738e+01 -8.568021e-01 8.247082e-02
28.72 3.977357e+01 -1.232126e+00 7.970594e-02
28.73 3.794302e+01 -1.645365e+00 7.687488e-02
28.74 3.591964e+01 -1.992448e+00 7.404198e-02
28.75 3.416956e+01 -2.331740e+00 7.117655e-02
28.76 3.404046e+01 -5.369726e-01 6.957894e-02
28.77 3.029360e+01 -4.566965e+00 6.549734e-02
28.78 2.817313e+01 -3.866032e+00 6.235128e-02
28.79 2.806919e+01 -2.956396e+00 6.058619e-02
28.8 2.583657e+01 -3.769828e+00 5.766729e-02
28.81 2.380242e+01 -4.049679e+00 5.461439e-02
28.82 2.203450e+01 -4.660344e+00 5.163897e-02
28.83 2.042896e+01 -4.387946e+00 4.931794e-02
28.84 1.867176e+01 -5.775503e+00 4.638576e-02
28.85 1.776190e+01 -4.460704e+00 4.446540e-02
28.86 1.526736e+01 -6.322923e+00 4.121826e-02
28.87 1.378717e+01 -5.827011e+00 3.854971e-02
28.88 1.284454e+01 -5.835978e+00 3.637188e-02
28.89 1.148400e+01 -5.772821e+00 3.413080e-02
28.9 9.819036e+00 -6.114361e+00 3.137588e-02
28.91 9.131372e+00 -5.571417e+00 2.914210e-02
28.92 6.734235e+00 -6.515686e+00 2.576755e-02
28.93 5.141526e+00 -6.342958e+00 2.295169e-02
28.94 3.587092e+00 -6.699144e+00 2.018237e-02
28.95 2.066217e+00 -6.650763e+00 1.759782e-02
28.96 3.768570e-01 -6.973258e+00 1.478682e-02
28.97 -9.737246e-01 -6.892832e+00 1.212687e-02
28.98 -2.557476e+00 -7.158492e+00 9.358540e-03
28.99 -4.104048e+00 -7.205661e+00 6.641087e-03
29 -5.393517e+00 -7.369955e+00 3.972190e-03
29.01 -6.528472e+00 -7.411253e+00 1.297266e-03
29.02 -8.265153e+00 -7.356452e+00 -1.373223e-03
29.03 -9.391489e+00 -7.700565e+00 -4.327890e-03
29.04 -1.344495e+01 -7.702158e+00 -7.213842e-03
29.05 -1.295552e+01 -7.778492e+00 -9.967616e-03
29.06 -1.466664e+01 -7.856800e+00 -1.269869e-02
29.07 -1.611229e+01 -7.830345e+00 -1.538673e-02
29.08 -1.773573e+01 -8.228749e+00 -1.826407e-02
29.09 -1.957500e+01 -8.298542e+00 -2.119596e-02
29.1 -2.112263e+01 -8.477295e+00 -2.417571e-02
29.11 -2.285675e+01 -8.582533e+00 -2.712248e-02
29.12 -2.396423e+01 -8.831018e+00 -3.018403e-02
29.13 -2.574198e+01 -8.902152e+00 -3.324568e-02
29.14 -2.890370e+01 -9.214548e+00 -3.639254e-02
29.15 -2.983658e+01 -9.437390e+00 -3.957424e-02
29.16 -3.296692e+01 -9.607642e+00 -4.274377e-02
29.17 -3.394051e+01 -9.896155e+00 -4.599801e-02
29.18 -3.593833e+01 -1.028817e+01 -4.935181e-02
29.19 -3.808844e+01 -1.058613e+01 -5.263317e-02
29.2 -4.011999e+01 -1.103402e+01 -5.611281e-02
29.21 -4.164258e+01 -1.104408e+01 -5.897155e-02
29.22 -4.331007e+01 -1.112661e+01 -6.195763e-02
29.23 -4.610804e+01 -1.192843e+01 -6.561847e-02
29.24 -4.849117e+01 -1.233560e+01 -6.940168e-02
29.25 -5.056681e+01 -1.234930e+01 -7.294848e-02
29.26 -5.307329e+01 -1.361876e+01 -7.692353e-02
29.27 -5.576231e+01 -1.381503e+01 -8.065009e-02
29.28 -5.810401e+01 -1.418912e+01 -8.418507e-02
29.29 -6.018123e+01 -1.456367e+01 -8.766775e-02
29.3 -6.303160e+01 -1.535851e+01 -9.151632e-02
29.31 -6.482916e+01 -1.564351e+01 -9.513798e-02
29.32 -6.774780e+01 -1.647994e+01 -9.901343e-02
29.33 -7.015395e+01 -1.693047e+01 -1.026885e-01
29.34 -7.265972e+01 -1.759449e+01 -1.062398e-01
29.35 -7.528877e+01 -1.815558e+01 -1.097955e-01
29.36 -7.769877e+01 -1.883913e+01 -1.134893e-01
29.37 -8.031003e+01 -1.952510e+01 -1.172003e-01
29.38 -8.291848e+01 -2.017020e+01 -1.209064e-01
29.39 -8.504077e+01 -2.016144e+01 -1.241250e-01
29.4 -8.850590e+01 -2.216558e+01 -1.283170e-01
29.41 -8.977061e+01 -2.175033e+01 -1.309376e-01
29.42 -9.277507e+01 -2.293454e+01 -1.346495e-01
29.43 -9.586093e+01 -2.380402e+01 -1.385929e-01
29.44 -9.818680e+01 -2.434538e+01 -1.422482e-01
29.45 -1.007795e+02 -2.499838e+01 -1.457316e-01
29.46 -1.046149e+02 -2.684235e+01 -1.504657e-01
29.47 -1.063562e+02 -2.640906e+01 -1.535271e-01
29.48 -1.092579e+02 -2.805379e+01 -1.571927e-01
29.49 -1.111707e+02 -2.744592e+01 -1.599308e-01
29.5 -1.140304e+02 -2.960195e+01 -1.634774e-01
29.51 -1.163359e+02 -2.953825e+01 -1.664858e-01
29.52 -1.191167e+02 -3.124573e+01 -1.698807e-01
29.53 -1.212903e+02 -3.136019e+01 -1.727942e-01
29.54 -1.235822e+02 -3.240051e+01 -1.757281e-01
29.55 -1.254692e+02 -3.279632e+01 -1.783496e-01
29.56 -1.278085e+02 -3.357605e+01 -1.810939e-01
29.57 -1.299211e+02 -3.456104e+01 -1.837851e-01
29.58 -1.317438e+02 -3.473454e+01 -1.861649e-01
29.59 -1.337612e+02 -3.592628e+01 -1.887250e-01
29.6 -1.358077e+02 -3.623399e+01 -1.912082e-01
29.61 -1.382741e+02 -3.764885e+01 -1.939432e-01
29.62 -1.399101e+02 -3.801424e+01 -1.960494e-01
29.63 -1.405363e+02 -3.796441e+01 -1.975424e-01
29.64 -1.424234e+02 -3.869222e+01 -1.995063e-01
29.65 -1.439726e+02 -3.927960e+01 -2.014909e-01
29.66 -1.452608e+02 -3.965177e+01 -2.031102e-01
29.67 -1.469247e+02 -4.038717e+01 -2.049102e-01
29.68 -1.475879e+02 -4.048258e+01 -2.059981e-01
29.69 -1.485848e+02 -4.089322e+01 -2.071779e-01
29.7 -1.494388e+02 -4.117071e+01 -2.082865e-01
29.71 -1.501950e+02 -4.142634e+01 -2.092315e-01
29.72 -1.509112e+02 -4.169579e+01 -2.101559e-01
29.73 -1.511811e+02 -4.158910e+01 -2.106699e-01
29.74 -1.513714e+02 -4.174679e+01 -2.110842e-01
29.75 -1.514752e+02 -4.155703e+01 -2.113926e-01
29.76 -1.518165e+02 -4.179634e+01 -2.117030e-01
29.77 -1.518412e+02 -4.165315e+01 -2.118701e-01
29.78 -1.516011e+02 -4.152053e+01 -2.117377e-01
29.79 -1.513414e+02 -4.144226e+01 -2.114640e-01
29.8 -1.511380e+02 -4.132906e+01 -2.111949e-01
29.81 -1.505603e+02 -4.097725e+01 -2.107217e-01
29.82 -1.506100e+02 -4.117519e+01 -2.104456e-01
29.83 -1.498759e+02 -4.090485e+01 -2.096451e-01
29.84 -1.486404e+02 -4.031497e+01 -2.084366e-01
29.85 -1.472327e+02 -3.973694e+01 -2.068886e-01
29.86 -1.457793e+02 -3.912128e+01 -2.052750e-01
29.87 -1.444154e+02 -3.854859e+01 -2.036921e-01
29.88 -1.424306e+02 -3.762634e+01 -2.017726e-01
29.89 -1.410662e+02 -3.714726e+01 -1.999654e-01
29.9 -1.389144e+02 -3.612337e+01 -1.979001e-01
29.91 -1.372467e+02 -3.547330e+01 -1.958745e-01
29.92 -1.360709e+02 -3.521848e+01 -1.940620e-01
29.93 -1.339979e+02 -3.444999e+01 -1.916428e-01
29.94 -1.312696e+02 -3.325760e+01 -1.887954e-01
29.95 -1.290856e+02 -3.242396e+01 -1.861103e-01
29.96 -1.269520e+02 -3.164130e+01 -1.834603e-01
29.97 -1.245884e+02 -3.086066e+01 -1.805281e-01
29.98 -1.223057e+02 -3.018802e+01 -1.773952e-01
29.99 -1.196696e+02 -2.931559e+01 -1.740314e-01
30 -1.168775e+02 -2.829065e+01 -1.703802e-01
30.01 -1.138497e+02 -2.716320e+01 -1.665813e-01
30.02 -1.108674e+02 -2.617446e+01 -1.627545e-01
30.03 -1.073483e+02 -2.500245e+01 -1.587270e-01
30.04 -1.038589e+02 -2.370777e+01 -1.545525e-01
30.05 -1.005758e+02 -2.266294e+01 -1.502893e-01
30.06 -9.757705e+01 -2.166234e+01 -1.460066e-01
30.07 -9.394938e+01 -2.059627e+01 -1.415570e-01
30.08 -9.077464e+01 -1.974165e+01 -1.370418e-01
30.09 -8.728615e+01 -1.872816e+01 -1.322070e-01
30.1 -8.352558e+01 -1.749351e+01 -1.272201e-01
30.11 -7.990679e+01 -1.650945e+01 -1.222970e-01
30.12 -7.628284e+01 -1.537150e+01 -1.172955e-01
30.13 -7.235415e+01 -1.442434e+01 -1.122387e-01
30.14 -6.898825e+01 -1.354731e+01 -1.071087e-01
30.15 -6.532091e+01 -1.255747e+01 -1.018399e-01
30.16 -6.158980e+01 -1.167441e+01 -9.650868e-02
30.17 -5.810868e+01 -1.080984e+01 -9.105748e-02
30.18 -5.446038e+01 -9.985909e+00 -8.558460e-02
30.19 -5.023573e+01 -9.160160e+00 -8.000808e-02
30.2 -4.628283e+01 -8.343959e+00 -7.429107e-02
30.21 -4.262186e+01 -7.604123e+00 -6.854126e-02
30.22 -3.891615e+01 -7.022997e+00 -6.280983e-02
30.23 -3.567598e+01 -6.317700e+00 -5.696101e-02
30.24 -3.172652e+01 -5.790979e+00 -5.111850e-02
30.25 -2.807761e+01 -5.160824e+00 -4.517805e-02
30.26 -2.475076e+01 -4.529563e+00 -3.917249e-02
30.27 -2.089525e+01 -4.267251e+00 -3.317374e-02
30.28 -1.720774e+01 -3.927046e+00 -2.706621e-02
30.29 -1.354364e+01 -3.647744e+00 -2.093864e-02
30.3 -1.023367e+01 -3.451157e+00 -1.478464e-02
30.31 -6.838970e+00 -3.262443e+00 -8.636748e-03
30.32 -4.468145e+00 -3.582613e+00 -2.616589e-03
30.33 -8.841250e-01 -3.014894e+00 3.802798e-03
30.34 2.239751e+00 -3.460555e+00 9.873693e-03
30.35 6.140653e+00 -2.335524e+00 1.651292e-02
30.36 8.378951e+00 -3.793748e+00 2.214470e-02
30.37 1.274052e+01 -1.927002e+00 2.883630e-02
30.38 1.526962e+01 -3.205373e+00 3.455635e-02
30.39 1.939914e+01 -1.564252e+00 4.108467e-02
30.4 2.229903e+01 -2.477210e+00 4.690788e-02
30.41 2.575264e+01 -1.619119e+00 5.307075e-02
30.42 2.843328e+01 -2.304917e+00 5.844003e-02
30.43 3.231640e+01 -8.796752e-01 6.469919e-02
30.44 3.529908e+01 -1.361291e+00 7.026117e-02
30.45 3.894703e+01 -2.578426e-01 7.617047e-02
30.46 4.215609e+01 -2.123927e-01 8.164261e-02
30.47 4.544134e+01 5.270295e-01 8.708677e-02
30.48 4.878160e+01 9.866965e-01 9.232757e-02
30.49 5.231239e+01 1.955544e+00 9.768166e-02
30.5 5.585645e+01 2.698349e+00 1.028865e-01
30.51 5.923198e+01 3.507896e+00 1.079853e-01
30.52 6.244939e+01 4.156754e+00 1.128537e-01
30.53 6.582842e+01 5.071179e+00 1.177367e-01
30.54 6.911825e+01 5.852209e+00 1.224575e-01
30.55 7.228850e+01 6.639469e+00 1.270280e-01
30.56 7.551300e+01 7.619339e+00 1.314441e-01
30.57 7.865334e+01 8.456885e+00 1.357889e-01
30.58 8.177253e+01 9.399764e+00 1.400126e-01
30.59 8.458614e+01 1.015783e+01 1.439514e-01
30.6 8.737609e+01 1.096112e+01 1.478458e-01
30.61 9.051164e+01 1.212852e+01 1.517820e-01
30.62 9.305309e+01 1.261080e+01 1.553296e-01
30.63 9.590125e+01 1.379276e+01 1.589292e-01
30.64 9.817790e+01 1.421736e+01 1.621801e-01
30.65 1.007883e+02 1.528061e+01 1.654612e-01
30.66 1.030223e+02 1.580812e+01 1.684657e-01
30.67 1.052526e+02 1.673089e+01 1.712850e-01
30.68 1.074830e+02 1.740788e+01 1.740251e-01
30.69 1.096294e+02 1.824996e+01 1.766849e-01
30.7 1.116148e+02 1.891685e+01 1.791926e-01
30.71 1.135956e+02 1.958865e+01 1.815347e-01
30.72 1.153687e+02 2.026322e+01 1.837301e-01
30.73 1.168333e+02 2.072786e+01 1.856450e-01
30.74 1.182196e+02 2.119074e+01 1.874264e-01
30.75 1.195450e+02 2.165777e+01 1.890827e-01
30.76 1.206613e+02 2.203175e+01 1.905288e-01
30.77 1.216397e+02 2.236053e+01 1.917672e-01
30.78 1.225677e+02 2.272893e+01 1.929561e-01
30.79 1.233804e+02 2.296876e+01 1.939594e-01
30.8 1.241650e+02 2.328452e+01 1.949652e-01
30.81 1.247882e+02 2.345393e+01 1.957201e-01
30.82 1.254001e+02 2.373519e+01 1.963746e-01
30.83 1.256957e+02 2.381991e+01 1.967940e-01
30.84 1.257113e+02 2.377013e+01 1.969565e-01
30.85 1.257087e+02 2.375267e+01 1.969940e-01
30.86 1.260054e+02 2.390336e+01 1.972305e-01
30.87 1.257395e+02 2.376264e+01 1.970477e-01
30.88 1.255212e+02 2.367526e+01 1.967745e-01
30.89 1.251832e+02 2.355725e+01 1.963586e-01
30.9 1.246966e+02 2.335623e+01 1.958151e-01
30.91 1.242234e+02 2.320853e+01 1.951836e-01
30.92 1.234276e+02 2.287332e+01 1.943452e-01
30.93 1.227550e+02 2.258014e+01 1.935520e-01
30.94 1.220399e+02 2.232175e+01 1.927144e-01
30.95 1.214483e+02 2.218990e+01 1.917822e-01
30.96 1.203026e+02 2.174979e+01 1.905267e-01
30.97 1.194158e+02 2.138395e+01 1.893898e-01
30.98 1.184786e+02 2.111663e+01 1.881678e-01
30.99 1.174853e+02 2.076829e+01 1.867856e-01
31 1.168706e+02 2.090172e+01 1.854161e-01
31.01 1.136373e+02 1.927580e+01 1.828068e-01
31.02 1.131206e+02 1.914593e+01 1.815199e-01
31.03 1.120915e+02 1.886768e+01 1.802362e-01
31.04 1.108447e+02 1.838069e+01 1.785741e-01
31.05 1.093031e+02 1.783794e+01 1.766860e-01
31.06 1.078310e+02 1.743068e+01 1.748323e-01
31.07 1.061499e+02 1.678973e+01 1.728508e-01
31.08 1.049212e+02 1.648453e+01 1.710119e-01
31.09 1.032313e+02 1.577307e+01 1.689095e-01
31.1 1.014173e+02 1.525644e+01 1.666857e-01
31.11 9.985035e+01 1.478794e+01 1.645074e-01
31.12 9.772793e+01 1.407009e+01 1.619541e-01
31.13 9.611987e+01 1.360259e+01 1.596871e-01
31.14 9.459586e+01 1.320495e+01 1.575117e-01
31.15 9.252572e+01 1.251486e+01 1.549226e-01
31.16 9.061634e+01 1.195416e+01 1.522617e-01
31.17 8.845287e+01 1.127093e+01 1.494832e-01
31.18 8.616093e+01 1.042121e+01 1.467897e-01
31.19 8.464744e+01 1.001230e+01 1.444591e-01
31.2 8.316854e+01 9.758669e+00 1.420463e-01
31.21 8.059171e+01 8.876878e+00 1.390385e-01
31.22 7.835743e+01 8.161753e+00 1.360925e-01
31.23 7.659252e+01 7.636945e+00 1.335728e-01
31.24 7.485295e+01 7.251307e+00 1.309825e-01
31.25 7.269130e+01 6.605425e+00 1.281098e-01
31.26 7.092203e+01 6.298570e+00 1.252058e-01
31.27 6.833345e+01 5.429307e+00 1.219313e-01
31.28 6.637679e+01 5.008340e+00 1.189544e-01
31.29 6.423692e+01 4.282697e+00 1.161125e-01
31.3 6.264808e+01 3.988343e+00 1.136989e-01
31.31 6.105568e+01 3.749008e+00 1.110555e-01
31.32 5.910416e+01 3.490670e+00 1.081522e-01
31.33 5.621407e+01 2.063884e+00 1.045057e-01
31.34 5.475979e+01 2.925368e+00 1.018131e-01
31.35 5.153281e+01 6.532231e-01 9.867636e-02
31.36 5.087996e+01 1.030603e+00 9.674004e-02
31.37 4.938785e+01 6.645248e-01 9.458725e-02
31.38 4.729479e+01 2.232383e-01 9.193306e-02
31.39 4.555275e+01 -2.518364e-01 8.908752e-02
31.4 4.416205e+01 -4.914050e-01 8.640453e-02
31.41 4.209941e+01 -8.902454e-01 8.366262e-02
31.42 4.034396e+01 -1.244654e+00 8.097971e-02
31.43 3.867910e+01 -1.516426e+00 7.828173e-02
31.44 3.683362e+01 -1.915760e+00 7.553246e-02
31.45 3.613373e+01 -1.269547e+00 7.328930e-02
31.46 3.335083e+01 -2.751071e+00 6.980382e-02
31.47 3.068955e+01 -3.043938e+00 6.639815e-02
31.48 2.949373e+01 -3.054386e+00 6.361160e-02
31.49 2.713506e+01 -3.857145e+00 6.068075e-02
31.5 2.627385e+01 -3.869258e+00 5.848776e-02
31.51 2.488664e+01 -3.894957e+00 5.618251e-02
31.52 2.307565e+01 -4.430263e+00 5.349376e-02
31.53 2.153561e+01 -4.548802e+00 5.089177e-02
31.54 1.969006e+01 -4.974766e+00 4.806565e-02
31.55 1.868742e+01 -4.705600e+00 4.570416e-02
31.56 1.653982e+01 -5.320823e+00 4.270224e-02
31.57 1.489804e+01 -5.419359e+00 3.994693e-02
31.58 1.339444e+01 -5.636820e+00 3.729418e-02
31.59 1.218423e+01 -5.514668e+00 3.487510e-02
31.6 1.041705e+01 -6.013052e+00 3.211073e-02
31.61 8.788878e+00 -6.027569e+00 2.949197e-02
31.62 7.317961e+00 -6.323248e+00 2.686583e-02
31.63 5.809970e+00 -6.355010e+00 2.423790e-02
31.64 4.419953e+00 -6.513774e+00 2.167614e-02
31.65 3.006149e+00 -6.580777e+00 1.915969e-02
31.66 1.576033e+00 -6.787120e+00 1.648942e-02
31.67 2.258759e-02 -6.876731e+00 1.391869e-02
31.68 -1.626927e+00 -7.173876e+00 1.114016e-02
31.69 -3.076196e+00 -7.209674e+00 8.566707e-03
31.7 -4.212657e+00 -7.213567e+00 6.117983e-03
31.71 -5.663259e+00 -7.390911e+00 3.477567e-03
31.72 -6.656404e+00 -7.474751e+00 8.297931e-04
31.73 -8.025529e+00 -7.273522e+00 -1.702496e-03
31.74 -9.580472e+00 -7.220878e+00 -4.043181e-03
31.75 -1.087000e+01 -7.045963e+00 -6.393755e-03
31.76 -1.296437e+01 -8.125293e+00 -9.816757e-03
31.77 -1.439327e+01 -7.593582e+00 -1.220199e-02
31.78 -1.581130e+01 -8.240375e+00 -1.512163e-02
31.79 -1.722622e+01 -7.704212e+00 -1.759020e-02
31.8 -1.927268e+01 -8.547079e+00 -2.089799e-02
31.81 -2.120553e+01 -8.466064e+00 -2.400052e-02
31.82 -2.228719e+01 -8.343385e+00 -2.657032e-02
31.83 -2.346380e+01 -8.415198e+00 -2.879850e-02
31.84 -2.559915e+01 -8.859618e+00 -3.188348e-02
31.85 -2.782504e+01 -9.414697e+00 -3.523754e-02
31.86 -2.922224e+01 -9.296511e+00 -3.827696e-02
31.87 -3.129219e+01 -9.614972e+00 -4.149227e-02
31.88 -3.295280e+01 -9.643622e+00 -4.452701e-02
31.89 -3.546290e+01 -1.013880e+01 -4.789407e-02
31.9 -3.730401e+01 -1.042932e+01 -5.126272e-02
31.91 -3.918462e+01 -1.105499e+01 -5.477360e-02
31.92 -4.139414e+01 -1.108140e+01 -5.811154e-02
31.93 -4.382961e+01 -1.148792e+01 -6.154107e-02
31.94 -4.540705e+01 -1.175200e+01 -6.497074e-02
31.95 -4.785864e+01 -1.211751e+01 -6.849657e-02
31.96 -4.974622e+01 -1.244130e+01 -7.192899e-02
31.97 -5.284816e+01 -1.344950e+01 -7.616833e-02
31.98 -5.480974e+01 -1.349783e+01 -7.952733e-02
31.99 -5.651642e+01 -1.351879e+01 -8.258512e-02
32 -5.910330e+01 -1.499019e+01 -8.659676e-02
32.01 -6.142211e+01 -1.452250e+01 -8.996028e-02
32.02 -6.538389e+01 -1.648511e+01 -9.453294e-02
32.03 -6.525034e+01 -1.480955e+01 -9.657424e-02
32.04 -6.709052e+01 -1.465253e+01 -9.858810e-02
32.05 -7.174877e+01 -1.933165e+01 -1.047827e-01
32.06 -7.421805e+01 -1.797653e+01 -1.084069e-01
32.07 -7.570907e+01 -1.796577e+01 -1.112916e-01
32.08 -7.833444e+01 -1.879092e+01 -1.147263e-01
32.09 -8.265375e+01 -2.055596e+01 -1.194603e-01
32.1 -8.404401e+01 -2.042529e+01 -1.226699e-01
32.11 -8.660290e+01 -2.110494e+01 -1.262304e-01
32.12 -8.964570e+01 -2.214244e+01 -1.301035e-01
32.13 -9.255085e+01 -2.286175e+01 -1.340247e-01
32.14 -9.485829e+01 -2.352929e+01 -1.376216e-01
32.15 -9.719049e+01 -2.404549e+01 -1.411246e-01
32.16 -1.000219e+02 -2.486864e+01 -1.448248e-01
32.17 -1.029635e+02 -2.589743e+01 -1.485810e-01
32.18 -1.062164e+02 -2.690631e+01 -1.528397e-01
32.19 -1.089727e+02 -2.792457e+01 -1.564346e-01
32.2 -1.105361e+02 -2.775919e+01 -1.591934e-01
32.21 -1.132209e+02 -2.893476e+01 -1.624108e-01
32.22 -1.159705e+02 -2.985795e+01 -1.658050e-01
32.23 -1.181250e+02 -3.060710e+01 -1.687451e-01
32.24 -1.202329e+02 -3.106302e+01 -1.714489e-01
32.25 -1.228044e+02 -3.221073e+01 -1.745377e-01
32.26 -1.247403e+02 -3.258090e+01 -1.772053e-01
32.27 -1.269875e+02 -3.342924e+01 -1.799876e-01
32.28 -1.286776e+02 -3.380027e+01 -1.824065e-01
32.29 -1.311058e+02 -3.487666e+01 -1.851680e-01
32.3 -1.328247e+02 -3.527273e+01 -1.876875e-01
32.31 -1.351779e+02 -3.626604e+01 -1.904208e-01
32.32 -1.368453e+02 -3.666898e+01 -1.926952e-01
32.33 -1.383998e+02 -3.714406e+01 -1.948108e-01
32.34 -1.401442e+02 -3.779301e+01 -1.969581e-01
32.35 -1.425626e+02 -3.887293e+01 -1.993884e-01
32.36 -1.436803e+02 -3.916850e+01 -2.011544e-01
32.37 -1.446948e+02 -3.938060e+01 -2.025845e-01
32.38 -1.465074e+02 -4.020090e+01 -2.044959e-01
32.39 -1.474205e+02 -4.048995e+01 -2.057338e-01
32.4 -1.481427e+02 -4.069836e+01 -2.068240e-01
32.41 -1.491095e+02 -4.103730e+01 -2.079042e-01
32.42 -1.496986e+02 -4.111685e+01 -2.087528e-01
32.43 -1.500165e+02 -4.121737e+01 -2.094204e-01
32.44 -1.508775e+02 -4.160883e+01 -2.102455e-01
32.45 -1.517288e+02 -4.204560e+01 -2.109758e-01
32.46 -1.511942e+02 -4.155959e+01 -2.110019e-01
32.47 -1.508484e+02 -4.122135e+01 -2.108460e-01
32.48 -1.515379e+02 -4.180826e+01 -2.110782e-01
32.49 -1.508346e+02 -4.128323e+01 -2.107883e-01
32.5 -1.503001e+02 -4.102185e+01 -2.102845e-01
32.51 -1.500421e+02 -4.092116e+01 -2.099432e-01
32.52 -1.494040e+02 -4.053456e+01 -2.094825e-01
32.53 -1.493430e+02 -4.062723e+01 -2.090903e-01
32.54 -1.487723e+02 -4.046455e+01 -2.083696e-01
32.55 -1.473802e+02 -3.978281e+01 -2.070867e-01
32.56 -1.461522e+02 -3.927980e+01 -2.056764e-01
32.57 -1.450357e+02 -3.886802e+01 -2.042981e-01
32.58 -1.436777e+02 -3.833254e+01 -2.027135e-01
32.59 -1.418989e+02 -3.759413e+01 -2.008019e-01
32.6 -1.401202e+02 -3.682405e+01 -1.988164e-01
32.61 -1.382341e+02 -3.604234e+01 -1.967184e-01
32.62 -1.362398e+02 -3.520946e+01 -1.945037e-01
32.63 -1.348835e+02 -3.481165e+01 -1.925671e-01
32.64 -1.326739e+02 -3.395115e+01 -1.900825e-01
32.65 -1.304288e+02 -3.311526e+01 -1.873587e-01
32.66 -1.280944e+02 -3.216532e+01 -1.845092e-01
32.67 -1.252829e+02 -3.097950e+01 -1.815497e-01
32.68 -1.230657e+02 -3.025590e+01 -1.786916e-01
32.69 -1.212301e+02 -2.983245e+01 -1.759849e-01
32.7 -1.183968e+02 -2.874391e+01 -1.727331e-01
32.71 -1.160214e+02 -2.801728e+01 -1.693015e-01
32.72 -1.124766e+02 -2.655541e+01 -1.654530e-01
32.73 -1.099237e+02 -2.588655e+01 -1.618905e-01
32.74 -1.066942e+02 -2.470583e+01 -1.580891e-01
32.75 -1.034701e+02 -2.339722e+01 -1.540431e-01
32.76 -1.003131e+02 -2.255874e+01 -1.499613e-01
32.77 -9.703499e+01 -2.153484e+01 -1.457071e-01
32.78 -9.364900e+01 -2.042994e+01 -1.412960e-01
32.79 -9.031002e+01 -1.944615e+01 -1.368036e-01
32.8 -8.729088e+01 -1.866589e+01 -1.322710e-01
32.81 -8.377679e+01 -1.761430e+01 -1.275632e-01
32.82 -8.017786e+01 -1.658992e+01 -1.227050e-01
32.83 -7.657712e+01 -1.554111e+01 -1.176908e-01
32.84 -7.298656e+01 -1.460677e+01 -1.125441e-01
32.85 -6.928404e+01 -1.372615e+01 -1.073051e-01
32.86 -6.535226e+01 -1.258611e+01 -1.018926e-01
32.87 -6.174633e+01 -1.178773e+01 -9.654242e-02
32.88 -5.802606e+01 -1.086018e+01 -9.109398e-02
32.89 -5.410731e+01 -1.004084e+01 -8.566255e-02
32.9 -5.026788e+01 -9.161135e+00 -8.008657e-02
32.91 -4.681901e+01 -8.642331e+00 -7.453200e-02
32.92 -4.319429e+01 -7.633716e+00 -6.858106e-02
32.93 -3.904845e+01 -7.004937e+00 -6.269756e-02
32.94 -3.526317e+01 -6.399029e+00 -5.684921e-02
32.95 -3.145809e+01 -5.800499e+00 -5.098283e-02
32.96 -2.839854e+01 -5.146742e+00 -4.503832e-02
32.97 -2.488436e+01 -4.780267e+00 -3.913181e-02
32.98 -2.099643e+01 -4.414450e+00 -3.321232e-02
32.99 -1.809092e+01 -4.073334e+00 -2.714800e-02
33 -1.446715e+01 -3.771003e+00 -2.102248e-02
33.01 -1.125665e+01 -3.919414e+00 -1.510129e-02
33.02 -7.848289e+00 -3.432865e+00 -8.875708e-03
33.03 -5.280226e+00 -4.268399e+00 -3.025268e-03
33.04 -5.139002e-01 -2.479845e+00 3.745343e-03
33.05 1.889449e+00 -3.660074e+00 9.373135e-03
33.06 5.619394e+00 -2.232282e+00 1.571038e-02
33.07 8.289275e+00 -3.461416e+00 2.139840e-02
33.08 1.228978e+01 -1.949814e+00 2.799813e-02
33.09 1.473687e+01 -3.258688e+00 3.366150e-02
33.1 1.891480e+01 -1.724563e+00 4.001690e-02
33.11 2.153940e+01 -2.608645e+00 4.564105e-02
33.12 2.507284e+01 -1.613625e+00 5.171388e-02
33.13 2.781544e+01 -2.283384e+00 5.725368e-02
33.14 3.135932e+01 -1.109316e+00 6.306445e-02
33.15 3.426064e+01 -1.375522e+00 6.841384e-02
33.16 3.774130e+01 -4.377369e-01 7.419818e-02
33.17 4.069833e+01 -6.326704e-01 7.944630e-02
33.18 4.444353e+01 6.965623e-01 8.513233e-02
33.19 4.750749e+01 6.992108e-01 9.026434e-02
33.2 5.110538e+01 1.923795e+00 9.567028e-02
33.21 5.450670e+01 2.251534e+00 1.007501e-01
33.22 5.804873e+01 3.549509e+00 1.060052e-01
33.23 6.099724e+01 3.647989e+00 1.107138e-01
33.24 6.445008e+01 4.964333e+00 1.156337e-01
33.25 6.738996e+01 5.173221e+00 1.200819e-01
33.26 7.084034e+01 6.557432e+00 1.248569e-01
33.27 7.371007e+01 6.831453e+00 1.290752e-01
33.28 7.712677e+01 8.309890e+00 1.335895e-01
33.29 7.996639e+01 8.628842e+00 1.376136e-01
33.3 8.308274e+01 9.986624e+00 1.418243e-01
33.31 8.575227e+01 1.027198e+01 1.455710e-01
33.32 8.885399e+01 1.171804e+01 1.496204e-01
33.33 9.146379e+01 1.225252e+01 1.531253e-01
33.34 9.427300e+01 1.327322e+01 1.567584e-01
33.35 9.666951e+01 1.384936e+01 1.600416e-01
33.36 9.956036e+01 1.498541e+01 1.636312e-01
33.37 1.016529e+02 1.545233e+01 1.666098e-01
33.38 1.037897e+02 1.622827e+01 1.693676e-01
33.39 1.059731e+02 1.687465e+01 1.720591e-01
33.4 1.080611e+02 1.764113e+01 1.746485e-01
33.41 1.101978e+02 1.847251e+01 1.771502e-01
33.42 1.120603e+02 1.912827e+01 1.794707e-01
33.43 1.134926e+02 1.964635e+01 1.815336e-01
33.44 1.151055e+02 2.014310e+01 1.834197e-01
33.45 1.164363e+02 2.063862e+01 1.851799e-01
33.46 1.176430e+02 2.096870e+01 1.867516e-01
33.47 1.186180e+02 2.124214e+01 1.881146e-01
33.48 1.194530e+02 2.151655e+01 1.892879e-01
33.49 1.205098e+02 2.192706e+01 1.904336e-01
33.5 1.215884e+02 2.241979e+01 1.915352e-01
33.51 1.220258e+02 2.250833e+01 1.922765e-01
33.52 1.225145e+02 2.266680e+01 1.929057e-01
33.53 1.229007e+02 2.282011e+01 1.933879e-01
33.54 1.232950e+02 2.293411e+01 1.939205e-01
33.55 1.236664e+02 2.306473e+01 1.942965e-01
33.56 1.235992e+02 2.300327e+01 1.943664e-01
33.57 1.235117e+02 2.295258e+01 1.943101e-01
33.58 1.236439e+02 2.303210e+01 1.943956e-01
33.59 1.232089e+02 2.275236e+01 1.941321e-01
33.6 1.229224e+02 2.264322e+01 1.937671e-01
33.61 1.226967e+02 2.259799e+01 1.933924e-01
33.62 1.223419e+02 2.255397e+01 1.928297e-01
33.63 1.216836e+02 2.229981e+01 1.920684e-01
33.64 1.209936e+02 2.198958e+01 1.912486e-01
33.65 1.202507e+02 2.174386e+01 1.903816e-01
33.66 1.193877e+02 2.143582e+01 1.893013e-01
33.67 1.184748e+02 2.111806e+01 1.881993e-01
33.68 1.176097e+02 2.077895e+01 1.870680e-01
33.69 1.164352e+02 2.037514e+01 1.857227e-01
33.7 1.153326e+02 2.000190e+01 1.842855e-01
33.71 1.141909e+02 1.962447e+01 1.828048e-01
33.72 1.130222e+02 1.927781e+01 1.812495e-01
33.73 1.115017e+02 1.870570e+01 1.794664e-01
33.74 1.100206e+02 1.819239e+01 1.776044e-01
33.75 1.086682e+02 1.773915e+01 1.758334e-01
33.76 1.072510e+02 1.725544e+01 1.740534e-01
33.77 1.057686e+02 1.674034e+01 1.721764e-01
33.78 1.042332e+02 1.623426e+01 1.702164e-01
33.79 1.027325e+02 1.574056e+01 1.682662e-01
33.8 1.013220e+02 1.526664e+01 1.662206e-01
33.81 9.936649e+01 1.470068e+01 1.638545e-01
33.82 9.744915e+01 1.407762e+01 1.614181e-01
33.83 9.579582e+01 1.355657e+01 1.591231e-01
33.84 9.423032e+01 1.312485e+01 1.568724e-01
33.85 9.190507e+01 1.238909e+01 1.541342e-01
33.86 9.002265e+01 1.176832e+01 1.515020e-01
33.87 8.810584e+01 1.115785e+01 1.489864e-01
33.88 8.597277e+01 1.046650e+01 1.463933e-01
33.89 8.465187e+01 1.002817e+01 1.443751e-01
33.9 8.300552e+01 9.568407e+00 1.421499e-01
33.91 8.113771e+01 8.965252e+00 1.395532e-01
33.92 7.884817e+01 8.190570e+00 1.367516e-01
33.93 7.704445e+01 7.716916e+00 1.343152e-01
33.94 7.541903e+01 7.293478e+00 1.319874e-01
33.95 7.421318e+01 7.278503e+00 1.296663e-01
33.96 7.167335e+01 6.280661e+00 1.265571e-01
33.97 6.895822e+01 5.386695e+00 1.234033e-01
33.98 6.766713e+01 5.187571e+00 1.210553e-01
33.99 6.640418e+01 5.096850e+00 1.187605e-01
34 6.386362e+01 4.203956e+00 1.155859e-01
34.01 6.200516e+01 3.927644e+00 1.125620e-01
34.02 5.971433e+01 3.257738e+00 1.095468e-01
34.03 5.788540e+01 2.770906e+00 1.067894e-01
34.04 5.613246e+01 2.466322e+00 1.040149e-01
34.05 5.375231e+01 1.774724e+00 1.009455e-01
34.06 5.202393e+01 1.457505e+00 9.795530e-02
34.07 5.009363e+01 1.157761e+00 9.512612e-02
34.08 4.783983e+01 5.270159e-01 9.204748e-02
34.09 4.559385e+01 -1.474563e-01 8.906229e-02
34.1 4.406079e+01 -4.756221e-01 8.660773e-02
34.11 4.315274e+01 -3.978062e-01 8.443425e-02
34.12 4.081120e+01 -1.009784e+00 8.157692e-02
34.13 3.886036e+01 -1.503312e+00 7.864144e-02
34.14 3.723660e+01 -1.712042e+00 7.599593e-02
34.15 3.654314e+01 -1.210038e+00 7.379229e-02
34.16 3.372382e+01 -2.653054e+00 7.039599e-02
34.17 3.152503e+01 -2.869320e+00 6.723810e-02
34.18 2.967015e+01 -3.364689e+00 6.446358e-02
34.19 2.947889e+01 -2.818966e+00 6.249767e-02
34.2 2.717597e+01 -3.354155e+00 5.972993e-02
34.21 2.495836e+01 -4.130085e+00 5.661892e-02
34.22 2.354768e+01 -4.178854e+00 5.407654e-02
34.23 2.241494e+01 -4.313922e+00 5.202581e-02
34.24 2.057369e+01 -4.764585e+00 4.976854e-02
34.25 1.965856e+01 -4.850973e+00 4.770478e-02
34.26 1.827007e+01 -5.006842e+00 4.549811e-02
34.27 1.671289e+01 -5.132420e+00 4.298565e-02
34.28 1.528199e+01 -5.414881e+00 4.026697e-02
34.29 1.373672e+01 -5.416881e+00 3.774036e-02
34.3 1.188815e+01 -5.906039e+00 3.502528e-02
34.31 1.032310e+01 -6.075704e+00 3.242517e-02
34.32 9.348278e+00 -6.146495e+00 3.004493e-02
34.33 8.055017e+00 -6.063621e+00 2.791392e-02
34.34 6.456808e+00 -6.396955e+00 2.532459e-02
34.35 4.962534e+00 -6.384406e+00 2.268243e-02
34.36 3.320832e+00 -6.876967e+00 1.981201e-02
34.37 1.840058e+00 -6.699559e+00 1.727057e-02
34.38 4.162737e-01 -6.969387e+00 1.459529e-02
34.39 -1.066730e+00 -6.901157e+00 1.214969e-02
34.4 -2.324621e+00 -7.206924e+00 9.583698e-03
34.41 -4.582324e+00 -7.078584e+00 7.267287e-03
34.42 -5.164932e+00 -7.261457e+00 4.584084e-03
34.43 -6.827146e+00 -7.509365e+00 1.817490e-03
34.44 -7.410046e+00 -7.450099e+00 -7.402777e-04
34.45 -9.427392e+00 -7.428724e+00 -3.308468e-03
34.46 -1.108199e+01 -7.725134e+00 -6.166660e-03
34.47 -1.189685e+01 -7.755514e+00 -8.849976e-03
34.48 -1.353632e+01 -7.821981e+00 -1.156228e-02
34.49 -1.505198e+01 -7.946585e+00 -1.435219e-02
34.5 -1.706667e+01 -8.118873e+00 -1.726031e-02
34.51 -1.863337e+01 -8.238573e+00 -2.011501e-02
34.52 -2.022415e+01 -8.226530e+00 -2.268029e-02
34.53 -2.190576e+01 -8.550512e+00 -2.555028e-02
34.54 -2.366610e+01 -8.601590e+00 -2.844004e-02
34.55 -2.522137e+01 -8.739163e+00 -3.129996e-02
34.56 -2.710597e+01 -9.225542e+00 -3.447840e-02
34.57 -2.864054e+01 -9.247533e+00 -3.762833e-02
34.58 -3.040002e+01 -9.462025e+00 -4.075344e-02
34.59 -3.243149e+01 -9.650462e+00 -4.382810e-02
34.6 -3.437917e+01 -9.992369e+00 -4.700279e-02
34.61 -3.642101e+01 -1.030938e+01 -5.020502e-02
34.62 -3.852872e+01 -1.067171e+01 -5.358888e-02
34.63 -4.046200e+01 -1.093973e+01 -5.690065e-02
34.64 -4.247141e+01 -1.122491e+01 -6.011739e-02
34.65 -4.433360e+01 -1.151698e+01 -6.320682e-02
34.66 -4.628662e+01 -1.190704e+01 -6.638980e-02
34.67 -4.822190e+01 -1.216503e+01 -6.947321e-02
34.68 -5.125206e+01 -1.309358e+01 -7.369851e-02
34.69 -5.253417e+01 -1.234164e+01 -7.646054e-02
34.7 -5.564165e+01 -1.454200e+01 -8.084608e-02
34.71 -5.814979e+01 -1.429962e+01 -8.451614e-02
34.72 -6.020246e+01 -1.466378e+01 -8.798854e-02
34.73 -6.287082e+01 -1.515417e+01 -9.152995e-02
34.74 -6.535011e+01 -1.566692e+01 -9.524143e-02
34.75 -6.758683e+01 -1.615104e+01 -9.887760e-02
34.76 -7.038125e+01 -1.697383e+01 -1.026919e-01
34.77 -7.267858e+01 -1.753690e+01 -1.063660e-01
34.78 -7.471576e+01 -1.781698e+01 -1.095500e-01
34.79 -7.754843e+01 -1.883429e+01 -1.132889e-01
34.8 -7.981890e+01 -1.930115e+01 -1.168064e-01
34.81 -8.258191e+01 -2.021781e+01 -1.204320e-01
34.82 -8.523610e+01 -2.080637e+01 -1.240399e-01
34.83 -8.817688e+01 -2.183778e+01 -1.280587e-01
34.84 -9.036499e+01 -2.205230e+01 -1.314543e-01
34.85 -9.300877e+01 -2.296735e+01 -1.350494e-01
34.86 -9.550588e+01 -2.355764e+01 -1.386489e-01
34.87 -9.826151e+01 -2.433322e+01 -1.423330e-01
34.88 -1.008735e+02 -2.524512e+01 -1.459123e-01
34.89 -1.033615e+02 -2.585611e+01 -1.493900e-01
34.9 -1.062906e+02 -2.645424e+01 -1.531351e-01
34.91 -1.089821e+02 -2.816266e+01 -1.568674e-01
34.92 -1.113088e+02 -2.815178e+01 -1.600631e-01
34.93 -1.134369e+02 -2.869938e+01 -1.629847e-01
34.94 -1.163339e+02 -3.000303e+01 -1.662791e-01
34.95 -1.185147e+02 -3.066731e+01 -1.692562e-01
34.96 -1.209411e+02 -3.156436e+01 -1.722053e-01
34.97 -1.226087e+02 -3.160299e+01 -1.746521e-01
34.98 -1.250560e+02 -3.308035e+01 -1.775942e-01
34.99 -1.269782e+02 -3.312775e+01 -1.801762e-01
35 -1.290957e+02 -3.434806e+01 -1.828300e-01
35.01 -1.308300e+02 -3.454578e+01 -1.851418e-01
35.02 -1.329224e+02 -3.544212e+01 -1.875500e-01
35.03 -1.347854e+02 -3.606541e+01 -1.899748e-01
35.04 -1.373107e+02 -3.731324e+01 -1.924891e-01
35.05 -1.376430e+02 -3.693905e+01 -1.938772e-01
35.06 -1.385424e+02 -3.687764e+01 -1.952018e-01
35.07 -1.404103e+02 -3.797100e+01 -1.971834e-01
35.08 -1.419295e+02 -3.844094e+01 -1.990399e-01
35.09 -1.432072e+02 -3.894487e+01 -2.005669e-01
35.1 -1.440850e+02 -3.922543e+01 -2.018452e-01
35.11 -1.450979e+02 -3.955307e+01 -2.030341e-01
35.12 -1.460616e+02 -3.995729e+01 -2.041138e-01
35.13 -1.466552e+02 -4.008480e+01 -2.050193e-01
35.14 -1.468497e+02 -3.993682e+01 -2.056186e-01
35.15 -1.474924e+02 -4.028391e+01 -2.063848e-01
35.16 -1.480621e+02 -4.040170e+01 -2.071349e-01
35.17 -1.480296e+02 -4.015978e+01 -2.074383e-01
35.18 -1.482760e+02 -4.027286e+01 -2.077721e-01
35.19 -1.477673e+02 -3.964343e+01 -2.077283e-01
35.2 -1.484852e+02 -4.051800e+01 -2.081515e-01
35.21 -1.486449e+02 -4.037412e+01 -2.083124e-01
35.22 -1.481947e+02 -4.009738e+01 -2.079890e-01
35.23 -1.477048e+02 -3.989102e+01 -2.074616e-01
35.24 -1.475454e+02 -3.989319e+01 -2.070948e-01
35.25 -1.473224e+02 -3.985462e+01 -2.066102e-01
35.26 -1.463287e+02 -3.940425e+01 -2.056810e-01
35.27 -1.451502e+02 -3.887481e+01 -2.045030e-01
35.28 -1.441857e+02 -3.855656e+01 -2.032446e-01
35.29 -1.428669e+02 -3.810081e+01 -2.016452e-01
35.3 -1.410949e+02 -3.727828e+01 -1.998397e-01
35.31 -1.395955e+02 -3.667412e+01 -1.980740e-01
35.32 -1.378970e+02 -3.595223e+01 -1.961931e-01
35.33 -1.358314e+02 -3.513321e+01 -1.939344e-01
35.34 -1.338156e+02 -3.429998e+01 -1.915800e-01
35.35 -1.328502e+02 -3.425964e+01 -1.896775e-01
35.36 -1.297410e+02 -3.274772e+01 -1.867076e-01
35.37 -1.278180e+02 -3.222564e+01 -1.839936e-01
35.38 -1.253028e+02 -3.124272e+01 -1.810703e-01
35.39 -1.224253e+02 -3.008967e+01 -1.778859e-01
35.4 -1.200910e+02 -2.925327e+01 -1.747455e-01
35.41 -1.176403e+02 -2.853341e+01 -1.716230e-01
35.42 -1.149451e+02 -2.761560e+01 -1.682503e-01
35.43 -1.120550e+02 -2.666595e+01 -1.646090e-01
35.44 -1.092631e+02 -2.574632e+01 -1.609756e-01
35.45 -1.062957e+02 -2.474276e+01 -1.572201e-01
35.46 -1.028916e+02 -2.330700e+01 -1.531007e-01
35.47 -9.958702e+01 -2.234075e+01 -1.490039e-01
35.48 -9.653171e+01 -2.141747e+01 -1.448658e-01
35.49 -9.326581e+01 -2.042390e+01 -1.405663e-01
35.5 -8.988659e+01 -1.939085e+01 -1.360938e-01
35.51 -8.692895e+01 -1.868975e+01 -1.316482e-01
35.52 -8.348486e+01 -1.763635e+01 -1.270488e-01
35.53 -7.972810e+01 -1.633224e+01 -1.221688e-01
35.54 -7.619755e+01 -1.540478e+01 -1.173166e-01
35.55 -7.248509e+01 -1.441006e+01 -1.124406e-01
35.56 -6.931093e+01 -1.361261e+01 -1.074710e-01
35.57 -6.571411e+01 -1.269920e+01 -1.023353e-01
35.58 -6.205803e+01 -1.170358e+01 -9.705816e-02
35.59 -5.843828e+01 -1.089202e+01 -9.178261e-02
35.6 -5.487251e+01 -1.006078e+01 -8.644654e-02
35.61 -5.099434e+01 -9.309891e+00 -8.102617e-02
35.62 -4.902396e+01 -1.032229e+01 -7.595761e-02
35.63 -4.327269e+01 -7.226312e+00 -6.988309e-02
35.64 -3.986205e+01 -7.006123e+00 -6.431917e-02
35.65 -3.653901e+01 -6.681317e+00 -5.888379e-02
35.66 -3.381797e+01 -6.361408e+00 -5.314261e-02
35.67 -2.891807e+01 -5.524098e+00 -4.696516e-02
35.68 -2.544134e+01 -4.798778e+00 -4.087525e-02
35.69 -2.147848e+01 -4.371578e+00 -3.506332e-02
35.7 -1.841884e+01 -4.188532e+00 -2.921337e-02
35.71 -1.646209e+01 -3.869488e+00 -2.313625e-02
35.72 -1.241053e+01 -3.712303e+00 -1.703717e-02
35.73 -8.367591e+00 -3.455227e+00 -1.089647e-02
35.74 -5.957320e+00 -3.827768e+00 -5.094557e-03
35.75 -2.313115e+00 -3.107158e+00 1.320628e-03
35.76 5.576388e-01 -3.817939e+00 7.143667e-03
35.77 4.446202e+00 -2.475032e+00 1.362868e-02
35.78 6.883470e+00 -3.688078e+00 1.921238e-02
35.79 1.112479e+01 -1.912837e+00 2.574386e-02
35.8 1.350864e+01 -3.364811e+00 3.123863e-02
35.81 1.742029e+01 -1.744547e+00 3.766108e-02
35.82 1.973897e+01 -3.115422e+00 4.314175e-02
35.83 2.400430e+01 -1.406540e+00 4.944120e-02
35.84 2.655241e+01 -2.285138e+00 5.482739e-02
35.85 2.994021e+01 -1.328449e+00 6.067190e-02
35.86 3.267331e+01 -1.941225e+00 6.597194e-02
35.87 3.596796e+01 -6.501457e-01 7.143182e-02
35.88 3.916531e+01 -7.776759e-01 7.668758e-02
35.89 4.263424e+01 3.713921e-01 8.221350e-02
35.9 4.547747e+01 2.475086e-01 8.712990e-02
35.91 4.895771e+01 1.419062e+00 9.238103e-02
35.92 5.180591e+01 1.461390e+00 9.712722e-02
35.93 5.542035e+01 2.867435e+00 1.022787e-01
35.94 5.843260e+01 2.991154e+00 1.068971e-01
35.95 6.206242e+01 4.520315e+00 1.119373e-01
35.96 6.475610e+01 4.467553e+00 1.162678e-01
35.97 6.820214e+01 5.949868e+00 1.210124e-01
35.98 7.137475e+01 6.233063e+00 1.256067e-01
35.99 7.471188e+01 7.712044e+00 1.301090e-01
36 7.721475e+01 7.809180e+00 1.339019e-01
36.01 8.046134e+01 9.260215e+00 1.381215e-01
36.02 8.297280e+01 9.493635e+00 1.417673e-01
36.03 8.602346e+01 1.087068e+01 1.457285e-01
36.04 8.831877e+01 1.111072e+01 1.490132e-01
36.05 9.111330e+01 1.236885e+01 1.525536e-01
36.06 9.339748e+01 1.273255e+01 1.556947e-01
36.07 9.600319e+01 1.388288e+01 1.590355e-01
36.08 9.805986e+01 1.415182e+01 1.619234e-01
36.09 1.004981e+02 1.531599e+01 1.649270e-01
36.1 1.023070e+02 1.558078e+01 1.674775e-01
36.11 1.044291e+02 1.648606e+01 1.700269e-01
36.12 1.062663e+02 1.704932e+01 1.723936e-01
36.13 1.082670e+02 1.788077e+01 1.746738e-01
36.14 1.097775e+02 1.837346e+01 1.767325e-01
36.15 1.111783e+02 1.885505e+01 1.785918e-01
36.16 1.123978e+02 1.911569e+01 1.802245e-01
36.17 1.136531e+02 1.954379e+01 1.817930e-01
36.18 1.147520e+02 1.991251e+01 1.832191e-01
36.19 1.156443e+02 2.021074e+01 1.844795e-01
36.2 1.166192e+02 2.054912e+01 1.855805e-01
36.21 1.173010e+02 2.077217e+01 1.865743e-01
36.22 1.179708e+02 2.095564e+01 1.874333e-01
36.23 1.186215e+02 2.121569e+01 1.881851e-01
36.24 1.192450e+02 2.150193e+01 1.888639e-01
36.25 1.194244e+02 2.155560e+01 1.892346e-01
36.26 1.198394e+02 2.166830e+01 1.896204e-01
36.27 1.200006e+02 2.176649e+01 1.898359e-01
36.28 1.198905e+02 2.164375e+01 1.898568e-01
36.29 1.198690e+02 2.164435e+01 1.898020e-01
36.3 1.198935e+02 2.168706e+01 1.897419e-01
36.31 1.195430e+02 2.154161e+01 1.893865e-01
36.32 1.190825e+02 2.136988e+01 1.888532e-01
36.33 1.186947e+02 2.124021e+01 1.883364e-01
36.34 1.182000e+02 2.105259e+01 1.877336e-01
36.35 1.174837e+02 2.078956e+01 1.869307e-01
36.36 1.171034e+02 2.068545e+01 1.862836e-01
36.37 1.163564e+02 2.040615e+01 1.854462e-01
36.38 1.157355e+02 2.031681e+01 1.843898e-01
36.39 1.138036e+02 1.933277e+01 1.827118e-01
36.4 1.133530e+02 1.928493e+01 1.817508e-01
36.41 1.125512e+02 1.907606e+01 1.806840e-01
36.42 1.111895e+02 1.853392e+01 1.791755e-01
36.43 1.102174e+02 1.833248e+01 1.777174e-01
36.44 1.088512e+02 1.777585e+01 1.761386e-01
36.45 1.075915e+02 1.732131e+01 1.745666e-01
36.46 1.064742e+02 1.698865e+01 1.730173e-01
36.47 1.051105e+02 1.654279e+01 1.713141e-01
36.48 1.036889e+02 1.605094e+01 1.695217e-01
36.49 1.023451e+02 1.562234e+01 1.677423e-01
36.5 1.009856e+02 1.518574e+01 1.659405e-01
36.51 9.952056e+01 1.471731e+01 1.640710e-01
36.52 9.805989e+01 1.416169e+01 1.620820e-01
36.53 9.632833e+01 1.367385e+01 1.599284e-01
36.54 9.462872e+01 1.312543e+01 1.577159e-01
36.55 9.318959e+01 1.272247e+01 1.555896e-01
36.56 9.133819e+01 1.214108e+01 1.533736e-01
36.57 8.977790e+01 1.168389e+01 1.511765e-01
36.58 8.812847e+01 1.126561e+01 1.488070e-01
36.59 8.611677e+01 1.059175e+01 1.462633e-01
36.6 8.446436e+01 1.024984e+01 1.437660e-01
36.61 8.237772e+01 9.547372e+00 1.410862e-01
36.62 8.032943e+01 8.902961e+00 1.383698e-01
36.63 7.869046e+01 8.548420e+00 1.358016e-01
36.64 7.615611e+01 7.707576e+00 1.327207e-01
36.65 7.403137e+01 7.040860e+00 1.298882e-01
36.66 7.248292e+01 6.679476e+00 1.274618e-01
36.67 7.052596e+01 6.142747e+00 1.248357e-01
36.68 6.825418e+01 5.378284e+00 1.220385e-01
36.69 6.677964e+01 5.039410e+00 1.196498e-01
36.7 6.530145e+01 4.729948e+00 1.173354e-01
36.71 6.334282e+01 4.065555e+00 1.147442e-01
36.72 6.152717e+01 3.759652e+00 1.119653e-01
36.73 5.945159e+01 3.233217e+00 1.091197e-01
36.74 5.760228e+01 2.776081e+00 1.064446e-01
36.75 5.579428e+01 2.320912e+00 1.038633e-01
36.76 5.405593e+01 1.942801e+00 1.011539e-01
36.77 5.200125e+01 1.284092e+00 9.831891e-02
36.78 5.032251e+01 9.934318e-01 9.583003e-02
36.79 4.869756e+01 6.181157e-01 9.333040e-02
36.8 4.663906e+01 4.506737e-02 9.065849e-02
36.81 4.531977e+01 -8.511337e-02 8.834571e-02
36.82 4.359584e+01 -4.994534e-01 8.584784e-02
36.83 4.185636e+01 -8.162032e-01 8.325184e-02
36.84 4.016533e+01 -1.242854e+00 8.059218e-02
36.85 3.897215e+01 -1.281076e+00 7.823920e-02
36.86 3.708046e+01 -1.665929e+00 7.560174e-02
36.87 3.537850e+01 -2.006785e+00 7.285458e-02
36.88 3.330717e+01 -2.690752e+00 6.982761e-02
36.89 3.168382e+01 -2.726607e+00 6.713223e-02
36.9 3.012736e+01 -3.077903e+00 6.457914e-02
36.91 2.875899e+01 -3.116399e+00 6.213291e-02
36.92 2.701647e+01 -3.640948e+00 5.955656e-02
36.93 2.526557e+01 -3.988286e+00 5.677177e-02
36.94 2.373147e+01 -4.077727e+00 5.421785e-02
36.95 2.208883e+01 -4.419080e+00 5.170557e-02
36.96 2.031383e+01 -4.608742e+00 4.923906e-02
36.97 1.887688e+01 -4.843238e+00 4.678184e-02
36.98 1.760677e+01 -5.050697e+00 4.434748e-02
36.99 1.606190e+01 -5.279893e+00 4.184998e-02
37 1.469201e+01 -5.376595e+00 3.932386e-02
37.01 1.313002e+01 -5.606010e+00 3.671999e-02
37.02 1.123264e+01 -5.756672e+00 3.421780e-02
37.03 1.008064e+01 -6.214057e+00 3.156159e-02
37.04 8.709511e+00 -5.997200e+00 2.991839e-02
37.05 8.211936e+00 -6.051728e+00 2.800058e-02
37.06 7.224046e+00 -5.888877e+00 2.573132e-02
37.07 5.456965e+00 -6.530157e+00 2.268622e-02
37.08 3.490921e+00 -6.526437e+00 2.011877e-02
37.09 1.891128e+00 -6.916808e+00 1.744763e-02
37.1 8.407861e-01 -6.770177e+00 1.514910e-02
37.11 -3.399896e-01 -6.737549e+00 1.281619e-02
37.12 -1.791480e+00 -6.767627e+00 1.032984e-02
37.13 -3.614295e+00 -7.489238e+00 7.335310e-03
37.14 -4.812297e+00 -6.962226e+00 4.955929e-03
37.15 -6.447025e+00 -7.568125e+00 2.182267e-03
37.16 -8.160454e+00 -7.697437e+00 -6.266455e-04
37.17 -9.047381e+00 -7.286674e+00 -2.760751e-03
37.18 -1.053597e+01 -7.619456e+00 -5.303651e-03
37.19 -1.248772e+01 -7.955232e+00 -8.175126e-03
37.2 -1.334647e+01 -7.807761e+00 -1.050297e-02
37.21 -1.497826e+01 -7.847858e+00 -1.303244e-02
37.22 -1.649636e+01 -8.149466e+00 -1.590897e-02
37.23 -1.793705e+01 -7.991404e+00 -1.859198e-02
37.24 -1.957131e+01 -8.392075e+00 -2.148988e-02
37.25 -2.125862e+01 -8.393325e+00 -2.410176e-02
37.26 -2.267905e+01 -8.655104e+00 -2.694185e-02
37.27 -2.428627e+01 -8.632605e+00 -2.971543e-02
37.28 -2.608236e+01 -9.202279e+00 -3.295050e-02
37.29 -2.806549e+01 -9.202876e+00 -3.596751e-02
37.3 -2.982535e+01 -9.503694e+00 -3.919214e-02
37.31 -3.151629e+01 -9.448819e+00 -4.213088e-02
37.32 -3.342375e+01 -9.966105e+00 -4.533378e-02
37.33 -3.524599e+01 -9.994280e+00 -4.831878e-02
37.34 -3.739226e+01 -1.059383e+01 -5.168164e-02
37.35 -3.941387e+01 -1.079047e+01 -5.506339e-02
37.36 -4.147552e+01 -1.105468e+01 -5.834127e-02
37.37 -4.321111e+01 -1.129121e+01 -6.144469e-02
37.38 -4.515890e+01 -1.156305e+01 -6.459794e-02
37.39 -4.748910e+01 -1.233593e+01 -6.814810e-02
37.4 -4.994917e+01 -1.266701e+01 -7.165766e-02
37.41 -5.229176e+01 -1.305827e+01 -7.524410e-02
37.42 -5.410247e+01 -1.335735e+01 -7.858854e-02
37.43 -5.583050e+01 -1.314977e+01 -8.148750e-02
37.44 -5.896001e+01 -1.518010e+01 -8.571828e-02
37.45 -6.142906e+01 -1.506128e+01 -8.940203e-02
37.46 -6.351281e+01 -1.549943e+01 -9.288731e-02
37.47 -6.586400e+01 -1.582351e+01 -9.649328e-02
37.48 -6.831680e+01 -1.648930e+01 -1.001039e-01
37.49 -7.044694e+01 -1.662711e+01 -1.033479e-01
37.5 -7.325942e+01 -1.795881e+01 -1.072509e-01
37.51 -7.559099e+01 -1.811055e+01 -1.106811e-01
37.52 -7.806335e+01 -1.888810e+01 -1.142027e-01
37.53 -8.045637e+01 -1.935971e+01 -1.175792e-01
37.54 -8.311156e+01 -2.033330e+01 -1.212446e-01
37.55 -8.535510e+01 -2.063644e+01 -1.246603e-01
37.56 -8.772048e+01 -2.135770e+01 -1.280602e-01
37.57 -9.041734e+01 -2.199961e+01 -1.316165e-01
37.58 -9.313147e+01 -2.299795e+01 -1.352549e-01
37.59 -9.549118e+01 -2.352691e+01 -1.386971e-01
37.6 -9.794807e+01 -2.423899e+01 -1.420497e-01
37.61 -1.003900e+02 -2.490333e+01 -1.453643e-01
37.62 -1.030069e+02 -2.586290e+01 -1.487918e-01
37.63 -1.050093e+02 -2.616584e+01 -1.518211e-01
37.64 -1.072392e+02 -2.681618e+01 -1.548325e-01
37.65 -1.098770e+02 -2.774138e+01 -1.579801e-01
37.66 -1.124669e+02 -2.863656e+01 -1.611329e-01
37.67 -1.145220e+02 -2.929619e+01 -1.639493e-01
37.68 -1.158044e+02 -2.922102e+01 -1.662234e-01
37.69 -1.182208e+02 -3.072575e+01 -1.692017e-01
37.7 -1.206455e+02 -3.120562e+01 -1.722283e-01
37.71 -1.226125e+02 -3.173945e+01 -1.748013e-01
37.72 -1.249963e+02 -3.271729e+01 -1.774713e-01
37.73 -1.268791e+02 -3.336982e+01 -1.798884e-01
37.74 -1.279951e+02 -3.347610e+01 -1.818594e-01
37.75 -1.301686e+02 -3.446542e+01 -1.842902e-01
37.76 -1.311391e+02 -3.438482e+01 -1.860790e-01
37.77 -1.332695e+02 -3.545248e+01 -1.883228e-01
37.78 -1.348100e+02 -3.587577e+01 -1.903148e-01
37.79 -1.359295e+02 -3.616285e+01 -1.919478e-01
37.8 -1.371716e+02 -3.657348e+01 -1.935537e-01
37.81 -1.385721e+02 -3.712236e+01 -1.951499e-01
37.82 -1.397487e+02 -3.764116e+01 -1.966249e-01
37.83 -1.412825e+02 -3.816823e+01 -1.983831e-01
37.84 -1.419974e+02 -3.833906e+01 -1.994356e-01
37.85 -1.426937e+02 -3.853498e+01 -2.003641e-01
37.86 -1.431043e+02 -3.864805e+01 -2.009705e-01
37.87 -1.438680e+02 -3.899436e+01 -2.017070e-01
37.88 -1.439817e+02 -3.894012e+01 -2.022193e-01
37.89 -1.442886e+02 -3.894199e+01 -2.026723e-01
37.9 -1.443283e+02 -3.882418e+01 -2.029548e-01
37.91 -1.443316e+02 -3.874941e+01 -2.030997e-01
37.92 -1.439418e+02 -3.848512e+01 -2.029804e-01
37.93 -1.440251e+02 -3.842302e+01 -2.029770e-01
37.94 -1.441082e+02 -3.879142e+01 -2.029242e-01
37.95 -1.438654e+02 -3.850193e+01 -2.026094e-01
37.96 -1.438713e+02 -3.871265e+01 -2.023724e-01
37.97 -1.430692e+02 -3.830292e+01 -2.016017e-01
37.98 -1.421362e+02 -3.787619e+01 -2.006400e-01
37.99 -1.412878e+02 -3.757990e+01 -1.995642e-01
38 -1.408027e+02 -3.758519e+01 -1.984557e-01
38.01 -1.380936e+02 -3.617915e+01 -1.963329e-01
38.02 -1.365126e+02 -3.550860e+01 -1.944506e-01
38.03 -1.355123e+02 -3.525441e+01 -1.929199e-01
38.04 -1.332236e+02 -3.403089e+01 -1.909199e-01
38.05 -1.317464e+02 -3.353309e+01 -1.890391e-01
38.06 -1.307396e+02 -3.341710e+01 -1.872794e-01
38.07 -1.287409e+02 -3.259475e+01 -1.851320e-01
38.08 -1.262232e+02 -3.154988e+01 -1.823917e-01
38.09 -1.241160e+02 -3.073698e+01 -1.798391e-01
38.1 -1.218269e+02 -2.974877e+01 -1.772801e-01
38.11 -1.199952e+02 -2.923566e+01 -1.747615e-01
38.12 -1.178355e+02 -2.853358e+01 -1.720000e-01
38.13 -1.153263e+02 -2.765617e+01 -1.689265e-01
38.14 -1.129515e+02 -2.689938e+01 -1.657740e-01
38.15 -1.105541e+02 -2.621534e+01 -1.624822e-01
38.16 -1.077926e+02 -2.518034e+01 -1.588605e-01
38.17 -1.047715e+02 -2.410415e+01 -1.551076e-01
38.18 -1.016935e+02 -2.299848e+01 -1.513637e-01
38.19 -9.843633e+01 -2.201831e+01 -1.474087e-01
38.2 -9.538658e+01 -2.108677e+01 -1.433215e-01
38.21 -9.218042e+01 -2.009180e+01 -1.391356e-01
38.22 -8.891085e+01 -1.906774e+01 -1.348339e-01
38.23 -8.587532e+01 -1.831443e+01 -1.304984e-01
38.24 -8.275486e+01 -1.751625e+01 -1.260361e-01
38.25 -7.922347e+01 -1.646919e+01 -1.211943e-01
38.26 -7.566353e+01 -1.545757e+01 -1.162584e-01
38.27 -7.206995e+01 -1.439444e+01 -1.112705e-01
38.28 -6.849589e+01 -1.353392e+01 -1.062513e-01
38.29 -6.504709e+01 -1.267551e+01 -1.011608e-01
38.3 -6.140536e+01 -1.168215e+01 -9.592204e-02
38.31 -5.812358e+01 -1.112167e+01 -9.086962e-02
38.32 -5.446210e+01 -1.018123e+01 -8.554616e-02
38.33 -5.048547e+01 -9.358054e+00 -8.021435e-02
38.34 -4.706411e+01 -8.644802e+00 -7.482859e-02
38.35 -4.349644e+01 -8.003817e+00 -6.937211e-02
38.36 -3.973870e+01 -7.206745e+00 -6.367647e-02
38.37 -3.608330e+01 -6.624257e+00 -5.807887e-02
38.38 -3.359434e+01 -6.236041e+00 -5.257242e-02
38.39 -2.935631e+01 -5.594015e+00 -4.681375e-02
38.4 -2.553434e+01 -5.097013e+00 -4.102104e-02
38.41 -2.241966e+01 -4.748964e+00 -3.527479e-02
38.42 -1.853854e+01 -4.194353e+00 -2.940781e-02
38.43 -1.507249e+01 -3.937995e+00 -2.350395e-02
38.44 -1.180949e+01 -3.731914e+00 -1.758222e-02
38.45 -8.827439e+00 -3.550247e+00 -1.163679e-02
38.46 -6.630316e+00 -3.416652e+00 -5.665074e-03
38.47 -3.079121e+00 -3.542580e+00 1.726572e-04
38.48 1.316186e-01 -3.381358e+00 6.216305e-03
38.49 3.327645e+00 -3.380412e+00 1.215699e-02
38.5 6.621598e+00 -2.962104e+00 1.823127e-02
38.51 9.617485e+00 -3.252015e+00 2.397374e-02
38.52 1.306836e+01 -2.518703e+00 3.010721e-02
38.53 1.578060e+01 -3.183777e+00 3.563921e-02
38.54 1.934688e+01 -2.122283e+00 4.173410e-02
38.55 2.205276e+01 -2.763418e+00 4.716679e-02
38.56 2.552035e+01 -1.761853e+00 5.306155e-02
38.57 2.853211e+01 -2.041950e+00 5.848214e-02
38.58 3.178755e+01 -1.322551e+00 6.404859e-02
38.59 3.470279e+01 -1.370137e+00 6.925493e-02
38.6 3.768791e+01 -5.603038e-01 7.434880e-02
38.61 4.038952e+01 -7.596704e-01 7.909515e-02
38.62 4.391293e+01 5.746136e-01 8.441941e-02
38.63 4.676519e+01 4.831733e-01 8.912194e-02
38.64 5.009259e+01 1.713127e+00 9.420864e-02
38.65 5.293313e+01 1.721565e+00 9.871595e-02
38.66 5.631729e+01 3.045134e+00 1.036546e-01
38.67 5.912214e+01 3.111829e+00 1.080352e-01
38.68 6.282083e+01 4.634132e+00 1.131119e-01
38.69 6.538284e+01 4.612155e+00 1.171845e-01
38.7 6.863890e+01 6.083975e+00 1.216623e-01
38.71 7.133875e+01 6.144821e+00 1.256591e-01
38.72 7.452517e+01 7.662491e+00 1.299748e-01
38.73 7.688121e+01 7.635220e+00 1.335025e-01
38.74 7.999380e+01 9.133032e+00 1.375867e-01
38.75 8.236133e+01 9.214263e+00 1.410387e-01
38.76 8.525630e+01 1.064076e+01 1.447829e-01
38.77 8.744233e+01 1.075915e+01 1.479051e-01
38.78 9.015291e+01 1.207693e+01 1.513439e-01
38.79 9.228225e+01 1.231200e+01 1.542746e-01
38.8 9.479089e+01 1.349954e+01 1.575037e-01
38.81 9.676456e+01 1.374760e+01 1.602127e-01
38.82 9.901512e+01 1.479446e+01 1.630153e-01
38.83 1.006152e+02 1.505322e+01 1.652843e-01
38.84 1.025909e+02 1.590164e+01 1.677242e-01
38.85 1.042570e+02 1.630619e+01 1.699147e-01
38.86 1.060660e+02 1.706402e+01 1.721116e-01
38.87 1.075889e+02 1.749566e+01 1.740158e-01
38.88 1.089836e+02 1.800545e+01 1.758108e-01
38.89 1.104445e+02 1.854047e+01 1.775247e-01
38.9 1.113184e+02 1.879689e+01 1.789150e-01
38.91 1.123379e+02 1.908009e+01 1.801867e-01
38.92 1.134126e+02 1.950528e+01 1.814029e-01
38.93 1.141815e+02 1.971953e+01 1.824976e-01
38.94 1.147967e+02 1.988714e+01 1.833721e-01
38.95 1.155077e+02 2.017026e+01 1.841930e-01
38.96 1.159455e+02 2.035011e+01 1.848449e-01
38.97 1.165304e+02 2.055132e+01 1.854539e-01
38.98 1.168141e+02 2.065421e+01 1.858320e-01
38.99 1.168625e+02 2.060766e+01 1.860192e-01
39 1.173295e+02 2.084611e+01 1.863887e-01
39.01 1.170803e+02 2.068823e+01 1.863062e-01
39.02 1.169551e+02 2.062260e+01 1.861590e-01
39.03 1.169023e+02 2.063491e+01 1.860329e-01
39.04 1.166363e+02 2.052566e+01 1.857261e-01
39.05 1.161953e+02 2.036654e+01 1.851903e-01
39.06 1.158269e+02 2.029099e+01 1.846274e-01
39.07 1.153347e+02 2.014435e+01 1.839497e-01
39.08 1.144356e+02 1.975309e+01 1.830517e-01
39.09 1.136015e+02 1.938621e+01 1.821358e-01
39.1 1.131521e+02 1.925938e+01 1.814245e-01
39.11 1.125026e+02 1.908808e+01 1.804994e-01
39.12 1.114987e+02 1.880427e+01 1.792093e-01
39.13 1.103041e+02 1.841569e+01 1.776837e-01
39.14 1.086006e+02 1.762542e+01 1.760381e-01
39.15 1.087140e+02 1.802057e+01 1.751647e-01
39.16 1.072368e+02 1.714948e+01 1.734907e-01
39.17 1.053694e+02 1.674667e+01 1.712764e-01
39.18 1.033166e+02 1.588178e+01 1.692975e-01
39.19 1.031114e+02 1.596382e+01 1.683421e-01
39.2 1.019476e+02 1.558213e+01 1.670135e-01
39.21 1.002965e+02 1.496901e+01 1.651163e-01
39.22 9.895513e+01 1.455881e+01 1.632787e-01
39.23 9.762179e+01 1.411665e+01 1.615205e-01
39.24 9.639341e+01 1.380179e+01 1.597333e-01
39.25 9.455682e+01 1.316185e+01 1.575698e-01
39.26 9.297476e+01 1.268945e+01 1.553584e-01
39.27 9.135859e+01 1.222397e+01 1.531538e-01
39.28 8.959561e+01 1.161856e+01 1.509837e-01
39.29 8.800618e+01 1.111105e+01 1.488365e-01
39.3 8.652081e+01 1.076813e+01 1.466325e-01
39.31 8.460869e+01 1.014709e+01 1.442194e-01
39.32 8.310227e+01 9.711156e+00 1.420747e-01
39.33 8.149300e+01 9.264046e+00 1.398730e-01
39.34 7.964191e+01 8.714480e+00 1.374292e-01
39.35 7.768707e+01 8.106003e+00 1.348322e-01
39.36 7.588665e+01 7.570202e+00 1.323777e-01
39.37 7.417910e+01 7.106640e+00 1.299771e-01
39.38 7.266901e+01 6.814425e+00 1.275434e-01
39.39 7.020003e+01 5.937143e+00 1.247030e-01
39.4 6.855577e+01 5.540254e+00 1.221308e-01
39.41 6.676808e+01 5.098982e+00 1.195996e-01
39.42 6.516611e+01 4.704992e+00 1.171085e-01
39.43 6.325297e+01 4.116941e+00 1.145329e-01
39.44 6.166240e+01 3.764591e+00 1.120057e-01
39.45 6.103382e+01 5.008579e+00 1.102786e-01
39.46 5.726314e+01 1.658503e+00 1.064434e-01
39.47 5.527936e+01 2.031621e+00 1.034289e-01
39.48 5.429801e+01 1.886439e+00 1.014132e-01
39.49 5.287382e+01 1.618436e+00 9.929334e-02
39.5 5.073969e+01 1.013016e+00 9.672110e-02
39.51 4.920457e+01 6.085344e-01 9.412885e-02
39.52 4.751124e+01 3.780588e-01 9.171816e-02
39.53 4.576053e+01 -1.189362e-01 8.920718e-02
39.54 4.389628e+01 -5.884617e-01 8.662909e-02
39.55 4.255584e+01 -7.632054e-01 8.436998e-02
39.56 4.137848e+01 -1.044816e+00 8.205812e-02
39.57 3.948420e+01 -1.397346e+00 7.958516e-02
39.58 3.793095e+01 -1.609447e+00 7.709971e-02
39.59 3.641808e+01 -1.975527e+00 7.450733e-02
39.6 3.525657e+01 -1.780349e+00 7.210668e-02
39.61 3.291453e+01 -2.602388e+00 6.902777e-02
39.62 3.097278e+01 -2.917036e+00 6.604025e-02
39.63 2.910063e+01 -3.130280e+00 6.337449e-02
39.64 2.805551e+01 -3.180588e+00 6.098556e-02
39.65 2.591158e+01 -4.098004e+00 5.830371e-02
39.66 2.489327e+01 -3.845440e+00 5.598890e-02
39.67 2.307282e+01 -4.259117e+00 5.340081e-02
39.68 2.112973e+01 -4.519967e+00 5.083455e-02
39.69 2.006443e+01 -4.712461e+00 4.838653e-02
39.7 1.854154e+01 -4.934418e+00 4.592139e-02
39.71 1.700514e+01 -5.179797e+00 4.343988e-02
39.72 1.561182e+01 -5.410470e+00 4.076539e-02
39.73 1.412502e+01 -5.510733e+00 3.837435e-02
39.74 1.283118e+01 -5.721557e+00 3.584311e-02
39.75 1.097500e+01 -5.938833e+00 3.342684e-02
39.76 9.431471e+00 -6.353829e+00 3.092126e-02
39.77 8.001788e+00 -6.398523e+00 2.891048e-02
39.78 7.537785e+00 -6.036205e+00 2.731791e-02
39.79 6.805650e+00 -5.986877e+00 2.521573e-02
39.8 4.672829e+00 -6.702983e+00 2.214125e-02
39.81 3.279474e+00 -6.564189e+00 1.965699e-02
39.82 1.572805e+00 -7.003277e+00 1.703983e-02
39.83 8.899992e-01 -6.522014e+00 1.499737e-02
39.84 -9.654056e-01 -7.054776e+00 1.219843e-02
39.85 -2.118428e+00 -6.762508e+00 9.865495e-03
39.86 -3.725517e+00 -7.439917e+00 6.958969e-03
39.87 -5.159817e+00 -7.074292e+00 4.436764e-03
39.88 -6.604550e+00 -7.460648e+00 1.699117e-03
39.89 -9.094570e+00 -7.746161e+00 -1.202096e-03
39.9 -9.392745e+00 -7.330497e+00 -3.292379e-03
39.91 -1.067863e+01 -7.575310e+00 -5.782216e-03
39.92 -1.205547e+01 -7.403071e+00 -8.222704e-03
39.93 -1.374025e+01 -7.995321e+00 -1.124907e-02
39.94 -1.528238e+01 -7.771169e+00 -1.391394e-02
39.95 -1.697161e+01 -8.170062e+00 -1.682895e-02
39.96 -1.841468e+01 -8.023869e+00 -1.950197e-02
39.97 -2.012677e+01 -8.436915e+00 -2.249038e-02
39.98 -2.168727e+01 -8.370140e+00 -2.518869e-02
39.99 -2.335830e+01 -8.722877e+00 -2.818776e-02
40 -2.490441e+01 -8.628270e+00 -3.092559e-02
